ReefName,ReefLabel,SurveyTime,ScarsCount,CrownOfThornsStarfishCount,FeedingScarCountRangeCode
John Brewer Reef (18-075),18-075,2020-06-07T00:00:00Z,NA,0,a
John Brewer Reef (18-075),18-075,2020-06-07T00:00:00Z,NA,0,a
John Brewer Reef (18-075),18-075,2020-06-07T00:00:00Z,NA,0,a
John Brewer Reef (18-075),18-075,2020-06-07T00:00:00Z,NA,0,a
John Brewer Reef (18-075),18-075,2020-06-07T00:00:00Z,NA,0,a
John Brewer Reef (18-075),18-075,2020-06-07T00:00:00Z,NA,0,a
John Brewer Reef (18-075),18-075,2020-06-07T00:00:00Z,NA,0,a
John Brewer Reef (18-075),18-075,2020-06-07T00:00:00Z,NA,0,a
John Brewer Reef (18-075),18-075,2020-06-07T00:00:00Z,NA,0,a
John Brewer Reef (18-075),18-075,2020-06-07T00:00:00Z,NA,0,a
John Brewer Reef (18-075),18-075,2020-06-07T00:00:00Z,NA,0,a
John Brewer Reef (18-075),18-075,2020-06-07T00:00:00Z,NA,0,a
John Brewer Reef (18-075),18-075,2020-06-07T00:00:00Z,NA,0,a
John Brewer Reef (18-075),18-075,2020-06-07T00:00:00Z,NA,0,a
John Brewer Reef (18-075),18-075,2020-06-07T00:00:00Z,NA,0,a
John Brewer Reef (18-075),18-075,2020-06-07T00:00:00Z,NA,0,a
John Brewer Reef (18-075),18-075,2020-06-07T00:00:00Z,NA,0,a
John Brewer Reef (18-075),18-075,2020-06-07T00:00:00Z,NA,0,a
John Brewer Reef (18-075),18-075,2020-06-07T00:00:00Z,NA,0,a
John Brewer Reef (18-075),18-075,2020-06-07T00:00:00Z,NA,0,a
John Brewer Reef (18-075),18-075,2020-06-07T00:00:00Z,NA,0,a
John Brewer Reef (18-075),18-075,2020-06-07T00:00:00Z,NA,0,a
John Brewer Reef (18-075),18-075,2020-06-07T00:00:00Z,NA,0,a
John Brewer Reef (18-075),18-075,2020-06-07T00:00:00Z,NA,0,a
John Brewer Reef (18-075),18-075,2020-06-07T00:00:00Z,NA,0,a
John Brewer Reef (18-075),18-075,2020-06-07T00:00:00Z,NA,0,a
John Brewer Reef (18-075),18-075,2020-06-07T00:00:00Z,NA,0,a
John Brewer Reef (18-075),18-075,2020-06-07T00:00:00Z,NA,0,a
John Brewer Reef (18-075),18-075,2020-06-07T00:00:00Z,NA,0,a
John Brewer Reef (18-075),18-075,2020-06-07T00:00:00Z,NA,0,a
John Brewer Reef (18-075),18-075,2020-06-07T00:00:00Z,NA,0,a
John Brewer Reef (18-075),18-075,2020-06-07T00:00:00Z,NA,0,a
John Brewer Reef (18-075),18-075,2020-06-07T00:00:00Z,NA,0,a
John Brewer Reef (18-075),18-075,2020-06-07T00:00:00Z,NA,0,a
John Brewer Reef (18-075),18-075,2020-06-07T00:00:00Z,NA,0,a
John Brewer Reef (18-075),18-075,2020-06-07T00:00:00Z,NA,0,a
John Brewer Reef (18-075),18-075,2020-06-07T00:00:00Z,NA,0,a
John Brewer Reef (18-075),18-075,2020-06-07T00:00:00Z,NA,0,a
John Brewer Reef (18-075),18-075,2020-06-07T00:00:00Z,NA,0,a
John Brewer Reef (18-075),18-075,2020-06-07T00:00:00Z,NA,0,a
John Brewer Reef (18-075),18-075,2020-06-07T00:00:00Z,NA,0,a
John Brewer Reef (18-075),18-075,2020-06-07T00:00:00Z,NA,0,a
John Brewer Reef (18-075),18-075,2020-06-07T00:00:00Z,NA,0,a
John Brewer Reef (18-075),18-075,2020-06-07T00:00:00Z,NA,0,a
John Brewer Reef (18-075),18-075,2020-06-07T00:00:00Z,NA,0,a
John Brewer Reef (18-075),18-075,2020-06-07T00:00:00Z,NA,0,a
John Brewer Reef (18-075),18-075,2020-06-07T00:00:00Z,NA,0,a
John Brewer Reef (18-075),18-075,2020-06-07T00:00:00Z,NA,0,a
John Brewer Reef (18-075),18-075,2020-06-07T00:00:00Z,NA,0,a
John Brewer Reef (18-075),18-075,2020-06-07T00:00:00Z,NA,0,a
John Brewer Reef (18-075),18-075,2020-06-07T00:00:00Z,NA,0,a
John Brewer Reef (18-075),18-075,2020-06-07T00:00:00Z,NA,0,a
John Brewer Reef (18-075),18-075,2020-06-07T00:00:00Z,NA,0,a
John Brewer Reef (18-075),18-075,2020-06-07T00:00:00Z,NA,0,a
John Brewer Reef (18-075),18-075,2020-06-07T00:00:00Z,NA,0,a
John Brewer Reef (18-075),18-075,2020-06-07T00:00:00Z,NA,0,a
John Brewer Reef (18-075),18-075,2020-06-07T00:00:00Z,NA,0,a
John Brewer Reef (18-075),18-075,2020-06-07T00:00:00Z,NA,0,a
John Brewer Reef (18-075),18-075,2020-06-07T00:00:00Z,NA,0,a
John Brewer Reef (18-075),18-075,2020-06-07T00:00:00Z,NA,0,p
John Brewer Reef (18-075),18-075,2020-06-07T00:00:00Z,NA,0,p
John Brewer Reef (18-075),18-075,2020-06-07T00:00:00Z,NA,0,p
John Brewer Reef (18-075),18-075,2020-06-07T00:00:00Z,NA,0,a
John Brewer Reef (18-075),18-075,2020-06-07T00:00:00Z,NA,0,a
John Brewer Reef (18-075),18-075,2020-06-07T00:00:00Z,NA,0,a
John Brewer Reef (18-075),18-075,2020-06-07T00:00:00Z,NA,0,a
John Brewer Reef (18-075),18-075,2020-06-07T00:00:00Z,NA,0,a
John Brewer Reef (18-075),18-075,2020-06-07T00:00:00Z,NA,0,a
John Brewer Reef (18-075),18-075,2020-06-07T00:00:00Z,NA,0,a
John Brewer Reef (18-075),18-075,2020-06-07T00:00:00Z,NA,0,a
John Brewer Reef (18-075),18-075,2020-06-07T00:00:00Z,NA,0,a
John Brewer Reef (18-075),18-075,2020-06-07T00:00:00Z,NA,0,a
John Brewer Reef (18-075),18-075,2020-06-07T00:00:00Z,NA,0,a
John Brewer Reef (18-075),18-075,2020-06-07T00:00:00Z,NA,0,a
John Brewer Reef (18-075),18-075,2020-06-07T00:00:00Z,NA,0,a
Lizard Island Reef (North West) (14-116a),14-116a,2020-10-20T00:00:00Z,NA,0,a
Lizard Island Reef (North West) (14-116a),14-116a,2020-10-20T00:00:00Z,NA,0,a
Lizard Island Reef (North West) (14-116a),14-116a,2020-10-20T00:00:00Z,NA,0,a
Lizard Island Reef (North West) (14-116a),14-116a,2020-10-20T00:00:00Z,NA,0,a
Lizard Island Reef (North West) (14-116a),14-116a,2020-10-20T00:00:00Z,NA,0,a
Lizard Island Reef (North West) (14-116a),14-116a,2020-10-20T00:00:00Z,NA,0,a
Lizard Island Reef (North West) (14-116a),14-116a,2020-10-20T00:00:00Z,NA,0,a
Lizard Island Reef (North West) (14-116a),14-116a,2020-10-20T00:00:00Z,NA,0,a
Lizard Island Reef (North West) (14-116a),14-116a,2020-10-20T00:00:00Z,NA,0,a
Lizard Island Reef (North West) (14-116a),14-116a,2020-10-20T00:00:00Z,NA,0,a
Lizard Island Reef (North West) (14-116a),14-116a,2020-10-20T00:00:00Z,NA,0,a
Lizard Island Reef (North West) (14-116a),14-116a,2020-10-20T00:00:00Z,NA,0,a
Lizard Island Reef (North West) (14-116a),14-116a,2020-10-20T00:00:00Z,NA,0,a
Lizard Island Reef (North West) (14-116a),14-116a,2020-10-20T00:00:00Z,NA,0,a
Lizard Island Reef (North West) (14-116a),14-116a,2020-10-20T00:00:00Z,NA,0,a
Lizard Island Reef (North West) (14-116a),14-116a,2020-10-20T00:00:00Z,NA,0,a
Lizard Island Reef (North West) (14-116a),14-116a,2020-10-20T00:00:00Z,NA,0,a
Lizard Island Reef (North West) (14-116a),14-116a,2020-10-20T00:00:00Z,NA,0,a
Lizard Island Reef (North West) (14-116a),14-116a,2020-10-20T00:00:00Z,NA,0,a
Lizard Island Reef (North West) (14-116a),14-116a,2020-10-20T00:00:00Z,NA,0,a
Lizard Island Reef (North West) (14-116a),14-116a,2020-10-20T00:00:00Z,NA,0,a
Lizard Island Reef (North West) (14-116a),14-116a,2020-10-20T00:00:00Z,NA,0,a
Lizard Island Reef (North West) (14-116a),14-116a,2020-10-20T00:00:00Z,NA,0,a
Lizard Island Reef (North West) (14-116a),14-116a,2020-10-20T00:00:00Z,NA,0,a
Lizard Island Reef (North West) (14-116a),14-116a,2020-10-20T00:00:00Z,NA,0,a
Lizard Island Reef (North West) (14-116a),14-116a,2020-10-20T00:00:00Z,NA,0,a
Lizard Island Reef (North West) (14-116a),14-116a,2020-10-20T00:00:00Z,NA,0,p
Lizard Island Reef (North West) (14-116a),14-116a,2020-10-20T00:00:00Z,NA,0,a
Lizard Island Reef (North West) (14-116a),14-116a,2020-10-20T00:00:00Z,NA,0,a
Lizard Island Reef (North West) (14-116a),14-116a,2020-10-20T00:00:00Z,NA,0,a
Lizard Island Reef (North West) (14-116a),14-116a,2020-10-20T00:00:00Z,NA,0,a
Lizard Island Reef (North West) (14-116a),14-116a,2020-10-20T00:00:00Z,NA,0,a
Lizard Island Reef (North West) (14-116a),14-116a,2020-10-20T00:00:00Z,NA,0,a
Lizard Island Reef (North West) (14-116a),14-116a,2020-10-20T00:00:00Z,NA,0,a
Lizard Island Reef (North West) (14-116a),14-116a,2020-10-20T00:00:00Z,NA,0,a
Lizard Island Reef (North West) (14-116a),14-116a,2020-10-20T00:00:00Z,NA,0,a
Lizard Island Reef (North West) (14-116a),14-116a,2020-10-20T00:00:00Z,NA,0,a
Lizard Island Reef (North West) (14-116a),14-116a,2020-10-20T00:00:00Z,NA,0,a
Lizard Island Reef (North West) (14-116a),14-116a,2020-10-20T00:00:00Z,NA,0,a
Lizard Island Reef (North West) (14-116a),14-116a,2020-10-20T00:00:00Z,NA,0,a
Lizard Island Reef (North West) (14-116a),14-116a,2020-10-20T00:00:00Z,NA,0,a
Lizard Island Reef (North West) (14-116a),14-116a,2020-10-20T00:00:00Z,NA,0,a
Lizard Island Reef (North West) (14-116a),14-116a,2020-10-20T00:00:00Z,NA,0,a
Lizard Island Reef (North West) (14-116a),14-116a,2020-10-20T00:00:00Z,NA,0,a
Lizard Island Reef (North West) (14-116a),14-116a,2020-10-20T00:00:00Z,NA,0,a
Lizard Island Reef (North West) (14-116a),14-116a,2020-10-20T00:00:00Z,NA,0,a
Lizard Island Reef (North West) (14-116a),14-116a,2020-10-20T00:00:00Z,NA,0,a
Lizard Island Reef (North West) (14-116a),14-116a,2020-10-20T00:00:00Z,NA,0,a
Lizard Island Reef (North West) (14-116a),14-116a,2020-10-20T00:00:00Z,NA,0,a
Lizard Island Reef (North West) (14-116a),14-116a,2020-10-20T00:00:00Z,NA,0,a
Lizard Island Reef (North West) (14-116a),14-116a,2020-10-20T00:00:00Z,NA,0,a
Lizard Island Reef (North West) (14-116a),14-116a,2020-10-20T00:00:00Z,NA,0,a
Lizard Island Reef (North West) (14-116a),14-116a,2020-10-20T00:00:00Z,NA,0,a
Lizard Island Reef (North West) (14-116a),14-116a,2020-10-20T00:00:00Z,NA,0,a
Lizard Island Reef (North West) (14-116a),14-116a,2020-10-20T00:00:00Z,NA,0,a
Lizard Island Reef (North West) (14-116a),14-116a,2020-10-20T00:00:00Z,NA,0,a
Lizard Island Reef (North West) (14-116a),14-116a,2020-10-20T00:00:00Z,NA,0,a
Lizard Island Reef (North West) (14-116a),14-116a,2020-10-20T00:00:00Z,NA,0,a
Lizard Island Reef (North West) (14-116a),14-116a,2020-10-20T00:00:00Z,NA,0,a
Lizard Island Reef (North West) (14-116a),14-116a,2020-10-20T00:00:00Z,NA,0,a
Lizard Island Reef (North West) (14-116a),14-116a,2020-10-20T00:00:00Z,NA,0,a
Lizard Island Reef (North West) (14-116a),14-116a,2020-10-20T00:00:00Z,NA,0,a
Lizard Island Reef (North West) (14-116a),14-116a,2020-10-20T00:00:00Z,NA,0,a
Lizard Island Reef (North West) (14-116a),14-116a,2020-10-20T00:00:00Z,NA,0,a
Lizard Island Reef (North West) (14-116a),14-116a,2020-10-20T00:00:00Z,NA,0,a
Lizard Island Reef (North West) (14-116a),14-116a,2020-10-20T00:00:00Z,NA,0,a
Lizard Island Reef (North West) (14-116a),14-116a,2020-10-20T00:00:00Z,NA,1,a
Lizard Island Reef (North West) (14-116a),14-116a,2020-10-20T00:00:00Z,NA,0,a
Lizard Island Reef (North West) (14-116a),14-116a,2020-10-20T00:00:00Z,NA,0,p
Lizard Island Reef (North West) (14-116a),14-116a,2020-10-20T00:00:00Z,NA,0,a
Lizard Island Reef (North West) (14-116a),14-116a,2020-10-20T00:00:00Z,NA,0,a
Lizard Island Reef (North West) (14-116a),14-116a,2020-10-20T00:00:00Z,NA,0,p
Lizard Island Reef (North West) (14-116a),14-116a,2020-10-20T00:00:00Z,NA,0,a
Lizard Island Reef (North West) (14-116a),14-116a,2020-10-20T00:00:00Z,NA,0,a
Lizard Island Reef (North West) (14-116a),14-116a,2020-10-20T00:00:00Z,NA,0,a
Lizard Island Reef (North West) (14-116a),14-116a,2020-10-20T00:00:00Z,NA,0,p
Lizard Island Reef (North West) (14-116a),14-116a,2020-10-20T00:00:00Z,NA,0,a
Lizard Island Reef (North West) (14-116a),14-116a,2020-10-20T00:00:00Z,NA,0,a
Lizard Island Reef (North West) (14-116a),14-116a,2020-10-20T00:00:00Z,NA,0,a
Lizard Island Reef (North West) (14-116a),14-116a,2020-10-20T00:00:00Z,NA,0,a
Lizard Island Reef (North West) (14-116a),14-116a,2020-10-20T00:00:00Z,NA,0,a
Lizard Island Reef (North West) (14-116a),14-116a,2020-10-20T00:00:00Z,NA,0,a
Lizard Island Reef (North West) (14-116a),14-116a,2020-10-20T00:00:00Z,NA,0,a
Lizard Island Reef (North West) (14-116a),14-116a,2020-10-20T00:00:00Z,NA,0,a
Lizard Island Reef (North West) (14-116a),14-116a,2020-10-20T00:00:00Z,NA,0,a
Lizard Island Reef (North West) (14-116a),14-116a,2020-10-20T00:00:00Z,NA,0,a
Lizard Island Reef (North West) (14-116a),14-116a,2020-10-20T00:00:00Z,NA,0,a
Lizard Island Reef (North West) (14-116a),14-116a,2020-10-20T00:00:00Z,NA,0,a
Lizard Island Reef (North West) (14-116a),14-116a,2020-10-20T00:00:00Z,NA,0,a
Lizard Island Reef (North West) (14-116a),14-116a,2020-10-20T00:00:00Z,NA,0,a
John Brewer Reef (18-075),18-075,2021-03-26T00:00:00Z,NA,0,p
John Brewer Reef (18-075),18-075,2021-03-26T00:00:00Z,NA,0,a
John Brewer Reef (18-075),18-075,2021-03-26T00:00:00Z,NA,0,p
John Brewer Reef (18-075),18-075,2021-03-26T00:00:00Z,NA,0,a
John Brewer Reef (18-075),18-075,2021-03-26T00:00:00Z,NA,0,a
John Brewer Reef (18-075),18-075,2021-03-26T00:00:00Z,NA,0,a
John Brewer Reef (18-075),18-075,2021-03-26T00:00:00Z,NA,0,a
John Brewer Reef (18-075),18-075,2021-03-26T00:00:00Z,NA,0,a
John Brewer Reef (18-075),18-075,2021-03-26T00:00:00Z,NA,0,p
John Brewer Reef (18-075),18-075,2021-03-26T00:00:00Z,NA,0,p
John Brewer Reef (18-075),18-075,2021-03-26T00:00:00Z,NA,0,a
John Brewer Reef (18-075),18-075,2021-03-26T00:00:00Z,NA,0,a
John Brewer Reef (18-075),18-075,2021-03-26T00:00:00Z,NA,0,a
John Brewer Reef (18-075),18-075,2021-03-26T00:00:00Z,NA,0,a
John Brewer Reef (18-075),18-075,2021-03-26T00:00:00Z,NA,0,a
John Brewer Reef (18-075),18-075,2021-03-26T00:00:00Z,NA,0,a
John Brewer Reef (18-075),18-075,2021-03-26T00:00:00Z,NA,0,a
John Brewer Reef (18-075),18-075,2021-03-26T00:00:00Z,NA,0,a
John Brewer Reef (18-075),18-075,2021-03-26T00:00:00Z,NA,0,a
John Brewer Reef (18-075),18-075,2021-03-26T00:00:00Z,NA,0,a
John Brewer Reef (18-075),18-075,2021-03-26T00:00:00Z,NA,0,a
John Brewer Reef (18-075),18-075,2021-03-26T00:00:00Z,NA,0,a
John Brewer Reef (18-075),18-075,2021-03-26T00:00:00Z,NA,0,a
John Brewer Reef (18-075),18-075,2021-03-26T00:00:00Z,NA,0,a
John Brewer Reef (18-075),18-075,2021-03-26T00:00:00Z,NA,0,a
John Brewer Reef (18-075),18-075,2021-03-26T00:00:00Z,NA,0,p
John Brewer Reef (18-075),18-075,2021-03-26T00:00:00Z,NA,0,a
John Brewer Reef (18-075),18-075,2021-03-26T00:00:00Z,NA,0,a
John Brewer Reef (18-075),18-075,2021-03-26T00:00:00Z,NA,0,a
John Brewer Reef (18-075),18-075,2021-03-26T00:00:00Z,NA,0,a
John Brewer Reef (18-075),18-075,2021-03-26T00:00:00Z,NA,0,a
John Brewer Reef (18-075),18-075,2021-03-26T00:00:00Z,NA,0,a
John Brewer Reef (18-075),18-075,2021-03-26T00:00:00Z,NA,0,a
John Brewer Reef (18-075),18-075,2021-03-26T00:00:00Z,NA,0,a
John Brewer Reef (18-075),18-075,2021-03-26T00:00:00Z,NA,0,a
John Brewer Reef (18-075),18-075,2021-03-26T00:00:00Z,NA,0,a
John Brewer Reef (18-075),18-075,2021-03-26T00:00:00Z,NA,0,a
John Brewer Reef (18-075),18-075,2021-03-26T00:00:00Z,NA,0,a
John Brewer Reef (18-075),18-075,2021-03-26T00:00:00Z,NA,0,a
John Brewer Reef (18-075),18-075,2021-03-26T00:00:00Z,NA,0,a
John Brewer Reef (18-075),18-075,2021-03-26T00:00:00Z,NA,0,a
John Brewer Reef (18-075),18-075,2021-03-26T00:00:00Z,NA,0,a
John Brewer Reef (18-075),18-075,2021-03-26T00:00:00Z,NA,0,a
John Brewer Reef (18-075),18-075,2021-03-26T00:00:00Z,NA,0,a
John Brewer Reef (18-075),18-075,2021-03-26T00:00:00Z,NA,0,a
John Brewer Reef (18-075),18-075,2021-03-26T00:00:00Z,NA,0,a
John Brewer Reef (18-075),18-075,2021-03-26T00:00:00Z,NA,0,a
John Brewer Reef (18-075),18-075,2021-03-26T00:00:00Z,NA,0,p
John Brewer Reef (18-075),18-075,2021-03-26T00:00:00Z,NA,0,a
John Brewer Reef (18-075),18-075,2021-03-26T00:00:00Z,NA,0,a
John Brewer Reef (18-075),18-075,2021-03-26T00:00:00Z,NA,0,a
John Brewer Reef (18-075),18-075,2021-03-26T00:00:00Z,NA,0,a
John Brewer Reef (18-075),18-075,2021-03-26T00:00:00Z,NA,0,a
John Brewer Reef (18-075),18-075,2021-03-26T00:00:00Z,NA,0,a
John Brewer Reef (18-075),18-075,2021-03-26T00:00:00Z,NA,0,a
John Brewer Reef (18-075),18-075,2021-03-26T00:00:00Z,NA,0,a
John Brewer Reef (18-075),18-075,2021-03-26T00:00:00Z,NA,0,a
John Brewer Reef (18-075),18-075,2021-03-26T00:00:00Z,NA,0,a
John Brewer Reef (18-075),18-075,2021-03-26T00:00:00Z,NA,0,a
John Brewer Reef (18-075),18-075,2021-03-26T00:00:00Z,NA,0,a
John Brewer Reef (18-075),18-075,2021-03-26T00:00:00Z,NA,0,a
John Brewer Reef (18-075),18-075,2021-03-26T00:00:00Z,NA,0,a
John Brewer Reef (18-075),18-075,2021-03-26T00:00:00Z,NA,0,a
John Brewer Reef (18-075),18-075,2021-03-26T00:00:00Z,NA,0,a
John Brewer Reef (18-075),18-075,2021-03-26T00:00:00Z,NA,0,a
John Brewer Reef (18-075),18-075,2021-03-26T00:00:00Z,NA,0,a
John Brewer Reef (18-075),18-075,2021-03-26T00:00:00Z,NA,0,a
John Brewer Reef (18-075),18-075,2021-03-26T00:00:00Z,NA,0,a
John Brewer Reef (18-075),18-075,2021-03-26T00:00:00Z,NA,0,a
John Brewer Reef (18-075),18-075,2021-03-26T00:00:00Z,NA,0,a
John Brewer Reef (18-075),18-075,2021-03-26T00:00:00Z,NA,0,p
John Brewer Reef (18-075),18-075,2021-03-26T00:00:00Z,NA,0,a
John Brewer Reef (18-075),18-075,2021-03-26T00:00:00Z,NA,0,a
John Brewer Reef (18-075),18-075,2021-03-26T00:00:00Z,NA,0,a
John Brewer Reef (18-075),18-075,2021-03-26T00:00:00Z,NA,0,a
John Brewer Reef (18-075),18-075,2021-03-26T00:00:00Z,NA,0,a
John Brewer Reef (18-075),18-075,2021-03-26T00:00:00Z,NA,0,p
John Brewer Reef (18-075),18-075,2021-03-26T00:00:00Z,NA,0,p
John Brewer Reef (18-075),18-075,2021-03-26T00:00:00Z,NA,0,a
John Brewer Reef (18-075),18-075,2021-03-26T00:00:00Z,NA,0,a
Lizard Island Reef (North West) (14-116a),14-116a,2021-10-09T00:00:00Z,NA,0,p
Lizard Island Reef (North West) (14-116a),14-116a,2021-10-09T00:00:00Z,NA,0,p
Lizard Island Reef (North West) (14-116a),14-116a,2021-10-09T00:00:00Z,NA,0,a
Lizard Island Reef (North West) (14-116a),14-116a,2021-10-09T00:00:00Z,NA,0,a
Lizard Island Reef (North West) (14-116a),14-116a,2021-10-09T00:00:00Z,NA,0,p
Lizard Island Reef (North West) (14-116a),14-116a,2021-10-09T00:00:00Z,NA,0,p
Lizard Island Reef (North West) (14-116a),14-116a,2021-10-09T00:00:00Z,NA,0,a
Lizard Island Reef (North West) (14-116a),14-116a,2021-10-09T00:00:00Z,NA,0,a
Lizard Island Reef (North West) (14-116a),14-116a,2021-10-09T00:00:00Z,NA,0,p
Lizard Island Reef (North West) (14-116a),14-116a,2021-10-09T00:00:00Z,NA,0,a
Lizard Island Reef (North West) (14-116a),14-116a,2021-10-09T00:00:00Z,NA,0,a
Lizard Island Reef (North West) (14-116a),14-116a,2021-10-09T00:00:00Z,NA,0,a
Lizard Island Reef (North West) (14-116a),14-116a,2021-10-09T00:00:00Z,NA,0,a
Lizard Island Reef (North West) (14-116a),14-116a,2021-10-09T00:00:00Z,NA,0,a
Lizard Island Reef (North West) (14-116a),14-116a,2021-10-09T00:00:00Z,NA,0,a
Lizard Island Reef (North West) (14-116a),14-116a,2021-10-09T00:00:00Z,NA,0,a
Lizard Island Reef (North West) (14-116a),14-116a,2021-10-09T00:00:00Z,NA,0,p
Lizard Island Reef (North West) (14-116a),14-116a,2021-10-09T00:00:00Z,NA,0,a
Lizard Island Reef (North West) (14-116a),14-116a,2021-10-09T00:00:00Z,NA,0,a
Lizard Island Reef (North West) (14-116a),14-116a,2021-10-09T00:00:00Z,NA,0,a
Lizard Island Reef (North West) (14-116a),14-116a,2021-10-09T00:00:00Z,NA,0,a
Lizard Island Reef (North West) (14-116a),14-116a,2021-10-09T00:00:00Z,NA,0,a
Lizard Island Reef (North West) (14-116a),14-116a,2021-10-09T00:00:00Z,NA,0,a
Lizard Island Reef (North West) (14-116a),14-116a,2021-10-09T00:00:00Z,NA,0,a
Lizard Island Reef (North West) (14-116a),14-116a,2021-10-09T00:00:00Z,NA,0,a
Lizard Island Reef (North West) (14-116a),14-116a,2021-10-09T00:00:00Z,NA,0,a
Lizard Island Reef (North West) (14-116a),14-116a,2021-10-09T00:00:00Z,NA,0,a
Lizard Island Reef (North West) (14-116a),14-116a,2021-10-09T00:00:00Z,NA,0,a
Lizard Island Reef (North West) (14-116a),14-116a,2021-10-09T00:00:00Z,NA,0,a
Lizard Island Reef (North West) (14-116a),14-116a,2021-10-09T00:00:00Z,NA,0,a
Lizard Island Reef (North West) (14-116a),14-116a,2021-10-09T00:00:00Z,NA,0,a
Lizard Island Reef (North West) (14-116a),14-116a,2021-10-09T00:00:00Z,NA,0,a
Lizard Island Reef (North West) (14-116a),14-116a,2021-10-09T00:00:00Z,NA,0,a
Lizard Island Reef (North West) (14-116a),14-116a,2021-10-09T00:00:00Z,NA,0,a
Lizard Island Reef (North West) (14-116a),14-116a,2021-10-09T00:00:00Z,NA,0,a
Lizard Island Reef (North West) (14-116a),14-116a,2021-10-09T00:00:00Z,NA,0,a
Lizard Island Reef (North West) (14-116a),14-116a,2021-10-09T00:00:00Z,NA,0,a
Lizard Island Reef (North West) (14-116a),14-116a,2021-10-09T00:00:00Z,NA,0,a
Lizard Island Reef (North West) (14-116a),14-116a,2021-10-09T00:00:00Z,NA,0,a
Lizard Island Reef (North West) (14-116a),14-116a,2021-10-09T00:00:00Z,NA,0,p
Lizard Island Reef (North West) (14-116a),14-116a,2021-10-09T00:00:00Z,NA,0,p
Lizard Island Reef (North West) (14-116a),14-116a,2021-10-09T00:00:00Z,NA,0,a
Lizard Island Reef (North West) (14-116a),14-116a,2021-10-09T00:00:00Z,NA,0,a
Lizard Island Reef (North West) (14-116a),14-116a,2021-10-09T00:00:00Z,NA,0,a
Lizard Island Reef (North West) (14-116a),14-116a,2021-10-09T00:00:00Z,NA,0,a
Lizard Island Reef (North West) (14-116a),14-116a,2021-10-09T00:00:00Z,NA,0,a
Lizard Island Reef (North West) (14-116a),14-116a,2021-10-09T00:00:00Z,NA,0,a
Lizard Island Reef (North West) (14-116a),14-116a,2021-10-09T00:00:00Z,NA,0,a
Lizard Island Reef (North West) (14-116a),14-116a,2021-10-09T00:00:00Z,NA,0,a
Lizard Island Reef (North West) (14-116a),14-116a,2021-10-09T00:00:00Z,NA,0,a
Lizard Island Reef (North West) (14-116a),14-116a,2021-10-09T00:00:00Z,NA,0,p
Lizard Island Reef (North West) (14-116a),14-116a,2021-10-09T00:00:00Z,NA,0,p
Lizard Island Reef (North West) (14-116a),14-116a,2021-10-09T00:00:00Z,NA,0,a
Lizard Island Reef (North West) (14-116a),14-116a,2021-10-09T00:00:00Z,NA,0,a
Lizard Island Reef (North West) (14-116a),14-116a,2021-10-09T00:00:00Z,NA,0,p
Lizard Island Reef (North West) (14-116a),14-116a,2021-10-09T00:00:00Z,NA,0,a
Lizard Island Reef (North West) (14-116a),14-116a,2021-10-09T00:00:00Z,NA,0,a
Lizard Island Reef (North West) (14-116a),14-116a,2021-10-09T00:00:00Z,NA,0,a
Lizard Island Reef (North West) (14-116a),14-116a,2021-10-09T00:00:00Z,NA,0,a
Lizard Island Reef (North West) (14-116a),14-116a,2021-10-09T00:00:00Z,NA,0,a
Lizard Island Reef (North West) (14-116a),14-116a,2021-10-09T00:00:00Z,NA,0,a
Lizard Island Reef (North West) (14-116a),14-116a,2021-10-09T00:00:00Z,NA,0,a
Lizard Island Reef (North West) (14-116a),14-116a,2021-10-09T00:00:00Z,NA,0,a
Lizard Island Reef (North West) (14-116a),14-116a,2021-10-09T00:00:00Z,NA,0,p
Lizard Island Reef (North West) (14-116a),14-116a,2021-10-09T00:00:00Z,NA,0,a
Lizard Island Reef (North West) (14-116a),14-116a,2021-10-09T00:00:00Z,NA,0,p
Lizard Island Reef (North West) (14-116a),14-116a,2021-10-09T00:00:00Z,NA,0,a
Lizard Island Reef (North West) (14-116a),14-116a,2021-10-09T00:00:00Z,NA,0,a
Lizard Island Reef (North West) (14-116a),14-116a,2021-10-09T00:00:00Z,NA,0,a
Lizard Island Reef (North West) (14-116a),14-116a,2021-10-09T00:00:00Z,NA,0,a
Lizard Island Reef (North West) (14-116a),14-116a,2021-10-09T00:00:00Z,NA,0,a
Lizard Island Reef (North West) (14-116a),14-116a,2021-10-09T00:00:00Z,NA,0,a
Lizard Island Reef (North West) (14-116a),14-116a,2021-10-09T00:00:00Z,NA,0,a
Lizard Island Reef (North West) (14-116a),14-116a,2021-10-09T00:00:00Z,NA,0,a
Lizard Island Reef (North West) (14-116a),14-116a,2021-10-09T00:00:00Z,NA,0,a
Lizard Island Reef (North West) (14-116a),14-116a,2021-10-09T00:00:00Z,NA,0,p
Lizard Island Reef (North West) (14-116a),14-116a,2021-10-09T00:00:00Z,NA,0,a
Lizard Island Reef (North West) (14-116a),14-116a,2021-10-09T00:00:00Z,NA,0,a
Lizard Island Reef (North West) (14-116a),14-116a,2021-10-09T00:00:00Z,NA,0,a
Lizard Island Reef (North West) (14-116a),14-116a,2021-10-09T00:00:00Z,NA,0,a
Lizard Island Reef (North West) (14-116a),14-116a,2021-10-09T00:00:00Z,NA,0,p
Lizard Island Reef (North West) (14-116a),14-116a,2021-10-09T00:00:00Z,NA,0,a
Lizard Island Reef (North West) (14-116a),14-116a,2021-10-09T00:00:00Z,NA,0,a
Lizard Island Reef (North West) (14-116a),14-116a,2021-10-09T00:00:00Z,NA,0,a
Lizard Island Reef (North West) (14-116a),14-116a,2021-10-09T00:00:00Z,NA,0,a
John Brewer Reef (18-075),18-075,2022-03-06T00:00:00Z,NA,0,a
John Brewer Reef (18-075),18-075,2022-03-06T00:00:00Z,NA,0,a
John Brewer Reef (18-075),18-075,2022-03-06T00:00:00Z,NA,0,a
John Brewer Reef (18-075),18-075,2022-03-06T00:00:00Z,NA,0,a
John Brewer Reef (18-075),18-075,2022-03-06T00:00:00Z,NA,0,a
John Brewer Reef (18-075),18-075,2022-03-06T00:00:00Z,NA,0,a
John Brewer Reef (18-075),18-075,2022-03-06T00:00:00Z,NA,0,a
John Brewer Reef (18-075),18-075,2022-03-06T00:00:00Z,NA,0,a
John Brewer Reef (18-075),18-075,2022-03-06T00:00:00Z,NA,0,a
John Brewer Reef (18-075),18-075,2022-03-06T00:00:00Z,NA,0,a
John Brewer Reef (18-075),18-075,2022-03-06T00:00:00Z,NA,0,a
John Brewer Reef (18-075),18-075,2022-03-06T00:00:00Z,NA,0,a
John Brewer Reef (18-075),18-075,2022-03-06T00:00:00Z,NA,0,a
John Brewer Reef (18-075),18-075,2022-03-06T00:00:00Z,NA,0,a
John Brewer Reef (18-075),18-075,2022-03-06T00:00:00Z,NA,0,a
John Brewer Reef (18-075),18-075,2022-03-06T00:00:00Z,NA,0,a
John Brewer Reef (18-075),18-075,2022-03-06T00:00:00Z,NA,0,a
John Brewer Reef (18-075),18-075,2022-03-06T00:00:00Z,NA,0,a
John Brewer Reef (18-075),18-075,2022-03-06T00:00:00Z,NA,0,a
John Brewer Reef (18-075),18-075,2022-03-06T00:00:00Z,NA,0,a
John Brewer Reef (18-075),18-075,2022-03-06T00:00:00Z,NA,0,a
John Brewer Reef (18-075),18-075,2022-03-06T00:00:00Z,NA,0,a
John Brewer Reef (18-075),18-075,2022-03-06T00:00:00Z,NA,0,a
John Brewer Reef (18-075),18-075,2022-03-06T00:00:00Z,NA,0,a
John Brewer Reef (18-075),18-075,2022-03-06T00:00:00Z,NA,0,a
John Brewer Reef (18-075),18-075,2022-03-06T00:00:00Z,NA,0,a
John Brewer Reef (18-075),18-075,2022-03-06T00:00:00Z,NA,0,a
John Brewer Reef (18-075),18-075,2022-03-06T00:00:00Z,NA,0,a
John Brewer Reef (18-075),18-075,2022-03-06T00:00:00Z,NA,0,a
John Brewer Reef (18-075),18-075,2022-03-06T00:00:00Z,NA,0,a
John Brewer Reef (18-075),18-075,2022-03-06T00:00:00Z,NA,0,a
John Brewer Reef (18-075),18-075,2022-03-06T00:00:00Z,NA,0,a
John Brewer Reef (18-075),18-075,2022-03-06T00:00:00Z,NA,0,a
John Brewer Reef (18-075),18-075,2022-03-06T00:00:00Z,NA,0,a
John Brewer Reef (18-075),18-075,2022-03-06T00:00:00Z,NA,0,a
John Brewer Reef (18-075),18-075,2022-03-06T00:00:00Z,NA,0,a
John Brewer Reef (18-075),18-075,2022-03-06T00:00:00Z,NA,0,a
John Brewer Reef (18-075),18-075,2022-03-06T00:00:00Z,NA,0,a
John Brewer Reef (18-075),18-075,2022-03-06T00:00:00Z,NA,0,a
John Brewer Reef (18-075),18-075,2022-03-06T00:00:00Z,NA,0,a
John Brewer Reef (18-075),18-075,2022-03-06T00:00:00Z,NA,0,a
John Brewer Reef (18-075),18-075,2022-03-06T00:00:00Z,NA,0,a
John Brewer Reef (18-075),18-075,2022-03-06T00:00:00Z,NA,0,a
John Brewer Reef (18-075),18-075,2022-03-06T00:00:00Z,NA,0,a
John Brewer Reef (18-075),18-075,2022-03-06T00:00:00Z,NA,0,a
John Brewer Reef (18-075),18-075,2022-03-06T00:00:00Z,NA,0,a
John Brewer Reef (18-075),18-075,2022-03-06T00:00:00Z,NA,0,a
John Brewer Reef (18-075),18-075,2022-03-06T00:00:00Z,NA,0,a
John Brewer Reef (18-075),18-075,2022-03-06T00:00:00Z,NA,0,a
John Brewer Reef (18-075),18-075,2022-03-06T00:00:00Z,NA,0,a
John Brewer Reef (18-075),18-075,2022-03-06T00:00:00Z,NA,0,a
John Brewer Reef (18-075),18-075,2022-03-06T00:00:00Z,NA,0,a
John Brewer Reef (18-075),18-075,2022-03-06T00:00:00Z,NA,0,a
John Brewer Reef (18-075),18-075,2022-03-06T00:00:00Z,NA,0,a
John Brewer Reef (18-075),18-075,2022-03-06T00:00:00Z,NA,0,a
John Brewer Reef (18-075),18-075,2022-03-06T00:00:00Z,NA,0,a
John Brewer Reef (18-075),18-075,2022-03-06T00:00:00Z,NA,0,a
John Brewer Reef (18-075),18-075,2022-03-06T00:00:00Z,NA,0,a
John Brewer Reef (18-075),18-075,2022-03-06T00:00:00Z,NA,0,a
John Brewer Reef (18-075),18-075,2022-03-06T00:00:00Z,NA,0,a
John Brewer Reef (18-075),18-075,2022-03-06T00:00:00Z,NA,0,a
John Brewer Reef (18-075),18-075,2022-03-06T00:00:00Z,NA,0,a
John Brewer Reef (18-075),18-075,2022-03-06T00:00:00Z,NA,0,a
John Brewer Reef (18-075),18-075,2022-03-06T00:00:00Z,NA,0,a
John Brewer Reef (18-075),18-075,2022-03-06T00:00:00Z,NA,0,a
John Brewer Reef (18-075),18-075,2022-03-06T00:00:00Z,NA,0,a
John Brewer Reef (18-075),18-075,2022-03-06T00:00:00Z,NA,0,a
John Brewer Reef (18-075),18-075,2022-03-06T00:00:00Z,NA,0,a
John Brewer Reef (18-075),18-075,2022-03-06T00:00:00Z,NA,0,a
John Brewer Reef (18-075),18-075,2022-03-06T00:00:00Z,NA,0,a
John Brewer Reef (18-075),18-075,2022-03-06T00:00:00Z,NA,0,a
John Brewer Reef (18-075),18-075,2022-03-06T00:00:00Z,NA,0,a
John Brewer Reef (18-075),18-075,2022-03-06T00:00:00Z,NA,0,a
John Brewer Reef (18-075),18-075,2022-03-06T00:00:00Z,NA,0,a
John Brewer Reef (18-075),18-075,2022-03-06T00:00:00Z,NA,0,a
John Brewer Reef (18-075),18-075,2022-03-06T00:00:00Z,NA,0,a
John Brewer Reef (18-075),18-075,2022-03-06T00:00:00Z,NA,0,a
John Brewer Reef (18-075),18-075,2022-03-06T00:00:00Z,NA,0,a
John Brewer Reef (18-075),18-075,2022-03-06T00:00:00Z,NA,0,a
John Brewer Reef (18-075),18-075,2022-03-06T00:00:00Z,NA,0,a
John Brewer Reef (18-075),18-075,2022-03-06T00:00:00Z,NA,0,a
Lizard Island Reef (North West) (14-116a),14-116a,2022-10-17T00:00:00Z,NA,0,a
Lizard Island Reef (North West) (14-116a),14-116a,2022-10-17T00:00:00Z,NA,0,a
Lizard Island Reef (North West) (14-116a),14-116a,2022-10-17T00:00:00Z,NA,0,a
Lizard Island Reef (North West) (14-116a),14-116a,2022-10-17T00:00:00Z,NA,0,a
Lizard Island Reef (North West) (14-116a),14-116a,2022-10-17T00:00:00Z,NA,0,a
Lizard Island Reef (North West) (14-116a),14-116a,2022-10-17T00:00:00Z,NA,0,a
Lizard Island Reef (North West) (14-116a),14-116a,2022-10-17T00:00:00Z,NA,0,a
Lizard Island Reef (North West) (14-116a),14-116a,2022-10-17T00:00:00Z,NA,0,a
Lizard Island Reef (North West) (14-116a),14-116a,2022-10-17T00:00:00Z,NA,0,a
Lizard Island Reef (North West) (14-116a),14-116a,2022-10-17T00:00:00Z,NA,0,a
Lizard Island Reef (North West) (14-116a),14-116a,2022-10-17T00:00:00Z,NA,0,a
Lizard Island Reef (North West) (14-116a),14-116a,2022-10-17T00:00:00Z,NA,0,a
Lizard Island Reef (North West) (14-116a),14-116a,2022-10-17T00:00:00Z,NA,0,a
Lizard Island Reef (North West) (14-116a),14-116a,2022-10-17T00:00:00Z,NA,0,a
Lizard Island Reef (North West) (14-116a),14-116a,2022-10-17T00:00:00Z,NA,0,a
Lizard Island Reef (North West) (14-116a),14-116a,2022-10-17T00:00:00Z,NA,0,a
Lizard Island Reef (North West) (14-116a),14-116a,2022-10-17T00:00:00Z,NA,0,a
Lizard Island Reef (North West) (14-116a),14-116a,2022-10-17T00:00:00Z,NA,0,a
Lizard Island Reef (North West) (14-116a),14-116a,2022-10-17T00:00:00Z,NA,0,a
Lizard Island Reef (North West) (14-116a),14-116a,2022-10-17T00:00:00Z,NA,0,a
Lizard Island Reef (North West) (14-116a),14-116a,2022-10-17T00:00:00Z,NA,0,a
Lizard Island Reef (North West) (14-116a),14-116a,2022-10-17T00:00:00Z,NA,0,a
Lizard Island Reef (North West) (14-116a),14-116a,2022-10-17T00:00:00Z,NA,0,a
Lizard Island Reef (North West) (14-116a),14-116a,2022-10-17T00:00:00Z,NA,0,a
Lizard Island Reef (North West) (14-116a),14-116a,2022-10-17T00:00:00Z,NA,0,a
Lizard Island Reef (North West) (14-116a),14-116a,2022-10-17T00:00:00Z,NA,0,a
Lizard Island Reef (North West) (14-116a),14-116a,2022-10-17T00:00:00Z,NA,1,p
Lizard Island Reef (North West) (14-116a),14-116a,2022-10-17T00:00:00Z,NA,0,a
Lizard Island Reef (North West) (14-116a),14-116a,2022-10-17T00:00:00Z,NA,0,a
Lizard Island Reef (North West) (14-116a),14-116a,2022-10-17T00:00:00Z,NA,0,a
Lizard Island Reef (North West) (14-116a),14-116a,2022-10-17T00:00:00Z,NA,0,a
Lizard Island Reef (North West) (14-116a),14-116a,2022-10-17T00:00:00Z,NA,0,a
Lizard Island Reef (North West) (14-116a),14-116a,2022-10-17T00:00:00Z,NA,0,a
Lizard Island Reef (North West) (14-116a),14-116a,2022-10-17T00:00:00Z,NA,0,a
Lizard Island Reef (North West) (14-116a),14-116a,2022-10-17T00:00:00Z,NA,0,a
Lizard Island Reef (North West) (14-116a),14-116a,2022-10-17T00:00:00Z,NA,0,a
Lizard Island Reef (North West) (14-116a),14-116a,2022-10-17T00:00:00Z,NA,0,a
Lizard Island Reef (North West) (14-116a),14-116a,2022-10-17T00:00:00Z,NA,0,a
Lizard Island Reef (North West) (14-116a),14-116a,2022-10-17T00:00:00Z,NA,0,a
Lizard Island Reef (North West) (14-116a),14-116a,2022-10-17T00:00:00Z,NA,0,a
Lizard Island Reef (North West) (14-116a),14-116a,2022-10-17T00:00:00Z,NA,0,a
Lizard Island Reef (North West) (14-116a),14-116a,2022-10-17T00:00:00Z,NA,0,a
Lizard Island Reef (North West) (14-116a),14-116a,2022-10-17T00:00:00Z,NA,0,a
Lizard Island Reef (North West) (14-116a),14-116a,2022-10-17T00:00:00Z,NA,0,a
Lizard Island Reef (North West) (14-116a),14-116a,2022-10-17T00:00:00Z,NA,0,a
Lizard Island Reef (North West) (14-116a),14-116a,2022-10-17T00:00:00Z,NA,0,a
Lizard Island Reef (North West) (14-116a),14-116a,2022-10-17T00:00:00Z,NA,0,a
Lizard Island Reef (North West) (14-116a),14-116a,2022-10-17T00:00:00Z,NA,0,a
Lizard Island Reef (North West) (14-116a),14-116a,2022-10-17T00:00:00Z,NA,0,a
Lizard Island Reef (North West) (14-116a),14-116a,2022-10-17T00:00:00Z,NA,0,a
Lizard Island Reef (North West) (14-116a),14-116a,2022-10-17T00:00:00Z,NA,0,a
Lizard Island Reef (North West) (14-116a),14-116a,2022-10-17T00:00:00Z,NA,0,a
Lizard Island Reef (North West) (14-116a),14-116a,2022-10-17T00:00:00Z,NA,0,a
Lizard Island Reef (North West) (14-116a),14-116a,2022-10-17T00:00:00Z,NA,0,a
Lizard Island Reef (North West) (14-116a),14-116a,2022-10-17T00:00:00Z,NA,0,a
Lizard Island Reef (North West) (14-116a),14-116a,2022-10-17T00:00:00Z,NA,0,a
Lizard Island Reef (North West) (14-116a),14-116a,2022-10-17T00:00:00Z,NA,0,a
Lizard Island Reef (North West) (14-116a),14-116a,2022-10-17T00:00:00Z,NA,0,a
Lizard Island Reef (North West) (14-116a),14-116a,2022-10-17T00:00:00Z,NA,0,a
Lizard Island Reef (North West) (14-116a),14-116a,2022-10-17T00:00:00Z,NA,0,a
Lizard Island Reef (North West) (14-116a),14-116a,2022-10-17T00:00:00Z,NA,0,a
Lizard Island Reef (North West) (14-116a),14-116a,2022-10-17T00:00:00Z,NA,0,a
Lizard Island Reef (North West) (14-116a),14-116a,2022-10-17T00:00:00Z,NA,0,a
Lizard Island Reef (North West) (14-116a),14-116a,2022-10-17T00:00:00Z,NA,0,a
Lizard Island Reef (North West) (14-116a),14-116a,2022-10-17T00:00:00Z,NA,0,a
Lizard Island Reef (North West) (14-116a),14-116a,2022-10-17T00:00:00Z,NA,0,a
Lizard Island Reef (North West) (14-116a),14-116a,2022-10-17T00:00:00Z,NA,0,a
Lizard Island Reef (North West) (14-116a),14-116a,2022-10-17T00:00:00Z,NA,0,a
Lizard Island Reef (North West) (14-116a),14-116a,2022-10-17T00:00:00Z,NA,0,a
Lizard Island Reef (North West) (14-116a),14-116a,2022-10-17T00:00:00Z,NA,0,a
Lizard Island Reef (North West) (14-116a),14-116a,2022-10-17T00:00:00Z,NA,0,a
Lizard Island Reef (North West) (14-116a),14-116a,2022-10-17T00:00:00Z,NA,0,a
Lizard Island Reef (North West) (14-116a),14-116a,2022-10-17T00:00:00Z,NA,0,a
Lizard Island Reef (North West) (14-116a),14-116a,2022-10-17T00:00:00Z,NA,0,a
Lizard Island Reef (North West) (14-116a),14-116a,2022-10-17T00:00:00Z,NA,0,a
Lizard Island Reef (North West) (14-116a),14-116a,2022-10-17T00:00:00Z,NA,0,a
Lizard Island Reef (North West) (14-116a),14-116a,2022-10-17T00:00:00Z,NA,0,a
Lizard Island Reef (North West) (14-116a),14-116a,2022-10-17T00:00:00Z,NA,0,a
Lizard Island Reef (North West) (14-116a),14-116a,2022-10-17T00:00:00Z,NA,0,a
Lizard Island Reef (North West) (14-116a),14-116a,2022-10-17T00:00:00Z,NA,0,a
Lizard Island Reef (North West) (14-116a),14-116a,2022-10-17T00:00:00Z,NA,0,a
Lizard Island Reef (North West) (14-116a),14-116a,2022-10-17T00:00:00Z,NA,0,a
Lizard Island Reef (North West) (14-116a),14-116a,2022-10-17T00:00:00Z,NA,0,a
Lizard Island Reef (North West) (14-116a),14-116a,2022-10-17T00:00:00Z,NA,0,a
Lizard Island Reef (North West) (14-116a),14-116a,2022-10-17T00:00:00Z,NA,0,a
Lizard Island Reef (North West) (14-116a),14-116a,2022-10-17T00:00:00Z,NA,0,a
Lizard Island Reef (North West) (14-116a),14-116a,2022-10-17T00:00:00Z,NA,0,a
Lizard Island Reef (North West) (14-116a),14-116a,2022-10-17T00:00:00Z,NA,0,a
Lizard Island Reef (North West) (14-116a),14-116a,2022-10-17T00:00:00Z,NA,0,a
Lizard Island Reef (North West) (14-116a),14-116a,2022-10-17T00:00:00Z,NA,0,a
Lizard Island Reef (North West) (14-116a),14-116a,2022-10-17T00:00:00Z,NA,0,a
Lizard Island Reef (North West) (14-116a),14-116a,2022-10-17T00:00:00Z,NA,0,a
Lizard Island Reef (North West) (14-116a),14-116a,2022-10-17T00:00:00Z,NA,0,a
Lizard Island Reef (North West) (14-116a),14-116a,2022-10-17T00:00:00Z,NA,0,a
Lizard Island Reef (North West) (14-116a),14-116a,2022-10-17T00:00:00Z,NA,0,a
Lizard Island Reef (North West) (14-116a),14-116a,2022-10-17T00:00:00Z,NA,0,a
Lizard Island Reef (North West) (14-116a),14-116a,2022-10-17T00:00:00Z,NA,0,a
Lizard Island Reef (North West) (14-116a),14-116a,2022-10-17T00:00:00Z,NA,0,a
Lizard Island Reef (North West) (14-116a),14-116a,2022-10-17T00:00:00Z,NA,0,a
Lizard Island Reef (North West) (14-116a),14-116a,2022-10-17T00:00:00Z,NA,0,a
Lizard Island Reef (North West) (14-116a),14-116a,2022-10-17T00:00:00Z,NA,0,a
Lizard Island Reef (North West) (14-116a),14-116a,2022-10-17T00:00:00Z,NA,0,p
Lizard Island Reef (North West) (14-116a),14-116a,2022-10-17T00:00:00Z,NA,0,a
Lizard Island Reef (North West) (14-116a),14-116a,2022-10-17T00:00:00Z,NA,0,a
Lizard Island Reef (North West) (14-116a),14-116a,2022-10-17T00:00:00Z,NA,0,a
John Brewer Reef (18-075),18-075,2023-03-17T00:00:00Z,NA,0,a
John Brewer Reef (18-075),18-075,2023-03-17T00:00:00Z,NA,0,a
John Brewer Reef (18-075),18-075,2023-03-17T00:00:00Z,NA,0,a
John Brewer Reef (18-075),18-075,2023-03-17T00:00:00Z,NA,0,a
John Brewer Reef (18-075),18-075,2023-03-17T00:00:00Z,NA,0,a
John Brewer Reef (18-075),18-075,2023-03-17T00:00:00Z,NA,0,a
John Brewer Reef (18-075),18-075,2023-03-17T00:00:00Z,NA,0,a
John Brewer Reef (18-075),18-075,2023-03-17T00:00:00Z,NA,0,a
John Brewer Reef (18-075),18-075,2023-03-17T00:00:00Z,NA,0,p
John Brewer Reef (18-075),18-075,2023-03-17T00:00:00Z,NA,0,a
John Brewer Reef (18-075),18-075,2023-03-17T00:00:00Z,NA,0,a
John Brewer Reef (18-075),18-075,2023-03-17T00:00:00Z,NA,0,a
John Brewer Reef (18-075),18-075,2023-03-17T00:00:00Z,NA,0,a
John Brewer Reef (18-075),18-075,2023-03-17T00:00:00Z,NA,0,a
John Brewer Reef (18-075),18-075,2023-03-17T00:00:00Z,NA,0,a
John Brewer Reef (18-075),18-075,2023-03-17T00:00:00Z,NA,0,a
John Brewer Reef (18-075),18-075,2023-03-17T00:00:00Z,NA,0,a
John Brewer Reef (18-075),18-075,2023-03-17T00:00:00Z,NA,0,a
John Brewer Reef (18-075),18-075,2023-03-17T00:00:00Z,NA,0,a
John Brewer Reef (18-075),18-075,2023-03-17T00:00:00Z,NA,0,a
John Brewer Reef (18-075),18-075,2023-03-17T00:00:00Z,NA,0,a
John Brewer Reef (18-075),18-075,2023-03-17T00:00:00Z,NA,0,a
John Brewer Reef (18-075),18-075,2023-03-17T00:00:00Z,NA,0,a
John Brewer Reef (18-075),18-075,2023-03-17T00:00:00Z,NA,0,a
John Brewer Reef (18-075),18-075,2023-03-17T00:00:00Z,NA,0,a
John Brewer Reef (18-075),18-075,2023-03-17T00:00:00Z,NA,0,a
John Brewer Reef (18-075),18-075,2023-03-17T00:00:00Z,NA,0,a
John Brewer Reef (18-075),18-075,2023-03-17T00:00:00Z,NA,0,a
John Brewer Reef (18-075),18-075,2023-03-17T00:00:00Z,NA,0,a
John Brewer Reef (18-075),18-075,2023-03-17T00:00:00Z,NA,0,a
John Brewer Reef (18-075),18-075,2023-03-17T00:00:00Z,NA,0,p
John Brewer Reef (18-075),18-075,2023-03-17T00:00:00Z,NA,0,p
John Brewer Reef (18-075),18-075,2023-03-17T00:00:00Z,NA,0,a
John Brewer Reef (18-075),18-075,2023-03-17T00:00:00Z,NA,0,a
John Brewer Reef (18-075),18-075,2023-03-17T00:00:00Z,NA,0,a
John Brewer Reef (18-075),18-075,2023-03-17T00:00:00Z,NA,0,a
John Brewer Reef (18-075),18-075,2023-03-17T00:00:00Z,NA,0,a
John Brewer Reef (18-075),18-075,2023-03-17T00:00:00Z,NA,0,a
John Brewer Reef (18-075),18-075,2023-03-17T00:00:00Z,NA,0,a
John Brewer Reef (18-075),18-075,2023-03-17T00:00:00Z,NA,0,a
John Brewer Reef (18-075),18-075,2023-03-17T00:00:00Z,NA,0,a
John Brewer Reef (18-075),18-075,2023-03-17T00:00:00Z,NA,0,p
John Brewer Reef (18-075),18-075,2023-03-17T00:00:00Z,NA,0,a
John Brewer Reef (18-075),18-075,2023-03-17T00:00:00Z,NA,0,a
John Brewer Reef (18-075),18-075,2023-03-17T00:00:00Z,NA,0,a
John Brewer Reef (18-075),18-075,2023-03-17T00:00:00Z,NA,0,a
John Brewer Reef (18-075),18-075,2023-03-17T00:00:00Z,NA,0,a
John Brewer Reef (18-075),18-075,2023-03-17T00:00:00Z,NA,0,a
John Brewer Reef (18-075),18-075,2023-03-17T00:00:00Z,NA,0,a
John Brewer Reef (18-075),18-075,2023-03-17T00:00:00Z,NA,0,a
John Brewer Reef (18-075),18-075,2023-03-17T00:00:00Z,NA,0,a
John Brewer Reef (18-075),18-075,2023-03-17T00:00:00Z,NA,0,a
John Brewer Reef (18-075),18-075,2023-03-17T00:00:00Z,NA,0,a
John Brewer Reef (18-075),18-075,2023-03-17T00:00:00Z,NA,0,a
John Brewer Reef (18-075),18-075,2023-03-17T00:00:00Z,NA,0,a
John Brewer Reef (18-075),18-075,2023-03-17T00:00:00Z,NA,0,a
John Brewer Reef (18-075),18-075,2023-03-17T00:00:00Z,NA,0,a
John Brewer Reef (18-075),18-075,2023-03-17T00:00:00Z,NA,0,a
John Brewer Reef (18-075),18-075,2023-03-17T00:00:00Z,NA,0,a
John Brewer Reef (18-075),18-075,2023-03-17T00:00:00Z,NA,0,a
John Brewer Reef (18-075),18-075,2023-03-17T00:00:00Z,NA,0,a
John Brewer Reef (18-075),18-075,2023-03-17T00:00:00Z,NA,0,a
John Brewer Reef (18-075),18-075,2023-03-17T00:00:00Z,NA,0,a
John Brewer Reef (18-075),18-075,2023-03-17T00:00:00Z,NA,0,a
John Brewer Reef (18-075),18-075,2023-03-17T00:00:00Z,NA,0,a
John Brewer Reef (18-075),18-075,2023-03-17T00:00:00Z,NA,0,a
John Brewer Reef (18-075),18-075,2023-03-17T00:00:00Z,NA,0,a
John Brewer Reef (18-075),18-075,2023-03-17T00:00:00Z,NA,0,a
John Brewer Reef (18-075),18-075,2023-03-17T00:00:00Z,NA,0,a
John Brewer Reef (18-075),18-075,2023-03-17T00:00:00Z,NA,0,a
John Brewer Reef (18-075),18-075,2023-03-17T00:00:00Z,NA,0,a
John Brewer Reef (18-075),18-075,2023-03-17T00:00:00Z,NA,0,a
John Brewer Reef (18-075),18-075,2023-03-17T00:00:00Z,NA,0,a
John Brewer Reef (18-075),18-075,2023-03-17T00:00:00Z,NA,0,a
John Brewer Reef (18-075),18-075,2023-03-17T00:00:00Z,NA,0,a
John Brewer Reef (18-075),18-075,2023-03-17T00:00:00Z,NA,0,a
John Brewer Reef (18-075),18-075,2023-03-17T00:00:00Z,NA,0,a
John Brewer Reef (18-075),18-075,2023-03-17T00:00:00Z,NA,0,a
John Brewer Reef (18-075),18-075,2023-03-17T00:00:00Z,NA,0,a
John Brewer Reef (18-075),18-075,2023-03-17T00:00:00Z,NA,0,a
Lizard Island Reef (North West) (14-116a),14-116a,2023-11-20T00:00:00Z,NA,0,c
Lizard Island Reef (North West) (14-116a),14-116a,2023-11-20T00:00:00Z,NA,0,a
Lizard Island Reef (North West) (14-116a),14-116a,2023-11-20T00:00:00Z,NA,0,p
Lizard Island Reef (North West) (14-116a),14-116a,2023-11-20T00:00:00Z,NA,0,p
Lizard Island Reef (North West) (14-116a),14-116a,2023-11-20T00:00:00Z,NA,0,a
Lizard Island Reef (North West) (14-116a),14-116a,2023-11-20T00:00:00Z,NA,0,a
Lizard Island Reef (North West) (14-116a),14-116a,2023-11-20T00:00:00Z,NA,0,a
Lizard Island Reef (North West) (14-116a),14-116a,2023-11-20T00:00:00Z,NA,0,a
Lizard Island Reef (North West) (14-116a),14-116a,2023-11-20T00:00:00Z,NA,0,a
Lizard Island Reef (North West) (14-116a),14-116a,2023-11-20T00:00:00Z,NA,0,a
Lizard Island Reef (North West) (14-116a),14-116a,2023-11-20T00:00:00Z,NA,0,a
Lizard Island Reef (North West) (14-116a),14-116a,2023-11-20T00:00:00Z,NA,0,a
Lizard Island Reef (North West) (14-116a),14-116a,2023-11-20T00:00:00Z,NA,0,a
Lizard Island Reef (North West) (14-116a),14-116a,2023-11-20T00:00:00Z,NA,0,a
Lizard Island Reef (North West) (14-116a),14-116a,2023-11-20T00:00:00Z,NA,0,a
Lizard Island Reef (North West) (14-116a),14-116a,2023-11-20T00:00:00Z,NA,0,a
Lizard Island Reef (North West) (14-116a),14-116a,2023-11-20T00:00:00Z,NA,0,a
Lizard Island Reef (North West) (14-116a),14-116a,2023-11-20T00:00:00Z,NA,0,a
Lizard Island Reef (North West) (14-116a),14-116a,2023-11-20T00:00:00Z,NA,0,a
Lizard Island Reef (North West) (14-116a),14-116a,2023-11-20T00:00:00Z,NA,0,a
Lizard Island Reef (North West) (14-116a),14-116a,2023-11-20T00:00:00Z,NA,0,a
Lizard Island Reef (North West) (14-116a),14-116a,2023-11-20T00:00:00Z,NA,0,a
Lizard Island Reef (North West) (14-116a),14-116a,2023-11-20T00:00:00Z,NA,0,a
Lizard Island Reef (North West) (14-116a),14-116a,2023-11-20T00:00:00Z,NA,0,p
Lizard Island Reef (North West) (14-116a),14-116a,2023-11-20T00:00:00Z,NA,0,a
Lizard Island Reef (North West) (14-116a),14-116a,2023-11-20T00:00:00Z,NA,0,a
Lizard Island Reef (North West) (14-116a),14-116a,2023-11-20T00:00:00Z,NA,0,a
Lizard Island Reef (North West) (14-116a),14-116a,2023-11-20T00:00:00Z,NA,0,p
Lizard Island Reef (North West) (14-116a),14-116a,2023-11-20T00:00:00Z,NA,0,a
Lizard Island Reef (North West) (14-116a),14-116a,2023-11-20T00:00:00Z,NA,0,a
Lizard Island Reef (North West) (14-116a),14-116a,2023-11-20T00:00:00Z,NA,0,a
Lizard Island Reef (North West) (14-116a),14-116a,2023-11-20T00:00:00Z,NA,0,a
Lizard Island Reef (North West) (14-116a),14-116a,2023-11-20T00:00:00Z,NA,0,a
Lizard Island Reef (North West) (14-116a),14-116a,2023-11-20T00:00:00Z,NA,0,a
Lizard Island Reef (North West) (14-116a),14-116a,2023-11-20T00:00:00Z,NA,0,a
Lizard Island Reef (North West) (14-116a),14-116a,2023-11-20T00:00:00Z,NA,0,p
Lizard Island Reef (North West) (14-116a),14-116a,2023-11-20T00:00:00Z,NA,0,a
Lizard Island Reef (North West) (14-116a),14-116a,2023-11-20T00:00:00Z,NA,0,a
Lizard Island Reef (North West) (14-116a),14-116a,2023-11-20T00:00:00Z,NA,0,a
Lizard Island Reef (North West) (14-116a),14-116a,2023-11-20T00:00:00Z,NA,0,a
Lizard Island Reef (North West) (14-116a),14-116a,2023-11-20T00:00:00Z,NA,0,a
Lizard Island Reef (North West) (14-116a),14-116a,2023-11-20T00:00:00Z,NA,0,a
Lizard Island Reef (North West) (14-116a),14-116a,2023-11-20T00:00:00Z,NA,0,a
Lizard Island Reef (North West) (14-116a),14-116a,2023-11-20T00:00:00Z,NA,0,a
Lizard Island Reef (North West) (14-116a),14-116a,2023-11-20T00:00:00Z,NA,0,a
Lizard Island Reef (North West) (14-116a),14-116a,2023-11-20T00:00:00Z,NA,0,a
Lizard Island Reef (North West) (14-116a),14-116a,2023-11-20T00:00:00Z,NA,0,p
Lizard Island Reef (North West) (14-116a),14-116a,2023-11-20T00:00:00Z,NA,0,a
Lizard Island Reef (North West) (14-116a),14-116a,2023-11-20T00:00:00Z,NA,0,a
Lizard Island Reef (North West) (14-116a),14-116a,2023-11-20T00:00:00Z,NA,0,a
Lizard Island Reef (North West) (14-116a),14-116a,2023-11-20T00:00:00Z,NA,0,a
Lizard Island Reef (North West) (14-116a),14-116a,2023-11-20T00:00:00Z,NA,0,a
Lizard Island Reef (North West) (14-116a),14-116a,2023-11-20T00:00:00Z,NA,0,a
Lizard Island Reef (North West) (14-116a),14-116a,2023-11-20T00:00:00Z,NA,0,a
Lizard Island Reef (North West) (14-116a),14-116a,2023-11-20T00:00:00Z,NA,0,a
Lizard Island Reef (North West) (14-116a),14-116a,2023-11-20T00:00:00Z,NA,0,a
Lizard Island Reef (North West) (14-116a),14-116a,2023-11-20T00:00:00Z,NA,0,a
Lizard Island Reef (North West) (14-116a),14-116a,2023-11-20T00:00:00Z,NA,0,a
Lizard Island Reef (North West) (14-116a),14-116a,2023-11-20T00:00:00Z,NA,0,a
Lizard Island Reef (North West) (14-116a),14-116a,2023-11-20T00:00:00Z,NA,0,a
Lizard Island Reef (North West) (14-116a),14-116a,2023-11-20T00:00:00Z,NA,0,a
Lizard Island Reef (North West) (14-116a),14-116a,2023-11-20T00:00:00Z,NA,0,a
Lizard Island Reef (North West) (14-116a),14-116a,2023-11-20T00:00:00Z,NA,0,a
Lizard Island Reef (North West) (14-116a),14-116a,2023-11-20T00:00:00Z,NA,0,p
Lizard Island Reef (North West) (14-116a),14-116a,2023-11-20T00:00:00Z,NA,0,a
Lizard Island Reef (North West) (14-116a),14-116a,2023-11-20T00:00:00Z,NA,0,a
Lizard Island Reef (North West) (14-116a),14-116a,2023-11-20T00:00:00Z,NA,0,a
Lizard Island Reef (North West) (14-116a),14-116a,2023-11-20T00:00:00Z,NA,0,a
Lizard Island Reef (North West) (14-116a),14-116a,2023-11-20T00:00:00Z,NA,0,p
Lizard Island Reef (North West) (14-116a),14-116a,2023-11-20T00:00:00Z,NA,0,a
Lizard Island Reef (North West) (14-116a),14-116a,2023-11-20T00:00:00Z,NA,0,a
Lizard Island Reef (North West) (14-116a),14-116a,2023-11-20T00:00:00Z,NA,0,a
Lizard Island Reef (North West) (14-116a),14-116a,2023-11-20T00:00:00Z,NA,0,a
Lizard Island Reef (North West) (14-116a),14-116a,2023-11-20T00:00:00Z,NA,0,a
Lizard Island Reef (North West) (14-116a),14-116a,2023-11-20T00:00:00Z,NA,0,p
John Brewer Reef (18-075),18-075,2024-06-01T00:00:00Z,NA,0,a
John Brewer Reef (18-075),18-075,2024-06-01T00:00:00Z,NA,0,a
John Brewer Reef (18-075),18-075,2024-06-01T00:00:00Z,NA,0,a
John Brewer Reef (18-075),18-075,2024-06-01T00:00:00Z,NA,0,a
John Brewer Reef (18-075),18-075,2024-06-01T00:00:00Z,NA,0,a
John Brewer Reef (18-075),18-075,2024-06-01T00:00:00Z,NA,0,a
John Brewer Reef (18-075),18-075,2024-06-01T00:00:00Z,NA,0,a
John Brewer Reef (18-075),18-075,2024-06-01T00:00:00Z,NA,0,a
John Brewer Reef (18-075),18-075,2024-06-01T00:00:00Z,NA,0,a
John Brewer Reef (18-075),18-075,2024-06-01T00:00:00Z,NA,0,a
John Brewer Reef (18-075),18-075,2024-06-01T00:00:00Z,NA,0,a
John Brewer Reef (18-075),18-075,2024-06-01T00:00:00Z,NA,0,a
John Brewer Reef (18-075),18-075,2024-06-01T00:00:00Z,NA,0,a
John Brewer Reef (18-075),18-075,2024-06-01T00:00:00Z,NA,0,a
John Brewer Reef (18-075),18-075,2024-06-01T00:00:00Z,NA,0,a
John Brewer Reef (18-075),18-075,2024-06-01T00:00:00Z,NA,0,a
John Brewer Reef (18-075),18-075,2024-06-01T00:00:00Z,NA,0,a
John Brewer Reef (18-075),18-075,2024-06-01T00:00:00Z,NA,0,a
John Brewer Reef (18-075),18-075,2024-06-01T00:00:00Z,NA,0,a
John Brewer Reef (18-075),18-075,2024-06-01T00:00:00Z,NA,0,a
John Brewer Reef (18-075),18-075,2024-06-01T00:00:00Z,NA,0,a
John Brewer Reef (18-075),18-075,2024-06-01T00:00:00Z,NA,0,a
John Brewer Reef (18-075),18-075,2024-06-01T00:00:00Z,NA,0,a
John Brewer Reef (18-075),18-075,2024-06-01T00:00:00Z,NA,0,a
John Brewer Reef (18-075),18-075,2024-06-01T00:00:00Z,NA,0,a
John Brewer Reef (18-075),18-075,2024-06-01T00:00:00Z,NA,0,a
John Brewer Reef (18-075),18-075,2024-06-01T00:00:00Z,NA,0,a
John Brewer Reef (18-075),18-075,2024-06-01T00:00:00Z,NA,0,a
John Brewer Reef (18-075),18-075,2024-06-01T00:00:00Z,NA,0,a
John Brewer Reef (18-075),18-075,2024-06-01T00:00:00Z,NA,0,a
John Brewer Reef (18-075),18-075,2024-06-01T00:00:00Z,NA,0,a
John Brewer Reef (18-075),18-075,2024-06-01T00:00:00Z,NA,0,a
John Brewer Reef (18-075),18-075,2024-06-01T00:00:00Z,NA,0,a
John Brewer Reef (18-075),18-075,2024-06-01T00:00:00Z,NA,0,a
John Brewer Reef (18-075),18-075,2024-06-01T00:00:00Z,NA,0,a
John Brewer Reef (18-075),18-075,2024-06-01T00:00:00Z,NA,0,a
John Brewer Reef (18-075),18-075,2024-06-01T00:00:00Z,NA,0,a
John Brewer Reef (18-075),18-075,2024-06-01T00:00:00Z,NA,0,a
John Brewer Reef (18-075),18-075,2024-06-01T00:00:00Z,NA,0,a
John Brewer Reef (18-075),18-075,2024-06-01T00:00:00Z,NA,0,a
John Brewer Reef (18-075),18-075,2024-06-01T00:00:00Z,NA,0,a
John Brewer Reef (18-075),18-075,2024-06-01T00:00:00Z,NA,0,a
John Brewer Reef (18-075),18-075,2024-06-01T00:00:00Z,NA,0,a
John Brewer Reef (18-075),18-075,2024-06-01T00:00:00Z,NA,0,a
John Brewer Reef (18-075),18-075,2024-06-01T00:00:00Z,NA,0,a
John Brewer Reef (18-075),18-075,2024-06-01T00:00:00Z,NA,0,a
John Brewer Reef (18-075),18-075,2024-06-01T00:00:00Z,NA,0,a
John Brewer Reef (18-075),18-075,2024-06-01T00:00:00Z,NA,0,a
John Brewer Reef (18-075),18-075,2024-06-01T00:00:00Z,NA,0,a
John Brewer Reef (18-075),18-075,2024-06-01T00:00:00Z,NA,0,a
John Brewer Reef (18-075),18-075,2024-06-01T00:00:00Z,NA,0,a
John Brewer Reef (18-075),18-075,2024-06-01T00:00:00Z,NA,0,a
John Brewer Reef (18-075),18-075,2024-06-01T00:00:00Z,NA,0,a
John Brewer Reef (18-075),18-075,2024-06-01T00:00:00Z,NA,0,a
John Brewer Reef (18-075),18-075,2024-06-01T00:00:00Z,NA,0,p
John Brewer Reef (18-075),18-075,2024-06-01T00:00:00Z,NA,0,a
John Brewer Reef (18-075),18-075,2024-06-01T00:00:00Z,NA,0,a
John Brewer Reef (18-075),18-075,2024-06-01T00:00:00Z,NA,0,a
John Brewer Reef (18-075),18-075,2024-06-01T00:00:00Z,NA,0,a
John Brewer Reef (18-075),18-075,2024-06-01T00:00:00Z,NA,0,a
John Brewer Reef (18-075),18-075,2024-06-01T00:00:00Z,NA,0,a
John Brewer Reef (18-075),18-075,2024-06-01T00:00:00Z,NA,0,a
John Brewer Reef (18-075),18-075,2024-06-01T00:00:00Z,NA,0,a
John Brewer Reef (18-075),18-075,2024-06-01T00:00:00Z,NA,0,a
John Brewer Reef (18-075),18-075,2024-06-01T00:00:00Z,NA,0,a
John Brewer Reef (18-075),18-075,2024-06-01T00:00:00Z,NA,0,a
John Brewer Reef (18-075),18-075,2024-06-01T00:00:00Z,NA,0,a
John Brewer Reef (18-075),18-075,2024-06-01T00:00:00Z,NA,0,a
John Brewer Reef (18-075),18-075,2024-06-01T00:00:00Z,NA,0,a
John Brewer Reef (18-075),18-075,2024-06-01T00:00:00Z,NA,0,a
John Brewer Reef (18-075),18-075,2024-06-01T00:00:00Z,NA,0,a
John Brewer Reef (18-075),18-075,2024-06-01T00:00:00Z,NA,0,a
John Brewer Reef (18-075),18-075,2024-06-01T00:00:00Z,NA,0,a
Lizard Island Reef (North West) (14-116a),14-116a,2024-09-28T00:00:00Z,NA,0,a
Lizard Island Reef (North West) (14-116a),14-116a,2024-09-28T00:00:00Z,NA,0,a
Lizard Island Reef (North West) (14-116a),14-116a,2024-09-28T00:00:00Z,NA,0,p
Lizard Island Reef (North West) (14-116a),14-116a,2024-09-28T00:00:00Z,NA,0,a
Lizard Island Reef (North West) (14-116a),14-116a,2024-09-28T00:00:00Z,NA,0,a
Lizard Island Reef (North West) (14-116a),14-116a,2024-09-28T00:00:00Z,NA,0,a
Lizard Island Reef (North West) (14-116a),14-116a,2024-09-28T00:00:00Z,NA,0,a
Lizard Island Reef (North West) (14-116a),14-116a,2024-09-28T00:00:00Z,NA,0,p
Lizard Island Reef (North West) (14-116a),14-116a,2024-09-28T00:00:00Z,NA,0,a
Lizard Island Reef (North West) (14-116a),14-116a,2024-09-28T00:00:00Z,NA,0,a
Lizard Island Reef (North West) (14-116a),14-116a,2024-09-28T00:00:00Z,NA,0,a
Lizard Island Reef (North West) (14-116a),14-116a,2024-09-28T00:00:00Z,NA,0,a
Lizard Island Reef (North West) (14-116a),14-116a,2024-09-28T00:00:00Z,NA,0,a
Tongue Reef (16-026),16-026,2025-09-19T00:00:00Z,NA,0,a
Tongue Reef (16-026),16-026,2025-09-19T00:00:00Z,NA,0,a
Tongue Reef (16-026),16-026,2025-09-19T00:00:00Z,NA,0,a
Tongue Reef (16-026),16-026,2025-09-19T00:00:00Z,NA,0,a
Tongue Reef (16-026),16-026,2025-09-19T00:00:00Z,NA,0,a
Tongue Reef (16-026),16-026,2025-09-19T00:00:00Z,NA,0,a
Tongue Reef (16-026),16-026,2025-09-19T00:00:00Z,NA,0,a
Tongue Reef (16-026),16-026,2025-09-19T00:00:00Z,NA,0,a
Tongue Reef (16-026),16-026,2025-09-19T00:00:00Z,NA,0,a
Tongue Reef (16-026),16-026,2025-09-19T00:00:00Z,NA,0,a
Tongue Reef (16-026),16-026,2025-09-19T00:00:00Z,NA,0,a
Tongue Reef (16-026),16-026,2025-09-19T00:00:00Z,NA,0,a
Tongue Reef (16-026),16-026,2025-09-19T00:00:00Z,NA,0,a
Tongue Reef (16-026),16-026,2025-09-19T00:00:00Z,NA,0,a
Tongue Reef (16-026),16-026,2025-09-19T00:00:00Z,NA,0,a
Tongue Reef (16-026),16-026,2025-09-19T00:00:00Z,NA,0,a
Tongue Reef (16-026),16-026,2025-09-19T00:00:00Z,NA,0,a
Tongue Reef (16-026),16-026,2025-09-19T00:00:00Z,NA,0,a
Tongue Reef (16-026),16-026,2025-09-19T00:00:00Z,NA,0,a
Tongue Reef (16-026),16-026,2025-09-19T00:00:00Z,NA,0,a
Tongue Reef (16-026),16-026,2025-09-19T00:00:00Z,NA,0,a
Tongue Reef (16-026),16-026,2025-09-19T00:00:00Z,NA,0,a
Tongue Reef (16-026),16-026,2025-09-19T00:00:00Z,NA,0,a
Tongue Reef (16-026),16-026,2025-09-19T00:00:00Z,NA,0,a
Tongue Reef (16-026),16-026,2025-09-19T00:00:00Z,NA,0,a
Tongue Reef (16-026),16-026,2025-09-19T00:00:00Z,NA,0,a
Tongue Reef (16-026),16-026,2025-09-19T00:00:00Z,NA,0,a
Tongue Reef (16-026),16-026,2025-09-19T00:00:00Z,NA,0,a
Tongue Reef (16-026),16-026,2025-09-19T00:00:00Z,NA,0,a
Tongue Reef (16-026),16-026,2025-09-19T00:00:00Z,NA,0,a
Tongue Reef (16-026),16-026,2025-09-19T00:00:00Z,NA,0,a
Tongue Reef (16-026),16-026,2025-09-19T00:00:00Z,NA,0,a
Tongue Reef (16-026),16-026,2025-09-19T00:00:00Z,NA,0,a
Tongue Reef (16-026),16-026,2025-09-19T00:00:00Z,NA,0,a
Tongue Reef (16-026),16-026,2025-09-19T00:00:00Z,NA,0,a
Tongue Reef (16-026),16-026,2025-09-19T00:00:00Z,NA,0,a
Tongue Reef (16-026),16-026,2025-09-19T00:00:00Z,NA,0,a
Tongue Reef (16-026),16-026,2025-09-19T00:00:00Z,NA,0,a
Tongue Reef (16-026),16-026,2025-09-19T00:00:00Z,NA,0,a
Tongue Reef (16-026),16-026,2025-09-19T00:00:00Z,NA,0,a
Tongue Reef (16-026),16-026,2025-09-19T00:00:00Z,NA,0,a
Tongue Reef (16-026),16-026,2025-09-19T00:00:00Z,NA,0,a
Tongue Reef (16-026),16-026,2025-09-19T00:00:00Z,NA,0,a
Tongue Reef (16-026),16-026,2025-09-19T00:00:00Z,NA,0,a
Tongue Reef (16-026),16-026,2025-09-19T00:00:00Z,NA,0,a
Tongue Reef (16-026),16-026,2025-09-19T00:00:00Z,NA,0,a
Tongue Reef (16-026),16-026,2025-09-19T00:00:00Z,NA,0,a
Tongue Reef (16-026),16-026,2025-09-19T00:00:00Z,NA,0,a
Tongue Reef (16-026),16-026,2025-09-19T00:00:00Z,NA,0,a
Tongue Reef (16-026),16-026,2025-09-19T00:00:00Z,NA,0,a
Tongue Reef (16-026),16-026,2025-09-19T00:00:00Z,NA,0,a
Tongue Reef (16-026),16-026,2025-09-19T00:00:00Z,NA,0,a
Tongue Reef (16-026),16-026,2025-09-19T00:00:00Z,NA,0,a
Tongue Reef (16-026),16-026,2025-09-19T00:00:00Z,NA,0,a
Tongue Reef (16-026),16-026,2025-09-19T00:00:00Z,NA,0,a
Tongue Reef (16-026),16-026,2025-09-19T00:00:00Z,NA,0,a
Tongue Reef (16-026),16-026,2025-09-19T00:00:00Z,NA,0,a
Tongue Reef (16-026),16-026,2025-09-19T00:00:00Z,NA,0,a
Tongue Reef (16-026),16-026,2025-09-19T00:00:00Z,NA,0,a
Tongue Reef (16-026),16-026,2025-09-19T00:00:00Z,NA,0,a
Tongue Reef (16-026),16-026,2025-09-19T00:00:00Z,NA,0,a
Tongue Reef (16-026),16-026,2025-09-19T00:00:00Z,NA,0,a
Tongue Reef (16-026),16-026,2025-09-19T00:00:00Z,NA,0,a
Tongue Reef (16-026),16-026,2025-09-19T00:00:00Z,NA,0,a
Tongue Reef (16-026),16-026,2025-09-19T00:00:00Z,NA,0,a
Tongue Reef (16-026),16-026,2025-09-19T00:00:00Z,NA,0,a
Tongue Reef (16-026),16-026,2025-09-19T00:00:00Z,NA,0,a
Tongue Reef (16-026),16-026,2025-09-19T00:00:00Z,NA,0,a
Tongue Reef (16-026),16-026,2025-09-19T00:00:00Z,NA,0,a
Tongue Reef (16-026),16-026,2025-09-19T00:00:00Z,NA,0,a
Lizard Island Reef (North West) (14-116a),14-116a,2025-12-21T00:00:00Z,NA,0,a
Lizard Island Reef (North West) (14-116a),14-116a,2025-12-21T00:00:00Z,NA,0,a
Lizard Island Reef (North West) (14-116a),14-116a,2025-12-21T00:00:00Z,NA,0,a
Lizard Island Reef (North West) (14-116a),14-116a,2025-12-21T00:00:00Z,NA,0,a
Lizard Island Reef (North West) (14-116a),14-116a,2025-12-21T00:00:00Z,NA,0,a
Lizard Island Reef (North West) (14-116a),14-116a,2025-12-21T00:00:00Z,NA,0,a
Lizard Island Reef (North West) (14-116a),14-116a,2025-12-21T00:00:00Z,NA,0,a
Lizard Island Reef (North West) (14-116a),14-116a,2025-12-21T00:00:00Z,NA,0,a
Lizard Island Reef (North West) (14-116a),14-116a,2025-12-21T00:00:00Z,NA,0,a
Lizard Island Reef (North West) (14-116a),14-116a,2025-12-21T00:00:00Z,NA,0,a
Lizard Island Reef (North West) (14-116a),14-116a,2025-12-21T00:00:00Z,NA,0,a
Lizard Island Reef (North West) (14-116a),14-116a,2025-12-21T00:00:00Z,NA,0,a
Lizard Island Reef (North West) (14-116a),14-116a,2025-12-21T00:00:00Z,NA,0,a
Lizard Island Reef (North West) (14-116a),14-116a,2025-12-21T00:00:00Z,NA,0,a
Lizard Island Reef (North West) (14-116a),14-116a,2025-12-21T00:00:00Z,NA,0,a
Lizard Island Reef (North West) (14-116a),14-116a,2025-12-21T00:00:00Z,NA,0,a
Lizard Island Reef (North West) (14-116a),14-116a,2025-12-21T00:00:00Z,NA,0,a
Lizard Island Reef (North West) (14-116a),14-116a,2025-12-21T00:00:00Z,NA,0,a
Lizard Island Reef (North West) (14-116a),14-116a,2025-12-21T00:00:00Z,NA,0,a
Lizard Island Reef (North West) (14-116a),14-116a,2025-12-21T00:00:00Z,NA,0,a
Lizard Island Reef (North West) (14-116a),14-116a,2025-12-21T00:00:00Z,NA,0,a
Lizard Island Reef (North West) (14-116a),14-116a,2025-12-21T00:00:00Z,NA,0,a
Lizard Island Reef (North West) (14-116a),14-116a,2025-12-21T00:00:00Z,NA,0,a
Lizard Island Reef (North West) (14-116a),14-116a,2025-12-21T00:00:00Z,NA,0,a
Lizard Island Reef (North West) (14-116a),14-116a,2025-12-21T00:00:00Z,NA,0,a
Lizard Island Reef (North West) (14-116a),14-116a,2025-12-21T00:00:00Z,NA,0,a
Lizard Island Reef (North West) (14-116a),14-116a,2025-12-21T00:00:00Z,NA,0,a
Lizard Island Reef (North West) (14-116a),14-116a,2025-12-21T00:00:00Z,NA,0,a
Lizard Island Reef (North West) (14-116a),14-116a,2025-12-21T00:00:00Z,NA,0,a
Lizard Island Reef (North West) (14-116a),14-116a,2025-12-21T00:00:00Z,NA,0,a
Lizard Island Reef (North West) (14-116a),14-116a,2025-12-21T00:00:00Z,NA,0,a
Lizard Island Reef (North West) (14-116a),14-116a,2025-12-21T00:00:00Z,NA,0,a
Lizard Island Reef (North West) (14-116a),14-116a,2025-12-21T00:00:00Z,NA,0,a
Lizard Island Reef (North West) (14-116a),14-116a,2025-12-21T00:00:00Z,NA,0,a
Lizard Island Reef (North West) (14-116a),14-116a,2025-12-21T00:00:00Z,NA,1,a
Lizard Island Reef (North West) (14-116a),14-116a,2025-12-21T00:00:00Z,NA,0,a
Lizard Island Reef (North West) (14-116a),14-116a,2025-12-21T00:00:00Z,NA,0,a
Lizard Island Reef (North West) (14-116a),14-116a,2025-12-21T00:00:00Z,NA,0,p
Lizard Island Reef (North West) (14-116a),14-116a,2025-12-21T00:00:00Z,NA,0,a
Lizard Island Reef (North West) (14-116a),14-116a,2025-12-21T00:00:00Z,NA,0,a
Lizard Island Reef (North West) (14-116a),14-116a,2025-12-21T00:00:00Z,NA,0,p
Lizard Island Reef (North West) (14-116a),14-116a,2025-12-21T00:00:00Z,NA,0,a
Lizard Island Reef (North West) (14-116a),14-116a,2025-12-21T00:00:00Z,NA,0,p
Lizard Island Reef (North West) (14-116a),14-116a,2025-12-21T00:00:00Z,NA,0,a
Lizard Island Reef (North West) (14-116a),14-116a,2025-12-21T00:00:00Z,NA,0,a
Lizard Island Reef (North West) (14-116a),14-116a,2025-12-21T00:00:00Z,NA,0,a
Lizard Island Reef (North West) (14-116a),14-116a,2025-12-21T00:00:00Z,NA,0,a
Lizard Island Reef (North West) (14-116a),14-116a,2025-12-21T00:00:00Z,NA,0,a
Lizard Island Reef (North West) (14-116a),14-116a,2025-12-21T00:00:00Z,NA,0,a
Lizard Island Reef (North West) (14-116a),14-116a,2025-12-21T00:00:00Z,NA,0,a
Lizard Island Reef (North West) (14-116a),14-116a,2025-12-21T00:00:00Z,NA,0,a
Lizard Island Reef (North West) (14-116a),14-116a,2025-12-21T00:00:00Z,NA,0,a
Lizard Island Reef (North West) (14-116a),14-116a,2025-12-21T00:00:00Z,NA,0,p
Lizard Island Reef (North West) (14-116a),14-116a,2025-12-21T00:00:00Z,NA,0,a
Lizard Island Reef (North West) (14-116a),14-116a,2025-12-21T00:00:00Z,NA,0,a
Lizard Island Reef (North West) (14-116a),14-116a,2025-12-21T00:00:00Z,NA,0,a
Lizard Island Reef (North West) (14-116a),14-116a,2025-12-21T00:00:00Z,NA,0,a
Lizard Island Reef (North West) (14-116a),14-116a,2025-12-21T00:00:00Z,NA,0,a
Lizard Island Reef (North West) (14-116a),14-116a,2025-12-21T00:00:00Z,NA,0,a
Lizard Island Reef (North West) (14-116a),14-116a,2025-12-21T00:00:00Z,NA,0,a
Lizard Island Reef (North West) (14-116a),14-116a,2025-12-21T00:00:00Z,NA,0,a
Lizard Island Reef (North West) (14-116a),14-116a,2025-12-21T00:00:00Z,NA,0,a
Lizard Island Reef (North West) (14-116a),14-116a,2025-12-21T00:00:00Z,NA,0,a
Lizard Island Reef (North West) (14-116a),14-116a,2025-12-21T00:00:00Z,NA,0,p
Lizard Island Reef (North West) (14-116a),14-116a,2025-12-21T00:00:00Z,NA,0,a
Lizard Island Reef (North West) (14-116a),14-116a,2025-12-21T00:00:00Z,NA,0,a
Lizard Island Reef (North West) (14-116a),14-116a,2025-12-21T00:00:00Z,NA,0,a
Lizard Island Reef (North West) (14-116a),14-116a,2025-12-21T00:00:00Z,NA,0,a
Lizard Island Reef (North West) (14-116a),14-116a,2025-12-21T00:00:00Z,NA,0,a
Lizard Island Reef (North West) (14-116a),14-116a,2025-12-21T00:00:00Z,NA,0,a
Lizard Island Reef (North West) (14-116a),14-116a,2025-12-21T00:00:00Z,NA,0,p
Lizard Island Reef (North West) (14-116a),14-116a,2025-12-21T00:00:00Z,NA,0,a
Lizard Island Reef (North West) (14-116a),14-116a,2025-12-21T00:00:00Z,NA,0,a
Lizard Island Reef (North West) (14-116a),14-116a,2025-12-21T00:00:00Z,NA,0,a
Lizard Island Reef (North West) (14-116a),14-116a,2025-12-21T00:00:00Z,NA,0,a
Lizard Island Reef (North West) (14-116a),14-116a,2025-12-21T00:00:00Z,NA,0,p
Lizard Island Reef (North West) (14-116a),14-116a,2025-12-21T00:00:00Z,NA,0,a
Lizard Island Reef (North West) (14-116a),14-116a,2025-12-21T00:00:00Z,NA,0,a
Lizard Island Reef (North West) (14-116a),14-116a,2025-12-21T00:00:00Z,NA,0,a
Lizard Island Reef (North West) (14-116a),14-116a,2025-12-21T00:00:00Z,NA,0,p
Lizard Island Reef (North West) (14-116a),14-116a,2025-12-21T00:00:00Z,NA,0,a
Lizard Island Reef (North West) (14-116a),14-116a,2025-12-21T00:00:00Z,NA,0,a
Lizard Island Reef (North West) (14-116a),14-116a,2025-12-21T00:00:00Z,NA,0,a
Lizard Island Reef (North West) (14-116a),14-116a,2025-12-21T00:00:00Z,NA,0,a
Lizard Island Reef (North West) (14-116a),14-116a,2025-12-21T00:00:00Z,NA,0,a
Lizard Island Reef (North West) (14-116a),14-116a,2025-12-21T00:00:00Z,NA,0,a
Lizard Island Reef (North West) (14-116a),14-116a,2025-12-21T00:00:00Z,NA,0,a
Lizard Island Reef (North West) (14-116a),14-116a,2025-12-21T00:00:00Z,NA,0,a
Lizard Island Reef (North West) (14-116a),14-116a,2025-12-21T00:00:00Z,NA,0,a
Batt Reef (16-029),16-029,2026-01-19T13:38:00Z,0,0,a
Batt Reef (16-029),16-029,2026-01-19T13:36:00Z,1,0,p
Batt Reef (16-029),16-029,2026-01-19T13:32:00Z,2,0,p
Batt Reef (16-029),16-029,2026-01-19T13:30:00Z,4,1,p
Batt Reef (16-029),16-029,2026-01-19T13:27:00Z,1,0,p
Batt Reef (16-029),16-029,2026-01-19T13:25:00Z,3,0,p
Batt Reef (16-029),16-029,2026-01-19T13:22:00Z,0,0,a
Batt Reef (16-029),16-029,2026-01-19T13:20:00Z,0,0,a
Batt Reef (16-029),16-029,2026-01-19T13:17:00Z,0,0,a
Batt Reef (16-029),16-029,2026-01-19T13:15:00Z,0,0,a
Batt Reef (16-029),16-029,2026-01-19T13:13:00Z,0,0,a
Batt Reef (16-029),16-029,2026-01-19T13:10:00Z,1,0,p
Batt Reef (16-029),16-029,2026-01-19T13:06:00Z,0,0,a
Batt Reef (16-029),16-029,2026-01-19T13:03:00Z,0,0,a
Batt Reef (16-029),16-029,2026-01-19T13:01:00Z,0,0,a
Batt Reef (16-029),16-029,2026-01-19T12:59:00Z,0,0,a
Batt Reef (16-029),16-029,2026-01-19T12:56:00Z,1,0,p
Batt Reef (16-029),16-029,2026-01-19T12:54:00Z,0,0,a
Batt Reef (16-029),16-029,2026-01-19T12:52:00Z,1,0,p
Batt Reef (16-029),16-029,2026-01-19T12:50:00Z,0,0,a
Batt Reef (16-029),16-029,2026-01-19T12:42:00Z,1,0,p
Batt Reef (16-029),16-029,2026-01-19T12:40:00Z,0,0,a
Batt Reef (16-029),16-029,2026-01-19T12:37:00Z,0,0,a
Batt Reef (16-029),16-029,2026-01-19T12:35:00Z,1,0,p
Batt Reef (16-029),16-029,2026-01-19T12:33:00Z,0,0,a
Batt Reef (16-029),16-029,2026-01-19T12:31:00Z,0,0,a
Batt Reef (16-029),16-029,2026-01-19T12:28:00Z,0,0,a
Batt Reef (16-029),16-029,2026-01-19T12:26:00Z,1,0,p
Batt Reef (16-029),16-029,2026-01-19T12:22:00Z,0,0,a
Batt Reef (16-029),16-029,2026-01-12T10:25:00Z,0,0,a
Batt Reef (16-029),16-029,2026-01-12T10:23:00Z,0,0,a
Batt Reef (16-029),16-029,2026-01-12T10:20:00Z,0,0,a
Batt Reef (16-029),16-029,2026-01-12T10:18:00Z,0,0,a
Batt Reef (16-029),16-029,2026-01-12T10:14:00Z,0,0,a
Batt Reef (16-029),16-029,2026-01-12T10:12:00Z,0,0,a
Batt Reef (16-029),16-029,2026-01-12T10:09:00Z,0,0,a
Batt Reef (16-029),16-029,2026-01-12T10:07:00Z,1,0,p
Batt Reef (16-029),16-029,2026-01-12T10:05:00Z,0,0,a
Batt Reef (16-029),16-029,2026-01-12T10:03:00Z,0,0,a
Batt Reef (16-029),16-029,2026-01-12T10:00:00Z,1,0,p
Batt Reef (16-029),16-029,2026-01-12T09:58:00Z,1,0,p
Batt Reef (16-029),16-029,2026-01-12T09:56:00Z,0,0,a
Batt Reef (16-029),16-029,2026-01-12T09:52:00Z,2,0,p
Batt Reef (16-029),16-029,2026-01-12T09:50:00Z,0,0,a
Batt Reef (16-029),16-029,2026-01-12T09:47:00Z,1,0,p
Batt Reef (16-029),16-029,2026-01-12T09:45:00Z,0,0,a
Batt Reef (16-029),16-029,2026-01-12T09:43:00Z,0,0,a
Batt Reef (16-029),16-029,2026-01-12T09:41:00Z,2,0,p
Batt Reef (16-029),16-029,2026-01-12T09:38:00Z,0,0,a
Batt Reef (16-029),16-029,2026-01-12T09:36:00Z,2,0,p
Batt Reef (16-029),16-029,2026-01-12T08:53:00Z,1,0,p
Batt Reef (16-029),16-029,2026-01-12T08:51:00Z,3,0,p
Batt Reef (16-029),16-029,2026-01-12T08:48:00Z,1,0,p
Batt Reef (16-029),16-029,2026-01-12T08:45:00Z,1,0,p
Batt Reef (16-029),16-029,2026-01-12T08:43:00Z,0,0,a
Batt Reef (16-029),16-029,2026-01-12T08:42:00Z,1,0,p
Batt Reef (16-029),16-029,2026-01-12T08:40:00Z,0,0,a
Batt Reef (16-029),16-029,2026-01-12T08:37:00Z,2,0,p
Batt Reef (16-029),16-029,2026-01-12T08:35:00Z,0,0,a
Batt Reef (16-029),16-029,2026-01-12T08:34:00Z,1,0,p
Batt Reef (16-029),16-029,2026-01-12T08:33:00Z,0,0,a
Batt Reef (16-029),16-029,2026-01-12T08:32:00Z,3,0,p
Batt Reef (16-029),16-029,2026-01-12T08:31:00Z,1,0,p
Batt Reef (16-029),16-029,2026-01-12T08:29:00Z,1,0,p
Batt Reef (16-029),16-029,2026-01-12T08:29:00Z,0,0,a
Batt Reef (16-029),16-029,2026-01-12T08:27:00Z,1,0,p
Batt Reef (16-029),16-029,2026-01-12T08:24:00Z,3,0,p
Lizard Island Reef (North West) (14-116a),14-116a,2025-12-14T14:02:00Z,2,0,p
Lizard Island Reef (North West) (14-116a),14-116a,2025-12-14T14:00:00Z,1,0,p
Lizard Island Reef (North West) (14-116a),14-116a,2025-12-14T13:57:00Z,0,0,a
Lizard Island Reef (North West) (14-116a),14-116a,2025-12-14T13:55:00Z,0,0,a
Lizard Island Reef (North West) (14-116a),14-116a,2025-12-14T13:48:00Z,0,0,a
Lizard Island Reef (North West) (14-116a),14-116a,2025-12-14T13:46:00Z,1,0,p
Lizard Island Reef (North West) (14-116a),14-116a,2025-12-14T13:43:00Z,0,0,a
Lizard Island Reef (North West) (14-116a),14-116a,2025-12-14T13:41:00Z,0,0,a
Lizard Island Reef (North West) (14-116a),14-116a,2025-12-14T13:38:00Z,0,0,a
Lizard Island Reef (North West) (14-116a),14-116a,2025-12-14T13:35:00Z,0,0,a
Lizard Island Reef (North West) (14-116a),14-116a,2025-12-14T13:33:00Z,0,0,a
Lizard Island Reef (North West) (14-116a),14-116a,2025-12-14T13:29:00Z,0,0,a
Lizard Island Reef (North West) (14-116a),14-116a,2025-12-14T13:27:00Z,0,0,a
Lizard Island Reef (North West) (14-116a),14-116a,2025-12-14T13:23:00Z,0,0,a
Lizard Island Reef (North West) (14-116a),14-116a,2025-12-14T13:20:00Z,3,1,p
Lizard Island Reef (North West) (14-116a),14-116a,2025-12-14T13:10:00Z,0,0,a
Lizard Island Reef (North West) (14-116a),14-116a,2025-12-14T13:07:00Z,2,1,p
Lizard Island Reef (North West) (14-116a),14-116a,2025-12-14T13:04:00Z,1,0,p
Batt Reef (16-029),16-029,2025-03-09T10:10:00Z,NA,0,a
Batt Reef (16-029),16-029,2025-03-09T10:08:00Z,NA,0,a
Batt Reef (16-029),16-029,2025-03-09T10:05:00Z,NA,0,a
Batt Reef (16-029),16-029,2025-03-09T10:03:00Z,NA,0,a
Batt Reef (16-029),16-029,2025-03-09T10:00:00Z,NA,0,a
Batt Reef (16-029),16-029,2025-03-09T09:57:00Z,NA,0,a
Batt Reef (16-029),16-029,2025-03-09T09:55:00Z,NA,0,a
Batt Reef (16-029),16-029,2025-03-09T09:53:00Z,NA,0,a
Batt Reef (16-029),16-029,2025-03-09T09:51:00Z,NA,0,a
Batt Reef (16-029),16-029,2025-03-09T09:48:00Z,NA,0,a
Batt Reef (16-029),16-029,2025-03-09T09:46:00Z,NA,0,a
Batt Reef (16-029),16-029,2025-03-09T09:44:00Z,NA,0,a
Batt Reef (16-029),16-029,2025-03-09T09:41:00Z,NA,0,a
Batt Reef (16-029),16-029,2025-03-09T09:39:00Z,NA,0,a
Batt Reef (16-029),16-029,2025-03-09T09:36:00Z,NA,0,a
Batt Reef (16-029),16-029,2025-03-09T09:34:00Z,NA,0,a
Batt Reef (16-029),16-029,2025-03-09T09:31:00Z,NA,0,a
Batt Reef (16-029),16-029,2025-03-09T09:29:00Z,NA,0,a
Batt Reef (16-029),16-029,2025-03-09T09:26:00Z,NA,0,a
Batt Reef (16-029),16-029,2025-03-09T09:23:00Z,NA,0,p
Batt Reef (16-029),16-029,2025-03-09T09:21:00Z,NA,0,p
Batt Reef (16-029),16-029,2025-03-09T09:18:00Z,NA,0,p
Batt Reef (16-029),16-029,2025-03-09T09:15:00Z,NA,0,p
Batt Reef (16-029),16-029,2025-03-09T09:00:00Z,NA,0,a
Batt Reef (16-029),16-029,2025-03-09T08:58:00Z,NA,0,a
Batt Reef (16-029),16-029,2025-03-09T08:55:00Z,NA,0,a
Batt Reef (16-029),16-029,2025-03-09T08:53:00Z,NA,0,a
Batt Reef (16-029),16-029,2025-03-09T08:50:00Z,NA,0,a
Batt Reef (16-029),16-029,2025-03-09T08:47:00Z,NA,0,a
Batt Reef (16-029),16-029,2025-03-09T08:45:00Z,NA,0,a
Batt Reef (16-029),16-029,2025-03-09T08:42:00Z,NA,0,a
Batt Reef (16-029),16-029,2025-03-09T08:39:00Z,NA,0,a
Batt Reef (16-029),16-029,2025-03-09T08:36:00Z,NA,0,a
Batt Reef (16-029),16-029,2025-03-09T08:34:00Z,NA,0,p
Batt Reef (16-029),16-029,2025-03-09T08:31:00Z,NA,0,p
Batt Reef (16-029),16-029,2025-03-09T08:29:00Z,NA,0,a
Batt Reef (16-029),16-029,2025-03-09T08:26:00Z,NA,0,a
Batt Reef (16-029),16-029,2025-03-09T08:24:00Z,NA,0,a
Batt Reef (16-029),16-029,2025-03-09T08:21:00Z,NA,0,a
Batt Reef (16-029),16-029,2025-03-09T08:19:00Z,NA,0,p
Batt Reef (16-029),16-029,2025-03-09T08:16:00Z,NA,0,p
Batt Reef (16-029),16-029,2025-03-09T08:13:00Z,NA,0,p
Batt Reef (16-029),16-029,2025-03-09T08:11:00Z,NA,0,a
Batt Reef (16-029),16-029,2025-03-09T08:08:00Z,NA,0,a
Batt Reef (16-029),16-029,2025-03-08T12:11:00Z,NA,0,p
Batt Reef (16-029),16-029,2025-03-08T12:08:00Z,NA,0,a
Batt Reef (16-029),16-029,2025-03-08T12:06:00Z,NA,0,a
Batt Reef (16-029),16-029,2025-03-08T12:03:00Z,NA,0,a
Batt Reef (16-029),16-029,2025-03-08T12:00:00Z,NA,0,a
Batt Reef (16-029),16-029,2025-03-08T11:58:00Z,NA,0,p
Batt Reef (16-029),16-029,2025-03-08T11:55:00Z,NA,0,a
Batt Reef (16-029),16-029,2025-03-08T11:52:00Z,NA,0,p
Batt Reef (16-029),16-029,2025-03-08T11:49:00Z,NA,0,a
Batt Reef (16-029),16-029,2025-03-08T11:46:00Z,NA,0,a
Batt Reef (16-029),16-029,2025-03-08T11:43:00Z,NA,0,a
Batt Reef (16-029),16-029,2025-03-08T11:41:00Z,NA,0,a
Batt Reef (16-029),16-029,2025-03-08T11:38:00Z,NA,0,a
Batt Reef (16-029),16-029,2025-03-08T11:35:00Z,NA,0,a
Batt Reef (16-029),16-029,2025-03-08T11:32:00Z,NA,0,a
Batt Reef (16-029),16-029,2025-03-08T11:29:00Z,NA,0,a
Batt Reef (16-029),16-029,2025-03-08T11:26:00Z,NA,0,a
Batt Reef (16-029),16-029,2025-03-08T11:23:00Z,NA,0,a
Batt Reef (16-029),16-029,2025-03-08T11:20:00Z,NA,0,a
Batt Reef (16-029),16-029,2025-03-08T11:16:00Z,NA,0,a
Batt Reef (16-029),16-029,2025-03-08T11:12:00Z,NA,0,p
Batt Reef (16-029),16-029,2025-03-08T11:09:00Z,NA,0,a
Batt Reef (16-029),16-029,2025-03-08T11:06:00Z,NA,0,a
Batt Reef (16-029),16-029,2025-03-08T11:03:00Z,NA,0,p
Batt Reef (16-029),16-029,2025-03-08T11:00:00Z,NA,0,a
Batt Reef (16-029),16-029,2025-03-08T10:57:00Z,NA,0,a
Batt Reef (16-029),16-029,2025-03-08T10:51:00Z,NA,0,a
Batt Reef (16-029),16-029,2025-03-08T10:48:00Z,NA,0,a
Batt Reef (16-029),16-029,2025-03-08T10:44:00Z,NA,0,p
Batt Reef (16-029),16-029,2025-03-08T10:12:00Z,NA,0,p
Batt Reef (16-029),16-029,2025-03-08T10:10:00Z,NA,0,p
Batt Reef (16-029),16-029,2025-03-08T10:07:00Z,NA,0,p
Batt Reef (16-029),16-029,2025-03-08T10:04:00Z,NA,1,p
Batt Reef (16-029),16-029,2025-03-08T10:01:00Z,NA,0,a
Batt Reef (16-029),16-029,2025-03-08T09:58:00Z,NA,0,p
Batt Reef (16-029),16-029,2025-03-08T09:56:00Z,NA,0,a
Batt Reef (16-029),16-029,2025-03-08T09:53:00Z,NA,0,a
Batt Reef (16-029),16-029,2025-03-08T09:49:00Z,NA,0,a
Batt Reef (16-029),16-029,2025-03-08T09:46:00Z,NA,0,a
Batt Reef (16-029),16-029,2025-03-08T09:43:00Z,NA,0,a
Batt Reef (16-029),16-029,2025-03-08T09:40:00Z,NA,1,p
Batt Reef (16-029),16-029,2025-03-08T09:37:00Z,NA,0,p
Batt Reef (16-029),16-029,2025-03-08T09:35:00Z,NA,0,p
Batt Reef (16-029),16-029,2025-03-08T09:32:00Z,NA,0,p
Batt Reef (16-029),16-029,2025-03-08T09:29:00Z,NA,0,p
Batt Reef (16-029),16-029,2025-03-08T09:26:00Z,NA,0,a
Batt Reef (16-029),16-029,2025-03-08T09:23:00Z,NA,0,a
Batt Reef (16-029),16-029,2025-03-08T09:21:00Z,NA,0,a
Batt Reef (16-029),16-029,2025-03-08T09:19:00Z,NA,0,a
Batt Reef (16-029),16-029,2025-03-08T09:16:00Z,NA,0,a
Batt Reef (16-029),16-029,2025-03-08T09:13:00Z,NA,0,p
Batt Reef (16-029),16-029,2025-03-08T09:10:00Z,NA,0,p
Batt Reef (16-029),16-029,2025-03-08T09:07:00Z,NA,0,a
Batt Reef (16-029),16-029,2025-03-08T09:05:00Z,NA,0,p
Batt Reef (16-029),16-029,2025-03-08T09:01:00Z,NA,0,p
Batt Reef (16-029),16-029,2025-03-08T08:59:00Z,NA,0,p
Batt Reef (16-029),16-029,2025-03-08T08:56:00Z,NA,0,a
Batt Reef (16-029),16-029,2025-03-08T08:54:00Z,NA,0,a
Batt Reef (16-029),16-029,2025-03-08T08:52:00Z,NA,0,p
Tongue Reef (16-026),16-026,2025-02-12T10:21:00Z,NA,0,a
Tongue Reef (16-026),16-026,2025-02-12T10:18:00Z,NA,0,a
Tongue Reef (16-026),16-026,2025-02-12T10:16:00Z,NA,0,a
Tongue Reef (16-026),16-026,2025-02-12T10:02:00Z,NA,0,a
Tongue Reef (16-026),16-026,2025-02-12T09:59:00Z,NA,0,a
Tongue Reef (16-026),16-026,2025-02-12T09:57:00Z,NA,0,a
Tongue Reef (16-026),16-026,2025-02-12T09:54:00Z,NA,0,a
Tongue Reef (16-026),16-026,2025-02-12T09:52:00Z,NA,0,a
Tongue Reef (16-026),16-026,2025-02-12T09:50:00Z,NA,0,a
Tongue Reef (16-026),16-026,2025-02-12T09:48:00Z,NA,0,a
Tongue Reef (16-026),16-026,2025-02-12T09:45:00Z,NA,0,a
Tongue Reef (16-026),16-026,2025-02-12T09:43:00Z,NA,0,a
Tongue Reef (16-026),16-026,2025-02-12T09:40:00Z,NA,0,a
Tongue Reef (16-026),16-026,2025-02-12T09:38:00Z,NA,0,a
Tongue Reef (16-026),16-026,2025-02-12T09:36:00Z,NA,0,a
Tongue Reef (16-026),16-026,2025-02-12T09:34:00Z,NA,0,a
Tongue Reef (16-026),16-026,2025-02-12T09:31:00Z,NA,0,a
Tongue Reef (16-026),16-026,2025-02-12T09:29:00Z,NA,0,a
Tongue Reef (16-026),16-026,2025-02-12T09:26:00Z,NA,0,a
Tongue Reef (16-026),16-026,2025-02-12T09:23:00Z,NA,0,a
Tongue Reef (16-026),16-026,2025-02-12T09:11:00Z,NA,0,a
Tongue Reef (16-026),16-026,2025-02-12T09:09:00Z,NA,0,a
Tongue Reef (16-026),16-026,2025-02-12T09:07:00Z,NA,0,a
Tongue Reef (16-026),16-026,2025-02-12T09:05:00Z,NA,0,a
Tongue Reef (16-026),16-026,2025-02-12T09:02:00Z,NA,0,a
Tongue Reef (16-026),16-026,2025-02-12T09:00:00Z,NA,0,a
Tongue Reef (16-026),16-026,2025-02-12T08:58:00Z,NA,0,a
Tongue Reef (16-026),16-026,2025-02-12T08:55:00Z,NA,0,a
Tongue Reef (16-026),16-026,2025-02-12T08:53:00Z,NA,0,a
Tongue Reef (16-026),16-026,2025-02-12T08:51:00Z,NA,0,a
Tongue Reef (16-026),16-026,2025-02-12T08:49:00Z,NA,0,a
Tongue Reef (16-026),16-026,2025-02-12T08:46:00Z,NA,0,a
Tongue Reef (16-026),16-026,2025-02-12T08:43:00Z,NA,0,a
Tongue Reef (16-026),16-026,2025-02-12T08:41:00Z,NA,0,a
Tongue Reef (16-026),16-026,2025-02-12T08:39:00Z,NA,0,a
Tongue Reef (16-026),16-026,2025-02-12T08:36:00Z,NA,0,a
Tongue Reef (16-026),16-026,2025-02-12T08:34:00Z,NA,0,a
Tongue Reef (16-026),16-026,2025-02-12T08:28:00Z,NA,0,a
Tongue Reef (16-026),16-026,2025-02-12T08:26:00Z,NA,0,a
Tongue Reef (16-026),16-026,2025-02-12T08:20:00Z,NA,0,a
Tongue Reef (16-026),16-026,2025-02-11T10:16:00Z,NA,0,a
Tongue Reef (16-026),16-026,2025-02-11T10:14:00Z,NA,0,a
Tongue Reef (16-026),16-026,2025-02-11T10:10:00Z,NA,0,a
Tongue Reef (16-026),16-026,2025-02-11T10:08:00Z,NA,0,a
Tongue Reef (16-026),16-026,2025-02-11T10:05:00Z,NA,0,a
Tongue Reef (16-026),16-026,2025-02-11T10:03:00Z,NA,0,a
Tongue Reef (16-026),16-026,2025-02-11T10:03:00Z,NA,0,a
Tongue Reef (16-026),16-026,2025-02-11T10:00:00Z,NA,0,a
Tongue Reef (16-026),16-026,2025-02-11T10:00:00Z,NA,0,a
Tongue Reef (16-026),16-026,2025-02-11T09:58:00Z,NA,0,a
Tongue Reef (16-026),16-026,2025-02-11T09:58:00Z,NA,0,a
Tongue Reef (16-026),16-026,2025-02-11T09:56:00Z,NA,0,a
Tongue Reef (16-026),16-026,2025-02-11T09:55:00Z,NA,0,a
Tongue Reef (16-026),16-026,2025-02-11T09:54:00Z,NA,0,a
Tongue Reef (16-026),16-026,2025-02-11T09:53:00Z,NA,0,a
Tongue Reef (16-026),16-026,2025-02-11T09:51:00Z,NA,0,a
Tongue Reef (16-026),16-026,2025-02-11T09:50:00Z,NA,0,a
Tongue Reef (16-026),16-026,2025-02-11T09:49:00Z,NA,0,a
Tongue Reef (16-026),16-026,2025-02-11T09:48:00Z,NA,0,a
Tongue Reef (16-026),16-026,2025-02-11T09:45:00Z,NA,0,a
Tongue Reef (16-026),16-026,2025-02-11T09:43:00Z,NA,0,a
Tongue Reef (16-026),16-026,2025-02-11T09:41:00Z,NA,0,a
Tongue Reef (16-026),16-026,2025-02-11T09:41:00Z,NA,0,a
Tongue Reef (16-026),16-026,2025-02-11T09:38:00Z,NA,0,a
Tongue Reef (16-026),16-026,2025-02-11T09:38:00Z,NA,0,a
Tongue Reef (16-026),16-026,2025-02-11T09:36:00Z,NA,0,a
Tongue Reef (16-026),16-026,2025-02-11T09:36:00Z,NA,0,a
Tongue Reef (16-026),16-026,2025-02-11T09:34:00Z,NA,0,a
Tongue Reef (16-026),16-026,2025-02-11T09:33:00Z,NA,0,a
Tongue Reef (16-026),16-026,2025-02-11T09:32:00Z,NA,0,a
Tongue Reef (16-026),16-026,2025-02-11T09:31:00Z,NA,0,a
Tongue Reef (16-026),16-026,2025-02-11T09:29:00Z,NA,0,a
Tongue Reef (16-026),16-026,2025-02-11T09:28:00Z,NA,0,a
Tongue Reef (16-026),16-026,2025-02-11T09:26:00Z,NA,0,a
Tongue Reef (16-026),16-026,2025-02-11T09:26:00Z,NA,0,a
Tongue Reef (16-026),16-026,2025-02-11T09:24:00Z,NA,0,a
Tongue Reef (16-026),16-026,2025-02-11T09:24:00Z,NA,0,a
Tongue Reef (16-026),16-026,2025-02-11T09:22:00Z,NA,0,a
Tongue Reef (16-026),16-026,2025-02-11T09:21:00Z,NA,0,a
Tongue Reef (16-026),16-026,2025-02-11T09:19:00Z,NA,0,a
Tongue Reef (16-026),16-026,2025-02-11T09:17:00Z,NA,0,a
Tongue Reef (16-026),16-026,2025-02-11T09:15:00Z,NA,0,a
Tongue Reef (16-026),16-026,2025-02-11T09:14:00Z,NA,0,a
Tongue Reef (16-026),16-026,2025-02-11T09:12:00Z,NA,0,a
Tongue Reef (16-026),16-026,2025-02-11T09:11:00Z,NA,0,a
Tongue Reef (16-026),16-026,2025-02-11T09:09:00Z,NA,0,a
Tongue Reef (16-026),16-026,2025-02-11T09:07:00Z,NA,0,a
Tongue Reef (16-026),16-026,2025-02-11T09:06:00Z,NA,0,a
Tongue Reef (16-026),16-026,2025-02-11T09:05:00Z,NA,0,a
Tongue Reef (16-026),16-026,2025-02-11T09:04:00Z,NA,0,a
Tongue Reef (16-026),16-026,2025-02-11T09:03:00Z,NA,0,a
Tongue Reef (16-026),16-026,2025-02-11T09:02:00Z,NA,0,a
Tongue Reef (16-026),16-026,2025-02-11T09:00:00Z,NA,0,a
Tongue Reef (16-026),16-026,2025-02-11T08:59:00Z,NA,0,a
Tongue Reef (16-026),16-026,2025-02-11T08:58:00Z,NA,0,a
Tongue Reef (16-026),16-026,2025-02-11T08:57:00Z,NA,0,a
Tongue Reef (16-026),16-026,2025-02-11T08:56:00Z,NA,0,a
Tongue Reef (16-026),16-026,2025-02-11T08:55:00Z,NA,0,a
Tongue Reef (16-026),16-026,2025-02-11T08:52:00Z,NA,0,a
Tongue Reef (16-026),16-026,2025-02-11T08:50:00Z,NA,0,a
Tongue Reef (16-026),16-026,2025-02-11T08:48:00Z,NA,0,a
Tongue Reef (16-026),16-026,2025-02-11T08:48:00Z,NA,0,a
Tongue Reef (16-026),16-026,2025-02-11T08:45:00Z,NA,0,a
Tongue Reef (16-026),16-026,2025-02-11T08:45:00Z,NA,0,a
Tongue Reef (16-026),16-026,2025-02-11T08:43:00Z,NA,0,a
Tongue Reef (16-026),16-026,2025-02-11T08:42:00Z,NA,0,a
Tongue Reef (16-026),16-026,2025-02-11T08:40:00Z,NA,0,a
Tongue Reef (16-026),16-026,2025-02-11T08:40:00Z,NA,0,a
Tongue Reef (16-026),16-026,2025-02-11T08:38:00Z,NA,0,a
Tongue Reef (16-026),16-026,2025-02-11T08:38:00Z,NA,0,a
Tongue Reef (16-026),16-026,2025-02-11T08:36:00Z,NA,0,a
Tongue Reef (16-026),16-026,2025-02-11T08:36:00Z,NA,0,a
Tongue Reef (16-026),16-026,2025-02-11T08:34:00Z,NA,0,a
Tongue Reef (16-026),16-026,2025-02-11T08:34:00Z,NA,0,a
Tongue Reef (16-026),16-026,2025-02-11T08:32:00Z,NA,0,a
Tongue Reef (16-026),16-026,2025-02-11T08:31:00Z,NA,0,a
Tongue Reef (16-026),16-026,2025-02-11T08:29:00Z,NA,0,a
Tongue Reef (16-026),16-026,2025-02-11T08:29:00Z,NA,0,a
Tongue Reef (16-026),16-026,2025-02-11T08:27:00Z,NA,0,a
Tongue Reef (16-026),16-026,2025-02-11T08:24:00Z,NA,0,a
Tongue Reef (16-026),16-026,2025-02-10T11:15:00Z,NA,0,a
Tongue Reef (16-026),16-026,2025-02-10T11:10:00Z,NA,0,a
Tongue Reef (16-026),16-026,2025-02-10T11:05:00Z,NA,0,a
Tongue Reef (16-026),16-026,2025-02-10T11:03:00Z,NA,0,a
Tongue Reef (16-026),16-026,2025-02-10T11:01:00Z,NA,0,a
Tongue Reef (16-026),16-026,2025-02-10T10:58:00Z,NA,0,a
Tongue Reef (16-026),16-026,2025-02-10T10:56:00Z,NA,0,a
Tongue Reef (16-026),16-026,2025-02-10T10:54:00Z,NA,0,a
Tongue Reef (16-026),16-026,2025-02-10T10:52:00Z,NA,0,a
Tongue Reef (16-026),16-026,2025-02-10T10:50:00Z,NA,0,a
Tongue Reef (16-026),16-026,2025-02-10T10:47:00Z,NA,0,a
Tongue Reef (16-026),16-026,2025-02-10T10:45:00Z,NA,0,a
Tongue Reef (16-026),16-026,2025-02-10T10:42:00Z,NA,0,a
Tongue Reef (16-026),16-026,2025-02-10T10:40:00Z,NA,0,a
Tongue Reef (16-026),16-026,2025-02-10T10:38:00Z,NA,0,a
Tongue Reef (16-026),16-026,2025-02-10T10:36:00Z,NA,0,a
Tongue Reef (16-026),16-026,2025-02-10T10:33:00Z,NA,0,a
Tongue Reef (16-026),16-026,2025-02-10T10:31:00Z,NA,0,a
Tongue Reef (16-026),16-026,2025-02-10T10:28:00Z,NA,0,a
Tongue Reef (16-026),16-026,2025-02-10T10:21:00Z,NA,0,a
Tongue Reef (16-026),16-026,2025-02-10T10:19:00Z,NA,0,a
Tongue Reef (16-026),16-026,2025-02-10T10:16:00Z,NA,0,a
Tongue Reef (16-026),16-026,2025-02-10T10:14:00Z,NA,0,a
Tongue Reef (16-026),16-026,2025-02-10T10:12:00Z,NA,0,a
Tongue Reef (16-026),16-026,2025-02-10T10:09:00Z,NA,0,a
Tongue Reef (16-026),16-026,2025-02-10T10:07:00Z,NA,0,a
Tongue Reef (16-026),16-026,2025-02-10T10:04:00Z,NA,0,a
Tongue Reef (16-026),16-026,2025-02-10T10:02:00Z,NA,0,a
Tongue Reef (16-026),16-026,2025-02-10T10:00:00Z,NA,0,a
Tongue Reef (16-026),16-026,2025-02-10T09:57:00Z,NA,0,a
Tongue Reef (16-026),16-026,2025-02-10T09:54:00Z,NA,0,a
Tongue Reef (16-026),16-026,2025-02-10T09:52:00Z,NA,0,a
Tongue Reef (16-026),16-026,2025-02-10T09:45:00Z,NA,0,a
Tongue Reef (16-026),16-026,2025-02-10T09:43:00Z,NA,0,a
Tongue Reef (16-026),16-026,2025-02-10T09:40:00Z,NA,0,a
Tongue Reef (16-026),16-026,2025-02-10T09:38:00Z,NA,0,a
Tongue Reef (16-026),16-026,2025-02-10T09:36:00Z,NA,0,a
Tongue Reef (16-026),16-026,2025-02-10T09:33:00Z,NA,0,a
Tongue Reef (16-026),16-026,2025-02-10T09:31:00Z,NA,0,a
Tongue Reef (16-026),16-026,2025-02-10T09:21:00Z,NA,0,a
Tongue Reef (16-026),16-026,2025-02-10T09:18:00Z,NA,0,a
Tongue Reef (16-026),16-026,2025-02-10T09:16:00Z,NA,0,a
Tongue Reef (16-026),16-026,2025-02-10T09:13:00Z,NA,0,a
Tongue Reef (16-026),16-026,2025-02-10T09:10:00Z,NA,0,a
Tongue Reef (16-026),16-026,2025-02-10T09:08:00Z,NA,0,a
Tongue Reef (16-026),16-026,2025-02-10T09:06:00Z,NA,0,a
Tongue Reef (16-026),16-026,2025-02-10T09:03:00Z,NA,0,a
Tongue Reef (16-026),16-026,2025-02-10T09:00:00Z,NA,0,a
Tongue Reef (16-026),16-026,2025-02-10T08:57:00Z,NA,0,a
Tongue Reef (16-026),16-026,2025-02-10T08:55:00Z,NA,0,a
Tongue Reef (16-026),16-026,2025-02-10T08:52:00Z,NA,0,a
Tongue Reef (16-026),16-026,2025-02-10T08:49:00Z,NA,0,a
Tongue Reef (16-026),16-026,2025-02-10T08:47:00Z,NA,0,a
Tongue Reef (16-026),16-026,2025-02-10T08:44:00Z,NA,0,a
Tongue Reef (16-026),16-026,2025-02-10T08:41:00Z,NA,0,a
Tongue Reef (16-026),16-026,2025-02-10T08:39:00Z,NA,0,a
Tongue Reef (16-026),16-026,2025-02-10T08:36:00Z,NA,0,a
Tongue Reef (16-026),16-026,2025-02-10T08:34:00Z,NA,0,a
Tongue Reef (16-026),16-026,2025-02-10T08:31:00Z,NA,0,a
Tongue Reef (16-026),16-026,2025-02-09T12:41:00Z,NA,0,p
Tongue Reef (16-026),16-026,2025-02-09T12:38:00Z,NA,0,p
Tongue Reef (16-026),16-026,2025-02-09T12:35:00Z,NA,0,a
Tongue Reef (16-026),16-026,2025-02-09T12:32:00Z,NA,0,a
Tongue Reef (16-026),16-026,2025-02-09T12:28:00Z,NA,0,a
Tongue Reef (16-026),16-026,2025-02-09T12:25:00Z,NA,0,a
Tongue Reef (16-026),16-026,2025-02-09T12:23:00Z,NA,0,a
Tongue Reef (16-026),16-026,2025-02-09T12:20:00Z,NA,0,a
Tongue Reef (16-026),16-026,2025-02-09T12:17:00Z,NA,0,p
Tongue Reef (16-026),16-026,2025-02-09T12:14:00Z,NA,0,a
Tongue Reef (16-026),16-026,2025-02-09T12:11:00Z,NA,0,a
Tongue Reef (16-026),16-026,2025-02-09T12:08:00Z,NA,0,a
Tongue Reef (16-026),16-026,2025-02-09T12:05:00Z,NA,0,a
Tongue Reef (16-026),16-026,2025-02-09T12:02:00Z,NA,0,a
Tongue Reef (16-026),16-026,2025-02-09T11:59:00Z,NA,0,a
Tongue Reef (16-026),16-026,2025-02-09T11:56:00Z,NA,0,a
Tongue Reef (16-026),16-026,2025-02-09T11:53:00Z,NA,0,a
Tongue Reef (16-026),16-026,2025-02-09T11:44:00Z,NA,0,a
Tongue Reef (16-026),16-026,2025-02-09T11:41:00Z,NA,0,a
Tongue Reef (16-026),16-026,2025-02-09T11:38:00Z,NA,0,a
Tongue Reef (16-026),16-026,2025-02-09T11:36:00Z,NA,0,a
Tongue Reef (16-026),16-026,2025-02-09T11:33:00Z,NA,0,a
Tongue Reef (16-026),16-026,2025-02-09T11:31:00Z,NA,0,a
Tongue Reef (16-026),16-026,2025-02-09T11:28:00Z,NA,0,a
Tongue Reef (16-026),16-026,2025-02-09T11:19:00Z,NA,0,a
Tongue Reef (16-026),16-026,2025-02-09T11:17:00Z,NA,0,a
Tongue Reef (16-026),16-026,2025-02-09T11:14:00Z,NA,0,a
Tongue Reef (16-026),16-026,2025-02-09T11:12:00Z,NA,0,a
Tongue Reef (16-026),16-026,2025-02-09T11:09:00Z,NA,0,a
Tongue Reef (16-026),16-026,2025-02-09T11:07:00Z,NA,0,a
Tongue Reef (16-026),16-026,2025-02-09T11:04:00Z,NA,0,a
Tongue Reef (16-026),16-026,2025-02-09T11:01:00Z,NA,0,a
Tongue Reef (16-026),16-026,2025-02-09T10:59:00Z,NA,0,a
Tongue Reef (16-026),16-026,2025-02-09T10:56:00Z,NA,0,a
Tongue Reef (16-026),16-026,2025-02-09T10:54:00Z,NA,0,a
Tongue Reef (16-026),16-026,2025-02-09T10:51:00Z,NA,0,a
Tongue Reef (16-026),16-026,2025-02-09T10:48:00Z,NA,0,a
Tongue Reef (16-026),16-026,2025-02-09T10:37:00Z,NA,0,a
Tongue Reef (16-026),16-026,2025-02-09T10:33:00Z,NA,0,a
Tongue Reef (16-026),16-026,2025-02-09T10:30:00Z,NA,0,a
Tongue Reef (16-026),16-026,2025-02-09T10:27:00Z,NA,0,a
Tongue Reef (16-026),16-026,2025-02-09T10:24:00Z,NA,0,a
Tongue Reef (16-026),16-026,2025-02-09T10:21:00Z,NA,0,a
Tongue Reef (16-026),16-026,2025-02-09T10:17:00Z,NA,0,a
Tongue Reef (16-026),16-026,2025-02-09T10:14:00Z,NA,0,a
Tongue Reef (16-026),16-026,2025-02-09T10:10:00Z,NA,0,a
Tongue Reef (16-026),16-026,2025-02-09T10:06:00Z,NA,0,a
Tongue Reef (16-026),16-026,2025-02-09T10:03:00Z,NA,0,a
Tongue Reef (16-026),16-026,2025-02-09T10:00:00Z,NA,0,a
Tongue Reef (16-026),16-026,2025-02-09T09:58:00Z,NA,0,a
Tongue Reef (16-026),16-026,2025-02-09T09:54:00Z,NA,0,a
Tongue Reef (16-026),16-026,2025-02-09T09:51:00Z,NA,0,a
Tongue Reef (16-026),16-026,2025-02-09T09:48:00Z,NA,0,a
Tongue Reef (16-026),16-026,2025-02-09T09:43:00Z,NA,0,a
Tongue Reef (16-026),16-026,2025-02-09T09:39:00Z,NA,0,a
Tongue Reef (16-026),16-026,2025-02-09T09:35:00Z,NA,0,a
Tongue Reef (16-026),16-026,2025-02-09T09:31:00Z,NA,0,a
Tongue Reef (16-026),16-026,2025-02-09T09:16:00Z,NA,0,a
Tongue Reef (16-026),16-026,2025-02-09T09:13:00Z,NA,0,a
Tongue Reef (16-026),16-026,2025-02-09T09:11:00Z,NA,0,a
Tongue Reef (16-026),16-026,2025-02-09T09:08:00Z,NA,0,a
Tongue Reef (16-026),16-026,2025-02-09T09:06:00Z,NA,0,a
Tongue Reef (16-026),16-026,2025-02-09T09:03:00Z,NA,0,a
Tongue Reef (16-026),16-026,2025-02-09T09:01:00Z,NA,0,a
Tongue Reef (16-026),16-026,2025-02-09T08:54:00Z,NA,0,a
Tongue Reef (16-026),16-026,2025-02-09T08:51:00Z,NA,0,a
Tongue Reef (16-026),16-026,2025-02-09T08:49:00Z,NA,0,a
Tongue Reef (16-026),16-026,2025-02-09T08:46:00Z,NA,0,a
Tongue Reef (16-026),16-026,2025-02-09T08:44:00Z,NA,0,a
Tongue Reef (16-026),16-026,2025-02-09T08:41:00Z,NA,0,p
Tongue Reef (16-026),16-026,2025-02-09T08:38:00Z,NA,0,p
Tongue Reef (16-026),16-026,2025-02-09T08:36:00Z,NA,0,a
Tongue Reef (16-026),16-026,2025-02-09T08:33:00Z,NA,0,a
Tongue Reef (16-026),16-026,2025-02-09T08:30:00Z,NA,0,a
Tongue Reef (16-026),16-026,2025-02-09T08:28:00Z,NA,0,a
Tongue Reef (16-026),16-026,2025-02-09T08:24:00Z,NA,0,a
Tongue Reef (16-026),16-026,2025-02-09T08:22:00Z,NA,0,a
Tongue Reef (16-026),16-026,2025-02-07T12:07:00Z,NA,0,a
Tongue Reef (16-026),16-026,2025-02-07T12:05:00Z,NA,0,a
Tongue Reef (16-026),16-026,2025-02-07T12:02:00Z,NA,0,a
Tongue Reef (16-026),16-026,2025-02-07T12:00:00Z,NA,0,a
Tongue Reef (16-026),16-026,2025-02-07T11:58:00Z,NA,0,a
Tongue Reef (16-026),16-026,2025-02-07T11:55:00Z,NA,0,a
Tongue Reef (16-026),16-026,2025-02-07T11:53:00Z,NA,0,a
Tongue Reef (16-026),16-026,2025-02-07T11:50:00Z,NA,0,a
Tongue Reef (16-026),16-026,2025-02-07T11:48:00Z,NA,0,a
Tongue Reef (16-026),16-026,2025-02-07T11:45:00Z,NA,0,a
Tongue Reef (16-026),16-026,2025-02-07T11:43:00Z,NA,0,a
Tongue Reef (16-026),16-026,2025-02-07T11:35:00Z,NA,0,a
Tongue Reef (16-026),16-026,2025-02-07T11:33:00Z,NA,0,a
Tongue Reef (16-026),16-026,2025-02-07T11:31:00Z,NA,0,a
Tongue Reef (16-026),16-026,2025-02-07T11:28:00Z,NA,0,a
Tongue Reef (16-026),16-026,2025-02-07T11:26:00Z,NA,0,a
Tongue Reef (16-026),16-026,2025-02-07T11:23:00Z,NA,0,a
Tongue Reef (16-026),16-026,2025-02-07T11:14:00Z,NA,0,a
Tongue Reef (16-026),16-026,2025-02-07T11:12:00Z,NA,0,a
Tongue Reef (16-026),16-026,2025-02-07T11:09:00Z,NA,0,a
Tongue Reef (16-026),16-026,2025-02-07T11:07:00Z,NA,0,a
Tongue Reef (16-026),16-026,2025-02-07T11:04:00Z,NA,0,a
Tongue Reef (16-026),16-026,2025-02-07T11:02:00Z,NA,0,a
Tongue Reef (16-026),16-026,2025-02-07T11:00:00Z,NA,0,a
Tongue Reef (16-026),16-026,2025-02-07T10:58:00Z,NA,0,a
Tongue Reef (16-026),16-026,2025-02-07T10:55:00Z,NA,0,a
Tongue Reef (16-026),16-026,2025-02-07T10:53:00Z,NA,0,a
Tongue Reef (16-026),16-026,2025-02-07T10:51:00Z,NA,0,a
Tongue Reef (16-026),16-026,2025-02-07T10:48:00Z,NA,0,a
Tongue Reef (16-026),16-026,2025-02-07T10:46:00Z,NA,0,a
Tongue Reef (16-026),16-026,2025-02-07T10:37:00Z,NA,0,a
Tongue Reef (16-026),16-026,2025-02-07T10:34:00Z,NA,0,a
Tongue Reef (16-026),16-026,2025-02-07T10:32:00Z,NA,0,a
Tongue Reef (16-026),16-026,2025-02-07T10:29:00Z,NA,0,a
Tongue Reef (16-026),16-026,2025-02-07T10:27:00Z,NA,0,a
Tongue Reef (16-026),16-026,2025-02-07T10:25:00Z,NA,0,a
Tongue Reef (16-026),16-026,2025-02-07T10:22:00Z,NA,0,a
Tongue Reef (16-026),16-026,2025-02-07T10:20:00Z,NA,0,a
Tongue Reef (16-026),16-026,2025-02-07T10:17:00Z,NA,0,a
Tongue Reef (16-026),16-026,2025-02-07T10:14:00Z,NA,0,a
Tongue Reef (16-026),16-026,2025-02-07T10:06:00Z,NA,0,a
Tongue Reef (16-026),16-026,2025-02-07T10:03:00Z,NA,0,a
Tongue Reef (16-026),16-026,2025-02-07T10:01:00Z,NA,0,a
Tongue Reef (16-026),16-026,2025-02-07T09:59:00Z,NA,0,a
Tongue Reef (16-026),16-026,2025-02-07T09:56:00Z,NA,0,a
Tongue Reef (16-026),16-026,2025-02-07T09:54:00Z,NA,0,a
Tongue Reef (16-026),16-026,2025-02-07T09:52:00Z,NA,0,a
Tongue Reef (16-026),16-026,2025-02-07T09:49:00Z,NA,0,a
Tongue Reef (16-026),16-026,2025-02-07T09:47:00Z,NA,0,a
Tongue Reef (16-026),16-026,2025-02-07T09:45:00Z,NA,0,a
Tongue Reef (16-026),16-026,2025-02-07T09:43:00Z,NA,0,a
Tongue Reef (16-026),16-026,2025-02-07T09:40:00Z,NA,0,a
Tongue Reef (16-026),16-026,2025-02-07T09:38:00Z,NA,0,a
Tongue Reef (16-026),16-026,2025-02-07T09:35:00Z,NA,0,a
Tongue Reef (16-026),16-026,2025-02-07T09:33:00Z,NA,0,a
Tongue Reef (16-026),16-026,2025-02-07T09:30:00Z,NA,0,a
Tongue Reef (16-026),16-026,2025-02-07T09:28:00Z,NA,0,a
Tongue Reef (16-026),16-026,2025-02-07T09:26:00Z,NA,0,a
Tongue Reef (16-026),16-026,2025-02-07T09:24:00Z,NA,0,a
Tongue Reef (16-026),16-026,2025-02-07T09:21:00Z,NA,0,a
Tongue Reef (16-026),16-026,2025-02-07T09:17:00Z,NA,0,a
Tongue Reef (16-026),16-026,2025-02-07T09:14:00Z,NA,0,a
Tongue Reef (16-026),16-026,2025-02-07T09:08:00Z,NA,0,a
Tongue Reef (16-026),16-026,2025-02-07T09:06:00Z,NA,0,a
Tongue Reef (16-026),16-026,2025-02-07T09:03:00Z,NA,0,a
Tongue Reef (16-026),16-026,2025-02-07T09:00:00Z,NA,0,a
Tongue Reef (16-026),16-026,2025-02-07T08:58:00Z,NA,0,a
Tongue Reef (16-026),16-026,2025-02-07T08:55:00Z,NA,0,a
Tongue Reef (16-026),16-026,2025-02-07T08:53:00Z,NA,0,a
Tongue Reef (16-026),16-026,2025-02-07T08:51:00Z,NA,0,a
Tongue Reef (16-026),16-026,2025-02-07T08:49:00Z,NA,0,a
Tongue Reef (16-026),16-026,2025-02-07T08:47:00Z,NA,0,a
Tongue Reef (16-026),16-026,2025-02-07T08:45:00Z,NA,0,a
Tongue Reef (16-026),16-026,2025-02-07T08:42:00Z,NA,0,a
Tongue Reef (16-026),16-026,2025-02-07T08:40:00Z,NA,0,a
Tongue Reef (16-026),16-026,2025-02-07T08:37:00Z,NA,0,a
Tongue Reef (16-026),16-026,2025-02-07T08:34:00Z,NA,0,a
Tongue Reef (16-026),16-026,2025-02-07T08:32:00Z,NA,0,a
Tongue Reef (16-026),16-026,2025-02-07T08:30:00Z,NA,0,a
Tongue Reef (16-026),16-026,2025-02-07T08:27:00Z,NA,0,a
Batt Reef (16-029),16-029,2024-11-08T11:01:00Z,NA,0,a
Batt Reef (16-029),16-029,2024-11-08T10:59:00Z,NA,0,a
Batt Reef (16-029),16-029,2024-11-08T10:56:00Z,NA,0,a
Batt Reef (16-029),16-029,2024-11-08T10:54:00Z,NA,0,a
Batt Reef (16-029),16-029,2024-11-08T10:52:00Z,NA,0,a
Batt Reef (16-029),16-029,2024-11-08T10:50:00Z,NA,0,a
Batt Reef (16-029),16-029,2024-11-08T10:47:00Z,NA,0,a
Batt Reef (16-029),16-029,2024-11-08T10:45:00Z,NA,0,a
Batt Reef (16-029),16-029,2024-11-08T10:43:00Z,NA,0,a
Batt Reef (16-029),16-029,2024-11-08T10:41:00Z,NA,0,a
Batt Reef (16-029),16-029,2024-11-08T10:37:00Z,NA,0,a
Batt Reef (16-029),16-029,2024-11-08T10:35:00Z,NA,0,a
Batt Reef (16-029),16-029,2024-11-08T10:33:00Z,NA,0,a
Batt Reef (16-029),16-029,2024-11-08T10:30:00Z,NA,0,a
Batt Reef (16-029),16-029,2024-11-08T10:28:00Z,NA,0,a
Batt Reef (16-029),16-029,2024-11-08T10:26:00Z,NA,0,a
Batt Reef (16-029),16-029,2024-11-08T10:24:00Z,NA,0,a
Batt Reef (16-029),16-029,2024-11-08T10:21:00Z,NA,0,a
Batt Reef (16-029),16-029,2024-11-08T10:19:00Z,NA,0,a
Batt Reef (16-029),16-029,2024-11-08T10:17:00Z,NA,0,a
Batt Reef (16-029),16-029,2024-11-08T10:15:00Z,NA,0,a
Batt Reef (16-029),16-029,2024-11-08T10:12:00Z,NA,0,a
Batt Reef (16-029),16-029,2024-11-08T10:10:00Z,NA,0,a
Batt Reef (16-029),16-029,2024-11-08T10:08:00Z,NA,0,a
Batt Reef (16-029),16-029,2024-11-08T10:06:00Z,NA,0,a
Batt Reef (16-029),16-029,2024-11-08T10:03:00Z,NA,0,a
Batt Reef (16-029),16-029,2024-11-08T10:00:00Z,NA,0,a
Batt Reef (16-029),16-029,2024-11-08T09:58:00Z,NA,0,a
Batt Reef (16-029),16-029,2024-11-08T09:56:00Z,NA,0,a
Batt Reef (16-029),16-029,2024-11-08T09:53:00Z,NA,0,a
Batt Reef (16-029),16-029,2024-11-08T09:39:00Z,NA,0,a
Batt Reef (16-029),16-029,2024-11-08T09:37:00Z,NA,0,a
Batt Reef (16-029),16-029,2024-11-08T09:34:00Z,NA,0,a
Batt Reef (16-029),16-029,2024-11-08T09:32:00Z,NA,0,a
Batt Reef (16-029),16-029,2024-11-08T09:27:00Z,NA,0,a
Batt Reef (16-029),16-029,2024-11-08T09:25:00Z,NA,0,a
Batt Reef (16-029),16-029,2024-11-08T09:22:00Z,NA,0,a
Batt Reef (16-029),16-029,2024-11-08T09:20:00Z,NA,0,a
Batt Reef (16-029),16-029,2024-11-08T09:18:00Z,NA,0,a
Batt Reef (16-029),16-029,2024-11-08T09:16:00Z,NA,0,a
Batt Reef (16-029),16-029,2024-11-08T09:14:00Z,NA,0,a
Batt Reef (16-029),16-029,2024-11-08T09:12:00Z,NA,0,a
Batt Reef (16-029),16-029,2024-11-08T09:09:00Z,NA,0,a
Batt Reef (16-029),16-029,2024-11-08T09:07:00Z,NA,0,a
Batt Reef (16-029),16-029,2024-11-08T09:04:00Z,NA,0,a
Batt Reef (16-029),16-029,2024-11-08T09:02:00Z,NA,0,a
Batt Reef (16-029),16-029,2024-11-08T09:00:00Z,NA,0,a
Batt Reef (16-029),16-029,2024-11-08T08:58:00Z,NA,0,a
Batt Reef (16-029),16-029,2024-11-08T08:55:00Z,NA,0,a
Batt Reef (16-029),16-029,2024-11-08T08:52:00Z,NA,0,a
Batt Reef (16-029),16-029,2024-11-07T12:46:00Z,NA,0,a
Batt Reef (16-029),16-029,2024-11-07T12:44:00Z,NA,0,a
Batt Reef (16-029),16-029,2024-11-07T12:42:00Z,NA,0,a
Batt Reef (16-029),16-029,2024-11-07T12:39:00Z,NA,0,a
Batt Reef (16-029),16-029,2024-11-07T12:37:00Z,NA,0,a
Batt Reef (16-029),16-029,2024-11-07T12:35:00Z,NA,0,a
Batt Reef (16-029),16-029,2024-11-07T12:32:00Z,NA,0,a
Batt Reef (16-029),16-029,2024-11-07T12:30:00Z,NA,0,a
Batt Reef (16-029),16-029,2024-11-07T12:28:00Z,NA,0,a
Batt Reef (16-029),16-029,2024-11-07T12:16:00Z,NA,0,a
Batt Reef (16-029),16-029,2024-11-07T12:14:00Z,NA,0,a
Batt Reef (16-029),16-029,2024-11-07T12:11:00Z,NA,0,a
Batt Reef (16-029),16-029,2024-11-07T12:08:00Z,NA,0,a
Batt Reef (16-029),16-029,2024-11-07T12:06:00Z,NA,0,a
Batt Reef (16-029),16-029,2024-11-07T12:03:00Z,NA,0,a
Batt Reef (16-029),16-029,2024-11-07T12:01:00Z,NA,0,a
Batt Reef (16-029),16-029,2024-11-07T11:59:00Z,NA,0,a
Batt Reef (16-029),16-029,2024-11-07T11:56:00Z,NA,0,a
Batt Reef (16-029),16-029,2024-11-07T11:53:00Z,NA,0,a
Batt Reef (16-029),16-029,2024-11-07T11:51:00Z,NA,0,a
Batt Reef (16-029),16-029,2024-11-07T11:48:00Z,NA,0,a
Batt Reef (16-029),16-029,2024-11-07T11:43:00Z,NA,0,a
Batt Reef (16-029),16-029,2024-11-07T11:41:00Z,NA,0,a
Batt Reef (16-029),16-029,2024-11-07T11:38:00Z,NA,0,a
Batt Reef (16-029),16-029,2024-11-07T11:36:00Z,NA,0,a
Batt Reef (16-029),16-029,2024-11-07T11:33:00Z,NA,0,a
Batt Reef (16-029),16-029,2024-11-07T11:31:00Z,NA,0,a
Batt Reef (16-029),16-029,2024-11-07T11:28:00Z,NA,0,a
Batt Reef (16-029),16-029,2024-11-07T11:26:00Z,NA,0,a
Batt Reef (16-029),16-029,2024-11-07T11:22:00Z,NA,0,a
Batt Reef (16-029),16-029,2024-11-07T11:20:00Z,NA,0,a
Batt Reef (16-029),16-029,2024-11-07T11:18:00Z,NA,0,a
Batt Reef (16-029),16-029,2024-11-07T11:15:00Z,NA,0,p
Batt Reef (16-029),16-029,2024-11-07T11:12:00Z,NA,0,a
Batt Reef (16-029),16-029,2024-11-07T11:10:00Z,NA,0,a
Batt Reef (16-029),16-029,2024-11-07T11:08:00Z,NA,0,a
Batt Reef (16-029),16-029,2024-11-07T11:05:00Z,NA,0,a
Batt Reef (16-029),16-029,2024-11-07T11:03:00Z,NA,0,a
Batt Reef (16-029),16-029,2024-11-07T11:01:00Z,NA,0,a
Batt Reef (16-029),16-029,2024-11-07T10:46:00Z,NA,0,a
Batt Reef (16-029),16-029,2024-11-07T10:43:00Z,NA,0,a
Batt Reef (16-029),16-029,2024-11-07T10:41:00Z,NA,0,a
Batt Reef (16-029),16-029,2024-11-07T10:39:00Z,NA,0,a
Batt Reef (16-029),16-029,2024-11-07T10:36:00Z,NA,0,a
Batt Reef (16-029),16-029,2024-11-07T10:34:00Z,NA,0,a
Batt Reef (16-029),16-029,2024-11-07T10:32:00Z,NA,0,a
Batt Reef (16-029),16-029,2024-11-07T10:29:00Z,NA,0,a
Batt Reef (16-029),16-029,2024-11-07T10:27:00Z,NA,0,a
Batt Reef (16-029),16-029,2024-11-07T10:25:00Z,NA,0,a
Batt Reef (16-029),16-029,2024-11-07T10:22:00Z,NA,0,a
Batt Reef (16-029),16-029,2024-11-07T10:19:00Z,NA,0,a
Batt Reef (16-029),16-029,2024-11-07T10:17:00Z,NA,0,a
Batt Reef (16-029),16-029,2024-11-07T10:14:00Z,NA,0,a
Batt Reef (16-029),16-029,2024-11-07T10:11:00Z,NA,0,a
Batt Reef (16-029),16-029,2024-11-07T10:09:00Z,NA,0,a
Batt Reef (16-029),16-029,2024-11-07T10:06:00Z,NA,0,a
Batt Reef (16-029),16-029,2024-11-07T10:04:00Z,NA,0,a
Batt Reef (16-029),16-029,2024-11-07T10:02:00Z,NA,0,a
Batt Reef (16-029),16-029,2024-11-07T10:00:00Z,NA,0,a
Batt Reef (16-029),16-029,2024-11-07T09:57:00Z,NA,0,a
Batt Reef (16-029),16-029,2024-11-07T09:54:00Z,NA,0,a
Batt Reef (16-029),16-029,2024-11-07T09:52:00Z,NA,0,a
Batt Reef (16-029),16-029,2024-11-07T09:49:00Z,NA,0,a
Batt Reef (16-029),16-029,2024-11-07T09:47:00Z,NA,0,a
Batt Reef (16-029),16-029,2024-11-07T09:45:00Z,NA,0,a
Batt Reef (16-029),16-029,2024-11-07T09:42:00Z,NA,0,a
Batt Reef (16-029),16-029,2024-11-07T09:40:00Z,NA,0,a
Batt Reef (16-029),16-029,2024-11-07T09:38:00Z,NA,0,a
Batt Reef (16-029),16-029,2024-11-07T09:35:00Z,NA,0,a
Batt Reef (16-029),16-029,2024-11-07T09:32:00Z,NA,0,a
Batt Reef (16-029),16-029,2024-10-07T12:11:00Z,NA,0,a
Batt Reef (16-029),16-029,2024-10-07T12:08:00Z,NA,0,a
Batt Reef (16-029),16-029,2024-10-07T12:05:00Z,NA,0,a
Batt Reef (16-029),16-029,2024-10-07T12:03:00Z,NA,0,a
Batt Reef (16-029),16-029,2024-10-07T11:57:00Z,NA,0,a
Batt Reef (16-029),16-029,2024-10-07T11:54:00Z,NA,0,a
Batt Reef (16-029),16-029,2024-10-07T11:51:00Z,NA,0,a
Batt Reef (16-029),16-029,2024-10-07T11:48:00Z,NA,0,a
Batt Reef (16-029),16-029,2024-10-07T11:46:00Z,NA,0,a
Batt Reef (16-029),16-029,2024-10-07T11:38:00Z,NA,0,a
Batt Reef (16-029),16-029,2024-10-07T11:35:00Z,NA,0,a
Batt Reef (16-029),16-029,2024-10-07T11:32:00Z,NA,0,a
Batt Reef (16-029),16-029,2024-10-07T11:30:00Z,NA,0,a
Batt Reef (16-029),16-029,2024-10-07T11:27:00Z,NA,0,a
Batt Reef (16-029),16-029,2024-10-07T11:24:00Z,NA,0,a
Batt Reef (16-029),16-029,2024-10-07T11:21:00Z,NA,0,a
Batt Reef (16-029),16-029,2024-10-07T11:17:00Z,NA,0,a
Batt Reef (16-029),16-029,2024-10-07T11:14:00Z,NA,0,a
Batt Reef (16-029),16-029,2024-10-07T11:12:00Z,NA,0,a
Batt Reef (16-029),16-029,2024-10-07T11:08:00Z,NA,0,a
Batt Reef (16-029),16-029,2024-10-07T11:05:00Z,NA,0,a
Batt Reef (16-029),16-029,2024-10-07T11:02:00Z,NA,0,a
Batt Reef (16-029),16-029,2024-10-07T10:59:00Z,NA,0,a
Batt Reef (16-029),16-029,2024-10-07T10:56:00Z,NA,0,a
Batt Reef (16-029),16-029,2024-10-07T10:53:00Z,NA,0,a
Batt Reef (16-029),16-029,2024-10-07T10:48:00Z,NA,0,p
Batt Reef (16-029),16-029,2024-10-07T10:44:00Z,NA,0,a
Batt Reef (16-029),16-029,2024-10-07T10:41:00Z,NA,0,a
Batt Reef (16-029),16-029,2024-10-07T10:38:00Z,NA,0,a
Batt Reef (16-029),16-029,2024-10-07T10:35:00Z,NA,0,a
Batt Reef (16-029),16-029,2024-10-07T10:06:00Z,NA,0,a
Batt Reef (16-029),16-029,2024-10-07T10:04:00Z,NA,0,a
Batt Reef (16-029),16-029,2024-10-07T10:01:00Z,NA,0,a
Batt Reef (16-029),16-029,2024-10-07T09:58:00Z,NA,0,a
Batt Reef (16-029),16-029,2024-10-07T09:56:00Z,NA,0,a
Batt Reef (16-029),16-029,2024-10-07T09:53:00Z,NA,0,a
Batt Reef (16-029),16-029,2024-10-07T09:51:00Z,NA,0,a
Batt Reef (16-029),16-029,2024-10-07T09:48:00Z,NA,0,a
Batt Reef (16-029),16-029,2024-10-07T09:46:00Z,NA,0,a
Batt Reef (16-029),16-029,2024-10-07T09:43:00Z,NA,0,a
Batt Reef (16-029),16-029,2024-10-07T09:41:00Z,NA,0,a
Batt Reef (16-029),16-029,2024-10-07T09:38:00Z,NA,0,a
Batt Reef (16-029),16-029,2024-10-07T09:35:00Z,NA,0,a
Batt Reef (16-029),16-029,2024-10-07T09:33:00Z,NA,0,a
Batt Reef (16-029),16-029,2024-10-07T09:31:00Z,NA,0,a
Batt Reef (16-029),16-029,2024-10-07T09:28:00Z,NA,0,a
Batt Reef (16-029),16-029,2024-10-07T09:25:00Z,NA,0,p
Batt Reef (16-029),16-029,2024-10-07T09:22:00Z,NA,0,p
Batt Reef (16-029),16-029,2024-10-07T09:19:00Z,NA,0,a
Batt Reef (16-029),16-029,2024-10-07T09:16:00Z,NA,0,p
Batt Reef (16-029),16-029,2024-10-07T09:14:00Z,NA,0,a
Batt Reef (16-029),16-029,2024-10-07T09:11:00Z,NA,0,a
Batt Reef (16-029),16-029,2024-10-07T09:08:00Z,NA,0,a
Batt Reef (16-029),16-029,2024-10-07T09:05:00Z,NA,0,a
Batt Reef (16-029),16-029,2024-10-07T09:03:00Z,NA,0,a
Batt Reef (16-029),16-029,2024-10-07T09:00:00Z,NA,0,a
Batt Reef (16-029),16-029,2024-10-07T08:57:00Z,NA,0,a
Batt Reef (16-029),16-029,2024-10-07T08:53:00Z,NA,0,a
Batt Reef (16-029),16-029,2024-10-07T08:50:00Z,NA,0,a
Batt Reef (16-029),16-029,2024-10-07T08:47:00Z,NA,0,p
Batt Reef (16-029),16-029,2024-10-06T13:10:00Z,NA,0,a
Batt Reef (16-029),16-029,2024-10-06T13:07:00Z,NA,0,a
Batt Reef (16-029),16-029,2024-10-06T13:04:00Z,NA,0,a
Batt Reef (16-029),16-029,2024-10-06T13:01:00Z,NA,0,a
Batt Reef (16-029),16-029,2024-10-06T12:59:00Z,NA,0,a
Batt Reef (16-029),16-029,2024-10-06T12:56:00Z,NA,0,a
Batt Reef (16-029),16-029,2024-10-06T12:53:00Z,NA,0,a
Batt Reef (16-029),16-029,2024-10-06T12:50:00Z,NA,0,a
Batt Reef (16-029),16-029,2024-10-06T12:48:00Z,NA,0,a
Batt Reef (16-029),16-029,2024-10-06T12:45:00Z,NA,0,p
Batt Reef (16-029),16-029,2024-10-06T12:42:00Z,NA,0,p
Batt Reef (16-029),16-029,2024-10-06T12:39:00Z,NA,0,a
Batt Reef (16-029),16-029,2024-10-06T12:36:00Z,NA,0,a
Batt Reef (16-029),16-029,2024-10-06T12:34:00Z,NA,0,p
Batt Reef (16-029),16-029,2024-10-06T12:31:00Z,NA,0,p
Batt Reef (16-029),16-029,2024-10-06T12:28:00Z,NA,0,p
Batt Reef (16-029),16-029,2024-10-06T12:25:00Z,NA,0,a
Batt Reef (16-029),16-029,2024-10-06T12:23:00Z,NA,0,a
Batt Reef (16-029),16-029,2024-10-06T12:20:00Z,NA,0,a
Batt Reef (16-029),16-029,2024-10-06T12:16:00Z,NA,0,p
Batt Reef (16-029),16-029,2024-10-06T12:13:00Z,NA,0,a
Batt Reef (16-029),16-029,2024-10-06T12:10:00Z,NA,0,a
Batt Reef (16-029),16-029,2024-10-06T12:07:00Z,NA,0,a
Batt Reef (16-029),16-029,2024-10-06T12:04:00Z,NA,0,a
Batt Reef (16-029),16-029,2024-10-06T12:01:00Z,NA,0,a
Batt Reef (16-029),16-029,2024-10-06T11:58:00Z,NA,0,p
Batt Reef (16-029),16-029,2024-10-06T11:54:00Z,NA,0,a
Batt Reef (16-029),16-029,2024-10-06T11:50:00Z,NA,0,p
Batt Reef (16-029),16-029,2024-10-06T11:45:00Z,NA,0,p
Batt Reef (16-029),16-029,2024-10-06T10:41:00Z,NA,0,a
Batt Reef (16-029),16-029,2024-10-06T10:38:00Z,NA,0,a
Batt Reef (16-029),16-029,2024-10-06T10:35:00Z,NA,0,a
Batt Reef (16-029),16-029,2024-10-06T10:32:00Z,NA,0,p
Batt Reef (16-029),16-029,2024-10-06T10:28:00Z,NA,0,p
Batt Reef (16-029),16-029,2024-10-06T10:25:00Z,NA,0,a
Batt Reef (16-029),16-029,2024-10-06T10:22:00Z,NA,0,p
Batt Reef (16-029),16-029,2024-10-06T10:19:00Z,NA,0,a
Batt Reef (16-029),16-029,2024-10-06T10:16:00Z,NA,0,p
Batt Reef (16-029),16-029,2024-10-06T10:12:00Z,NA,0,p
Batt Reef (16-029),16-029,2024-10-06T10:09:00Z,NA,1,p
Batt Reef (16-029),16-029,2024-10-06T10:03:00Z,NA,0,p
Batt Reef (16-029),16-029,2024-10-06T10:00:00Z,NA,0,a
Batt Reef (16-029),16-029,2024-10-06T09:57:00Z,NA,0,p
Batt Reef (16-029),16-029,2024-10-06T09:54:00Z,NA,0,p
Batt Reef (16-029),16-029,2024-10-06T09:51:00Z,NA,0,a
Batt Reef (16-029),16-029,2024-10-06T09:48:00Z,NA,0,a
Batt Reef (16-029),16-029,2024-10-06T09:45:00Z,NA,1,p
Batt Reef (16-029),16-029,2024-10-06T09:42:00Z,NA,0,p
Batt Reef (16-029),16-029,2024-10-06T09:39:00Z,NA,0,a
Batt Reef (16-029),16-029,2024-10-06T09:36:00Z,NA,0,a
Batt Reef (16-029),16-029,2024-10-06T09:33:00Z,NA,0,p
Batt Reef (16-029),16-029,2024-10-06T09:30:00Z,NA,0,a
Batt Reef (16-029),16-029,2024-10-06T09:27:00Z,NA,0,a
Batt Reef (16-029),16-029,2024-10-06T09:24:00Z,NA,0,p
Batt Reef (16-029),16-029,2024-10-06T09:21:00Z,NA,0,p
Batt Reef (16-029),16-029,2024-10-06T09:18:00Z,NA,0,p
Batt Reef (16-029),16-029,2024-10-06T09:15:00Z,NA,0,p
Batt Reef (16-029),16-029,2024-10-06T09:11:00Z,NA,0,a
Batt Reef (16-029),16-029,2024-10-06T09:08:00Z,NA,0,p
Tongue Reef (16-026),16-026,2023-03-08T00:00:00Z,NA,0,p
Tongue Reef (16-026),16-026,2023-03-08T00:00:00Z,NA,0,a
Tongue Reef (16-026),16-026,2023-03-08T00:00:00Z,NA,0,a
Tongue Reef (16-026),16-026,2023-03-08T00:00:00Z,NA,0,a
Tongue Reef (16-026),16-026,2023-03-08T00:00:00Z,NA,0,a
Tongue Reef (16-026),16-026,2023-03-08T00:00:00Z,NA,0,a
Tongue Reef (16-026),16-026,2023-03-08T00:00:00Z,NA,0,a
Tongue Reef (16-026),16-026,2023-03-08T00:00:00Z,NA,0,a
Tongue Reef (16-026),16-026,2023-03-08T00:00:00Z,NA,0,a
Tongue Reef (16-026),16-026,2023-03-08T00:00:00Z,NA,0,a
Tongue Reef (16-026),16-026,2023-03-08T00:00:00Z,NA,0,a
Tongue Reef (16-026),16-026,2023-03-08T00:00:00Z,NA,0,a
Tongue Reef (16-026),16-026,2023-03-08T00:00:00Z,NA,0,a
Tongue Reef (16-026),16-026,2023-03-08T00:00:00Z,NA,0,a
Tongue Reef (16-026),16-026,2023-03-08T00:00:00Z,NA,0,a
Tongue Reef (16-026),16-026,2023-03-08T00:00:00Z,NA,0,a
Tongue Reef (16-026),16-026,2023-03-08T00:00:00Z,NA,0,a
Tongue Reef (16-026),16-026,2023-03-08T00:00:00Z,NA,0,a
Tongue Reef (16-026),16-026,2023-03-08T00:00:00Z,NA,0,a
Tongue Reef (16-026),16-026,2023-03-08T00:00:00Z,NA,0,a
Tongue Reef (16-026),16-026,2023-03-08T00:00:00Z,NA,0,a
Tongue Reef (16-026),16-026,2023-03-08T00:00:00Z,NA,0,a
Tongue Reef (16-026),16-026,2023-03-08T00:00:00Z,NA,0,a
Tongue Reef (16-026),16-026,2023-03-08T00:00:00Z,NA,0,a
Tongue Reef (16-026),16-026,2023-03-08T00:00:00Z,NA,0,a
Tongue Reef (16-026),16-026,2023-03-08T00:00:00Z,NA,0,a
Tongue Reef (16-026),16-026,2023-03-08T00:00:00Z,NA,0,a
Tongue Reef (16-026),16-026,2023-03-08T00:00:00Z,NA,0,a
Tongue Reef (16-026),16-026,2023-03-08T00:00:00Z,NA,0,a
Tongue Reef (16-026),16-026,2023-03-08T00:00:00Z,NA,0,a
Tongue Reef (16-026),16-026,2023-03-08T00:00:00Z,NA,0,a
Tongue Reef (16-026),16-026,2023-03-08T00:00:00Z,NA,0,a
Tongue Reef (16-026),16-026,2023-03-08T00:00:00Z,NA,0,a
Tongue Reef (16-026),16-026,2023-03-08T00:00:00Z,NA,0,a
Tongue Reef (16-026),16-026,2023-03-08T00:00:00Z,NA,0,a
Tongue Reef (16-026),16-026,2023-03-08T00:00:00Z,NA,0,a
Tongue Reef (16-026),16-026,2023-03-08T00:00:00Z,NA,0,a
Tongue Reef (16-026),16-026,2023-03-08T00:00:00Z,NA,0,a
Tongue Reef (16-026),16-026,2023-03-08T00:00:00Z,NA,0,a
Tongue Reef (16-026),16-026,2023-03-08T00:00:00Z,NA,0,a
Tongue Reef (16-026),16-026,2023-03-08T00:00:00Z,NA,0,a
Tongue Reef (16-026),16-026,2023-03-08T00:00:00Z,NA,0,p
Tongue Reef (16-026),16-026,2023-03-09T00:00:00Z,NA,0,a
Tongue Reef (16-026),16-026,2023-03-09T00:00:00Z,NA,0,a
Tongue Reef (16-026),16-026,2023-03-09T00:00:00Z,NA,0,a
Tongue Reef (16-026),16-026,2023-03-09T00:00:00Z,NA,0,a
Tongue Reef (16-026),16-026,2023-03-09T00:00:00Z,NA,0,a
Tongue Reef (16-026),16-026,2023-03-09T00:00:00Z,NA,0,a
Tongue Reef (16-026),16-026,2023-03-09T00:00:00Z,NA,0,a
Tongue Reef (16-026),16-026,2023-03-09T00:00:00Z,NA,0,a
Tongue Reef (16-026),16-026,2023-03-09T00:00:00Z,NA,0,a
Tongue Reef (16-026),16-026,2023-03-09T00:00:00Z,NA,0,a
Tongue Reef (16-026),16-026,2023-03-09T00:00:00Z,NA,0,a
Tongue Reef (16-026),16-026,2023-03-09T00:00:00Z,NA,0,a
Tongue Reef (16-026),16-026,2023-03-09T00:00:00Z,NA,0,a
Tongue Reef (16-026),16-026,2023-03-09T00:00:00Z,NA,0,a
Tongue Reef (16-026),16-026,2023-03-09T00:00:00Z,NA,0,a
Tongue Reef (16-026),16-026,2023-03-09T00:00:00Z,NA,0,a
Tongue Reef (16-026),16-026,2023-03-09T00:00:00Z,NA,0,a
Tongue Reef (16-026),16-026,2023-03-09T00:00:00Z,NA,0,a
Tongue Reef (16-026),16-026,2023-03-09T00:00:00Z,NA,0,a
Tongue Reef (16-026),16-026,2023-03-09T00:00:00Z,NA,0,a
Tongue Reef (16-026),16-026,2023-03-09T00:00:00Z,NA,0,p
Tongue Reef (16-026),16-026,2023-03-09T00:00:00Z,NA,0,a
Tongue Reef (16-026),16-026,2023-03-09T00:00:00Z,NA,0,a
Tongue Reef (16-026),16-026,2023-03-09T00:00:00Z,NA,0,p
Tongue Reef (16-026),16-026,2023-03-09T00:00:00Z,NA,0,a
Tongue Reef (16-026),16-026,2023-03-09T00:00:00Z,NA,0,a
Tongue Reef (16-026),16-026,2023-03-09T00:00:00Z,NA,0,a
Tongue Reef (16-026),16-026,2023-03-09T00:00:00Z,NA,0,a
Tongue Reef (16-026),16-026,2023-03-09T00:00:00Z,NA,0,a
Tongue Reef (16-026),16-026,2023-03-09T00:00:00Z,NA,0,a
Tongue Reef (16-026),16-026,2023-03-09T00:00:00Z,NA,0,a
Tongue Reef (16-026),16-026,2023-03-09T00:00:00Z,NA,0,a
Tongue Reef (16-026),16-026,2023-03-09T00:00:00Z,NA,0,a
Tongue Reef (16-026),16-026,2023-03-09T00:00:00Z,NA,0,a
Tongue Reef (16-026),16-026,2023-03-09T00:00:00Z,NA,0,a
Tongue Reef (16-026),16-026,2023-03-09T00:00:00Z,NA,0,a
Tongue Reef (16-026),16-026,2023-03-09T00:00:00Z,NA,0,a
Tongue Reef (16-026),16-026,2023-03-09T00:00:00Z,NA,0,a
Tongue Reef (16-026),16-026,2023-03-09T00:00:00Z,NA,0,a
Tongue Reef (16-026),16-026,2023-03-09T00:00:00Z,NA,0,a
Tongue Reef (16-026),16-026,2023-03-10T00:00:00Z,NA,0,p
Tongue Reef (16-026),16-026,2023-03-10T00:00:00Z,NA,0,p
Tongue Reef (16-026),16-026,2023-03-10T00:00:00Z,NA,0,a
Tongue Reef (16-026),16-026,2023-03-10T00:00:00Z,NA,0,p
Tongue Reef (16-026),16-026,2023-03-10T00:00:00Z,NA,0,p
Tongue Reef (16-026),16-026,2023-03-10T00:00:00Z,NA,0,a
Tongue Reef (16-026),16-026,2023-03-10T00:00:00Z,NA,0,a
Tongue Reef (16-026),16-026,2023-03-10T00:00:00Z,NA,0,p
Tongue Reef (16-026),16-026,2023-03-10T00:00:00Z,NA,0,p
Tongue Reef (16-026),16-026,2023-03-10T00:00:00Z,NA,0,a
Tongue Reef (16-026),16-026,2023-03-10T00:00:00Z,NA,0,a
Tongue Reef (16-026),16-026,2023-03-10T00:00:00Z,NA,0,p
Tongue Reef (16-026),16-026,2023-03-10T00:00:00Z,NA,0,a
Tongue Reef (16-026),16-026,2023-03-10T00:00:00Z,NA,0,a
Tongue Reef (16-026),16-026,2023-03-10T00:00:00Z,NA,0,a
Tongue Reef (16-026),16-026,2023-03-10T00:00:00Z,NA,0,p
Tongue Reef (16-026),16-026,2023-03-10T00:00:00Z,NA,0,a
Tongue Reef (16-026),16-026,2023-03-10T00:00:00Z,NA,0,p
Tongue Reef (16-026),16-026,2023-03-10T00:00:00Z,NA,0,p
Tongue Reef (16-026),16-026,2023-03-10T00:00:00Z,NA,0,p
Tongue Reef (16-026),16-026,2023-03-10T00:00:00Z,NA,0,a
Tongue Reef (16-026),16-026,2023-03-10T00:00:00Z,NA,0,a
Tongue Reef (16-026),16-026,2023-03-10T00:00:00Z,NA,0,c
Tongue Reef (16-026),16-026,2023-03-10T00:00:00Z,NA,0,a
Tongue Reef (16-026),16-026,2023-03-10T00:00:00Z,NA,0,a
Tongue Reef (16-026),16-026,2023-03-10T00:00:00Z,NA,0,a
Tongue Reef (16-026),16-026,2023-03-10T00:00:00Z,NA,0,a
Tongue Reef (16-026),16-026,2023-03-10T00:00:00Z,NA,0,a
Tongue Reef (16-026),16-026,2023-03-10T00:00:00Z,NA,0,p
Tongue Reef (16-026),16-026,2023-03-10T00:00:00Z,NA,0,a
Tongue Reef (16-026),16-026,2023-03-10T00:00:00Z,NA,0,a
Tongue Reef (16-026),16-026,2023-03-10T00:00:00Z,NA,0,a
Tongue Reef (16-026),16-026,2023-03-10T00:00:00Z,NA,0,a
Tongue Reef (16-026),16-026,2023-03-10T00:00:00Z,NA,0,a
Tongue Reef (16-026),16-026,2023-03-10T00:00:00Z,NA,0,a
Tongue Reef (16-026),16-026,2023-03-10T00:00:00Z,NA,0,a
Tongue Reef (16-026),16-026,2023-03-10T00:00:00Z,NA,0,a
Tongue Reef (16-026),16-026,2023-03-10T00:00:00Z,NA,0,a
Tongue Reef (16-026),16-026,2023-03-10T00:00:00Z,NA,0,a
Tongue Reef (16-026),16-026,2023-03-10T00:00:00Z,NA,0,a
Tongue Reef (16-026),16-026,2023-03-10T00:00:00Z,NA,0,a
Tongue Reef (16-026),16-026,2023-03-10T00:00:00Z,NA,0,a
Tongue Reef (16-026),16-026,2023-03-10T00:00:00Z,NA,0,a
Tongue Reef (16-026),16-026,2023-03-10T00:00:00Z,NA,0,a
Tongue Reef (16-026),16-026,2023-03-10T00:00:00Z,NA,0,a
Tongue Reef (16-026),16-026,2023-03-10T00:00:00Z,NA,0,a
Tongue Reef (16-026),16-026,2023-03-10T00:00:00Z,NA,0,a
Tongue Reef (16-026),16-026,2023-03-10T00:00:00Z,NA,0,a
Tongue Reef (16-026),16-026,2023-03-10T00:00:00Z,NA,0,a
Tongue Reef (16-026),16-026,2023-03-10T00:00:00Z,NA,0,a
Tongue Reef (16-026),16-026,2023-03-10T00:00:00Z,NA,0,a
Tongue Reef (16-026),16-026,2023-03-10T00:00:00Z,NA,0,a
Tongue Reef (16-026),16-026,2023-03-10T00:00:00Z,NA,0,a
Tongue Reef (16-026),16-026,2023-03-10T00:00:00Z,NA,0,a
Tongue Reef (16-026),16-026,2023-03-10T00:00:00Z,NA,0,a
Tongue Reef (16-026),16-026,2023-03-10T00:00:00Z,NA,0,a
Tongue Reef (16-026),16-026,2023-03-10T00:00:00Z,NA,0,a
Tongue Reef (16-026),16-026,2023-03-10T00:00:00Z,NA,0,a
Tongue Reef (16-026),16-026,2023-03-10T00:00:00Z,NA,0,a
Tongue Reef (16-026),16-026,2023-03-10T00:00:00Z,NA,0,a
Tongue Reef (16-026),16-026,2023-03-10T00:00:00Z,NA,0,a
Tongue Reef (16-026),16-026,2023-03-10T00:00:00Z,NA,0,a
Tongue Reef (16-026),16-026,2023-03-10T00:00:00Z,NA,0,a
Tongue Reef (16-026),16-026,2023-03-10T00:00:00Z,NA,0,a
Tongue Reef (16-026),16-026,2023-03-10T00:00:00Z,NA,0,a
Tongue Reef (16-026),16-026,2023-03-10T00:00:00Z,NA,0,a
Tongue Reef (16-026),16-026,2023-03-10T00:00:00Z,NA,0,a
Tongue Reef (16-026),16-026,2023-03-10T00:00:00Z,NA,0,a
Tongue Reef (16-026),16-026,2023-03-10T00:00:00Z,NA,0,a
Tongue Reef (16-026),16-026,2023-03-10T00:00:00Z,NA,0,a
Tongue Reef (16-026),16-026,2023-03-10T00:00:00Z,NA,0,a
Tongue Reef (16-026),16-026,2023-03-10T00:00:00Z,NA,0,a
Tongue Reef (16-026),16-026,2023-03-10T00:00:00Z,NA,0,a
Tongue Reef (16-026),16-026,2023-03-10T00:00:00Z,NA,0,a
Tongue Reef (16-026),16-026,2023-03-10T00:00:00Z,NA,0,a
Tongue Reef (16-026),16-026,2023-03-10T00:00:00Z,NA,0,a
Tongue Reef (16-026),16-026,2023-03-10T00:00:00Z,NA,0,a
Tongue Reef (16-026),16-026,2023-03-10T00:00:00Z,NA,0,a
Tongue Reef (16-026),16-026,2023-03-10T00:00:00Z,NA,0,a
Tongue Reef (16-026),16-026,2023-03-10T00:00:00Z,NA,0,a
Tongue Reef (16-026),16-026,2023-03-10T00:00:00Z,NA,0,a
Tongue Reef (16-026),16-026,2023-03-10T00:00:00Z,NA,0,a
Tongue Reef (16-026),16-026,2023-03-10T00:00:00Z,NA,0,a
Tongue Reef (16-026),16-026,2023-03-10T00:00:00Z,NA,0,a
Tongue Reef (16-026),16-026,2023-03-10T00:00:00Z,NA,0,a
Tongue Reef (16-026),16-026,2023-03-10T00:00:00Z,NA,0,a
Tongue Reef (16-026),16-026,2023-03-10T00:00:00Z,NA,0,a
Tongue Reef (16-026),16-026,2023-03-10T00:00:00Z,NA,0,a
Tongue Reef (16-026),16-026,2023-03-10T00:00:00Z,NA,0,a
Tongue Reef (16-026),16-026,2023-03-10T00:00:00Z,NA,0,a
Tongue Reef (16-026),16-026,2023-03-10T00:00:00Z,NA,0,a
Tongue Reef (16-026),16-026,2023-03-10T00:00:00Z,NA,0,a
Tongue Reef (16-026),16-026,2023-03-10T00:00:00Z,NA,0,a
Tongue Reef (16-026),16-026,2023-03-10T00:00:00Z,NA,0,a
Tongue Reef (16-026),16-026,2023-03-10T00:00:00Z,NA,0,a
Tongue Reef (16-026),16-026,2023-03-10T00:00:00Z,NA,0,a
Tongue Reef (16-026),16-026,2023-03-10T00:00:00Z,NA,0,a
Tongue Reef (16-026),16-026,2023-03-10T00:00:00Z,NA,0,a
Tongue Reef (16-026),16-026,2023-03-10T00:00:00Z,NA,0,a
Tongue Reef (16-026),16-026,2023-03-10T00:00:00Z,NA,0,a
Tongue Reef (16-026),16-026,2023-03-10T00:00:00Z,NA,0,a
Tongue Reef (16-026),16-026,2023-03-10T00:00:00Z,NA,0,a
Tongue Reef (16-026),16-026,2023-03-10T00:00:00Z,NA,0,a
Tongue Reef (16-026),16-026,2023-03-10T00:00:00Z,NA,0,a
Tongue Reef (16-026),16-026,2023-03-10T00:00:00Z,NA,0,a
Tongue Reef (16-026),16-026,2023-03-11T00:00:00Z,NA,0,a
Tongue Reef (16-026),16-026,2023-03-11T00:00:00Z,NA,0,a
Tongue Reef (16-026),16-026,2023-03-11T00:00:00Z,NA,0,a
Tongue Reef (16-026),16-026,2023-03-11T00:00:00Z,NA,0,a
Tongue Reef (16-026),16-026,2023-03-11T00:00:00Z,NA,0,a
Tongue Reef (16-026),16-026,2023-03-11T00:00:00Z,NA,0,a
Tongue Reef (16-026),16-026,2023-03-11T00:00:00Z,NA,0,a
Tongue Reef (16-026),16-026,2023-03-11T00:00:00Z,NA,0,a
Tongue Reef (16-026),16-026,2023-03-11T00:00:00Z,NA,0,a
Tongue Reef (16-026),16-026,2023-03-11T00:00:00Z,NA,0,a
Tongue Reef (16-026),16-026,2023-03-11T00:00:00Z,NA,0,a
Tongue Reef (16-026),16-026,2023-03-11T00:00:00Z,NA,0,a
Tongue Reef (16-026),16-026,2023-03-11T00:00:00Z,NA,0,a
Tongue Reef (16-026),16-026,2023-03-11T00:00:00Z,NA,0,a
Tongue Reef (16-026),16-026,2023-03-11T00:00:00Z,NA,0,a
Tongue Reef (16-026),16-026,2023-03-11T00:00:00Z,NA,0,a
Tongue Reef (16-026),16-026,2023-03-11T00:00:00Z,NA,0,a
Tongue Reef (16-026),16-026,2023-03-11T00:00:00Z,NA,0,a
Tongue Reef (16-026),16-026,2023-03-11T00:00:00Z,NA,0,a
Tongue Reef (16-026),16-026,2023-03-11T00:00:00Z,NA,0,a
Tongue Reef (16-026),16-026,2023-03-11T00:00:00Z,NA,0,a
Tongue Reef (16-026),16-026,2023-03-11T00:00:00Z,NA,0,a
Tongue Reef (16-026),16-026,2023-03-11T00:00:00Z,NA,0,a
Tongue Reef (16-026),16-026,2023-03-11T00:00:00Z,NA,0,a
Tongue Reef (16-026),16-026,2023-03-11T00:00:00Z,NA,0,a
Tongue Reef (16-026),16-026,2023-03-11T00:00:00Z,NA,0,a
Tongue Reef (16-026),16-026,2023-03-11T00:00:00Z,NA,0,a
Tongue Reef (16-026),16-026,2023-03-11T00:00:00Z,NA,0,a
Tongue Reef (16-026),16-026,2023-03-11T00:00:00Z,NA,0,a
Tongue Reef (16-026),16-026,2023-03-11T00:00:00Z,NA,0,a
Tongue Reef (16-026),16-026,2023-03-11T00:00:00Z,NA,0,a
Tongue Reef (16-026),16-026,2023-03-11T00:00:00Z,NA,0,a
Tongue Reef (16-026),16-026,2023-03-11T00:00:00Z,NA,0,a
Tongue Reef (16-026),16-026,2023-03-11T00:00:00Z,NA,0,a
Tongue Reef (16-026),16-026,2023-03-11T00:00:00Z,NA,0,a
Tongue Reef (16-026),16-026,2023-03-11T00:00:00Z,NA,0,a
Tongue Reef (16-026),16-026,2023-03-11T00:00:00Z,NA,0,a
Tongue Reef (16-026),16-026,2023-03-11T00:00:00Z,NA,0,a
Tongue Reef (16-026),16-026,2023-03-11T00:00:00Z,NA,0,a
Tongue Reef (16-026),16-026,2023-03-11T00:00:00Z,NA,0,a
Tongue Reef (16-026),16-026,2023-03-11T00:00:00Z,NA,0,a
Tongue Reef (16-026),16-026,2023-03-11T00:00:00Z,NA,0,a
Tongue Reef (16-026),16-026,2023-03-11T00:00:00Z,NA,0,a
Tongue Reef (16-026),16-026,2023-03-11T00:00:00Z,NA,0,a
Tongue Reef (16-026),16-026,2023-03-11T00:00:00Z,NA,0,a
Tongue Reef (16-026),16-026,2023-03-11T00:00:00Z,NA,0,a
Tongue Reef (16-026),16-026,2023-03-11T00:00:00Z,NA,0,a
Tongue Reef (16-026),16-026,2023-03-11T00:00:00Z,NA,0,a
Tongue Reef (16-026),16-026,2023-03-11T00:00:00Z,NA,0,a
Tongue Reef (16-026),16-026,2023-03-11T00:00:00Z,NA,0,a
Tongue Reef (16-026),16-026,2023-03-11T00:00:00Z,NA,0,a
Tongue Reef (16-026),16-026,2023-03-11T00:00:00Z,NA,0,a
Tongue Reef (16-026),16-026,2023-03-11T00:00:00Z,NA,0,a
Tongue Reef (16-026),16-026,2023-03-11T00:00:00Z,NA,0,a
Tongue Reef (16-026),16-026,2023-03-11T00:00:00Z,NA,0,a
Tongue Reef (16-026),16-026,2023-03-11T00:00:00Z,NA,0,a
Tongue Reef (16-026),16-026,2023-03-11T00:00:00Z,NA,0,a
Tongue Reef (16-026),16-026,2023-03-11T00:00:00Z,NA,0,a
Tongue Reef (16-026),16-026,2023-03-11T00:00:00Z,NA,0,a
Tongue Reef (16-026),16-026,2023-03-11T00:00:00Z,NA,0,a
Tongue Reef (16-026),16-026,2023-03-11T00:00:00Z,NA,0,a
Tongue Reef (16-026),16-026,2023-03-11T00:00:00Z,NA,0,a
Tongue Reef (16-026),16-026,2023-03-11T00:00:00Z,NA,0,a
Tongue Reef (16-026),16-026,2023-03-11T00:00:00Z,NA,0,a
Tongue Reef (16-026),16-026,2023-03-11T00:00:00Z,NA,0,a
Tongue Reef (16-026),16-026,2023-03-11T00:00:00Z,NA,0,a
Tongue Reef (16-026),16-026,2023-03-11T00:00:00Z,NA,0,a
Tongue Reef (16-026),16-026,2023-03-11T00:00:00Z,NA,0,a
Tongue Reef (16-026),16-026,2023-03-11T00:00:00Z,NA,0,a
Tongue Reef (16-026),16-026,2023-03-11T00:00:00Z,NA,0,a
Tongue Reef (16-026),16-026,2023-03-11T00:00:00Z,NA,0,a
Tongue Reef (16-026),16-026,2023-03-11T00:00:00Z,NA,0,a
Tongue Reef (16-026),16-026,2023-03-11T00:00:00Z,NA,0,a
Tongue Reef (16-026),16-026,2023-03-11T00:00:00Z,NA,0,a
Tongue Reef (16-026),16-026,2023-03-11T00:00:00Z,NA,0,a
Tongue Reef (16-026),16-026,2023-03-11T00:00:00Z,NA,0,a
Tongue Reef (16-026),16-026,2023-03-11T00:00:00Z,NA,0,a
Tongue Reef (16-026),16-026,2023-03-11T00:00:00Z,NA,0,a
Tongue Reef (16-026),16-026,2023-03-11T00:00:00Z,NA,0,a
Tongue Reef (16-026),16-026,2023-03-11T00:00:00Z,NA,0,a
Tongue Reef (16-026),16-026,2026-01-19T15:00:00Z,1,0,p
Tongue Reef (16-026),16-026,2026-01-19T14:58:00Z,1,0,p
Tongue Reef (16-026),16-026,2026-01-19T14:55:00Z,0,0,a
Tongue Reef (16-026),16-026,2026-01-19T14:53:00Z,0,0,a
Tongue Reef (16-026),16-026,2026-01-19T14:49:00Z,0,0,a
Tongue Reef (16-026),16-026,2026-01-19T14:45:00Z,0,0,a
Tongue Reef (16-026),16-026,2026-01-19T14:43:00Z,0,0,a
Tongue Reef (16-026),16-026,2026-01-19T14:40:00Z,0,0,a
Tongue Reef (16-026),16-026,2026-01-19T14:40:00Z,0,0,a
Tongue Reef (16-026),16-026,2026-01-19T14:38:00Z,0,0,a
Tongue Reef (16-026),16-026,2026-01-19T14:38:00Z,0,0,a
Tongue Reef (16-026),16-026,2026-01-19T14:36:00Z,0,0,a
Tongue Reef (16-026),16-026,2026-01-19T14:34:00Z,0,0,a
Tongue Reef (16-026),16-026,2026-01-19T14:33:00Z,0,0,a
Tongue Reef (16-026),16-026,2026-01-19T14:31:00Z,0,0,a
Tongue Reef (16-026),16-026,2026-01-19T14:31:00Z,0,0,a
Tongue Reef (16-026),16-026,2026-01-19T14:29:00Z,0,0,a
Tongue Reef (16-026),16-026,2026-01-19T14:28:00Z,0,0,a
Tongue Reef (16-026),16-026,2026-01-19T14:26:00Z,0,0,a
Tongue Reef (16-026),16-026,2026-01-19T14:26:00Z,0,0,a
Tongue Reef (16-026),16-026,2026-01-19T14:24:00Z,0,0,a
Tongue Reef (16-026),16-026,2026-01-19T14:23:00Z,0,0,a
Tongue Reef (16-026),16-026,2026-01-19T14:21:00Z,0,0,a
Tongue Reef (16-026),16-026,2026-01-19T14:21:00Z,0,0,a
Tongue Reef (16-026),16-026,2026-01-19T14:18:00Z,0,0,a
Tongue Reef (16-026),16-026,2026-01-19T14:16:00Z,0,0,a
Tongue Reef (16-026),16-026,2026-01-19T14:15:00Z,0,0,a
Tongue Reef (16-026),16-026,2026-01-19T14:13:00Z,0,0,a
Tongue Reef (16-026),16-026,2026-01-19T14:12:00Z,0,0,a
Tongue Reef (16-026),16-026,2026-01-19T14:11:00Z,0,0,a
Tongue Reef (16-026),16-026,2026-01-19T14:10:00Z,0,0,a
Tongue Reef (16-026),16-026,2026-01-19T14:07:00Z,0,0,a
Tongue Reef (16-026),16-026,2026-01-19T14:07:00Z,0,0,a
Tongue Reef (16-026),16-026,2026-01-19T14:05:00Z,0,0,a
Tongue Reef (16-026),16-026,2026-01-19T14:04:00Z,0,0,a
Tongue Reef (16-026),16-026,2026-01-19T14:02:00Z,0,0,a
Tongue Reef (16-026),16-026,2026-01-19T14:01:00Z,0,0,a
Tongue Reef (16-026),16-026,2026-01-19T13:59:00Z,0,0,a
Tongue Reef (16-026),16-026,2026-01-19T13:59:00Z,0,0,a
Tongue Reef (16-026),16-026,2026-01-19T13:57:00Z,0,0,a
Tongue Reef (16-026),16-026,2026-01-19T13:56:00Z,0,0,a
Tongue Reef (16-026),16-026,2026-01-19T13:54:00Z,0,0,a
Tongue Reef (16-026),16-026,2026-01-19T13:54:00Z,0,0,a
Tongue Reef (16-026),16-026,2026-01-19T13:51:00Z,0,0,a
Tongue Reef (16-026),16-026,2026-01-19T13:51:00Z,0,0,a
Tongue Reef (16-026),16-026,2026-01-19T13:49:00Z,0,0,a
Tongue Reef (16-026),16-026,2026-01-19T13:48:00Z,0,0,a
Tongue Reef (16-026),16-026,2026-01-19T13:46:00Z,0,0,a
Tongue Reef (16-026),16-026,2026-01-19T13:46:00Z,0,0,a
Tongue Reef (16-026),16-026,2026-01-19T13:43:00Z,0,0,a
Tongue Reef (16-026),16-026,2026-01-19T13:42:00Z,0,0,a
Tongue Reef (16-026),16-026,2026-01-19T13:40:00Z,0,0,a
Tongue Reef (16-026),16-026,2026-01-19T13:38:00Z,0,0,a
Tongue Reef (16-026),16-026,2026-01-19T11:08:00Z,0,0,a
Tongue Reef (16-026),16-026,2026-01-19T11:05:00Z,0,0,a
Tongue Reef (16-026),16-026,2026-01-19T11:03:00Z,0,0,a
Tongue Reef (16-026),16-026,2026-01-19T11:00:00Z,0,0,a
Tongue Reef (16-026),16-026,2026-01-19T10:58:00Z,0,0,a
Tongue Reef (16-026),16-026,2026-01-19T10:55:00Z,0,0,a
Tongue Reef (16-026),16-026,2026-01-19T10:53:00Z,0,0,a
Tongue Reef (16-026),16-026,2026-01-19T10:52:00Z,0,0,a
Tongue Reef (16-026),16-026,2026-01-19T10:50:00Z,0,0,a
Tongue Reef (16-026),16-026,2026-01-19T10:50:00Z,0,0,a
Tongue Reef (16-026),16-026,2026-01-19T10:48:00Z,0,0,a
Tongue Reef (16-026),16-026,2026-01-19T10:47:00Z,0,0,a
Tongue Reef (16-026),16-026,2026-01-19T10:45:00Z,0,0,a
Tongue Reef (16-026),16-026,2026-01-19T10:45:00Z,0,0,a
Tongue Reef (16-026),16-026,2026-01-19T10:43:00Z,0,0,a
Tongue Reef (16-026),16-026,2026-01-19T10:42:00Z,0,0,a
Tongue Reef (16-026),16-026,2026-01-19T10:40:00Z,0,0,a
Tongue Reef (16-026),16-026,2026-01-19T10:39:00Z,0,0,a
Tongue Reef (16-026),16-026,2026-01-19T10:37:00Z,0,0,a
Tongue Reef (16-026),16-026,2026-01-19T10:36:00Z,0,0,a
Tongue Reef (16-026),16-026,2026-01-19T10:35:00Z,0,0,a
Tongue Reef (16-026),16-026,2026-01-19T10:32:00Z,0,0,a
Tongue Reef (16-026),16-026,2026-01-19T10:31:00Z,0,0,a
Tongue Reef (16-026),16-026,2026-01-19T10:30:00Z,1,1,p
Tongue Reef (16-026),16-026,2026-01-19T10:28:00Z,0,0,a
Tongue Reef (16-026),16-026,2026-01-19T10:27:00Z,0,0,a
Tongue Reef (16-026),16-026,2026-01-19T10:25:00Z,0,0,a
Tongue Reef (16-026),16-026,2026-01-19T10:24:00Z,0,0,a
Tongue Reef (16-026),16-026,2026-01-19T10:22:00Z,0,0,a
Tongue Reef (16-026),16-026,2026-01-19T10:21:00Z,0,0,a
Tongue Reef (16-026),16-026,2026-01-19T10:19:00Z,1,0,p
Tongue Reef (16-026),16-026,2026-01-19T10:19:00Z,1,0,p
Tongue Reef (16-026),16-026,2026-01-19T10:17:00Z,0,0,a
Tongue Reef (16-026),16-026,2026-01-19T10:15:00Z,0,0,a
Tongue Reef (16-026),16-026,2026-01-19T10:14:00Z,0,0,a
Tongue Reef (16-026),16-026,2026-01-19T10:12:00Z,0,0,a
Tongue Reef (16-026),16-026,2026-01-19T10:10:00Z,0,0,a
Tongue Reef (16-026),16-026,2026-01-19T10:09:00Z,1,0,p
Tongue Reef (16-026),16-026,2026-01-19T10:08:00Z,0,0,a
Tongue Reef (16-026),16-026,2026-01-19T10:06:00Z,1,0,p
Tongue Reef (16-026),16-026,2026-01-19T10:05:00Z,0,0,a
Tongue Reef (16-026),16-026,2026-01-19T10:03:00Z,0,0,a
Tongue Reef (16-026),16-026,2026-01-19T10:03:00Z,0,0,a
Tongue Reef (16-026),16-026,2026-01-19T10:01:00Z,0,0,a
Tongue Reef (16-026),16-026,2026-01-19T10:00:00Z,0,0,a
Tongue Reef (16-026),16-026,2026-01-19T09:58:00Z,0,0,a
Tongue Reef (16-026),16-026,2026-01-19T09:58:00Z,0,0,a
Tongue Reef (16-026),16-026,2026-01-19T09:56:00Z,0,0,a
Tongue Reef (16-026),16-026,2026-01-19T09:55:00Z,0,0,a
Tongue Reef (16-026),16-026,2026-01-19T09:54:00Z,0,0,a
Tongue Reef (16-026),16-026,2026-01-19T09:52:00Z,0,0,a
Tongue Reef (16-026),16-026,2026-01-19T09:51:00Z,0,0,a
Tongue Reef (16-026),16-026,2026-01-19T09:50:00Z,0,0,a
Tongue Reef (16-026),16-026,2026-01-19T09:49:00Z,0,0,a
Tongue Reef (16-026),16-026,2026-01-19T09:47:00Z,0,0,a
Tongue Reef (16-026),16-026,2026-01-19T09:47:00Z,0,0,a
Tongue Reef (16-026),16-026,2026-01-19T09:44:00Z,0,0,a
Tongue Reef (16-026),16-026,2026-01-19T09:44:00Z,0,0,a
Tongue Reef (16-026),16-026,2026-01-19T09:41:00Z,0,0,a
Tongue Reef (16-026),16-026,2026-01-19T09:38:00Z,0,0,a
Tongue Reef (16-026),16-026,2026-01-19T09:36:00Z,0,0,a
Tongue Reef (16-026),16-026,2026-01-19T09:18:00Z,0,0,a
Tongue Reef (16-026),16-026,2026-01-19T09:16:00Z,0,0,a
Tongue Reef (16-026),16-026,2026-01-19T09:13:00Z,0,0,a
Tongue Reef (16-026),16-026,2026-01-19T09:11:00Z,0,0,a
Tongue Reef (16-026),16-026,2026-01-19T09:08:00Z,0,0,a
Tongue Reef (16-026),16-026,2026-01-19T09:05:00Z,0,0,a
Tongue Reef (16-026),16-026,2026-01-19T09:03:00Z,0,0,a
Tongue Reef (16-026),16-026,2026-01-19T09:00:00Z,3,0,p
Tongue Reef (16-026),16-026,2026-01-19T08:58:00Z,0,0,a
Tongue Reef (16-026),16-026,2026-01-19T08:55:00Z,0,0,a
Tongue Reef (16-026),16-026,2026-01-19T08:52:00Z,0,0,a
Tongue Reef (16-026),16-026,2026-01-19T08:50:00Z,0,0,a
Tongue Reef (16-026),16-026,2026-01-19T08:47:00Z,0,0,a
Tongue Reef (16-026),16-026,2026-01-19T08:44:00Z,0,0,a
Tongue Reef (16-026),16-026,2026-01-19T08:38:00Z,1,0,p
Tongue Reef (16-026),16-026,2026-01-19T08:34:00Z,0,0,a
Tongue Reef (16-026),16-026,2026-01-19T08:32:00Z,1,0,p
Tongue Reef (16-026),16-026,2026-01-19T08:29:00Z,0,0,a
Tongue Reef (16-026),16-026,2026-01-19T08:26:00Z,3,0,p
Tongue Reef (16-026),16-026,2026-01-19T08:23:00Z,0,0,a
Tongue Reef (16-026),16-026,2026-01-19T08:20:00Z,0,0,a
Tongue Reef (16-026),16-026,2026-01-19T08:18:00Z,1,0,p
Tongue Reef (16-026),16-026,2026-01-19T08:15:00Z,1,0,p
Tongue Reef (16-026),16-026,2026-01-19T08:12:00Z,0,0,a
Tongue Reef (16-026),16-026,2026-01-19T08:09:00Z,0,0,a
Tongue Reef (16-026),16-026,2026-01-19T08:06:00Z,0,0,a
Tongue Reef (16-026),16-026,2026-01-19T08:03:00Z,0,0,a
Tongue Reef (16-026),16-026,2026-01-19T08:01:00Z,0,0,a
Tongue Reef (16-026),16-026,2026-01-19T07:58:00Z,1,0,p
Tongue Reef (16-026),16-026,2026-01-19T07:54:00Z,2,0,p
Tongue Reef (16-026),16-026,2026-01-18T15:57:00Z,0,0,a
Tongue Reef (16-026),16-026,2026-01-18T15:54:00Z,8,0,p
Tongue Reef (16-026),16-026,2026-01-18T15:54:00Z,0,0,a
Tongue Reef (16-026),16-026,2026-01-18T15:51:00Z,0,0,a
Tongue Reef (16-026),16-026,2026-01-18T15:51:00Z,0,0,a
Tongue Reef (16-026),16-026,2026-01-18T15:48:00Z,0,0,a
Tongue Reef (16-026),16-026,2026-01-18T15:48:00Z,0,0,a
Tongue Reef (16-026),16-026,2026-01-18T15:46:00Z,1,0,p
Tongue Reef (16-026),16-026,2026-01-18T15:45:00Z,0,0,a
Tongue Reef (16-026),16-026,2026-01-18T15:43:00Z,0,0,a
Tongue Reef (16-026),16-026,2026-01-18T15:42:00Z,0,0,a
Tongue Reef (16-026),16-026,2026-01-18T15:41:00Z,1,0,p
Tongue Reef (16-026),16-026,2026-01-18T15:39:00Z,1,0,p
Tongue Reef (16-026),16-026,2026-01-18T15:38:00Z,0,0,a
Tongue Reef (16-026),16-026,2026-01-18T15:36:00Z,0,0,a
Tongue Reef (16-026),16-026,2026-01-18T15:35:00Z,0,0,a
Tongue Reef (16-026),16-026,2026-01-18T15:33:00Z,0,0,a
Tongue Reef (16-026),16-026,2026-01-18T15:33:00Z,0,0,a
Tongue Reef (16-026),16-026,2026-01-18T15:30:00Z,0,0,a
Tongue Reef (16-026),16-026,2026-01-18T15:28:00Z,0,0,a
Tongue Reef (16-026),16-026,2026-01-18T15:25:00Z,0,0,a
Tongue Reef (16-026),16-026,2026-01-18T15:23:00Z,5,0,p
Tongue Reef (16-026),16-026,2026-01-18T15:20:00Z,1,0,p
Tongue Reef (16-026),16-026,2026-01-18T15:17:00Z,1,0,p
Tongue Reef (16-026),16-026,2026-01-18T15:15:00Z,0,0,a
Tongue Reef (16-026),16-026,2026-01-18T15:13:00Z,1,0,p
Tongue Reef (16-026),16-026,2026-01-18T15:10:00Z,1,0,p
Tongue Reef (16-026),16-026,2026-01-18T15:08:00Z,0,0,a
Tongue Reef (16-026),16-026,2026-01-18T15:07:00Z,1,0,p
Tongue Reef (16-026),16-026,2026-01-18T15:05:00Z,0,0,a
Tongue Reef (16-026),16-026,2026-01-18T15:05:00Z,0,0,a
Tongue Reef (16-026),16-026,2026-01-18T15:02:00Z,0,0,a
Tongue Reef (16-026),16-026,2026-01-18T15:02:00Z,0,0,a
Tongue Reef (16-026),16-026,2026-01-18T15:00:00Z,0,0,a
Tongue Reef (16-026),16-026,2026-01-18T14:58:00Z,0,0,a
Tongue Reef (16-026),16-026,2026-01-18T14:58:00Z,0,0,a
Tongue Reef (16-026),16-026,2026-01-18T14:55:00Z,0,0,a
Tongue Reef (16-026),16-026,2026-01-18T14:53:00Z,0,0,a
Tongue Reef (16-026),16-026,2026-01-18T14:52:00Z,0,0,a
Tongue Reef (16-026),16-026,2026-01-18T14:50:00Z,0,0,a
Tongue Reef (16-026),16-026,2026-01-18T14:47:00Z,0,0,a
Tongue Reef (16-026),16-026,2026-01-18T14:45:00Z,0,0,a
Tongue Reef (16-026),16-026,2026-01-15T15:42:00Z,0,0,a
Tongue Reef (16-026),16-026,2026-01-15T15:41:00Z,0,0,a
Tongue Reef (16-026),16-026,2026-01-15T15:39:00Z,0,0,a
Tongue Reef (16-026),16-026,2026-01-15T15:38:00Z,0,0,a
Tongue Reef (16-026),16-026,2026-01-15T15:36:00Z,0,0,a
Tongue Reef (16-026),16-026,2026-01-15T15:36:00Z,0,0,a
Tongue Reef (16-026),16-026,2026-01-15T15:33:00Z,2,0,p
Tongue Reef (16-026),16-026,2026-01-15T15:33:00Z,0,0,a
Tongue Reef (16-026),16-026,2026-01-15T15:30:00Z,0,0,a
Tongue Reef (16-026),16-026,2026-01-15T15:27:00Z,0,0,a
Tongue Reef (16-026),16-026,2026-01-15T15:25:00Z,0,0,a
Tongue Reef (16-026),16-026,2026-01-15T15:22:00Z,0,0,a
Tongue Reef (16-026),16-026,2026-01-15T15:20:00Z,0,0,a
Tongue Reef (16-026),16-026,2026-01-15T15:20:00Z,0,0,a
Tongue Reef (16-026),16-026,2026-01-15T15:17:00Z,0,0,a
Tongue Reef (16-026),16-026,2026-01-15T15:17:00Z,0,0,a
Tongue Reef (16-026),16-026,2026-01-15T15:14:00Z,1,0,p
Tongue Reef (16-026),16-026,2026-01-15T15:13:00Z,0,0,a
Tongue Reef (16-026),16-026,2026-01-15T15:11:00Z,0,0,a
Tongue Reef (16-026),16-026,2026-01-15T15:10:00Z,0,0,a
Tongue Reef (16-026),16-026,2026-01-15T15:08:00Z,0,0,a
Tongue Reef (16-026),16-026,2026-01-15T15:08:00Z,0,0,a
Tongue Reef (16-026),16-026,2026-01-15T15:06:00Z,0,0,a
Tongue Reef (16-026),16-026,2026-01-15T15:05:00Z,0,0,a
Tongue Reef (16-026),16-026,2026-01-15T15:03:00Z,0,0,a
Tongue Reef (16-026),16-026,2026-01-15T15:02:00Z,0,0,a
Tongue Reef (16-026),16-026,2026-01-15T15:01:00Z,0,0,a
Tongue Reef (16-026),16-026,2026-01-15T14:59:00Z,0,0,a
Tongue Reef (16-026),16-026,2026-01-15T14:58:00Z,2,0,p
Tongue Reef (16-026),16-026,2026-01-15T14:57:00Z,0,0,a
Tongue Reef (16-026),16-026,2026-01-15T14:56:00Z,7,0,p
Tongue Reef (16-026),16-026,2026-01-15T14:54:00Z,0,0,a
Tongue Reef (16-026),16-026,2026-01-15T14:52:00Z,1,0,p
Tongue Reef (16-026),16-026,2026-01-15T14:52:00Z,0,0,a
Tongue Reef (16-026),16-026,2026-01-15T14:49:00Z,1,0,p
Tongue Reef (16-026),16-026,2026-01-15T14:49:00Z,0,0,a
Tongue Reef (16-026),16-026,2026-01-15T14:46:00Z,0,0,a
Tongue Reef (16-026),16-026,2026-01-15T14:45:00Z,0,0,a
Tongue Reef (16-026),16-026,2026-01-15T14:44:00Z,0,0,a
Tongue Reef (16-026),16-026,2026-01-15T14:42:00Z,0,0,a
Tongue Reef (16-026),16-026,2026-01-15T14:41:00Z,3,0,p
Tongue Reef (16-026),16-026,2026-01-15T14:40:00Z,0,0,a
Tongue Reef (16-026),16-026,2026-01-15T14:38:00Z,4,0,p
Tongue Reef (16-026),16-026,2026-01-15T14:37:00Z,0,0,a
Tongue Reef (16-026),16-026,2026-01-15T14:35:00Z,0,0,a
Tongue Reef (16-026),16-026,2026-01-15T14:34:00Z,0,0,a
Tongue Reef (16-026),16-026,2026-01-15T14:32:00Z,0,0,a
Tongue Reef (16-026),16-026,2026-01-15T14:31:00Z,3,0,p
Tongue Reef (16-026),16-026,2026-01-15T14:29:00Z,0,0,a
Tongue Reef (16-026),16-026,2026-01-15T14:29:00Z,1,0,p
Tongue Reef (16-026),16-026,2026-01-15T14:27:00Z,0,0,a
Tongue Reef (16-026),16-026,2026-01-15T14:26:00Z,4,0,p
Tongue Reef (16-026),16-026,2026-01-15T14:25:00Z,0,0,a
Tongue Reef (16-026),16-026,2026-01-15T14:22:00Z,6,0,p
Tongue Reef (16-026),16-026,2026-01-15T14:22:00Z,0,0,a
Tongue Reef (16-026),16-026,2026-01-15T14:19:00Z,2,0,p
Tongue Reef (16-026),16-026,2026-01-15T14:15:00Z,0,0,a
Tongue Reef (16-026),16-026,2026-01-15T14:12:00Z,0,0,a
Tongue Reef (16-026),16-026,2026-01-15T14:09:00Z,1,0,p
Tongue Reef (16-026),16-026,2026-01-15T14:06:00Z,2,0,p
Tongue Reef (16-026),16-026,2026-01-15T14:04:00Z,0,0,a
Tongue Reef (16-026),16-026,2026-01-15T14:01:00Z,1,0,p
Tongue Reef (16-026),16-026,2026-01-15T13:58:00Z,0,0,a
Tongue Reef (16-026),16-026,2026-01-15T13:55:00Z,1,1,p
Tongue Reef (16-026),16-026,2026-01-15T11:29:00Z,1,0,p
Tongue Reef (16-026),16-026,2026-01-15T11:26:00Z,2,0,p
Tongue Reef (16-026),16-026,2026-01-15T11:23:00Z,0,0,a
Tongue Reef (16-026),16-026,2026-01-15T11:19:00Z,1,0,p
Tongue Reef (16-026),16-026,2026-01-15T11:17:00Z,0,0,a
Tongue Reef (16-026),16-026,2026-01-15T11:14:00Z,0,0,a
Tongue Reef (16-026),16-026,2026-01-15T11:11:00Z,0,0,a
Tongue Reef (16-026),16-026,2026-01-15T11:08:00Z,0,0,a
Tongue Reef (16-026),16-026,2026-01-15T11:06:00Z,0,0,a
Tongue Reef (16-026),16-026,2026-01-15T11:03:00Z,0,0,a
Tongue Reef (16-026),16-026,2026-01-15T11:01:00Z,0,0,a
Tongue Reef (16-026),16-026,2026-01-15T10:58:00Z,0,0,a
Tongue Reef (16-026),16-026,2026-01-15T10:55:00Z,0,0,a
Tongue Reef (16-026),16-026,2026-01-15T10:53:00Z,0,0,a
Tongue Reef (16-026),16-026,2026-01-15T10:49:00Z,0,0,a
Tongue Reef (16-026),16-026,2026-01-15T10:44:00Z,0,0,a
Tongue Reef (16-026),16-026,2026-01-15T10:42:00Z,0,0,a
Tongue Reef (16-026),16-026,2026-01-15T10:39:00Z,0,0,a
Tongue Reef (16-026),16-026,2026-01-15T10:36:00Z,0,0,a
Tongue Reef (16-026),16-026,2026-01-15T10:33:00Z,0,0,a
Tongue Reef (16-026),16-026,2026-01-15T10:30:00Z,0,0,a
Tongue Reef (16-026),16-026,2026-01-15T10:28:00Z,0,0,a
Tongue Reef (16-026),16-026,2026-01-15T10:25:00Z,0,0,a
Tongue Reef (16-026),16-026,2026-01-15T10:22:00Z,0,0,a
Tongue Reef (16-026),16-026,2026-01-15T10:20:00Z,0,0,a
Tongue Reef (16-026),16-026,2026-01-15T10:17:00Z,0,0,a
Tongue Reef (16-026),16-026,2026-01-15T10:14:00Z,0,0,a
Tongue Reef (16-026),16-026,2026-01-15T10:12:00Z,0,0,a
Tongue Reef (16-026),16-026,2026-01-15T10:09:00Z,0,0,a
Tongue Reef (16-026),16-026,2026-01-15T10:06:00Z,0,0,a
Tongue Reef (16-026),16-026,2026-01-15T09:46:00Z,0,0,a
Tongue Reef (16-026),16-026,2026-01-15T09:43:00Z,0,0,a
Tongue Reef (16-026),16-026,2026-01-15T09:40:00Z,0,0,a
Tongue Reef (16-026),16-026,2026-01-15T09:38:00Z,0,0,a
Tongue Reef (16-026),16-026,2026-01-15T09:35:00Z,0,0,a
Tongue Reef (16-026),16-026,2026-01-15T09:32:00Z,0,0,a
Tongue Reef (16-026),16-026,2026-01-15T09:30:00Z,0,0,a
Tongue Reef (16-026),16-026,2026-01-15T09:27:00Z,0,0,a
Tongue Reef (16-026),16-026,2026-01-15T09:25:00Z,0,0,a
Tongue Reef (16-026),16-026,2026-01-15T09:22:00Z,0,0,a
Tongue Reef (16-026),16-026,2026-01-15T09:19:00Z,0,0,a
Tongue Reef (16-026),16-026,2026-01-15T09:17:00Z,0,0,a
Tongue Reef (16-026),16-026,2026-01-15T09:14:00Z,0,0,a
Tongue Reef (16-026),16-026,2026-01-15T09:11:00Z,0,0,a
Tongue Reef (16-026),16-026,2026-01-15T09:08:00Z,0,0,a
Tongue Reef (16-026),16-026,2026-01-15T09:03:00Z,0,0,a
Tongue Reef (16-026),16-026,2026-01-15T09:00:00Z,0,0,a
Tongue Reef (16-026),16-026,2026-01-15T08:57:00Z,0,0,a
Tongue Reef (16-026),16-026,2026-01-15T08:55:00Z,0,0,a
Tongue Reef (16-026),16-026,2026-01-15T08:52:00Z,0,0,a
Tongue Reef (16-026),16-026,2026-01-15T08:49:00Z,0,0,a
Tongue Reef (16-026),16-026,2026-01-15T08:47:00Z,0,0,a
Tongue Reef (16-026),16-026,2026-01-15T08:44:00Z,0,0,a
Tongue Reef (16-026),16-026,2026-01-15T08:41:00Z,0,0,a
Tongue Reef (16-026),16-026,2026-01-15T08:38:00Z,0,0,a
Tongue Reef (16-026),16-026,2026-01-15T08:35:00Z,0,0,a
Tongue Reef (16-026),16-026,2026-01-15T08:32:00Z,0,0,a
Tongue Reef (16-026),16-026,2026-01-15T08:30:00Z,0,0,a
Tongue Reef (16-026),16-026,2026-01-15T08:26:00Z,0,0,a
Tongue Reef (16-026),16-026,2026-01-15T08:22:00Z,0,0,a
Batt Reef (16-029),16-029,2025-11-13T10:31:00Z,0,0,a
Batt Reef (16-029),16-029,2025-11-13T10:28:00Z,0,0,a
Batt Reef (16-029),16-029,2025-11-13T10:26:00Z,0,0,a
Batt Reef (16-029),16-029,2023-04-30T12:54:00Z,NA,0,a
Batt Reef (16-029),16-029,2023-04-30T12:52:00Z,NA,0,a
Batt Reef (16-029),16-029,2023-04-30T12:49:00Z,NA,0,a
Batt Reef (16-029),16-029,2023-04-30T12:47:00Z,NA,0,a
Batt Reef (16-029),16-029,2023-04-30T12:45:00Z,NA,0,a
Batt Reef (16-029),16-029,2023-04-30T12:43:00Z,NA,0,a
Batt Reef (16-029),16-029,2023-04-30T12:40:00Z,NA,0,a
Batt Reef (16-029),16-029,2023-04-30T12:38:00Z,NA,0,a
Batt Reef (16-029),16-029,2023-04-30T12:36:00Z,NA,0,p
Batt Reef (16-029),16-029,2023-04-30T12:34:00Z,NA,0,a
Batt Reef (16-029),16-029,2023-04-30T12:32:00Z,NA,0,a
Batt Reef (16-029),16-029,2023-04-30T12:29:00Z,NA,0,p
Batt Reef (16-029),16-029,2023-04-30T12:27:00Z,NA,0,p
Batt Reef (16-029),16-029,2023-04-30T12:25:00Z,NA,0,a
Batt Reef (16-029),16-029,2023-04-30T12:23:00Z,NA,0,a
Batt Reef (16-029),16-029,2023-04-30T12:21:00Z,NA,0,a
Batt Reef (16-029),16-029,2023-04-30T12:19:00Z,NA,0,a
Batt Reef (16-029),16-029,2023-04-30T12:17:00Z,NA,0,a
Batt Reef (16-029),16-029,2023-04-30T12:14:00Z,NA,0,a
Batt Reef (16-029),16-029,2023-04-30T12:12:00Z,NA,0,a
Batt Reef (16-029),16-029,2023-04-30T12:10:00Z,NA,0,a
Batt Reef (16-029),16-029,2023-04-30T12:07:00Z,NA,0,a
Batt Reef (16-029),16-029,2023-04-30T12:05:00Z,NA,0,p
Batt Reef (16-029),16-029,2023-04-30T12:03:00Z,NA,0,a
Batt Reef (16-029),16-029,2023-04-30T12:01:00Z,NA,0,a
Batt Reef (16-029),16-029,2023-04-30T11:59:00Z,NA,0,a
Batt Reef (16-029),16-029,2023-04-30T11:57:00Z,NA,0,a
Batt Reef (16-029),16-029,2023-04-30T11:55:00Z,NA,0,a
Batt Reef (16-029),16-029,2023-04-30T11:52:00Z,NA,0,a
Batt Reef (16-029),16-029,2023-04-30T11:50:00Z,NA,0,a
Batt Reef (16-029),16-029,2023-04-30T11:48:00Z,NA,0,p
Batt Reef (16-029),16-029,2023-04-30T11:46:00Z,NA,0,a
Batt Reef (16-029),16-029,2023-04-30T11:44:00Z,NA,0,a
Batt Reef (16-029),16-029,2023-04-30T11:42:00Z,NA,0,a
Batt Reef (16-029),16-029,2023-04-30T11:40:00Z,NA,0,a
Batt Reef (16-029),16-029,2023-04-30T11:37:00Z,NA,0,p
Batt Reef (16-029),16-029,2023-04-30T11:35:00Z,NA,0,a
Batt Reef (16-029),16-029,2023-04-30T11:33:00Z,NA,0,a
Batt Reef (16-029),16-029,2023-04-30T11:31:00Z,NA,0,a
Batt Reef (16-029),16-029,2023-04-30T11:29:00Z,NA,0,a
Batt Reef (16-029),16-029,2023-04-30T11:26:00Z,NA,0,a
Batt Reef (16-029),16-029,2023-04-30T11:24:00Z,NA,0,a
Batt Reef (16-029),16-029,2023-04-30T11:22:00Z,NA,0,a
Batt Reef (16-029),16-029,2023-04-30T11:19:00Z,NA,0,a
Batt Reef (16-029),16-029,2023-04-30T11:17:00Z,NA,0,a
Batt Reef (16-029),16-029,2023-04-30T11:14:00Z,NA,0,a
Batt Reef (16-029),16-029,2023-04-30T11:12:00Z,NA,0,a
Batt Reef (16-029),16-029,2023-04-30T11:10:00Z,NA,0,a
Batt Reef (16-029),16-029,2023-04-30T11:08:00Z,NA,0,p
Batt Reef (16-029),16-029,2023-04-30T11:06:00Z,NA,0,a
Batt Reef (16-029),16-029,2023-04-30T11:04:00Z,NA,0,a
Batt Reef (16-029),16-029,2023-04-30T11:01:00Z,NA,0,a
Batt Reef (16-029),16-029,2023-04-30T10:59:00Z,NA,0,a
Batt Reef (16-029),16-029,2023-04-30T10:57:00Z,NA,0,a
Batt Reef (16-029),16-029,2023-04-30T10:55:00Z,NA,0,a
Batt Reef (16-029),16-029,2023-04-30T10:53:00Z,NA,0,a
Batt Reef (16-029),16-029,2023-04-30T10:51:00Z,NA,0,a
Batt Reef (16-029),16-029,2023-04-30T10:48:00Z,NA,0,a
Batt Reef (16-029),16-029,2023-04-30T10:46:00Z,NA,0,a
Batt Reef (16-029),16-029,2023-04-30T10:44:00Z,NA,0,a
Batt Reef (16-029),16-029,2023-01-09T10:37:00Z,NA,0,a
Batt Reef (16-029),16-029,2023-01-09T10:35:00Z,NA,0,a
Batt Reef (16-029),16-029,2023-01-09T10:33:00Z,NA,0,a
Batt Reef (16-029),16-029,2023-01-09T10:30:00Z,NA,0,a
Batt Reef (16-029),16-029,2023-01-09T10:28:00Z,NA,0,a
Batt Reef (16-029),16-029,2023-01-09T10:26:00Z,NA,0,a
Batt Reef (16-029),16-029,2023-01-09T10:24:00Z,NA,0,a
Batt Reef (16-029),16-029,2023-01-09T10:21:00Z,NA,0,p
Batt Reef (16-029),16-029,2023-01-09T10:19:00Z,NA,0,a
Batt Reef (16-029),16-029,2023-01-09T10:16:00Z,NA,1,p
Batt Reef (16-029),16-029,2023-01-09T10:14:00Z,NA,0,a
Batt Reef (16-029),16-029,2023-01-09T10:11:00Z,NA,0,a
Batt Reef (16-029),16-029,2023-01-09T10:08:00Z,NA,0,a
Batt Reef (16-029),16-029,2023-01-09T10:06:00Z,NA,0,a
Batt Reef (16-029),16-029,2023-01-09T10:03:00Z,NA,0,p
Batt Reef (16-029),16-029,2023-01-09T10:01:00Z,NA,0,a
Batt Reef (16-029),16-029,2023-01-09T09:57:00Z,NA,0,a
Batt Reef (16-029),16-029,2023-01-09T09:55:00Z,NA,0,a
Batt Reef (16-029),16-029,2023-01-09T09:50:00Z,NA,0,p
Batt Reef (16-029),16-029,2023-01-09T09:48:00Z,NA,0,a
Batt Reef (16-029),16-029,2023-01-09T09:46:00Z,NA,0,p
Batt Reef (16-029),16-029,2023-01-09T09:44:00Z,NA,0,a
Batt Reef (16-029),16-029,2023-01-09T09:41:00Z,NA,0,a
Batt Reef (16-029),16-029,2023-01-09T09:39:00Z,NA,0,a
Batt Reef (16-029),16-029,2023-01-09T09:37:00Z,NA,0,p
Batt Reef (16-029),16-029,2023-01-09T09:34:00Z,NA,0,a
Batt Reef (16-029),16-029,2023-01-09T09:32:00Z,NA,0,a
Batt Reef (16-029),16-029,2023-01-09T09:29:00Z,NA,0,p
Batt Reef (16-029),16-029,2023-01-09T09:27:00Z,NA,0,a
Batt Reef (16-029),16-029,2023-01-09T09:25:00Z,NA,0,p
Batt Reef (16-029),16-029,2023-01-09T09:23:00Z,NA,0,p
Batt Reef (16-029),16-029,2023-01-09T09:21:00Z,NA,0,a
Batt Reef (16-029),16-029,2023-01-09T09:18:00Z,NA,0,p
Batt Reef (16-029),16-029,2023-01-09T09:16:00Z,NA,0,p
Batt Reef (16-029),16-029,2023-01-09T09:14:00Z,NA,0,a
Batt Reef (16-029),16-029,2023-01-09T09:12:00Z,NA,0,a
Batt Reef (16-029),16-029,2023-01-09T09:09:00Z,NA,0,a
Batt Reef (16-029),16-029,2023-01-09T09:06:00Z,NA,0,a
Batt Reef (16-029),16-029,2023-01-09T09:04:00Z,NA,0,a
Batt Reef (16-029),16-029,2023-01-09T09:02:00Z,NA,0,p
Batt Reef (16-029),16-029,2023-01-09T09:00:00Z,NA,0,a
Batt Reef (16-029),16-029,2023-01-09T08:57:00Z,NA,0,a
Batt Reef (16-029),16-029,2023-01-09T08:55:00Z,NA,0,a
Batt Reef (16-029),16-029,2023-01-09T08:53:00Z,NA,0,a
Batt Reef (16-029),16-029,2023-01-09T08:51:00Z,NA,0,a
Batt Reef (16-029),16-029,2023-01-09T08:48:00Z,NA,0,a
Batt Reef (16-029),16-029,2023-01-09T08:46:00Z,NA,0,a
Batt Reef (16-029),16-029,2023-01-09T08:43:00Z,NA,0,p
Batt Reef (16-029),16-029,2023-01-09T08:41:00Z,NA,0,a
Batt Reef (16-029),16-029,2023-01-09T08:38:00Z,NA,0,p
Batt Reef (16-029),16-029,2023-01-09T08:36:00Z,NA,0,a
Batt Reef (16-029),16-029,2023-01-09T08:33:00Z,NA,0,p
Batt Reef (16-029),16-029,2023-01-09T08:31:00Z,NA,0,a
Batt Reef (16-029),16-029,2023-01-09T08:29:00Z,NA,0,a
Batt Reef (16-029),16-029,2023-01-09T08:27:00Z,NA,0,a
Batt Reef (16-029),16-029,2023-01-09T08:24:00Z,NA,0,a
Batt Reef (16-029),16-029,2023-01-09T08:22:00Z,NA,0,a
Batt Reef (16-029),16-029,2023-01-09T08:19:00Z,NA,0,a
Batt Reef (16-029),16-029,2023-01-09T08:17:00Z,NA,0,a
Batt Reef (16-029),16-029,2023-01-09T08:15:00Z,NA,0,a
Batt Reef (16-029),16-029,2023-01-09T08:12:00Z,NA,0,a
Batt Reef (16-029),16-029,2023-01-09T08:10:00Z,NA,0,a
Batt Reef (16-029),16-029,2023-01-09T08:08:00Z,NA,0,a
Batt Reef (16-029),16-029,2023-01-09T08:05:00Z,NA,0,a
Batt Reef (16-029),16-029,2023-01-09T08:03:00Z,NA,0,a
Batt Reef (16-029),16-029,2023-01-09T08:01:00Z,NA,0,a
Batt Reef (16-029),16-029,2023-01-04T11:57:00Z,NA,0,a
Batt Reef (16-029),16-029,2023-01-04T11:55:00Z,NA,0,a
Batt Reef (16-029),16-029,2023-01-04T11:53:00Z,NA,0,a
Batt Reef (16-029),16-029,2023-01-04T11:50:00Z,NA,0,a
Batt Reef (16-029),16-029,2023-01-04T11:48:00Z,NA,0,a
Batt Reef (16-029),16-029,2023-01-04T11:46:00Z,NA,0,a
Batt Reef (16-029),16-029,2023-01-04T11:44:00Z,NA,0,a
Batt Reef (16-029),16-029,2023-01-04T11:42:00Z,NA,0,a
Batt Reef (16-029),16-029,2023-01-04T11:39:00Z,NA,0,a
Batt Reef (16-029),16-029,2023-01-04T11:37:00Z,NA,0,a
Batt Reef (16-029),16-029,2023-01-04T11:35:00Z,NA,0,a
Batt Reef (16-029),16-029,2023-01-04T11:33:00Z,NA,0,a
Batt Reef (16-029),16-029,2023-01-04T11:30:00Z,NA,0,a
Batt Reef (16-029),16-029,2023-01-04T11:28:00Z,NA,0,a
Batt Reef (16-029),16-029,2023-01-04T11:26:00Z,NA,0,a
Batt Reef (16-029),16-029,2023-01-04T11:24:00Z,NA,0,a
Batt Reef (16-029),16-029,2023-01-04T11:22:00Z,NA,0,a
Batt Reef (16-029),16-029,2023-01-04T11:19:00Z,NA,0,a
Batt Reef (16-029),16-029,2023-01-04T11:17:00Z,NA,0,a
Batt Reef (16-029),16-029,2023-01-04T11:15:00Z,NA,0,a
Batt Reef (16-029),16-029,2023-01-04T11:13:00Z,NA,0,a
Batt Reef (16-029),16-029,2023-01-04T11:10:00Z,NA,0,a
Batt Reef (16-029),16-029,2023-01-04T11:08:00Z,NA,0,a
Batt Reef (16-029),16-029,2023-01-04T11:06:00Z,NA,0,a
Batt Reef (16-029),16-029,2023-01-04T11:04:00Z,NA,0,a
Batt Reef (16-029),16-029,2023-01-04T11:00:00Z,NA,0,a
Batt Reef (16-029),16-029,2023-01-04T10:57:00Z,NA,0,a
Batt Reef (16-029),16-029,2023-01-04T10:55:00Z,NA,0,a
Batt Reef (16-029),16-029,2023-01-04T10:53:00Z,NA,0,a
Batt Reef (16-029),16-029,2023-01-04T10:51:00Z,NA,0,a
Batt Reef (16-029),16-029,2023-01-04T10:49:00Z,NA,0,a
Batt Reef (16-029),16-029,2023-01-04T10:46:00Z,NA,0,a
Batt Reef (16-029),16-029,2023-01-04T10:44:00Z,NA,0,a
Batt Reef (16-029),16-029,2023-01-04T10:42:00Z,NA,0,a
Batt Reef (16-029),16-029,2023-01-04T10:40:00Z,NA,0,a
Batt Reef (16-029),16-029,2023-01-04T10:38:00Z,NA,0,a
Batt Reef (16-029),16-029,2023-01-04T10:35:00Z,NA,0,a
Batt Reef (16-029),16-029,2023-01-04T10:33:00Z,NA,0,a
Batt Reef (16-029),16-029,2023-01-04T10:30:00Z,NA,0,a
Batt Reef (16-029),16-029,2023-01-04T10:28:00Z,NA,0,a
Batt Reef (16-029),16-029,2023-01-04T10:26:00Z,NA,0,a
Batt Reef (16-029),16-029,2023-01-04T10:24:00Z,NA,0,a
Batt Reef (16-029),16-029,2023-01-04T10:22:00Z,NA,0,a
Batt Reef (16-029),16-029,2023-01-04T10:19:00Z,NA,0,a
Batt Reef (16-029),16-029,2023-01-04T10:17:00Z,NA,0,a
Batt Reef (16-029),16-029,2023-01-04T10:11:00Z,NA,0,a
Batt Reef (16-029),16-029,2023-01-04T10:09:00Z,NA,0,a
Batt Reef (16-029),16-029,2023-01-04T10:07:00Z,NA,0,a
Batt Reef (16-029),16-029,2023-01-04T10:04:00Z,NA,0,a
Batt Reef (16-029),16-029,2023-01-04T10:01:00Z,NA,0,a
Batt Reef (16-029),16-029,2023-01-04T09:59:00Z,NA,0,a
Batt Reef (16-029),16-029,2023-01-04T09:56:00Z,NA,0,a
Batt Reef (16-029),16-029,2023-01-04T09:54:00Z,NA,0,a
Batt Reef (16-029),16-029,2023-01-04T09:52:00Z,NA,0,a
Batt Reef (16-029),16-029,2023-01-04T09:50:00Z,NA,0,a
Batt Reef (16-029),16-029,2023-01-04T09:48:00Z,NA,0,a
Batt Reef (16-029),16-029,2023-01-04T09:46:00Z,NA,0,a
Batt Reef (16-029),16-029,2023-01-04T09:44:00Z,NA,0,a
Batt Reef (16-029),16-029,2023-01-04T09:41:00Z,NA,0,a
Batt Reef (16-029),16-029,2023-01-04T09:39:00Z,NA,0,a
Batt Reef (16-029),16-029,2023-01-04T09:37:00Z,NA,0,a
Batt Reef (16-029),16-029,2023-01-04T09:35:00Z,NA,0,a
Batt Reef (16-029),16-029,2023-01-04T09:33:00Z,NA,0,a
Batt Reef (16-029),16-029,2023-01-04T09:30:00Z,NA,0,a
Batt Reef (16-029),16-029,2023-01-04T09:28:00Z,NA,0,a
Batt Reef (16-029),16-029,2023-01-04T09:26:00Z,NA,0,a
Batt Reef (16-029),16-029,2023-01-04T09:24:00Z,NA,0,a
Batt Reef (16-029),16-029,2023-01-04T09:22:00Z,NA,0,a
Batt Reef (16-029),16-029,2023-01-04T09:20:00Z,NA,0,a
Batt Reef (16-029),16-029,2023-01-04T09:18:00Z,NA,0,a
Batt Reef (16-029),16-029,2023-01-04T09:15:00Z,NA,0,a
Batt Reef (16-029),16-029,2023-01-04T09:13:00Z,NA,0,a
Batt Reef (16-029),16-029,2023-01-04T09:11:00Z,NA,0,a
Batt Reef (16-029),16-029,2023-01-04T09:09:00Z,NA,0,a
Batt Reef (16-029),16-029,2023-01-04T09:05:00Z,NA,0,a
Batt Reef (16-029),16-029,2023-01-04T09:03:00Z,NA,0,a
Batt Reef (16-029),16-029,2023-01-04T09:01:00Z,NA,0,a
Batt Reef (16-029),16-029,2023-01-04T08:59:00Z,NA,0,a
Batt Reef (16-029),16-029,2023-01-04T08:57:00Z,NA,0,a
Batt Reef (16-029),16-029,2023-01-04T08:54:00Z,NA,0,a
Batt Reef (16-029),16-029,2023-01-04T08:52:00Z,NA,0,a
Batt Reef (16-029),16-029,2023-01-04T08:50:00Z,NA,1,a
Batt Reef (16-029),16-029,2023-01-04T08:48:00Z,NA,0,a
Batt Reef (16-029),16-029,2023-01-04T08:46:00Z,NA,0,a
Batt Reef (16-029),16-029,2023-01-04T08:44:00Z,NA,0,a
Batt Reef (16-029),16-029,2023-01-04T08:42:00Z,NA,0,a
Batt Reef (16-029),16-029,2023-01-04T08:40:00Z,NA,0,a
Batt Reef (16-029),16-029,2023-01-04T08:38:00Z,NA,0,a
Batt Reef (16-029),16-029,2023-01-04T08:35:00Z,NA,0,a
Batt Reef (16-029),16-029,2023-01-04T08:33:00Z,NA,0,a
Batt Reef (16-029),16-029,2023-01-04T08:31:00Z,NA,0,a
Batt Reef (16-029),16-029,2023-01-04T08:29:00Z,NA,0,a
Batt Reef (16-029),16-029,2023-01-04T08:27:00Z,NA,0,a
Batt Reef (16-029),16-029,2023-01-04T08:25:00Z,NA,0,a
Batt Reef (16-029),16-029,2023-01-04T08:23:00Z,NA,0,a
Batt Reef (16-029),16-029,2023-01-04T08:21:00Z,NA,0,a
Batt Reef (16-029),16-029,2023-01-04T08:18:00Z,NA,0,a
Batt Reef (16-029),16-029,2023-01-04T08:16:00Z,NA,0,a
Batt Reef (16-029),16-029,2023-01-04T08:14:00Z,NA,0,a
Batt Reef (16-029),16-029,2022-12-09T11:10:00Z,NA,0,a
Batt Reef (16-029),16-029,2022-12-09T11:07:00Z,NA,0,a
Batt Reef (16-029),16-029,2022-12-09T11:05:00Z,NA,0,a
Batt Reef (16-029),16-029,2022-12-09T11:03:00Z,NA,0,a
Batt Reef (16-029),16-029,2022-12-09T11:00:00Z,NA,0,a
Batt Reef (16-029),16-029,2022-12-09T10:58:00Z,NA,0,a
Batt Reef (16-029),16-029,2022-12-09T10:56:00Z,NA,0,a
Batt Reef (16-029),16-029,2022-12-09T10:54:00Z,NA,0,p
Batt Reef (16-029),16-029,2022-12-09T10:51:00Z,NA,0,a
Batt Reef (16-029),16-029,2022-12-09T10:49:00Z,NA,0,a
Batt Reef (16-029),16-029,2022-12-09T10:47:00Z,NA,0,p
Batt Reef (16-029),16-029,2022-12-09T10:45:00Z,NA,0,a
Batt Reef (16-029),16-029,2022-12-09T10:42:00Z,NA,0,a
Batt Reef (16-029),16-029,2022-12-09T10:39:00Z,NA,0,a
Batt Reef (16-029),16-029,2022-12-09T10:37:00Z,NA,0,a
Batt Reef (16-029),16-029,2022-12-09T10:35:00Z,NA,0,a
Batt Reef (16-029),16-029,2022-12-09T10:32:00Z,NA,0,p
Batt Reef (16-029),16-029,2022-12-09T10:29:00Z,NA,0,p
Batt Reef (16-029),16-029,2022-12-09T10:27:00Z,NA,0,p
Batt Reef (16-029),16-029,2022-12-09T10:24:00Z,NA,0,a
Batt Reef (16-029),16-029,2022-12-09T10:20:00Z,NA,0,a
Batt Reef (16-029),16-029,2022-12-09T10:17:00Z,NA,0,a
Batt Reef (16-029),16-029,2022-12-09T10:15:00Z,NA,0,a
Batt Reef (16-029),16-029,2022-12-09T10:13:00Z,NA,0,p
Batt Reef (16-029),16-029,2022-12-09T10:10:00Z,NA,0,p
Batt Reef (16-029),16-029,2022-12-09T10:08:00Z,NA,0,a
Batt Reef (16-029),16-029,2022-12-09T10:06:00Z,NA,0,a
Batt Reef (16-029),16-029,2022-12-09T10:04:00Z,NA,0,a
Batt Reef (16-029),16-029,2022-12-09T10:02:00Z,NA,0,a
Batt Reef (16-029),16-029,2022-12-09T10:00:00Z,NA,0,a
Batt Reef (16-029),16-029,2022-12-09T09:58:00Z,NA,0,a
Batt Reef (16-029),16-029,2022-12-09T09:56:00Z,NA,0,a
Batt Reef (16-029),16-029,2022-12-09T09:54:00Z,NA,0,p
Batt Reef (16-029),16-029,2022-12-09T09:52:00Z,NA,0,p
Batt Reef (16-029),16-029,2022-12-09T08:50:00Z,NA,0,p
Batt Reef (16-029),16-029,2022-12-09T08:48:00Z,NA,0,a
Batt Reef (16-029),16-029,2022-12-09T08:46:00Z,NA,0,a
Batt Reef (16-029),16-029,2022-12-09T08:43:00Z,NA,0,a
Batt Reef (16-029),16-029,2022-12-09T08:41:00Z,NA,0,a
Batt Reef (16-029),16-029,2022-12-09T08:39:00Z,NA,0,a
Batt Reef (16-029),16-029,2022-12-09T08:35:00Z,NA,0,p
Batt Reef (16-029),16-029,2022-12-09T08:33:00Z,NA,0,a
Batt Reef (16-029),16-029,2022-12-09T08:31:00Z,NA,0,a
Batt Reef (16-029),16-029,2022-12-09T08:29:00Z,NA,0,a
Batt Reef (16-029),16-029,2022-12-09T08:26:00Z,NA,0,a
Batt Reef (16-029),16-029,2022-12-09T08:24:00Z,NA,0,a
Batt Reef (16-029),16-029,2022-12-09T08:22:00Z,NA,0,a
Batt Reef (16-029),16-029,2022-12-09T08:20:00Z,NA,0,p
Batt Reef (16-029),16-029,2022-12-09T08:18:00Z,NA,0,p
Batt Reef (16-029),16-029,2022-12-09T08:16:00Z,NA,0,p
Batt Reef (16-029),16-029,2022-12-09T08:14:00Z,NA,0,p
Batt Reef (16-029),16-029,2022-12-09T08:11:00Z,NA,1,p
Batt Reef (16-029),16-029,2022-12-09T08:09:00Z,NA,0,a
Batt Reef (16-029),16-029,2022-12-09T08:07:00Z,NA,0,a
Batt Reef (16-029),16-029,2022-12-09T08:05:00Z,NA,0,a
Batt Reef (16-029),16-029,2022-12-09T08:03:00Z,NA,0,a
Batt Reef (16-029),16-029,2022-12-09T08:01:00Z,NA,0,a
Batt Reef (16-029),16-029,2022-12-09T07:59:00Z,NA,0,a
Batt Reef (16-029),16-029,2022-12-09T07:57:00Z,NA,0,a
Batt Reef (16-029),16-029,2022-12-09T07:55:00Z,NA,0,a
Tongue Reef (16-026),16-026,2021-07-23T12:12:00Z,NA,0,a
Tongue Reef (16-026),16-026,2021-07-23T12:10:00Z,NA,0,a
Tongue Reef (16-026),16-026,2021-07-23T12:08:00Z,NA,0,a
Tongue Reef (16-026),16-026,2021-07-23T12:05:00Z,NA,0,a
Tongue Reef (16-026),16-026,2021-07-23T12:03:00Z,NA,0,a
Tongue Reef (16-026),16-026,2021-07-23T12:01:00Z,NA,0,a
Tongue Reef (16-026),16-026,2021-07-23T11:59:00Z,NA,0,a
Tongue Reef (16-026),16-026,2021-07-23T11:57:00Z,NA,0,a
Tongue Reef (16-026),16-026,2021-07-23T11:55:00Z,NA,0,a
Tongue Reef (16-026),16-026,2021-07-23T11:52:00Z,NA,0,a
Tongue Reef (16-026),16-026,2021-07-23T11:50:00Z,NA,0,a
Tongue Reef (16-026),16-026,2021-07-23T11:48:00Z,NA,0,a
Tongue Reef (16-026),16-026,2021-07-23T11:46:00Z,NA,0,a
Tongue Reef (16-026),16-026,2021-07-23T11:44:00Z,NA,0,a
Tongue Reef (16-026),16-026,2021-07-23T11:42:00Z,NA,0,a
Tongue Reef (16-026),16-026,2021-07-23T11:39:00Z,NA,0,a
Tongue Reef (16-026),16-026,2021-07-23T11:37:00Z,NA,0,a
Tongue Reef (16-026),16-026,2021-07-23T11:35:00Z,NA,0,a
Tongue Reef (16-026),16-026,2021-07-23T11:33:00Z,NA,0,a
Tongue Reef (16-026),16-026,2021-07-23T11:31:00Z,NA,0,a
Tongue Reef (16-026),16-026,2021-07-23T11:28:00Z,NA,0,a
Tongue Reef (16-026),16-026,2021-07-23T11:26:00Z,NA,0,a
Tongue Reef (16-026),16-026,2021-07-23T11:24:00Z,NA,0,a
Tongue Reef (16-026),16-026,2021-07-23T11:22:00Z,NA,0,a
Tongue Reef (16-026),16-026,2021-07-23T11:20:00Z,NA,0,a
Tongue Reef (16-026),16-026,2021-07-23T11:17:00Z,NA,0,a
Tongue Reef (16-026),16-026,2021-07-23T11:15:00Z,NA,0,a
Tongue Reef (16-026),16-026,2021-07-23T11:13:00Z,NA,0,a
Tongue Reef (16-026),16-026,2021-07-23T11:10:00Z,NA,0,a
Tongue Reef (16-026),16-026,2021-07-23T11:08:00Z,NA,0,p
Tongue Reef (16-026),16-026,2021-07-23T11:06:00Z,NA,0,a
Tongue Reef (16-026),16-026,2021-07-23T11:04:00Z,NA,0,a
Tongue Reef (16-026),16-026,2021-07-23T11:01:00Z,NA,0,a
Tongue Reef (16-026),16-026,2021-07-23T10:59:00Z,NA,0,a
Tongue Reef (16-026),16-026,2021-07-23T10:57:00Z,NA,0,a
Tongue Reef (16-026),16-026,2021-07-23T10:55:00Z,NA,0,a
Tongue Reef (16-026),16-026,2021-07-23T10:52:00Z,NA,0,a
Tongue Reef (16-026),16-026,2021-07-23T10:49:00Z,NA,0,a
Tongue Reef (16-026),16-026,2021-07-23T10:47:00Z,NA,0,a
Tongue Reef (16-026),16-026,2021-07-23T10:45:00Z,NA,0,a
Tongue Reef (16-026),16-026,2021-07-23T10:40:00Z,NA,0,a
Tongue Reef (16-026),16-026,2021-07-23T10:38:00Z,NA,0,a
Tongue Reef (16-026),16-026,2021-07-23T10:36:00Z,NA,0,a
Tongue Reef (16-026),16-026,2021-07-23T10:34:00Z,NA,0,a
Tongue Reef (16-026),16-026,2021-07-23T10:32:00Z,NA,0,a
Tongue Reef (16-026),16-026,2021-07-23T10:29:00Z,NA,0,p
Tongue Reef (16-026),16-026,2021-07-23T10:27:00Z,NA,0,p
Tongue Reef (16-026),16-026,2021-07-23T10:25:00Z,NA,0,a
Tongue Reef (16-026),16-026,2021-07-23T10:23:00Z,NA,0,p
Tongue Reef (16-026),16-026,2021-07-23T10:21:00Z,NA,0,a
Tongue Reef (16-026),16-026,2021-07-23T10:19:00Z,NA,0,a
Tongue Reef (16-026),16-026,2021-07-23T10:17:00Z,NA,0,a
Tongue Reef (16-026),16-026,2021-07-23T10:15:00Z,NA,0,a
Tongue Reef (16-026),16-026,2021-07-23T10:13:00Z,NA,0,a
Tongue Reef (16-026),16-026,2021-07-23T10:10:00Z,NA,0,a
Tongue Reef (16-026),16-026,2021-07-23T10:08:00Z,NA,0,a
Tongue Reef (16-026),16-026,2021-07-23T10:06:00Z,NA,0,a
Tongue Reef (16-026),16-026,2021-07-23T10:04:00Z,NA,0,a
Tongue Reef (16-026),16-026,2021-07-23T10:02:00Z,NA,0,a
Tongue Reef (16-026),16-026,2021-07-23T10:00:00Z,NA,0,p
Tongue Reef (16-026),16-026,2021-07-23T09:57:00Z,NA,0,a
Tongue Reef (16-026),16-026,2021-07-23T09:55:00Z,NA,0,a
Tongue Reef (16-026),16-026,2021-07-23T09:53:00Z,NA,0,a
Tongue Reef (16-026),16-026,2021-07-23T09:51:00Z,NA,0,a
Tongue Reef (16-026),16-026,2021-07-23T09:49:00Z,NA,0,a
Tongue Reef (16-026),16-026,2021-07-23T09:47:00Z,NA,0,a
Tongue Reef (16-026),16-026,2021-07-23T09:45:00Z,NA,0,a
Tongue Reef (16-026),16-026,2021-07-23T09:42:00Z,NA,0,a
Tongue Reef (16-026),16-026,2021-07-23T09:40:00Z,NA,0,a
Tongue Reef (16-026),16-026,2021-07-23T09:38:00Z,NA,0,a
Tongue Reef (16-026),16-026,2021-07-23T09:36:00Z,NA,0,a
Tongue Reef (16-026),16-026,2021-07-23T09:34:00Z,NA,0,a
Tongue Reef (16-026),16-026,2021-07-23T09:32:00Z,NA,0,a
Tongue Reef (16-026),16-026,2021-07-23T09:30:00Z,NA,0,a
Tongue Reef (16-026),16-026,2021-07-23T09:28:00Z,NA,0,a
Tongue Reef (16-026),16-026,2021-07-23T09:26:00Z,NA,0,a
Tongue Reef (16-026),16-026,2021-07-23T09:24:00Z,NA,0,a
Tongue Reef (16-026),16-026,2021-07-23T09:22:00Z,NA,0,a
Tongue Reef (16-026),16-026,2021-07-23T09:19:00Z,NA,0,a
Tongue Reef (16-026),16-026,2021-07-23T09:17:00Z,NA,0,a
Tongue Reef (16-026),16-026,2021-07-14T09:37:00Z,NA,0,a
Tongue Reef (16-026),16-026,2021-07-14T09:35:00Z,NA,0,a
Tongue Reef (16-026),16-026,2021-07-14T09:32:00Z,NA,0,a
Tongue Reef (16-026),16-026,2021-07-14T09:30:00Z,NA,0,a
Tongue Reef (16-026),16-026,2021-07-14T09:28:00Z,NA,0,a
Tongue Reef (16-026),16-026,2021-07-14T09:26:00Z,NA,0,a
Tongue Reef (16-026),16-026,2021-07-14T09:24:00Z,NA,0,a
Tongue Reef (16-026),16-026,2021-07-14T09:22:00Z,NA,0,a
Tongue Reef (16-026),16-026,2021-07-14T09:20:00Z,NA,0,a
Tongue Reef (16-026),16-026,2021-07-14T09:18:00Z,NA,0,a
Tongue Reef (16-026),16-026,2021-07-14T09:12:00Z,NA,0,a
Tongue Reef (16-026),16-026,2021-07-14T09:10:00Z,NA,0,a
Tongue Reef (16-026),16-026,2021-07-14T09:08:00Z,NA,0,a
Tongue Reef (16-026),16-026,2021-07-14T09:06:00Z,NA,0,a
Tongue Reef (16-026),16-026,2021-07-14T09:04:00Z,NA,0,a
Tongue Reef (16-026),16-026,2021-07-14T09:01:00Z,NA,0,a
Tongue Reef (16-026),16-026,2021-07-14T08:59:00Z,NA,0,a
Tongue Reef (16-026),16-026,2021-07-14T08:57:00Z,NA,0,a
Tongue Reef (16-026),16-026,2021-07-14T08:55:00Z,NA,0,a
Tongue Reef (16-026),16-026,2021-07-14T08:53:00Z,NA,0,a
Tongue Reef (16-026),16-026,2021-07-14T08:50:00Z,NA,0,a
Tongue Reef (16-026),16-026,2021-07-14T08:48:00Z,NA,0,a
Tongue Reef (16-026),16-026,2021-07-14T08:46:00Z,NA,0,a
Tongue Reef (16-026),16-026,2021-07-14T08:44:00Z,NA,0,a
Tongue Reef (16-026),16-026,2021-07-14T08:42:00Z,NA,0,a
Tongue Reef (16-026),16-026,2021-07-14T08:40:00Z,NA,0,a
Tongue Reef (16-026),16-026,2021-07-14T08:37:00Z,NA,0,a
Tongue Reef (16-026),16-026,2021-07-14T08:35:00Z,NA,0,a
Tongue Reef (16-026),16-026,2021-07-14T08:33:00Z,NA,0,a
Tongue Reef (16-026),16-026,2021-07-14T08:31:00Z,NA,0,a
Tongue Reef (16-026),16-026,2021-07-14T08:28:00Z,NA,0,a
Tongue Reef (16-026),16-026,2021-07-14T08:26:00Z,NA,0,a
Tongue Reef (16-026),16-026,2021-07-14T08:23:00Z,NA,0,a
Tongue Reef (16-026),16-026,2021-07-14T08:21:00Z,NA,0,a
Tongue Reef (16-026),16-026,2021-07-14T08:19:00Z,NA,0,a
Tongue Reef (16-026),16-026,2021-07-14T08:17:00Z,NA,0,a
Tongue Reef (16-026),16-026,2021-07-14T08:15:00Z,NA,0,a
Tongue Reef (16-026),16-026,2021-07-14T08:13:00Z,NA,0,a
Tongue Reef (16-026),16-026,2021-07-14T08:11:00Z,NA,0,a
Tongue Reef (16-026),16-026,2021-07-14T08:08:00Z,NA,0,a
Tongue Reef (16-026),16-026,2021-07-14T08:06:00Z,NA,0,a
Tongue Reef (16-026),16-026,2021-07-14T08:04:00Z,NA,0,a
Tongue Reef (16-026),16-026,2021-07-14T08:02:00Z,NA,0,a
Tongue Reef (16-026),16-026,2021-07-14T08:00:00Z,NA,0,a
Tongue Reef (16-026),16-026,2021-07-14T07:58:00Z,NA,0,a
Tongue Reef (16-026),16-026,2021-07-14T07:55:00Z,NA,0,a
Tongue Reef (16-026),16-026,2021-07-13T11:13:00Z,NA,0,a
Tongue Reef (16-026),16-026,2021-07-13T11:11:00Z,NA,0,a
Tongue Reef (16-026),16-026,2021-07-13T11:08:00Z,NA,0,a
Tongue Reef (16-026),16-026,2021-07-13T11:06:00Z,NA,0,a
Tongue Reef (16-026),16-026,2021-07-13T11:04:00Z,NA,0,a
Tongue Reef (16-026),16-026,2021-07-13T11:02:00Z,NA,0,a
Tongue Reef (16-026),16-026,2021-07-13T11:00:00Z,NA,0,a
Tongue Reef (16-026),16-026,2021-07-13T10:58:00Z,NA,0,a
Tongue Reef (16-026),16-026,2021-07-13T10:56:00Z,NA,0,a
Tongue Reef (16-026),16-026,2021-07-13T10:53:00Z,NA,0,a
Tongue Reef (16-026),16-026,2021-07-13T10:51:00Z,NA,0,a
Tongue Reef (16-026),16-026,2021-07-13T10:49:00Z,NA,0,a
Tongue Reef (16-026),16-026,2021-07-13T10:47:00Z,NA,0,a
Tongue Reef (16-026),16-026,2021-07-13T10:45:00Z,NA,0,a
Tongue Reef (16-026),16-026,2021-07-13T10:43:00Z,NA,0,a
Tongue Reef (16-026),16-026,2021-07-13T10:41:00Z,NA,0,a
Tongue Reef (16-026),16-026,2021-07-13T10:39:00Z,NA,0,a
Tongue Reef (16-026),16-026,2021-07-13T10:37:00Z,NA,0,a
Tongue Reef (16-026),16-026,2021-07-13T10:34:00Z,NA,0,a
Tongue Reef (16-026),16-026,2021-07-13T10:30:00Z,NA,0,a
Tongue Reef (16-026),16-026,2021-07-13T10:23:00Z,NA,0,a
Tongue Reef (16-026),16-026,2021-07-13T10:21:00Z,NA,0,a
Tongue Reef (16-026),16-026,2021-07-13T10:19:00Z,NA,0,a
Tongue Reef (16-026),16-026,2021-07-13T10:16:00Z,NA,0,a
Tongue Reef (16-026),16-026,2021-07-13T10:14:00Z,NA,0,a
Tongue Reef (16-026),16-026,2021-07-13T10:12:00Z,NA,0,a
Tongue Reef (16-026),16-026,2021-07-13T10:10:00Z,NA,0,a
Tongue Reef (16-026),16-026,2021-07-13T10:08:00Z,NA,0,a
Tongue Reef (16-026),16-026,2021-07-13T10:05:00Z,NA,0,a
Tongue Reef (16-026),16-026,2021-07-13T10:03:00Z,NA,0,a
Tongue Reef (16-026),16-026,2021-07-13T10:01:00Z,NA,0,a
Tongue Reef (16-026),16-026,2021-07-13T09:59:00Z,NA,0,a
Tongue Reef (16-026),16-026,2021-07-13T09:57:00Z,NA,0,a
Tongue Reef (16-026),16-026,2021-07-13T09:54:00Z,NA,0,a
Tongue Reef (16-026),16-026,2021-07-13T09:51:00Z,NA,0,a
Tongue Reef (16-026),16-026,2021-07-13T09:49:00Z,NA,0,a
Tongue Reef (16-026),16-026,2021-07-13T09:47:00Z,NA,0,a
Tongue Reef (16-026),16-026,2021-07-13T09:45:00Z,NA,0,a
Tongue Reef (16-026),16-026,2021-07-13T09:42:00Z,NA,0,a
Tongue Reef (16-026),16-026,2021-07-13T09:40:00Z,NA,0,a
Tongue Reef (16-026),16-026,2021-07-13T09:37:00Z,NA,0,a
Tongue Reef (16-026),16-026,2021-07-13T09:34:00Z,NA,0,a
Tongue Reef (16-026),16-026,2021-07-13T09:32:00Z,NA,0,a
Tongue Reef (16-026),16-026,2021-07-13T09:30:00Z,NA,0,a
Tongue Reef (16-026),16-026,2021-07-13T09:28:00Z,NA,0,a
Tongue Reef (16-026),16-026,2021-07-13T09:26:00Z,NA,0,a
Tongue Reef (16-026),16-026,2021-07-13T09:24:00Z,NA,0,a
Tongue Reef (16-026),16-026,2021-07-13T09:22:00Z,NA,0,a
Tongue Reef (16-026),16-026,2021-07-13T09:19:00Z,NA,0,a
Tongue Reef (16-026),16-026,2021-07-13T09:17:00Z,NA,0,a
Tongue Reef (16-026),16-026,2021-07-13T09:13:00Z,NA,0,a
Tongue Reef (16-026),16-026,2021-07-13T09:11:00Z,NA,0,a
Tongue Reef (16-026),16-026,2021-07-13T09:09:00Z,NA,0,a
Tongue Reef (16-026),16-026,2021-07-13T09:07:00Z,NA,0,a
Tongue Reef (16-026),16-026,2021-07-13T09:05:00Z,NA,0,a
Tongue Reef (16-026),16-026,2021-07-13T09:02:00Z,NA,0,a
Tongue Reef (16-026),16-026,2021-07-13T09:00:00Z,NA,0,a
Tongue Reef (16-026),16-026,2021-07-13T08:58:00Z,NA,0,a
Tongue Reef (16-026),16-026,2021-07-13T08:55:00Z,NA,0,a
Tongue Reef (16-026),16-026,2021-07-13T08:53:00Z,NA,0,a
Tongue Reef (16-026),16-026,2021-07-13T08:51:00Z,NA,0,a
Tongue Reef (16-026),16-026,2021-07-13T08:49:00Z,NA,0,a
Tongue Reef (16-026),16-026,2021-07-13T08:47:00Z,NA,0,a
Tongue Reef (16-026),16-026,2021-07-13T08:45:00Z,NA,0,a
Tongue Reef (16-026),16-026,2021-07-13T08:43:00Z,NA,0,a
Tongue Reef (16-026),16-026,2021-07-13T08:41:00Z,NA,0,a
Tongue Reef (16-026),16-026,2021-07-13T08:39:00Z,NA,0,a
Tongue Reef (16-026),16-026,2021-07-13T08:37:00Z,NA,0,a
Tongue Reef (16-026),16-026,2021-07-13T08:34:00Z,NA,0,a
Tongue Reef (16-026),16-026,2021-07-13T08:32:00Z,NA,0,a
Tongue Reef (16-026),16-026,2021-07-13T08:30:00Z,NA,0,a
Tongue Reef (16-026),16-026,2021-07-13T08:28:00Z,NA,0,a
Tongue Reef (16-026),16-026,2021-07-13T08:26:00Z,NA,0,a
Tongue Reef (16-026),16-026,2021-07-13T08:24:00Z,NA,0,a
Tongue Reef (16-026),16-026,2021-07-13T08:22:00Z,NA,0,a
Tongue Reef (16-026),16-026,2021-07-13T08:20:00Z,NA,0,a
Tongue Reef (16-026),16-026,2021-07-13T08:18:00Z,NA,0,a
Tongue Reef (16-026),16-026,2021-07-13T08:16:00Z,NA,0,a
Tongue Reef (16-026),16-026,2021-07-13T08:13:00Z,NA,0,a
Tongue Reef (16-026),16-026,2021-07-13T08:11:00Z,NA,0,a
Tongue Reef (16-026),16-026,2021-07-12T12:46:00Z,NA,0,a
Tongue Reef (16-026),16-026,2021-07-12T12:43:00Z,NA,0,a
Tongue Reef (16-026),16-026,2021-07-12T12:41:00Z,NA,0,a
Tongue Reef (16-026),16-026,2021-07-12T12:39:00Z,NA,0,a
Tongue Reef (16-026),16-026,2021-07-12T12:37:00Z,NA,0,a
Tongue Reef (16-026),16-026,2021-07-12T12:35:00Z,NA,0,a
Tongue Reef (16-026),16-026,2021-07-12T12:32:00Z,NA,0,a
Tongue Reef (16-026),16-026,2021-07-12T12:30:00Z,NA,0,a
Tongue Reef (16-026),16-026,2021-07-12T12:28:00Z,NA,0,a
Tongue Reef (16-026),16-026,2021-07-12T12:26:00Z,NA,0,a
Tongue Reef (16-026),16-026,2021-07-12T12:23:00Z,NA,0,a
Tongue Reef (16-026),16-026,2021-07-12T12:21:00Z,NA,0,a
Tongue Reef (16-026),16-026,2021-07-12T12:19:00Z,NA,0,a
Tongue Reef (16-026),16-026,2021-07-12T12:17:00Z,NA,0,a
Tongue Reef (16-026),16-026,2021-07-12T12:15:00Z,NA,0,a
Tongue Reef (16-026),16-026,2021-07-12T12:12:00Z,NA,0,a
Tongue Reef (16-026),16-026,2021-07-12T12:10:00Z,NA,0,a
Tongue Reef (16-026),16-026,2021-07-12T12:08:00Z,NA,0,a
Tongue Reef (16-026),16-026,2021-07-12T12:06:00Z,NA,0,a
Tongue Reef (16-026),16-026,2021-07-12T12:04:00Z,NA,0,a
Tongue Reef (16-026),16-026,2021-07-12T12:01:00Z,NA,0,a
Tongue Reef (16-026),16-026,2021-07-12T11:59:00Z,NA,0,a
Tongue Reef (16-026),16-026,2021-07-12T11:57:00Z,NA,0,a
Tongue Reef (16-026),16-026,2021-07-12T11:55:00Z,NA,0,a
Tongue Reef (16-026),16-026,2021-07-12T11:53:00Z,NA,0,a
Tongue Reef (16-026),16-026,2021-07-12T11:51:00Z,NA,0,a
Tongue Reef (16-026),16-026,2021-07-12T11:48:00Z,NA,0,a
Tongue Reef (16-026),16-026,2021-07-12T11:46:00Z,NA,0,a
Tongue Reef (16-026),16-026,2021-07-12T11:44:00Z,NA,0,a
Tongue Reef (16-026),16-026,2021-07-12T11:41:00Z,NA,0,a
Tongue Reef (16-026),16-026,2021-07-12T11:39:00Z,NA,0,a
Tongue Reef (16-026),16-026,2021-07-12T11:37:00Z,NA,0,a
Tongue Reef (16-026),16-026,2021-07-12T11:35:00Z,NA,0,a
Tongue Reef (16-026),16-026,2021-07-12T11:33:00Z,NA,0,a
Tongue Reef (16-026),16-026,2021-07-12T11:31:00Z,NA,0,a
Tongue Reef (16-026),16-026,2021-07-12T11:28:00Z,NA,0,a
Tongue Reef (16-026),16-026,2021-07-12T11:26:00Z,NA,0,a
Tongue Reef (16-026),16-026,2021-07-12T11:24:00Z,NA,0,a
Tongue Reef (16-026),16-026,2021-07-12T11:20:00Z,NA,0,a
Tongue Reef (16-026),16-026,2021-07-12T11:18:00Z,NA,0,a
Tongue Reef (16-026),16-026,2021-07-12T11:16:00Z,NA,0,a
Tongue Reef (16-026),16-026,2021-07-12T11:13:00Z,NA,0,a
Tongue Reef (16-026),16-026,2021-07-12T11:11:00Z,NA,0,a
Tongue Reef (16-026),16-026,2021-07-12T09:55:00Z,NA,0,a
Tongue Reef (16-026),16-026,2021-07-12T09:52:00Z,NA,0,a
Tongue Reef (16-026),16-026,2021-07-12T09:50:00Z,NA,0,a
Tongue Reef (16-026),16-026,2021-07-12T09:48:00Z,NA,0,a
Tongue Reef (16-026),16-026,2021-07-12T09:46:00Z,NA,0,a
Tongue Reef (16-026),16-026,2021-07-12T09:44:00Z,NA,0,a
Tongue Reef (16-026),16-026,2021-07-12T09:41:00Z,NA,0,a
Tongue Reef (16-026),16-026,2021-07-12T09:39:00Z,NA,0,a
Tongue Reef (16-026),16-026,2021-07-12T09:37:00Z,NA,0,a
Tongue Reef (16-026),16-026,2021-07-12T09:35:00Z,NA,0,a
Tongue Reef (16-026),16-026,2021-07-12T09:33:00Z,NA,0,a
Tongue Reef (16-026),16-026,2021-07-12T09:31:00Z,NA,0,a
Tongue Reef (16-026),16-026,2021-07-12T09:29:00Z,NA,0,a
Tongue Reef (16-026),16-026,2021-07-12T09:07:00Z,NA,0,a
Tongue Reef (16-026),16-026,2021-07-12T09:05:00Z,NA,0,a
Tongue Reef (16-026),16-026,2021-07-12T09:02:00Z,NA,0,a
Tongue Reef (16-026),16-026,2021-07-12T09:00:00Z,NA,0,a
Tongue Reef (16-026),16-026,2021-07-12T08:58:00Z,NA,0,a
Tongue Reef (16-026),16-026,2021-07-12T08:56:00Z,NA,0,a
Tongue Reef (16-026),16-026,2021-07-12T08:54:00Z,NA,0,a
Tongue Reef (16-026),16-026,2021-07-12T08:51:00Z,NA,0,a
Tongue Reef (16-026),16-026,2021-07-12T08:49:00Z,NA,0,a
Tongue Reef (16-026),16-026,2021-07-12T08:47:00Z,NA,0,a
Tongue Reef (16-026),16-026,2021-07-12T08:45:00Z,NA,0,a
Tongue Reef (16-026),16-026,2021-07-12T08:43:00Z,NA,0,a
Tongue Reef (16-026),16-026,2021-07-12T08:41:00Z,NA,0,a
Tongue Reef (16-026),16-026,2021-07-12T08:39:00Z,NA,0,a
Tongue Reef (16-026),16-026,2021-07-12T08:36:00Z,NA,0,a
Tongue Reef (16-026),16-026,2021-07-12T08:34:00Z,NA,0,a
Tongue Reef (16-026),16-026,2021-07-12T08:32:00Z,NA,0,a
Tongue Reef (16-026),16-026,2021-07-12T08:30:00Z,NA,0,a
Tongue Reef (16-026),16-026,2021-07-12T08:28:00Z,NA,0,a
Tongue Reef (16-026),16-026,2021-07-12T08:26:00Z,NA,0,a
Tongue Reef (16-026),16-026,2021-07-12T08:24:00Z,NA,0,a
Tongue Reef (16-026),16-026,2021-07-12T08:22:00Z,NA,0,a
Tongue Reef (16-026),16-026,2021-07-12T08:20:00Z,NA,0,a
Tongue Reef (16-026),16-026,2021-07-12T08:17:00Z,NA,0,a
Tongue Reef (16-026),16-026,2021-07-11T11:46:00Z,NA,0,a
Tongue Reef (16-026),16-026,2021-07-11T11:44:00Z,NA,0,a
Tongue Reef (16-026),16-026,2021-07-11T11:42:00Z,NA,0,a
Tongue Reef (16-026),16-026,2021-07-11T11:40:00Z,NA,0,a
Tongue Reef (16-026),16-026,2021-07-11T11:38:00Z,NA,0,a
Tongue Reef (16-026),16-026,2021-07-11T11:01:00Z,NA,0,a
Tongue Reef (16-026),16-026,2021-07-11T10:59:00Z,NA,0,a
Tongue Reef (16-026),16-026,2021-07-11T10:57:00Z,NA,0,a
Tongue Reef (16-026),16-026,2021-07-11T10:55:00Z,NA,0,a
Tongue Reef (16-026),16-026,2021-07-11T10:53:00Z,NA,0,a
Tongue Reef (16-026),16-026,2021-07-11T10:50:00Z,NA,0,a
Tongue Reef (16-026),16-026,2021-07-11T10:48:00Z,NA,0,a
Tongue Reef (16-026),16-026,2021-07-11T10:46:00Z,NA,0,a
Tongue Reef (16-026),16-026,2021-07-11T10:44:00Z,NA,0,a
Tongue Reef (16-026),16-026,2021-07-11T10:42:00Z,NA,0,a
Tongue Reef (16-026),16-026,2021-07-11T10:40:00Z,NA,0,a
Tongue Reef (16-026),16-026,2021-07-11T10:38:00Z,NA,0,a
Tongue Reef (16-026),16-026,2021-07-11T10:36:00Z,NA,0,a
Tongue Reef (16-026),16-026,2021-07-11T10:33:00Z,NA,0,a
Tongue Reef (16-026),16-026,2021-07-11T10:31:00Z,NA,0,a
Tongue Reef (16-026),16-026,2021-07-11T10:29:00Z,NA,0,a
Tongue Reef (16-026),16-026,2021-07-11T10:27:00Z,NA,0,a
Tongue Reef (16-026),16-026,2021-07-11T10:25:00Z,NA,0,a
Tongue Reef (16-026),16-026,2021-07-11T10:23:00Z,NA,0,a
Tongue Reef (16-026),16-026,2021-07-11T10:21:00Z,NA,0,a
Tongue Reef (16-026),16-026,2021-07-11T10:18:00Z,NA,0,a
Tongue Reef (16-026),16-026,2021-07-11T10:16:00Z,NA,0,a
Tongue Reef (16-026),16-026,2021-07-11T10:14:00Z,NA,0,a
Tongue Reef (16-026),16-026,2021-07-11T10:12:00Z,NA,0,a
Tongue Reef (16-026),16-026,2021-07-11T10:10:00Z,NA,0,a
Tongue Reef (16-026),16-026,2021-07-11T10:05:00Z,NA,0,a
Tongue Reef (16-026),16-026,2021-07-11T10:03:00Z,NA,0,a
Tongue Reef (16-026),16-026,2021-07-11T10:00:00Z,NA,0,a
Tongue Reef (16-026),16-026,2021-07-11T09:55:00Z,NA,0,a
Tongue Reef (16-026),16-026,2021-07-11T09:53:00Z,NA,0,a
Tongue Reef (16-026),16-026,2021-07-11T09:50:00Z,NA,0,a
Tongue Reef (16-026),16-026,2021-07-11T09:48:00Z,NA,0,a
Tongue Reef (16-026),16-026,2021-07-11T09:46:00Z,NA,0,a
Tongue Reef (16-026),16-026,2021-07-11T09:44:00Z,NA,0,a
Tongue Reef (16-026),16-026,2021-07-11T09:41:00Z,NA,0,a
Tongue Reef (16-026),16-026,2021-07-11T09:38:00Z,NA,0,a
Tongue Reef (16-026),16-026,2021-07-11T09:36:00Z,NA,0,a
Tongue Reef (16-026),16-026,2021-07-11T09:33:00Z,NA,0,a
Tongue Reef (16-026),16-026,2021-07-11T09:31:00Z,NA,0,a
Tongue Reef (16-026),16-026,2021-07-11T09:29:00Z,NA,0,a
Tongue Reef (16-026),16-026,2021-07-11T09:26:00Z,NA,0,a
Tongue Reef (16-026),16-026,2021-07-11T09:24:00Z,NA,0,a
Tongue Reef (16-026),16-026,2021-07-11T09:22:00Z,NA,0,a
Tongue Reef (16-026),16-026,2021-07-11T09:19:00Z,NA,0,a
Tongue Reef (16-026),16-026,2021-07-11T09:17:00Z,NA,0,a
Tongue Reef (16-026),16-026,2021-07-11T09:15:00Z,NA,0,a
Tongue Reef (16-026),16-026,2021-07-11T09:13:00Z,NA,0,a
Tongue Reef (16-026),16-026,2021-07-11T09:11:00Z,NA,0,a
Tongue Reef (16-026),16-026,2021-07-11T09:09:00Z,NA,0,a
Tongue Reef (16-026),16-026,2021-07-11T09:07:00Z,NA,0,a
Tongue Reef (16-026),16-026,2021-07-11T09:04:00Z,NA,0,a
Tongue Reef (16-026),16-026,2021-07-11T09:02:00Z,NA,0,a
Tongue Reef (16-026),16-026,2021-07-11T09:00:00Z,NA,0,a
Tongue Reef (16-026),16-026,2021-07-11T08:58:00Z,NA,0,a
Tongue Reef (16-026),16-026,2021-07-11T08:56:00Z,NA,0,a
Tongue Reef (16-026),16-026,2021-07-11T08:37:00Z,NA,0,a
Tongue Reef (16-026),16-026,2021-07-11T08:34:00Z,NA,0,a
Tongue Reef (16-026),16-026,2021-07-11T08:32:00Z,NA,0,a
Tongue Reef (16-026),16-026,2021-07-11T08:30:00Z,NA,0,a
Tongue Reef (16-026),16-026,2021-07-11T08:28:00Z,NA,0,a
Tongue Reef (16-026),16-026,2021-07-11T08:26:00Z,NA,0,a
Tongue Reef (16-026),16-026,2021-07-11T08:24:00Z,NA,0,a
Tongue Reef (16-026),16-026,2021-07-11T08:21:00Z,NA,0,a
Tongue Reef (16-026),16-026,2021-07-11T08:19:00Z,NA,0,a
Tongue Reef (16-026),16-026,2021-07-11T08:17:00Z,NA,0,a
Tongue Reef (16-026),16-026,2021-07-11T08:15:00Z,NA,0,a
Tongue Reef (16-026),16-026,2021-07-11T08:13:00Z,NA,0,a
Tongue Reef (16-026),16-026,2021-07-11T08:11:00Z,NA,0,a
Tongue Reef (16-026),16-026,2021-07-11T08:08:00Z,NA,0,a
Tongue Reef (16-026),16-026,2021-07-11T08:06:00Z,NA,0,a
Tongue Reef (16-026),16-026,2021-07-11T08:04:00Z,NA,0,a
Tongue Reef (16-026),16-026,2021-07-11T08:02:00Z,NA,0,a
Tongue Reef (16-026),16-026,2021-07-11T08:00:00Z,NA,0,a
Tongue Reef (16-026),16-026,2021-07-11T07:58:00Z,NA,0,a
Tongue Reef (16-026),16-026,2021-07-11T07:55:00Z,NA,0,a
Tongue Reef (16-026),16-026,2021-07-10T11:55:00Z,NA,0,a
Tongue Reef (16-026),16-026,2021-07-10T11:53:00Z,NA,0,a
Tongue Reef (16-026),16-026,2021-07-10T11:51:00Z,NA,0,a
Tongue Reef (16-026),16-026,2021-07-10T11:49:00Z,NA,0,a
Tongue Reef (16-026),16-026,2021-07-10T11:46:00Z,NA,0,a
Tongue Reef (16-026),16-026,2021-07-10T11:44:00Z,NA,0,a
Tongue Reef (16-026),16-026,2021-07-10T11:42:00Z,NA,0,p
Tongue Reef (16-026),16-026,2021-07-10T11:40:00Z,NA,0,a
Tongue Reef (16-026),16-026,2021-07-10T11:36:00Z,NA,0,a
Tongue Reef (16-026),16-026,2021-07-10T10:37:00Z,NA,0,a
Tongue Reef (16-026),16-026,2021-07-10T10:35:00Z,NA,0,a
Tongue Reef (16-026),16-026,2021-07-10T10:32:00Z,NA,0,a
Tongue Reef (16-026),16-026,2021-07-10T10:30:00Z,NA,0,a
Tongue Reef (16-026),16-026,2021-07-10T10:28:00Z,NA,0,a
Tongue Reef (16-026),16-026,2021-07-10T10:26:00Z,NA,0,a
Tongue Reef (16-026),16-026,2021-07-10T10:24:00Z,NA,0,a
Tongue Reef (16-026),16-026,2021-07-10T10:22:00Z,NA,0,a
Tongue Reef (16-026),16-026,2021-07-10T10:20:00Z,NA,0,a
Tongue Reef (16-026),16-026,2021-07-10T10:17:00Z,NA,0,a
Tongue Reef (16-026),16-026,2021-07-10T10:15:00Z,NA,0,a
Tongue Reef (16-026),16-026,2021-07-10T10:12:00Z,NA,0,a
Tongue Reef (16-026),16-026,2021-07-10T10:10:00Z,NA,0,a
Tongue Reef (16-026),16-026,2021-07-10T10:08:00Z,NA,0,a
Tongue Reef (16-026),16-026,2021-07-10T10:06:00Z,NA,0,a
Tongue Reef (16-026),16-026,2021-07-10T10:03:00Z,NA,0,a
Tongue Reef (16-026),16-026,2021-07-10T10:01:00Z,NA,0,a
Tongue Reef (16-026),16-026,2021-07-10T09:59:00Z,NA,0,a
Tongue Reef (16-026),16-026,2021-07-10T09:56:00Z,NA,0,a
Tongue Reef (16-026),16-026,2021-07-10T09:54:00Z,NA,0,a
Tongue Reef (16-026),16-026,2021-07-10T09:52:00Z,NA,0,a
Tongue Reef (16-026),16-026,2021-07-10T09:50:00Z,NA,0,a
Tongue Reef (16-026),16-026,2021-07-10T09:48:00Z,NA,0,a
Tongue Reef (16-026),16-026,2021-07-10T09:45:00Z,NA,0,a
Tongue Reef (16-026),16-026,2021-07-10T09:43:00Z,NA,0,a
Tongue Reef (16-026),16-026,2021-07-10T09:41:00Z,NA,0,a
Tongue Reef (16-026),16-026,2021-07-10T09:39:00Z,NA,0,a
Tongue Reef (16-026),16-026,2021-07-10T09:37:00Z,NA,0,a
Tongue Reef (16-026),16-026,2021-07-10T09:35:00Z,NA,0,a
Tongue Reef (16-026),16-026,2021-07-10T09:33:00Z,NA,0,a
Tongue Reef (16-026),16-026,2021-07-10T09:30:00Z,NA,0,a
Tongue Reef (16-026),16-026,2021-07-10T09:24:00Z,NA,0,a
Tongue Reef (16-026),16-026,2021-07-10T09:22:00Z,NA,0,a
Tongue Reef (16-026),16-026,2021-07-10T09:20:00Z,NA,0,a
Tongue Reef (16-026),16-026,2021-07-10T09:18:00Z,NA,0,a
Tongue Reef (16-026),16-026,2021-07-10T09:16:00Z,NA,0,a
Tongue Reef (16-026),16-026,2021-07-10T09:14:00Z,NA,0,a
Tongue Reef (16-026),16-026,2021-07-10T09:12:00Z,NA,0,a
Tongue Reef (16-026),16-026,2021-07-10T09:10:00Z,NA,0,a
Tongue Reef (16-026),16-026,2021-07-10T09:08:00Z,NA,0,a
Tongue Reef (16-026),16-026,2021-07-10T09:06:00Z,NA,0,a
Tongue Reef (16-026),16-026,2021-07-10T09:04:00Z,NA,0,a
Tongue Reef (16-026),16-026,2021-07-10T09:02:00Z,NA,0,a
Tongue Reef (16-026),16-026,2021-07-10T09:00:00Z,NA,0,a
Tongue Reef (16-026),16-026,2021-07-10T08:58:00Z,NA,0,a
Tongue Reef (16-026),16-026,2021-07-10T08:56:00Z,NA,0,a
Tongue Reef (16-026),16-026,2021-07-10T08:53:00Z,NA,0,a
Tongue Reef (16-026),16-026,2021-07-10T08:51:00Z,NA,0,a
Tongue Reef (16-026),16-026,2021-07-10T08:49:00Z,NA,0,a
Tongue Reef (16-026),16-026,2021-07-10T08:47:00Z,NA,0,a
Tongue Reef (16-026),16-026,2021-07-10T08:45:00Z,NA,0,a
Tongue Reef (16-026),16-026,2021-07-10T08:43:00Z,NA,0,a
Tongue Reef (16-026),16-026,2021-07-10T08:41:00Z,NA,0,a
Tongue Reef (16-026),16-026,2021-07-10T08:39:00Z,NA,0,p
Tongue Reef (16-026),16-026,2021-07-10T08:36:00Z,NA,0,p
Tongue Reef (16-026),16-026,2021-07-10T08:34:00Z,NA,0,a
Tongue Reef (16-026),16-026,2021-07-10T08:32:00Z,NA,0,a
Tongue Reef (16-026),16-026,2021-07-10T08:30:00Z,NA,0,a
Tongue Reef (16-026),16-026,2021-07-10T08:28:00Z,NA,0,a
Tongue Reef (16-026),16-026,2021-07-10T08:26:00Z,NA,0,a
Tongue Reef (16-026),16-026,2021-07-10T08:23:00Z,NA,0,p
Tongue Reef (16-026),16-026,2021-07-10T08:21:00Z,NA,0,a
Tongue Reef (16-026),16-026,2021-07-10T08:19:00Z,NA,0,a
Tongue Reef (16-026),16-026,2021-07-10T08:17:00Z,NA,0,a
Tongue Reef (16-026),16-026,2021-07-10T08:15:00Z,NA,0,a
Tongue Reef (16-026),16-026,2021-07-10T08:13:00Z,NA,0,a
Tongue Reef (16-026),16-026,2021-07-10T08:10:00Z,NA,0,a
Tongue Reef (16-026),16-026,2021-07-10T08:08:00Z,NA,0,a
Tongue Reef (16-026),16-026,2021-07-10T08:06:00Z,NA,0,a
Tongue Reef (16-026),16-026,2021-07-10T08:04:00Z,NA,0,a
Tongue Reef (16-026),16-026,2021-07-10T08:02:00Z,NA,0,a
Tongue Reef (16-026),16-026,2021-07-09T14:41:00Z,NA,0,a
Tongue Reef (16-026),16-026,2021-07-09T14:38:00Z,NA,0,a
Tongue Reef (16-026),16-026,2021-07-09T14:36:00Z,NA,0,a
Tongue Reef (16-026),16-026,2021-07-09T14:34:00Z,NA,0,a
Tongue Reef (16-026),16-026,2021-07-09T14:31:00Z,NA,0,a
Tongue Reef (16-026),16-026,2021-07-09T14:29:00Z,NA,0,a
Tongue Reef (16-026),16-026,2021-07-09T14:27:00Z,NA,0,a
Tongue Reef (16-026),16-026,2021-07-09T14:25:00Z,NA,0,a
Tongue Reef (16-026),16-026,2021-07-09T14:23:00Z,NA,0,a
Tongue Reef (16-026),16-026,2021-07-09T14:21:00Z,NA,0,a
Tongue Reef (16-026),16-026,2021-07-09T14:19:00Z,NA,0,a
Tongue Reef (16-026),16-026,2021-07-09T14:16:00Z,NA,0,a
Tongue Reef (16-026),16-026,2021-07-09T14:14:00Z,NA,0,a
Tongue Reef (16-026),16-026,2021-07-09T14:12:00Z,NA,0,a
Tongue Reef (16-026),16-026,2021-07-09T14:10:00Z,NA,0,a
Tongue Reef (16-026),16-026,2021-07-09T14:08:00Z,NA,0,a
Tongue Reef (16-026),16-026,2021-07-09T14:05:00Z,NA,0,a
Tongue Reef (16-026),16-026,2021-07-09T14:03:00Z,NA,0,a
Tongue Reef (16-026),16-026,2021-07-09T14:01:00Z,NA,0,a
Tongue Reef (16-026),16-026,2021-07-09T13:59:00Z,NA,0,a
Tongue Reef (16-026),16-026,2021-07-09T13:57:00Z,NA,0,a
Tongue Reef (16-026),16-026,2021-07-09T13:55:00Z,NA,0,a
Tongue Reef (16-026),16-026,2021-07-09T13:52:00Z,NA,0,a
Tongue Reef (16-026),16-026,2021-07-09T13:50:00Z,NA,0,a
Tongue Reef (16-026),16-026,2021-07-09T13:48:00Z,NA,0,a
Tongue Reef (16-026),16-026,2021-07-09T13:46:00Z,NA,0,a
Tongue Reef (16-026),16-026,2021-07-09T13:44:00Z,NA,0,a
Tongue Reef (16-026),16-026,2021-07-09T08:29:00Z,NA,0,a
Tongue Reef (16-026),16-026,2021-07-09T08:27:00Z,NA,0,a
Tongue Reef (16-026),16-026,2021-07-09T08:25:00Z,NA,0,a
Tongue Reef (16-026),16-026,2021-07-09T08:23:00Z,NA,0,a
Tongue Reef (16-026),16-026,2021-07-09T08:21:00Z,NA,0,a
Tongue Reef (16-026),16-026,2021-07-09T08:19:00Z,NA,0,a
Tongue Reef (16-026),16-026,2021-07-09T08:17:00Z,NA,0,a
Tongue Reef (16-026),16-026,2021-07-09T08:15:00Z,NA,0,a
Tongue Reef (16-026),16-026,2021-07-09T08:13:00Z,NA,0,a
Tongue Reef (16-026),16-026,2021-07-09T08:10:00Z,NA,0,a
Tongue Reef (16-026),16-026,2021-07-09T08:08:00Z,NA,0,a
Tongue Reef (16-026),16-026,2021-07-09T08:06:00Z,NA,0,a
Tongue Reef (16-026),16-026,2021-07-09T08:04:00Z,NA,0,a
Tongue Reef (16-026),16-026,2021-07-09T08:02:00Z,NA,0,a
Tongue Reef (16-026),16-026,2021-07-09T08:00:00Z,NA,0,a
Tongue Reef (16-026),16-026,2021-07-09T07:58:00Z,NA,0,a
Tongue Reef (16-026),16-026,2021-07-08T11:27:00Z,NA,0,a
Tongue Reef (16-026),16-026,2021-07-08T11:25:00Z,NA,0,a
Tongue Reef (16-026),16-026,2021-07-08T11:23:00Z,NA,0,a
Tongue Reef (16-026),16-026,2021-07-08T11:21:00Z,NA,0,a
Tongue Reef (16-026),16-026,2021-07-08T11:18:00Z,NA,0,a
Tongue Reef (16-026),16-026,2021-07-08T11:16:00Z,NA,0,a
Tongue Reef (16-026),16-026,2021-07-08T11:14:00Z,NA,0,a
Tongue Reef (16-026),16-026,2021-07-08T11:12:00Z,NA,0,a
Tongue Reef (16-026),16-026,2021-07-08T11:09:00Z,NA,0,a
Tongue Reef (16-026),16-026,2021-07-08T11:07:00Z,NA,0,a
Tongue Reef (16-026),16-026,2021-07-08T11:05:00Z,NA,0,a
Tongue Reef (16-026),16-026,2021-07-08T11:03:00Z,NA,0,a
Tongue Reef (16-026),16-026,2021-07-08T11:01:00Z,NA,0,a
Tongue Reef (16-026),16-026,2021-07-08T10:58:00Z,NA,0,a
Tongue Reef (16-026),16-026,2021-07-08T10:56:00Z,NA,0,a
Tongue Reef (16-026),16-026,2021-07-08T10:54:00Z,NA,0,a
Tongue Reef (16-026),16-026,2021-07-08T10:52:00Z,NA,0,a
Tongue Reef (16-026),16-026,2021-07-08T10:50:00Z,NA,0,a
Tongue Reef (16-026),16-026,2021-07-08T10:48:00Z,NA,0,a
Tongue Reef (16-026),16-026,2021-07-08T10:46:00Z,NA,0,a
Tongue Reef (16-026),16-026,2021-07-08T10:26:00Z,NA,0,a
Tongue Reef (16-026),16-026,2021-07-08T10:24:00Z,NA,0,a
Tongue Reef (16-026),16-026,2021-07-08T10:22:00Z,NA,0,a
Tongue Reef (16-026),16-026,2021-07-08T10:20:00Z,NA,0,a
Tongue Reef (16-026),16-026,2021-07-08T10:17:00Z,NA,0,a
Tongue Reef (16-026),16-026,2021-07-08T10:15:00Z,NA,0,a
Tongue Reef (16-026),16-026,2021-07-08T10:13:00Z,NA,0,a
Tongue Reef (16-026),16-026,2021-07-08T10:11:00Z,NA,0,a
Tongue Reef (16-026),16-026,2021-07-08T10:09:00Z,NA,0,a
Tongue Reef (16-026),16-026,2021-07-08T10:07:00Z,NA,0,a
Tongue Reef (16-026),16-026,2021-07-08T10:05:00Z,NA,0,a
Tongue Reef (16-026),16-026,2021-07-08T10:02:00Z,NA,0,a
Tongue Reef (16-026),16-026,2021-07-08T10:00:00Z,NA,0,a
Tongue Reef (16-026),16-026,2021-07-08T09:58:00Z,NA,0,a
Tongue Reef (16-026),16-026,2021-07-08T09:56:00Z,NA,0,a
Tongue Reef (16-026),16-026,2021-07-08T09:54:00Z,NA,0,a
Tongue Reef (16-026),16-026,2021-07-08T09:52:00Z,NA,0,a
Tongue Reef (16-026),16-026,2021-07-08T09:49:00Z,NA,0,a
Tongue Reef (16-026),16-026,2021-07-08T09:47:00Z,NA,0,a
Tongue Reef (16-026),16-026,2021-07-08T09:45:00Z,NA,0,a
Tongue Reef (16-026),16-026,2021-07-08T09:41:00Z,NA,0,a
Tongue Reef (16-026),16-026,2021-07-08T09:39:00Z,NA,0,a
Tongue Reef (16-026),16-026,2021-07-08T09:37:00Z,NA,0,a
Tongue Reef (16-026),16-026,2021-07-08T09:35:00Z,NA,0,a
Tongue Reef (16-026),16-026,2021-07-08T09:33:00Z,NA,0,a
Tongue Reef (16-026),16-026,2021-07-08T09:18:00Z,NA,0,a
Tongue Reef (16-026),16-026,2021-07-08T09:16:00Z,NA,0,a
Tongue Reef (16-026),16-026,2021-07-08T09:14:00Z,NA,0,a
Tongue Reef (16-026),16-026,2021-07-08T09:12:00Z,NA,0,a
Tongue Reef (16-026),16-026,2021-07-08T09:10:00Z,NA,0,a
Tongue Reef (16-026),16-026,2021-07-08T09:08:00Z,NA,0,a
Tongue Reef (16-026),16-026,2021-07-08T09:06:00Z,NA,0,a
Tongue Reef (16-026),16-026,2021-07-08T09:04:00Z,NA,0,a
Tongue Reef (16-026),16-026,2021-07-08T09:02:00Z,NA,0,a
Tongue Reef (16-026),16-026,2021-07-08T09:00:00Z,NA,0,a
Tongue Reef (16-026),16-026,2021-07-08T08:58:00Z,NA,0,a
Tongue Reef (16-026),16-026,2021-07-08T08:56:00Z,NA,0,a
Tongue Reef (16-026),16-026,2021-07-08T08:54:00Z,NA,0,a
Tongue Reef (16-026),16-026,2021-07-08T08:52:00Z,NA,0,a
Tongue Reef (16-026),16-026,2021-07-08T08:50:00Z,NA,0,a
Tongue Reef (16-026),16-026,2021-07-08T08:48:00Z,NA,0,a
Tongue Reef (16-026),16-026,2021-07-08T08:46:00Z,NA,0,a
Tongue Reef (16-026),16-026,2021-07-08T08:43:00Z,NA,0,a
Tongue Reef (16-026),16-026,2021-07-08T08:41:00Z,NA,0,a
Tongue Reef (16-026),16-026,2021-07-08T08:39:00Z,NA,0,a
Tongue Reef (16-026),16-026,2021-07-08T08:37:00Z,NA,0,a
Tongue Reef (16-026),16-026,2021-07-08T08:35:00Z,NA,0,a
Tongue Reef (16-026),16-026,2021-07-08T08:33:00Z,NA,0,a
Tongue Reef (16-026),16-026,2021-07-08T08:31:00Z,NA,0,a
Tongue Reef (16-026),16-026,2021-07-08T08:29:00Z,NA,0,a
Tongue Reef (16-026),16-026,2021-07-08T08:27:00Z,NA,0,a
Tongue Reef (16-026),16-026,2021-07-08T08:25:00Z,NA,0,a
Tongue Reef (16-026),16-026,2021-07-08T08:23:00Z,NA,0,a
Tongue Reef (16-026),16-026,2021-07-08T08:21:00Z,NA,0,a
Tongue Reef (16-026),16-026,2021-07-08T08:18:00Z,NA,0,a
Tongue Reef (16-026),16-026,2021-07-08T08:16:00Z,NA,0,a
Tongue Reef (16-026),16-026,2021-07-08T08:14:00Z,NA,0,a
Tongue Reef (16-026),16-026,2021-07-08T08:12:00Z,NA,0,a
Tongue Reef (16-026),16-026,2021-07-08T08:10:00Z,NA,0,a
Tongue Reef (16-026),16-026,2021-07-08T08:08:00Z,NA,0,a
Tongue Reef (16-026),16-026,2021-07-07T11:19:00Z,NA,0,a
Tongue Reef (16-026),16-026,2021-07-07T11:16:00Z,NA,0,a
Tongue Reef (16-026),16-026,2021-07-07T11:14:00Z,NA,0,a
Tongue Reef (16-026),16-026,2021-07-07T11:12:00Z,NA,0,a
Tongue Reef (16-026),16-026,2021-07-07T11:09:00Z,NA,0,a
Tongue Reef (16-026),16-026,2021-07-07T11:07:00Z,NA,0,a
Tongue Reef (16-026),16-026,2021-07-07T11:05:00Z,NA,0,a
Tongue Reef (16-026),16-026,2021-07-07T11:03:00Z,NA,0,a
Tongue Reef (16-026),16-026,2021-07-07T11:00:00Z,NA,0,a
Tongue Reef (16-026),16-026,2021-07-07T10:58:00Z,NA,0,a
Tongue Reef (16-026),16-026,2021-07-07T10:56:00Z,NA,0,p
Tongue Reef (16-026),16-026,2021-07-07T10:53:00Z,NA,0,p
Tongue Reef (16-026),16-026,2021-07-07T10:51:00Z,NA,0,a
Tongue Reef (16-026),16-026,2021-07-07T10:49:00Z,NA,0,a
Tongue Reef (16-026),16-026,2021-07-07T10:47:00Z,NA,0,a
Tongue Reef (16-026),16-026,2021-07-07T10:45:00Z,NA,0,a
Tongue Reef (16-026),16-026,2021-07-07T10:43:00Z,NA,0,a
Tongue Reef (16-026),16-026,2021-07-07T10:41:00Z,NA,0,a
Tongue Reef (16-026),16-026,2021-07-07T10:38:00Z,NA,0,a
Tongue Reef (16-026),16-026,2021-07-07T10:36:00Z,NA,0,a
Tongue Reef (16-026),16-026,2021-07-07T10:28:00Z,NA,0,a
Tongue Reef (16-026),16-026,2021-07-07T10:26:00Z,NA,0,a
Tongue Reef (16-026),16-026,2021-07-07T10:24:00Z,NA,0,a
Tongue Reef (16-026),16-026,2021-07-07T10:22:00Z,NA,0,a
Tongue Reef (16-026),16-026,2021-07-07T10:19:00Z,NA,0,a
Tongue Reef (16-026),16-026,2021-07-07T10:17:00Z,NA,0,a
Tongue Reef (16-026),16-026,2021-07-07T10:15:00Z,NA,0,a
Tongue Reef (16-026),16-026,2021-07-07T10:13:00Z,NA,0,a
Tongue Reef (16-026),16-026,2021-07-07T10:10:00Z,NA,0,a
Tongue Reef (16-026),16-026,2021-07-07T10:08:00Z,NA,0,a
Tongue Reef (16-026),16-026,2021-07-07T10:06:00Z,NA,0,a
Tongue Reef (16-026),16-026,2021-07-07T10:04:00Z,NA,0,a
Tongue Reef (16-026),16-026,2021-07-07T10:02:00Z,NA,0,a
Tongue Reef (16-026),16-026,2021-07-07T09:59:00Z,NA,0,a
Tongue Reef (16-026),16-026,2021-07-07T09:57:00Z,NA,0,a
Tongue Reef (16-026),16-026,2021-07-07T09:53:00Z,NA,0,a
Tongue Reef (16-026),16-026,2021-07-07T09:51:00Z,NA,0,a
Tongue Reef (16-026),16-026,2021-07-07T09:49:00Z,NA,0,a
Tongue Reef (16-026),16-026,2021-07-07T09:47:00Z,NA,0,a
Tongue Reef (16-026),16-026,2021-07-07T09:44:00Z,NA,0,a
Tongue Reef (16-026),16-026,2021-07-07T09:42:00Z,NA,0,a
Tongue Reef (16-026),16-026,2021-07-07T09:40:00Z,NA,0,a
Tongue Reef (16-026),16-026,2021-07-07T09:37:00Z,NA,0,a
Tongue Reef (16-026),16-026,2021-07-07T09:35:00Z,NA,0,a
Tongue Reef (16-026),16-026,2021-07-07T09:33:00Z,NA,0,a
Tongue Reef (16-026),16-026,2021-07-07T09:31:00Z,NA,0,a
Tongue Reef (16-026),16-026,2021-07-07T09:29:00Z,NA,0,a
Tongue Reef (16-026),16-026,2021-07-07T09:27:00Z,NA,0,a
Tongue Reef (16-026),16-026,2021-07-07T09:24:00Z,NA,0,a
Tongue Reef (16-026),16-026,2021-07-07T09:22:00Z,NA,0,a
Tongue Reef (16-026),16-026,2021-07-07T09:16:00Z,NA,1,p
Tongue Reef (16-026),16-026,2021-07-07T09:13:00Z,NA,0,p
Tongue Reef (16-026),16-026,2021-07-07T09:11:00Z,NA,0,a
Tongue Reef (16-026),16-026,2021-07-07T09:09:00Z,NA,0,p
Tongue Reef (16-026),16-026,2021-07-07T09:07:00Z,NA,0,a
Tongue Reef (16-026),16-026,2021-07-07T09:05:00Z,NA,0,a
Tongue Reef (16-026),16-026,2021-07-07T09:02:00Z,NA,0,a
Tongue Reef (16-026),16-026,2021-07-07T09:00:00Z,NA,0,a
Tongue Reef (16-026),16-026,2021-07-07T08:58:00Z,NA,0,a
Tongue Reef (16-026),16-026,2021-07-07T08:57:00Z,NA,0,a
Tongue Reef (16-026),16-026,2021-07-07T08:54:00Z,NA,0,a
Tongue Reef (16-026),16-026,2021-07-07T08:52:00Z,NA,0,a
Tongue Reef (16-026),16-026,2021-07-07T08:50:00Z,NA,0,a
Tongue Reef (16-026),16-026,2021-07-07T08:48:00Z,NA,0,a
Tongue Reef (16-026),16-026,2021-07-07T08:46:00Z,NA,0,a
Tongue Reef (16-026),16-026,2021-07-07T08:43:00Z,NA,0,a
Tongue Reef (16-026),16-026,2021-07-07T08:41:00Z,NA,0,a
Tongue Reef (16-026),16-026,2021-07-07T08:39:00Z,NA,0,a
Tongue Reef (16-026),16-026,2021-07-07T08:37:00Z,NA,0,a
Tongue Reef (16-026),16-026,2021-07-07T08:35:00Z,NA,0,a
Tongue Reef (16-026),16-026,2021-07-07T08:32:00Z,NA,0,a
Tongue Reef (16-026),16-026,2021-07-07T08:30:00Z,NA,0,a
Tongue Reef (16-026),16-026,2021-07-07T08:28:00Z,NA,0,p
Tongue Reef (16-026),16-026,2021-07-07T08:26:00Z,NA,0,a
Tongue Reef (16-026),16-026,2021-07-07T08:23:00Z,NA,0,p
Tongue Reef (16-026),16-026,2021-07-07T08:21:00Z,NA,0,a
Tongue Reef (16-026),16-026,2021-07-07T08:18:00Z,NA,0,a
Tongue Reef (16-026),16-026,2021-07-07T08:16:00Z,NA,0,a
Tongue Reef (16-026),16-026,2021-07-07T08:14:00Z,NA,0,a
Tongue Reef (16-026),16-026,2021-07-07T08:11:00Z,NA,0,a
John Brewer Reef (18-075),18-075,2026-01-15T14:54:00Z,0,0,a
John Brewer Reef (18-075),18-075,2026-01-15T14:52:00Z,0,0,a
John Brewer Reef (18-075),18-075,2026-01-15T14:51:00Z,0,0,a
John Brewer Reef (18-075),18-075,2026-01-15T14:49:00Z,0,0,a
John Brewer Reef (18-075),18-075,2026-01-15T14:48:00Z,0,0,a
John Brewer Reef (18-075),18-075,2026-01-15T14:46:00Z,0,0,a
John Brewer Reef (18-075),18-075,2026-01-15T14:46:00Z,0,0,a
John Brewer Reef (18-075),18-075,2026-01-15T14:43:00Z,0,0,a
John Brewer Reef (18-075),18-075,2026-01-15T14:43:00Z,0,0,a
John Brewer Reef (18-075),18-075,2026-01-15T14:41:00Z,0,0,a
John Brewer Reef (18-075),18-075,2026-01-15T14:40:00Z,0,0,a
John Brewer Reef (18-075),18-075,2026-01-15T14:38:00Z,0,0,a
John Brewer Reef (18-075),18-075,2026-01-15T14:38:00Z,0,0,a
John Brewer Reef (18-075),18-075,2026-01-15T14:35:00Z,0,0,a
John Brewer Reef (18-075),18-075,2026-01-15T14:34:00Z,0,0,a
John Brewer Reef (18-075),18-075,2026-01-15T14:33:00Z,0,0,a
John Brewer Reef (18-075),18-075,2026-01-15T14:31:00Z,0,0,a
John Brewer Reef (18-075),18-075,2026-01-15T14:30:00Z,0,0,a
John Brewer Reef (18-075),18-075,2026-01-15T14:28:00Z,1,0,p
John Brewer Reef (18-075),18-075,2026-01-15T14:27:00Z,0,0,a
John Brewer Reef (18-075),18-075,2026-01-15T14:25:00Z,0,0,a
John Brewer Reef (18-075),18-075,2026-01-15T14:23:00Z,0,0,a
John Brewer Reef (18-075),18-075,2026-01-15T14:22:00Z,0,0,a
John Brewer Reef (18-075),18-075,2026-01-15T14:21:00Z,0,0,a
John Brewer Reef (18-075),18-075,2026-01-15T14:19:00Z,0,0,a
John Brewer Reef (18-075),18-075,2026-01-15T14:18:00Z,0,0,a
John Brewer Reef (18-075),18-075,2026-01-15T14:16:00Z,0,0,a
John Brewer Reef (18-075),18-075,2026-01-15T14:15:00Z,0,0,a
John Brewer Reef (18-075),18-075,2026-01-15T14:14:00Z,0,0,a
John Brewer Reef (18-075),18-075,2026-01-15T14:12:00Z,0,0,a
John Brewer Reef (18-075),18-075,2026-01-15T14:11:00Z,0,0,a
John Brewer Reef (18-075),18-075,2026-01-15T14:09:00Z,0,0,a
John Brewer Reef (18-075),18-075,2026-01-15T14:08:00Z,0,0,a
John Brewer Reef (18-075),18-075,2026-01-15T14:07:00Z,0,0,a
John Brewer Reef (18-075),18-075,2026-01-15T14:06:00Z,0,0,a
John Brewer Reef (18-075),18-075,2026-01-15T14:04:00Z,0,0,a
John Brewer Reef (18-075),18-075,2026-01-15T14:02:00Z,0,0,a
John Brewer Reef (18-075),18-075,2026-01-15T14:00:00Z,0,0,a
John Brewer Reef (18-075),18-075,2026-01-15T13:59:00Z,0,0,a
John Brewer Reef (18-075),18-075,2026-01-15T13:57:00Z,0,0,a
John Brewer Reef (18-075),18-075,2026-01-15T13:56:00Z,0,0,a
John Brewer Reef (18-075),18-075,2026-01-15T13:54:00Z,0,0,a
John Brewer Reef (18-075),18-075,2026-01-15T13:53:00Z,0,0,a
John Brewer Reef (18-075),18-075,2026-01-15T13:51:00Z,0,0,a
John Brewer Reef (18-075),18-075,2026-01-15T13:51:00Z,0,0,a
John Brewer Reef (18-075),18-075,2026-01-15T13:48:00Z,0,0,a
John Brewer Reef (18-075),18-075,2026-01-15T13:48:00Z,0,0,a
John Brewer Reef (18-075),18-075,2026-01-15T13:45:00Z,0,0,a
John Brewer Reef (18-075),18-075,2026-01-15T13:42:00Z,0,0,a
John Brewer Reef (18-075),18-075,2026-01-15T13:40:00Z,1,0,p
John Brewer Reef (18-075),18-075,2026-01-15T13:37:00Z,0,0,a
John Brewer Reef (18-075),18-075,2026-01-15T13:36:00Z,0,0,a
John Brewer Reef (18-075),18-075,2026-01-15T13:33:00Z,0,0,a
John Brewer Reef (18-075),18-075,2026-01-15T13:30:00Z,0,0,a
John Brewer Reef (18-075),18-075,2026-01-15T13:29:00Z,0,0,a
John Brewer Reef (18-075),18-075,2026-01-15T13:28:00Z,0,0,a
John Brewer Reef (18-075),18-075,2026-01-15T13:26:00Z,0,0,a
John Brewer Reef (18-075),18-075,2026-01-15T13:25:00Z,0,0,a
John Brewer Reef (18-075),18-075,2026-01-15T13:23:00Z,0,0,a
John Brewer Reef (18-075),18-075,2026-01-15T13:22:00Z,0,0,a
John Brewer Reef (18-075),18-075,2026-01-15T13:21:00Z,0,0,a
John Brewer Reef (18-075),18-075,2026-01-15T13:19:00Z,0,0,a
John Brewer Reef (18-075),18-075,2026-01-15T13:18:00Z,0,0,a
John Brewer Reef (18-075),18-075,2026-01-15T13:16:00Z,0,0,a
John Brewer Reef (18-075),18-075,2026-01-15T13:15:00Z,0,0,a
John Brewer Reef (18-075),18-075,2026-01-15T13:14:00Z,0,0,a
John Brewer Reef (18-075),18-075,2026-01-15T13:12:00Z,0,0,a
John Brewer Reef (18-075),18-075,2026-01-15T13:11:00Z,0,0,a
John Brewer Reef (18-075),18-075,2026-01-15T13:10:00Z,0,0,a
John Brewer Reef (18-075),18-075,2026-01-15T13:08:00Z,0,0,a
John Brewer Reef (18-075),18-075,2026-01-15T13:07:00Z,0,0,a
John Brewer Reef (18-075),18-075,2026-01-15T13:05:00Z,0,0,a
John Brewer Reef (18-075),18-075,2026-01-15T13:04:00Z,0,0,a
John Brewer Reef (18-075),18-075,2026-01-15T13:02:00Z,0,0,a
John Brewer Reef (18-075),18-075,2026-01-15T13:02:00Z,0,0,a
John Brewer Reef (18-075),18-075,2026-01-15T12:59:00Z,0,0,a
John Brewer Reef (18-075),18-075,2026-01-15T12:59:00Z,0,0,a
John Brewer Reef (18-075),18-075,2026-01-15T12:56:00Z,0,0,a
John Brewer Reef (18-075),18-075,2026-01-15T12:56:00Z,0,0,a
John Brewer Reef (18-075),18-075,2026-01-15T12:53:00Z,0,0,a
John Brewer Reef (18-075),18-075,2026-01-15T12:53:00Z,0,0,a
John Brewer Reef (18-075),18-075,2026-01-15T12:51:00Z,0,0,a
John Brewer Reef (18-075),18-075,2026-01-15T12:50:00Z,0,0,a
John Brewer Reef (18-075),18-075,2026-01-15T12:48:00Z,0,0,a
John Brewer Reef (18-075),18-075,2026-01-15T12:48:00Z,0,0,a
John Brewer Reef (18-075),18-075,2026-01-15T12:46:00Z,0,0,a
John Brewer Reef (18-075),18-075,2026-01-15T12:45:00Z,0,0,a
John Brewer Reef (18-075),18-075,2026-01-15T12:42:00Z,0,0,a
John Brewer Reef (18-075),18-075,2026-01-15T12:42:00Z,0,0,a
John Brewer Reef (18-075),18-075,2026-01-15T12:40:00Z,0,0,a
John Brewer Reef (18-075),18-075,2026-01-15T12:37:00Z,0,0,a
John Brewer Reef (18-075),18-075,2025-01-26T10:20:00Z,NA,0,a
John Brewer Reef (18-075),18-075,2025-01-26T10:19:00Z,NA,0,a
John Brewer Reef (18-075),18-075,2025-01-26T10:18:00Z,NA,0,a
John Brewer Reef (18-075),18-075,2025-01-26T10:17:00Z,NA,0,a
John Brewer Reef (18-075),18-075,2025-01-26T10:16:00Z,NA,0,a
John Brewer Reef (18-075),18-075,2025-01-26T10:14:00Z,NA,0,a
John Brewer Reef (18-075),18-075,2025-01-26T10:13:00Z,NA,0,a
John Brewer Reef (18-075),18-075,2025-01-26T10:12:00Z,NA,0,a
John Brewer Reef (18-075),18-075,2025-01-26T10:11:00Z,NA,0,a
John Brewer Reef (18-075),18-075,2025-01-26T10:09:00Z,NA,0,a
John Brewer Reef (18-075),18-075,2025-01-26T10:08:00Z,NA,0,a
John Brewer Reef (18-075),18-075,2025-01-26T10:06:00Z,NA,0,a
John Brewer Reef (18-075),18-075,2025-01-26T10:06:00Z,NA,0,a
John Brewer Reef (18-075),18-075,2025-01-26T10:04:00Z,NA,0,a
John Brewer Reef (18-075),18-075,2025-01-26T10:02:00Z,NA,0,a
John Brewer Reef (18-075),18-075,2025-01-26T10:01:00Z,NA,0,a
John Brewer Reef (18-075),18-075,2025-01-26T10:00:00Z,NA,0,a
John Brewer Reef (18-075),18-075,2025-01-26T09:58:00Z,NA,0,a
John Brewer Reef (18-075),18-075,2025-01-26T09:57:00Z,NA,0,a
John Brewer Reef (18-075),18-075,2025-01-26T09:54:00Z,NA,0,a
John Brewer Reef (18-075),18-075,2025-01-26T09:54:00Z,NA,0,a
John Brewer Reef (18-075),18-075,2025-01-26T09:51:00Z,NA,0,a
John Brewer Reef (18-075),18-075,2025-01-26T09:51:00Z,NA,0,a
John Brewer Reef (18-075),18-075,2025-01-26T09:49:00Z,NA,0,a
John Brewer Reef (18-075),18-075,2025-01-26T09:48:00Z,NA,0,a
John Brewer Reef (18-075),18-075,2025-01-26T09:46:00Z,NA,0,a
John Brewer Reef (18-075),18-075,2025-01-26T09:46:00Z,NA,0,a
John Brewer Reef (18-075),18-075,2025-01-26T09:44:00Z,NA,0,a
John Brewer Reef (18-075),18-075,2025-01-26T09:43:00Z,NA,0,a
John Brewer Reef (18-075),18-075,2025-01-26T09:41:00Z,NA,0,a
John Brewer Reef (18-075),18-075,2025-01-26T09:40:00Z,NA,0,a
John Brewer Reef (18-075),18-075,2025-01-26T09:38:00Z,NA,0,a
John Brewer Reef (18-075),18-075,2025-01-26T09:38:00Z,NA,0,a
John Brewer Reef (18-075),18-075,2025-01-26T09:35:00Z,NA,0,a
John Brewer Reef (18-075),18-075,2025-01-26T09:35:00Z,NA,0,a
John Brewer Reef (18-075),18-075,2025-01-26T09:31:00Z,NA,0,a
John Brewer Reef (18-075),18-075,2025-01-26T09:31:00Z,NA,0,a
John Brewer Reef (18-075),18-075,2025-01-26T09:29:00Z,NA,0,a
John Brewer Reef (18-075),18-075,2025-01-26T09:27:00Z,NA,0,a
John Brewer Reef (18-075),18-075,2025-01-26T09:26:00Z,NA,0,a
John Brewer Reef (18-075),18-075,2025-01-26T09:25:00Z,NA,0,a
John Brewer Reef (18-075),18-075,2025-01-26T09:24:00Z,NA,0,a
John Brewer Reef (18-075),18-075,2025-01-26T09:22:00Z,NA,0,a
John Brewer Reef (18-075),18-075,2025-01-26T09:20:00Z,NA,0,a
John Brewer Reef (18-075),18-075,2025-01-26T09:20:00Z,NA,0,a
John Brewer Reef (18-075),18-075,2025-01-26T09:18:00Z,NA,0,a
John Brewer Reef (18-075),18-075,2025-01-26T09:16:00Z,NA,0,a
John Brewer Reef (18-075),18-075,2025-01-26T09:15:00Z,NA,0,a
John Brewer Reef (18-075),18-075,2025-01-26T09:13:00Z,NA,0,a
John Brewer Reef (18-075),18-075,2025-01-26T09:13:00Z,NA,0,a
John Brewer Reef (18-075),18-075,2025-01-26T09:09:00Z,NA,0,a
John Brewer Reef (18-075),18-075,2025-01-26T09:03:00Z,NA,0,a
John Brewer Reef (18-075),18-075,2025-01-26T09:01:00Z,NA,0,a
John Brewer Reef (18-075),18-075,2025-01-26T08:58:00Z,NA,0,a
John Brewer Reef (18-075),18-075,2025-01-26T08:58:00Z,NA,0,a
John Brewer Reef (18-075),18-075,2025-01-26T08:55:00Z,NA,0,a
John Brewer Reef (18-075),18-075,2025-01-26T08:55:00Z,NA,0,a
John Brewer Reef (18-075),18-075,2025-01-26T08:53:00Z,NA,0,a
John Brewer Reef (18-075),18-075,2025-01-26T08:52:00Z,NA,0,a
John Brewer Reef (18-075),18-075,2025-01-26T08:51:00Z,NA,0,a
John Brewer Reef (18-075),18-075,2025-01-26T08:49:00Z,NA,0,a
John Brewer Reef (18-075),18-075,2025-01-26T08:48:00Z,NA,0,a
John Brewer Reef (18-075),18-075,2025-01-26T08:46:00Z,NA,0,a
John Brewer Reef (18-075),18-075,2025-01-26T08:45:00Z,NA,0,a
John Brewer Reef (18-075),18-075,2025-01-26T08:43:00Z,NA,0,a
John Brewer Reef (18-075),18-075,2025-01-26T08:43:00Z,NA,0,a
John Brewer Reef (18-075),18-075,2025-01-26T08:40:00Z,NA,0,a
John Brewer Reef (18-075),18-075,2025-01-26T08:40:00Z,NA,0,a
John Brewer Reef (18-075),18-075,2025-01-26T08:37:00Z,NA,0,a
John Brewer Reef (18-075),18-075,2025-01-26T08:37:00Z,NA,0,a
John Brewer Reef (18-075),18-075,2025-01-26T08:33:00Z,NA,0,a
John Brewer Reef (18-075),18-075,2025-01-26T08:32:00Z,NA,0,a
John Brewer Reef (18-075),18-075,2025-01-26T08:30:00Z,NA,0,a
John Brewer Reef (18-075),18-075,2025-01-26T08:30:00Z,NA,0,a
John Brewer Reef (18-075),18-075,2025-01-26T08:27:00Z,NA,0,a
John Brewer Reef (18-075),18-075,2025-01-26T08:27:00Z,NA,0,a
John Brewer Reef (18-075),18-075,2025-01-26T08:25:00Z,NA,0,a
John Brewer Reef (18-075),18-075,2025-01-26T08:24:00Z,NA,0,a
John Brewer Reef (18-075),18-075,2025-01-26T08:22:00Z,NA,0,a
John Brewer Reef (18-075),18-075,2025-01-26T08:21:00Z,NA,0,a
John Brewer Reef (18-075),18-075,2025-01-26T08:15:00Z,NA,0,a
John Brewer Reef (18-075),18-075,2025-01-26T08:12:00Z,NA,0,a
John Brewer Reef (18-075),18-075,2025-01-26T08:10:00Z,NA,0,a
John Brewer Reef (18-075),18-075,2025-01-26T08:08:00Z,NA,0,a
John Brewer Reef (18-075),18-075,2025-01-26T08:07:00Z,NA,0,a
John Brewer Reef (18-075),18-075,2025-01-26T08:04:00Z,NA,0,a
John Brewer Reef (18-075),18-075,2025-01-26T08:04:00Z,NA,0,a
John Brewer Reef (18-075),18-075,2025-01-26T08:01:00Z,NA,0,a
John Brewer Reef (18-075),18-075,2025-01-26T08:01:00Z,NA,0,a
John Brewer Reef (18-075),18-075,2025-01-26T07:57:00Z,NA,0,a
John Brewer Reef (18-075),18-075,2024-02-13T10:09:00Z,NA,0,a
John Brewer Reef (18-075),18-075,2024-02-13T10:08:00Z,NA,0,a
John Brewer Reef (18-075),18-075,2024-02-13T10:06:00Z,NA,0,a
John Brewer Reef (18-075),18-075,2024-02-13T10:05:00Z,NA,0,a
John Brewer Reef (18-075),18-075,2024-02-13T10:03:00Z,NA,0,a
John Brewer Reef (18-075),18-075,2024-02-13T10:02:00Z,NA,0,a
John Brewer Reef (18-075),18-075,2024-02-13T10:00:00Z,NA,0,a
John Brewer Reef (18-075),18-075,2024-02-13T10:00:00Z,NA,0,a
John Brewer Reef (18-075),18-075,2024-02-13T09:57:00Z,NA,0,a
John Brewer Reef (18-075),18-075,2024-02-13T09:55:00Z,NA,0,a
John Brewer Reef (18-075),18-075,2024-02-13T09:54:00Z,NA,0,a
John Brewer Reef (18-075),18-075,2024-02-13T09:52:00Z,NA,0,a
John Brewer Reef (18-075),18-075,2024-02-13T09:52:00Z,NA,0,a
John Brewer Reef (18-075),18-075,2024-02-13T09:49:00Z,NA,0,a
John Brewer Reef (18-075),18-075,2024-02-13T09:49:00Z,NA,0,a
John Brewer Reef (18-075),18-075,2024-02-13T09:47:00Z,NA,0,a
John Brewer Reef (18-075),18-075,2024-02-13T09:46:00Z,NA,0,a
John Brewer Reef (18-075),18-075,2024-02-13T09:44:00Z,NA,0,a
John Brewer Reef (18-075),18-075,2024-02-13T09:43:00Z,NA,0,a
John Brewer Reef (18-075),18-075,2024-02-13T09:41:00Z,NA,0,a
John Brewer Reef (18-075),18-075,2024-02-13T09:40:00Z,NA,0,a
John Brewer Reef (18-075),18-075,2024-02-13T09:38:00Z,NA,0,a
John Brewer Reef (18-075),18-075,2024-02-13T09:37:00Z,NA,0,a
John Brewer Reef (18-075),18-075,2024-02-13T09:35:00Z,NA,0,a
John Brewer Reef (18-075),18-075,2024-02-13T09:34:00Z,NA,0,a
John Brewer Reef (18-075),18-075,2024-02-13T09:33:00Z,NA,0,a
John Brewer Reef (18-075),18-075,2024-02-13T09:32:00Z,NA,0,a
John Brewer Reef (18-075),18-075,2024-02-13T09:30:00Z,NA,0,a
John Brewer Reef (18-075),18-075,2024-02-13T09:29:00Z,NA,0,a
John Brewer Reef (18-075),18-075,2024-02-13T09:27:00Z,NA,0,a
John Brewer Reef (18-075),18-075,2024-02-13T09:26:00Z,NA,0,a
John Brewer Reef (18-075),18-075,2024-02-13T09:23:00Z,NA,0,a
John Brewer Reef (18-075),18-075,2024-02-13T09:19:00Z,NA,0,a
John Brewer Reef (18-075),18-075,2024-02-13T09:17:00Z,NA,0,a
John Brewer Reef (18-075),18-075,2024-02-13T09:16:00Z,NA,0,a
John Brewer Reef (18-075),18-075,2024-02-13T09:14:00Z,NA,0,a
John Brewer Reef (18-075),18-075,2024-02-13T09:13:00Z,NA,0,a
John Brewer Reef (18-075),18-075,2024-02-13T09:11:00Z,NA,0,a
John Brewer Reef (18-075),18-075,2024-02-13T09:10:00Z,NA,0,a
John Brewer Reef (18-075),18-075,2024-02-13T09:09:00Z,NA,0,a
John Brewer Reef (18-075),18-075,2024-02-13T09:07:00Z,NA,0,a
John Brewer Reef (18-075),18-075,2024-02-13T09:06:00Z,NA,0,a
John Brewer Reef (18-075),18-075,2024-02-13T09:03:00Z,NA,0,a
John Brewer Reef (18-075),18-075,2024-02-13T09:00:00Z,NA,0,a
John Brewer Reef (18-075),18-075,2024-02-13T08:59:00Z,NA,0,a
John Brewer Reef (18-075),18-075,2024-02-13T08:57:00Z,NA,0,a
John Brewer Reef (18-075),18-075,2024-02-13T08:57:00Z,NA,0,a
John Brewer Reef (18-075),18-075,2024-02-13T08:54:00Z,NA,0,a
John Brewer Reef (18-075),18-075,2024-02-13T08:54:00Z,NA,0,a
John Brewer Reef (18-075),18-075,2024-02-13T08:51:00Z,NA,0,a
John Brewer Reef (18-075),18-075,2024-02-13T08:50:00Z,NA,0,a
John Brewer Reef (18-075),18-075,2024-02-13T08:48:00Z,NA,0,a
John Brewer Reef (18-075),18-075,2024-02-13T08:47:00Z,NA,0,a
John Brewer Reef (18-075),18-075,2024-02-13T08:45:00Z,NA,0,a
John Brewer Reef (18-075),18-075,2024-02-13T08:44:00Z,NA,0,a
John Brewer Reef (18-075),18-075,2024-02-13T08:43:00Z,NA,0,a
John Brewer Reef (18-075),18-075,2024-02-13T08:41:00Z,NA,0,a
John Brewer Reef (18-075),18-075,2024-02-13T08:40:00Z,NA,0,a
John Brewer Reef (18-075),18-075,2024-02-13T08:38:00Z,NA,0,a
John Brewer Reef (18-075),18-075,2024-02-13T08:38:00Z,NA,0,a
John Brewer Reef (18-075),18-075,2024-02-13T08:35:00Z,NA,0,a
John Brewer Reef (18-075),18-075,2024-02-13T08:32:00Z,NA,0,a
John Brewer Reef (18-075),18-075,2024-02-13T08:30:00Z,NA,0,a
John Brewer Reef (18-075),18-075,2024-02-13T08:29:00Z,NA,0,a
John Brewer Reef (18-075),18-075,2024-02-13T08:28:00Z,NA,0,a
John Brewer Reef (18-075),18-075,2024-02-13T08:26:00Z,NA,0,a
John Brewer Reef (18-075),18-075,2024-02-13T08:25:00Z,NA,0,a
John Brewer Reef (18-075),18-075,2024-02-13T08:23:00Z,NA,0,a
John Brewer Reef (18-075),18-075,2024-02-13T08:23:00Z,NA,0,a
John Brewer Reef (18-075),18-075,2024-02-13T08:20:00Z,NA,0,a
John Brewer Reef (18-075),18-075,2024-02-13T08:19:00Z,NA,0,a
John Brewer Reef (18-075),18-075,2024-02-13T08:17:00Z,NA,0,a
John Brewer Reef (18-075),18-075,2024-02-13T08:16:00Z,NA,0,a
John Brewer Reef (18-075),18-075,2024-02-13T08:14:00Z,NA,0,a
John Brewer Reef (18-075),18-075,2024-02-13T08:13:00Z,NA,0,a
John Brewer Reef (18-075),18-075,2024-02-13T08:12:00Z,NA,0,a
John Brewer Reef (18-075),18-075,2024-02-13T08:10:00Z,NA,0,a
John Brewer Reef (18-075),18-075,2024-02-13T08:10:00Z,NA,0,a
John Brewer Reef (18-075),18-075,2024-02-13T08:07:00Z,NA,0,a
John Brewer Reef (18-075),18-075,2024-02-13T08:06:00Z,NA,0,a
John Brewer Reef (18-075),18-075,2024-02-13T08:05:00Z,NA,0,a
John Brewer Reef (18-075),18-075,2024-02-13T08:03:00Z,NA,0,a
John Brewer Reef (18-075),18-075,2024-02-13T08:02:00Z,NA,0,a
John Brewer Reef (18-075),18-075,2024-02-13T07:59:00Z,NA,0,a
John Brewer Reef (18-075),18-075,2024-02-13T07:57:00Z,NA,0,a
John Brewer Reef (18-075),18-075,2024-02-13T07:55:00Z,NA,0,a
John Brewer Reef (18-075),18-075,2024-02-13T07:53:00Z,NA,0,a
John Brewer Reef (18-075),18-075,2023-04-09T15:20:00Z,NA,0,a
John Brewer Reef (18-075),18-075,2023-04-09T15:18:00Z,NA,0,a
John Brewer Reef (18-075),18-075,2023-04-09T15:17:00Z,NA,0,a
John Brewer Reef (18-075),18-075,2023-04-09T15:16:00Z,NA,0,a
John Brewer Reef (18-075),18-075,2023-04-09T15:14:00Z,NA,0,a
John Brewer Reef (18-075),18-075,2023-04-09T15:13:00Z,NA,0,a
John Brewer Reef (18-075),18-075,2023-04-09T15:11:00Z,NA,1,p
John Brewer Reef (18-075),18-075,2023-04-09T15:10:00Z,NA,0,p
John Brewer Reef (18-075),18-075,2023-04-09T15:08:00Z,NA,0,p
John Brewer Reef (18-075),18-075,2023-04-09T15:07:00Z,NA,0,a
John Brewer Reef (18-075),18-075,2023-04-09T15:05:00Z,NA,0,a
John Brewer Reef (18-075),18-075,2023-04-09T15:05:00Z,NA,0,a
John Brewer Reef (18-075),18-075,2023-04-09T15:02:00Z,NA,0,p
John Brewer Reef (18-075),18-075,2023-04-09T14:59:00Z,NA,0,p
John Brewer Reef (18-075),18-075,2023-04-09T14:59:00Z,NA,0,p
John Brewer Reef (18-075),18-075,2023-04-09T14:56:00Z,NA,0,a
John Brewer Reef (18-075),18-075,2023-04-09T14:53:00Z,NA,0,a
John Brewer Reef (18-075),18-075,2023-04-09T14:51:00Z,NA,0,a
John Brewer Reef (18-075),18-075,2023-04-09T14:50:00Z,NA,0,a
John Brewer Reef (18-075),18-075,2023-04-09T14:48:00Z,NA,0,p
John Brewer Reef (18-075),18-075,2023-04-09T14:46:00Z,NA,1,p
John Brewer Reef (18-075),18-075,2023-04-09T14:46:00Z,NA,0,a
John Brewer Reef (18-075),18-075,2023-04-09T14:43:00Z,NA,0,p
John Brewer Reef (18-075),18-075,2023-04-09T14:41:00Z,NA,0,a
John Brewer Reef (18-075),18-075,2023-04-09T14:41:00Z,NA,0,a
John Brewer Reef (18-075),18-075,2023-04-09T14:38:00Z,NA,0,a
John Brewer Reef (18-075),18-075,2023-04-09T14:37:00Z,NA,0,a
John Brewer Reef (18-075),18-075,2023-04-09T14:35:00Z,NA,0,p
John Brewer Reef (18-075),18-075,2023-04-09T14:34:00Z,NA,0,a
John Brewer Reef (18-075),18-075,2023-04-09T14:33:00Z,NA,0,a
John Brewer Reef (18-075),18-075,2023-04-09T14:30:00Z,NA,0,a
John Brewer Reef (18-075),18-075,2023-04-09T14:30:00Z,NA,0,a
John Brewer Reef (18-075),18-075,2023-04-09T14:27:00Z,NA,0,p
John Brewer Reef (18-075),18-075,2023-04-09T14:25:00Z,NA,0,a
John Brewer Reef (18-075),18-075,2023-04-09T14:22:00Z,NA,0,a
John Brewer Reef (18-075),18-075,2023-04-09T14:20:00Z,NA,0,a
John Brewer Reef (18-075),18-075,2023-04-09T14:19:00Z,NA,0,a
John Brewer Reef (18-075),18-075,2023-04-09T14:17:00Z,NA,0,p
John Brewer Reef (18-075),18-075,2023-04-09T14:15:00Z,NA,0,p
John Brewer Reef (18-075),18-075,2023-04-09T14:15:00Z,NA,0,p
John Brewer Reef (18-075),18-075,2023-04-09T14:13:00Z,NA,0,a
John Brewer Reef (18-075),18-075,2023-04-09T14:13:00Z,NA,0,a
John Brewer Reef (18-075),18-075,2023-04-09T14:10:00Z,NA,0,a
John Brewer Reef (18-075),18-075,2023-04-09T14:10:00Z,NA,0,p
John Brewer Reef (18-075),18-075,2023-04-09T14:08:00Z,NA,0,a
John Brewer Reef (18-075),18-075,2023-04-09T14:06:00Z,NA,0,a
John Brewer Reef (18-075),18-075,2023-04-09T14:05:00Z,NA,0,a
John Brewer Reef (18-075),18-075,2023-04-09T14:04:00Z,NA,0,a
John Brewer Reef (18-075),18-075,2023-04-09T14:02:00Z,NA,0,a
John Brewer Reef (18-075),18-075,2023-04-09T14:01:00Z,NA,0,a
John Brewer Reef (18-075),18-075,2023-04-09T13:59:00Z,NA,0,a
John Brewer Reef (18-075),18-075,2023-04-09T13:59:00Z,NA,0,a
John Brewer Reef (18-075),18-075,2023-04-09T13:57:00Z,NA,0,a
John Brewer Reef (18-075),18-075,2023-04-09T13:56:00Z,NA,0,a
John Brewer Reef (18-075),18-075,2023-04-09T13:54:00Z,NA,0,a
John Brewer Reef (18-075),18-075,2023-04-09T13:53:00Z,NA,0,a
John Brewer Reef (18-075),18-075,2023-04-09T13:52:00Z,NA,0,p
John Brewer Reef (18-075),18-075,2023-04-09T13:50:00Z,NA,0,a
John Brewer Reef (18-075),18-075,2023-04-09T13:50:00Z,NA,0,a
John Brewer Reef (18-075),18-075,2023-04-09T13:47:00Z,NA,0,a
John Brewer Reef (18-075),18-075,2023-04-09T13:47:00Z,NA,0,p
John Brewer Reef (18-075),18-075,2023-04-09T13:45:00Z,NA,0,a
John Brewer Reef (18-075),18-075,2023-04-09T13:45:00Z,NA,0,a
John Brewer Reef (18-075),18-075,2023-04-09T13:43:00Z,NA,0,a
John Brewer Reef (18-075),18-075,2023-04-09T13:42:00Z,NA,0,a
John Brewer Reef (18-075),18-075,2023-04-09T13:41:00Z,NA,0,a
John Brewer Reef (18-075),18-075,2023-04-09T13:38:00Z,NA,0,a
John Brewer Reef (18-075),18-075,2023-04-09T13:36:00Z,NA,0,a
John Brewer Reef (18-075),18-075,2023-04-09T13:33:00Z,NA,0,a
John Brewer Reef (18-075),18-075,2023-04-09T12:17:00Z,NA,0,a
John Brewer Reef (18-075),18-075,2023-04-09T12:14:00Z,NA,0,a
John Brewer Reef (18-075),18-075,2023-04-09T12:13:00Z,NA,0,a
John Brewer Reef (18-075),18-075,2023-04-09T12:10:00Z,NA,0,a
John Brewer Reef (18-075),18-075,2023-04-09T12:09:00Z,NA,0,a
John Brewer Reef (18-075),18-075,2023-04-09T12:07:00Z,NA,0,a
John Brewer Reef (18-075),18-075,2023-04-09T12:06:00Z,NA,0,a
John Brewer Reef (18-075),18-075,2023-04-09T12:03:00Z,NA,0,a
John Brewer Reef (18-075),18-075,2023-04-09T12:01:00Z,NA,0,a
John Brewer Reef (18-075),18-075,2023-04-09T11:58:00Z,NA,0,a
John Brewer Reef (18-075),18-075,2023-04-09T11:56:00Z,NA,0,a
John Brewer Reef (18-075),18-075,2023-04-09T11:53:00Z,NA,0,a
John Brewer Reef (18-075),18-075,2023-04-09T11:50:00Z,NA,0,a
John Brewer Reef (18-075),18-075,2023-04-09T11:47:00Z,NA,0,a
John Brewer Reef (18-075),18-075,2023-04-09T11:45:00Z,NA,0,a
John Brewer Reef (18-075),18-075,2023-04-09T11:42:00Z,NA,0,p
John Brewer Reef (18-075),18-075,2023-04-09T11:40:00Z,NA,0,a
John Brewer Reef (18-075),18-075,2023-04-09T11:37:00Z,NA,0,a
John Brewer Reef (18-075),18-075,2023-04-09T11:11:00Z,NA,0,a
John Brewer Reef (18-075),18-075,2023-04-09T11:08:00Z,NA,0,a
John Brewer Reef (18-075),18-075,2023-04-09T11:05:00Z,NA,0,a
John Brewer Reef (18-075),18-075,2023-04-09T11:05:00Z,NA,0,a
John Brewer Reef (18-075),18-075,2023-04-09T11:02:00Z,NA,0,a
John Brewer Reef (18-075),18-075,2023-04-09T11:02:00Z,NA,1,p
John Brewer Reef (18-075),18-075,2023-04-09T10:59:00Z,NA,0,a
John Brewer Reef (18-075),18-075,2023-04-09T10:59:00Z,NA,0,a
John Brewer Reef (18-075),18-075,2023-04-09T10:57:00Z,NA,0,a
John Brewer Reef (18-075),18-075,2023-04-09T10:55:00Z,NA,0,a
John Brewer Reef (18-075),18-075,2023-04-09T10:54:00Z,NA,0,a
John Brewer Reef (18-075),18-075,2023-04-09T10:52:00Z,NA,0,a
John Brewer Reef (18-075),18-075,2023-04-09T10:52:00Z,NA,0,a
John Brewer Reef (18-075),18-075,2023-04-09T10:49:00Z,NA,0,a
John Brewer Reef (18-075),18-075,2023-04-09T10:46:00Z,NA,0,p
John Brewer Reef (18-075),18-075,2023-04-09T10:44:00Z,NA,0,a
John Brewer Reef (18-075),18-075,2023-04-09T10:43:00Z,NA,0,a
John Brewer Reef (18-075),18-075,2023-04-09T10:41:00Z,NA,0,a
John Brewer Reef (18-075),18-075,2023-04-09T10:40:00Z,NA,0,a
John Brewer Reef (18-075),18-075,2023-04-09T10:38:00Z,NA,0,a
John Brewer Reef (18-075),18-075,2023-04-09T10:37:00Z,NA,0,a
John Brewer Reef (18-075),18-075,2023-04-09T10:36:00Z,NA,0,a
John Brewer Reef (18-075),18-075,2023-04-09T10:31:00Z,NA,0,a
John Brewer Reef (18-075),18-075,2023-04-09T10:20:00Z,NA,0,a
John Brewer Reef (18-075),18-075,2023-04-09T10:17:00Z,NA,0,a
John Brewer Reef (18-075),18-075,2023-04-09T10:14:00Z,NA,0,a
John Brewer Reef (18-075),18-075,2023-04-09T10:10:00Z,NA,0,a
John Brewer Reef (18-075),18-075,2023-04-09T09:50:00Z,NA,0,a
John Brewer Reef (18-075),18-075,2023-04-09T09:47:00Z,NA,0,a
John Brewer Reef (18-075),18-075,2023-04-09T09:43:00Z,NA,0,a
John Brewer Reef (18-075),18-075,2023-04-09T09:40:00Z,NA,0,a
John Brewer Reef (18-075),18-075,2023-04-09T09:37:00Z,NA,0,a
John Brewer Reef (18-075),18-075,2023-04-09T09:34:00Z,NA,0,a
John Brewer Reef (18-075),18-075,2023-04-09T09:31:00Z,NA,0,p
John Brewer Reef (18-075),18-075,2023-04-09T09:27:00Z,NA,0,a
John Brewer Reef (18-075),18-075,2023-04-09T09:24:00Z,NA,0,a
John Brewer Reef (18-075),18-075,2023-04-09T09:21:00Z,NA,0,a
John Brewer Reef (18-075),18-075,2023-04-09T09:18:00Z,NA,0,a
John Brewer Reef (18-075),18-075,2023-04-09T09:15:00Z,NA,0,a
John Brewer Reef (18-075),18-075,2023-04-09T09:12:00Z,NA,0,a
John Brewer Reef (18-075),18-075,2023-04-09T09:08:00Z,NA,0,a
John Brewer Reef (18-075),18-075,2023-04-09T09:06:00Z,NA,0,a
John Brewer Reef (18-075),18-075,2023-04-09T09:05:00Z,NA,0,a
John Brewer Reef (18-075),18-075,2023-04-09T09:03:00Z,NA,0,a
John Brewer Reef (18-075),18-075,2023-04-09T09:02:00Z,NA,0,a
John Brewer Reef (18-075),18-075,2023-04-09T09:01:00Z,NA,0,a
John Brewer Reef (18-075),18-075,2023-04-09T08:58:00Z,NA,0,a
John Brewer Reef (18-075),18-075,2023-04-09T08:58:00Z,NA,0,a
John Brewer Reef (18-075),18-075,2023-04-09T08:56:00Z,NA,0,a
John Brewer Reef (18-075),18-075,2023-04-09T08:55:00Z,NA,0,a
John Brewer Reef (18-075),18-075,2023-04-09T08:53:00Z,NA,0,a
John Brewer Reef (18-075),18-075,2023-04-09T08:52:00Z,NA,0,a
John Brewer Reef (18-075),18-075,2023-04-09T08:51:00Z,NA,0,a
John Brewer Reef (18-075),18-075,2023-04-09T08:48:00Z,NA,0,a
John Brewer Reef (18-075),18-075,2023-04-09T08:48:00Z,NA,0,a
John Brewer Reef (18-075),18-075,2023-04-09T08:46:00Z,NA,0,a
John Brewer Reef (18-075),18-075,2023-04-09T08:43:00Z,NA,0,a
John Brewer Reef (18-075),18-075,2023-04-09T08:41:00Z,NA,0,a
John Brewer Reef (18-075),18-075,2023-04-09T08:38:00Z,NA,0,a
John Brewer Reef (18-075),18-075,2023-04-09T08:36:00Z,NA,0,a
John Brewer Reef (18-075),18-075,2023-04-09T08:33:00Z,NA,0,a
John Brewer Reef (18-075),18-075,2023-04-09T08:31:00Z,NA,0,a
John Brewer Reef (18-075),18-075,2023-04-09T08:24:00Z,NA,0,a
John Brewer Reef (18-075),18-075,2023-04-09T08:22:00Z,NA,0,a
John Brewer Reef (18-075),18-075,2023-04-09T08:19:00Z,NA,0,a
John Brewer Reef (18-075),18-075,2023-04-09T08:17:00Z,NA,0,a
John Brewer Reef (18-075),18-075,2023-04-09T08:15:00Z,NA,0,a
John Brewer Reef (18-075),18-075,2023-04-09T08:13:00Z,NA,0,a
John Brewer Reef (18-075),18-075,2023-04-09T08:10:00Z,NA,0,a
John Brewer Reef (18-075),18-075,2023-04-09T08:08:00Z,NA,0,a
John Brewer Reef (18-075),18-075,2023-04-09T08:06:00Z,NA,0,a
John Brewer Reef (18-075),18-075,2023-04-09T08:04:00Z,NA,0,a
John Brewer Reef (18-075),18-075,2023-04-09T08:01:00Z,NA,0,p
John Brewer Reef (18-075),18-075,2023-04-09T07:59:00Z,NA,0,a
John Brewer Reef (18-075),18-075,2023-04-09T07:56:00Z,NA,0,a
John Brewer Reef (18-075),18-075,2023-04-09T07:54:00Z,NA,0,a
John Brewer Reef (18-075),18-075,2023-04-09T07:51:00Z,NA,0,a
John Brewer Reef (18-075),18-075,2022-04-02T14:46:00Z,NA,0,a
John Brewer Reef (18-075),18-075,2022-04-02T14:46:00Z,NA,0,a
John Brewer Reef (18-075),18-075,2022-04-02T14:43:00Z,NA,0,a
John Brewer Reef (18-075),18-075,2022-04-02T14:43:00Z,NA,0,a
John Brewer Reef (18-075),18-075,2022-04-02T14:41:00Z,NA,0,a
John Brewer Reef (18-075),18-075,2022-04-02T14:40:00Z,NA,0,a
John Brewer Reef (18-075),18-075,2022-04-02T14:38:00Z,NA,0,a
John Brewer Reef (18-075),18-075,2022-04-02T14:37:00Z,NA,0,a
John Brewer Reef (18-075),18-075,2022-04-02T14:35:00Z,NA,0,a
John Brewer Reef (18-075),18-075,2022-04-02T14:34:00Z,NA,0,a
John Brewer Reef (18-075),18-075,2022-04-02T14:32:00Z,NA,0,a
John Brewer Reef (18-075),18-075,2022-04-02T14:31:00Z,NA,0,a
John Brewer Reef (18-075),18-075,2022-04-02T14:29:00Z,NA,0,a
John Brewer Reef (18-075),18-075,2022-04-02T14:28:00Z,NA,0,a
John Brewer Reef (18-075),18-075,2022-04-02T14:26:00Z,NA,0,a
John Brewer Reef (18-075),18-075,2022-04-02T14:24:00Z,NA,0,a
John Brewer Reef (18-075),18-075,2022-04-02T14:23:00Z,NA,0,a
John Brewer Reef (18-075),18-075,2022-04-02T14:21:00Z,NA,0,a
John Brewer Reef (18-075),18-075,2022-04-02T14:20:00Z,NA,0,a
John Brewer Reef (18-075),18-075,2022-04-02T14:18:00Z,NA,0,a
John Brewer Reef (18-075),18-075,2022-04-02T14:18:00Z,NA,0,a
John Brewer Reef (18-075),18-075,2022-04-02T14:15:00Z,NA,0,a
John Brewer Reef (18-075),18-075,2022-04-02T14:14:00Z,NA,0,a
John Brewer Reef (18-075),18-075,2022-04-02T14:12:00Z,NA,0,a
John Brewer Reef (18-075),18-075,2022-04-02T14:11:00Z,NA,0,a
John Brewer Reef (18-075),18-075,2022-04-02T14:10:00Z,NA,0,a
John Brewer Reef (18-075),18-075,2022-04-02T14:08:00Z,NA,0,a
John Brewer Reef (18-075),18-075,2022-04-02T14:07:00Z,NA,0,a
John Brewer Reef (18-075),18-075,2022-04-02T14:06:00Z,NA,0,a
John Brewer Reef (18-075),18-075,2022-04-02T14:04:00Z,NA,0,a
John Brewer Reef (18-075),18-075,2022-04-02T14:03:00Z,NA,0,a
John Brewer Reef (18-075),18-075,2022-04-02T14:01:00Z,NA,0,a
John Brewer Reef (18-075),18-075,2022-04-02T14:00:00Z,NA,0,a
John Brewer Reef (18-075),18-075,2022-04-02T13:58:00Z,NA,0,a
John Brewer Reef (18-075),18-075,2022-04-02T13:55:00Z,NA,0,a
John Brewer Reef (18-075),18-075,2022-04-02T13:54:00Z,NA,0,a
John Brewer Reef (18-075),18-075,2022-04-02T13:53:00Z,NA,0,a
John Brewer Reef (18-075),18-075,2022-04-02T13:52:00Z,NA,0,a
John Brewer Reef (18-075),18-075,2022-04-02T13:50:00Z,NA,0,a
John Brewer Reef (18-075),18-075,2022-04-02T13:49:00Z,NA,0,a
John Brewer Reef (18-075),18-075,2022-04-02T13:47:00Z,NA,0,a
John Brewer Reef (18-075),18-075,2022-04-02T13:46:00Z,NA,0,a
John Brewer Reef (18-075),18-075,2022-04-02T13:44:00Z,NA,0,a
John Brewer Reef (18-075),18-075,2022-04-02T13:43:00Z,NA,0,a
John Brewer Reef (18-075),18-075,2022-04-02T13:41:00Z,NA,0,a
John Brewer Reef (18-075),18-075,2022-04-02T13:41:00Z,NA,0,a
John Brewer Reef (18-075),18-075,2022-04-02T13:37:00Z,NA,0,a
John Brewer Reef (18-075),18-075,2022-04-02T13:36:00Z,NA,0,a
John Brewer Reef (18-075),18-075,2022-04-02T13:35:00Z,NA,0,a
John Brewer Reef (18-075),18-075,2022-04-02T13:34:00Z,NA,0,a
John Brewer Reef (18-075),18-075,2022-04-02T13:32:00Z,NA,0,a
John Brewer Reef (18-075),18-075,2022-04-02T13:31:00Z,NA,0,a
John Brewer Reef (18-075),18-075,2022-04-02T13:29:00Z,NA,0,a
John Brewer Reef (18-075),18-075,2022-04-02T13:29:00Z,NA,0,a
John Brewer Reef (18-075),18-075,2022-04-02T13:27:00Z,NA,0,a
John Brewer Reef (18-075),18-075,2022-04-02T13:26:00Z,NA,0,a
John Brewer Reef (18-075),18-075,2022-04-02T13:24:00Z,NA,0,p
John Brewer Reef (18-075),18-075,2022-04-02T13:23:00Z,NA,0,a
John Brewer Reef (18-075),18-075,2022-04-02T13:21:00Z,NA,0,p
John Brewer Reef (18-075),18-075,2022-04-02T13:20:00Z,NA,0,a
John Brewer Reef (18-075),18-075,2022-04-02T13:18:00Z,NA,0,a
John Brewer Reef (18-075),18-075,2022-04-02T13:18:00Z,NA,0,a
John Brewer Reef (18-075),18-075,2022-04-02T13:15:00Z,NA,0,a
John Brewer Reef (18-075),18-075,2022-04-02T13:14:00Z,NA,0,a
John Brewer Reef (18-075),18-075,2022-04-02T13:12:00Z,NA,0,a
John Brewer Reef (18-075),18-075,2022-04-02T13:11:00Z,NA,0,a
John Brewer Reef (18-075),18-075,2022-04-02T13:09:00Z,NA,0,a
John Brewer Reef (18-075),18-075,2022-04-02T13:08:00Z,NA,0,a
John Brewer Reef (18-075),18-075,2022-04-02T13:06:00Z,NA,0,a
John Brewer Reef (18-075),18-075,2022-04-02T13:06:00Z,NA,0,a
John Brewer Reef (18-075),18-075,2022-04-02T13:03:00Z,NA,0,a
John Brewer Reef (18-075),18-075,2022-04-02T13:03:00Z,NA,0,a
John Brewer Reef (18-075),18-075,2022-04-02T13:00:00Z,NA,0,a
John Brewer Reef (18-075),18-075,2022-04-02T13:00:00Z,NA,0,a
John Brewer Reef (18-075),18-075,2022-01-24T09:36:00Z,NA,0,a
John Brewer Reef (18-075),18-075,2022-01-24T09:33:00Z,NA,0,a
John Brewer Reef (18-075),18-075,2022-01-24T09:30:00Z,NA,0,a
John Brewer Reef (18-075),18-075,2022-01-24T09:30:00Z,NA,0,a
John Brewer Reef (18-075),18-075,2022-01-24T09:28:00Z,NA,0,a
John Brewer Reef (18-075),18-075,2022-01-24T09:26:00Z,NA,0,a
John Brewer Reef (18-075),18-075,2022-01-24T09:25:00Z,NA,0,a
John Brewer Reef (18-075),18-075,2022-01-24T09:23:00Z,NA,0,a
John Brewer Reef (18-075),18-075,2022-01-24T09:22:00Z,NA,0,a
John Brewer Reef (18-075),18-075,2022-01-24T09:21:00Z,NA,0,a
John Brewer Reef (18-075),18-075,2022-01-24T09:19:00Z,NA,0,a
John Brewer Reef (18-075),18-075,2022-01-24T09:18:00Z,NA,0,a
John Brewer Reef (18-075),18-075,2022-01-24T09:16:00Z,NA,0,a
John Brewer Reef (18-075),18-075,2022-01-24T09:15:00Z,NA,0,a
John Brewer Reef (18-075),18-075,2022-01-24T09:13:00Z,NA,0,a
John Brewer Reef (18-075),18-075,2022-01-24T09:13:00Z,NA,0,a
John Brewer Reef (18-075),18-075,2022-01-24T09:11:00Z,NA,0,a
John Brewer Reef (18-075),18-075,2022-01-24T09:10:00Z,NA,0,a
John Brewer Reef (18-075),18-075,2022-01-24T09:08:00Z,NA,0,a
John Brewer Reef (18-075),18-075,2022-01-24T09:08:00Z,NA,0,a
John Brewer Reef (18-075),18-075,2022-01-24T09:05:00Z,NA,0,a
John Brewer Reef (18-075),18-075,2022-01-24T09:05:00Z,NA,0,a
John Brewer Reef (18-075),18-075,2022-01-24T09:03:00Z,NA,0,a
John Brewer Reef (18-075),18-075,2022-01-24T09:00:00Z,NA,0,a
John Brewer Reef (18-075),18-075,2022-01-24T08:59:00Z,NA,0,a
John Brewer Reef (18-075),18-075,2022-01-24T08:58:00Z,NA,0,a
John Brewer Reef (18-075),18-075,2022-01-24T08:57:00Z,NA,0,a
John Brewer Reef (18-075),18-075,2022-01-24T08:55:00Z,NA,0,a
John Brewer Reef (18-075),18-075,2022-01-24T08:54:00Z,NA,0,a
John Brewer Reef (18-075),18-075,2022-01-24T08:52:00Z,NA,0,a
John Brewer Reef (18-075),18-075,2022-01-24T08:52:00Z,NA,0,a
John Brewer Reef (18-075),18-075,2022-01-24T08:49:00Z,NA,0,a
John Brewer Reef (18-075),18-075,2022-01-24T08:49:00Z,NA,0,a
John Brewer Reef (18-075),18-075,2022-01-24T08:47:00Z,NA,0,a
John Brewer Reef (18-075),18-075,2022-01-24T08:46:00Z,NA,0,a
John Brewer Reef (18-075),18-075,2022-01-24T08:44:00Z,NA,0,a
John Brewer Reef (18-075),18-075,2022-01-24T08:43:00Z,NA,0,a
John Brewer Reef (18-075),18-075,2022-01-24T08:41:00Z,NA,0,a
John Brewer Reef (18-075),18-075,2022-01-24T08:41:00Z,NA,0,a
John Brewer Reef (18-075),18-075,2022-01-24T08:39:00Z,NA,0,a
John Brewer Reef (18-075),18-075,2022-01-24T08:38:00Z,NA,0,a
John Brewer Reef (18-075),18-075,2022-01-24T08:36:00Z,NA,0,a
John Brewer Reef (18-075),18-075,2022-01-24T08:35:00Z,NA,0,a
John Brewer Reef (18-075),18-075,2022-01-24T08:33:00Z,NA,0,a
John Brewer Reef (18-075),18-075,2022-01-24T08:33:00Z,NA,0,a
John Brewer Reef (18-075),18-075,2022-01-24T08:30:00Z,NA,0,a
John Brewer Reef (18-075),18-075,2022-01-24T08:29:00Z,NA,0,a
John Brewer Reef (18-075),18-075,2022-01-24T08:27:00Z,NA,0,a
John Brewer Reef (18-075),18-075,2022-01-24T08:27:00Z,NA,0,a
John Brewer Reef (18-075),18-075,2022-01-24T08:24:00Z,NA,0,a
John Brewer Reef (18-075),18-075,2022-01-24T08:24:00Z,NA,0,a
John Brewer Reef (18-075),18-075,2022-01-24T08:22:00Z,NA,0,a
John Brewer Reef (18-075),18-075,2022-01-24T08:22:00Z,NA,0,a
John Brewer Reef (18-075),18-075,2022-01-24T08:18:00Z,NA,0,a
John Brewer Reef (18-075),18-075,2022-01-24T08:17:00Z,NA,0,a
John Brewer Reef (18-075),18-075,2022-01-24T08:16:00Z,NA,0,a
John Brewer Reef (18-075),18-075,2022-01-24T08:15:00Z,NA,0,a
John Brewer Reef (18-075),18-075,2022-01-24T08:13:00Z,NA,0,a
John Brewer Reef (18-075),18-075,2022-01-24T08:12:00Z,NA,0,a
John Brewer Reef (18-075),18-075,2022-01-24T08:10:00Z,NA,0,a
John Brewer Reef (18-075),18-075,2022-01-24T08:10:00Z,NA,0,a
John Brewer Reef (18-075),18-075,2022-01-24T08:08:00Z,NA,0,a
John Brewer Reef (18-075),18-075,2022-01-24T08:07:00Z,NA,0,a
John Brewer Reef (18-075),18-075,2022-01-24T08:05:00Z,NA,0,a
John Brewer Reef (18-075),18-075,2022-01-24T08:04:00Z,NA,0,a
John Brewer Reef (18-075),18-075,2022-01-24T08:03:00Z,NA,0,a
John Brewer Reef (18-075),18-075,2022-01-24T08:02:00Z,NA,0,a
John Brewer Reef (18-075),18-075,2022-01-24T08:00:00Z,NA,0,a
John Brewer Reef (18-075),18-075,2022-01-24T07:59:00Z,NA,0,a
John Brewer Reef (18-075),18-075,2022-01-24T07:57:00Z,NA,0,a
John Brewer Reef (18-075),18-075,2022-01-24T07:57:00Z,NA,0,a
John Brewer Reef (18-075),18-075,2022-01-24T07:55:00Z,NA,0,a
John Brewer Reef (18-075),18-075,2022-01-24T07:54:00Z,NA,0,a
John Brewer Reef (18-075),18-075,2022-01-24T07:52:00Z,NA,0,a
John Brewer Reef (18-075),18-075,2022-01-24T07:51:00Z,NA,0,a
John Brewer Reef (18-075),18-075,2022-01-24T07:50:00Z,NA,0,a
John Brewer Reef (18-075),18-075,2022-01-24T07:49:00Z,NA,0,p
John Brewer Reef (18-075),18-075,2022-01-24T07:47:00Z,NA,0,a
John Brewer Reef (18-075),18-075,2022-01-24T07:45:00Z,NA,0,a
John Brewer Reef (18-075),18-075,2022-01-24T07:44:00Z,NA,0,a
John Brewer Reef (18-075),18-075,2022-01-24T07:43:00Z,NA,0,p
John Brewer Reef (18-075),18-075,2022-01-24T07:41:00Z,NA,0,a
John Brewer Reef (18-075),18-075,2022-01-24T07:39:00Z,NA,0,a
John Brewer Reef (18-075),18-075,2021-10-25T14:19:00Z,NA,0,a
John Brewer Reef (18-075),18-075,2021-10-25T14:17:00Z,NA,0,a
John Brewer Reef (18-075),18-075,2021-10-25T14:17:00Z,NA,0,a
John Brewer Reef (18-075),18-075,2021-10-25T14:14:00Z,NA,1,p
John Brewer Reef (18-075),18-075,2021-10-25T14:14:00Z,NA,0,a
John Brewer Reef (18-075),18-075,2021-10-25T14:12:00Z,NA,0,a
John Brewer Reef (18-075),18-075,2021-10-25T14:11:00Z,NA,0,a
John Brewer Reef (18-075),18-075,2021-10-25T14:10:00Z,NA,0,a
John Brewer Reef (18-075),18-075,2021-10-25T14:08:00Z,NA,0,p
John Brewer Reef (18-075),18-075,2021-10-25T14:07:00Z,NA,0,a
John Brewer Reef (18-075),18-075,2021-10-25T14:05:00Z,NA,0,a
John Brewer Reef (18-075),18-075,2021-10-25T14:04:00Z,NA,0,a
John Brewer Reef (18-075),18-075,2021-10-25T14:02:00Z,NA,0,a
John Brewer Reef (18-075),18-075,2021-10-25T14:02:00Z,NA,0,a
John Brewer Reef (18-075),18-075,2021-10-25T13:59:00Z,NA,0,a
John Brewer Reef (18-075),18-075,2021-10-25T13:58:00Z,NA,0,a
John Brewer Reef (18-075),18-075,2021-10-25T13:56:00Z,NA,0,a
John Brewer Reef (18-075),18-075,2021-10-25T13:55:00Z,NA,0,a
John Brewer Reef (18-075),18-075,2021-10-25T13:54:00Z,NA,0,a
John Brewer Reef (18-075),18-075,2021-10-25T13:53:00Z,NA,0,a
John Brewer Reef (18-075),18-075,2021-10-25T13:51:00Z,NA,0,a
John Brewer Reef (18-075),18-075,2021-10-25T13:50:00Z,NA,0,a
John Brewer Reef (18-075),18-075,2021-10-25T13:47:00Z,NA,0,a
John Brewer Reef (18-075),18-075,2021-10-25T13:47:00Z,NA,0,p
John Brewer Reef (18-075),18-075,2021-10-25T13:45:00Z,NA,0,a
John Brewer Reef (18-075),18-075,2021-10-25T13:45:00Z,NA,0,a
John Brewer Reef (18-075),18-075,2021-10-25T13:42:00Z,NA,0,a
John Brewer Reef (18-075),18-075,2021-10-25T13:41:00Z,NA,0,a
John Brewer Reef (18-075),18-075,2021-10-25T13:39:00Z,NA,0,p
John Brewer Reef (18-075),18-075,2021-10-25T13:38:00Z,NA,0,a
John Brewer Reef (18-075),18-075,2021-10-25T13:35:00Z,NA,0,a
John Brewer Reef (18-075),18-075,2021-10-25T13:33:00Z,NA,0,a
John Brewer Reef (18-075),18-075,2021-10-25T13:33:00Z,NA,0,a
John Brewer Reef (18-075),18-075,2021-10-25T13:31:00Z,NA,0,a
John Brewer Reef (18-075),18-075,2021-10-25T13:30:00Z,NA,0,a
John Brewer Reef (18-075),18-075,2021-10-25T13:27:00Z,NA,0,a
John Brewer Reef (18-075),18-075,2021-10-25T13:26:00Z,NA,0,a
John Brewer Reef (18-075),18-075,2021-10-25T13:24:00Z,NA,0,p
John Brewer Reef (18-075),18-075,2021-10-25T13:20:00Z,NA,0,a
John Brewer Reef (18-075),18-075,2021-10-25T13:17:00Z,NA,0,a
John Brewer Reef (18-075),18-075,2021-10-25T13:15:00Z,NA,0,a
John Brewer Reef (18-075),18-075,2021-10-25T13:11:00Z,NA,0,a
John Brewer Reef (18-075),18-075,2021-10-25T13:08:00Z,NA,0,a
John Brewer Reef (18-075),18-075,2021-10-25T13:05:00Z,NA,0,a
John Brewer Reef (18-075),18-075,2021-10-25T13:02:00Z,NA,0,p
John Brewer Reef (18-075),18-075,2021-10-25T12:59:00Z,NA,0,a
John Brewer Reef (18-075),18-075,2021-10-25T12:54:00Z,NA,0,a
John Brewer Reef (18-075),18-075,2021-10-25T12:51:00Z,NA,0,a
John Brewer Reef (18-075),18-075,2021-10-25T12:48:00Z,NA,0,a
John Brewer Reef (18-075),18-075,2021-10-25T12:45:00Z,NA,0,a
John Brewer Reef (18-075),18-075,2021-10-25T12:42:00Z,NA,0,a
John Brewer Reef (18-075),18-075,2021-10-25T12:39:00Z,NA,0,a
John Brewer Reef (18-075),18-075,2021-10-25T12:35:00Z,NA,0,a
John Brewer Reef (18-075),18-075,2021-10-25T12:32:00Z,NA,0,a
John Brewer Reef (18-075),18-075,2021-10-25T12:29:00Z,NA,0,a
John Brewer Reef (18-075),18-075,2021-10-25T12:26:00Z,NA,0,a
John Brewer Reef (18-075),18-075,2021-10-25T12:23:00Z,NA,0,a
John Brewer Reef (18-075),18-075,2021-10-25T12:19:00Z,NA,0,p
John Brewer Reef (18-075),18-075,2021-10-08T10:15:00Z,NA,0,a
John Brewer Reef (18-075),18-075,2021-10-08T10:14:00Z,NA,0,a
John Brewer Reef (18-075),18-075,2021-10-08T10:12:00Z,NA,0,a
John Brewer Reef (18-075),18-075,2021-10-08T10:12:00Z,NA,0,a
John Brewer Reef (18-075),18-075,2021-10-08T10:10:00Z,NA,0,a
John Brewer Reef (18-075),18-075,2021-10-08T10:08:00Z,NA,0,a
John Brewer Reef (18-075),18-075,2021-10-08T10:07:00Z,NA,0,a
John Brewer Reef (18-075),18-075,2021-10-08T10:05:00Z,NA,0,a
John Brewer Reef (18-075),18-075,2021-10-08T10:04:00Z,NA,0,a
John Brewer Reef (18-075),18-075,2021-10-08T10:02:00Z,NA,0,a
John Brewer Reef (18-075),18-075,2021-10-08T10:00:00Z,NA,0,a
John Brewer Reef (18-075),18-075,2021-10-08T09:59:00Z,NA,0,a
John Brewer Reef (18-075),18-075,2021-10-08T09:58:00Z,NA,0,a
John Brewer Reef (18-075),18-075,2021-10-08T09:56:00Z,NA,0,a
John Brewer Reef (18-075),18-075,2021-10-08T09:55:00Z,NA,0,a
John Brewer Reef (18-075),18-075,2021-10-08T09:53:00Z,NA,0,a
John Brewer Reef (18-075),18-075,2021-10-08T09:53:00Z,NA,0,a
John Brewer Reef (18-075),18-075,2021-10-08T09:50:00Z,NA,0,a
John Brewer Reef (18-075),18-075,2021-10-08T09:47:00Z,NA,0,a
John Brewer Reef (18-075),18-075,2021-10-08T09:47:00Z,NA,0,p
John Brewer Reef (18-075),18-075,2021-10-08T09:45:00Z,NA,0,a
John Brewer Reef (18-075),18-075,2021-10-08T09:44:00Z,NA,0,p
John Brewer Reef (18-075),18-075,2021-10-08T09:42:00Z,NA,0,a
John Brewer Reef (18-075),18-075,2021-10-08T09:41:00Z,NA,0,a
John Brewer Reef (18-075),18-075,2021-10-08T09:38:00Z,NA,0,p
John Brewer Reef (18-075),18-075,2021-10-08T09:37:00Z,NA,0,a
John Brewer Reef (18-075),18-075,2021-10-08T09:35:00Z,NA,0,a
John Brewer Reef (18-075),18-075,2021-10-08T09:35:00Z,NA,0,p
John Brewer Reef (18-075),18-075,2021-10-08T09:32:00Z,NA,0,a
John Brewer Reef (18-075),18-075,2021-10-08T09:32:00Z,NA,0,a
John Brewer Reef (18-075),18-075,2021-10-08T09:30:00Z,NA,0,a
John Brewer Reef (18-075),18-075,2021-10-08T09:27:00Z,NA,0,a
John Brewer Reef (18-075),18-075,2021-10-08T09:27:00Z,NA,0,a
John Brewer Reef (18-075),18-075,2021-10-08T09:24:00Z,NA,0,a
John Brewer Reef (18-075),18-075,2021-10-08T09:22:00Z,NA,0,a
John Brewer Reef (18-075),18-075,2021-10-08T09:22:00Z,NA,0,a
John Brewer Reef (18-075),18-075,2021-10-08T09:20:00Z,NA,0,a
John Brewer Reef (18-075),18-075,2021-10-08T09:19:00Z,NA,0,p
John Brewer Reef (18-075),18-075,2021-10-08T09:17:00Z,NA,0,a
John Brewer Reef (18-075),18-075,2021-10-08T09:16:00Z,NA,0,p
John Brewer Reef (18-075),18-075,2021-10-08T09:14:00Z,NA,0,a
John Brewer Reef (18-075),18-075,2021-10-08T09:12:00Z,NA,0,a
John Brewer Reef (18-075),18-075,2021-10-08T09:12:00Z,NA,0,a
John Brewer Reef (18-075),18-075,2021-10-08T09:10:00Z,NA,0,a
John Brewer Reef (18-075),18-075,2021-10-08T09:09:00Z,NA,0,a
John Brewer Reef (18-075),18-075,2021-10-08T09:06:00Z,NA,0,a
John Brewer Reef (18-075),18-075,2021-10-08T09:04:00Z,NA,0,a
John Brewer Reef (18-075),18-075,2021-10-08T09:03:00Z,NA,0,a
John Brewer Reef (18-075),18-075,2021-10-08T09:01:00Z,NA,0,a
John Brewer Reef (18-075),18-075,2021-10-08T09:01:00Z,NA,0,p
John Brewer Reef (18-075),18-075,2021-10-08T08:58:00Z,NA,0,a
John Brewer Reef (18-075),18-075,2021-10-08T08:58:00Z,NA,0,a
John Brewer Reef (18-075),18-075,2021-10-08T08:56:00Z,NA,0,a
John Brewer Reef (18-075),18-075,2021-10-08T08:54:00Z,NA,0,p
John Brewer Reef (18-075),18-075,2021-10-08T08:53:00Z,NA,0,a
John Brewer Reef (18-075),18-075,2021-10-08T08:50:00Z,NA,0,a
John Brewer Reef (18-075),18-075,2021-10-08T08:50:00Z,NA,0,p
John Brewer Reef (18-075),18-075,2021-10-08T08:48:00Z,NA,0,a
John Brewer Reef (18-075),18-075,2021-10-08T08:46:00Z,NA,0,c
John Brewer Reef (18-075),18-075,2021-10-08T08:43:00Z,NA,0,a
John Brewer Reef (18-075),18-075,2021-10-08T08:41:00Z,NA,0,a
John Brewer Reef (18-075),18-075,2021-10-08T08:41:00Z,NA,0,p
John Brewer Reef (18-075),18-075,2021-10-08T08:38:00Z,NA,0,a
John Brewer Reef (18-075),18-075,2021-10-08T08:35:00Z,NA,0,a
John Brewer Reef (18-075),18-075,2021-10-08T08:35:00Z,NA,0,p
John Brewer Reef (18-075),18-075,2021-10-08T08:32:00Z,NA,0,a
John Brewer Reef (18-075),18-075,2021-10-08T08:31:00Z,NA,0,p
John Brewer Reef (18-075),18-075,2021-10-08T08:29:00Z,NA,0,a
John Brewer Reef (18-075),18-075,2021-10-08T08:28:00Z,NA,0,p
John Brewer Reef (18-075),18-075,2021-10-08T08:26:00Z,NA,0,p
John Brewer Reef (18-075),18-075,2021-10-08T08:25:00Z,NA,0,a
John Brewer Reef (18-075),18-075,2021-10-08T08:23:00Z,NA,0,a
John Brewer Reef (18-075),18-075,2021-10-08T08:20:00Z,NA,0,a
John Brewer Reef (18-075),18-075,2021-10-08T08:17:00Z,NA,0,a
John Brewer Reef (18-075),18-075,2021-10-08T08:17:00Z,NA,0,c
John Brewer Reef (18-075),18-075,2021-09-06T09:58:00Z,NA,0,a
John Brewer Reef (18-075),18-075,2021-09-06T09:56:00Z,NA,0,a
John Brewer Reef (18-075),18-075,2021-09-06T09:53:00Z,NA,0,a
John Brewer Reef (18-075),18-075,2021-09-06T09:52:00Z,NA,0,a
John Brewer Reef (18-075),18-075,2021-09-06T09:51:00Z,NA,0,a
John Brewer Reef (18-075),18-075,2021-09-06T09:49:00Z,NA,0,p
John Brewer Reef (18-075),18-075,2021-09-06T09:48:00Z,NA,0,a
John Brewer Reef (18-075),18-075,2021-09-06T09:46:00Z,NA,0,a
John Brewer Reef (18-075),18-075,2021-09-06T09:45:00Z,NA,0,p
John Brewer Reef (18-075),18-075,2021-09-06T09:44:00Z,NA,0,a
John Brewer Reef (18-075),18-075,2021-09-06T09:43:00Z,NA,0,a
John Brewer Reef (18-075),18-075,2021-09-06T09:41:00Z,NA,0,a
John Brewer Reef (18-075),18-075,2021-09-06T09:40:00Z,NA,0,a
John Brewer Reef (18-075),18-075,2021-09-06T09:37:00Z,NA,0,a
John Brewer Reef (18-075),18-075,2021-09-06T09:35:00Z,NA,0,a
John Brewer Reef (18-075),18-075,2021-09-06T09:29:00Z,NA,0,p
John Brewer Reef (18-075),18-075,2021-09-06T09:26:00Z,NA,0,p
John Brewer Reef (18-075),18-075,2021-09-06T09:23:00Z,NA,0,a
John Brewer Reef (18-075),18-075,2021-09-06T09:21:00Z,NA,0,a
John Brewer Reef (18-075),18-075,2021-09-06T09:18:00Z,NA,0,a
John Brewer Reef (18-075),18-075,2021-09-06T09:14:00Z,NA,0,a
John Brewer Reef (18-075),18-075,2021-09-06T09:11:00Z,NA,0,a
John Brewer Reef (18-075),18-075,2021-09-06T09:08:00Z,NA,0,p
John Brewer Reef (18-075),18-075,2021-09-06T09:05:00Z,NA,0,p
John Brewer Reef (18-075),18-075,2021-09-06T09:02:00Z,NA,0,a
John Brewer Reef (18-075),18-075,2021-09-06T09:01:00Z,NA,0,a
John Brewer Reef (18-075),18-075,2021-09-06T09:00:00Z,NA,0,a
John Brewer Reef (18-075),18-075,2021-09-06T08:58:00Z,NA,0,a
John Brewer Reef (18-075),18-075,2021-09-06T08:56:00Z,NA,0,p
John Brewer Reef (18-075),18-075,2021-09-06T08:55:00Z,NA,0,a
John Brewer Reef (18-075),18-075,2021-09-06T08:54:00Z,NA,0,a
John Brewer Reef (18-075),18-075,2021-09-06T08:52:00Z,NA,0,p
John Brewer Reef (18-075),18-075,2021-09-06T08:51:00Z,NA,0,a
John Brewer Reef (18-075),18-075,2021-09-06T08:48:00Z,NA,0,a
John Brewer Reef (18-075),18-075,2021-09-06T08:45:00Z,NA,0,a
John Brewer Reef (18-075),18-075,2021-09-06T08:43:00Z,NA,0,p
John Brewer Reef (18-075),18-075,2021-09-06T08:40:00Z,NA,0,a
John Brewer Reef (18-075),18-075,2021-09-06T08:37:00Z,NA,0,a
John Brewer Reef (18-075),18-075,2021-09-06T08:35:00Z,NA,0,a
John Brewer Reef (18-075),18-075,2021-09-06T08:32:00Z,NA,0,a
John Brewer Reef (18-075),18-075,2021-09-06T08:27:00Z,NA,0,p
John Brewer Reef (18-075),18-075,2021-09-06T08:25:00Z,NA,0,a
John Brewer Reef (18-075),18-075,2021-09-06T08:25:00Z,NA,0,p
John Brewer Reef (18-075),18-075,2021-09-06T08:22:00Z,NA,0,c
John Brewer Reef (18-075),18-075,2021-09-06T08:21:00Z,NA,0,a
John Brewer Reef (18-075),18-075,2021-09-06T08:19:00Z,NA,0,p
John Brewer Reef (18-075),18-075,2021-09-06T08:18:00Z,NA,0,a
John Brewer Reef (18-075),18-075,2021-09-06T08:16:00Z,NA,0,c
John Brewer Reef (18-075),18-075,2021-09-06T08:15:00Z,NA,0,p
John Brewer Reef (18-075),18-075,2021-09-06T08:13:00Z,NA,0,p
John Brewer Reef (18-075),18-075,2021-09-06T08:11:00Z,NA,0,a
John Brewer Reef (18-075),18-075,2021-09-06T08:11:00Z,NA,0,a
John Brewer Reef (18-075),18-075,2021-09-06T08:07:00Z,NA,0,a
John Brewer Reef (18-075),18-075,2021-09-06T08:07:00Z,NA,0,p
John Brewer Reef (18-075),18-075,2021-09-06T08:04:00Z,NA,0,p
John Brewer Reef (18-075),18-075,2021-09-06T08:02:00Z,NA,0,p
John Brewer Reef (18-075),18-075,2021-09-06T08:02:00Z,NA,0,p
John Brewer Reef (18-075),18-075,2021-09-06T07:59:00Z,NA,0,p
John Brewer Reef (18-075),18-075,2021-09-06T07:57:00Z,NA,0,a
John Brewer Reef (18-075),18-075,2021-09-06T07:55:00Z,NA,0,p
John Brewer Reef (18-075),18-075,2021-09-06T07:55:00Z,NA,0,a
John Brewer Reef (18-075),18-075,2021-09-06T07:52:00Z,NA,0,a
John Brewer Reef (18-075),18-075,2021-09-06T07:52:00Z,NA,0,a
John Brewer Reef (18-075),18-075,2021-09-06T07:49:00Z,NA,0,a
John Brewer Reef (18-075),18-075,2021-09-06T07:48:00Z,NA,0,a
John Brewer Reef (18-075),18-075,2021-09-06T07:46:00Z,NA,0,p
John Brewer Reef (18-075),18-075,2021-09-06T07:46:00Z,NA,0,a
John Brewer Reef (18-075),18-075,2021-09-06T07:43:00Z,NA,0,p
John Brewer Reef (18-075),18-075,2021-09-06T07:43:00Z,NA,0,a
John Brewer Reef (18-075),18-075,2021-09-06T07:41:00Z,NA,0,p
John Brewer Reef (18-075),18-075,2021-09-06T07:40:00Z,NA,0,a
John Brewer Reef (18-075),18-075,2021-09-06T07:38:00Z,NA,0,c
John Brewer Reef (18-075),18-075,2021-09-06T07:37:00Z,NA,0,a
John Brewer Reef (18-075),18-075,2021-09-06T07:36:00Z,NA,0,c
John Brewer Reef (18-075),18-075,2021-09-06T07:34:00Z,NA,0,a
John Brewer Reef (18-075),18-075,2021-09-06T07:33:00Z,NA,0,p
John Brewer Reef (18-075),18-075,2021-09-06T07:32:00Z,NA,0,a
John Brewer Reef (18-075),18-075,2021-09-06T07:31:00Z,NA,0,p
John Brewer Reef (18-075),18-075,2021-09-06T07:28:00Z,NA,0,p
John Brewer Reef (18-075),18-075,2021-09-06T07:23:00Z,NA,0,a
John Brewer Reef (18-075),18-075,2021-04-12T10:07:00Z,NA,0,a
John Brewer Reef (18-075),18-075,2021-04-12T10:06:00Z,NA,0,a
John Brewer Reef (18-075),18-075,2021-04-12T10:04:00Z,NA,0,a
John Brewer Reef (18-075),18-075,2021-04-12T10:03:00Z,NA,0,p
John Brewer Reef (18-075),18-075,2021-04-12T10:02:00Z,NA,0,p
John Brewer Reef (18-075),18-075,2021-04-12T10:01:00Z,NA,0,p
John Brewer Reef (18-075),18-075,2021-04-12T09:58:00Z,NA,0,a
John Brewer Reef (18-075),18-075,2021-04-12T09:58:00Z,NA,0,p
John Brewer Reef (18-075),18-075,2021-04-12T09:55:00Z,NA,0,p
John Brewer Reef (18-075),18-075,2021-04-12T09:55:00Z,NA,0,p
John Brewer Reef (18-075),18-075,2021-04-12T09:53:00Z,NA,0,a
John Brewer Reef (18-075),18-075,2021-04-12T09:52:00Z,NA,0,a
John Brewer Reef (18-075),18-075,2021-04-12T09:50:00Z,NA,0,p
John Brewer Reef (18-075),18-075,2021-04-12T09:49:00Z,NA,0,a
John Brewer Reef (18-075),18-075,2021-04-12T09:47:00Z,NA,0,a
John Brewer Reef (18-075),18-075,2021-04-12T09:45:00Z,NA,0,a
John Brewer Reef (18-075),18-075,2021-04-12T09:41:00Z,NA,0,a
John Brewer Reef (18-075),18-075,2021-04-12T09:39:00Z,NA,0,a
John Brewer Reef (18-075),18-075,2021-04-12T09:38:00Z,NA,0,a
John Brewer Reef (18-075),18-075,2021-04-12T09:36:00Z,NA,0,a
John Brewer Reef (18-075),18-075,2021-04-12T09:33:00Z,NA,0,a
John Brewer Reef (18-075),18-075,2021-04-12T09:32:00Z,NA,0,a
John Brewer Reef (18-075),18-075,2021-04-12T09:29:00Z,NA,0,a
John Brewer Reef (18-075),18-075,2021-04-12T09:29:00Z,NA,0,p
John Brewer Reef (18-075),18-075,2021-04-12T09:27:00Z,NA,0,a
John Brewer Reef (18-075),18-075,2021-04-12T09:25:00Z,NA,0,a
John Brewer Reef (18-075),18-075,2021-04-12T09:24:00Z,NA,0,a
John Brewer Reef (18-075),18-075,2021-04-12T09:23:00Z,NA,0,a
John Brewer Reef (18-075),18-075,2021-04-12T09:21:00Z,NA,0,p
John Brewer Reef (18-075),18-075,2021-04-12T09:20:00Z,NA,0,a
John Brewer Reef (18-075),18-075,2021-04-12T09:19:00Z,NA,0,a
John Brewer Reef (18-075),18-075,2021-04-12T09:17:00Z,NA,0,a
John Brewer Reef (18-075),18-075,2021-04-12T09:16:00Z,NA,0,p
John Brewer Reef (18-075),18-075,2021-04-12T09:14:00Z,NA,0,a
John Brewer Reef (18-075),18-075,2021-04-12T09:13:00Z,NA,0,p
John Brewer Reef (18-075),18-075,2021-04-12T09:11:00Z,NA,0,a
John Brewer Reef (18-075),18-075,2021-04-12T09:06:00Z,NA,1,p
John Brewer Reef (18-075),18-075,2021-04-12T09:05:00Z,NA,0,a
John Brewer Reef (18-075),18-075,2021-04-12T09:04:00Z,NA,0,p
John Brewer Reef (18-075),18-075,2021-04-12T09:02:00Z,NA,0,a
John Brewer Reef (18-075),18-075,2021-04-12T09:01:00Z,NA,1,p
John Brewer Reef (18-075),18-075,2021-04-12T09:00:00Z,NA,0,a
John Brewer Reef (18-075),18-075,2021-04-12T08:58:00Z,NA,0,a
John Brewer Reef (18-075),18-075,2021-04-12T08:57:00Z,NA,0,a
John Brewer Reef (18-075),18-075,2021-04-12T08:55:00Z,NA,0,a
John Brewer Reef (18-075),18-075,2021-04-12T08:54:00Z,NA,0,a
John Brewer Reef (18-075),18-075,2021-04-12T08:52:00Z,NA,0,a
John Brewer Reef (18-075),18-075,2021-04-12T08:51:00Z,NA,0,a
John Brewer Reef (18-075),18-075,2021-04-12T08:49:00Z,NA,0,a
John Brewer Reef (18-075),18-075,2021-04-12T08:48:00Z,NA,0,a
John Brewer Reef (18-075),18-075,2021-04-12T08:47:00Z,NA,0,a
John Brewer Reef (18-075),18-075,2021-04-12T08:46:00Z,NA,0,a
John Brewer Reef (18-075),18-075,2021-04-12T08:44:00Z,NA,0,a
John Brewer Reef (18-075),18-075,2021-04-12T08:43:00Z,NA,2,p
John Brewer Reef (18-075),18-075,2021-04-12T08:41:00Z,NA,0,a
John Brewer Reef (18-075),18-075,2021-04-12T08:40:00Z,NA,0,a
John Brewer Reef (18-075),18-075,2021-04-12T08:36:00Z,NA,0,a
John Brewer Reef (18-075),18-075,2021-04-12T08:35:00Z,NA,0,a
John Brewer Reef (18-075),18-075,2021-04-12T08:33:00Z,NA,0,a
John Brewer Reef (18-075),18-075,2021-04-12T08:32:00Z,NA,0,a
John Brewer Reef (18-075),18-075,2021-04-12T08:31:00Z,NA,0,a
John Brewer Reef (18-075),18-075,2021-04-12T08:30:00Z,NA,0,a
John Brewer Reef (18-075),18-075,2021-04-12T08:28:00Z,NA,0,a
John Brewer Reef (18-075),18-075,2021-04-12T08:27:00Z,NA,0,a
John Brewer Reef (18-075),18-075,2021-04-12T08:24:00Z,NA,0,a
John Brewer Reef (18-075),18-075,2021-04-12T08:23:00Z,NA,0,a
John Brewer Reef (18-075),18-075,2021-04-12T08:21:00Z,NA,0,a
John Brewer Reef (18-075),18-075,2021-04-12T08:21:00Z,NA,0,a
John Brewer Reef (18-075),18-075,2021-04-12T08:18:00Z,NA,0,a
John Brewer Reef (18-075),18-075,2021-04-12T08:18:00Z,NA,0,a
John Brewer Reef (18-075),18-075,2021-04-12T08:15:00Z,NA,0,a
John Brewer Reef (18-075),18-075,2021-04-12T08:15:00Z,NA,0,a
John Brewer Reef (18-075),18-075,2021-04-12T08:13:00Z,NA,0,a
John Brewer Reef (18-075),18-075,2021-04-12T08:12:00Z,NA,0,a
John Brewer Reef (18-075),18-075,2021-04-12T08:10:00Z,NA,0,a
John Brewer Reef (18-075),18-075,2021-04-12T08:10:00Z,NA,0,a
John Brewer Reef (18-075),18-075,2021-01-26T10:01:00Z,NA,0,a
John Brewer Reef (18-075),18-075,2021-01-26T10:01:00Z,NA,0,a
John Brewer Reef (18-075),18-075,2021-01-26T09:59:00Z,NA,0,a
John Brewer Reef (18-075),18-075,2021-01-26T09:58:00Z,NA,0,a
John Brewer Reef (18-075),18-075,2021-01-26T09:57:00Z,NA,0,a
John Brewer Reef (18-075),18-075,2021-01-26T09:56:00Z,NA,0,a
John Brewer Reef (18-075),18-075,2021-01-26T09:55:00Z,NA,0,a
John Brewer Reef (18-075),18-075,2021-01-26T09:53:00Z,NA,0,a
John Brewer Reef (18-075),18-075,2021-01-26T09:52:00Z,NA,0,a
John Brewer Reef (18-075),18-075,2021-01-26T09:51:00Z,NA,0,p
John Brewer Reef (18-075),18-075,2021-01-26T09:50:00Z,NA,0,a
John Brewer Reef (18-075),18-075,2021-01-26T09:48:00Z,NA,0,a
John Brewer Reef (18-075),18-075,2021-01-26T09:48:00Z,NA,0,a
John Brewer Reef (18-075),18-075,2021-01-26T09:46:00Z,NA,0,p
John Brewer Reef (18-075),18-075,2021-01-26T09:45:00Z,NA,0,a
John Brewer Reef (18-075),18-075,2021-01-26T09:42:00Z,NA,0,a
John Brewer Reef (18-075),18-075,2021-01-26T09:40:00Z,NA,0,a
John Brewer Reef (18-075),18-075,2021-01-26T09:39:00Z,NA,0,p
John Brewer Reef (18-075),18-075,2021-01-26T09:37:00Z,NA,0,a
John Brewer Reef (18-075),18-075,2021-01-26T09:36:00Z,NA,0,p
John Brewer Reef (18-075),18-075,2021-01-26T09:34:00Z,NA,0,p
John Brewer Reef (18-075),18-075,2021-01-26T09:32:00Z,NA,0,a
John Brewer Reef (18-075),18-075,2021-01-26T09:31:00Z,NA,0,p
John Brewer Reef (18-075),18-075,2021-01-26T09:30:00Z,NA,0,a
John Brewer Reef (18-075),18-075,2021-01-26T09:28:00Z,NA,0,p
John Brewer Reef (18-075),18-075,2021-01-26T09:27:00Z,NA,0,p
John Brewer Reef (18-075),18-075,2021-01-26T09:25:00Z,NA,0,p
John Brewer Reef (18-075),18-075,2021-01-26T09:25:00Z,NA,0,a
John Brewer Reef (18-075),18-075,2021-01-26T09:22:00Z,NA,0,p
John Brewer Reef (18-075),18-075,2021-01-26T09:22:00Z,NA,0,p
John Brewer Reef (18-075),18-075,2021-01-26T09:20:00Z,NA,0,p
John Brewer Reef (18-075),18-075,2021-01-26T09:19:00Z,NA,0,p
John Brewer Reef (18-075),18-075,2021-01-26T09:17:00Z,NA,0,p
John Brewer Reef (18-075),18-075,2021-01-26T09:16:00Z,NA,0,p
John Brewer Reef (18-075),18-075,2021-01-26T09:14:00Z,NA,0,a
John Brewer Reef (18-075),18-075,2021-01-26T09:12:00Z,NA,0,p
John Brewer Reef (18-075),18-075,2021-01-26T09:12:00Z,NA,0,a
John Brewer Reef (18-075),18-075,2021-01-26T09:10:00Z,NA,0,p
John Brewer Reef (18-075),18-075,2021-01-26T09:09:00Z,NA,0,p
John Brewer Reef (18-075),18-075,2021-01-26T09:07:00Z,NA,0,p
John Brewer Reef (18-075),18-075,2021-01-26T09:06:00Z,NA,0,p
John Brewer Reef (18-075),18-075,2021-01-26T09:04:00Z,NA,0,p
John Brewer Reef (18-075),18-075,2021-01-26T09:03:00Z,NA,0,a
John Brewer Reef (18-075),18-075,2021-01-26T09:01:00Z,NA,0,p
John Brewer Reef (18-075),18-075,2021-01-26T09:01:00Z,NA,0,p
John Brewer Reef (18-075),18-075,2021-01-26T08:59:00Z,NA,0,p
John Brewer Reef (18-075),18-075,2021-01-26T08:58:00Z,NA,0,p
John Brewer Reef (18-075),18-075,2021-01-26T08:56:00Z,NA,0,p
John Brewer Reef (18-075),18-075,2021-01-26T08:55:00Z,NA,0,p
John Brewer Reef (18-075),18-075,2021-01-26T08:53:00Z,NA,0,p
John Brewer Reef (18-075),18-075,2021-01-26T08:53:00Z,NA,0,p
John Brewer Reef (18-075),18-075,2021-01-26T08:51:00Z,NA,0,p
John Brewer Reef (18-075),18-075,2021-01-26T08:50:00Z,NA,0,p
John Brewer Reef (18-075),18-075,2021-01-26T08:48:00Z,NA,0,p
John Brewer Reef (18-075),18-075,2021-01-26T08:48:00Z,NA,0,p
John Brewer Reef (18-075),18-075,2021-01-26T08:45:00Z,NA,0,p
John Brewer Reef (18-075),18-075,2021-01-26T08:45:00Z,NA,0,p
John Brewer Reef (18-075),18-075,2021-01-26T08:43:00Z,NA,0,a
John Brewer Reef (18-075),18-075,2021-01-26T08:30:00Z,NA,0,p
John Brewer Reef (18-075),18-075,2021-01-26T08:27:00Z,NA,0,p
John Brewer Reef (18-075),18-075,2021-01-26T08:26:00Z,NA,0,p
John Brewer Reef (18-075),18-075,2021-01-26T08:24:00Z,NA,0,c
John Brewer Reef (18-075),18-075,2021-01-26T08:24:00Z,NA,0,p
John Brewer Reef (18-075),18-075,2021-01-26T08:22:00Z,NA,0,p
John Brewer Reef (18-075),18-075,2021-01-26T08:20:00Z,NA,0,p
John Brewer Reef (18-075),18-075,2021-01-26T08:19:00Z,NA,0,p
John Brewer Reef (18-075),18-075,2021-01-26T08:17:00Z,NA,0,p
John Brewer Reef (18-075),18-075,2021-01-26T08:17:00Z,NA,0,p
John Brewer Reef (18-075),18-075,2021-01-26T08:14:00Z,NA,0,p
John Brewer Reef (18-075),18-075,2021-01-26T08:14:00Z,NA,0,p
John Brewer Reef (18-075),18-075,2021-01-26T08:12:00Z,NA,0,p
John Brewer Reef (18-075),18-075,2021-01-26T08:11:00Z,NA,0,p
John Brewer Reef (18-075),18-075,2021-01-26T08:09:00Z,NA,0,p
John Brewer Reef (18-075),18-075,2021-01-26T08:09:00Z,NA,0,p
John Brewer Reef (18-075),18-075,2021-01-26T08:06:00Z,NA,0,c
John Brewer Reef (18-075),18-075,2021-01-26T08:06:00Z,NA,0,p
John Brewer Reef (18-075),18-075,2021-01-26T08:03:00Z,NA,0,p
John Brewer Reef (18-075),18-075,2021-01-26T08:03:00Z,NA,0,p
John Brewer Reef (18-075),18-075,2020-11-30T10:14:00Z,NA,0,a
John Brewer Reef (18-075),18-075,2020-11-30T10:13:00Z,NA,0,a
John Brewer Reef (18-075),18-075,2020-11-30T10:11:00Z,NA,0,a
John Brewer Reef (18-075),18-075,2020-11-30T10:10:00Z,NA,0,a
John Brewer Reef (18-075),18-075,2020-11-30T10:08:00Z,NA,0,a
John Brewer Reef (18-075),18-075,2020-11-30T10:07:00Z,NA,0,a
John Brewer Reef (18-075),18-075,2020-11-30T10:05:00Z,NA,0,a
John Brewer Reef (18-075),18-075,2020-11-30T10:05:00Z,NA,0,a
John Brewer Reef (18-075),18-075,2020-11-30T10:02:00Z,NA,0,a
John Brewer Reef (18-075),18-075,2020-11-30T10:00:00Z,NA,1,p
John Brewer Reef (18-075),18-075,2020-11-30T09:59:00Z,NA,0,a
John Brewer Reef (18-075),18-075,2020-11-30T09:57:00Z,NA,0,a
John Brewer Reef (18-075),18-075,2020-11-30T09:53:00Z,NA,0,a
John Brewer Reef (18-075),18-075,2020-11-30T09:50:00Z,NA,0,a
John Brewer Reef (18-075),18-075,2020-11-30T09:46:00Z,NA,0,a
John Brewer Reef (18-075),18-075,2020-11-30T09:40:00Z,NA,0,a
John Brewer Reef (18-075),18-075,2020-11-30T09:38:00Z,NA,0,a
John Brewer Reef (18-075),18-075,2020-11-30T09:38:00Z,NA,0,a
John Brewer Reef (18-075),18-075,2020-11-30T09:35:00Z,NA,0,a
John Brewer Reef (18-075),18-075,2020-11-30T09:35:00Z,NA,0,p
John Brewer Reef (18-075),18-075,2020-11-30T09:32:00Z,NA,0,a
John Brewer Reef (18-075),18-075,2020-11-30T09:32:00Z,NA,0,p
John Brewer Reef (18-075),18-075,2020-11-30T09:29:00Z,NA,0,a
John Brewer Reef (18-075),18-075,2020-11-30T09:29:00Z,NA,0,p
John Brewer Reef (18-075),18-075,2020-11-30T09:27:00Z,NA,0,a
John Brewer Reef (18-075),18-075,2020-11-30T09:25:00Z,NA,2,p
John Brewer Reef (18-075),18-075,2020-11-30T09:24:00Z,NA,0,a
John Brewer Reef (18-075),18-075,2020-11-30T09:22:00Z,NA,0,a
John Brewer Reef (18-075),18-075,2020-11-30T09:21:00Z,NA,0,a
John Brewer Reef (18-075),18-075,2020-11-30T09:19:00Z,NA,0,a
John Brewer Reef (18-075),18-075,2020-11-30T09:16:00Z,NA,0,a
John Brewer Reef (18-075),18-075,2020-11-30T09:16:00Z,NA,0,a
John Brewer Reef (18-075),18-075,2020-11-30T09:13:00Z,NA,0,a
John Brewer Reef (18-075),18-075,2020-11-30T09:13:00Z,NA,0,p
John Brewer Reef (18-075),18-075,2020-11-30T09:10:00Z,NA,0,a
John Brewer Reef (18-075),18-075,2020-11-30T09:09:00Z,NA,0,a
John Brewer Reef (18-075),18-075,2020-11-30T09:06:00Z,NA,0,a
John Brewer Reef (18-075),18-075,2020-11-30T09:06:00Z,NA,0,a
John Brewer Reef (18-075),18-075,2020-11-30T09:03:00Z,NA,0,a
John Brewer Reef (18-075),18-075,2020-11-30T09:03:00Z,NA,0,a
John Brewer Reef (18-075),18-075,2020-11-30T09:00:00Z,NA,0,a
John Brewer Reef (18-075),18-075,2020-11-30T09:00:00Z,NA,0,a
John Brewer Reef (18-075),18-075,2020-11-30T08:57:00Z,NA,0,a
John Brewer Reef (18-075),18-075,2020-11-30T08:57:00Z,NA,0,a
John Brewer Reef (18-075),18-075,2020-11-30T08:55:00Z,NA,0,a
John Brewer Reef (18-075),18-075,2020-11-30T08:54:00Z,NA,0,a
John Brewer Reef (18-075),18-075,2020-11-30T08:52:00Z,NA,0,a
John Brewer Reef (18-075),18-075,2020-11-30T08:51:00Z,NA,0,a
John Brewer Reef (18-075),18-075,2020-11-30T08:49:00Z,NA,0,a
John Brewer Reef (18-075),18-075,2020-11-30T08:47:00Z,NA,0,a
John Brewer Reef (18-075),18-075,2020-11-30T08:45:00Z,NA,0,a
John Brewer Reef (18-075),18-075,2020-11-30T08:42:00Z,NA,0,a
John Brewer Reef (18-075),18-075,2020-11-30T08:39:00Z,NA,0,a
John Brewer Reef (18-075),18-075,2020-11-30T08:37:00Z,NA,0,a
John Brewer Reef (18-075),18-075,2020-11-30T08:37:00Z,NA,0,a
John Brewer Reef (18-075),18-075,2020-11-30T08:34:00Z,NA,0,a
John Brewer Reef (18-075),18-075,2020-11-30T08:33:00Z,NA,0,a
John Brewer Reef (18-075),18-075,2020-11-30T08:31:00Z,NA,0,a
John Brewer Reef (18-075),18-075,2020-11-30T08:29:00Z,NA,0,a
John Brewer Reef (18-075),18-075,2020-11-30T08:28:00Z,NA,0,a
John Brewer Reef (18-075),18-075,2020-11-30T08:26:00Z,NA,0,a
John Brewer Reef (18-075),18-075,2020-11-30T08:25:00Z,NA,0,p
John Brewer Reef (18-075),18-075,2020-11-30T08:24:00Z,NA,0,p
John Brewer Reef (18-075),18-075,2020-11-30T08:22:00Z,NA,0,p
John Brewer Reef (18-075),18-075,2020-11-30T08:21:00Z,NA,0,a
John Brewer Reef (18-075),18-075,2020-11-30T08:20:00Z,NA,0,p
John Brewer Reef (18-075),18-075,2020-11-30T08:17:00Z,NA,0,p
John Brewer Reef (18-075),18-075,2020-11-30T08:16:00Z,NA,0,c
John Brewer Reef (18-075),18-075,2020-11-30T08:14:00Z,NA,0,p
John Brewer Reef (18-075),18-075,2020-11-30T08:13:00Z,NA,0,p
John Brewer Reef (18-075),18-075,2020-11-30T08:11:00Z,NA,0,p
John Brewer Reef (18-075),18-075,2020-11-30T08:11:00Z,NA,0,a
John Brewer Reef (18-075),18-075,2020-11-30T08:08:00Z,NA,0,p
John Brewer Reef (18-075),18-075,2020-11-30T08:08:00Z,NA,0,p
John Brewer Reef (18-075),18-075,2020-11-30T08:05:00Z,NA,0,p
John Brewer Reef (18-075),18-075,2020-11-30T08:05:00Z,NA,0,p
John Brewer Reef (18-075),18-075,2020-11-30T08:03:00Z,NA,0,p
John Brewer Reef (18-075),18-075,2020-11-30T08:02:00Z,NA,0,p
John Brewer Reef (18-075),18-075,2020-11-30T07:59:00Z,NA,0,c
John Brewer Reef (18-075),18-075,2020-11-30T07:59:00Z,NA,0,p
John Brewer Reef (18-075),18-075,2020-11-30T07:57:00Z,NA,0,p
John Brewer Reef (18-075),18-075,2020-11-30T07:56:00Z,NA,0,p
John Brewer Reef (18-075),18-075,2020-11-30T07:54:00Z,NA,0,a
John Brewer Reef (18-075),18-075,2020-11-30T07:53:00Z,NA,0,a
John Brewer Reef (18-075),18-075,2020-11-30T07:51:00Z,NA,0,p
John Brewer Reef (18-075),18-075,2020-11-30T07:50:00Z,NA,0,a
John Brewer Reef (18-075),18-075,2020-11-30T07:48:00Z,NA,0,p
John Brewer Reef (18-075),18-075,2020-11-24T14:30:00Z,NA,0,a
John Brewer Reef (18-075),18-075,2020-11-24T14:29:00Z,NA,0,a
John Brewer Reef (18-075),18-075,2020-11-24T14:27:00Z,NA,0,a
John Brewer Reef (18-075),18-075,2020-11-24T14:27:00Z,NA,0,a
John Brewer Reef (18-075),18-075,2020-11-24T14:25:00Z,NA,0,a
John Brewer Reef (18-075),18-075,2020-11-24T14:22:00Z,NA,0,a
John Brewer Reef (18-075),18-075,2020-11-24T14:20:00Z,NA,0,a
John Brewer Reef (18-075),18-075,2020-11-24T14:18:00Z,NA,0,a
John Brewer Reef (18-075),18-075,2020-11-24T14:17:00Z,NA,0,a
John Brewer Reef (18-075),18-075,2020-11-24T14:14:00Z,NA,0,a
John Brewer Reef (18-075),18-075,2020-11-24T14:14:00Z,NA,0,a
John Brewer Reef (18-075),18-075,2020-11-24T14:12:00Z,NA,0,a
John Brewer Reef (18-075),18-075,2020-11-24T14:12:00Z,NA,0,p
John Brewer Reef (18-075),18-075,2020-11-24T14:10:00Z,NA,0,a
John Brewer Reef (18-075),18-075,2020-11-24T14:07:00Z,NA,0,a
John Brewer Reef (18-075),18-075,2020-11-24T14:05:00Z,NA,1,p
John Brewer Reef (18-075),18-075,2020-11-24T14:02:00Z,NA,0,a
John Brewer Reef (18-075),18-075,2020-11-24T14:00:00Z,NA,0,a
John Brewer Reef (18-075),18-075,2020-11-24T14:00:00Z,NA,0,c
John Brewer Reef (18-075),18-075,2020-11-24T13:57:00Z,NA,0,a
John Brewer Reef (18-075),18-075,2020-11-24T13:57:00Z,NA,0,p
John Brewer Reef (18-075),18-075,2020-11-24T13:55:00Z,NA,0,p
John Brewer Reef (18-075),18-075,2020-11-24T13:53:00Z,NA,0,a
John Brewer Reef (18-075),18-075,2020-11-24T13:52:00Z,NA,0,p
John Brewer Reef (18-075),18-075,2020-11-24T13:51:00Z,NA,0,a
John Brewer Reef (18-075),18-075,2020-11-24T13:49:00Z,NA,0,a
John Brewer Reef (18-075),18-075,2020-11-24T13:49:00Z,NA,0,a
John Brewer Reef (18-075),18-075,2020-11-24T13:47:00Z,NA,0,p
John Brewer Reef (18-075),18-075,2020-11-24T13:46:00Z,NA,0,a
John Brewer Reef (18-075),18-075,2020-11-24T13:45:00Z,NA,0,a
John Brewer Reef (18-075),18-075,2020-11-24T13:44:00Z,NA,0,a
John Brewer Reef (18-075),18-075,2020-11-24T13:42:00Z,NA,0,a
John Brewer Reef (18-075),18-075,2020-11-24T13:41:00Z,NA,0,a
John Brewer Reef (18-075),18-075,2020-11-24T13:39:00Z,NA,0,a
John Brewer Reef (18-075),18-075,2020-11-24T13:39:00Z,NA,0,a
John Brewer Reef (18-075),18-075,2020-11-24T13:37:00Z,NA,0,a
John Brewer Reef (18-075),18-075,2020-11-24T13:36:00Z,NA,0,a
John Brewer Reef (18-075),18-075,2020-11-24T13:31:00Z,NA,0,a
John Brewer Reef (18-075),18-075,2020-11-24T13:28:00Z,NA,0,a
John Brewer Reef (18-075),18-075,2020-11-24T13:28:00Z,NA,0,a
John Brewer Reef (18-075),18-075,2020-11-24T13:26:00Z,NA,0,p
John Brewer Reef (18-075),18-075,2020-11-24T13:25:00Z,NA,0,p
John Brewer Reef (18-075),18-075,2020-11-24T13:23:00Z,NA,0,p
John Brewer Reef (18-075),18-075,2020-11-24T13:23:00Z,NA,0,a
John Brewer Reef (18-075),18-075,2020-11-24T13:21:00Z,NA,0,a
John Brewer Reef (18-075),18-075,2020-11-24T13:20:00Z,NA,0,p
John Brewer Reef (18-075),18-075,2020-11-24T13:19:00Z,NA,0,a
John Brewer Reef (18-075),18-075,2020-11-24T13:17:00Z,NA,0,a
John Brewer Reef (18-075),18-075,2020-11-24T13:16:00Z,NA,0,a
John Brewer Reef (18-075),18-075,2020-11-24T13:14:00Z,NA,0,a
John Brewer Reef (18-075),18-075,2020-11-24T13:12:00Z,NA,0,a
John Brewer Reef (18-075),18-075,2020-11-24T13:09:00Z,NA,0,a
John Brewer Reef (18-075),18-075,2020-11-24T13:09:00Z,NA,0,a
John Brewer Reef (18-075),18-075,2020-11-24T13:07:00Z,NA,0,a
John Brewer Reef (18-075),18-075,2020-11-24T13:06:00Z,NA,0,a
John Brewer Reef (18-075),18-075,2020-11-24T13:04:00Z,NA,0,a
John Brewer Reef (18-075),18-075,2020-11-24T13:04:00Z,NA,0,a
John Brewer Reef (18-075),18-075,2020-11-24T13:01:00Z,NA,0,a
John Brewer Reef (18-075),18-075,2020-11-24T13:00:00Z,NA,0,a
John Brewer Reef (18-075),18-075,2020-11-24T12:58:00Z,NA,0,a
John Brewer Reef (18-075),18-075,2020-11-24T12:57:00Z,NA,0,a
John Brewer Reef (18-075),18-075,2020-11-24T12:56:00Z,NA,0,a
John Brewer Reef (18-075),18-075,2020-11-24T12:54:00Z,NA,0,a
John Brewer Reef (18-075),18-075,2020-11-24T12:53:00Z,NA,0,p
John Brewer Reef (18-075),18-075,2020-11-24T12:52:00Z,NA,0,a
John Brewer Reef (18-075),18-075,2020-11-24T12:49:00Z,NA,0,a
John Brewer Reef (18-075),18-075,2020-11-24T12:46:00Z,NA,0,a
John Brewer Reef (18-075),18-075,2020-11-24T11:25:00Z,NA,0,a
John Brewer Reef (18-075),18-075,2020-11-24T11:23:00Z,NA,0,p
John Brewer Reef (18-075),18-075,2020-11-24T11:20:00Z,NA,0,a
John Brewer Reef (18-075),18-075,2020-11-24T11:19:00Z,NA,0,a
John Brewer Reef (18-075),18-075,2020-11-24T11:18:00Z,NA,0,p
John Brewer Reef (18-075),18-075,2020-11-24T11:16:00Z,NA,0,a
John Brewer Reef (18-075),18-075,2020-11-24T11:16:00Z,NA,0,a
John Brewer Reef (18-075),18-075,2020-11-24T11:14:00Z,NA,0,a
John Brewer Reef (18-075),18-075,2020-11-24T11:13:00Z,NA,0,a
John Brewer Reef (18-075),18-075,2020-11-24T11:11:00Z,NA,0,a
John Brewer Reef (18-075),18-075,2020-11-24T11:10:00Z,NA,0,a
John Brewer Reef (18-075),18-075,2020-11-24T11:09:00Z,NA,0,a
John Brewer Reef (18-075),18-075,2020-11-24T11:07:00Z,NA,0,p
John Brewer Reef (18-075),18-075,2020-11-24T11:07:00Z,NA,0,a
John Brewer Reef (18-075),18-075,2020-11-24T11:05:00Z,NA,0,p
John Brewer Reef (18-075),18-075,2020-11-24T11:04:00Z,NA,0,p
John Brewer Reef (18-075),18-075,2020-11-24T11:02:00Z,NA,0,p
John Brewer Reef (18-075),18-075,2020-11-24T11:02:00Z,NA,0,a
John Brewer Reef (18-075),18-075,2020-11-24T11:00:00Z,NA,0,p
John Brewer Reef (18-075),18-075,2020-11-24T10:59:00Z,NA,0,p
John Brewer Reef (18-075),18-075,2020-11-24T10:57:00Z,NA,0,p
John Brewer Reef (18-075),18-075,2020-11-24T10:57:00Z,NA,0,p
John Brewer Reef (18-075),18-075,2020-11-24T10:55:00Z,NA,0,a
John Brewer Reef (18-075),18-075,2020-11-24T10:52:00Z,NA,0,p
John Brewer Reef (18-075),18-075,2020-11-24T10:49:00Z,NA,0,c
John Brewer Reef (18-075),18-075,2020-11-24T10:47:00Z,NA,0,a
John Brewer Reef (18-075),18-075,2020-11-24T10:32:00Z,NA,0,p
John Brewer Reef (18-075),18-075,2020-11-24T10:29:00Z,NA,0,a
John Brewer Reef (18-075),18-075,2020-11-24T10:27:00Z,NA,0,a
John Brewer Reef (18-075),18-075,2020-11-24T10:20:00Z,NA,0,a
John Brewer Reef (18-075),18-075,2020-11-24T10:17:00Z,NA,0,a
John Brewer Reef (18-075),18-075,2020-11-24T10:17:00Z,NA,0,a
John Brewer Reef (18-075),18-075,2020-11-24T10:14:00Z,NA,0,a
John Brewer Reef (18-075),18-075,2020-11-24T10:14:00Z,NA,0,a
John Brewer Reef (18-075),18-075,2020-11-24T10:12:00Z,NA,0,a
John Brewer Reef (18-075),18-075,2020-11-24T10:09:00Z,NA,0,a
John Brewer Reef (18-075),18-075,2020-11-24T10:08:00Z,NA,0,a
John Brewer Reef (18-075),18-075,2020-11-24T10:07:00Z,NA,0,a
John Brewer Reef (18-075),18-075,2020-11-24T10:05:00Z,NA,0,a
John Brewer Reef (18-075),18-075,2020-11-24T10:04:00Z,NA,0,a
John Brewer Reef (18-075),18-075,2020-11-24T10:02:00Z,NA,0,a
John Brewer Reef (18-075),18-075,2020-11-24T10:02:00Z,NA,0,a
John Brewer Reef (18-075),18-075,2020-11-24T10:00:00Z,NA,0,a
John Brewer Reef (18-075),18-075,2020-11-24T09:58:00Z,NA,0,a
John Brewer Reef (18-075),18-075,2020-11-24T09:57:00Z,NA,0,a
John Brewer Reef (18-075),18-075,2020-11-24T09:55:00Z,NA,0,a
John Brewer Reef (18-075),18-075,2020-11-24T09:55:00Z,NA,0,a
John Brewer Reef (18-075),18-075,2020-11-24T09:52:00Z,NA,0,p
John Brewer Reef (18-075),18-075,2020-11-24T09:50:00Z,NA,0,a
John Brewer Reef (18-075),18-075,2020-11-24T09:49:00Z,NA,0,a
John Brewer Reef (18-075),18-075,2020-11-24T09:47:00Z,NA,0,p
John Brewer Reef (18-075),18-075,2020-11-24T09:45:00Z,NA,0,a
John Brewer Reef (18-075),18-075,2020-11-24T09:44:00Z,NA,1,p
John Brewer Reef (18-075),18-075,2020-11-24T09:43:00Z,NA,0,a
John Brewer Reef (18-075),18-075,2020-11-24T09:42:00Z,NA,0,p
John Brewer Reef (18-075),18-075,2020-11-24T09:40:00Z,NA,0,a
John Brewer Reef (18-075),18-075,2020-11-24T09:39:00Z,NA,0,p
John Brewer Reef (18-075),18-075,2020-11-24T09:38:00Z,NA,0,a
John Brewer Reef (18-075),18-075,2020-11-24T09:37:00Z,NA,0,a
John Brewer Reef (18-075),18-075,2020-11-24T09:35:00Z,NA,0,a
John Brewer Reef (18-075),18-075,2020-11-24T09:34:00Z,NA,0,a
John Brewer Reef (18-075),18-075,2020-11-24T09:32:00Z,NA,0,a
John Brewer Reef (18-075),18-075,2020-11-24T09:31:00Z,NA,0,a
John Brewer Reef (18-075),18-075,2020-11-24T09:29:00Z,NA,0,p
John Brewer Reef (18-075),18-075,2020-11-24T09:23:00Z,NA,0,a
John Brewer Reef (18-075),18-075,2020-11-24T09:21:00Z,NA,0,a
John Brewer Reef (18-075),18-075,2020-11-24T09:19:00Z,NA,0,p
John Brewer Reef (18-075),18-075,2020-11-24T09:18:00Z,NA,0,a
John Brewer Reef (18-075),18-075,2020-11-24T09:16:00Z,NA,0,p
John Brewer Reef (18-075),18-075,2020-11-24T09:16:00Z,NA,0,a
John Brewer Reef (18-075),18-075,2020-11-24T09:14:00Z,NA,0,a
John Brewer Reef (18-075),18-075,2020-11-24T09:13:00Z,NA,0,a
John Brewer Reef (18-075),18-075,2020-11-24T09:11:00Z,NA,0,a
John Brewer Reef (18-075),18-075,2020-11-24T09:11:00Z,NA,0,a
John Brewer Reef (18-075),18-075,2020-11-24T09:08:00Z,NA,0,a
John Brewer Reef (18-075),18-075,2020-11-24T09:08:00Z,NA,0,a
John Brewer Reef (18-075),18-075,2020-11-24T09:06:00Z,NA,0,a
John Brewer Reef (18-075),18-075,2020-11-24T09:06:00Z,NA,0,a
John Brewer Reef (18-075),18-075,2020-11-24T09:03:00Z,NA,0,p
John Brewer Reef (18-075),18-075,2020-11-24T09:00:00Z,NA,0,p
John Brewer Reef (18-075),18-075,2020-11-24T08:37:00Z,NA,0,a
John Brewer Reef (18-075),18-075,2020-11-24T08:36:00Z,NA,0,p
John Brewer Reef (18-075),18-075,2020-11-24T08:35:00Z,NA,0,a
John Brewer Reef (18-075),18-075,2020-11-24T08:33:00Z,NA,0,c
John Brewer Reef (18-075),18-075,2020-11-24T08:32:00Z,NA,0,a
John Brewer Reef (18-075),18-075,2020-11-24T08:29:00Z,NA,0,p
John Brewer Reef (18-075),18-075,2020-11-24T08:29:00Z,NA,0,p
John Brewer Reef (18-075),18-075,2020-11-24T08:26:00Z,NA,0,a
John Brewer Reef (18-075),18-075,2020-11-24T08:26:00Z,NA,0,c
John Brewer Reef (18-075),18-075,2020-11-24T08:23:00Z,NA,0,p
John Brewer Reef (18-075),18-075,2020-11-24T08:23:00Z,NA,0,p
John Brewer Reef (18-075),18-075,2020-11-24T08:20:00Z,NA,0,p
John Brewer Reef (18-075),18-075,2020-11-24T08:20:00Z,NA,0,a
John Brewer Reef (18-075),18-075,2020-11-24T08:17:00Z,NA,0,p
John Brewer Reef (18-075),18-075,2020-11-24T08:17:00Z,NA,0,a
John Brewer Reef (18-075),18-075,2020-11-24T08:14:00Z,NA,0,p
John Brewer Reef (18-075),18-075,2020-11-24T08:13:00Z,NA,0,a
John Brewer Reef (18-075),18-075,2020-11-24T08:10:00Z,NA,0,a
John Brewer Reef (18-075),18-075,2020-11-24T08:10:00Z,NA,0,a
John Brewer Reef (18-075),18-075,2020-09-25T15:32:00Z,NA,0,a
John Brewer Reef (18-075),18-075,2020-09-25T15:27:00Z,NA,0,c
John Brewer Reef (18-075),18-075,2020-09-25T15:24:00Z,NA,0,p
John Brewer Reef (18-075),18-075,2020-09-25T15:21:00Z,NA,1,c
John Brewer Reef (18-075),18-075,2020-09-25T15:18:00Z,NA,0,p
John Brewer Reef (18-075),18-075,2020-09-25T15:15:00Z,NA,0,p
John Brewer Reef (18-075),18-075,2020-09-25T15:12:00Z,NA,0,p
John Brewer Reef (18-075),18-075,2020-09-25T15:09:00Z,NA,0,p
John Brewer Reef (18-075),18-075,2020-09-25T15:07:00Z,NA,0,a
John Brewer Reef (18-075),18-075,2020-09-25T15:04:00Z,NA,0,p
John Brewer Reef (18-075),18-075,2020-09-25T15:01:00Z,NA,0,a
John Brewer Reef (18-075),18-075,2020-09-25T14:58:00Z,NA,0,a
John Brewer Reef (18-075),18-075,2020-09-25T14:57:00Z,NA,0,p
John Brewer Reef (18-075),18-075,2020-09-25T14:54:00Z,NA,0,p
John Brewer Reef (18-075),18-075,2020-09-25T14:53:00Z,NA,0,a
John Brewer Reef (18-075),18-075,2020-09-25T14:52:00Z,NA,0,p
John Brewer Reef (18-075),18-075,2020-09-25T14:49:00Z,NA,3,p
John Brewer Reef (18-075),18-075,2020-09-25T14:49:00Z,NA,0,p
John Brewer Reef (18-075),18-075,2020-09-25T14:46:00Z,NA,0,p
John Brewer Reef (18-075),18-075,2020-09-25T14:44:00Z,NA,0,p
John Brewer Reef (18-075),18-075,2020-09-25T14:41:00Z,NA,0,p
John Brewer Reef (18-075),18-075,2020-09-25T14:38:00Z,NA,0,p
John Brewer Reef (18-075),18-075,2020-09-25T14:36:00Z,NA,0,p
John Brewer Reef (18-075),18-075,2020-09-25T14:33:00Z,NA,0,p
John Brewer Reef (18-075),18-075,2020-09-25T14:30:00Z,NA,0,p
John Brewer Reef (18-075),18-075,2020-09-25T14:28:00Z,NA,0,p
John Brewer Reef (18-075),18-075,2020-09-25T14:25:00Z,NA,0,p
John Brewer Reef (18-075),18-075,2020-09-25T14:24:00Z,NA,0,p
John Brewer Reef (18-075),18-075,2020-09-25T14:22:00Z,NA,0,p
John Brewer Reef (18-075),18-075,2020-09-25T14:21:00Z,NA,0,p
John Brewer Reef (18-075),18-075,2020-09-25T14:18:00Z,NA,0,c
John Brewer Reef (18-075),18-075,2020-09-25T14:15:00Z,NA,0,a
John Brewer Reef (18-075),18-075,2020-09-25T14:13:00Z,NA,0,p
John Brewer Reef (18-075),18-075,2020-09-25T14:12:00Z,NA,0,a
John Brewer Reef (18-075),18-075,2020-09-25T14:10:00Z,NA,0,p
John Brewer Reef (18-075),18-075,2020-09-25T14:09:00Z,NA,0,p
John Brewer Reef (18-075),18-075,2020-09-25T14:08:00Z,NA,0,p
John Brewer Reef (18-075),18-075,2020-09-25T14:06:00Z,NA,0,p
John Brewer Reef (18-075),18-075,2020-09-25T14:05:00Z,NA,0,p
John Brewer Reef (18-075),18-075,2020-09-25T14:03:00Z,NA,2,a
John Brewer Reef (18-075),18-075,2020-09-25T14:02:00Z,NA,0,p
John Brewer Reef (18-075),18-075,2020-09-25T14:00:00Z,NA,0,p
John Brewer Reef (18-075),18-075,2020-09-25T14:00:00Z,NA,0,p
John Brewer Reef (18-075),18-075,2020-09-25T13:57:00Z,NA,0,a
John Brewer Reef (18-075),18-075,2020-09-25T13:56:00Z,NA,0,p
John Brewer Reef (18-075),18-075,2020-09-25T13:54:00Z,NA,0,a
John Brewer Reef (18-075),18-075,2020-09-25T13:54:00Z,NA,2,c
John Brewer Reef (18-075),18-075,2020-09-25T13:52:00Z,NA,0,p
John Brewer Reef (18-075),18-075,2020-09-25T13:51:00Z,NA,2,p
John Brewer Reef (18-075),18-075,2020-09-25T13:49:00Z,NA,0,p
John Brewer Reef (18-075),18-075,2020-09-25T13:48:00Z,NA,0,a
John Brewer Reef (18-075),18-075,2020-09-25T13:46:00Z,NA,0,a
John Brewer Reef (18-075),18-075,2020-09-25T13:45:00Z,NA,1,p
John Brewer Reef (18-075),18-075,2020-09-25T13:43:00Z,NA,0,p
John Brewer Reef (18-075),18-075,2020-09-25T13:41:00Z,NA,2,p
John Brewer Reef (18-075),18-075,2020-09-25T13:39:00Z,NA,0,p
John Brewer Reef (18-075),18-075,2020-09-25T13:38:00Z,NA,0,p
John Brewer Reef (18-075),18-075,2020-09-25T13:36:00Z,NA,0,p
John Brewer Reef (18-075),18-075,2020-09-25T13:34:00Z,NA,0,p
John Brewer Reef (18-075),18-075,2020-09-25T13:31:00Z,NA,0,a
John Brewer Reef (18-075),18-075,2020-09-25T13:27:00Z,NA,0,p
John Brewer Reef (18-075),18-075,2020-09-25T13:24:00Z,NA,0,p
John Brewer Reef (18-075),18-075,2020-09-25T13:24:00Z,NA,0,a
John Brewer Reef (18-075),18-075,2020-09-25T13:22:00Z,NA,0,p
John Brewer Reef (18-075),18-075,2020-09-25T13:14:00Z,NA,0,a
John Brewer Reef (18-075),18-075,2020-09-25T13:13:00Z,NA,0,p
John Brewer Reef (18-075),18-075,2020-09-25T13:11:00Z,NA,0,a
John Brewer Reef (18-075),18-075,2020-09-25T13:11:00Z,NA,0,a
John Brewer Reef (18-075),18-075,2020-09-25T13:09:00Z,NA,0,p
John Brewer Reef (18-075),18-075,2020-09-25T13:08:00Z,NA,0,a
John Brewer Reef (18-075),18-075,2020-09-25T13:06:00Z,NA,0,a
John Brewer Reef (18-075),18-075,2020-09-25T13:06:00Z,NA,0,a
John Brewer Reef (18-075),18-075,2020-09-25T13:04:00Z,NA,0,a
John Brewer Reef (18-075),18-075,2020-09-25T13:03:00Z,NA,0,p
John Brewer Reef (18-075),18-075,2020-09-25T13:01:00Z,NA,0,a
John Brewer Reef (18-075),18-075,2020-09-25T12:59:00Z,NA,2,c
John Brewer Reef (18-075),18-075,2020-09-25T12:56:00Z,NA,0,a
John Brewer Reef (18-075),18-075,2020-09-25T12:56:00Z,NA,0,p
John Brewer Reef (18-075),18-075,2020-09-25T12:54:00Z,NA,0,p
John Brewer Reef (18-075),18-075,2020-09-25T12:53:00Z,NA,0,p
John Brewer Reef (18-075),18-075,2020-09-25T12:51:00Z,NA,0,a
John Brewer Reef (18-075),18-075,2020-09-25T12:51:00Z,NA,0,p
John Brewer Reef (18-075),18-075,2020-09-25T12:48:00Z,NA,0,p
John Brewer Reef (18-075),18-075,2020-09-25T12:47:00Z,NA,0,p
John Brewer Reef (18-075),18-075,2020-09-25T12:45:00Z,NA,0,p
John Brewer Reef (18-075),18-075,2020-09-25T12:44:00Z,NA,1,p
John Brewer Reef (18-075),18-075,2020-09-25T12:42:00Z,NA,0,p
John Brewer Reef (18-075),18-075,2020-09-25T12:42:00Z,NA,0,a
John Brewer Reef (18-075),18-075,2020-09-25T12:39:00Z,NA,0,a
John Brewer Reef (18-075),18-075,2020-09-25T12:39:00Z,NA,0,a
John Brewer Reef (18-075),18-075,2020-09-25T12:37:00Z,NA,0,a
John Brewer Reef (18-075),18-075,2020-09-25T12:36:00Z,NA,0,p
John Brewer Reef (18-075),18-075,2020-09-25T12:34:00Z,NA,0,p
John Brewer Reef (18-075),18-075,2020-09-25T12:31:00Z,NA,0,p
John Brewer Reef (18-075),18-075,2020-09-25T12:31:00Z,NA,0,p
John Brewer Reef (18-075),18-075,2020-09-25T12:29:00Z,NA,0,a
John Brewer Reef (18-075),18-075,2020-07-26T15:27:00Z,NA,0,a
John Brewer Reef (18-075),18-075,2020-07-26T15:26:00Z,NA,0,a
John Brewer Reef (18-075),18-075,2020-07-26T15:24:00Z,NA,0,a
John Brewer Reef (18-075),18-075,2020-07-26T15:23:00Z,NA,0,p
John Brewer Reef (18-075),18-075,2020-07-26T15:21:00Z,NA,0,p
John Brewer Reef (18-075),18-075,2020-07-26T15:20:00Z,NA,0,p
John Brewer Reef (18-075),18-075,2020-07-26T15:18:00Z,NA,0,p
John Brewer Reef (18-075),18-075,2020-07-26T15:17:00Z,NA,0,p
John Brewer Reef (18-075),18-075,2020-07-26T15:16:00Z,NA,0,p
John Brewer Reef (18-075),18-075,2020-07-26T15:14:00Z,NA,0,p
John Brewer Reef (18-075),18-075,2020-07-26T15:12:00Z,NA,0,a
John Brewer Reef (18-075),18-075,2020-07-26T15:11:00Z,NA,0,p
John Brewer Reef (18-075),18-075,2020-07-26T15:06:00Z,NA,0,p
John Brewer Reef (18-075),18-075,2020-07-26T15:03:00Z,NA,0,p
John Brewer Reef (18-075),18-075,2020-07-26T15:01:00Z,NA,0,p
John Brewer Reef (18-075),18-075,2020-07-26T15:00:00Z,NA,0,a
John Brewer Reef (18-075),18-075,2020-07-26T14:58:00Z,NA,0,c
John Brewer Reef (18-075),18-075,2020-07-26T14:56:00Z,NA,0,c
John Brewer Reef (18-075),18-075,2020-07-26T14:53:00Z,NA,1,c
John Brewer Reef (18-075),18-075,2020-07-26T14:50:00Z,NA,0,p
John Brewer Reef (18-075),18-075,2020-07-26T14:47:00Z,NA,0,a
John Brewer Reef (18-075),18-075,2020-07-26T14:44:00Z,NA,0,p
John Brewer Reef (18-075),18-075,2020-07-26T14:29:00Z,NA,0,p
John Brewer Reef (18-075),18-075,2020-07-26T14:28:00Z,NA,0,a
John Brewer Reef (18-075),18-075,2020-07-26T14:27:00Z,NA,0,p
John Brewer Reef (18-075),18-075,2020-07-26T14:25:00Z,NA,0,p
John Brewer Reef (18-075),18-075,2020-07-26T14:24:00Z,NA,0,c
John Brewer Reef (18-075),18-075,2020-07-26T14:21:00Z,NA,0,a
John Brewer Reef (18-075),18-075,2020-07-26T14:19:00Z,NA,0,p
John Brewer Reef (18-075),18-075,2020-07-26T14:18:00Z,NA,0,c
John Brewer Reef (18-075),18-075,2020-07-26T14:16:00Z,NA,0,p
John Brewer Reef (18-075),18-075,2020-07-26T14:15:00Z,NA,0,c
John Brewer Reef (18-075),18-075,2020-07-26T14:13:00Z,NA,0,a
John Brewer Reef (18-075),18-075,2020-07-26T14:13:00Z,NA,0,a
John Brewer Reef (18-075),18-075,2020-07-26T14:10:00Z,NA,0,p
John Brewer Reef (18-075),18-075,2020-07-26T14:09:00Z,NA,0,a
John Brewer Reef (18-075),18-075,2020-07-26T14:07:00Z,NA,0,a
John Brewer Reef (18-075),18-075,2020-07-26T14:06:00Z,NA,0,a
John Brewer Reef (18-075),18-075,2020-07-26T14:03:00Z,NA,0,p
John Brewer Reef (18-075),18-075,2020-07-26T14:01:00Z,NA,0,p
John Brewer Reef (18-075),18-075,2020-07-26T13:57:00Z,NA,0,a
John Brewer Reef (18-075),18-075,2020-07-26T13:57:00Z,NA,0,a
John Brewer Reef (18-075),18-075,2020-07-26T13:55:00Z,NA,0,a
John Brewer Reef (18-075),18-075,2020-07-26T13:55:00Z,NA,0,a
John Brewer Reef (18-075),18-075,2020-07-26T13:52:00Z,NA,0,a
John Brewer Reef (18-075),18-075,2020-07-26T13:52:00Z,NA,0,a
John Brewer Reef (18-075),18-075,2020-07-26T13:50:00Z,NA,0,a
John Brewer Reef (18-075),18-075,2020-07-26T13:49:00Z,NA,0,a
John Brewer Reef (18-075),18-075,2020-07-26T13:47:00Z,NA,0,a
John Brewer Reef (18-075),18-075,2020-07-26T13:46:00Z,NA,0,a
John Brewer Reef (18-075),18-075,2020-07-26T13:45:00Z,NA,0,p
John Brewer Reef (18-075),18-075,2020-07-26T13:43:00Z,NA,0,p
John Brewer Reef (18-075),18-075,2020-07-26T13:42:00Z,NA,0,a
John Brewer Reef (18-075),18-075,2020-07-26T13:40:00Z,NA,0,p
John Brewer Reef (18-075),18-075,2020-07-26T13:39:00Z,NA,0,p
John Brewer Reef (18-075),18-075,2020-07-26T13:37:00Z,NA,0,a
John Brewer Reef (18-075),18-075,2020-07-26T13:37:00Z,NA,0,p
John Brewer Reef (18-075),18-075,2020-07-26T13:34:00Z,NA,1,p
John Brewer Reef (18-075),18-075,2020-07-26T13:32:00Z,NA,0,p
John Brewer Reef (18-075),18-075,2020-07-26T13:29:00Z,NA,0,p
John Brewer Reef (18-075),18-075,2020-07-26T13:27:00Z,NA,0,a
John Brewer Reef (18-075),18-075,2020-07-26T13:25:00Z,NA,0,p
John Brewer Reef (18-075),18-075,2020-07-26T13:24:00Z,NA,0,a
John Brewer Reef (18-075),18-075,2020-07-26T13:22:00Z,NA,0,a
John Brewer Reef (18-075),18-075,2020-07-26T13:21:00Z,NA,0,p
John Brewer Reef (18-075),18-075,2020-07-26T13:19:00Z,NA,0,p
John Brewer Reef (18-075),18-075,2020-07-26T13:19:00Z,NA,0,a
John Brewer Reef (18-075),18-075,2020-07-26T13:17:00Z,NA,0,a
John Brewer Reef (18-075),18-075,2020-07-26T13:16:00Z,NA,0,a
John Brewer Reef (18-075),18-075,2020-07-26T13:13:00Z,NA,0,a
John Brewer Reef (18-075),18-075,2020-07-26T13:11:00Z,NA,0,p
John Brewer Reef (18-075),18-075,2020-07-26T13:10:00Z,NA,0,p
John Brewer Reef (18-075),18-075,2020-07-26T13:08:00Z,NA,0,p
John Brewer Reef (18-075),18-075,2020-07-26T13:07:00Z,NA,0,p
John Brewer Reef (18-075),18-075,2020-07-26T13:06:00Z,NA,0,p
John Brewer Reef (18-075),18-075,2020-07-26T13:04:00Z,NA,0,p
John Brewer Reef (18-075),18-075,2020-07-26T13:03:00Z,NA,0,p
John Brewer Reef (18-075),18-075,2020-07-26T13:01:00Z,NA,0,p
John Brewer Reef (18-075),18-075,2020-07-26T13:00:00Z,NA,1,p
John Brewer Reef (18-075),18-075,2020-07-26T12:58:00Z,NA,0,a
John Brewer Reef (18-075),18-075,2020-07-26T12:58:00Z,NA,0,c
John Brewer Reef (18-075),18-075,2020-07-26T12:56:00Z,NA,0,a
John Brewer Reef (18-075),18-075,2020-07-26T12:55:00Z,NA,1,c
John Brewer Reef (18-075),18-075,2020-07-26T12:53:00Z,NA,0,p
John Brewer Reef (18-075),18-075,2020-07-26T12:52:00Z,NA,1,c
John Brewer Reef (18-075),18-075,2020-07-26T12:50:00Z,NA,0,a
John Brewer Reef (18-075),18-075,2020-07-26T12:49:00Z,NA,0,c
John Brewer Reef (18-075),18-075,2020-07-26T12:47:00Z,NA,0,p
John Brewer Reef (18-075),18-075,2020-07-26T12:46:00Z,NA,0,p
John Brewer Reef (18-075),18-075,2020-07-26T12:44:00Z,NA,0,c
John Brewer Reef (18-075),18-075,2020-07-26T12:42:00Z,NA,0,p
John Brewer Reef (18-075),18-075,2020-07-26T12:41:00Z,NA,2,c
John Brewer Reef (18-075),18-075,2020-07-26T12:39:00Z,NA,0,p
John Brewer Reef (18-075),18-075,2020-07-26T12:38:00Z,NA,0,c
John Brewer Reef (18-075),18-075,2020-07-26T12:35:00Z,NA,0,p
John Brewer Reef (18-075),18-075,2020-07-26T12:35:00Z,NA,1,c
John Brewer Reef (18-075),18-075,2020-07-26T12:33:00Z,NA,0,c
John Brewer Reef (18-075),18-075,2020-07-26T12:30:00Z,NA,1,p
John Brewer Reef (18-075),18-075,2020-07-26T12:27:00Z,NA,0,p
John Brewer Reef (18-075),18-075,2020-05-26T14:55:00Z,NA,0,a
John Brewer Reef (18-075),18-075,2020-05-26T14:52:00Z,NA,0,a
John Brewer Reef (18-075),18-075,2020-05-26T14:50:00Z,NA,0,a
John Brewer Reef (18-075),18-075,2020-05-26T14:47:00Z,NA,0,p
John Brewer Reef (18-075),18-075,2020-05-26T14:44:00Z,NA,0,p
John Brewer Reef (18-075),18-075,2020-05-26T14:42:00Z,NA,0,a
John Brewer Reef (18-075),18-075,2020-05-26T14:39:00Z,NA,0,p
John Brewer Reef (18-075),18-075,2020-05-26T14:36:00Z,NA,0,p
John Brewer Reef (18-075),18-075,2020-05-26T14:34:00Z,NA,0,a
John Brewer Reef (18-075),18-075,2020-05-26T14:31:00Z,NA,0,p
John Brewer Reef (18-075),18-075,2020-05-26T14:29:00Z,NA,0,p
John Brewer Reef (18-075),18-075,2020-05-26T14:15:00Z,NA,0,a
John Brewer Reef (18-075),18-075,2020-05-26T14:12:00Z,NA,0,p
John Brewer Reef (18-075),18-075,2020-05-26T14:10:00Z,NA,0,p
John Brewer Reef (18-075),18-075,2020-05-26T14:06:00Z,NA,0,a
John Brewer Reef (18-075),18-075,2020-05-26T14:04:00Z,NA,0,p
John Brewer Reef (18-075),18-075,2020-05-26T14:01:00Z,NA,0,a
John Brewer Reef (18-075),18-075,2020-05-26T13:58:00Z,NA,1,p
John Brewer Reef (18-075),18-075,2020-05-26T13:56:00Z,NA,1,p
John Brewer Reef (18-075),18-075,2020-05-26T13:53:00Z,NA,1,p
John Brewer Reef (18-075),18-075,2020-05-26T13:50:00Z,NA,0,p
John Brewer Reef (18-075),18-075,2020-05-26T13:48:00Z,NA,0,a
John Brewer Reef (18-075),18-075,2020-05-26T13:45:00Z,NA,0,p
John Brewer Reef (18-075),18-075,2020-05-26T13:42:00Z,NA,0,p
John Brewer Reef (18-075),18-075,2020-05-26T13:40:00Z,NA,0,c
John Brewer Reef (18-075),18-075,2020-05-26T13:37:00Z,NA,1,c
John Brewer Reef (18-075),18-075,2020-05-26T13:34:00Z,NA,1,c
John Brewer Reef (18-075),18-075,2020-05-26T13:31:00Z,NA,0,p
John Brewer Reef (18-075),18-075,2020-05-26T13:22:00Z,NA,0,p
John Brewer Reef (18-075),18-075,2020-05-26T13:19:00Z,NA,0,p
John Brewer Reef (18-075),18-075,2020-05-26T13:16:00Z,NA,0,p
John Brewer Reef (18-075),18-075,2020-05-26T13:14:00Z,NA,0,p
John Brewer Reef (18-075),18-075,2020-05-26T13:11:00Z,NA,2,p
John Brewer Reef (18-075),18-075,2020-05-26T13:08:00Z,NA,0,a
John Brewer Reef (18-075),18-075,2020-05-26T13:06:00Z,NA,0,p
John Brewer Reef (18-075),18-075,2020-05-26T13:03:00Z,NA,1,c
John Brewer Reef (18-075),18-075,2020-05-26T13:00:00Z,NA,1,c
John Brewer Reef (18-075),18-075,2020-05-26T12:57:00Z,NA,1,p
John Brewer Reef (18-075),18-075,2020-05-26T12:55:00Z,NA,1,p
John Brewer Reef (18-075),18-075,2020-05-26T11:35:00Z,NA,0,a
John Brewer Reef (18-075),18-075,2020-05-26T11:33:00Z,NA,0,a
John Brewer Reef (18-075),18-075,2020-05-26T11:30:00Z,NA,0,a
John Brewer Reef (18-075),18-075,2020-05-26T11:27:00Z,NA,0,a
John Brewer Reef (18-075),18-075,2020-05-26T11:25:00Z,NA,0,a
John Brewer Reef (18-075),18-075,2020-05-26T11:22:00Z,NA,1,p
John Brewer Reef (18-075),18-075,2020-05-26T11:19:00Z,NA,0,a
John Brewer Reef (18-075),18-075,2020-05-26T11:17:00Z,NA,0,a
John Brewer Reef (18-075),18-075,2020-05-26T11:15:00Z,NA,0,p
John Brewer Reef (18-075),18-075,2020-05-26T11:14:00Z,NA,0,a
John Brewer Reef (18-075),18-075,2020-05-26T11:13:00Z,NA,0,p
John Brewer Reef (18-075),18-075,2020-05-26T11:09:00Z,NA,0,p
John Brewer Reef (18-075),18-075,2020-05-26T11:07:00Z,NA,2,c
John Brewer Reef (18-075),18-075,2020-05-26T11:07:00Z,NA,0,a
John Brewer Reef (18-075),18-075,2020-05-26T11:05:00Z,NA,0,a
John Brewer Reef (18-075),18-075,2020-05-26T11:04:00Z,NA,1,c
John Brewer Reef (18-075),18-075,2020-05-26T11:02:00Z,NA,0,a
John Brewer Reef (18-075),18-075,2020-05-26T10:59:00Z,NA,0,a
John Brewer Reef (18-075),18-075,2020-05-26T10:57:00Z,NA,0,p
John Brewer Reef (18-075),18-075,2020-05-26T10:54:00Z,NA,0,p
John Brewer Reef (18-075),18-075,2020-05-26T10:51:00Z,NA,0,p
John Brewer Reef (18-075),18-075,2020-05-26T10:48:00Z,NA,1,p
John Brewer Reef (18-075),18-075,2020-05-26T10:48:00Z,NA,0,a
John Brewer Reef (18-075),18-075,2020-05-26T10:45:00Z,NA,0,p
John Brewer Reef (18-075),18-075,2020-05-26T10:44:00Z,NA,0,a
John Brewer Reef (18-075),18-075,2020-05-26T10:42:00Z,NA,0,p
John Brewer Reef (18-075),18-075,2020-05-26T10:39:00Z,NA,0,p
John Brewer Reef (18-075),18-075,2020-05-26T10:37:00Z,NA,0,p
John Brewer Reef (18-075),18-075,2020-05-26T10:36:00Z,NA,0,p
John Brewer Reef (18-075),18-075,2020-05-26T10:34:00Z,NA,0,a
John Brewer Reef (18-075),18-075,2020-05-26T10:33:00Z,NA,0,p
John Brewer Reef (18-075),18-075,2020-05-26T10:31:00Z,NA,0,p
John Brewer Reef (18-075),18-075,2020-05-26T10:31:00Z,NA,0,a
John Brewer Reef (18-075),18-075,2020-05-26T10:28:00Z,NA,0,p
John Brewer Reef (18-075),18-075,2020-05-26T10:26:00Z,NA,0,p
John Brewer Reef (18-075),18-075,2020-05-26T10:23:00Z,NA,3,c
John Brewer Reef (18-075),18-075,2020-05-26T10:23:00Z,NA,0,p
John Brewer Reef (18-075),18-075,2020-05-26T10:20:00Z,NA,2,c
John Brewer Reef (18-075),18-075,2020-05-26T10:19:00Z,NA,1,p
John Brewer Reef (18-075),18-075,2020-05-26T10:18:00Z,NA,1,c
John Brewer Reef (18-075),18-075,2020-05-26T10:15:00Z,NA,0,p
John Brewer Reef (18-075),18-075,2020-05-26T10:15:00Z,NA,0,p
John Brewer Reef (18-075),18-075,2020-05-26T10:12:00Z,NA,4,c
John Brewer Reef (18-075),18-075,2020-05-26T10:08:00Z,NA,0,a
John Brewer Reef (18-075),18-075,2020-05-26T10:05:00Z,NA,1,c
John Brewer Reef (18-075),18-075,2020-05-26T10:03:00Z,NA,5,c
John Brewer Reef (18-075),18-075,2020-05-26T10:00:00Z,NA,0,a
John Brewer Reef (18-075),18-075,2020-05-26T09:58:00Z,NA,0,a
John Brewer Reef (18-075),18-075,2020-05-26T09:52:00Z,NA,0,a
John Brewer Reef (18-075),18-075,2020-05-26T09:51:00Z,NA,0,a
John Brewer Reef (18-075),18-075,2020-05-26T09:48:00Z,NA,0,a
John Brewer Reef (18-075),18-075,2020-05-26T09:48:00Z,NA,1,p
John Brewer Reef (18-075),18-075,2020-05-26T09:46:00Z,NA,0,p
John Brewer Reef (18-075),18-075,2020-05-26T09:46:00Z,NA,0,a
John Brewer Reef (18-075),18-075,2020-05-26T09:43:00Z,NA,0,a
John Brewer Reef (18-075),18-075,2020-05-26T09:43:00Z,NA,0,a
John Brewer Reef (18-075),18-075,2020-05-26T09:40:00Z,NA,0,a
John Brewer Reef (18-075),18-075,2020-05-26T09:36:00Z,NA,0,p
John Brewer Reef (18-075),18-075,2020-05-26T09:33:00Z,NA,0,p
John Brewer Reef (18-075),18-075,2020-05-26T09:31:00Z,NA,0,c
John Brewer Reef (18-075),18-075,2020-05-26T09:30:00Z,NA,1,p
John Brewer Reef (18-075),18-075,2020-05-26T09:29:00Z,NA,0,p
John Brewer Reef (18-075),18-075,2020-05-26T09:28:00Z,NA,0,a
John Brewer Reef (18-075),18-075,2020-05-26T09:26:00Z,NA,0,a
John Brewer Reef (18-075),18-075,2020-05-26T09:25:00Z,NA,0,p
John Brewer Reef (18-075),18-075,2020-05-26T09:24:00Z,NA,0,a
John Brewer Reef (18-075),18-075,2020-05-26T09:23:00Z,NA,0,p
John Brewer Reef (18-075),18-075,2020-05-26T09:21:00Z,NA,0,a
John Brewer Reef (18-075),18-075,2020-05-26T09:20:00Z,NA,1,c
John Brewer Reef (18-075),18-075,2020-05-26T09:19:00Z,NA,0,p
John Brewer Reef (18-075),18-075,2020-05-26T09:18:00Z,NA,1,c
John Brewer Reef (18-075),18-075,2020-05-26T09:16:00Z,NA,0,a
John Brewer Reef (18-075),18-075,2020-05-26T09:15:00Z,NA,0,c
John Brewer Reef (18-075),18-075,2020-05-26T09:13:00Z,NA,1,c
John Brewer Reef (18-075),18-075,2020-05-26T09:11:00Z,NA,0,a
John Brewer Reef (18-075),18-075,2020-05-26T09:10:00Z,NA,0,p
John Brewer Reef (18-075),18-075,2020-05-26T09:09:00Z,NA,0,a
John Brewer Reef (18-075),18-075,2020-05-26T09:08:00Z,NA,0,c
John Brewer Reef (18-075),18-075,2020-05-26T09:06:00Z,NA,0,a
John Brewer Reef (18-075),18-075,2020-05-26T09:05:00Z,NA,1,c
John Brewer Reef (18-075),18-075,2020-05-26T09:04:00Z,NA,0,p
John Brewer Reef (18-075),18-075,2020-05-26T09:03:00Z,NA,0,c
John Brewer Reef (18-075),18-075,2020-05-26T09:01:00Z,NA,0,a
John Brewer Reef (18-075),18-075,2020-05-26T09:00:00Z,NA,1,c
John Brewer Reef (18-075),18-075,2020-05-26T08:58:00Z,NA,0,p
John Brewer Reef (18-075),18-075,2020-05-26T08:58:00Z,NA,0,c
John Brewer Reef (18-075),18-075,2020-05-26T08:55:00Z,NA,0,c
John Brewer Reef (18-075),18-075,2020-05-26T08:55:00Z,NA,0,a
John Brewer Reef (18-075),18-075,2020-05-26T08:53:00Z,NA,0,p
John Brewer Reef (18-075),18-075,2020-05-26T08:53:00Z,NA,0,c
John Brewer Reef (18-075),18-075,2020-05-26T08:50:00Z,NA,0,p
John Brewer Reef (18-075),18-075,2020-05-26T08:50:00Z,NA,0,p
John Brewer Reef (18-075),18-075,2020-05-26T08:42:00Z,NA,0,p
John Brewer Reef (18-075),18-075,2020-05-26T08:41:00Z,NA,0,p
John Brewer Reef (18-075),18-075,2020-05-26T08:39:00Z,NA,0,a
John Brewer Reef (18-075),18-075,2020-05-26T08:38:00Z,NA,0,p
John Brewer Reef (18-075),18-075,2020-05-26T08:35:00Z,NA,0,p
John Brewer Reef (18-075),18-075,2020-05-26T08:35:00Z,NA,0,a
John Brewer Reef (18-075),18-075,2020-05-26T08:33:00Z,NA,0,p
John Brewer Reef (18-075),18-075,2020-05-26T08:33:00Z,NA,0,a
John Brewer Reef (18-075),18-075,2020-05-26T08:31:00Z,NA,0,p
John Brewer Reef (18-075),18-075,2020-05-26T08:31:00Z,NA,0,a
John Brewer Reef (18-075),18-075,2020-05-26T08:28:00Z,NA,0,p
John Brewer Reef (18-075),18-075,2020-05-26T08:27:00Z,NA,0,a
John Brewer Reef (18-075),18-075,2020-05-26T08:25:00Z,NA,0,p
John Brewer Reef (18-075),18-075,2020-05-26T08:25:00Z,NA,0,a
John Brewer Reef (18-075),18-075,2020-05-26T08:23:00Z,NA,0,p
John Brewer Reef (18-075),18-075,2020-05-26T08:22:00Z,NA,0,a
John Brewer Reef (18-075),18-075,2020-05-26T08:20:00Z,NA,0,p
John Brewer Reef (18-075),18-075,2020-05-26T08:20:00Z,NA,0,a
John Brewer Reef (18-075),18-075,2020-05-26T08:18:00Z,NA,0,a
John Brewer Reef (18-075),18-075,2020-05-26T08:15:00Z,NA,0,a
John Brewer Reef (18-075),18-075,2020-05-26T08:14:00Z,NA,0,p
John Brewer Reef (18-075),18-075,2020-05-26T08:13:00Z,NA,0,a
John Brewer Reef (18-075),18-075,2020-05-26T08:12:00Z,NA,0,p
John Brewer Reef (18-075),18-075,2020-05-26T08:10:00Z,NA,0,a
John Brewer Reef (18-075),18-075,2020-05-26T08:08:00Z,NA,0,a
John Brewer Reef (18-075),18-075,2020-05-26T08:07:00Z,NA,0,a
John Brewer Reef (18-075),18-075,2020-05-26T08:05:00Z,NA,0,a
John Brewer Reef (18-075),18-075,2020-05-26T08:05:00Z,NA,0,a
John Brewer Reef (18-075),18-075,2020-05-26T08:03:00Z,NA,0,a
John Brewer Reef (18-075),18-075,2020-05-26T08:02:00Z,NA,0,p
John Brewer Reef (18-075),18-075,2020-05-26T08:00:00Z,NA,0,p
John Brewer Reef (18-075),18-075,2020-05-26T07:59:00Z,NA,0,a
John Brewer Reef (18-075),18-075,2020-05-26T07:58:00Z,NA,0,a
John Brewer Reef (18-075),18-075,2020-05-26T07:56:00Z,NA,0,p
John Brewer Reef (18-075),18-075,2020-05-26T07:55:00Z,NA,0,a
John Brewer Reef (18-075),18-075,2020-04-09T09:42:00Z,NA,0,a
John Brewer Reef (18-075),18-075,2020-04-09T09:42:00Z,NA,0,a
John Brewer Reef (18-075),18-075,2020-04-09T09:39:00Z,NA,0,a
John Brewer Reef (18-075),18-075,2020-04-09T09:39:00Z,NA,0,a
John Brewer Reef (18-075),18-075,2020-04-09T09:37:00Z,NA,0,a
John Brewer Reef (18-075),18-075,2020-04-09T09:36:00Z,NA,0,a
John Brewer Reef (18-075),18-075,2020-04-09T09:34:00Z,NA,0,a
John Brewer Reef (18-075),18-075,2020-04-09T09:34:00Z,NA,0,a
John Brewer Reef (18-075),18-075,2020-04-09T09:31:00Z,NA,0,a
John Brewer Reef (18-075),18-075,2020-04-09T09:31:00Z,NA,0,a
John Brewer Reef (18-075),18-075,2020-04-09T09:29:00Z,NA,0,a
John Brewer Reef (18-075),18-075,2020-04-09T09:27:00Z,NA,0,a
John Brewer Reef (18-075),18-075,2020-04-09T09:25:00Z,NA,0,a
John Brewer Reef (18-075),18-075,2020-04-09T09:23:00Z,NA,0,a
John Brewer Reef (18-075),18-075,2020-04-09T09:22:00Z,NA,0,a
John Brewer Reef (18-075),18-075,2020-04-09T09:20:00Z,NA,0,a
John Brewer Reef (18-075),18-075,2020-04-09T09:19:00Z,NA,0,a
John Brewer Reef (18-075),18-075,2020-04-09T09:17:00Z,NA,0,a
John Brewer Reef (18-075),18-075,2020-04-09T09:16:00Z,NA,0,p
John Brewer Reef (18-075),18-075,2020-04-09T09:15:00Z,NA,0,a
John Brewer Reef (18-075),18-075,2020-04-09T09:14:00Z,NA,0,a
John Brewer Reef (18-075),18-075,2020-04-09T09:11:00Z,NA,0,a
John Brewer Reef (18-075),18-075,2020-04-09T09:11:00Z,NA,0,a
John Brewer Reef (18-075),18-075,2020-04-09T09:09:00Z,NA,0,a
John Brewer Reef (18-075),18-075,2020-04-09T09:08:00Z,NA,0,a
John Brewer Reef (18-075),18-075,2020-04-09T09:07:00Z,NA,0,a
John Brewer Reef (18-075),18-075,2020-04-09T09:06:00Z,NA,0,a
John Brewer Reef (18-075),18-075,2020-04-09T09:03:00Z,NA,0,a
John Brewer Reef (18-075),18-075,2020-04-09T09:02:00Z,NA,0,a
John Brewer Reef (18-075),18-075,2020-04-09T09:00:00Z,NA,0,a
John Brewer Reef (18-075),18-075,2020-04-09T08:59:00Z,NA,0,a
John Brewer Reef (18-075),18-075,2020-04-09T08:58:00Z,NA,0,a
John Brewer Reef (18-075),18-075,2020-04-09T08:56:00Z,NA,0,a
John Brewer Reef (18-075),18-075,2020-04-09T08:55:00Z,NA,0,a
John Brewer Reef (18-075),18-075,2020-04-09T08:54:00Z,NA,0,a
John Brewer Reef (18-075),18-075,2020-04-09T08:52:00Z,NA,0,a
John Brewer Reef (18-075),18-075,2020-04-09T08:51:00Z,NA,0,a
John Brewer Reef (18-075),18-075,2020-04-09T08:48:00Z,NA,0,a
John Brewer Reef (18-075),18-075,2020-04-09T08:45:00Z,NA,0,a
John Brewer Reef (18-075),18-075,2020-04-09T08:43:00Z,NA,0,p
John Brewer Reef (18-075),18-075,2020-04-09T08:38:00Z,NA,0,a
John Brewer Reef (18-075),18-075,2020-04-09T08:37:00Z,NA,0,p
John Brewer Reef (18-075),18-075,2020-04-09T08:34:00Z,NA,0,p
John Brewer Reef (18-075),18-075,2020-04-09T08:32:00Z,NA,0,a
John Brewer Reef (18-075),18-075,2020-04-09T08:31:00Z,NA,1,a
John Brewer Reef (18-075),18-075,2020-04-09T08:29:00Z,NA,0,a
John Brewer Reef (18-075),18-075,2020-04-09T08:27:00Z,NA,0,a
John Brewer Reef (18-075),18-075,2020-04-09T08:26:00Z,NA,0,a
John Brewer Reef (18-075),18-075,2020-04-09T08:24:00Z,NA,0,a
John Brewer Reef (18-075),18-075,2020-04-09T08:24:00Z,NA,1,a
John Brewer Reef (18-075),18-075,2020-04-09T08:22:00Z,NA,1,a
John Brewer Reef (18-075),18-075,2020-04-09T08:21:00Z,NA,0,a
John Brewer Reef (18-075),18-075,2020-04-09T08:19:00Z,NA,0,a
John Brewer Reef (18-075),18-075,2020-04-09T08:19:00Z,NA,0,a
John Brewer Reef (18-075),18-075,2020-04-09T08:16:00Z,NA,0,a
John Brewer Reef (18-075),18-075,2020-04-09T08:16:00Z,NA,0,a
John Brewer Reef (18-075),18-075,2020-04-09T08:13:00Z,NA,0,a
John Brewer Reef (18-075),18-075,2020-04-09T08:13:00Z,NA,0,a
John Brewer Reef (18-075),18-075,2020-04-09T08:11:00Z,NA,0,a
John Brewer Reef (18-075),18-075,2020-04-09T08:09:00Z,NA,0,a
John Brewer Reef (18-075),18-075,2020-04-09T08:07:00Z,NA,0,p
John Brewer Reef (18-075),18-075,2020-04-09T08:07:00Z,NA,0,a
John Brewer Reef (18-075),18-075,2020-04-09T08:05:00Z,NA,0,a
John Brewer Reef (18-075),18-075,2020-04-09T08:04:00Z,NA,0,a
John Brewer Reef (18-075),18-075,2020-04-09T08:02:00Z,NA,0,a
John Brewer Reef (18-075),18-075,2020-04-09T08:01:00Z,NA,0,a
John Brewer Reef (18-075),18-075,2020-04-09T08:00:00Z,NA,0,a
John Brewer Reef (18-075),18-075,2020-04-09T07:58:00Z,NA,0,a
John Brewer Reef (18-075),18-075,2020-04-09T07:56:00Z,NA,0,a
John Brewer Reef (18-075),18-075,2020-04-09T07:55:00Z,NA,0,a
John Brewer Reef (18-075),18-075,2020-04-09T07:54:00Z,NA,0,p
John Brewer Reef (18-075),18-075,2020-04-09T07:53:00Z,NA,0,a
John Brewer Reef (18-075),18-075,2020-04-09T07:51:00Z,NA,0,a
John Brewer Reef (18-075),18-075,2020-04-09T07:50:00Z,NA,0,a
John Brewer Reef (18-075),18-075,2020-04-09T07:49:00Z,NA,0,a
John Brewer Reef (18-075),18-075,2020-04-09T07:47:00Z,NA,0,a
John Brewer Reef (18-075),18-075,2020-04-09T07:46:00Z,NA,0,a
John Brewer Reef (18-075),18-075,2020-01-25T15:14:00Z,NA,0,p
John Brewer Reef (18-075),18-075,2020-01-25T15:10:00Z,NA,0,p
John Brewer Reef (18-075),18-075,2020-01-25T15:08:00Z,NA,0,p
John Brewer Reef (18-075),18-075,2020-01-25T15:05:00Z,NA,0,p
John Brewer Reef (18-075),18-075,2020-01-25T15:04:00Z,NA,0,p
John Brewer Reef (18-075),18-075,2020-01-25T15:02:00Z,NA,0,p
John Brewer Reef (18-075),18-075,2020-01-25T15:01:00Z,NA,0,p
John Brewer Reef (18-075),18-075,2020-01-25T14:59:00Z,NA,0,p
John Brewer Reef (18-075),18-075,2020-01-25T14:57:00Z,NA,0,p
John Brewer Reef (18-075),18-075,2020-01-25T14:54:00Z,NA,0,p
John Brewer Reef (18-075),18-075,2020-01-25T14:45:00Z,NA,0,p
John Brewer Reef (18-075),18-075,2020-01-25T14:42:00Z,NA,0,p
John Brewer Reef (18-075),18-075,2020-01-25T14:39:00Z,NA,0,p
John Brewer Reef (18-075),18-075,2020-01-25T14:37:00Z,NA,0,p
John Brewer Reef (18-075),18-075,2020-01-25T14:37:00Z,NA,0,a
John Brewer Reef (18-075),18-075,2020-01-25T14:35:00Z,NA,0,p
John Brewer Reef (18-075),18-075,2020-01-25T14:34:00Z,NA,0,a
John Brewer Reef (18-075),18-075,2020-01-25T14:32:00Z,NA,0,p
John Brewer Reef (18-075),18-075,2020-01-25T14:31:00Z,NA,0,a
John Brewer Reef (18-075),18-075,2020-01-25T14:30:00Z,NA,0,a
John Brewer Reef (18-075),18-075,2020-01-25T14:28:00Z,NA,0,a
John Brewer Reef (18-075),18-075,2020-01-25T14:26:00Z,NA,0,a
John Brewer Reef (18-075),18-075,2020-01-25T14:26:00Z,NA,0,p
John Brewer Reef (18-075),18-075,2020-01-25T14:24:00Z,NA,0,a
John Brewer Reef (18-075),18-075,2020-01-25T14:22:00Z,NA,0,a
John Brewer Reef (18-075),18-075,2020-01-25T14:21:00Z,NA,0,p
John Brewer Reef (18-075),18-075,2020-01-25T14:20:00Z,NA,0,p
John Brewer Reef (18-075),18-075,2020-01-25T14:19:00Z,NA,0,a
John Brewer Reef (18-075),18-075,2020-01-25T14:16:00Z,NA,0,a
John Brewer Reef (18-075),18-075,2020-01-25T14:14:00Z,NA,0,a
John Brewer Reef (18-075),18-075,2020-01-25T14:13:00Z,NA,0,p
John Brewer Reef (18-075),18-075,2020-01-25T14:11:00Z,NA,0,a
John Brewer Reef (18-075),18-075,2020-01-25T14:10:00Z,NA,0,p
John Brewer Reef (18-075),18-075,2020-01-25T14:08:00Z,NA,0,p
John Brewer Reef (18-075),18-075,2020-01-25T14:07:00Z,NA,0,p
John Brewer Reef (18-075),18-075,2020-01-25T14:06:00Z,NA,0,p
John Brewer Reef (18-075),18-075,2020-01-25T14:03:00Z,NA,0,p
John Brewer Reef (18-075),18-075,2020-01-25T14:03:00Z,NA,1,p
John Brewer Reef (18-075),18-075,2020-01-25T13:59:00Z,NA,0,p
John Brewer Reef (18-075),18-075,2020-01-25T13:56:00Z,NA,0,p
John Brewer Reef (18-075),18-075,2020-01-25T13:53:00Z,NA,0,a
John Brewer Reef (18-075),18-075,2020-01-25T13:49:00Z,NA,0,p
John Brewer Reef (18-075),18-075,2020-01-25T13:47:00Z,NA,0,p
John Brewer Reef (18-075),18-075,2020-01-25T13:47:00Z,NA,0,p
John Brewer Reef (18-075),18-075,2020-01-25T13:45:00Z,NA,0,p
John Brewer Reef (18-075),18-075,2020-01-25T13:42:00Z,NA,0,a
John Brewer Reef (18-075),18-075,2020-01-25T13:40:00Z,NA,0,p
John Brewer Reef (18-075),18-075,2020-01-25T13:40:00Z,NA,0,p
John Brewer Reef (18-075),18-075,2020-01-25T13:37:00Z,NA,0,p
John Brewer Reef (18-075),18-075,2020-01-25T13:36:00Z,NA,0,p
John Brewer Reef (18-075),18-075,2020-01-25T13:34:00Z,NA,0,p
John Brewer Reef (18-075),18-075,2020-01-25T13:34:00Z,NA,0,p
John Brewer Reef (18-075),18-075,2020-01-25T13:31:00Z,NA,0,p
John Brewer Reef (18-075),18-075,2020-01-25T13:31:00Z,NA,0,p
John Brewer Reef (18-075),18-075,2020-01-25T13:28:00Z,NA,1,p
John Brewer Reef (18-075),18-075,2020-01-25T13:28:00Z,NA,0,p
John Brewer Reef (18-075),18-075,2020-01-25T13:26:00Z,NA,0,p
John Brewer Reef (18-075),18-075,2020-01-25T13:26:00Z,NA,0,c
John Brewer Reef (18-075),18-075,2020-01-25T13:23:00Z,NA,0,p
John Brewer Reef (18-075),18-075,2020-01-25T13:20:00Z,NA,0,p
John Brewer Reef (18-075),18-075,2020-01-25T13:19:00Z,NA,1,p
John Brewer Reef (18-075),18-075,2020-01-25T13:18:00Z,NA,0,p
John Brewer Reef (18-075),18-075,2020-01-25T13:16:00Z,NA,3,p
John Brewer Reef (18-075),18-075,2020-01-25T13:15:00Z,NA,0,p
John Brewer Reef (18-075),18-075,2020-01-25T13:13:00Z,NA,0,p
John Brewer Reef (18-075),18-075,2020-01-25T13:11:00Z,NA,0,a
John Brewer Reef (18-075),18-075,2020-01-25T13:11:00Z,NA,0,p
John Brewer Reef (18-075),18-075,2020-01-25T13:08:00Z,NA,0,p
John Brewer Reef (18-075),18-075,2020-01-25T13:08:00Z,NA,0,p
John Brewer Reef (18-075),18-075,2020-01-25T13:06:00Z,NA,0,p
John Brewer Reef (18-075),18-075,2020-01-25T13:05:00Z,NA,0,a
John Brewer Reef (18-075),18-075,2020-01-25T13:03:00Z,NA,0,p
John Brewer Reef (18-075),18-075,2020-01-25T13:01:00Z,NA,0,p
John Brewer Reef (18-075),18-075,2020-01-25T13:01:00Z,NA,0,p
John Brewer Reef (18-075),18-075,2020-01-25T12:59:00Z,NA,1,a
John Brewer Reef (18-075),18-075,2020-01-25T12:57:00Z,NA,1,p
John Brewer Reef (18-075),18-075,2020-01-25T12:57:00Z,NA,0,p
John Brewer Reef (18-075),18-075,2020-01-25T11:15:00Z,NA,0,p
John Brewer Reef (18-075),18-075,2020-01-25T11:11:00Z,NA,0,p
John Brewer Reef (18-075),18-075,2020-01-25T11:10:00Z,NA,0,p
John Brewer Reef (18-075),18-075,2020-01-25T11:08:00Z,NA,0,p
John Brewer Reef (18-075),18-075,2020-01-25T11:07:00Z,NA,0,p
John Brewer Reef (18-075),18-075,2020-01-25T11:05:00Z,NA,0,p
John Brewer Reef (18-075),18-075,2020-01-25T11:03:00Z,NA,1,p
John Brewer Reef (18-075),18-075,2020-01-25T11:00:00Z,NA,0,p
John Brewer Reef (18-075),18-075,2020-01-25T10:58:00Z,NA,0,p
John Brewer Reef (18-075),18-075,2020-01-25T10:57:00Z,NA,0,p
John Brewer Reef (18-075),18-075,2020-01-25T10:55:00Z,NA,0,a
John Brewer Reef (18-075),18-075,2020-01-25T10:54:00Z,NA,0,p
John Brewer Reef (18-075),18-075,2020-01-25T10:52:00Z,NA,0,p
John Brewer Reef (18-075),18-075,2020-01-25T10:51:00Z,NA,0,p
John Brewer Reef (18-075),18-075,2020-01-25T10:50:00Z,NA,0,a
John Brewer Reef (18-075),18-075,2020-01-25T10:48:00Z,NA,0,p
John Brewer Reef (18-075),18-075,2020-01-25T10:47:00Z,NA,0,a
John Brewer Reef (18-075),18-075,2020-01-25T10:46:00Z,NA,0,a
John Brewer Reef (18-075),18-075,2020-01-25T10:44:00Z,NA,0,p
John Brewer Reef (18-075),18-075,2020-01-25T10:42:00Z,NA,0,a
John Brewer Reef (18-075),18-075,2020-01-25T10:42:00Z,NA,0,a
John Brewer Reef (18-075),18-075,2020-01-25T10:39:00Z,NA,0,a
John Brewer Reef (18-075),18-075,2020-01-25T10:37:00Z,NA,0,p
John Brewer Reef (18-075),18-075,2020-01-25T10:34:00Z,NA,0,a
John Brewer Reef (18-075),18-075,2020-01-25T10:34:00Z,NA,0,a
John Brewer Reef (18-075),18-075,2020-01-25T10:31:00Z,NA,0,p
John Brewer Reef (18-075),18-075,2020-01-25T10:31:00Z,NA,0,a
John Brewer Reef (18-075),18-075,2020-01-25T10:29:00Z,NA,1,p
John Brewer Reef (18-075),18-075,2020-01-25T10:26:00Z,NA,0,a
John Brewer Reef (18-075),18-075,2020-01-25T10:25:00Z,NA,0,a
John Brewer Reef (18-075),18-075,2020-01-25T10:24:00Z,NA,1,a
John Brewer Reef (18-075),18-075,2020-01-25T10:22:00Z,NA,0,a
John Brewer Reef (18-075),18-075,2020-01-25T10:22:00Z,NA,0,a
John Brewer Reef (18-075),18-075,2020-01-25T10:20:00Z,NA,0,a
John Brewer Reef (18-075),18-075,2020-01-25T10:19:00Z,NA,0,a
John Brewer Reef (18-075),18-075,2020-01-25T10:18:00Z,NA,0,a
John Brewer Reef (18-075),18-075,2020-01-25T10:15:00Z,NA,0,a
John Brewer Reef (18-075),18-075,2020-01-25T10:14:00Z,NA,0,a
John Brewer Reef (18-075),18-075,2020-01-25T10:12:00Z,NA,0,a
John Brewer Reef (18-075),18-075,2020-01-25T10:10:00Z,NA,0,p
John Brewer Reef (18-075),18-075,2020-01-25T10:09:00Z,NA,0,a
John Brewer Reef (18-075),18-075,2020-01-25T10:07:00Z,NA,0,a
John Brewer Reef (18-075),18-075,2020-01-25T10:07:00Z,NA,0,a
John Brewer Reef (18-075),18-075,2020-01-25T10:05:00Z,NA,0,a
John Brewer Reef (18-075),18-075,2020-01-25T10:04:00Z,NA,0,a
John Brewer Reef (18-075),18-075,2020-01-25T10:02:00Z,NA,0,a
John Brewer Reef (18-075),18-075,2020-01-25T10:01:00Z,NA,0,p
John Brewer Reef (18-075),18-075,2020-01-25T10:00:00Z,NA,0,a
John Brewer Reef (18-075),18-075,2020-01-25T09:57:00Z,NA,0,a
John Brewer Reef (18-075),18-075,2020-01-25T09:55:00Z,NA,0,a
John Brewer Reef (18-075),18-075,2020-01-25T09:52:00Z,NA,0,a
John Brewer Reef (18-075),18-075,2020-01-25T09:52:00Z,NA,0,p
John Brewer Reef (18-075),18-075,2020-01-25T09:50:00Z,NA,0,a
John Brewer Reef (18-075),18-075,2020-01-25T09:49:00Z,NA,0,p
John Brewer Reef (18-075),18-075,2020-01-25T09:46:00Z,NA,0,p
John Brewer Reef (18-075),18-075,2020-01-25T09:44:00Z,NA,0,p
John Brewer Reef (18-075),18-075,2020-01-25T09:41:00Z,NA,0,p
John Brewer Reef (18-075),18-075,2020-01-25T09:39:00Z,NA,0,p
John Brewer Reef (18-075),18-075,2020-01-25T09:31:00Z,NA,0,p
John Brewer Reef (18-075),18-075,2020-01-25T09:31:00Z,NA,0,p
John Brewer Reef (18-075),18-075,2020-01-25T09:29:00Z,NA,0,p
John Brewer Reef (18-075),18-075,2020-01-25T09:28:00Z,NA,0,p
John Brewer Reef (18-075),18-075,2020-01-25T09:26:00Z,NA,0,p
John Brewer Reef (18-075),18-075,2020-01-25T09:25:00Z,NA,0,p
John Brewer Reef (18-075),18-075,2020-01-25T09:24:00Z,NA,0,a
John Brewer Reef (18-075),18-075,2020-01-25T09:22:00Z,NA,0,p
John Brewer Reef (18-075),18-075,2020-01-25T09:21:00Z,NA,0,p
John Brewer Reef (18-075),18-075,2020-01-25T09:18:00Z,NA,0,a
John Brewer Reef (18-075),18-075,2020-01-25T09:16:00Z,NA,0,a
John Brewer Reef (18-075),18-075,2020-01-25T09:15:00Z,NA,0,p
John Brewer Reef (18-075),18-075,2020-01-25T09:13:00Z,NA,0,p
John Brewer Reef (18-075),18-075,2020-01-25T09:12:00Z,NA,0,p
John Brewer Reef (18-075),18-075,2020-01-25T09:09:00Z,NA,0,p
John Brewer Reef (18-075),18-075,2020-01-25T09:07:00Z,NA,0,p
John Brewer Reef (18-075),18-075,2020-01-25T09:06:00Z,NA,0,a
John Brewer Reef (18-075),18-075,2020-01-25T09:04:00Z,NA,0,a
John Brewer Reef (18-075),18-075,2020-01-25T09:04:00Z,NA,0,p
John Brewer Reef (18-075),18-075,2020-01-25T09:01:00Z,NA,0,p
John Brewer Reef (18-075),18-075,2020-01-25T09:01:00Z,NA,0,a
John Brewer Reef (18-075),18-075,2020-01-25T08:59:00Z,NA,0,p
John Brewer Reef (18-075),18-075,2020-01-25T08:58:00Z,NA,0,a
John Brewer Reef (18-075),18-075,2020-01-25T08:56:00Z,NA,0,p
John Brewer Reef (18-075),18-075,2020-01-25T08:55:00Z,NA,0,a
John Brewer Reef (18-075),18-075,2020-01-25T08:54:00Z,NA,0,p
John Brewer Reef (18-075),18-075,2020-01-25T08:52:00Z,NA,0,a
John Brewer Reef (18-075),18-075,2020-01-25T08:51:00Z,NA,0,p
John Brewer Reef (18-075),18-075,2020-01-25T08:48:00Z,NA,0,p
John Brewer Reef (18-075),18-075,2020-01-25T08:45:00Z,NA,0,a
John Brewer Reef (18-075),18-075,2020-01-25T08:44:00Z,NA,0,p
John Brewer Reef (18-075),18-075,2020-01-25T08:42:00Z,NA,0,p
John Brewer Reef (18-075),18-075,2020-01-25T08:42:00Z,NA,0,a
John Brewer Reef (18-075),18-075,2020-01-25T08:38:00Z,NA,0,p
John Brewer Reef (18-075),18-075,2020-01-25T08:35:00Z,NA,0,p
John Brewer Reef (18-075),18-075,2020-01-25T08:33:00Z,NA,0,a
John Brewer Reef (18-075),18-075,2020-01-25T08:33:00Z,NA,0,p
John Brewer Reef (18-075),18-075,2020-01-25T08:31:00Z,NA,0,a
John Brewer Reef (18-075),18-075,2020-01-25T08:30:00Z,NA,0,p
John Brewer Reef (18-075),18-075,2020-01-25T08:28:00Z,NA,0,a
John Brewer Reef (18-075),18-075,2020-01-25T08:27:00Z,NA,0,p
John Brewer Reef (18-075),18-075,2020-01-25T08:26:00Z,NA,0,p
John Brewer Reef (18-075),18-075,2020-01-25T08:24:00Z,NA,0,p
John Brewer Reef (18-075),18-075,2020-01-25T08:23:00Z,NA,0,a
John Brewer Reef (18-075),18-075,2020-01-25T08:22:00Z,NA,0,p
John Brewer Reef (18-075),18-075,2020-01-25T08:21:00Z,NA,0,a
John Brewer Reef (18-075),18-075,2020-01-25T08:19:00Z,NA,0,p
John Brewer Reef (18-075),18-075,2020-01-25T08:18:00Z,NA,0,a
John Brewer Reef (18-075),18-075,2020-01-25T08:16:00Z,NA,0,a
John Brewer Reef (18-075),18-075,2020-01-25T08:16:00Z,NA,0,p
John Brewer Reef (18-075),18-075,2020-01-25T08:13:00Z,NA,0,a
John Brewer Reef (18-075),18-075,2020-01-25T08:10:00Z,NA,0,p
John Brewer Reef (18-075),18-075,2020-01-25T08:08:00Z,NA,0,a
John Brewer Reef (18-075),18-075,2020-01-25T08:07:00Z,NA,0,p
John Brewer Reef (18-075),18-075,2020-01-25T08:05:00Z,NA,0,p
John Brewer Reef (18-075),18-075,2020-01-25T08:04:00Z,NA,0,p
John Brewer Reef (18-075),18-075,2020-01-25T08:03:00Z,NA,0,p
John Brewer Reef (18-075),18-075,2020-01-25T08:02:00Z,NA,0,p
John Brewer Reef (18-075),18-075,2020-01-25T08:01:00Z,NA,0,p
John Brewer Reef (18-075),18-075,2020-01-25T08:00:00Z,NA,0,a
John Brewer Reef (18-075),18-075,2020-01-25T07:59:00Z,NA,0,p
John Brewer Reef (18-075),18-075,2020-01-25T07:58:00Z,NA,0,a
John Brewer Reef (18-075),18-075,2020-01-25T07:56:00Z,NA,0,p
John Brewer Reef (18-075),18-075,2020-01-25T07:55:00Z,NA,0,a
John Brewer Reef (18-075),18-075,2020-01-25T07:53:00Z,NA,0,p
John Brewer Reef (18-075),18-075,2020-01-25T07:53:00Z,NA,0,p
John Brewer Reef (18-075),18-075,2020-01-25T07:50:00Z,NA,0,a
John Brewer Reef (18-075),18-075,2020-01-25T07:47:00Z,NA,0,p
John Brewer Reef (18-075),18-075,2020-01-25T07:45:00Z,NA,0,a
John Brewer Reef (18-075),18-075,2020-01-25T07:45:00Z,NA,0,p
John Brewer Reef (18-075),18-075,2023-04-09T00:00:00Z,NA,0,a
John Brewer Reef (18-075),18-075,2023-04-09T00:00:00Z,NA,0,a
John Brewer Reef (18-075),18-075,2023-04-09T00:00:00Z,NA,0,a
John Brewer Reef (18-075),18-075,2023-04-09T00:00:00Z,NA,0,a
John Brewer Reef (18-075),18-075,2023-04-09T00:00:00Z,NA,0,a
John Brewer Reef (18-075),18-075,2023-04-09T00:00:00Z,NA,0,a
John Brewer Reef (18-075),18-075,2023-04-09T00:00:00Z,NA,0,a
John Brewer Reef (18-075),18-075,2023-04-09T00:00:00Z,NA,0,a
John Brewer Reef (18-075),18-075,2023-04-09T00:00:00Z,NA,0,p
John Brewer Reef (18-075),18-075,2020-09-30T14:26:00Z,NA,2,c
John Brewer Reef (18-075),18-075,2020-09-30T14:24:00Z,NA,1,p
John Brewer Reef (18-075),18-075,2020-09-30T14:22:00Z,NA,0,p
John Brewer Reef (18-075),18-075,2020-09-30T14:19:00Z,NA,0,c
John Brewer Reef (18-075),18-075,2020-09-30T14:17:00Z,NA,0,a
John Brewer Reef (18-075),18-075,2020-09-30T14:15:00Z,NA,0,p
John Brewer Reef (18-075),18-075,2020-09-30T14:13:00Z,NA,0,a
John Brewer Reef (18-075),18-075,2020-09-30T14:11:00Z,NA,1,p
John Brewer Reef (18-075),18-075,2020-09-30T14:04:00Z,NA,0,p
John Brewer Reef (18-075),18-075,2020-09-30T14:01:00Z,NA,2,c
John Brewer Reef (18-075),18-075,2020-09-30T13:59:00Z,NA,0,c
John Brewer Reef (18-075),18-075,2020-09-30T13:57:00Z,NA,2,c
John Brewer Reef (18-075),18-075,2020-09-30T13:54:00Z,NA,2,c
John Brewer Reef (18-075),18-075,2020-09-30T13:52:00Z,NA,1,c
John Brewer Reef (18-075),18-075,2020-09-30T13:50:00Z,NA,2,c
John Brewer Reef (18-075),18-075,2020-09-30T13:47:00Z,NA,3,c
John Brewer Reef (18-075),18-075,2020-09-30T13:45:00Z,NA,0,p
John Brewer Reef (18-075),18-075,2020-09-30T13:43:00Z,NA,1,p
John Brewer Reef (18-075),18-075,2020-09-30T13:41:00Z,NA,1,c
John Brewer Reef (18-075),18-075,2020-09-30T13:38:00Z,NA,1,p
John Brewer Reef (18-075),18-075,2020-09-30T13:36:00Z,NA,1,c
John Brewer Reef (18-075),18-075,2020-09-30T13:34:00Z,NA,0,a
John Brewer Reef (18-075),18-075,2020-09-30T13:31:00Z,NA,2,p
John Brewer Reef (18-075),18-075,2020-09-30T13:29:00Z,NA,2,c
John Brewer Reef (18-075),18-075,2020-09-30T13:27:00Z,NA,1,c
John Brewer Reef (18-075),18-075,2020-09-30T13:25:00Z,NA,1,c
John Brewer Reef (18-075),18-075,2020-09-30T13:22:00Z,NA,1,p
John Brewer Reef (18-075),18-075,2020-09-30T13:20:00Z,NA,0,p
John Brewer Reef (18-075),18-075,2020-09-29T11:22:00Z,NA,0,p
John Brewer Reef (18-075),18-075,2020-09-29T11:20:00Z,NA,0,p
John Brewer Reef (18-075),18-075,2020-09-29T11:17:00Z,NA,0,p
John Brewer Reef (18-075),18-075,2020-09-29T11:15:00Z,NA,0,p
John Brewer Reef (18-075),18-075,2020-09-29T11:13:00Z,NA,0,a
John Brewer Reef (18-075),18-075,2020-09-29T11:10:00Z,NA,0,p
John Brewer Reef (18-075),18-075,2020-09-29T11:08:00Z,NA,0,p
John Brewer Reef (18-075),18-075,2020-09-29T11:05:00Z,NA,0,p
John Brewer Reef (18-075),18-075,2020-09-29T10:49:00Z,NA,0,c
John Brewer Reef (18-075),18-075,2020-09-29T10:47:00Z,NA,0,c
Batt Reef (16-029),16-029,2026-01-12T10:37:00Z,0,0,a
Batt Reef (16-029),16-029,2026-01-12T10:35:00Z,0,0,a
Batt Reef (16-029),16-029,2026-01-12T10:32:00Z,0,0,a
Batt Reef (16-029),16-029,2026-01-12T10:30:00Z,0,0,a
Batt Reef (16-029),16-029,2026-01-12T10:27:00Z,0,0,a
Batt Reef (16-029),16-029,2026-01-12T10:25:00Z,0,0,a
Batt Reef (16-029),16-029,2026-01-12T10:22:00Z,0,0,a
Batt Reef (16-029),16-029,2026-01-12T10:20:00Z,0,0,a
Batt Reef (16-029),16-029,2026-01-12T10:18:00Z,0,0,a
Batt Reef (16-029),16-029,2026-01-12T10:16:00Z,0,0,a
Batt Reef (16-029),16-029,2026-01-12T10:14:00Z,0,0,a
Batt Reef (16-029),16-029,2026-01-12T10:13:00Z,0,0,a
Batt Reef (16-029),16-029,2026-01-12T10:12:00Z,0,0,a
Batt Reef (16-029),16-029,2026-01-12T10:11:00Z,0,0,a
Batt Reef (16-029),16-029,2026-01-12T10:09:00Z,0,0,a
Batt Reef (16-029),16-029,2026-01-12T10:09:00Z,0,0,a
Batt Reef (16-029),16-029,2026-01-12T10:07:00Z,0,0,a
Batt Reef (16-029),16-029,2026-01-12T10:06:00Z,0,0,a
Batt Reef (16-029),16-029,2026-01-12T10:05:00Z,0,0,a
Batt Reef (16-029),16-029,2026-01-12T10:04:00Z,0,0,a
Batt Reef (16-029),16-029,2026-01-12T10:02:00Z,0,0,a
Batt Reef (16-029),16-029,2026-01-12T10:02:00Z,0,0,a
Batt Reef (16-029),16-029,2026-01-12T10:00:00Z,0,0,a
Batt Reef (16-029),16-029,2026-01-12T09:59:00Z,1,0,p
Batt Reef (16-029),16-029,2026-01-12T09:57:00Z,0,0,a
Batt Reef (16-029),16-029,2026-01-12T09:56:00Z,1,0,p
Batt Reef (16-029),16-029,2026-01-12T09:55:00Z,0,0,a
Batt Reef (16-029),16-029,2026-01-12T09:54:00Z,3,2,p
Batt Reef (16-029),16-029,2026-01-12T09:53:00Z,0,0,a
Batt Reef (16-029),16-029,2026-01-12T09:51:00Z,0,1,a
Batt Reef (16-029),16-029,2026-01-12T09:51:00Z,0,0,a
Batt Reef (16-029),16-029,2026-01-12T09:49:00Z,2,0,p
Batt Reef (16-029),16-029,2026-01-12T09:48:00Z,0,0,a
Batt Reef (16-029),16-029,2026-01-12T09:46:00Z,0,0,a
Batt Reef (16-029),16-029,2026-01-12T09:46:00Z,0,0,a
Batt Reef (16-029),16-029,2026-01-12T09:44:00Z,0,0,a
Batt Reef (16-029),16-029,2026-01-12T09:42:00Z,0,0,a
Batt Reef (16-029),16-029,2026-01-12T09:39:00Z,0,0,a
Batt Reef (16-029),16-029,2026-01-12T09:37:00Z,1,0,p
Batt Reef (16-029),16-029,2026-01-12T09:37:00Z,0,0,a
Batt Reef (16-029),16-029,2026-01-12T09:34:00Z,0,0,a
Batt Reef (16-029),16-029,2026-01-12T09:32:00Z,1,0,p
Batt Reef (16-029),16-029,2026-01-12T09:29:00Z,3,0,p
Batt Reef (16-029),16-029,2026-01-12T09:27:00Z,2,0,p
Batt Reef (16-029),16-029,2026-01-12T09:25:00Z,0,0,a
Batt Reef (16-029),16-029,2026-01-12T09:22:00Z,0,0,a
Batt Reef (16-029),16-029,2026-01-12T09:20:00Z,0,0,a
Batt Reef (16-029),16-029,2026-01-12T09:17:00Z,0,0,a
Batt Reef (16-029),16-029,2026-01-12T09:15:00Z,0,0,a
Batt Reef (16-029),16-029,2026-01-12T09:11:00Z,0,0,a
Batt Reef (16-029),16-029,2026-01-12T09:09:00Z,0,0,a
Batt Reef (16-029),16-029,2026-01-12T09:06:00Z,0,0,a
Batt Reef (16-029),16-029,2026-01-12T09:04:00Z,0,0,a
Batt Reef (16-029),16-029,2026-01-12T09:01:00Z,0,0,a
Batt Reef (16-029),16-029,2026-01-12T08:59:00Z,0,0,a
Batt Reef (16-029),16-029,2026-01-12T08:56:00Z,0,0,a
Batt Reef (16-029),16-029,2026-01-12T08:54:00Z,0,0,a
Batt Reef (16-029),16-029,2026-01-12T08:51:00Z,0,0,a
Batt Reef (16-029),16-029,2026-01-12T08:47:00Z,0,0,a
Batt Reef (16-029),16-029,2026-01-12T08:44:00Z,0,0,a
Batt Reef (16-029),16-029,2026-01-12T08:42:00Z,1,0,p
Batt Reef (16-029),16-029,2026-01-12T08:40:00Z,0,0,a
Batt Reef (16-029),16-029,2026-01-12T08:37:00Z,0,0,a
Batt Reef (16-029),16-029,2026-01-12T08:35:00Z,0,0,a
Batt Reef (16-029),16-029,2026-01-12T08:32:00Z,0,0,a
Batt Reef (16-029),16-029,2026-01-12T08:30:00Z,0,0,a
Batt Reef (16-029),16-029,2026-01-12T08:28:00Z,0,0,a
Batt Reef (16-029),16-029,2026-01-12T08:25:00Z,1,0,p
Batt Reef (16-029),16-029,2026-01-12T08:22:00Z,3,0,p
Batt Reef (16-029),16-029,2026-01-12T08:20:00Z,2,0,p
Batt Reef (16-029),16-029,2026-01-12T08:18:00Z,0,0,a
Batt Reef (16-029),16-029,2026-01-12T08:15:00Z,0,0,a
Batt Reef (16-029),16-029,2026-01-12T08:13:00Z,0,0,a
Batt Reef (16-029),16-029,2026-01-12T08:11:00Z,0,0,a
Batt Reef (16-029),16-029,2026-01-12T08:09:00Z,0,0,a
Batt Reef (16-029),16-029,2026-01-12T08:06:00Z,0,0,a
Batt Reef (16-029),16-029,2026-01-12T08:04:00Z,0,0,a
Batt Reef (16-029),16-029,2026-01-12T08:01:00Z,0,0,a
Batt Reef (16-029),16-029,2025-08-04T14:33:00Z,1,0,p
Batt Reef (16-029),16-029,2025-08-04T14:30:00Z,0,0,a
Batt Reef (16-029),16-029,2025-08-04T14:28:00Z,1,0,p
Batt Reef (16-029),16-029,2025-08-04T14:26:00Z,2,0,p
Batt Reef (16-029),16-029,2025-08-04T14:23:00Z,0,0,a
Batt Reef (16-029),16-029,2025-08-04T14:21:00Z,1,0,p
Batt Reef (16-029),16-029,2025-08-04T14:19:00Z,0,0,a
Batt Reef (16-029),16-029,2025-08-04T14:16:00Z,0,0,a
Batt Reef (16-029),16-029,2025-08-04T14:14:00Z,0,0,a
Batt Reef (16-029),16-029,2025-08-04T14:12:00Z,0,0,a
Batt Reef (16-029),16-029,2025-08-04T14:09:00Z,1,0,p
Batt Reef (16-029),16-029,2025-08-04T14:07:00Z,0,0,a
Batt Reef (16-029),16-029,2025-08-04T14:05:00Z,0,0,a
Batt Reef (16-029),16-029,2025-08-04T14:02:00Z,1,0,p
Batt Reef (16-029),16-029,2025-08-04T14:00:00Z,0,0,a
Batt Reef (16-029),16-029,2025-08-04T13:58:00Z,0,0,a
Batt Reef (16-029),16-029,2025-08-04T13:56:00Z,0,0,a
Batt Reef (16-029),16-029,2025-08-04T13:53:00Z,0,0,a
Batt Reef (16-029),16-029,2025-08-04T13:51:00Z,1,0,p
Batt Reef (16-029),16-029,2025-08-04T13:49:00Z,2,0,p
Batt Reef (16-029),16-029,2025-08-04T13:46:00Z,0,0,a
Batt Reef (16-029),16-029,2025-08-04T13:42:00Z,0,0,a
Batt Reef (16-029),16-029,2025-08-04T13:36:00Z,0,0,a
Batt Reef (16-029),16-029,2025-08-04T13:33:00Z,0,0,a
Batt Reef (16-029),16-029,2025-08-04T13:31:00Z,0,0,a
Batt Reef (16-029),16-029,2025-08-04T13:29:00Z,0,0,a
Batt Reef (16-029),16-029,2025-08-04T13:26:00Z,0,0,a
Batt Reef (16-029),16-029,2025-08-04T13:22:00Z,0,0,a
Batt Reef (16-029),16-029,2025-08-04T13:19:00Z,0,0,a
Batt Reef (16-029),16-029,2025-08-04T13:17:00Z,0,0,a
Batt Reef (16-029),16-029,2025-08-04T13:14:00Z,0,0,a
Batt Reef (16-029),16-029,2025-08-04T13:12:00Z,4,0,p
Batt Reef (16-029),16-029,2025-08-04T13:09:00Z,0,0,a
Batt Reef (16-029),16-029,2025-08-04T13:07:00Z,0,0,a
Batt Reef (16-029),16-029,2025-08-04T13:05:00Z,3,0,p
Batt Reef (16-029),16-029,2025-08-04T13:02:00Z,0,0,a
Batt Reef (16-029),16-029,2025-08-04T13:00:00Z,3,0,p
Batt Reef (16-029),16-029,2025-08-04T12:58:00Z,1,0,p
Batt Reef (16-029),16-029,2025-08-04T12:55:00Z,2,0,p
Batt Reef (16-029),16-029,2025-08-04T12:53:00Z,4,0,p
Batt Reef (16-029),16-029,2025-08-04T12:51:00Z,1,0,p
Batt Reef (16-029),16-029,2025-08-04T12:48:00Z,3,0,p
Batt Reef (16-029),16-029,2025-08-04T12:46:00Z,0,0,a
Batt Reef (16-029),16-029,2025-08-04T12:44:00Z,2,0,p
Batt Reef (16-029),16-029,2025-08-04T12:42:00Z,0,0,a
Batt Reef (16-029),16-029,2025-08-04T12:38:00Z,0,0,a
Batt Reef (16-029),16-029,2025-08-04T12:35:00Z,3,0,p
Batt Reef (16-029),16-029,2025-08-04T12:33:00Z,0,0,a
Batt Reef (16-029),16-029,2025-08-04T12:30:00Z,0,0,a
Batt Reef (16-029),16-029,2025-08-04T12:28:00Z,0,0,a
Batt Reef (16-029),16-029,2025-08-04T12:26:00Z,0,0,a
Batt Reef (16-029),16-029,2025-08-04T12:23:00Z,4,0,p
Batt Reef (16-029),16-029,2025-08-04T12:21:00Z,2,0,p
Batt Reef (16-029),16-029,2025-08-04T12:18:00Z,0,0,a
Batt Reef (16-029),16-029,2025-08-04T12:14:00Z,0,0,a
Batt Reef (16-029),16-029,2025-08-04T12:12:00Z,4,1,p
Batt Reef (16-029),16-029,2025-08-04T12:09:00Z,1,0,p
Batt Reef (16-029),16-029,2025-08-04T12:07:00Z,0,0,a
Batt Reef (16-029),16-029,2025-08-04T12:05:00Z,2,0,p
Batt Reef (16-029),16-029,2025-08-04T12:02:00Z,3,0,p
Batt Reef (16-029),16-029,2025-08-04T11:59:00Z,1,0,p
Batt Reef (16-029),16-029,2025-08-04T11:57:00Z,0,0,a
Batt Reef (16-029),16-029,2025-08-04T11:53:00Z,0,0,a
Batt Reef (16-029),16-029,2025-08-04T11:51:00Z,0,1,a
Batt Reef (16-029),16-029,2025-08-04T11:49:00Z,0,0,a
Batt Reef (16-029),16-029,2025-08-04T11:46:00Z,0,0,a
Batt Reef (16-029),16-029,2025-08-04T11:44:00Z,0,0,a
Batt Reef (16-029),16-029,2025-08-04T10:35:00Z,0,0,a
Batt Reef (16-029),16-029,2025-08-04T10:33:00Z,4,0,p
Batt Reef (16-029),16-029,2025-08-04T10:30:00Z,0,0,a
Batt Reef (16-029),16-029,2025-08-04T10:28:00Z,1,0,p
Batt Reef (16-029),16-029,2025-08-04T10:25:00Z,2,0,p
Batt Reef (16-029),16-029,2025-08-04T10:23:00Z,4,0,p
Batt Reef (16-029),16-029,2025-08-04T10:20:00Z,0,0,a
Batt Reef (16-029),16-029,2025-08-04T10:18:00Z,2,0,p
Batt Reef (16-029),16-029,2025-08-04T10:16:00Z,2,0,p
Batt Reef (16-029),16-029,2025-08-04T10:12:00Z,1,0,p
Batt Reef (16-029),16-029,2025-08-04T10:09:00Z,1,0,p
Batt Reef (16-029),16-029,2025-08-04T10:07:00Z,0,0,a
Batt Reef (16-029),16-029,2025-08-04T10:04:00Z,2,0,p
Batt Reef (16-029),16-029,2025-08-04T10:02:00Z,3,0,p
Batt Reef (16-029),16-029,2025-08-04T10:00:00Z,2,0,p
Batt Reef (16-029),16-029,2025-08-04T09:57:00Z,2,0,p
Batt Reef (16-029),16-029,2025-08-04T09:55:00Z,2,0,p
Batt Reef (16-029),16-029,2025-08-04T09:52:00Z,0,0,a
Batt Reef (16-029),16-029,2025-08-04T09:50:00Z,2,0,p
Batt Reef (16-029),16-029,2025-08-04T09:48:00Z,1,0,p
Batt Reef (16-029),16-029,2025-08-04T09:46:00Z,1,0,p
Batt Reef (16-029),16-029,2025-08-04T09:44:00Z,3,0,p
Batt Reef (16-029),16-029,2025-08-04T09:41:00Z,3,0,p
Batt Reef (16-029),16-029,2025-08-04T09:39:00Z,0,0,a
Batt Reef (16-029),16-029,2025-08-04T09:35:00Z,3,0,p
Batt Reef (16-029),16-029,2025-08-04T09:32:00Z,1,0,p
Batt Reef (16-029),16-029,2025-08-04T09:30:00Z,1,1,p
Batt Reef (16-029),16-029,2025-08-04T09:28:00Z,1,0,p
Batt Reef (16-029),16-029,2025-08-04T09:25:00Z,3,0,p
Batt Reef (16-029),16-029,2025-08-04T09:23:00Z,3,0,p
Batt Reef (16-029),16-029,2025-08-04T09:21:00Z,1,0,p
Batt Reef (16-029),16-029,2025-08-04T09:18:00Z,0,0,a
Batt Reef (16-029),16-029,2025-08-04T09:16:00Z,0,0,a
Batt Reef (16-029),16-029,2025-08-04T09:13:00Z,0,0,a
Batt Reef (16-029),16-029,2025-08-04T09:11:00Z,0,0,a
Batt Reef (16-029),16-029,2025-08-04T09:08:00Z,1,0,p
Batt Reef (16-029),16-029,2025-08-04T09:06:00Z,5,0,p
Batt Reef (16-029),16-029,2025-08-04T09:03:00Z,2,0,p
Batt Reef (16-029),16-029,2025-08-04T09:01:00Z,4,0,p
Batt Reef (16-029),16-029,2025-08-04T08:59:00Z,7,0,p
Batt Reef (16-029),16-029,2025-08-04T08:56:00Z,11,1,c
Batt Reef (16-029),16-029,2025-08-04T08:54:00Z,4,0,p
Batt Reef (16-029),16-029,2025-08-04T08:51:00Z,2,0,p
Batt Reef (16-029),16-029,2025-08-04T08:45:00Z,0,0,a
Batt Reef (16-029),16-029,2025-08-04T08:42:00Z,0,0,a
Batt Reef (16-029),16-029,2025-08-04T08:39:00Z,0,0,a
Batt Reef (16-029),16-029,2025-08-04T08:37:00Z,1,0,p
Batt Reef (16-029),16-029,2025-08-04T08:35:00Z,7,0,p
Batt Reef (16-029),16-029,2025-08-04T08:32:00Z,5,1,p
Batt Reef (16-029),16-029,2025-08-04T08:30:00Z,0,0,a
Batt Reef (16-029),16-029,2025-08-04T08:27:00Z,0,0,a
Batt Reef (16-029),16-029,2025-08-04T08:25:00Z,0,0,a
Batt Reef (16-029),16-029,2025-08-04T08:22:00Z,0,0,a
Batt Reef (16-029),16-029,2025-08-04T08:20:00Z,0,0,a
Batt Reef (16-029),16-029,2025-08-04T08:18:00Z,0,0,a
Batt Reef (16-029),16-029,2025-08-04T08:15:00Z,0,0,a
Batt Reef (16-029),16-029,2025-08-04T08:13:00Z,0,0,a
Batt Reef (16-029),16-029,2025-08-04T08:11:00Z,0,0,a
Batt Reef (16-029),16-029,2025-08-04T08:08:00Z,0,0,a
Batt Reef (16-029),16-029,2025-08-04T08:06:00Z,0,0,a
Batt Reef (16-029),16-029,2025-08-04T08:04:00Z,0,0,a
Batt Reef (16-029),16-029,2025-08-04T08:01:00Z,0,0,a
Batt Reef (16-029),16-029,2025-08-04T07:59:00Z,0,0,a
Batt Reef (16-029),16-029,2025-08-04T07:57:00Z,0,0,a
Lizard Island Reef (North West) (14-116a),14-116a,2025-07-28T09:15:00Z,0,0,a
Lizard Island Reef (North West) (14-116a),14-116a,2025-07-28T09:12:00Z,0,0,a
Lizard Island Reef (North West) (14-116a),14-116a,2025-07-28T09:08:00Z,1,0,p
Lizard Island Reef (North West) (14-116a),14-116a,2025-07-28T09:05:00Z,2,0,p
Lizard Island Reef (North West) (14-116a),14-116a,2025-07-28T09:03:00Z,0,0,a
Lizard Island Reef (North West) (14-116a),14-116a,2025-07-28T09:00:00Z,2,0,p
Lizard Island Reef (North West) (14-116a),14-116a,2025-07-28T08:57:00Z,0,0,a
Lizard Island Reef (North West) (14-116a),14-116a,2025-07-28T08:56:00Z,5,1,p
Lizard Island Reef (North West) (14-116a),14-116a,2025-07-28T08:54:00Z,2,0,p
Lizard Island Reef (North West) (14-116a),14-116a,2025-07-28T08:54:00Z,0,0,a
Lizard Island Reef (North West) (14-116a),14-116a,2025-07-28T08:51:00Z,2,0,p
Lizard Island Reef (North West) (14-116a),14-116a,2025-07-28T08:51:00Z,0,0,a
Lizard Island Reef (North West) (14-116a),14-116a,2025-07-28T08:49:00Z,0,0,a
Lizard Island Reef (North West) (14-116a),14-116a,2025-07-28T08:45:00Z,0,0,a
Lizard Island Reef (North West) (14-116a),14-116a,2025-07-28T08:42:00Z,0,0,a
Lizard Island Reef (North West) (14-116a),14-116a,2025-07-28T08:17:00Z,0,0,a
Lizard Island Reef (North West) (14-116a),14-116a,2025-07-28T08:14:00Z,0,0,a
Lizard Island Reef (North West) (14-116a),14-116a,2025-07-28T08:12:00Z,0,0,a
Lizard Island Reef (North West) (14-116a),14-116a,2025-07-28T08:04:00Z,0,0,a
Tongue Reef (16-026),16-026,2024-10-08T11:44:00Z,NA,0,a
Tongue Reef (16-026),16-026,2024-10-08T11:41:00Z,NA,0,a
Tongue Reef (16-026),16-026,2024-10-08T11:41:00Z,NA,0,a
Tongue Reef (16-026),16-026,2024-10-08T11:39:00Z,NA,0,a
Tongue Reef (16-026),16-026,2024-10-08T11:38:00Z,NA,0,a
Tongue Reef (16-026),16-026,2024-10-08T11:37:00Z,NA,0,a
Tongue Reef (16-026),16-026,2024-10-08T11:36:00Z,NA,0,a
Tongue Reef (16-026),16-026,2024-10-08T11:35:00Z,NA,0,a
Tongue Reef (16-026),16-026,2024-10-08T11:34:00Z,NA,0,a
Tongue Reef (16-026),16-026,2024-10-08T11:32:00Z,NA,0,a
Tongue Reef (16-026),16-026,2024-10-08T11:31:00Z,NA,0,a
Tongue Reef (16-026),16-026,2024-10-08T11:30:00Z,NA,0,a
Tongue Reef (16-026),16-026,2024-10-08T11:29:00Z,NA,0,a
Tongue Reef (16-026),16-026,2024-10-08T11:28:00Z,NA,0,a
Tongue Reef (16-026),16-026,2024-10-08T11:26:00Z,NA,0,a
Tongue Reef (16-026),16-026,2024-10-08T11:24:00Z,NA,0,a
Tongue Reef (16-026),16-026,2024-10-08T11:22:00Z,NA,0,a
Tongue Reef (16-026),16-026,2024-10-08T11:19:00Z,NA,0,a
Tongue Reef (16-026),16-026,2024-10-08T11:17:00Z,NA,0,a
Tongue Reef (16-026),16-026,2024-10-08T11:17:00Z,NA,0,a
Tongue Reef (16-026),16-026,2024-10-08T11:15:00Z,NA,0,a
Tongue Reef (16-026),16-026,2024-10-08T11:14:00Z,NA,0,a
Tongue Reef (16-026),16-026,2024-10-08T11:12:00Z,NA,0,a
Tongue Reef (16-026),16-026,2024-10-08T11:12:00Z,NA,0,a
Tongue Reef (16-026),16-026,2024-10-08T11:10:00Z,NA,0,a
Tongue Reef (16-026),16-026,2024-10-08T11:09:00Z,NA,0,a
Tongue Reef (16-026),16-026,2024-10-08T11:07:00Z,NA,0,a
Tongue Reef (16-026),16-026,2024-10-08T11:07:00Z,NA,0,a
Tongue Reef (16-026),16-026,2024-10-08T11:05:00Z,NA,0,a
Tongue Reef (16-026),16-026,2024-10-08T11:04:00Z,NA,0,a
Tongue Reef (16-026),16-026,2024-10-08T11:03:00Z,NA,0,a
Tongue Reef (16-026),16-026,2024-10-08T11:02:00Z,NA,0,a
Tongue Reef (16-026),16-026,2024-10-08T11:00:00Z,NA,0,a
Tongue Reef (16-026),16-026,2024-10-08T11:00:00Z,NA,0,a
Tongue Reef (16-026),16-026,2024-10-08T10:58:00Z,NA,0,a
Tongue Reef (16-026),16-026,2024-10-08T10:57:00Z,NA,0,a
Tongue Reef (16-026),16-026,2024-10-08T10:56:00Z,NA,0,a
Tongue Reef (16-026),16-026,2024-10-08T10:55:00Z,NA,0,a
Tongue Reef (16-026),16-026,2024-10-08T10:52:00Z,NA,0,a
Tongue Reef (16-026),16-026,2024-10-08T10:43:00Z,NA,0,a
Tongue Reef (16-026),16-026,2024-10-08T10:41:00Z,NA,0,a
Tongue Reef (16-026),16-026,2024-10-08T10:40:00Z,NA,0,a
Tongue Reef (16-026),16-026,2024-10-08T10:38:00Z,NA,0,a
Tongue Reef (16-026),16-026,2024-10-08T10:37:00Z,NA,0,a
Tongue Reef (16-026),16-026,2024-10-08T10:36:00Z,NA,0,a
Tongue Reef (16-026),16-026,2024-10-08T10:35:00Z,NA,0,a
Tongue Reef (16-026),16-026,2024-10-08T10:34:00Z,NA,0,a
Tongue Reef (16-026),16-026,2024-10-08T10:33:00Z,NA,0,a
Tongue Reef (16-026),16-026,2024-10-08T10:32:00Z,NA,0,a
Tongue Reef (16-026),16-026,2024-10-08T10:30:00Z,NA,0,a
Tongue Reef (16-026),16-026,2024-10-08T10:29:00Z,NA,0,a
Tongue Reef (16-026),16-026,2024-10-08T10:28:00Z,NA,0,a
Tongue Reef (16-026),16-026,2024-10-08T10:27:00Z,NA,0,a
Tongue Reef (16-026),16-026,2024-10-08T10:26:00Z,NA,0,a
Tongue Reef (16-026),16-026,2024-10-08T10:23:00Z,NA,0,a
Tongue Reef (16-026),16-026,2024-10-08T10:23:00Z,NA,0,a
Tongue Reef (16-026),16-026,2024-10-08T10:21:00Z,NA,0,a
Tongue Reef (16-026),16-026,2024-10-08T10:20:00Z,NA,0,a
Tongue Reef (16-026),16-026,2024-10-08T10:19:00Z,NA,0,a
Tongue Reef (16-026),16-026,2024-10-08T10:18:00Z,NA,0,a
Tongue Reef (16-026),16-026,2024-10-08T10:16:00Z,NA,0,a
Tongue Reef (16-026),16-026,2024-10-08T10:15:00Z,NA,0,p
Tongue Reef (16-026),16-026,2024-10-08T10:11:00Z,NA,0,a
Tongue Reef (16-026),16-026,2024-10-08T10:09:00Z,NA,0,a
Tongue Reef (16-026),16-026,2024-10-08T10:06:00Z,NA,0,a
Tongue Reef (16-026),16-026,2024-10-08T10:04:00Z,NA,0,a
Tongue Reef (16-026),16-026,2024-10-08T09:53:00Z,NA,0,a
Tongue Reef (16-026),16-026,2024-10-08T09:50:00Z,NA,0,a
Tongue Reef (16-026),16-026,2024-10-08T09:48:00Z,NA,0,a
Tongue Reef (16-026),16-026,2024-10-08T09:45:00Z,NA,0,a
Tongue Reef (16-026),16-026,2024-10-08T09:45:00Z,NA,0,a
Tongue Reef (16-026),16-026,2024-10-08T09:43:00Z,NA,0,a
Tongue Reef (16-026),16-026,2024-10-08T09:43:00Z,NA,0,a
Tongue Reef (16-026),16-026,2024-10-08T09:40:00Z,NA,0,a
Tongue Reef (16-026),16-026,2024-10-08T09:32:00Z,NA,0,a
Tongue Reef (16-026),16-026,2024-10-08T09:30:00Z,NA,0,a
Tongue Reef (16-026),16-026,2024-10-08T09:27:00Z,NA,0,a
Tongue Reef (16-026),16-026,2024-10-08T09:25:00Z,NA,0,a
Tongue Reef (16-026),16-026,2024-10-08T09:23:00Z,NA,0,a
Tongue Reef (16-026),16-026,2024-10-08T09:21:00Z,NA,0,a
Tongue Reef (16-026),16-026,2024-10-08T09:20:00Z,NA,0,a
Tongue Reef (16-026),16-026,2024-10-08T09:18:00Z,NA,0,a
Tongue Reef (16-026),16-026,2024-10-08T09:17:00Z,NA,0,a
Tongue Reef (16-026),16-026,2024-10-08T09:16:00Z,NA,0,a
Tongue Reef (16-026),16-026,2024-10-08T09:14:00Z,NA,0,a
Tongue Reef (16-026),16-026,2024-10-08T09:14:00Z,NA,0,a
Tongue Reef (16-026),16-026,2024-10-08T09:12:00Z,NA,0,a
Tongue Reef (16-026),16-026,2024-10-08T09:11:00Z,NA,0,a
Tongue Reef (16-026),16-026,2024-10-08T09:09:00Z,NA,0,a
Tongue Reef (16-026),16-026,2024-10-08T09:09:00Z,NA,0,a
Tongue Reef (16-026),16-026,2024-10-08T09:07:00Z,NA,0,a
Tongue Reef (16-026),16-026,2024-10-08T09:05:00Z,NA,0,a
Tongue Reef (16-026),16-026,2024-10-08T09:03:00Z,NA,0,a
Tongue Reef (16-026),16-026,2024-10-08T09:02:00Z,NA,0,a
Tongue Reef (16-026),16-026,2024-10-08T09:01:00Z,NA,0,a
Tongue Reef (16-026),16-026,2024-10-08T09:00:00Z,NA,0,a
Tongue Reef (16-026),16-026,2024-10-08T08:58:00Z,NA,0,a
Tongue Reef (16-026),16-026,2024-10-08T08:58:00Z,NA,0,a
Tongue Reef (16-026),16-026,2024-10-08T08:56:00Z,NA,0,a
Tongue Reef (16-026),16-026,2024-10-08T08:55:00Z,NA,0,a
Tongue Reef (16-026),16-026,2024-10-08T08:54:00Z,NA,0,a
Tongue Reef (16-026),16-026,2024-10-08T08:53:00Z,NA,0,a
Tongue Reef (16-026),16-026,2024-10-08T08:50:00Z,NA,0,a
Tongue Reef (16-026),16-026,2024-10-08T08:48:00Z,NA,0,a
Tongue Reef (16-026),16-026,2024-10-08T08:47:00Z,NA,0,a
Tongue Reef (16-026),16-026,2024-10-08T08:45:00Z,NA,0,a
Tongue Reef (16-026),16-026,2024-10-08T08:45:00Z,NA,0,a
Tongue Reef (16-026),16-026,2024-10-08T08:43:00Z,NA,0,a
Tongue Reef (16-026),16-026,2024-10-08T08:42:00Z,NA,0,a
Tongue Reef (16-026),16-026,2024-10-08T08:40:00Z,NA,0,a
Tongue Reef (16-026),16-026,2024-10-08T08:40:00Z,NA,0,a
Tongue Reef (16-026),16-026,2024-10-08T08:37:00Z,NA,0,a
Tongue Reef (16-026),16-026,2024-10-08T08:37:00Z,NA,0,a
Tongue Reef (16-026),16-026,2024-10-08T08:35:00Z,NA,0,a
Tongue Reef (16-026),16-026,2024-10-08T08:33:00Z,NA,0,a
Tongue Reef (16-026),16-026,2024-10-08T08:33:00Z,NA,0,a
Tongue Reef (16-026),16-026,2024-10-08T08:30:00Z,NA,0,a
Tongue Reef (16-026),16-026,2024-10-08T08:30:00Z,NA,0,a
Tongue Reef (16-026),16-026,2024-10-08T08:28:00Z,NA,0,a
Tongue Reef (16-026),16-026,2024-10-08T08:27:00Z,NA,0,a
Tongue Reef (16-026),16-026,2024-10-08T08:26:00Z,NA,0,a
Tongue Reef (16-026),16-026,2024-10-08T08:24:00Z,NA,0,a
Tongue Reef (16-026),16-026,2024-10-08T08:23:00Z,NA,0,a
Tongue Reef (16-026),16-026,2024-10-08T08:21:00Z,NA,0,a
Tongue Reef (16-026),16-026,2024-10-08T08:21:00Z,NA,0,a
Tongue Reef (16-026),16-026,2024-10-08T08:19:00Z,NA,0,a
Tongue Reef (16-026),16-026,2024-10-08T08:18:00Z,NA,0,a
Tongue Reef (16-026),16-026,2024-10-08T08:17:00Z,NA,0,a
Tongue Reef (16-026),16-026,2024-10-08T08:15:00Z,NA,0,a
Tongue Reef (16-026),16-026,2024-10-08T08:14:00Z,NA,0,a
Tongue Reef (16-026),16-026,2024-10-08T08:13:00Z,NA,0,a
Tongue Reef (16-026),16-026,2024-10-08T08:12:00Z,NA,0,a
Tongue Reef (16-026),16-026,2024-10-08T08:10:00Z,NA,0,a
Tongue Reef (16-026),16-026,2024-10-08T08:10:00Z,NA,0,a
Tongue Reef (16-026),16-026,2024-10-08T08:07:00Z,NA,0,a
Tongue Reef (16-026),16-026,2024-10-08T08:07:00Z,NA,0,a
Tongue Reef (16-026),16-026,2024-10-08T08:05:00Z,NA,0,a
Tongue Reef (16-026),16-026,2024-10-08T08:03:00Z,NA,0,a
Tongue Reef (16-026),16-026,2024-09-17T11:21:00Z,NA,0,a
Tongue Reef (16-026),16-026,2024-09-17T11:19:00Z,NA,0,a
Tongue Reef (16-026),16-026,2024-09-17T11:19:00Z,NA,0,a
Tongue Reef (16-026),16-026,2024-09-17T11:17:00Z,NA,0,a
Tongue Reef (16-026),16-026,2024-09-17T11:17:00Z,NA,0,a
Tongue Reef (16-026),16-026,2024-09-17T11:13:00Z,NA,0,a
Tongue Reef (16-026),16-026,2024-09-17T11:12:00Z,NA,0,a
Tongue Reef (16-026),16-026,2024-09-17T11:11:00Z,NA,0,a
Tongue Reef (16-026),16-026,2024-09-17T11:10:00Z,NA,0,a
Tongue Reef (16-026),16-026,2024-09-17T11:09:00Z,NA,0,a
Tongue Reef (16-026),16-026,2024-09-17T11:07:00Z,NA,0,a
Tongue Reef (16-026),16-026,2024-09-17T11:07:00Z,NA,0,a
Tongue Reef (16-026),16-026,2024-09-17T11:05:00Z,NA,0,a
Tongue Reef (16-026),16-026,2024-09-17T11:03:00Z,NA,0,a
Tongue Reef (16-026),16-026,2024-09-17T11:01:00Z,NA,0,p
Tongue Reef (16-026),16-026,2024-09-17T10:58:00Z,NA,0,a
Tongue Reef (16-026),16-026,2024-09-17T10:56:00Z,NA,0,a
Tongue Reef (16-026),16-026,2024-09-17T10:54:00Z,NA,0,a
Tongue Reef (16-026),16-026,2024-09-17T10:51:00Z,NA,0,a
Tongue Reef (16-026),16-026,2024-09-17T10:49:00Z,NA,0,a
Tongue Reef (16-026),16-026,2024-09-17T10:46:00Z,NA,0,a
Tongue Reef (16-026),16-026,2024-09-17T10:44:00Z,NA,0,a
Tongue Reef (16-026),16-026,2024-09-17T10:42:00Z,NA,0,a
Tongue Reef (16-026),16-026,2024-09-17T10:40:00Z,NA,0,a
Tongue Reef (16-026),16-026,2024-09-17T10:39:00Z,NA,0,a
Tongue Reef (16-026),16-026,2024-09-17T10:38:00Z,NA,0,a
Tongue Reef (16-026),16-026,2024-09-17T10:37:00Z,NA,0,a
Tongue Reef (16-026),16-026,2024-09-17T10:35:00Z,NA,0,a
Tongue Reef (16-026),16-026,2024-09-17T10:35:00Z,NA,0,a
Tongue Reef (16-026),16-026,2024-09-17T10:33:00Z,NA,0,a
Tongue Reef (16-026),16-026,2024-09-17T10:33:00Z,NA,0,a
Tongue Reef (16-026),16-026,2024-09-17T10:31:00Z,NA,0,a
Tongue Reef (16-026),16-026,2024-09-17T10:31:00Z,NA,0,a
Tongue Reef (16-026),16-026,2024-09-17T10:28:00Z,NA,0,a
Tongue Reef (16-026),16-026,2024-09-17T10:28:00Z,NA,0,a
Tongue Reef (16-026),16-026,2024-09-17T10:13:00Z,NA,0,a
Tongue Reef (16-026),16-026,2024-09-17T10:08:00Z,NA,0,a
Tongue Reef (16-026),16-026,2024-09-17T10:06:00Z,NA,0,a
Tongue Reef (16-026),16-026,2024-09-17T10:04:00Z,NA,0,a
Tongue Reef (16-026),16-026,2024-09-17T10:02:00Z,NA,0,a
Tongue Reef (16-026),16-026,2024-09-17T09:59:00Z,NA,0,a
Tongue Reef (16-026),16-026,2024-09-17T09:57:00Z,NA,0,a
Tongue Reef (16-026),16-026,2024-09-17T09:55:00Z,NA,0,a
Tongue Reef (16-026),16-026,2024-09-17T09:52:00Z,NA,0,p
Tongue Reef (16-026),16-026,2024-09-17T09:50:00Z,NA,0,p
Tongue Reef (16-026),16-026,2024-09-17T09:48:00Z,NA,0,p
Tongue Reef (16-026),16-026,2024-09-17T09:47:00Z,NA,0,a
Tongue Reef (16-026),16-026,2024-09-17T09:45:00Z,NA,0,a
Tongue Reef (16-026),16-026,2024-09-17T09:44:00Z,NA,0,a
Tongue Reef (16-026),16-026,2024-09-17T09:42:00Z,NA,0,a
Tongue Reef (16-026),16-026,2024-09-17T09:42:00Z,NA,0,a
Tongue Reef (16-026),16-026,2024-09-17T09:40:00Z,NA,0,p
Tongue Reef (16-026),16-026,2024-09-17T09:39:00Z,NA,0,a
Tongue Reef (16-026),16-026,2024-09-17T09:37:00Z,NA,0,p
Tongue Reef (16-026),16-026,2024-09-17T09:37:00Z,NA,0,a
Tongue Reef (16-026),16-026,2024-09-17T09:35:00Z,NA,0,a
Tongue Reef (16-026),16-026,2024-09-17T09:35:00Z,NA,0,p
Tongue Reef (16-026),16-026,2024-09-17T09:33:00Z,NA,0,a
Tongue Reef (16-026),16-026,2024-09-17T09:33:00Z,NA,0,p
Tongue Reef (16-026),16-026,2024-09-17T09:30:00Z,NA,0,a
Tongue Reef (16-026),16-026,2024-09-17T09:30:00Z,NA,1,p
Tongue Reef (16-026),16-026,2024-09-17T09:28:00Z,NA,0,a
Tongue Reef (16-026),16-026,2024-09-17T09:28:00Z,NA,0,a
Tongue Reef (16-026),16-026,2024-09-17T09:26:00Z,NA,0,a
Tongue Reef (16-026),16-026,2024-09-17T09:26:00Z,NA,0,a
Tongue Reef (16-026),16-026,2024-09-17T09:24:00Z,NA,0,a
Tongue Reef (16-026),16-026,2024-09-17T09:23:00Z,NA,0,a
Tongue Reef (16-026),16-026,2024-09-17T09:22:00Z,NA,0,a
Tongue Reef (16-026),16-026,2024-09-17T09:20:00Z,NA,0,a
Tongue Reef (16-026),16-026,2024-09-17T09:17:00Z,NA,0,a
Tongue Reef (16-026),16-026,2024-09-17T09:15:00Z,NA,0,a
Tongue Reef (16-026),16-026,2024-09-17T09:15:00Z,NA,0,a
Tongue Reef (16-026),16-026,2024-09-17T09:13:00Z,NA,0,a
Tongue Reef (16-026),16-026,2024-09-17T09:13:00Z,NA,0,a
Tongue Reef (16-026),16-026,2024-09-17T09:11:00Z,NA,0,a
Tongue Reef (16-026),16-026,2024-09-17T09:08:00Z,NA,0,a
Tongue Reef (16-026),16-026,2024-09-17T09:07:00Z,NA,0,a
Tongue Reef (16-026),16-026,2024-09-17T09:06:00Z,NA,0,a
Tongue Reef (16-026),16-026,2024-09-17T09:04:00Z,NA,0,a
Tongue Reef (16-026),16-026,2024-09-17T09:04:00Z,NA,0,a
Tongue Reef (16-026),16-026,2024-09-17T09:02:00Z,NA,0,a
Tongue Reef (16-026),16-026,2024-09-17T09:01:00Z,NA,0,a
Tongue Reef (16-026),16-026,2024-09-17T09:00:00Z,NA,0,a
Tongue Reef (16-026),16-026,2024-09-17T08:59:00Z,NA,0,a
Tongue Reef (16-026),16-026,2024-09-17T08:58:00Z,NA,0,a
Tongue Reef (16-026),16-026,2024-09-17T08:57:00Z,NA,0,a
Tongue Reef (16-026),16-026,2024-09-17T08:55:00Z,NA,0,a
Tongue Reef (16-026),16-026,2024-09-17T08:55:00Z,NA,0,a
Tongue Reef (16-026),16-026,2024-09-17T08:53:00Z,NA,0,a
Tongue Reef (16-026),16-026,2024-09-17T08:52:00Z,NA,0,a
Tongue Reef (16-026),16-026,2024-09-17T08:51:00Z,NA,0,a
Tongue Reef (16-026),16-026,2024-09-17T08:50:00Z,NA,0,a
Tongue Reef (16-026),16-026,2024-09-17T08:49:00Z,NA,0,a
Tongue Reef (16-026),16-026,2024-09-17T08:47:00Z,NA,0,a
Tongue Reef (16-026),16-026,2024-09-17T08:46:00Z,NA,0,a
Tongue Reef (16-026),16-026,2024-09-17T08:45:00Z,NA,0,a
Tongue Reef (16-026),16-026,2024-09-17T08:44:00Z,NA,0,a
Tongue Reef (16-026),16-026,2024-09-17T08:43:00Z,NA,0,a
Tongue Reef (16-026),16-026,2024-09-17T08:42:00Z,NA,0,a
Tongue Reef (16-026),16-026,2024-09-17T08:41:00Z,NA,0,a
Tongue Reef (16-026),16-026,2024-09-17T08:40:00Z,NA,0,a
Tongue Reef (16-026),16-026,2024-09-17T08:38:00Z,NA,0,a
Tongue Reef (16-026),16-026,2024-09-17T08:37:00Z,NA,0,a
Tongue Reef (16-026),16-026,2024-09-17T08:36:00Z,NA,0,a
Tongue Reef (16-026),16-026,2024-09-17T08:35:00Z,NA,0,a
Tongue Reef (16-026),16-026,2024-09-17T08:33:00Z,NA,0,a
Tongue Reef (16-026),16-026,2024-09-17T08:33:00Z,NA,0,a
Tongue Reef (16-026),16-026,2024-09-17T08:31:00Z,NA,0,a
Tongue Reef (16-026),16-026,2024-09-17T08:31:00Z,NA,0,a
Tongue Reef (16-026),16-026,2024-09-17T08:28:00Z,NA,0,a
Tongue Reef (16-026),16-026,2024-09-17T08:28:00Z,NA,0,a
Tongue Reef (16-026),16-026,2024-09-17T08:26:00Z,NA,0,a
Tongue Reef (16-026),16-026,2024-09-17T08:26:00Z,NA,0,a
Tongue Reef (16-026),16-026,2024-09-17T08:24:00Z,NA,0,a
Tongue Reef (16-026),16-026,2024-09-17T08:23:00Z,NA,0,a
Tongue Reef (16-026),16-026,2024-09-17T08:22:00Z,NA,0,a
Tongue Reef (16-026),16-026,2024-09-17T08:20:00Z,NA,0,a
Tongue Reef (16-026),16-026,2024-09-17T08:19:00Z,NA,0,a
Tongue Reef (16-026),16-026,2024-09-17T08:18:00Z,NA,0,a
Tongue Reef (16-026),16-026,2024-09-17T08:17:00Z,NA,0,a
Tongue Reef (16-026),16-026,2024-09-17T08:16:00Z,NA,0,a
Tongue Reef (16-026),16-026,2024-09-17T08:15:00Z,NA,0,a
Tongue Reef (16-026),16-026,2024-09-17T08:13:00Z,NA,0,a
Tongue Reef (16-026),16-026,2024-09-17T08:13:00Z,NA,0,a
Tongue Reef (16-026),16-026,2024-09-17T08:11:00Z,NA,0,a
Tongue Reef (16-026),16-026,2024-09-17T08:10:00Z,NA,0,a
Tongue Reef (16-026),16-026,2024-09-17T08:08:00Z,NA,0,a
Tongue Reef (16-026),16-026,2024-09-17T08:07:00Z,NA,0,a
Tongue Reef (16-026),16-026,2024-09-17T08:06:00Z,NA,0,a
Tongue Reef (16-026),16-026,2024-09-17T08:04:00Z,NA,0,a
Tongue Reef (16-026),16-026,2024-09-17T08:04:00Z,NA,0,a
Tongue Reef (16-026),16-026,2024-09-17T08:01:00Z,NA,0,a
Lizard Island Reef (North West) (14-116a),14-116a,2024-07-10T08:14:00Z,NA,0,a
Lizard Island Reef (North West) (14-116a),14-116a,2024-07-10T08:11:00Z,NA,0,a
Lizard Island Reef (North West) (14-116a),14-116a,2024-07-10T08:09:00Z,NA,0,a
Lizard Island Reef (North West) (14-116a),14-116a,2024-07-10T08:08:00Z,NA,0,p
Lizard Island Reef (North West) (14-116a),14-116a,2024-07-10T08:06:00Z,NA,0,a
Lizard Island Reef (North West) (14-116a),14-116a,2024-07-10T08:06:00Z,NA,0,a
Lizard Island Reef (North West) (14-116a),14-116a,2024-07-10T08:04:00Z,NA,0,a
Lizard Island Reef (North West) (14-116a),14-116a,2024-07-10T08:04:00Z,NA,0,a
Lizard Island Reef (North West) (14-116a),14-116a,2024-07-10T08:02:00Z,NA,0,a
Lizard Island Reef (North West) (14-116a),14-116a,2024-07-10T08:02:00Z,NA,0,a
Lizard Island Reef (North West) (14-116a),14-116a,2024-07-10T07:59:00Z,NA,0,a
Lizard Island Reef (North West) (14-116a),14-116a,2024-07-10T07:59:00Z,NA,0,a
Lizard Island Reef (North West) (14-116a),14-116a,2024-07-10T07:57:00Z,NA,0,a
Lizard Island Reef (North West) (14-116a),14-116a,2024-07-10T07:57:00Z,NA,0,a
Lizard Island Reef (North West) (14-116a),14-116a,2024-07-10T07:55:00Z,NA,0,a
Lizard Island Reef (North West) (14-116a),14-116a,2024-07-10T07:54:00Z,NA,0,a
Lizard Island Reef (North West) (14-116a),14-116a,2024-07-10T07:53:00Z,NA,0,a
Tongue Reef (16-026),16-026,2024-05-09T11:15:00Z,NA,0,a
Tongue Reef (16-026),16-026,2024-05-09T11:13:00Z,NA,0,a
Tongue Reef (16-026),16-026,2024-05-09T11:10:00Z,NA,0,a
Tongue Reef (16-026),16-026,2024-05-09T11:08:00Z,NA,0,a
Tongue Reef (16-026),16-026,2024-05-09T11:06:00Z,NA,0,a
Tongue Reef (16-026),16-026,2024-05-09T11:03:00Z,NA,0,a
Tongue Reef (16-026),16-026,2024-05-09T11:01:00Z,NA,0,a
Tongue Reef (16-026),16-026,2024-05-09T10:59:00Z,NA,0,a
Tongue Reef (16-026),16-026,2024-05-09T10:56:00Z,NA,0,a
Tongue Reef (16-026),16-026,2024-05-09T10:54:00Z,NA,0,a
Tongue Reef (16-026),16-026,2024-05-09T10:51:00Z,NA,0,a
Tongue Reef (16-026),16-026,2024-05-09T10:46:00Z,NA,0,a
Tongue Reef (16-026),16-026,2024-05-09T10:46:00Z,NA,0,a
Tongue Reef (16-026),16-026,2024-05-09T10:44:00Z,NA,0,a
Tongue Reef (16-026),16-026,2024-05-09T10:44:00Z,NA,0,a
Tongue Reef (16-026),16-026,2024-05-09T10:42:00Z,NA,0,a
Tongue Reef (16-026),16-026,2024-05-09T10:41:00Z,NA,0,a
Tongue Reef (16-026),16-026,2024-05-09T10:40:00Z,NA,0,a
Tongue Reef (16-026),16-026,2024-05-09T10:39:00Z,NA,0,a
Tongue Reef (16-026),16-026,2024-05-09T10:37:00Z,NA,0,a
Tongue Reef (16-026),16-026,2024-05-09T10:37:00Z,NA,1,p
Tongue Reef (16-026),16-026,2024-05-09T10:35:00Z,NA,0,p
Tongue Reef (16-026),16-026,2024-05-09T10:35:00Z,NA,0,a
Tongue Reef (16-026),16-026,2024-05-09T10:33:00Z,NA,0,a
Tongue Reef (16-026),16-026,2024-05-09T10:32:00Z,NA,0,a
Tongue Reef (16-026),16-026,2024-05-09T10:30:00Z,NA,0,a
Tongue Reef (16-026),16-026,2024-05-09T10:30:00Z,NA,0,a
Tongue Reef (16-026),16-026,2024-05-09T10:28:00Z,NA,0,a
Tongue Reef (16-026),16-026,2024-05-09T10:28:00Z,NA,0,a
Tongue Reef (16-026),16-026,2024-05-09T10:26:00Z,NA,0,a
Tongue Reef (16-026),16-026,2024-05-09T10:25:00Z,NA,0,a
Tongue Reef (16-026),16-026,2024-05-09T10:24:00Z,NA,0,a
Tongue Reef (16-026),16-026,2024-05-09T10:23:00Z,NA,0,a
Tongue Reef (16-026),16-026,2024-05-09T10:21:00Z,NA,0,a
Tongue Reef (16-026),16-026,2024-05-09T10:21:00Z,NA,0,a
Tongue Reef (16-026),16-026,2024-05-09T10:19:00Z,NA,0,a
Tongue Reef (16-026),16-026,2024-05-09T10:18:00Z,NA,0,a
Tongue Reef (16-026),16-026,2024-05-09T10:17:00Z,NA,0,a
Tongue Reef (16-026),16-026,2024-05-09T10:16:00Z,NA,0,a
Tongue Reef (16-026),16-026,2024-05-09T10:15:00Z,NA,0,a
Tongue Reef (16-026),16-026,2024-05-09T10:14:00Z,NA,0,a
Tongue Reef (16-026),16-026,2024-05-09T10:13:00Z,NA,0,a
Tongue Reef (16-026),16-026,2024-05-09T10:11:00Z,NA,0,a
Tongue Reef (16-026),16-026,2024-05-09T10:10:00Z,NA,0,a
Tongue Reef (16-026),16-026,2024-05-09T10:09:00Z,NA,0,a
Tongue Reef (16-026),16-026,2024-05-09T10:08:00Z,NA,0,a
Tongue Reef (16-026),16-026,2024-05-09T10:07:00Z,NA,0,a
Tongue Reef (16-026),16-026,2024-05-09T10:04:00Z,NA,0,a
Tongue Reef (16-026),16-026,2024-05-09T10:04:00Z,NA,0,a
Tongue Reef (16-026),16-026,2024-05-09T10:02:00Z,NA,0,a
Tongue Reef (16-026),16-026,2024-05-09T09:59:00Z,NA,0,a
Tongue Reef (16-026),16-026,2024-05-09T09:57:00Z,NA,0,a
Tongue Reef (16-026),16-026,2024-05-09T09:56:00Z,NA,0,a
Tongue Reef (16-026),16-026,2024-05-09T09:55:00Z,NA,0,a
Tongue Reef (16-026),16-026,2024-05-09T09:54:00Z,NA,0,a
Tongue Reef (16-026),16-026,2024-05-09T09:53:00Z,NA,0,a
Tongue Reef (16-026),16-026,2024-05-09T09:52:00Z,NA,0,a
Tongue Reef (16-026),16-026,2024-05-09T09:51:00Z,NA,0,p
Tongue Reef (16-026),16-026,2024-05-09T09:49:00Z,NA,0,a
Tongue Reef (16-026),16-026,2024-05-09T09:48:00Z,NA,0,a
Tongue Reef (16-026),16-026,2024-05-09T09:47:00Z,NA,0,a
Tongue Reef (16-026),16-026,2024-05-09T09:46:00Z,NA,0,p
Tongue Reef (16-026),16-026,2024-05-09T09:45:00Z,NA,0,a
Tongue Reef (16-026),16-026,2024-05-09T09:43:00Z,NA,0,a
Tongue Reef (16-026),16-026,2024-05-09T09:42:00Z,NA,0,a
Tongue Reef (16-026),16-026,2024-05-09T09:41:00Z,NA,0,a
Tongue Reef (16-026),16-026,2024-05-09T09:40:00Z,NA,0,a
Tongue Reef (16-026),16-026,2024-05-09T09:38:00Z,NA,0,a
Tongue Reef (16-026),16-026,2024-05-09T09:36:00Z,NA,0,a
Tongue Reef (16-026),16-026,2024-05-09T09:36:00Z,NA,0,a
Tongue Reef (16-026),16-026,2024-05-09T09:33:00Z,NA,0,a
Tongue Reef (16-026),16-026,2024-05-09T09:29:00Z,NA,0,a
Tongue Reef (16-026),16-026,2024-05-09T09:27:00Z,NA,0,a
Tongue Reef (16-026),16-026,2024-05-09T09:26:00Z,NA,0,a
Tongue Reef (16-026),16-026,2024-05-09T09:25:00Z,NA,0,a
Tongue Reef (16-026),16-026,2024-05-09T09:24:00Z,NA,0,a
Tongue Reef (16-026),16-026,2024-05-09T09:23:00Z,NA,0,a
Tongue Reef (16-026),16-026,2024-05-09T09:22:00Z,NA,0,a
Tongue Reef (16-026),16-026,2024-05-09T09:20:00Z,NA,0,a
Tongue Reef (16-026),16-026,2024-05-09T09:19:00Z,NA,0,a
Tongue Reef (16-026),16-026,2024-05-09T09:18:00Z,NA,0,a
Tongue Reef (16-026),16-026,2024-05-09T09:17:00Z,NA,0,a
Tongue Reef (16-026),16-026,2024-05-09T09:16:00Z,NA,0,a
Tongue Reef (16-026),16-026,2024-05-09T09:15:00Z,NA,0,a
Tongue Reef (16-026),16-026,2024-05-09T09:13:00Z,NA,0,a
Tongue Reef (16-026),16-026,2024-05-09T09:12:00Z,NA,0,a
Tongue Reef (16-026),16-026,2024-05-09T09:11:00Z,NA,0,a
Tongue Reef (16-026),16-026,2024-05-09T09:10:00Z,NA,0,a
Tongue Reef (16-026),16-026,2024-05-09T09:09:00Z,NA,0,a
Tongue Reef (16-026),16-026,2024-05-09T09:08:00Z,NA,0,a
Tongue Reef (16-026),16-026,2024-05-09T09:06:00Z,NA,0,a
Tongue Reef (16-026),16-026,2024-05-09T09:06:00Z,NA,0,a
Tongue Reef (16-026),16-026,2024-05-09T09:04:00Z,NA,0,a
Tongue Reef (16-026),16-026,2024-05-09T09:03:00Z,NA,0,a
Tongue Reef (16-026),16-026,2024-05-09T09:02:00Z,NA,0,a
Tongue Reef (16-026),16-026,2024-05-09T09:01:00Z,NA,0,a
Tongue Reef (16-026),16-026,2024-05-09T08:59:00Z,NA,0,a
Tongue Reef (16-026),16-026,2024-05-09T08:59:00Z,NA,0,a
Tongue Reef (16-026),16-026,2024-05-09T08:57:00Z,NA,0,a
Tongue Reef (16-026),16-026,2024-05-09T08:57:00Z,NA,0,a
Tongue Reef (16-026),16-026,2024-05-09T08:55:00Z,NA,0,a
Tongue Reef (16-026),16-026,2024-05-09T08:55:00Z,NA,0,a
Tongue Reef (16-026),16-026,2024-05-09T08:53:00Z,NA,0,a
Tongue Reef (16-026),16-026,2024-05-09T08:51:00Z,NA,0,a
Tongue Reef (16-026),16-026,2024-05-09T08:50:00Z,NA,0,a
Tongue Reef (16-026),16-026,2024-05-09T08:49:00Z,NA,0,a
Tongue Reef (16-026),16-026,2024-05-09T08:48:00Z,NA,0,a
Tongue Reef (16-026),16-026,2024-05-09T08:47:00Z,NA,0,a
Tongue Reef (16-026),16-026,2024-05-09T08:46:00Z,NA,0,a
Tongue Reef (16-026),16-026,2024-05-09T08:45:00Z,NA,0,a
Tongue Reef (16-026),16-026,2024-05-09T08:44:00Z,NA,0,a
Tongue Reef (16-026),16-026,2024-05-09T08:41:00Z,NA,0,a
Tongue Reef (16-026),16-026,2024-05-09T08:41:00Z,NA,0,a
Tongue Reef (16-026),16-026,2024-05-09T08:39:00Z,NA,0,a
Tongue Reef (16-026),16-026,2024-05-09T08:39:00Z,NA,0,a
Tongue Reef (16-026),16-026,2024-05-09T08:37:00Z,NA,0,a
Tongue Reef (16-026),16-026,2024-05-09T08:37:00Z,NA,0,a
Tongue Reef (16-026),16-026,2024-05-09T08:35:00Z,NA,0,a
Tongue Reef (16-026),16-026,2024-05-09T08:35:00Z,NA,0,a
Tongue Reef (16-026),16-026,2024-05-09T08:33:00Z,NA,0,a
Tongue Reef (16-026),16-026,2024-05-09T08:33:00Z,NA,0,a
Tongue Reef (16-026),16-026,2024-05-09T08:31:00Z,NA,0,a
Tongue Reef (16-026),16-026,2024-05-09T08:31:00Z,NA,0,a
Tongue Reef (16-026),16-026,2024-05-09T08:28:00Z,NA,0,a
Tongue Reef (16-026),16-026,2024-05-09T08:28:00Z,NA,0,a
Tongue Reef (16-026),16-026,2024-05-09T08:26:00Z,NA,0,a
Tongue Reef (16-026),16-026,2024-05-09T08:26:00Z,NA,0,a
Tongue Reef (16-026),16-026,2024-05-09T08:24:00Z,NA,0,a
Tongue Reef (16-026),16-026,2024-05-09T08:22:00Z,NA,0,a
Tongue Reef (16-026),16-026,2024-05-08T11:37:00Z,NA,0,a
Tongue Reef (16-026),16-026,2024-05-08T11:35:00Z,NA,0,a
Tongue Reef (16-026),16-026,2024-05-08T11:32:00Z,NA,0,a
Tongue Reef (16-026),16-026,2024-05-08T11:30:00Z,NA,0,a
Tongue Reef (16-026),16-026,2024-05-08T11:27:00Z,NA,0,a
Tongue Reef (16-026),16-026,2024-05-08T11:25:00Z,NA,0,a
Tongue Reef (16-026),16-026,2024-05-08T11:22:00Z,NA,0,a
Tongue Reef (16-026),16-026,2024-05-08T11:19:00Z,NA,0,a
Tongue Reef (16-026),16-026,2024-05-08T11:16:00Z,NA,0,a
Tongue Reef (16-026),16-026,2024-05-08T11:13:00Z,NA,0,a
Tongue Reef (16-026),16-026,2024-05-08T11:11:00Z,NA,0,a
Tongue Reef (16-026),16-026,2024-05-08T11:08:00Z,NA,0,a
Tongue Reef (16-026),16-026,2024-05-08T11:06:00Z,NA,0,a
Tongue Reef (16-026),16-026,2024-05-08T11:05:00Z,NA,0,a
Tongue Reef (16-026),16-026,2024-05-08T11:04:00Z,NA,0,a
Tongue Reef (16-026),16-026,2024-05-08T11:03:00Z,NA,0,a
Tongue Reef (16-026),16-026,2024-05-08T11:01:00Z,NA,0,a
Tongue Reef (16-026),16-026,2024-05-08T11:01:00Z,NA,0,a
Tongue Reef (16-026),16-026,2024-05-08T10:59:00Z,NA,0,a
Tongue Reef (16-026),16-026,2024-05-08T10:59:00Z,NA,0,a
Tongue Reef (16-026),16-026,2024-05-08T10:57:00Z,NA,0,a
Tongue Reef (16-026),16-026,2024-05-08T10:57:00Z,NA,0,a
Tongue Reef (16-026),16-026,2024-05-08T10:54:00Z,NA,0,a
Tongue Reef (16-026),16-026,2024-05-08T10:53:00Z,NA,0,a
Tongue Reef (16-026),16-026,2024-05-08T10:52:00Z,NA,0,a
Tongue Reef (16-026),16-026,2024-05-08T10:51:00Z,NA,0,a
Tongue Reef (16-026),16-026,2024-05-08T10:49:00Z,NA,0,a
Tongue Reef (16-026),16-026,2024-05-08T10:49:00Z,NA,0,a
Tongue Reef (16-026),16-026,2024-05-08T10:47:00Z,NA,0,a
Tongue Reef (16-026),16-026,2024-05-08T10:46:00Z,NA,0,a
Tongue Reef (16-026),16-026,2024-05-08T10:44:00Z,NA,0,a
Tongue Reef (16-026),16-026,2024-05-08T10:44:00Z,NA,0,a
Tongue Reef (16-026),16-026,2024-05-08T10:42:00Z,NA,0,a
Tongue Reef (16-026),16-026,2024-05-08T10:42:00Z,NA,0,a
Tongue Reef (16-026),16-026,2024-05-08T10:40:00Z,NA,0,a
Tongue Reef (16-026),16-026,2024-05-08T10:39:00Z,NA,0,a
Tongue Reef (16-026),16-026,2024-05-08T10:37:00Z,NA,0,a
Tongue Reef (16-026),16-026,2024-05-08T10:37:00Z,NA,0,a
Tongue Reef (16-026),16-026,2024-05-08T10:35:00Z,NA,0,a
Tongue Reef (16-026),16-026,2024-05-08T10:34:00Z,NA,0,a
Tongue Reef (16-026),16-026,2024-05-08T10:32:00Z,NA,0,a
Tongue Reef (16-026),16-026,2024-05-08T10:32:00Z,NA,0,a
Tongue Reef (16-026),16-026,2024-05-08T10:30:00Z,NA,0,a
Tongue Reef (16-026),16-026,2024-05-08T10:30:00Z,NA,0,a
Tongue Reef (16-026),16-026,2024-05-08T10:28:00Z,NA,0,a
Tongue Reef (16-026),16-026,2024-05-08T10:27:00Z,NA,0,a
Tongue Reef (16-026),16-026,2024-05-08T10:25:00Z,NA,0,a
Tongue Reef (16-026),16-026,2024-05-08T10:25:00Z,NA,0,a
Tongue Reef (16-026),16-026,2024-05-08T10:23:00Z,NA,0,a
Tongue Reef (16-026),16-026,2024-05-08T10:22:00Z,NA,0,a
Tongue Reef (16-026),16-026,2024-05-08T10:20:00Z,NA,0,a
Tongue Reef (16-026),16-026,2024-05-08T10:20:00Z,NA,0,a
Tongue Reef (16-026),16-026,2024-05-08T10:18:00Z,NA,0,a
Tongue Reef (16-026),16-026,2024-05-08T10:18:00Z,NA,0,a
Tongue Reef (16-026),16-026,2024-05-08T10:15:00Z,NA,0,a
Tongue Reef (16-026),16-026,2024-05-08T10:15:00Z,NA,0,a
Tongue Reef (16-026),16-026,2024-05-08T10:13:00Z,NA,0,a
Tongue Reef (16-026),16-026,2024-05-08T10:13:00Z,NA,0,a
Tongue Reef (16-026),16-026,2024-05-08T10:11:00Z,NA,0,a
Tongue Reef (16-026),16-026,2024-05-08T10:10:00Z,NA,0,a
Tongue Reef (16-026),16-026,2024-05-08T10:08:00Z,NA,0,a
Tongue Reef (16-026),16-026,2024-05-08T10:07:00Z,NA,0,a
Tongue Reef (16-026),16-026,2024-05-08T10:06:00Z,NA,0,a
Tongue Reef (16-026),16-026,2024-05-08T10:05:00Z,NA,0,a
Tongue Reef (16-026),16-026,2024-05-08T10:04:00Z,NA,0,a
Tongue Reef (16-026),16-026,2024-05-08T10:02:00Z,NA,0,a
Tongue Reef (16-026),16-026,2024-05-08T09:56:00Z,NA,0,a
Tongue Reef (16-026),16-026,2024-05-08T09:53:00Z,NA,0,a
Tongue Reef (16-026),16-026,2024-05-08T09:51:00Z,NA,0,a
Tongue Reef (16-026),16-026,2024-05-08T09:50:00Z,NA,0,a
Tongue Reef (16-026),16-026,2024-05-08T09:48:00Z,NA,0,a
Tongue Reef (16-026),16-026,2024-05-08T09:48:00Z,NA,0,a
Tongue Reef (16-026),16-026,2024-05-08T09:46:00Z,NA,0,a
Tongue Reef (16-026),16-026,2024-05-08T09:46:00Z,NA,0,a
Tongue Reef (16-026),16-026,2024-05-08T09:44:00Z,NA,0,a
Tongue Reef (16-026),16-026,2024-05-08T09:43:00Z,NA,0,a
Tongue Reef (16-026),16-026,2024-05-08T09:41:00Z,NA,0,a
Tongue Reef (16-026),16-026,2024-05-08T09:41:00Z,NA,0,a
Tongue Reef (16-026),16-026,2024-05-08T09:39:00Z,NA,0,a
Tongue Reef (16-026),16-026,2024-05-08T09:38:00Z,NA,0,a
Tongue Reef (16-026),16-026,2024-05-08T09:37:00Z,NA,0,a
Tongue Reef (16-026),16-026,2024-05-08T09:36:00Z,NA,0,a
Tongue Reef (16-026),16-026,2024-05-08T09:34:00Z,NA,0,a
Tongue Reef (16-026),16-026,2024-05-08T09:34:00Z,NA,0,a
Tongue Reef (16-026),16-026,2024-05-08T09:32:00Z,NA,0,a
Tongue Reef (16-026),16-026,2024-05-08T09:32:00Z,NA,0,a
Tongue Reef (16-026),16-026,2024-05-08T09:30:00Z,NA,0,a
Tongue Reef (16-026),16-026,2024-05-08T09:30:00Z,NA,0,a
Tongue Reef (16-026),16-026,2024-05-08T09:27:00Z,NA,0,a
Tongue Reef (16-026),16-026,2024-05-08T09:25:00Z,NA,0,a
Tongue Reef (16-026),16-026,2024-05-08T09:24:00Z,NA,0,a
Tongue Reef (16-026),16-026,2024-05-08T09:22:00Z,NA,0,a
Tongue Reef (16-026),16-026,2024-05-08T09:22:00Z,NA,0,a
Tongue Reef (16-026),16-026,2024-05-08T09:20:00Z,NA,0,a
Tongue Reef (16-026),16-026,2024-05-08T09:19:00Z,NA,0,a
Tongue Reef (16-026),16-026,2024-05-08T09:18:00Z,NA,0,a
Tongue Reef (16-026),16-026,2024-05-08T09:17:00Z,NA,0,a
Tongue Reef (16-026),16-026,2024-05-08T09:15:00Z,NA,0,a
Tongue Reef (16-026),16-026,2024-05-08T09:15:00Z,NA,0,a
Tongue Reef (16-026),16-026,2024-05-08T09:13:00Z,NA,0,a
Tongue Reef (16-026),16-026,2024-05-08T09:13:00Z,NA,0,a
Tongue Reef (16-026),16-026,2024-05-08T09:11:00Z,NA,0,a
Tongue Reef (16-026),16-026,2024-05-08T09:10:00Z,NA,0,a
Tongue Reef (16-026),16-026,2024-05-08T09:09:00Z,NA,0,a
Tongue Reef (16-026),16-026,2024-05-08T09:08:00Z,NA,0,a
Tongue Reef (16-026),16-026,2024-05-08T09:06:00Z,NA,0,a
Tongue Reef (16-026),16-026,2024-05-08T09:06:00Z,NA,0,a
Tongue Reef (16-026),16-026,2024-05-08T09:04:00Z,NA,0,a
Tongue Reef (16-026),16-026,2024-05-08T09:03:00Z,NA,0,a
Tongue Reef (16-026),16-026,2024-05-08T09:02:00Z,NA,0,a
Tongue Reef (16-026),16-026,2024-05-08T09:01:00Z,NA,0,a
Tongue Reef (16-026),16-026,2024-05-08T09:00:00Z,NA,0,a
Tongue Reef (16-026),16-026,2024-05-08T08:58:00Z,NA,0,a
Tongue Reef (16-026),16-026,2024-05-08T08:58:00Z,NA,0,a
Tongue Reef (16-026),16-026,2024-05-08T08:56:00Z,NA,0,a
Tongue Reef (16-026),16-026,2024-05-08T08:56:00Z,NA,0,a
Tongue Reef (16-026),16-026,2024-05-08T08:54:00Z,NA,0,a
Tongue Reef (16-026),16-026,2024-05-08T08:53:00Z,NA,0,a
Tongue Reef (16-026),16-026,2024-05-08T08:51:00Z,NA,0,a
Tongue Reef (16-026),16-026,2024-05-08T08:51:00Z,NA,0,a
Tongue Reef (16-026),16-026,2024-05-08T08:49:00Z,NA,0,a
Tongue Reef (16-026),16-026,2024-05-08T08:49:00Z,NA,0,a
Tongue Reef (16-026),16-026,2024-05-08T08:47:00Z,NA,0,a
Tongue Reef (16-026),16-026,2024-05-08T08:46:00Z,NA,0,a
Tongue Reef (16-026),16-026,2024-05-08T08:45:00Z,NA,0,a
Tongue Reef (16-026),16-026,2024-05-08T08:44:00Z,NA,0,a
Tongue Reef (16-026),16-026,2024-05-08T08:43:00Z,NA,0,a
Tongue Reef (16-026),16-026,2024-05-08T08:42:00Z,NA,0,a
Tongue Reef (16-026),16-026,2024-05-08T08:40:00Z,NA,0,a
Tongue Reef (16-026),16-026,2024-05-08T08:39:00Z,NA,0,a
Tongue Reef (16-026),16-026,2024-05-08T08:38:00Z,NA,0,a
Tongue Reef (16-026),16-026,2024-05-08T08:37:00Z,NA,0,a
Tongue Reef (16-026),16-026,2024-05-08T08:36:00Z,NA,0,a
Tongue Reef (16-026),16-026,2024-05-08T08:34:00Z,NA,0,a
Tongue Reef (16-026),16-026,2024-05-08T08:34:00Z,NA,0,a
Tongue Reef (16-026),16-026,2024-05-08T08:32:00Z,NA,0,a
Tongue Reef (16-026),16-026,2024-05-08T08:32:00Z,NA,0,a
Tongue Reef (16-026),16-026,2024-05-08T08:30:00Z,NA,0,a
Tongue Reef (16-026),16-026,2024-05-08T08:30:00Z,NA,0,a
Tongue Reef (16-026),16-026,2024-05-08T08:28:00Z,NA,0,a
Tongue Reef (16-026),16-026,2024-05-08T08:27:00Z,NA,0,a
Tongue Reef (16-026),16-026,2024-05-08T08:25:00Z,NA,0,a
Tongue Reef (16-026),16-026,2024-05-08T08:25:00Z,NA,0,a
Tongue Reef (16-026),16-026,2024-05-08T08:23:00Z,NA,0,a
Tongue Reef (16-026),16-026,2024-05-08T08:21:00Z,NA,0,a
Tongue Reef (16-026),16-026,2024-05-08T08:19:00Z,NA,0,a
Tongue Reef (16-026),16-026,2024-05-08T08:17:00Z,NA,0,a
Tongue Reef (16-026),16-026,2024-05-08T08:14:00Z,NA,0,a
Batt Reef (16-029),16-029,2024-04-10T11:42:00Z,NA,0,a
Batt Reef (16-029),16-029,2024-04-10T11:39:00Z,NA,0,a
Batt Reef (16-029),16-029,2024-04-10T11:37:00Z,NA,0,a
Batt Reef (16-029),16-029,2024-04-10T11:35:00Z,NA,0,a
Batt Reef (16-029),16-029,2024-04-10T11:33:00Z,NA,0,a
Batt Reef (16-029),16-029,2024-04-10T11:30:00Z,NA,0,a
Batt Reef (16-029),16-029,2024-04-10T11:28:00Z,NA,0,a
Batt Reef (16-029),16-029,2024-04-10T11:25:00Z,NA,0,a
Batt Reef (16-029),16-029,2024-04-10T11:23:00Z,NA,0,a
Batt Reef (16-029),16-029,2024-04-10T11:20:00Z,NA,0,a
Batt Reef (16-029),16-029,2024-04-10T11:18:00Z,NA,0,a
Batt Reef (16-029),16-029,2024-04-10T11:15:00Z,NA,0,a
Batt Reef (16-029),16-029,2024-04-10T11:13:00Z,NA,0,a
Batt Reef (16-029),16-029,2024-04-10T11:12:00Z,NA,0,a
Batt Reef (16-029),16-029,2024-04-10T11:11:00Z,NA,0,a
Batt Reef (16-029),16-029,2024-04-10T11:09:00Z,NA,0,a
Batt Reef (16-029),16-029,2024-04-10T11:08:00Z,NA,0,a
Batt Reef (16-029),16-029,2024-04-10T11:07:00Z,NA,0,a
Batt Reef (16-029),16-029,2024-04-10T11:06:00Z,NA,0,a
Batt Reef (16-029),16-029,2024-04-10T11:05:00Z,NA,0,a
Batt Reef (16-029),16-029,2024-04-10T11:04:00Z,NA,0,a
Batt Reef (16-029),16-029,2024-04-10T11:03:00Z,NA,0,a
Batt Reef (16-029),16-029,2024-04-10T11:01:00Z,NA,0,a
Batt Reef (16-029),16-029,2024-04-10T11:00:00Z,NA,0,a
Batt Reef (16-029),16-029,2024-04-10T10:59:00Z,NA,0,a
Batt Reef (16-029),16-029,2024-04-10T10:58:00Z,NA,0,a
Batt Reef (16-029),16-029,2024-04-10T10:57:00Z,NA,0,a
Batt Reef (16-029),16-029,2024-04-10T10:56:00Z,NA,0,a
Batt Reef (16-029),16-029,2024-04-10T10:54:00Z,NA,0,a
Batt Reef (16-029),16-029,2024-04-10T10:54:00Z,NA,0,a
Batt Reef (16-029),16-029,2024-04-10T10:52:00Z,NA,0,a
Batt Reef (16-029),16-029,2024-04-10T10:52:00Z,NA,0,a
Batt Reef (16-029),16-029,2024-04-10T10:49:00Z,NA,0,a
Batt Reef (16-029),16-029,2024-04-10T10:49:00Z,NA,0,a
Batt Reef (16-029),16-029,2024-04-10T10:47:00Z,NA,0,a
Batt Reef (16-029),16-029,2024-04-10T10:46:00Z,NA,0,a
Batt Reef (16-029),16-029,2024-04-10T10:45:00Z,NA,0,a
Batt Reef (16-029),16-029,2024-04-10T10:44:00Z,NA,0,a
Batt Reef (16-029),16-029,2024-04-10T10:43:00Z,NA,0,a
Batt Reef (16-029),16-029,2024-04-10T10:42:00Z,NA,0,a
Batt Reef (16-029),16-029,2024-04-10T10:40:00Z,NA,0,a
Batt Reef (16-029),16-029,2024-04-10T10:39:00Z,NA,0,a
Batt Reef (16-029),16-029,2024-04-10T10:38:00Z,NA,0,a
Batt Reef (16-029),16-029,2024-04-10T10:37:00Z,NA,0,a
Batt Reef (16-029),16-029,2024-04-10T10:35:00Z,NA,0,a
Batt Reef (16-029),16-029,2024-04-10T10:35:00Z,NA,0,a
Batt Reef (16-029),16-029,2024-04-10T10:32:00Z,NA,0,a
Batt Reef (16-029),16-029,2024-04-10T10:30:00Z,NA,0,a
Batt Reef (16-029),16-029,2024-04-10T10:30:00Z,NA,0,a
Batt Reef (16-029),16-029,2024-04-10T10:28:00Z,NA,0,a
Batt Reef (16-029),16-029,2024-04-10T10:27:00Z,NA,0,a
Batt Reef (16-029),16-029,2024-04-10T10:25:00Z,NA,0,a
Batt Reef (16-029),16-029,2024-04-10T10:25:00Z,NA,0,a
Batt Reef (16-029),16-029,2024-04-10T10:23:00Z,NA,0,a
Batt Reef (16-029),16-029,2024-04-10T10:23:00Z,NA,0,a
Batt Reef (16-029),16-029,2024-04-10T10:21:00Z,NA,0,a
Batt Reef (16-029),16-029,2024-04-10T10:21:00Z,NA,0,a
Batt Reef (16-029),16-029,2024-04-10T10:18:00Z,NA,0,a
Batt Reef (16-029),16-029,2024-04-10T10:15:00Z,NA,0,a
Batt Reef (16-029),16-029,2024-04-10T10:13:00Z,NA,0,a
Batt Reef (16-029),16-029,2024-04-10T10:13:00Z,NA,0,a
Batt Reef (16-029),16-029,2024-04-10T10:11:00Z,NA,0,a
Batt Reef (16-029),16-029,2024-04-10T10:10:00Z,NA,0,a
Batt Reef (16-029),16-029,2024-04-10T10:09:00Z,NA,0,a
Batt Reef (16-029),16-029,2024-04-10T10:08:00Z,NA,0,a
Batt Reef (16-029),16-029,2024-04-10T10:07:00Z,NA,0,a
Batt Reef (16-029),16-029,2024-04-10T10:05:00Z,NA,0,a
Batt Reef (16-029),16-029,2024-04-10T10:04:00Z,NA,0,a
Batt Reef (16-029),16-029,2024-04-10T10:03:00Z,NA,0,a
Batt Reef (16-029),16-029,2024-04-10T10:02:00Z,NA,0,a
Batt Reef (16-029),16-029,2024-04-10T10:01:00Z,NA,0,a
Batt Reef (16-029),16-029,2024-04-10T10:00:00Z,NA,0,a
Batt Reef (16-029),16-029,2024-04-10T09:58:00Z,NA,0,a
Batt Reef (16-029),16-029,2024-04-10T09:57:00Z,NA,0,a
Batt Reef (16-029),16-029,2024-04-10T09:56:00Z,NA,0,a
Batt Reef (16-029),16-029,2024-04-10T09:55:00Z,NA,0,a
Batt Reef (16-029),16-029,2024-04-10T09:54:00Z,NA,0,a
Batt Reef (16-029),16-029,2024-04-10T09:53:00Z,NA,0,a
Batt Reef (16-029),16-029,2024-04-10T09:51:00Z,NA,0,a
Batt Reef (16-029),16-029,2024-04-10T09:51:00Z,NA,0,a
Batt Reef (16-029),16-029,2024-04-10T09:48:00Z,NA,0,a
Batt Reef (16-029),16-029,2024-04-10T09:48:00Z,NA,0,a
Batt Reef (16-029),16-029,2024-04-10T09:46:00Z,NA,0,a
Batt Reef (16-029),16-029,2024-04-10T09:44:00Z,NA,0,a
Batt Reef (16-029),16-029,2024-04-10T09:44:00Z,NA,0,a
Batt Reef (16-029),16-029,2024-04-10T09:41:00Z,NA,0,a
Batt Reef (16-029),16-029,2024-04-10T09:41:00Z,NA,0,a
Batt Reef (16-029),16-029,2024-04-10T09:39:00Z,NA,0,a
Batt Reef (16-029),16-029,2024-04-10T09:39:00Z,NA,0,a
Batt Reef (16-029),16-029,2024-04-10T09:37:00Z,NA,0,a
Batt Reef (16-029),16-029,2024-04-10T09:36:00Z,NA,0,a
Batt Reef (16-029),16-029,2024-04-10T09:34:00Z,NA,0,a
Batt Reef (16-029),16-029,2024-04-10T09:34:00Z,NA,0,a
Batt Reef (16-029),16-029,2024-04-10T09:32:00Z,NA,0,a
Batt Reef (16-029),16-029,2024-04-10T09:31:00Z,NA,0,a
Batt Reef (16-029),16-029,2024-04-10T09:30:00Z,NA,0,a
Batt Reef (16-029),16-029,2024-04-10T09:29:00Z,NA,0,a
Batt Reef (16-029),16-029,2024-04-10T09:27:00Z,NA,0,a
Batt Reef (16-029),16-029,2024-04-10T09:27:00Z,NA,0,a
Batt Reef (16-029),16-029,2024-04-10T09:25:00Z,NA,0,a
Batt Reef (16-029),16-029,2024-04-10T09:24:00Z,NA,0,a
Batt Reef (16-029),16-029,2024-04-10T09:22:00Z,NA,0,a
Batt Reef (16-029),16-029,2024-04-10T09:22:00Z,NA,0,a
Batt Reef (16-029),16-029,2024-04-10T09:20:00Z,NA,0,a
Batt Reef (16-029),16-029,2024-04-10T09:19:00Z,NA,0,a
Batt Reef (16-029),16-029,2024-04-10T09:18:00Z,NA,0,a
Batt Reef (16-029),16-029,2024-04-10T09:17:00Z,NA,0,a
Batt Reef (16-029),16-029,2024-04-10T09:16:00Z,NA,0,a
Batt Reef (16-029),16-029,2024-04-10T09:15:00Z,NA,0,a
Batt Reef (16-029),16-029,2024-04-10T09:13:00Z,NA,0,a
Batt Reef (16-029),16-029,2024-04-10T09:12:00Z,NA,0,a
Batt Reef (16-029),16-029,2024-04-10T09:11:00Z,NA,0,a
Batt Reef (16-029),16-029,2024-04-10T09:10:00Z,NA,0,a
Batt Reef (16-029),16-029,2024-04-10T09:09:00Z,NA,0,a
Batt Reef (16-029),16-029,2024-04-10T09:07:00Z,NA,0,a
Batt Reef (16-029),16-029,2024-04-10T09:06:00Z,NA,0,a
Batt Reef (16-029),16-029,2024-04-10T09:05:00Z,NA,0,a
Batt Reef (16-029),16-029,2024-04-10T09:04:00Z,NA,0,a
Batt Reef (16-029),16-029,2024-04-10T09:02:00Z,NA,0,a
Batt Reef (16-029),16-029,2024-04-10T09:01:00Z,NA,0,a
Batt Reef (16-029),16-029,2024-04-10T09:00:00Z,NA,0,a
Batt Reef (16-029),16-029,2024-04-10T08:59:00Z,NA,0,a
Batt Reef (16-029),16-029,2024-04-10T08:57:00Z,NA,0,a
Batt Reef (16-029),16-029,2024-04-10T08:57:00Z,NA,0,a
Batt Reef (16-029),16-029,2024-04-10T08:55:00Z,NA,0,a
Batt Reef (16-029),16-029,2024-04-10T08:52:00Z,NA,0,a
Batt Reef (16-029),16-029,2024-04-10T08:51:00Z,NA,0,a
Batt Reef (16-029),16-029,2024-04-10T08:50:00Z,NA,0,a
Batt Reef (16-029),16-029,2024-04-10T08:49:00Z,NA,0,a
Batt Reef (16-029),16-029,2024-04-10T08:47:00Z,NA,0,a
Batt Reef (16-029),16-029,2024-04-10T08:46:00Z,NA,0,a
Batt Reef (16-029),16-029,2024-04-10T08:45:00Z,NA,0,a
Batt Reef (16-029),16-029,2024-04-10T08:44:00Z,NA,0,a
Batt Reef (16-029),16-029,2024-04-10T08:42:00Z,NA,0,a
Batt Reef (16-029),16-029,2024-04-10T08:42:00Z,NA,0,a
Batt Reef (16-029),16-029,2024-04-10T08:40:00Z,NA,0,a
Batt Reef (16-029),16-029,2024-04-10T08:39:00Z,NA,0,a
Batt Reef (16-029),16-029,2024-04-10T08:38:00Z,NA,0,a
Batt Reef (16-029),16-029,2024-04-10T08:37:00Z,NA,0,a
Batt Reef (16-029),16-029,2024-04-10T08:34:00Z,NA,0,a
Batt Reef (16-029),16-029,2024-04-10T08:32:00Z,NA,0,a
Batt Reef (16-029),16-029,2024-04-10T08:30:00Z,NA,0,a
Batt Reef (16-029),16-029,2024-04-10T08:27:00Z,NA,0,a
Batt Reef (16-029),16-029,2024-04-10T08:25:00Z,NA,0,a
Batt Reef (16-029),16-029,2024-04-10T08:22:00Z,NA,0,a
Batt Reef (16-029),16-029,2024-04-10T08:20:00Z,NA,0,a
Batt Reef (16-029),16-029,2024-04-10T08:18:00Z,NA,0,a
Batt Reef (16-029),16-029,2024-04-10T08:15:00Z,NA,0,a
Batt Reef (16-029),16-029,2024-04-10T08:13:00Z,NA,0,a
Batt Reef (16-029),16-029,2024-04-10T08:11:00Z,NA,0,a
Batt Reef (16-029),16-029,2024-04-10T08:08:00Z,NA,0,a
Batt Reef (16-029),16-029,2024-04-03T10:22:00Z,NA,0,a
Batt Reef (16-029),16-029,2024-04-03T10:20:00Z,NA,0,a
Batt Reef (16-029),16-029,2024-04-03T10:19:00Z,NA,0,p
Batt Reef (16-029),16-029,2024-04-03T10:18:00Z,NA,0,a
Batt Reef (16-029),16-029,2024-04-03T10:17:00Z,NA,0,a
Batt Reef (16-029),16-029,2024-04-03T10:15:00Z,NA,0,a
Batt Reef (16-029),16-029,2024-04-03T10:15:00Z,NA,0,a
Batt Reef (16-029),16-029,2024-04-03T10:13:00Z,NA,0,a
Batt Reef (16-029),16-029,2024-04-03T10:12:00Z,NA,0,a
Batt Reef (16-029),16-029,2024-04-03T10:11:00Z,NA,0,a
Batt Reef (16-029),16-029,2024-04-03T10:10:00Z,NA,0,a
Batt Reef (16-029),16-029,2024-04-03T10:08:00Z,NA,0,a
Batt Reef (16-029),16-029,2024-04-03T10:07:00Z,NA,0,a
Batt Reef (16-029),16-029,2024-04-03T10:06:00Z,NA,0,a
Batt Reef (16-029),16-029,2024-04-03T10:05:00Z,NA,0,a
Batt Reef (16-029),16-029,2024-04-03T10:04:00Z,NA,0,a
Batt Reef (16-029),16-029,2024-04-03T10:02:00Z,NA,0,a
Batt Reef (16-029),16-029,2024-04-03T10:02:00Z,NA,0,a
Batt Reef (16-029),16-029,2024-04-03T10:00:00Z,NA,0,a
Batt Reef (16-029),16-029,2024-04-03T09:59:00Z,NA,0,a
Batt Reef (16-029),16-029,2024-04-03T09:58:00Z,NA,0,a
Batt Reef (16-029),16-029,2024-04-03T09:55:00Z,NA,0,p
Batt Reef (16-029),16-029,2024-04-03T09:54:00Z,NA,0,a
Batt Reef (16-029),16-029,2024-04-03T09:53:00Z,NA,0,a
Batt Reef (16-029),16-029,2024-04-03T09:52:00Z,NA,0,a
Batt Reef (16-029),16-029,2024-04-03T09:51:00Z,NA,0,a
Batt Reef (16-029),16-029,2024-04-03T09:50:00Z,NA,0,a
Batt Reef (16-029),16-029,2024-04-03T09:48:00Z,NA,0,a
Batt Reef (16-029),16-029,2024-04-03T09:48:00Z,NA,0,a
Batt Reef (16-029),16-029,2024-04-03T09:46:00Z,NA,0,a
Batt Reef (16-029),16-029,2024-04-03T09:45:00Z,NA,0,a
Batt Reef (16-029),16-029,2024-04-03T09:44:00Z,NA,0,a
Batt Reef (16-029),16-029,2024-04-03T09:43:00Z,NA,0,p
Batt Reef (16-029),16-029,2024-04-03T09:41:00Z,NA,0,a
Batt Reef (16-029),16-029,2024-04-03T09:41:00Z,NA,0,a
Batt Reef (16-029),16-029,2024-04-03T09:39:00Z,NA,0,a
Batt Reef (16-029),16-029,2024-04-03T09:38:00Z,NA,1,p
Batt Reef (16-029),16-029,2024-04-03T09:36:00Z,NA,0,a
Batt Reef (16-029),16-029,2024-04-03T09:36:00Z,NA,0,a
Batt Reef (16-029),16-029,2024-04-03T09:34:00Z,NA,0,p
Batt Reef (16-029),16-029,2024-04-03T09:33:00Z,NA,0,a
Batt Reef (16-029),16-029,2024-04-03T09:32:00Z,NA,0,a
Batt Reef (16-029),16-029,2024-04-03T09:31:00Z,NA,0,a
Batt Reef (16-029),16-029,2024-04-03T09:29:00Z,NA,0,a
Batt Reef (16-029),16-029,2024-04-03T09:29:00Z,NA,0,a
Batt Reef (16-029),16-029,2024-04-03T09:27:00Z,NA,0,a
Batt Reef (16-029),16-029,2024-04-03T09:27:00Z,NA,0,a
Batt Reef (16-029),16-029,2024-04-03T09:23:00Z,NA,0,a
Batt Reef (16-029),16-029,2024-04-03T09:22:00Z,NA,0,a
Batt Reef (16-029),16-029,2024-04-03T09:20:00Z,NA,0,a
Batt Reef (16-029),16-029,2024-04-03T09:19:00Z,NA,0,a
Batt Reef (16-029),16-029,2024-04-03T09:17:00Z,NA,0,a
Batt Reef (16-029),16-029,2024-04-03T09:16:00Z,NA,0,a
Batt Reef (16-029),16-029,2024-04-03T09:14:00Z,NA,0,a
Batt Reef (16-029),16-029,2024-04-03T09:14:00Z,NA,0,a
Batt Reef (16-029),16-029,2024-04-03T09:12:00Z,NA,0,a
Batt Reef (16-029),16-029,2024-04-03T09:12:00Z,NA,0,a
Batt Reef (16-029),16-029,2024-04-03T09:10:00Z,NA,0,a
Batt Reef (16-029),16-029,2024-04-03T09:09:00Z,NA,0,a
Batt Reef (16-029),16-029,2024-04-03T09:07:00Z,NA,0,a
Batt Reef (16-029),16-029,2024-04-03T09:06:00Z,NA,0,a
Batt Reef (16-029),16-029,2024-04-03T09:05:00Z,NA,0,a
Batt Reef (16-029),16-029,2024-04-03T09:03:00Z,NA,0,a
Batt Reef (16-029),16-029,2024-04-03T09:01:00Z,NA,0,a
Batt Reef (16-029),16-029,2024-04-03T09:00:00Z,NA,0,a
Batt Reef (16-029),16-029,2024-04-03T08:59:00Z,NA,0,a
Batt Reef (16-029),16-029,2024-04-03T08:58:00Z,NA,0,a
Batt Reef (16-029),16-029,2024-04-03T08:57:00Z,NA,0,a
Batt Reef (16-029),16-029,2024-04-03T08:55:00Z,NA,0,a
Batt Reef (16-029),16-029,2024-04-03T08:54:00Z,NA,0,a
Batt Reef (16-029),16-029,2024-04-03T08:53:00Z,NA,0,a
Batt Reef (16-029),16-029,2024-04-03T08:52:00Z,NA,0,a
Batt Reef (16-029),16-029,2024-04-03T08:50:00Z,NA,0,a
Batt Reef (16-029),16-029,2024-04-03T08:50:00Z,NA,0,a
Batt Reef (16-029),16-029,2024-04-03T08:48:00Z,NA,0,a
Batt Reef (16-029),16-029,2024-04-03T08:48:00Z,NA,0,a
Batt Reef (16-029),16-029,2024-04-03T08:46:00Z,NA,0,a
Batt Reef (16-029),16-029,2024-04-03T08:45:00Z,NA,0,a
Batt Reef (16-029),16-029,2024-04-03T08:43:00Z,NA,0,a
Batt Reef (16-029),16-029,2024-04-03T08:43:00Z,NA,0,a
Batt Reef (16-029),16-029,2024-04-03T08:41:00Z,NA,0,a
Batt Reef (16-029),16-029,2024-04-03T08:40:00Z,NA,0,a
Batt Reef (16-029),16-029,2024-04-03T08:39:00Z,NA,0,a
Batt Reef (16-029),16-029,2024-04-03T08:38:00Z,NA,0,a
Batt Reef (16-029),16-029,2024-04-03T08:36:00Z,NA,0,a
Batt Reef (16-029),16-029,2024-04-03T08:35:00Z,NA,0,a
Batt Reef (16-029),16-029,2024-04-03T08:33:00Z,NA,0,a
Batt Reef (16-029),16-029,2024-04-03T08:30:00Z,NA,0,a
Batt Reef (16-029),16-029,2024-04-03T08:28:00Z,NA,0,a
Batt Reef (16-029),16-029,2024-04-03T08:25:00Z,NA,0,a
Batt Reef (16-029),16-029,2024-04-03T08:23:00Z,NA,0,a
Batt Reef (16-029),16-029,2024-04-03T08:20:00Z,NA,0,a
Batt Reef (16-029),16-029,2024-04-03T08:14:00Z,NA,0,a
Batt Reef (16-029),16-029,2024-04-03T08:12:00Z,NA,0,a
Lizard Island Reef (North West) (14-116a),14-116a,2024-03-28T08:58:00Z,NA,0,a
Lizard Island Reef (North West) (14-116a),14-116a,2024-03-28T08:56:00Z,NA,0,a
Lizard Island Reef (North West) (14-116a),14-116a,2024-03-28T08:53:00Z,NA,0,a
Lizard Island Reef (North West) (14-116a),14-116a,2024-03-28T08:51:00Z,NA,0,a
Lizard Island Reef (North West) (14-116a),14-116a,2024-03-28T08:49:00Z,NA,0,a
Lizard Island Reef (North West) (14-116a),14-116a,2024-03-28T08:47:00Z,NA,0,a
Lizard Island Reef (North West) (14-116a),14-116a,2024-03-28T08:44:00Z,NA,0,a
Lizard Island Reef (North West) (14-116a),14-116a,2024-03-28T08:42:00Z,NA,0,a
Lizard Island Reef (North West) (14-116a),14-116a,2024-03-28T08:40:00Z,NA,0,a
Lizard Island Reef (North West) (14-116a),14-116a,2024-03-28T08:26:00Z,NA,0,a
Lizard Island Reef (North West) (14-116a),14-116a,2024-03-28T08:24:00Z,NA,0,a
Lizard Island Reef (North West) (14-116a),14-116a,2024-03-28T08:21:00Z,NA,0,a
Lizard Island Reef (North West) (14-116a),14-116a,2024-03-28T08:19:00Z,NA,0,a
Lizard Island Reef (North West) (14-116a),14-116a,2024-03-28T08:16:00Z,NA,0,p
Lizard Island Reef (North West) (14-116a),14-116a,2024-03-28T08:14:00Z,NA,0,a
Lizard Island Reef (North West) (14-116a),14-116a,2024-03-28T08:12:00Z,NA,0,a
Lizard Island Reef (North West) (14-116a),14-116a,2024-01-18T02:15:00Z,NA,0,a
Lizard Island Reef (North West) (14-116a),14-116a,2024-01-18T02:13:00Z,NA,0,a
Lizard Island Reef (North West) (14-116a),14-116a,2024-01-18T02:11:00Z,NA,0,a
Lizard Island Reef (North West) (14-116a),14-116a,2024-01-18T02:07:00Z,NA,0,a
Lizard Island Reef (North West) (14-116a),14-116a,2024-01-18T02:00:00Z,NA,0,a
Lizard Island Reef (North West) (14-116a),14-116a,2024-01-18T01:53:00Z,NA,0,a
Lizard Island Reef (North West) (14-116a),14-116a,2024-01-18T01:51:00Z,NA,0,a
Lizard Island Reef (North West) (14-116a),14-116a,2024-01-18T01:43:00Z,NA,0,a
Batt Reef (16-029),16-029,2023-11-22T12:57:00Z,NA,0,a
Batt Reef (16-029),16-029,2023-11-22T12:55:00Z,NA,0,a
Batt Reef (16-029),16-029,2023-11-22T12:52:00Z,NA,0,a
Batt Reef (16-029),16-029,2023-11-22T12:50:00Z,NA,0,p
Batt Reef (16-029),16-029,2023-11-22T12:48:00Z,NA,0,a
Batt Reef (16-029),16-029,2023-11-22T12:45:00Z,NA,0,a
Batt Reef (16-029),16-029,2023-11-22T12:43:00Z,NA,0,a
Batt Reef (16-029),16-029,2023-11-22T12:41:00Z,NA,0,a
Batt Reef (16-029),16-029,2023-11-22T12:38:00Z,NA,0,a
Batt Reef (16-029),16-029,2023-11-22T12:36:00Z,NA,0,a
Batt Reef (16-029),16-029,2023-11-22T12:34:00Z,NA,0,a
Batt Reef (16-029),16-029,2023-11-22T12:32:00Z,NA,0,a
Batt Reef (16-029),16-029,2023-11-22T12:29:00Z,NA,0,a
Batt Reef (16-029),16-029,2023-11-22T12:27:00Z,NA,0,a
Batt Reef (16-029),16-029,2023-11-22T12:25:00Z,NA,0,a
Batt Reef (16-029),16-029,2023-11-22T12:23:00Z,NA,0,a
Batt Reef (16-029),16-029,2023-11-22T12:21:00Z,NA,0,a
Batt Reef (16-029),16-029,2023-11-22T12:19:00Z,NA,0,a
Batt Reef (16-029),16-029,2023-11-22T12:16:00Z,NA,0,a
Batt Reef (16-029),16-029,2023-11-22T12:10:00Z,NA,0,a
Batt Reef (16-029),16-029,2023-11-22T12:08:00Z,NA,0,a
Batt Reef (16-029),16-029,2023-11-22T12:06:00Z,NA,0,a
Batt Reef (16-029),16-029,2023-11-22T12:03:00Z,NA,0,a
Batt Reef (16-029),16-029,2023-11-22T12:01:00Z,NA,0,a
Batt Reef (16-029),16-029,2023-11-22T11:59:00Z,NA,0,a
Batt Reef (16-029),16-029,2023-11-22T11:56:00Z,NA,0,a
Batt Reef (16-029),16-029,2023-11-22T11:54:00Z,NA,0,a
Batt Reef (16-029),16-029,2023-11-22T11:52:00Z,NA,0,a
Batt Reef (16-029),16-029,2023-11-22T11:50:00Z,NA,0,a
Batt Reef (16-029),16-029,2023-11-22T11:47:00Z,NA,0,a
Batt Reef (16-029),16-029,2023-11-22T11:45:00Z,NA,0,a
Batt Reef (16-029),16-029,2023-11-22T11:43:00Z,NA,0,p
Batt Reef (16-029),16-029,2023-11-22T11:40:00Z,NA,0,a
Batt Reef (16-029),16-029,2023-11-22T11:38:00Z,NA,0,a
Batt Reef (16-029),16-029,2023-11-22T11:36:00Z,NA,0,p
Batt Reef (16-029),16-029,2023-11-22T11:34:00Z,NA,0,a
Batt Reef (16-029),16-029,2023-11-22T11:22:00Z,NA,0,a
Batt Reef (16-029),16-029,2023-11-22T11:20:00Z,NA,0,a
Batt Reef (16-029),16-029,2023-11-22T11:17:00Z,NA,0,a
Batt Reef (16-029),16-029,2023-11-22T11:13:00Z,NA,0,a
Batt Reef (16-029),16-029,2023-11-22T11:11:00Z,NA,0,a
Batt Reef (16-029),16-029,2023-11-22T11:09:00Z,NA,0,a
Batt Reef (16-029),16-029,2023-11-22T11:06:00Z,NA,0,a
Batt Reef (16-029),16-029,2023-11-22T11:04:00Z,NA,0,a
Batt Reef (16-029),16-029,2023-11-22T11:02:00Z,NA,0,a
Batt Reef (16-029),16-029,2023-11-22T10:59:00Z,NA,0,a
Batt Reef (16-029),16-029,2023-11-22T10:57:00Z,NA,0,a
Batt Reef (16-029),16-029,2023-11-22T10:55:00Z,NA,0,a
Batt Reef (16-029),16-029,2023-11-22T10:53:00Z,NA,0,a
Batt Reef (16-029),16-029,2023-11-22T10:50:00Z,NA,0,a
Batt Reef (16-029),16-029,2023-11-22T10:48:00Z,NA,0,p
Batt Reef (16-029),16-029,2023-11-22T10:46:00Z,NA,0,a
Batt Reef (16-029),16-029,2023-11-22T10:43:00Z,NA,0,a
Batt Reef (16-029),16-029,2023-11-22T10:41:00Z,NA,0,a
Batt Reef (16-029),16-029,2023-11-22T10:39:00Z,NA,0,a
Batt Reef (16-029),16-029,2023-11-22T10:37:00Z,NA,0,a
Batt Reef (16-029),16-029,2023-11-22T10:34:00Z,NA,0,a
Batt Reef (16-029),16-029,2023-11-22T10:32:00Z,NA,0,a
Batt Reef (16-029),16-029,2023-11-22T10:13:00Z,NA,0,a
Batt Reef (16-029),16-029,2023-11-22T10:11:00Z,NA,0,a
Batt Reef (16-029),16-029,2023-11-22T10:09:00Z,NA,0,a
Batt Reef (16-029),16-029,2023-11-22T10:06:00Z,NA,0,a
Batt Reef (16-029),16-029,2023-11-22T10:04:00Z,NA,0,a
Batt Reef (16-029),16-029,2023-11-22T10:02:00Z,NA,0,a
Batt Reef (16-029),16-029,2023-11-22T10:00:00Z,NA,0,a
Batt Reef (16-029),16-029,2023-11-22T09:58:00Z,NA,0,a
Batt Reef (16-029),16-029,2023-11-22T09:55:00Z,NA,0,a
Batt Reef (16-029),16-029,2023-11-22T09:53:00Z,NA,0,a
Batt Reef (16-029),16-029,2023-11-22T09:51:00Z,NA,0,a
Batt Reef (16-029),16-029,2023-11-22T09:44:00Z,NA,0,a
Batt Reef (16-029),16-029,2023-11-22T09:42:00Z,NA,0,a
Batt Reef (16-029),16-029,2023-11-22T09:40:00Z,NA,0,a
Batt Reef (16-029),16-029,2023-11-22T09:38:00Z,NA,0,a
Batt Reef (16-029),16-029,2023-11-22T09:35:00Z,NA,0,a
Batt Reef (16-029),16-029,2023-11-22T09:33:00Z,NA,0,a
Batt Reef (16-029),16-029,2023-11-22T09:31:00Z,NA,0,a
Batt Reef (16-029),16-029,2023-11-22T09:28:00Z,NA,0,a
Batt Reef (16-029),16-029,2023-11-22T09:26:00Z,NA,0,a
Batt Reef (16-029),16-029,2023-11-22T09:23:00Z,NA,0,a
Batt Reef (16-029),16-029,2023-11-22T09:21:00Z,NA,0,a
Batt Reef (16-029),16-029,2023-11-22T09:19:00Z,NA,0,a
Batt Reef (16-029),16-029,2023-11-22T09:16:00Z,NA,0,a
Batt Reef (16-029),16-029,2023-11-22T09:14:00Z,NA,0,a
Batt Reef (16-029),16-029,2023-11-22T09:12:00Z,NA,0,a
Batt Reef (16-029),16-029,2023-11-22T09:09:00Z,NA,0,a
Batt Reef (16-029),16-029,2023-11-22T09:07:00Z,NA,0,a
Batt Reef (16-029),16-029,2023-11-22T09:05:00Z,NA,0,a
Batt Reef (16-029),16-029,2023-11-22T09:03:00Z,NA,0,a
Batt Reef (16-029),16-029,2023-11-22T09:00:00Z,NA,0,a
Batt Reef (16-029),16-029,2023-11-22T08:58:00Z,NA,0,a
Batt Reef (16-029),16-029,2023-11-22T08:56:00Z,NA,0,a
Batt Reef (16-029),16-029,2023-11-22T08:53:00Z,NA,0,a
Batt Reef (16-029),16-029,2023-11-22T08:51:00Z,NA,0,a
Batt Reef (16-029),16-029,2023-11-22T08:49:00Z,NA,0,a
Batt Reef (16-029),16-029,2023-11-22T08:47:00Z,NA,0,a
Batt Reef (16-029),16-029,2023-11-22T08:44:00Z,NA,0,a
Batt Reef (16-029),16-029,2023-11-22T08:42:00Z,NA,0,a
Batt Reef (16-029),16-029,2023-11-22T08:40:00Z,NA,0,a
Batt Reef (16-029),16-029,2023-11-22T08:38:00Z,NA,0,a
Batt Reef (16-029),16-029,2023-11-15T12:10:00Z,NA,0,a
Batt Reef (16-029),16-029,2023-11-15T12:08:00Z,NA,0,a
Batt Reef (16-029),16-029,2023-11-15T12:06:00Z,NA,0,a
Batt Reef (16-029),16-029,2023-11-15T12:04:00Z,NA,0,a
Batt Reef (16-029),16-029,2023-11-15T12:01:00Z,NA,0,a
Batt Reef (16-029),16-029,2023-11-15T11:59:00Z,NA,0,a
Batt Reef (16-029),16-029,2023-11-15T11:57:00Z,NA,0,a
Batt Reef (16-029),16-029,2023-11-15T11:54:00Z,NA,0,a
Batt Reef (16-029),16-029,2023-11-15T11:52:00Z,NA,0,a
Batt Reef (16-029),16-029,2023-11-15T11:50:00Z,NA,0,a
Batt Reef (16-029),16-029,2023-11-15T11:47:00Z,NA,0,a
Batt Reef (16-029),16-029,2023-11-15T11:45:00Z,NA,0,a
Batt Reef (16-029),16-029,2023-11-15T11:43:00Z,NA,0,a
Batt Reef (16-029),16-029,2023-11-15T11:41:00Z,NA,0,a
Batt Reef (16-029),16-029,2023-11-15T11:38:00Z,NA,0,a
Batt Reef (16-029),16-029,2023-11-15T11:36:00Z,NA,0,a
Batt Reef (16-029),16-029,2023-11-15T11:34:00Z,NA,0,a
Batt Reef (16-029),16-029,2023-11-15T11:32:00Z,NA,0,a
Batt Reef (16-029),16-029,2023-11-15T11:29:00Z,NA,0,a
Batt Reef (16-029),16-029,2023-11-15T11:27:00Z,NA,0,a
Batt Reef (16-029),16-029,2023-11-15T11:25:00Z,NA,0,a
Batt Reef (16-029),16-029,2023-11-15T11:22:00Z,NA,0,a
Batt Reef (16-029),16-029,2023-11-15T11:20:00Z,NA,0,a
Batt Reef (16-029),16-029,2023-11-15T11:18:00Z,NA,0,a
Batt Reef (16-029),16-029,2023-11-15T11:16:00Z,NA,0,a
Batt Reef (16-029),16-029,2023-11-15T11:10:00Z,NA,0,a
Batt Reef (16-029),16-029,2023-11-15T11:07:00Z,NA,0,a
Batt Reef (16-029),16-029,2023-11-15T11:05:00Z,NA,0,a
Batt Reef (16-029),16-029,2023-11-15T11:03:00Z,NA,0,p
Batt Reef (16-029),16-029,2023-11-15T11:00:00Z,NA,0,a
Batt Reef (16-029),16-029,2023-11-15T10:58:00Z,NA,0,p
Batt Reef (16-029),16-029,2023-11-15T10:56:00Z,NA,0,a
Batt Reef (16-029),16-029,2023-11-15T10:54:00Z,NA,0,a
Batt Reef (16-029),16-029,2023-11-15T10:52:00Z,NA,0,p
Batt Reef (16-029),16-029,2023-11-15T10:50:00Z,NA,1,p
Batt Reef (16-029),16-029,2023-11-15T10:47:00Z,NA,0,p
Batt Reef (16-029),16-029,2023-11-15T10:45:00Z,NA,0,a
Batt Reef (16-029),16-029,2023-11-15T10:43:00Z,NA,0,a
Batt Reef (16-029),16-029,2023-11-15T10:41:00Z,NA,0,a
Batt Reef (16-029),16-029,2023-11-15T10:39:00Z,NA,0,p
Batt Reef (16-029),16-029,2023-11-15T10:37:00Z,NA,0,a
Batt Reef (16-029),16-029,2023-11-15T10:34:00Z,NA,0,p
Batt Reef (16-029),16-029,2023-11-15T10:32:00Z,NA,0,a
Batt Reef (16-029),16-029,2023-11-15T10:30:00Z,NA,0,a
Batt Reef (16-029),16-029,2023-11-15T10:28:00Z,NA,0,p
Batt Reef (16-029),16-029,2023-11-15T10:25:00Z,NA,0,a
Batt Reef (16-029),16-029,2023-11-15T10:23:00Z,NA,0,p
Batt Reef (16-029),16-029,2023-11-15T10:22:00Z,NA,0,a
Batt Reef (16-029),16-029,2023-11-15T10:20:00Z,NA,0,a
Batt Reef (16-029),16-029,2023-11-15T10:20:00Z,NA,0,p
Batt Reef (16-029),16-029,2023-11-15T10:18:00Z,NA,0,a
Batt Reef (16-029),16-029,2023-11-15T10:18:00Z,NA,0,p
Batt Reef (16-029),16-029,2023-11-15T10:16:00Z,NA,1,p
Batt Reef (16-029),16-029,2023-11-15T10:15:00Z,NA,0,p
Batt Reef (16-029),16-029,2023-11-15T10:14:00Z,NA,0,p
Batt Reef (16-029),16-029,2023-11-15T10:13:00Z,NA,0,a
Batt Reef (16-029),16-029,2023-11-15T10:11:00Z,NA,0,a
Batt Reef (16-029),16-029,2023-11-15T10:11:00Z,NA,2,p
Batt Reef (16-029),16-029,2023-11-15T10:09:00Z,NA,0,a
Batt Reef (16-029),16-029,2023-11-15T10:09:00Z,NA,0,p
Batt Reef (16-029),16-029,2023-11-15T10:07:00Z,NA,0,a
Batt Reef (16-029),16-029,2023-11-15T10:06:00Z,NA,0,a
Batt Reef (16-029),16-029,2023-11-15T10:04:00Z,NA,0,a
Batt Reef (16-029),16-029,2023-11-15T10:04:00Z,NA,0,a
Batt Reef (16-029),16-029,2023-11-15T10:02:00Z,NA,0,a
Batt Reef (16-029),16-029,2023-11-15T10:01:00Z,NA,0,a
Batt Reef (16-029),16-029,2023-11-15T09:59:00Z,NA,0,p
Batt Reef (16-029),16-029,2023-11-15T09:59:00Z,NA,0,p
Batt Reef (16-029),16-029,2023-11-15T09:57:00Z,NA,0,a
Batt Reef (16-029),16-029,2023-11-15T09:57:00Z,NA,0,p
Batt Reef (16-029),16-029,2023-11-15T09:55:00Z,NA,0,a
Batt Reef (16-029),16-029,2023-11-15T09:55:00Z,NA,0,a
Batt Reef (16-029),16-029,2023-11-15T09:52:00Z,NA,0,p
Batt Reef (16-029),16-029,2023-11-15T09:52:00Z,NA,0,a
Batt Reef (16-029),16-029,2023-11-15T09:50:00Z,NA,0,a
Batt Reef (16-029),16-029,2023-11-15T09:50:00Z,NA,0,a
Batt Reef (16-029),16-029,2023-11-15T09:48:00Z,NA,0,a
Batt Reef (16-029),16-029,2023-11-15T09:48:00Z,NA,0,a
Batt Reef (16-029),16-029,2023-11-15T09:46:00Z,NA,0,p
Batt Reef (16-029),16-029,2023-11-15T09:45:00Z,NA,0,a
Batt Reef (16-029),16-029,2023-11-15T09:43:00Z,NA,0,a
Batt Reef (16-029),16-029,2023-11-15T09:41:00Z,NA,0,a
Batt Reef (16-029),16-029,2023-11-15T09:41:00Z,NA,0,p
Batt Reef (16-029),16-029,2023-11-15T09:39:00Z,NA,0,a
Batt Reef (16-029),16-029,2023-11-15T09:39:00Z,NA,0,a
Batt Reef (16-029),16-029,2023-11-15T09:36:00Z,NA,0,a
Batt Reef (16-029),16-029,2023-11-15T09:34:00Z,NA,0,a
Batt Reef (16-029),16-029,2023-11-15T09:32:00Z,NA,0,a
Batt Reef (16-029),16-029,2023-11-15T09:29:00Z,NA,1,p
Batt Reef (16-029),16-029,2023-11-15T09:27:00Z,NA,0,a
Batt Reef (16-029),16-029,2023-11-15T09:25:00Z,NA,0,a
Batt Reef (16-029),16-029,2023-11-15T09:22:00Z,NA,0,p
Batt Reef (16-029),16-029,2023-11-15T09:20:00Z,NA,0,a
Batt Reef (16-029),16-029,2023-11-15T09:18:00Z,NA,0,a
Batt Reef (16-029),16-029,2023-11-15T09:16:00Z,NA,0,a
Batt Reef (16-029),16-029,2023-11-15T09:13:00Z,NA,0,a
Batt Reef (16-029),16-029,2023-11-15T09:11:00Z,NA,0,p
Batt Reef (16-029),16-029,2023-11-15T09:09:00Z,NA,0,a
Batt Reef (16-029),16-029,2023-11-15T09:07:00Z,NA,0,a
Batt Reef (16-029),16-029,2023-11-15T09:04:00Z,NA,0,p
Batt Reef (16-029),16-029,2023-11-15T09:02:00Z,NA,0,a
Batt Reef (16-029),16-029,2023-11-15T09:00:00Z,NA,0,a
Batt Reef (16-029),16-029,2023-11-15T08:57:00Z,NA,0,a
Batt Reef (16-029),16-029,2023-11-15T08:55:00Z,NA,0,a
Batt Reef (16-029),16-029,2023-11-15T08:51:00Z,NA,0,a
Batt Reef (16-029),16-029,2023-11-15T08:49:00Z,NA,0,a
Batt Reef (16-029),16-029,2023-11-15T08:47:00Z,NA,0,a
Batt Reef (16-029),16-029,2023-11-15T08:44:00Z,NA,0,a
Batt Reef (16-029),16-029,2023-11-15T08:42:00Z,NA,0,a
Batt Reef (16-029),16-029,2023-11-15T08:40:00Z,NA,0,a
Batt Reef (16-029),16-029,2023-11-15T08:37:00Z,NA,0,a
Batt Reef (16-029),16-029,2023-11-15T08:35:00Z,NA,0,p
Batt Reef (16-029),16-029,2023-11-15T08:33:00Z,NA,0,a
Batt Reef (16-029),16-029,2023-11-15T08:31:00Z,NA,0,a
Batt Reef (16-029),16-029,2023-11-15T08:29:00Z,NA,0,a
Batt Reef (16-029),16-029,2023-11-15T08:26:00Z,NA,0,a
Batt Reef (16-029),16-029,2023-11-15T08:24:00Z,NA,0,a
Batt Reef (16-029),16-029,2023-11-15T08:22:00Z,NA,0,a
Batt Reef (16-029),16-029,2023-11-15T08:20:00Z,NA,0,a
Batt Reef (16-029),16-029,2023-11-15T08:17:00Z,NA,0,a
Batt Reef (16-029),16-029,2023-11-15T08:15:00Z,NA,0,a
Batt Reef (16-029),16-029,2023-11-15T08:12:00Z,NA,0,a
Batt Reef (16-029),16-029,2023-11-15T08:10:00Z,NA,0,a
Lizard Island Reef (North West) (14-116a),14-116a,2023-10-29T08:50:00Z,NA,0,a
Lizard Island Reef (North West) (14-116a),14-116a,2023-10-29T08:47:00Z,NA,0,a
Lizard Island Reef (North West) (14-116a),14-116a,2023-10-29T08:45:00Z,NA,0,a
Lizard Island Reef (North West) (14-116a),14-116a,2023-10-29T08:43:00Z,NA,0,a
Lizard Island Reef (North West) (14-116a),14-116a,2023-10-29T08:22:00Z,NA,0,a
Lizard Island Reef (North West) (14-116a),14-116a,2023-10-29T08:20:00Z,NA,0,a
Lizard Island Reef (North West) (14-116a),14-116a,2023-10-29T08:18:00Z,NA,0,a
Lizard Island Reef (North West) (14-116a),14-116a,2023-10-29T08:16:00Z,NA,0,a
Lizard Island Reef (North West) (14-116a),14-116a,2023-10-29T08:13:00Z,NA,0,a
Lizard Island Reef (North West) (14-116a),14-116a,2023-10-29T08:11:00Z,NA,0,p
Lizard Island Reef (North West) (14-116a),14-116a,2023-10-29T08:08:00Z,NA,0,p
Lizard Island Reef (North West) (14-116a),14-116a,2023-10-29T08:05:00Z,NA,0,p
Lizard Island Reef (North West) (14-116a),14-116a,2023-10-29T08:03:00Z,NA,0,a
Batt Reef (16-029),16-029,2023-08-02T18:03:00Z,NA,0,a
Batt Reef (16-029),16-029,2023-08-02T18:00:00Z,NA,0,a
Batt Reef (16-029),16-029,2023-08-02T17:58:00Z,NA,0,a
Batt Reef (16-029),16-029,2023-08-02T17:56:00Z,NA,0,a
Batt Reef (16-029),16-029,2023-08-02T17:53:00Z,NA,0,a
Batt Reef (16-029),16-029,2023-08-02T17:51:00Z,NA,0,a
Batt Reef (16-029),16-029,2023-08-02T17:49:00Z,NA,0,a
Batt Reef (16-029),16-029,2023-08-02T17:46:00Z,NA,0,a
Batt Reef (16-029),16-029,2023-08-02T17:44:00Z,NA,0,a
Batt Reef (16-029),16-029,2023-08-02T17:42:00Z,NA,0,a
Batt Reef (16-029),16-029,2023-08-02T17:40:00Z,NA,0,a
Batt Reef (16-029),16-029,2023-08-02T17:37:00Z,NA,0,a
Batt Reef (16-029),16-029,2023-08-02T08:52:00Z,NA,0,a
Batt Reef (16-029),16-029,2023-08-02T08:50:00Z,NA,0,a
Batt Reef (16-029),16-029,2023-08-02T08:48:00Z,NA,0,a
Batt Reef (16-029),16-029,2023-08-02T08:45:00Z,NA,0,a
Batt Reef (16-029),16-029,2023-08-02T08:43:00Z,NA,0,a
Batt Reef (16-029),16-029,2023-08-02T08:41:00Z,NA,0,a
Batt Reef (16-029),16-029,2023-08-02T08:39:00Z,NA,0,a
Batt Reef (16-029),16-029,2023-08-02T08:37:00Z,NA,0,a
Batt Reef (16-029),16-029,2023-08-02T08:34:00Z,NA,0,a
Batt Reef (16-029),16-029,2023-08-02T08:32:00Z,NA,0,a
Batt Reef (16-029),16-029,2023-08-02T08:30:00Z,NA,0,a
Batt Reef (16-029),16-029,2023-08-02T08:28:00Z,NA,0,a
Batt Reef (16-029),16-029,2023-08-02T08:26:00Z,NA,0,a
Batt Reef (16-029),16-029,2023-08-02T08:24:00Z,NA,0,a
Batt Reef (16-029),16-029,2023-08-02T08:21:00Z,NA,0,a
Batt Reef (16-029),16-029,2023-08-02T08:19:00Z,NA,0,a
Batt Reef (16-029),16-029,2023-07-20T21:40:00Z,NA,0,a
Batt Reef (16-029),16-029,2023-07-20T21:38:00Z,NA,0,a
Batt Reef (16-029),16-029,2023-07-20T21:31:00Z,NA,0,a
Batt Reef (16-029),16-029,2023-07-20T21:28:00Z,NA,0,a
Batt Reef (16-029),16-029,2023-07-20T21:26:00Z,NA,0,a
Batt Reef (16-029),16-029,2023-07-20T21:24:00Z,NA,0,a
Batt Reef (16-029),16-029,2023-07-20T21:22:00Z,NA,0,a
Batt Reef (16-029),16-029,2023-07-20T21:19:00Z,NA,0,a
Batt Reef (16-029),16-029,2023-07-20T21:17:00Z,NA,0,a
Batt Reef (16-029),16-029,2023-07-20T21:15:00Z,NA,0,a
Batt Reef (16-029),16-029,2023-07-20T21:12:00Z,NA,0,a
Batt Reef (16-029),16-029,2023-07-20T21:10:00Z,NA,0,a
Batt Reef (16-029),16-029,2023-07-20T21:08:00Z,NA,0,a
Batt Reef (16-029),16-029,2023-07-20T21:06:00Z,NA,0,a
Batt Reef (16-029),16-029,2023-07-20T21:04:00Z,NA,0,a
Batt Reef (16-029),16-029,2023-07-20T21:01:00Z,NA,0,a
Batt Reef (16-029),16-029,2023-07-20T20:57:00Z,NA,0,a
Batt Reef (16-029),16-029,2023-07-20T20:55:00Z,NA,0,a
Batt Reef (16-029),16-029,2023-07-20T20:53:00Z,NA,0,a
Batt Reef (16-029),16-029,2023-07-20T20:50:00Z,NA,0,a
Batt Reef (16-029),16-029,2023-07-20T20:48:00Z,NA,0,a
Batt Reef (16-029),16-029,2023-07-20T20:46:00Z,NA,0,a
Batt Reef (16-029),16-029,2023-07-20T20:43:00Z,NA,0,a
Batt Reef (16-029),16-029,2023-07-20T20:41:00Z,NA,0,a
Batt Reef (16-029),16-029,2023-07-20T20:39:00Z,NA,0,a
Batt Reef (16-029),16-029,2023-07-20T20:37:00Z,NA,0,a
Batt Reef (16-029),16-029,2023-07-20T20:34:00Z,NA,0,p
Batt Reef (16-029),16-029,2023-07-20T20:32:00Z,NA,0,p
Batt Reef (16-029),16-029,2023-07-20T20:30:00Z,NA,0,a
Batt Reef (16-029),16-029,2023-07-20T20:27:00Z,NA,0,a
Batt Reef (16-029),16-029,2023-07-20T20:25:00Z,NA,0,p
Batt Reef (16-029),16-029,2023-07-20T20:23:00Z,NA,0,p
Batt Reef (16-029),16-029,2023-07-20T20:21:00Z,NA,0,p
Batt Reef (16-029),16-029,2023-07-20T20:18:00Z,NA,0,p
Batt Reef (16-029),16-029,2023-07-20T20:16:00Z,NA,0,p
Batt Reef (16-029),16-029,2023-07-20T20:14:00Z,NA,0,a
Batt Reef (16-029),16-029,2023-07-20T14:07:00Z,NA,0,a
Batt Reef (16-029),16-029,2023-07-20T14:05:00Z,NA,0,a
Batt Reef (16-029),16-029,2023-07-20T14:03:00Z,NA,0,a
Batt Reef (16-029),16-029,2023-07-20T14:00:00Z,NA,0,a
Batt Reef (16-029),16-029,2023-07-20T13:58:00Z,NA,0,a
Batt Reef (16-029),16-029,2023-07-20T13:56:00Z,NA,0,a
Batt Reef (16-029),16-029,2023-07-20T13:54:00Z,NA,0,a
Batt Reef (16-029),16-029,2023-07-20T13:52:00Z,NA,0,a
Batt Reef (16-029),16-029,2023-07-20T13:49:00Z,NA,0,a
Batt Reef (16-029),16-029,2023-07-20T13:47:00Z,NA,0,a
Batt Reef (16-029),16-029,2023-07-20T13:45:00Z,NA,0,a
Batt Reef (16-029),16-029,2023-07-20T13:43:00Z,NA,0,a
Batt Reef (16-029),16-029,2023-07-20T13:41:00Z,NA,0,a
Batt Reef (16-029),16-029,2023-07-20T13:38:00Z,NA,0,a
Batt Reef (16-029),16-029,2023-07-20T13:36:00Z,NA,0,a
Batt Reef (16-029),16-029,2023-07-20T13:34:00Z,NA,0,a
Batt Reef (16-029),16-029,2023-07-20T13:32:00Z,NA,0,a
Batt Reef (16-029),16-029,2023-07-20T13:29:00Z,NA,0,a
Batt Reef (16-029),16-029,2023-07-20T13:27:00Z,NA,0,a
Batt Reef (16-029),16-029,2023-07-20T13:23:00Z,NA,0,a
Batt Reef (16-029),16-029,2023-07-20T13:21:00Z,NA,0,a
Batt Reef (16-029),16-029,2023-07-20T13:18:00Z,NA,0,a
Batt Reef (16-029),16-029,2023-07-20T13:16:00Z,NA,0,a
Batt Reef (16-029),16-029,2023-07-20T13:14:00Z,NA,0,a
Batt Reef (16-029),16-029,2023-07-20T13:12:00Z,NA,0,a
Batt Reef (16-029),16-029,2023-07-20T13:10:00Z,NA,0,a
Batt Reef (16-029),16-029,2023-07-20T13:07:00Z,NA,0,a
Batt Reef (16-029),16-029,2023-07-20T13:05:00Z,NA,0,a
Batt Reef (16-029),16-029,2023-07-20T13:03:00Z,NA,0,a
Batt Reef (16-029),16-029,2023-07-20T13:01:00Z,NA,0,a
Batt Reef (16-029),16-029,2023-07-20T12:58:00Z,NA,0,a
Batt Reef (16-029),16-029,2023-07-20T12:56:00Z,NA,0,a
Batt Reef (16-029),16-029,2023-07-20T12:54:00Z,NA,0,a
Batt Reef (16-029),16-029,2023-07-20T12:52:00Z,NA,0,a
Tongue Reef (16-026),16-026,2023-03-15T14:42:00Z,NA,0,a
Tongue Reef (16-026),16-026,2023-03-15T14:39:00Z,NA,0,a
Tongue Reef (16-026),16-026,2023-03-15T14:37:00Z,NA,0,a
Tongue Reef (16-026),16-026,2023-03-15T14:35:00Z,NA,0,a
Tongue Reef (16-026),16-026,2023-03-15T14:32:00Z,NA,0,a
Tongue Reef (16-026),16-026,2023-03-15T14:30:00Z,NA,0,a
Tongue Reef (16-026),16-026,2023-03-15T14:28:00Z,NA,0,a
Tongue Reef (16-026),16-026,2023-03-15T14:25:00Z,NA,0,a
Tongue Reef (16-026),16-026,2023-03-15T14:23:00Z,NA,0,a
Tongue Reef (16-026),16-026,2023-03-15T14:21:00Z,NA,0,a
Tongue Reef (16-026),16-026,2023-03-15T14:18:00Z,NA,0,a
Tongue Reef (16-026),16-026,2023-03-15T14:16:00Z,NA,0,a
Tongue Reef (16-026),16-026,2023-03-15T13:54:00Z,NA,0,a
Tongue Reef (16-026),16-026,2023-03-15T13:52:00Z,NA,0,a
Tongue Reef (16-026),16-026,2023-03-15T13:49:00Z,NA,0,a
Tongue Reef (16-026),16-026,2023-03-15T13:47:00Z,NA,0,a
Tongue Reef (16-026),16-026,2023-03-15T13:45:00Z,NA,0,a
Tongue Reef (16-026),16-026,2023-03-15T13:42:00Z,NA,0,a
Tongue Reef (16-026),16-026,2023-03-15T13:40:00Z,NA,0,a
Tongue Reef (16-026),16-026,2023-03-15T13:37:00Z,NA,0,a
Tongue Reef (16-026),16-026,2023-03-15T13:35:00Z,NA,0,a
Tongue Reef (16-026),16-026,2023-03-15T13:33:00Z,NA,0,a
Tongue Reef (16-026),16-026,2023-03-15T13:31:00Z,NA,0,a
Tongue Reef (16-026),16-026,2023-03-15T13:29:00Z,NA,0,a
Tongue Reef (16-026),16-026,2023-03-15T13:26:00Z,NA,0,a
Tongue Reef (16-026),16-026,2023-03-15T13:24:00Z,NA,0,a
Tongue Reef (16-026),16-026,2023-03-15T13:22:00Z,NA,0,a
Tongue Reef (16-026),16-026,2023-03-15T13:20:00Z,NA,0,a
Tongue Reef (16-026),16-026,2023-03-15T13:17:00Z,NA,0,a
Tongue Reef (16-026),16-026,2023-03-15T13:15:00Z,NA,0,a
Tongue Reef (16-026),16-026,2023-03-15T13:11:00Z,NA,0,a
Tongue Reef (16-026),16-026,2023-03-15T13:08:00Z,NA,0,a
Tongue Reef (16-026),16-026,2023-03-15T13:06:00Z,NA,0,a
Tongue Reef (16-026),16-026,2023-03-15T13:04:00Z,NA,0,a
Tongue Reef (16-026),16-026,2023-03-15T13:02:00Z,NA,0,a
Tongue Reef (16-026),16-026,2023-03-15T12:59:00Z,NA,0,a
Tongue Reef (16-026),16-026,2023-03-15T12:57:00Z,NA,0,a
Tongue Reef (16-026),16-026,2023-03-15T12:55:00Z,NA,0,a
Tongue Reef (16-026),16-026,2023-03-15T12:53:00Z,NA,0,a
Tongue Reef (16-026),16-026,2023-03-15T12:50:00Z,NA,0,a
Tongue Reef (16-026),16-026,2023-03-15T12:48:00Z,NA,0,a
Tongue Reef (16-026),16-026,2023-03-15T12:46:00Z,NA,0,a
Tongue Reef (16-026),16-026,2023-03-15T12:44:00Z,NA,0,a
Tongue Reef (16-026),16-026,2023-03-15T12:41:00Z,NA,0,a
Tongue Reef (16-026),16-026,2023-03-15T12:39:00Z,NA,0,a
Tongue Reef (16-026),16-026,2023-03-15T12:36:00Z,NA,0,a
Tongue Reef (16-026),16-026,2023-03-15T12:34:00Z,NA,0,a
Tongue Reef (16-026),16-026,2023-03-15T12:32:00Z,NA,0,a
Tongue Reef (16-026),16-026,2023-03-15T12:29:00Z,NA,0,a
Tongue Reef (16-026),16-026,2023-03-15T12:27:00Z,NA,0,a
Tongue Reef (16-026),16-026,2023-03-15T12:25:00Z,NA,0,a
Tongue Reef (16-026),16-026,2023-03-15T12:22:00Z,NA,0,a
Tongue Reef (16-026),16-026,2023-03-15T12:20:00Z,NA,0,a
Tongue Reef (16-026),16-026,2023-03-15T12:17:00Z,NA,0,a
Tongue Reef (16-026),16-026,2023-03-15T12:15:00Z,NA,0,a
Tongue Reef (16-026),16-026,2023-03-15T12:13:00Z,NA,0,a
Tongue Reef (16-026),16-026,2023-03-15T12:10:00Z,NA,0,p
Tongue Reef (16-026),16-026,2023-03-15T12:08:00Z,NA,0,a
Tongue Reef (16-026),16-026,2023-03-15T12:06:00Z,NA,0,a
Tongue Reef (16-026),16-026,2023-03-15T12:03:00Z,NA,0,p
Tongue Reef (16-026),16-026,2023-03-15T11:34:00Z,NA,0,a
Tongue Reef (16-026),16-026,2023-03-15T11:32:00Z,NA,0,a
Tongue Reef (16-026),16-026,2023-03-15T11:30:00Z,NA,0,a
Tongue Reef (16-026),16-026,2023-03-15T11:27:00Z,NA,0,a
Tongue Reef (16-026),16-026,2023-03-15T11:25:00Z,NA,0,a
Tongue Reef (16-026),16-026,2023-03-15T11:23:00Z,NA,0,a
Tongue Reef (16-026),16-026,2023-03-15T11:20:00Z,NA,0,a
Tongue Reef (16-026),16-026,2023-03-15T11:18:00Z,NA,0,a
Tongue Reef (16-026),16-026,2023-03-15T11:16:00Z,NA,0,a
Tongue Reef (16-026),16-026,2023-03-15T11:14:00Z,NA,0,a
Tongue Reef (16-026),16-026,2023-03-15T11:11:00Z,NA,0,a
Tongue Reef (16-026),16-026,2023-03-15T11:09:00Z,NA,0,a
Tongue Reef (16-026),16-026,2023-03-15T11:07:00Z,NA,0,a
Tongue Reef (16-026),16-026,2023-03-15T11:04:00Z,NA,0,a
Tongue Reef (16-026),16-026,2023-03-15T11:02:00Z,NA,0,a
Tongue Reef (16-026),16-026,2023-03-15T11:00:00Z,NA,0,a
Tongue Reef (16-026),16-026,2023-03-15T10:58:00Z,NA,0,a
Tongue Reef (16-026),16-026,2023-03-15T10:55:00Z,NA,0,a
Tongue Reef (16-026),16-026,2023-03-15T10:41:00Z,NA,0,a
Tongue Reef (16-026),16-026,2023-03-15T10:39:00Z,NA,0,a
Tongue Reef (16-026),16-026,2023-03-15T10:37:00Z,NA,0,a
Tongue Reef (16-026),16-026,2023-03-15T10:34:00Z,NA,0,a
Tongue Reef (16-026),16-026,2023-03-15T10:32:00Z,NA,0,a
Tongue Reef (16-026),16-026,2023-03-15T10:29:00Z,NA,0,a
Tongue Reef (16-026),16-026,2023-03-15T10:26:00Z,NA,0,a
Tongue Reef (16-026),16-026,2023-03-15T10:24:00Z,NA,0,a
Tongue Reef (16-026),16-026,2023-03-15T10:21:00Z,NA,0,a
Tongue Reef (16-026),16-026,2023-03-15T10:19:00Z,NA,0,a
Tongue Reef (16-026),16-026,2023-03-15T10:16:00Z,NA,0,a
Tongue Reef (16-026),16-026,2023-03-15T10:14:00Z,NA,0,a
Tongue Reef (16-026),16-026,2023-03-15T10:12:00Z,NA,0,a
Tongue Reef (16-026),16-026,2023-03-15T10:09:00Z,NA,0,a
Tongue Reef (16-026),16-026,2023-03-15T10:07:00Z,NA,0,a
Tongue Reef (16-026),16-026,2023-03-15T10:05:00Z,NA,0,a
Tongue Reef (16-026),16-026,2023-03-15T10:02:00Z,NA,0,a
Tongue Reef (16-026),16-026,2023-03-15T10:00:00Z,NA,0,a
Tongue Reef (16-026),16-026,2023-03-15T09:58:00Z,NA,0,a
Tongue Reef (16-026),16-026,2023-03-15T09:55:00Z,NA,0,a
Tongue Reef (16-026),16-026,2023-03-15T09:39:00Z,NA,0,a
Tongue Reef (16-026),16-026,2023-03-15T09:37:00Z,NA,0,a
Tongue Reef (16-026),16-026,2023-03-15T09:35:00Z,NA,0,a
Tongue Reef (16-026),16-026,2023-03-15T09:32:00Z,NA,0,a
Tongue Reef (16-026),16-026,2023-03-15T09:30:00Z,NA,0,a
Tongue Reef (16-026),16-026,2023-03-15T09:27:00Z,NA,0,a
Tongue Reef (16-026),16-026,2023-03-15T09:25:00Z,NA,0,a
Tongue Reef (16-026),16-026,2023-03-15T09:23:00Z,NA,0,a
Tongue Reef (16-026),16-026,2023-03-15T09:21:00Z,NA,0,a
Tongue Reef (16-026),16-026,2023-03-15T09:18:00Z,NA,0,a
Tongue Reef (16-026),16-026,2023-03-15T09:16:00Z,NA,0,a
Tongue Reef (16-026),16-026,2023-03-15T09:14:00Z,NA,0,a
Tongue Reef (16-026),16-026,2023-03-15T09:11:00Z,NA,0,a
Tongue Reef (16-026),16-026,2023-03-15T09:09:00Z,NA,0,a
Tongue Reef (16-026),16-026,2023-03-15T09:07:00Z,NA,0,a
Tongue Reef (16-026),16-026,2023-03-15T09:05:00Z,NA,0,a
Tongue Reef (16-026),16-026,2023-03-15T09:02:00Z,NA,0,a
Tongue Reef (16-026),16-026,2023-03-15T09:00:00Z,NA,0,a
Tongue Reef (16-026),16-026,2023-03-15T08:58:00Z,NA,0,a
Tongue Reef (16-026),16-026,2023-03-15T08:56:00Z,NA,0,a
Tongue Reef (16-026),16-026,2023-03-15T08:53:00Z,NA,0,a
Tongue Reef (16-026),16-026,2023-03-15T08:51:00Z,NA,0,a
Tongue Reef (16-026),16-026,2023-03-15T08:49:00Z,NA,0,a
Tongue Reef (16-026),16-026,2023-03-15T08:47:00Z,NA,0,a
Tongue Reef (16-026),16-026,2023-03-15T08:44:00Z,NA,0,a
Lizard Island Reef (North West) (14-116a),14-116a,2022-10-13T08:47:00Z,NA,0,a
Lizard Island Reef (North West) (14-116a),14-116a,2022-10-13T08:45:00Z,NA,0,a
Lizard Island Reef (North West) (14-116a),14-116a,2022-10-13T08:43:00Z,NA,0,a
Lizard Island Reef (North West) (14-116a),14-116a,2022-10-13T08:18:00Z,NA,0,a
Lizard Island Reef (North West) (14-116a),14-116a,2022-10-13T08:16:00Z,NA,0,a
Lizard Island Reef (North West) (14-116a),14-116a,2022-10-13T08:14:00Z,NA,0,a
Lizard Island Reef (North West) (14-116a),14-116a,2022-10-13T08:12:00Z,NA,0,a
Lizard Island Reef (North West) (14-116a),14-116a,2022-10-13T08:10:00Z,NA,0,a
Lizard Island Reef (North West) (14-116a),14-116a,2022-10-13T08:07:00Z,NA,0,a
Lizard Island Reef (North West) (14-116a),14-116a,2022-10-13T08:05:00Z,NA,0,a
Lizard Island Reef (North West) (14-116a),14-116a,2022-10-13T08:03:00Z,NA,0,a
Lizard Island Reef (North West) (14-116a),14-116a,2022-10-13T08:01:00Z,NA,0,a
Lizard Island Reef (North West) (14-116a),14-116a,2022-10-13T07:58:00Z,NA,0,a
Lizard Island Reef (North West) (14-116a),14-116a,2022-10-13T07:56:00Z,NA,0,a
Lizard Island Reef (North West) (14-116a),14-116a,2022-10-13T07:54:00Z,NA,0,a
Lizard Island Reef (North West) (14-116a),14-116a,2022-10-13T07:52:00Z,NA,0,a
Lizard Island Reef (North West) (14-116a),14-116a,2022-10-13T07:50:00Z,NA,0,p
Lizard Island Reef (North West) (14-116a),14-116a,2022-10-13T07:47:00Z,NA,0,p
Batt Reef (16-029),16-029,2022-10-03T09:25:00Z,NA,0,a
Batt Reef (16-029),16-029,2022-10-03T09:23:00Z,NA,0,a
Batt Reef (16-029),16-029,2022-10-03T09:20:00Z,NA,0,a
Batt Reef (16-029),16-029,2022-10-03T09:18:00Z,NA,0,a
Batt Reef (16-029),16-029,2022-10-03T09:16:00Z,NA,0,a
Batt Reef (16-029),16-029,2022-10-03T09:14:00Z,NA,0,a
Batt Reef (16-029),16-029,2022-10-03T09:12:00Z,NA,0,a
Batt Reef (16-029),16-029,2022-10-03T09:10:00Z,NA,0,a
Batt Reef (16-029),16-029,2022-10-03T09:07:00Z,NA,0,a
Batt Reef (16-029),16-029,2022-10-03T09:05:00Z,NA,0,a
Batt Reef (16-029),16-029,2022-10-03T09:03:00Z,NA,0,a
Batt Reef (16-029),16-029,2022-10-03T09:01:00Z,NA,0,a
Batt Reef (16-029),16-029,2022-10-03T08:59:00Z,NA,0,a
Batt Reef (16-029),16-029,2022-10-03T08:57:00Z,NA,0,a
Batt Reef (16-029),16-029,2022-10-03T08:54:00Z,NA,0,a
Batt Reef (16-029),16-029,2022-10-03T08:52:00Z,NA,0,a
Batt Reef (16-029),16-029,2022-10-03T08:50:00Z,NA,0,a
Batt Reef (16-029),16-029,2022-10-03T08:48:00Z,NA,0,a
Batt Reef (16-029),16-029,2022-10-03T08:46:00Z,NA,0,a
Batt Reef (16-029),16-029,2022-10-03T08:44:00Z,NA,0,a
Batt Reef (16-029),16-029,2022-10-03T08:42:00Z,NA,0,a
Batt Reef (16-029),16-029,2022-10-03T08:39:00Z,NA,0,a
Batt Reef (16-029),16-029,2022-10-03T08:37:00Z,NA,0,a
Batt Reef (16-029),16-029,2022-10-03T08:34:00Z,NA,0,p
Batt Reef (16-029),16-029,2022-10-03T08:32:00Z,NA,0,a
Batt Reef (16-029),16-029,2022-10-03T08:30:00Z,NA,0,a
Batt Reef (16-029),16-029,2022-10-03T08:28:00Z,NA,0,a
Batt Reef (16-029),16-029,2022-10-03T08:26:00Z,NA,0,a
Batt Reef (16-029),16-029,2022-10-03T08:23:00Z,NA,0,a
Batt Reef (16-029),16-029,2022-10-03T08:21:00Z,NA,0,a
Batt Reef (16-029),16-029,2022-10-03T08:19:00Z,NA,0,a
Batt Reef (16-029),16-029,2022-10-03T08:17:00Z,NA,0,a
Batt Reef (16-029),16-029,2022-10-03T08:14:00Z,NA,0,a
Batt Reef (16-029),16-029,2022-10-03T08:12:00Z,NA,0,a
Batt Reef (16-029),16-029,2022-10-03T08:10:00Z,NA,0,a
Batt Reef (16-029),16-029,2022-10-03T08:08:00Z,NA,0,a
Batt Reef (16-029),16-029,2022-10-03T08:06:00Z,NA,0,a
Batt Reef (16-029),16-029,2022-10-03T08:03:00Z,NA,0,a
Batt Reef (16-029),16-029,2022-10-03T08:01:00Z,NA,0,a
Batt Reef (16-029),16-029,2022-10-03T07:59:00Z,NA,0,a
Batt Reef (16-029),16-029,2022-10-03T07:57:00Z,NA,0,a
Batt Reef (16-029),16-029,2022-10-03T07:54:00Z,NA,0,a
Batt Reef (16-029),16-029,2022-10-03T07:52:00Z,NA,0,a
Batt Reef (16-029),16-029,2022-10-02T11:30:00Z,NA,0,a
Batt Reef (16-029),16-029,2022-10-02T11:28:00Z,NA,0,p
Batt Reef (16-029),16-029,2022-10-02T11:25:00Z,NA,0,a
Batt Reef (16-029),16-029,2022-10-02T11:23:00Z,NA,0,a
Batt Reef (16-029),16-029,2022-10-02T11:21:00Z,NA,0,a
Batt Reef (16-029),16-029,2022-10-02T11:18:00Z,NA,0,a
Batt Reef (16-029),16-029,2022-10-02T11:16:00Z,NA,0,a
Batt Reef (16-029),16-029,2022-10-02T11:14:00Z,NA,0,a
Batt Reef (16-029),16-029,2022-10-02T11:12:00Z,NA,0,a
Batt Reef (16-029),16-029,2022-10-02T11:10:00Z,NA,0,a
Batt Reef (16-029),16-029,2022-10-02T11:07:00Z,NA,0,a
Batt Reef (16-029),16-029,2022-10-02T11:05:00Z,NA,0,p
Batt Reef (16-029),16-029,2022-10-02T11:03:00Z,NA,0,a
Batt Reef (16-029),16-029,2022-10-02T11:01:00Z,NA,0,p
Batt Reef (16-029),16-029,2022-10-02T10:59:00Z,NA,0,a
Batt Reef (16-029),16-029,2022-10-02T10:57:00Z,NA,0,a
Batt Reef (16-029),16-029,2022-10-02T10:55:00Z,NA,0,p
Batt Reef (16-029),16-029,2022-10-02T10:52:00Z,NA,0,a
Batt Reef (16-029),16-029,2022-10-02T10:50:00Z,NA,0,a
Batt Reef (16-029),16-029,2022-10-02T10:48:00Z,NA,0,p
Batt Reef (16-029),16-029,2022-10-02T10:43:00Z,NA,0,a
Batt Reef (16-029),16-029,2022-10-02T10:41:00Z,NA,0,p
Batt Reef (16-029),16-029,2022-10-02T10:39:00Z,NA,0,a
Batt Reef (16-029),16-029,2022-10-02T10:36:00Z,NA,0,p
Batt Reef (16-029),16-029,2022-10-02T10:34:00Z,NA,0,p
Batt Reef (16-029),16-029,2022-10-02T10:32:00Z,NA,0,p
Batt Reef (16-029),16-029,2022-10-02T10:30:00Z,NA,0,a
Batt Reef (16-029),16-029,2022-10-02T10:28:00Z,NA,0,p
Batt Reef (16-029),16-029,2022-10-02T10:25:00Z,NA,0,p
Batt Reef (16-029),16-029,2022-10-02T10:23:00Z,NA,0,p
Batt Reef (16-029),16-029,2022-10-02T10:21:00Z,NA,0,p
Batt Reef (16-029),16-029,2022-10-02T10:19:00Z,NA,0,p
Batt Reef (16-029),16-029,2022-10-02T10:16:00Z,NA,0,a
Batt Reef (16-029),16-029,2022-10-02T10:14:00Z,NA,0,a
Batt Reef (16-029),16-029,2022-10-02T10:12:00Z,NA,0,a
Batt Reef (16-029),16-029,2022-10-02T10:10:00Z,NA,0,p
Batt Reef (16-029),16-029,2022-10-02T10:08:00Z,NA,0,p
Batt Reef (16-029),16-029,2022-10-02T10:05:00Z,NA,0,p
Batt Reef (16-029),16-029,2022-10-02T10:03:00Z,NA,0,p
Batt Reef (16-029),16-029,2022-10-02T10:01:00Z,NA,2,c
Batt Reef (16-029),16-029,2022-10-02T09:59:00Z,NA,1,p
Batt Reef (16-029),16-029,2022-10-02T09:57:00Z,NA,0,p
Batt Reef (16-029),16-029,2022-10-02T09:54:00Z,NA,1,p
Batt Reef (16-029),16-029,2022-10-02T09:52:00Z,NA,0,c
Batt Reef (16-029),16-029,2022-10-02T09:50:00Z,NA,0,p
Batt Reef (16-029),16-029,2022-10-02T09:48:00Z,NA,0,p
Batt Reef (16-029),16-029,2022-10-02T09:46:00Z,NA,0,a
Batt Reef (16-029),16-029,2022-10-02T09:43:00Z,NA,0,c
Batt Reef (16-029),16-029,2022-10-02T09:41:00Z,NA,2,p
Batt Reef (16-029),16-029,2022-10-02T09:39:00Z,NA,0,p
Batt Reef (16-029),16-029,2022-10-02T09:37:00Z,NA,0,c
Batt Reef (16-029),16-029,2022-10-02T09:35:00Z,NA,0,a
Batt Reef (16-029),16-029,2022-10-02T09:32:00Z,NA,0,a
Batt Reef (16-029),16-029,2022-10-02T09:30:00Z,NA,0,a
Batt Reef (16-029),16-029,2022-10-02T09:28:00Z,NA,0,p
Batt Reef (16-029),16-029,2022-10-02T09:26:00Z,NA,0,a
Batt Reef (16-029),16-029,2022-10-02T09:23:00Z,NA,0,p
Batt Reef (16-029),16-029,2022-10-02T09:21:00Z,NA,0,a
Batt Reef (16-029),16-029,2022-10-02T09:18:00Z,NA,0,a
Batt Reef (16-029),16-029,2022-10-02T09:16:00Z,NA,0,p
Batt Reef (16-029),16-029,2022-10-02T09:12:00Z,NA,0,a
Batt Reef (16-029),16-029,2022-10-02T09:10:00Z,NA,0,a
Batt Reef (16-029),16-029,2022-10-02T09:08:00Z,NA,0,a
Batt Reef (16-029),16-029,2022-10-02T09:06:00Z,NA,0,a
Batt Reef (16-029),16-029,2022-10-02T09:04:00Z,NA,0,p
Batt Reef (16-029),16-029,2022-10-02T09:02:00Z,NA,0,a
Batt Reef (16-029),16-029,2022-10-02T08:59:00Z,NA,0,p
Batt Reef (16-029),16-029,2022-10-02T08:57:00Z,NA,0,a
Batt Reef (16-029),16-029,2022-10-02T08:55:00Z,NA,0,a
Batt Reef (16-029),16-029,2022-10-02T08:53:00Z,NA,0,p
Batt Reef (16-029),16-029,2022-10-02T08:51:00Z,NA,0,a
Batt Reef (16-029),16-029,2022-10-02T08:49:00Z,NA,0,a
Batt Reef (16-029),16-029,2022-10-02T08:47:00Z,NA,0,a
Batt Reef (16-029),16-029,2022-10-02T08:44:00Z,NA,0,p
Batt Reef (16-029),16-029,2022-10-02T08:42:00Z,NA,0,p
Batt Reef (16-029),16-029,2022-10-02T08:40:00Z,NA,0,a
Batt Reef (16-029),16-029,2022-10-02T08:38:00Z,NA,0,p
Batt Reef (16-029),16-029,2022-10-02T08:36:00Z,NA,1,p
Batt Reef (16-029),16-029,2022-10-02T08:33:00Z,NA,0,a
Batt Reef (16-029),16-029,2022-10-02T08:31:00Z,NA,0,a
Batt Reef (16-029),16-029,2022-10-02T08:29:00Z,NA,0,a
Batt Reef (16-029),16-029,2022-10-02T08:27:00Z,NA,0,a
Batt Reef (16-029),16-029,2022-10-02T08:25:00Z,NA,0,a
Batt Reef (16-029),16-029,2022-10-02T08:23:00Z,NA,0,a
Batt Reef (16-029),16-029,2022-10-02T08:20:00Z,NA,0,a
Batt Reef (16-029),16-029,2022-10-02T08:18:00Z,NA,0,a
Batt Reef (16-029),16-029,2022-10-02T08:16:00Z,NA,0,a
Batt Reef (16-029),16-029,2022-10-02T08:14:00Z,NA,0,a
Batt Reef (16-029),16-029,2022-10-02T08:12:00Z,NA,0,a
Batt Reef (16-029),16-029,2022-10-02T08:10:00Z,NA,0,a
Batt Reef (16-029),16-029,2022-10-02T08:08:00Z,NA,0,a
Batt Reef (16-029),16-029,2022-10-02T08:06:00Z,NA,0,a
Batt Reef (16-029),16-029,2022-10-02T08:03:00Z,NA,0,a
Batt Reef (16-029),16-029,2022-10-02T08:01:00Z,NA,0,a
Batt Reef (16-029),16-029,2022-10-02T07:59:00Z,NA,0,a
Batt Reef (16-029),16-029,2022-10-02T07:57:00Z,NA,0,a
Batt Reef (16-029),16-029,2022-10-02T07:55:00Z,NA,0,a
Batt Reef (16-029),16-029,2022-10-02T07:52:00Z,NA,0,a
Batt Reef (16-029),16-029,2022-10-02T07:50:00Z,NA,0,a
Batt Reef (16-029),16-029,2022-10-02T07:48:00Z,NA,0,a
Batt Reef (16-029),16-029,2022-10-01T11:33:00Z,NA,0,a
Batt Reef (16-029),16-029,2022-10-01T11:31:00Z,NA,0,a
Batt Reef (16-029),16-029,2022-10-01T11:29:00Z,NA,0,a
Batt Reef (16-029),16-029,2022-10-01T11:27:00Z,NA,0,a
Batt Reef (16-029),16-029,2022-10-01T11:24:00Z,NA,0,a
Batt Reef (16-029),16-029,2022-10-01T11:22:00Z,NA,0,a
Batt Reef (16-029),16-029,2022-10-01T11:20:00Z,NA,0,a
Batt Reef (16-029),16-029,2022-10-01T11:18:00Z,NA,0,a
Batt Reef (16-029),16-029,2022-10-01T11:15:00Z,NA,0,a
Batt Reef (16-029),16-029,2022-10-01T11:13:00Z,NA,0,a
Batt Reef (16-029),16-029,2022-10-01T11:11:00Z,NA,0,a
Batt Reef (16-029),16-029,2022-10-01T11:09:00Z,NA,0,a
Batt Reef (16-029),16-029,2022-10-01T11:06:00Z,NA,0,a
Batt Reef (16-029),16-029,2022-10-01T11:04:00Z,NA,0,a
Batt Reef (16-029),16-029,2022-10-01T11:02:00Z,NA,0,a
Batt Reef (16-029),16-029,2022-10-01T10:59:00Z,NA,0,a
Batt Reef (16-029),16-029,2022-10-01T10:57:00Z,NA,0,a
Batt Reef (16-029),16-029,2022-10-01T10:55:00Z,NA,0,a
Batt Reef (16-029),16-029,2022-10-01T10:53:00Z,NA,0,a
Batt Reef (16-029),16-029,2022-10-01T10:51:00Z,NA,0,a
Batt Reef (16-029),16-029,2022-10-01T10:43:00Z,NA,0,a
Batt Reef (16-029),16-029,2022-10-01T10:41:00Z,NA,0,a
Batt Reef (16-029),16-029,2022-10-01T10:39:00Z,NA,0,a
Batt Reef (16-029),16-029,2022-10-01T10:36:00Z,NA,0,a
Batt Reef (16-029),16-029,2022-10-01T10:34:00Z,NA,0,a
Batt Reef (16-029),16-029,2022-10-01T10:32:00Z,NA,0,a
Batt Reef (16-029),16-029,2022-10-01T10:30:00Z,NA,0,a
Batt Reef (16-029),16-029,2022-10-01T10:27:00Z,NA,0,a
Batt Reef (16-029),16-029,2022-10-01T10:25:00Z,NA,0,a
Batt Reef (16-029),16-029,2022-10-01T10:22:00Z,NA,0,a
Batt Reef (16-029),16-029,2022-10-01T10:20:00Z,NA,0,a
Batt Reef (16-029),16-029,2022-10-01T10:18:00Z,NA,0,a
Batt Reef (16-029),16-029,2022-10-01T10:16:00Z,NA,0,a
Batt Reef (16-029),16-029,2022-10-01T10:14:00Z,NA,0,a
Batt Reef (16-029),16-029,2022-10-01T10:11:00Z,NA,0,a
Batt Reef (16-029),16-029,2022-10-01T10:09:00Z,NA,0,a
Batt Reef (16-029),16-029,2022-10-01T10:07:00Z,NA,0,a
Batt Reef (16-029),16-029,2022-10-01T10:05:00Z,NA,0,a
Batt Reef (16-029),16-029,2022-10-01T10:03:00Z,NA,0,a
Batt Reef (16-029),16-029,2022-10-01T10:01:00Z,NA,0,a
Batt Reef (16-029),16-029,2022-10-01T09:58:00Z,NA,0,a
Batt Reef (16-029),16-029,2022-10-01T09:56:00Z,NA,0,a
Batt Reef (16-029),16-029,2022-10-01T09:54:00Z,NA,0,a
Batt Reef (16-029),16-029,2022-10-01T09:52:00Z,NA,0,a
Batt Reef (16-029),16-029,2022-10-01T09:50:00Z,NA,0,a
Batt Reef (16-029),16-029,2022-10-01T09:47:00Z,NA,0,a
Batt Reef (16-029),16-029,2022-10-01T09:45:00Z,NA,0,a
Batt Reef (16-029),16-029,2022-10-01T09:43:00Z,NA,0,a
Batt Reef (16-029),16-029,2022-10-01T09:41:00Z,NA,0,a
Batt Reef (16-029),16-029,2022-10-01T09:39:00Z,NA,0,a
Batt Reef (16-029),16-029,2022-10-01T09:37:00Z,NA,0,a
Batt Reef (16-029),16-029,2022-10-01T09:34:00Z,NA,0,a
Batt Reef (16-029),16-029,2022-10-01T09:32:00Z,NA,0,a
Batt Reef (16-029),16-029,2022-10-01T09:30:00Z,NA,0,a
Batt Reef (16-029),16-029,2022-10-01T09:28:00Z,NA,0,a
Batt Reef (16-029),16-029,2022-10-01T09:26:00Z,NA,0,a
Batt Reef (16-029),16-029,2022-10-01T09:24:00Z,NA,0,a
Batt Reef (16-029),16-029,2022-10-01T09:21:00Z,NA,0,a
Batt Reef (16-029),16-029,2022-10-01T09:19:00Z,NA,0,a
Batt Reef (16-029),16-029,2022-10-01T09:17:00Z,NA,0,a
Batt Reef (16-029),16-029,2022-10-01T09:14:00Z,NA,0,a
Batt Reef (16-029),16-029,2022-10-01T09:12:00Z,NA,0,a
Batt Reef (16-029),16-029,2022-10-01T09:10:00Z,NA,0,a
Batt Reef (16-029),16-029,2022-10-01T09:07:00Z,NA,0,a
Batt Reef (16-029),16-029,2022-10-01T09:05:00Z,NA,0,a
Batt Reef (16-029),16-029,2022-10-01T09:03:00Z,NA,0,a
Batt Reef (16-029),16-029,2022-10-01T09:01:00Z,NA,0,a
Batt Reef (16-029),16-029,2022-10-01T08:58:00Z,NA,0,a
Batt Reef (16-029),16-029,2022-10-01T08:56:00Z,NA,0,a
Batt Reef (16-029),16-029,2022-10-01T08:54:00Z,NA,0,a
Batt Reef (16-029),16-029,2022-10-01T08:52:00Z,NA,0,a
Batt Reef (16-029),16-029,2022-10-01T08:50:00Z,NA,0,a
Batt Reef (16-029),16-029,2022-10-01T08:47:00Z,NA,0,a
Batt Reef (16-029),16-029,2022-10-01T08:45:00Z,NA,0,a
Batt Reef (16-029),16-029,2022-10-01T08:43:00Z,NA,0,a
Batt Reef (16-029),16-029,2022-10-01T08:41:00Z,NA,0,a
Batt Reef (16-029),16-029,2022-10-01T08:39:00Z,NA,0,a
Batt Reef (16-029),16-029,2022-10-01T08:36:00Z,NA,0,a
Batt Reef (16-029),16-029,2022-10-01T08:34:00Z,NA,0,a
Batt Reef (16-029),16-029,2022-10-01T08:32:00Z,NA,0,a
Batt Reef (16-029),16-029,2022-10-01T08:30:00Z,NA,0,a
Batt Reef (16-029),16-029,2022-10-01T08:27:00Z,NA,0,a
Batt Reef (16-029),16-029,2022-10-01T08:25:00Z,NA,0,a
Batt Reef (16-029),16-029,2022-10-01T08:23:00Z,NA,0,a
Batt Reef (16-029),16-029,2022-10-01T08:21:00Z,NA,0,a
Batt Reef (16-029),16-029,2022-10-01T08:19:00Z,NA,0,a
Batt Reef (16-029),16-029,2022-10-01T08:16:00Z,NA,0,a
Batt Reef (16-029),16-029,2022-10-01T08:14:00Z,NA,0,a
Batt Reef (16-029),16-029,2022-10-01T08:12:00Z,NA,0,a
Batt Reef (16-029),16-029,2022-10-01T08:10:00Z,NA,0,a
Batt Reef (16-029),16-029,2022-10-01T08:08:00Z,NA,0,a
Batt Reef (16-029),16-029,2022-10-01T08:06:00Z,NA,0,a
Batt Reef (16-029),16-029,2022-10-01T08:03:00Z,NA,0,a
Batt Reef (16-029),16-029,2022-10-01T08:01:00Z,NA,0,a
Batt Reef (16-029),16-029,2022-10-01T07:59:00Z,NA,0,a
Batt Reef (16-029),16-029,2022-10-01T07:57:00Z,NA,0,a
Batt Reef (16-029),16-029,2022-10-01T07:55:00Z,NA,0,a
Batt Reef (16-029),16-029,2022-10-01T07:53:00Z,NA,0,a
Batt Reef (16-029),16-029,2022-10-01T07:51:00Z,NA,0,a
Batt Reef (16-029),16-029,2022-10-01T07:48:00Z,NA,0,a
Batt Reef (16-029),16-029,2022-06-15T12:22:00Z,NA,0,a
Batt Reef (16-029),16-029,2022-06-15T12:20:00Z,NA,0,p
Batt Reef (16-029),16-029,2022-06-15T12:18:00Z,NA,0,a
Batt Reef (16-029),16-029,2022-06-15T12:15:00Z,NA,0,a
Batt Reef (16-029),16-029,2022-06-15T12:13:00Z,NA,0,a
Batt Reef (16-029),16-029,2022-06-15T12:10:00Z,NA,0,a
Batt Reef (16-029),16-029,2022-06-15T12:08:00Z,NA,0,a
Batt Reef (16-029),16-029,2022-06-15T12:05:00Z,NA,0,a
Batt Reef (16-029),16-029,2022-06-15T12:03:00Z,NA,0,a
Batt Reef (16-029),16-029,2022-06-15T12:01:00Z,NA,0,a
Batt Reef (16-029),16-029,2022-06-15T11:58:00Z,NA,0,a
Batt Reef (16-029),16-029,2022-06-15T11:53:00Z,NA,0,a
Batt Reef (16-029),16-029,2022-06-15T11:51:00Z,NA,0,a
Batt Reef (16-029),16-029,2022-06-15T11:49:00Z,NA,0,a
Batt Reef (16-029),16-029,2022-06-15T11:47:00Z,NA,0,a
Batt Reef (16-029),16-029,2022-06-15T11:45:00Z,NA,0,a
Batt Reef (16-029),16-029,2022-06-15T11:42:00Z,NA,0,a
Batt Reef (16-029),16-029,2022-06-15T11:40:00Z,NA,0,a
Batt Reef (16-029),16-029,2022-06-15T11:38:00Z,NA,0,a
Batt Reef (16-029),16-029,2022-06-15T11:34:00Z,NA,0,a
Batt Reef (16-029),16-029,2022-06-15T11:32:00Z,NA,0,a
Batt Reef (16-029),16-029,2022-06-15T11:30:00Z,NA,0,a
Batt Reef (16-029),16-029,2022-06-15T11:28:00Z,NA,0,a
Batt Reef (16-029),16-029,2022-06-15T11:26:00Z,NA,0,a
Batt Reef (16-029),16-029,2022-06-15T11:24:00Z,NA,0,a
Batt Reef (16-029),16-029,2022-06-15T11:21:00Z,NA,0,a
Batt Reef (16-029),16-029,2022-06-15T11:19:00Z,NA,0,a
Batt Reef (16-029),16-029,2022-06-15T11:17:00Z,NA,0,a
Batt Reef (16-029),16-029,2022-06-15T11:15:00Z,NA,0,a
Batt Reef (16-029),16-029,2022-06-15T11:13:00Z,NA,0,a
Batt Reef (16-029),16-029,2022-06-15T11:10:00Z,NA,0,a
Batt Reef (16-029),16-029,2022-06-15T11:08:00Z,NA,0,a
Batt Reef (16-029),16-029,2022-06-15T11:06:00Z,NA,0,a
Batt Reef (16-029),16-029,2022-06-15T11:04:00Z,NA,0,a
Batt Reef (16-029),16-029,2022-06-15T11:02:00Z,NA,0,a
Batt Reef (16-029),16-029,2022-06-15T10:59:00Z,NA,0,a
Batt Reef (16-029),16-029,2022-06-15T10:56:00Z,NA,0,a
Batt Reef (16-029),16-029,2022-06-15T10:54:00Z,NA,0,a
Batt Reef (16-029),16-029,2022-06-15T10:52:00Z,NA,0,a
Batt Reef (16-029),16-029,2022-06-15T10:47:00Z,NA,0,a
Batt Reef (16-029),16-029,2022-06-15T10:44:00Z,NA,0,a
Batt Reef (16-029),16-029,2022-06-15T10:42:00Z,NA,0,a
Batt Reef (16-029),16-029,2022-06-15T10:40:00Z,NA,0,a
Batt Reef (16-029),16-029,2022-06-15T10:38:00Z,NA,0,a
Batt Reef (16-029),16-029,2022-06-15T10:35:00Z,NA,0,a
Batt Reef (16-029),16-029,2022-06-15T10:33:00Z,NA,0,a
Batt Reef (16-029),16-029,2022-06-15T10:31:00Z,NA,0,a
Batt Reef (16-029),16-029,2022-06-15T10:29:00Z,NA,0,a
Batt Reef (16-029),16-029,2022-06-15T10:27:00Z,NA,0,a
Batt Reef (16-029),16-029,2022-06-15T10:24:00Z,NA,0,a
Batt Reef (16-029),16-029,2022-06-15T10:22:00Z,NA,0,a
Batt Reef (16-029),16-029,2022-06-15T10:20:00Z,NA,0,a
Batt Reef (16-029),16-029,2022-06-15T10:18:00Z,NA,0,a
Batt Reef (16-029),16-029,2022-06-15T10:15:00Z,NA,0,a
Batt Reef (16-029),16-029,2022-06-15T09:22:00Z,NA,0,a
Batt Reef (16-029),16-029,2022-06-15T09:20:00Z,NA,0,a
Batt Reef (16-029),16-029,2022-06-15T09:18:00Z,NA,0,a
Batt Reef (16-029),16-029,2022-06-15T09:15:00Z,NA,0,a
Batt Reef (16-029),16-029,2022-06-15T09:13:00Z,NA,0,a
Batt Reef (16-029),16-029,2022-06-15T09:08:00Z,NA,0,a
Batt Reef (16-029),16-029,2022-06-15T09:06:00Z,NA,0,a
Batt Reef (16-029),16-029,2022-06-15T09:04:00Z,NA,0,a
Batt Reef (16-029),16-029,2022-06-15T09:01:00Z,NA,0,a
Batt Reef (16-029),16-029,2022-06-15T08:59:00Z,NA,0,a
Batt Reef (16-029),16-029,2022-06-15T08:57:00Z,NA,0,a
Batt Reef (16-029),16-029,2022-06-15T08:55:00Z,NA,0,a
Batt Reef (16-029),16-029,2022-06-15T08:52:00Z,NA,0,a
Batt Reef (16-029),16-029,2022-06-15T08:50:00Z,NA,0,a
Batt Reef (16-029),16-029,2022-06-15T08:48:00Z,NA,0,a
Batt Reef (16-029),16-029,2022-06-15T08:46:00Z,NA,0,a
Batt Reef (16-029),16-029,2022-06-15T08:43:00Z,NA,0,a
Batt Reef (16-029),16-029,2022-06-15T08:41:00Z,NA,0,a
Batt Reef (16-029),16-029,2022-06-15T08:39:00Z,NA,0,a
Batt Reef (16-029),16-029,2022-06-15T08:37:00Z,NA,0,a
Batt Reef (16-029),16-029,2022-06-15T08:34:00Z,NA,0,a
Batt Reef (16-029),16-029,2022-06-15T08:32:00Z,NA,0,a
Batt Reef (16-029),16-029,2022-06-15T08:30:00Z,NA,0,a
Batt Reef (16-029),16-029,2022-06-15T08:28:00Z,NA,0,a
Batt Reef (16-029),16-029,2022-06-15T08:25:00Z,NA,0,a
Tongue Reef (16-026),16-026,2022-04-02T12:09:00Z,NA,0,a
Tongue Reef (16-026),16-026,2022-04-02T12:07:00Z,NA,0,a
Tongue Reef (16-026),16-026,2022-04-02T12:05:00Z,NA,0,a
Tongue Reef (16-026),16-026,2022-04-02T11:58:00Z,NA,0,a
Tongue Reef (16-026),16-026,2022-04-02T11:56:00Z,NA,0,a
Tongue Reef (16-026),16-026,2022-04-02T11:54:00Z,NA,0,a
Tongue Reef (16-026),16-026,2022-04-02T11:51:00Z,NA,0,a
Tongue Reef (16-026),16-026,2022-04-02T11:49:00Z,NA,0,a
Tongue Reef (16-026),16-026,2022-04-02T11:47:00Z,NA,0,a
Tongue Reef (16-026),16-026,2022-04-02T11:45:00Z,NA,0,a
Tongue Reef (16-026),16-026,2022-04-02T11:42:00Z,NA,0,a
Tongue Reef (16-026),16-026,2022-04-02T11:40:00Z,NA,0,a
Tongue Reef (16-026),16-026,2022-04-02T11:38:00Z,NA,0,a
Tongue Reef (16-026),16-026,2022-04-02T11:36:00Z,NA,0,a
Tongue Reef (16-026),16-026,2022-04-02T11:33:00Z,NA,0,a
Tongue Reef (16-026),16-026,2022-04-02T11:31:00Z,NA,0,a
Tongue Reef (16-026),16-026,2022-04-02T11:29:00Z,NA,0,a
Tongue Reef (16-026),16-026,2022-04-02T11:27:00Z,NA,0,a
Tongue Reef (16-026),16-026,2022-04-02T11:24:00Z,NA,0,a
Tongue Reef (16-026),16-026,2022-04-02T11:22:00Z,NA,0,a
Tongue Reef (16-026),16-026,2022-04-02T11:19:00Z,NA,0,a
Tongue Reef (16-026),16-026,2022-04-02T11:17:00Z,NA,0,a
Tongue Reef (16-026),16-026,2022-04-02T11:14:00Z,NA,0,a
Tongue Reef (16-026),16-026,2022-04-02T11:12:00Z,NA,0,a
Tongue Reef (16-026),16-026,2022-04-02T11:10:00Z,NA,0,a
Tongue Reef (16-026),16-026,2022-04-02T11:08:00Z,NA,0,a
Tongue Reef (16-026),16-026,2022-04-02T11:05:00Z,NA,0,a
Tongue Reef (16-026),16-026,2022-04-02T11:03:00Z,NA,0,a
Tongue Reef (16-026),16-026,2022-04-02T11:01:00Z,NA,0,a
Tongue Reef (16-026),16-026,2022-04-02T10:58:00Z,NA,0,a
Tongue Reef (16-026),16-026,2022-04-02T10:56:00Z,NA,0,a
Tongue Reef (16-026),16-026,2022-04-02T10:54:00Z,NA,0,a
Tongue Reef (16-026),16-026,2022-04-02T10:52:00Z,NA,0,a
Tongue Reef (16-026),16-026,2022-04-02T10:49:00Z,NA,0,a
Tongue Reef (16-026),16-026,2022-04-02T10:47:00Z,NA,0,a
Tongue Reef (16-026),16-026,2022-04-02T10:45:00Z,NA,0,a
Tongue Reef (16-026),16-026,2022-04-02T10:42:00Z,NA,0,a
Tongue Reef (16-026),16-026,2022-04-02T10:40:00Z,NA,0,a
Tongue Reef (16-026),16-026,2022-04-02T10:37:00Z,NA,0,a
Tongue Reef (16-026),16-026,2022-04-02T10:35:00Z,NA,0,a
Tongue Reef (16-026),16-026,2022-04-02T10:32:00Z,NA,0,a
Tongue Reef (16-026),16-026,2022-04-02T10:30:00Z,NA,0,a
Tongue Reef (16-026),16-026,2022-04-02T10:27:00Z,NA,0,a
Tongue Reef (16-026),16-026,2022-04-02T10:25:00Z,NA,0,a
Tongue Reef (16-026),16-026,2022-04-02T10:23:00Z,NA,0,a
Tongue Reef (16-026),16-026,2022-04-02T10:21:00Z,NA,0,a
Tongue Reef (16-026),16-026,2022-04-02T10:19:00Z,NA,0,a
Tongue Reef (16-026),16-026,2022-04-02T10:17:00Z,NA,0,a
Tongue Reef (16-026),16-026,2022-04-02T10:15:00Z,NA,0,a
Tongue Reef (16-026),16-026,2022-04-02T10:13:00Z,NA,0,a
Tongue Reef (16-026),16-026,2022-04-02T10:10:00Z,NA,0,a
Tongue Reef (16-026),16-026,2022-04-02T10:08:00Z,NA,0,a
Tongue Reef (16-026),16-026,2022-04-02T10:06:00Z,NA,0,a
Tongue Reef (16-026),16-026,2022-04-02T10:04:00Z,NA,0,a
Tongue Reef (16-026),16-026,2022-04-02T10:02:00Z,NA,0,a
Tongue Reef (16-026),16-026,2022-04-02T10:00:00Z,NA,0,a
Tongue Reef (16-026),16-026,2022-04-02T09:57:00Z,NA,0,a
Tongue Reef (16-026),16-026,2022-04-02T09:55:00Z,NA,0,a
Tongue Reef (16-026),16-026,2022-04-02T09:53:00Z,NA,0,a
Tongue Reef (16-026),16-026,2022-04-02T09:51:00Z,NA,0,a
Tongue Reef (16-026),16-026,2022-04-02T09:47:00Z,NA,0,a
Tongue Reef (16-026),16-026,2022-04-02T09:45:00Z,NA,0,a
Tongue Reef (16-026),16-026,2022-04-02T09:43:00Z,NA,0,a
Tongue Reef (16-026),16-026,2022-04-02T09:40:00Z,NA,0,a
Tongue Reef (16-026),16-026,2022-04-02T09:38:00Z,NA,0,a
Tongue Reef (16-026),16-026,2022-04-02T09:36:00Z,NA,0,a
Tongue Reef (16-026),16-026,2022-04-02T09:33:00Z,NA,0,a
Tongue Reef (16-026),16-026,2022-04-02T09:31:00Z,NA,0,a
Tongue Reef (16-026),16-026,2022-04-02T09:29:00Z,NA,0,a
Tongue Reef (16-026),16-026,2022-04-02T09:26:00Z,NA,0,a
Tongue Reef (16-026),16-026,2022-04-02T09:24:00Z,NA,0,a
Tongue Reef (16-026),16-026,2022-04-02T09:22:00Z,NA,0,a
Tongue Reef (16-026),16-026,2022-04-02T09:19:00Z,NA,0,a
Tongue Reef (16-026),16-026,2022-04-02T09:17:00Z,NA,0,a
Tongue Reef (16-026),16-026,2022-04-02T09:15:00Z,NA,0,a
Tongue Reef (16-026),16-026,2022-04-02T09:13:00Z,NA,0,a
Tongue Reef (16-026),16-026,2022-04-02T09:10:00Z,NA,0,a
Tongue Reef (16-026),16-026,2022-04-02T09:08:00Z,NA,0,a
Tongue Reef (16-026),16-026,2022-04-02T09:06:00Z,NA,0,a
Tongue Reef (16-026),16-026,2022-04-02T09:04:00Z,NA,0,a
Tongue Reef (16-026),16-026,2022-04-02T09:00:00Z,NA,0,a
Tongue Reef (16-026),16-026,2022-04-02T08:57:00Z,NA,0,a
Tongue Reef (16-026),16-026,2022-04-02T08:55:00Z,NA,0,a
Tongue Reef (16-026),16-026,2022-04-02T08:53:00Z,NA,0,a
Tongue Reef (16-026),16-026,2022-04-02T08:50:00Z,NA,0,a
Tongue Reef (16-026),16-026,2022-04-02T08:48:00Z,NA,0,a
Tongue Reef (16-026),16-026,2022-04-02T08:46:00Z,NA,0,a
Tongue Reef (16-026),16-026,2022-04-02T08:44:00Z,NA,0,a
Tongue Reef (16-026),16-026,2022-04-02T08:41:00Z,NA,0,a
Tongue Reef (16-026),16-026,2022-04-02T08:34:00Z,NA,0,a
Tongue Reef (16-026),16-026,2022-04-02T08:32:00Z,NA,0,a
Tongue Reef (16-026),16-026,2022-04-02T08:30:00Z,NA,0,a
Tongue Reef (16-026),16-026,2022-04-02T08:27:00Z,NA,0,a
Tongue Reef (16-026),16-026,2022-04-02T08:25:00Z,NA,0,a
Tongue Reef (16-026),16-026,2022-04-02T08:23:00Z,NA,0,a
Tongue Reef (16-026),16-026,2022-04-02T08:21:00Z,NA,0,a
Tongue Reef (16-026),16-026,2022-04-02T08:19:00Z,NA,0,a
Tongue Reef (16-026),16-026,2022-04-02T08:16:00Z,NA,0,a
Tongue Reef (16-026),16-026,2022-04-02T08:14:00Z,NA,0,a
Tongue Reef (16-026),16-026,2022-04-02T08:12:00Z,NA,0,a
Tongue Reef (16-026),16-026,2022-04-01T14:00:00Z,NA,0,a
Tongue Reef (16-026),16-026,2022-04-01T13:58:00Z,NA,0,a
Tongue Reef (16-026),16-026,2022-04-01T13:55:00Z,NA,0,a
Tongue Reef (16-026),16-026,2022-04-01T13:53:00Z,NA,0,a
Tongue Reef (16-026),16-026,2022-04-01T13:50:00Z,NA,0,a
Tongue Reef (16-026),16-026,2022-04-01T13:48:00Z,NA,0,a
Tongue Reef (16-026),16-026,2022-04-01T13:46:00Z,NA,0,a
Tongue Reef (16-026),16-026,2022-04-01T13:44:00Z,NA,0,a
Tongue Reef (16-026),16-026,2022-04-01T13:42:00Z,NA,0,a
Tongue Reef (16-026),16-026,2022-04-01T13:39:00Z,NA,0,a
Tongue Reef (16-026),16-026,2022-04-01T13:37:00Z,NA,0,p
Tongue Reef (16-026),16-026,2022-04-01T13:35:00Z,NA,0,a
Tongue Reef (16-026),16-026,2022-04-01T13:33:00Z,NA,0,a
Tongue Reef (16-026),16-026,2022-04-01T13:30:00Z,NA,0,a
Tongue Reef (16-026),16-026,2022-04-01T13:28:00Z,NA,0,a
Tongue Reef (16-026),16-026,2022-04-01T13:26:00Z,NA,0,a
Tongue Reef (16-026),16-026,2022-04-01T13:24:00Z,NA,0,a
Tongue Reef (16-026),16-026,2022-04-01T13:21:00Z,NA,0,a
Tongue Reef (16-026),16-026,2022-04-01T13:19:00Z,NA,0,a
Tongue Reef (16-026),16-026,2022-04-01T13:17:00Z,NA,0,a
Tongue Reef (16-026),16-026,2022-04-01T13:01:00Z,NA,0,a
Tongue Reef (16-026),16-026,2022-04-01T12:58:00Z,NA,0,a
Tongue Reef (16-026),16-026,2022-04-01T12:56:00Z,NA,0,a
Tongue Reef (16-026),16-026,2022-04-01T12:53:00Z,NA,0,a
Tongue Reef (16-026),16-026,2022-04-01T12:51:00Z,NA,1,p
Tongue Reef (16-026),16-026,2022-04-01T12:49:00Z,NA,0,a
Tongue Reef (16-026),16-026,2022-04-01T12:46:00Z,NA,0,a
Tongue Reef (16-026),16-026,2022-04-01T12:44:00Z,NA,0,a
Tongue Reef (16-026),16-026,2022-04-01T12:42:00Z,NA,0,a
Tongue Reef (16-026),16-026,2022-04-01T12:40:00Z,NA,0,a
Tongue Reef (16-026),16-026,2022-04-01T12:37:00Z,NA,0,a
Tongue Reef (16-026),16-026,2022-04-01T12:35:00Z,NA,0,a
Tongue Reef (16-026),16-026,2022-04-01T12:33:00Z,NA,0,a
Tongue Reef (16-026),16-026,2022-04-01T12:31:00Z,NA,0,a
Tongue Reef (16-026),16-026,2022-04-01T12:28:00Z,NA,0,a
Tongue Reef (16-026),16-026,2022-04-01T12:26:00Z,NA,0,a
Tongue Reef (16-026),16-026,2022-04-01T12:24:00Z,NA,0,a
Tongue Reef (16-026),16-026,2022-04-01T12:22:00Z,NA,0,a
Tongue Reef (16-026),16-026,2022-04-01T12:19:00Z,NA,0,a
Tongue Reef (16-026),16-026,2022-04-01T12:16:00Z,NA,0,a
Tongue Reef (16-026),16-026,2022-04-01T12:13:00Z,NA,0,a
Tongue Reef (16-026),16-026,2022-04-01T12:10:00Z,NA,0,a
Tongue Reef (16-026),16-026,2022-04-01T12:08:00Z,NA,0,a
Tongue Reef (16-026),16-026,2022-04-01T12:04:00Z,NA,0,a
Tongue Reef (16-026),16-026,2022-04-01T12:02:00Z,NA,0,a
Tongue Reef (16-026),16-026,2022-04-01T12:00:00Z,NA,0,a
Tongue Reef (16-026),16-026,2022-04-01T11:58:00Z,NA,0,a
Tongue Reef (16-026),16-026,2022-04-01T11:55:00Z,NA,0,a
Tongue Reef (16-026),16-026,2022-04-01T11:53:00Z,NA,0,a
Tongue Reef (16-026),16-026,2022-04-01T11:51:00Z,NA,0,a
Tongue Reef (16-026),16-026,2022-04-01T11:49:00Z,NA,0,a
Tongue Reef (16-026),16-026,2022-04-01T11:47:00Z,NA,0,a
Tongue Reef (16-026),16-026,2022-04-01T11:44:00Z,NA,0,a
Tongue Reef (16-026),16-026,2022-04-01T11:42:00Z,NA,0,a
Tongue Reef (16-026),16-026,2022-04-01T11:40:00Z,NA,0,a
Tongue Reef (16-026),16-026,2022-04-01T11:38:00Z,NA,0,a
Tongue Reef (16-026),16-026,2022-04-01T11:35:00Z,NA,0,a
Tongue Reef (16-026),16-026,2022-04-01T11:33:00Z,NA,0,a
Tongue Reef (16-026),16-026,2022-04-01T11:31:00Z,NA,0,a
Tongue Reef (16-026),16-026,2022-04-01T11:29:00Z,NA,0,a
Tongue Reef (16-026),16-026,2022-04-01T11:27:00Z,NA,0,a
Tongue Reef (16-026),16-026,2022-04-01T11:25:00Z,NA,0,a
Tongue Reef (16-026),16-026,2022-04-01T11:22:00Z,NA,0,a
Tongue Reef (16-026),16-026,2022-04-01T11:19:00Z,NA,0,a
Tongue Reef (16-026),16-026,2022-04-01T11:16:00Z,NA,0,a
Tongue Reef (16-026),16-026,2022-04-01T11:14:00Z,NA,0,a
Tongue Reef (16-026),16-026,2022-04-01T11:12:00Z,NA,0,a
Tongue Reef (16-026),16-026,2022-04-01T11:10:00Z,NA,0,a
Tongue Reef (16-026),16-026,2022-04-01T11:08:00Z,NA,0,a
Tongue Reef (16-026),16-026,2022-04-01T11:06:00Z,NA,0,a
Tongue Reef (16-026),16-026,2022-04-01T11:03:00Z,NA,0,a
Tongue Reef (16-026),16-026,2022-04-01T11:01:00Z,NA,0,a
Tongue Reef (16-026),16-026,2022-04-01T10:59:00Z,NA,0,a
Tongue Reef (16-026),16-026,2022-04-01T10:57:00Z,NA,0,a
Tongue Reef (16-026),16-026,2022-04-01T10:55:00Z,NA,0,a
Tongue Reef (16-026),16-026,2022-04-01T10:52:00Z,NA,0,a
Tongue Reef (16-026),16-026,2022-04-01T10:50:00Z,NA,0,a
Tongue Reef (16-026),16-026,2022-04-01T10:48:00Z,NA,0,a
Tongue Reef (16-026),16-026,2022-04-01T10:34:00Z,NA,0,a
Tongue Reef (16-026),16-026,2022-04-01T10:31:00Z,NA,0,a
Tongue Reef (16-026),16-026,2022-04-01T10:29:00Z,NA,0,a
Tongue Reef (16-026),16-026,2022-04-01T10:27:00Z,NA,0,a
Tongue Reef (16-026),16-026,2022-04-01T10:25:00Z,NA,0,a
Tongue Reef (16-026),16-026,2022-04-01T10:21:00Z,NA,0,a
Tongue Reef (16-026),16-026,2022-04-01T10:19:00Z,NA,0,a
Tongue Reef (16-026),16-026,2022-04-01T10:17:00Z,NA,0,a
Tongue Reef (16-026),16-026,2022-04-01T10:15:00Z,NA,0,a
Tongue Reef (16-026),16-026,2022-04-01T10:13:00Z,NA,0,a
Tongue Reef (16-026),16-026,2022-04-01T10:11:00Z,NA,0,a
Tongue Reef (16-026),16-026,2022-04-01T10:08:00Z,NA,0,a
Tongue Reef (16-026),16-026,2022-04-01T10:06:00Z,NA,0,a
Tongue Reef (16-026),16-026,2022-04-01T10:04:00Z,NA,0,a
Tongue Reef (16-026),16-026,2022-04-01T10:02:00Z,NA,0,a
Tongue Reef (16-026),16-026,2022-04-01T09:59:00Z,NA,0,a
Tongue Reef (16-026),16-026,2022-04-01T09:57:00Z,NA,0,p
Tongue Reef (16-026),16-026,2022-04-01T09:55:00Z,NA,0,a
Tongue Reef (16-026),16-026,2022-04-01T09:52:00Z,NA,0,p
Tongue Reef (16-026),16-026,2022-04-01T09:50:00Z,NA,0,a
Tongue Reef (16-026),16-026,2022-04-01T09:48:00Z,NA,0,p
Tongue Reef (16-026),16-026,2022-04-01T09:45:00Z,NA,0,a
Tongue Reef (16-026),16-026,2022-04-01T09:43:00Z,NA,0,a
Tongue Reef (16-026),16-026,2022-04-01T09:41:00Z,NA,0,a
Tongue Reef (16-026),16-026,2022-04-01T09:39:00Z,NA,0,a
Tongue Reef (16-026),16-026,2022-04-01T09:35:00Z,NA,0,a
Tongue Reef (16-026),16-026,2022-04-01T09:33:00Z,NA,0,a
Tongue Reef (16-026),16-026,2022-04-01T09:30:00Z,NA,0,a
Tongue Reef (16-026),16-026,2022-04-01T09:28:00Z,NA,0,a
Tongue Reef (16-026),16-026,2022-04-01T09:26:00Z,NA,0,a
Tongue Reef (16-026),16-026,2022-04-01T09:23:00Z,NA,0,a
Tongue Reef (16-026),16-026,2022-04-01T09:12:00Z,NA,0,a
Tongue Reef (16-026),16-026,2022-04-01T09:10:00Z,NA,0,a
Tongue Reef (16-026),16-026,2022-04-01T09:08:00Z,NA,0,a
Tongue Reef (16-026),16-026,2022-04-01T09:05:00Z,NA,0,a
Tongue Reef (16-026),16-026,2022-04-01T09:03:00Z,NA,0,a
Tongue Reef (16-026),16-026,2022-04-01T09:01:00Z,NA,0,a
Tongue Reef (16-026),16-026,2022-04-01T08:59:00Z,NA,0,a
Tongue Reef (16-026),16-026,2022-04-01T08:56:00Z,NA,0,a
Tongue Reef (16-026),16-026,2022-04-01T08:54:00Z,NA,0,a
Tongue Reef (16-026),16-026,2022-04-01T08:52:00Z,NA,0,p
Tongue Reef (16-026),16-026,2022-04-01T08:49:00Z,NA,0,a
Tongue Reef (16-026),16-026,2022-04-01T08:47:00Z,NA,0,a
Tongue Reef (16-026),16-026,2022-04-01T08:45:00Z,NA,0,a
Tongue Reef (16-026),16-026,2022-04-01T08:43:00Z,NA,0,a
Batt Reef (16-029),16-029,2022-03-31T10:45:00Z,NA,0,p
Batt Reef (16-029),16-029,2022-03-31T10:42:00Z,NA,0,a
Batt Reef (16-029),16-029,2022-03-31T10:40:00Z,NA,0,a
Batt Reef (16-029),16-029,2022-03-31T10:38:00Z,NA,0,a
Batt Reef (16-029),16-029,2022-03-31T10:36:00Z,NA,0,p
Batt Reef (16-029),16-029,2022-03-31T10:34:00Z,NA,0,a
Batt Reef (16-029),16-029,2022-03-31T10:31:00Z,NA,0,p
Batt Reef (16-029),16-029,2022-03-31T10:29:00Z,NA,0,a
Batt Reef (16-029),16-029,2022-03-31T10:27:00Z,NA,0,a
Batt Reef (16-029),16-029,2022-03-31T10:24:00Z,NA,0,p
Batt Reef (16-029),16-029,2022-03-31T10:22:00Z,NA,0,a
Batt Reef (16-029),16-029,2022-03-31T10:19:00Z,NA,0,p
Batt Reef (16-029),16-029,2022-03-31T10:17:00Z,NA,0,p
Batt Reef (16-029),16-029,2022-03-31T10:15:00Z,NA,0,a
Batt Reef (16-029),16-029,2022-03-31T10:12:00Z,NA,0,a
Batt Reef (16-029),16-029,2022-03-31T10:10:00Z,NA,0,a
Batt Reef (16-029),16-029,2022-03-31T10:08:00Z,NA,0,a
Batt Reef (16-029),16-029,2022-03-31T10:06:00Z,NA,0,p
Batt Reef (16-029),16-029,2022-03-31T10:03:00Z,NA,0,p
Batt Reef (16-029),16-029,2022-03-31T10:01:00Z,NA,0,a
Batt Reef (16-029),16-029,2022-03-31T09:59:00Z,NA,0,p
Batt Reef (16-029),16-029,2022-03-31T09:57:00Z,NA,0,a
Batt Reef (16-029),16-029,2022-03-31T09:54:00Z,NA,0,a
Batt Reef (16-029),16-029,2022-03-31T09:52:00Z,NA,0,p
Batt Reef (16-029),16-029,2022-03-31T09:50:00Z,NA,0,a
Batt Reef (16-029),16-029,2022-03-31T09:47:00Z,NA,0,p
Batt Reef (16-029),16-029,2022-03-31T09:43:00Z,NA,0,a
Batt Reef (16-029),16-029,2022-03-31T09:41:00Z,NA,0,a
Batt Reef (16-029),16-029,2022-03-31T09:39:00Z,NA,0,a
Batt Reef (16-029),16-029,2022-03-31T09:36:00Z,NA,0,a
Batt Reef (16-029),16-029,2022-03-31T09:34:00Z,NA,0,a
Batt Reef (16-029),16-029,2022-03-31T09:31:00Z,NA,0,a
Batt Reef (16-029),16-029,2022-03-31T09:28:00Z,NA,0,a
Batt Reef (16-029),16-029,2022-03-31T09:26:00Z,NA,0,a
Batt Reef (16-029),16-029,2022-03-31T09:23:00Z,NA,0,a
Batt Reef (16-029),16-029,2022-03-31T09:21:00Z,NA,0,a
Batt Reef (16-029),16-029,2022-03-31T09:18:00Z,NA,0,a
Batt Reef (16-029),16-029,2022-03-31T09:16:00Z,NA,0,a
Batt Reef (16-029),16-029,2022-03-31T09:13:00Z,NA,0,a
Batt Reef (16-029),16-029,2022-03-31T09:11:00Z,NA,0,a
Batt Reef (16-029),16-029,2022-03-31T09:09:00Z,NA,0,a
Batt Reef (16-029),16-029,2022-03-31T09:06:00Z,NA,0,a
Batt Reef (16-029),16-029,2022-03-31T09:04:00Z,NA,0,a
Batt Reef (16-029),16-029,2022-03-31T09:01:00Z,NA,0,a
Batt Reef (16-029),16-029,2022-03-31T08:59:00Z,NA,0,a
Batt Reef (16-029),16-029,2022-03-31T08:56:00Z,NA,0,a
Batt Reef (16-029),16-029,2022-03-31T08:54:00Z,NA,0,a
Batt Reef (16-029),16-029,2022-03-31T08:51:00Z,NA,0,a
Batt Reef (16-029),16-029,2022-03-31T08:49:00Z,NA,0,a
Batt Reef (16-029),16-029,2022-03-31T08:47:00Z,NA,0,a
Batt Reef (16-029),16-029,2022-03-31T08:44:00Z,NA,0,a
Batt Reef (16-029),16-029,2022-03-31T08:41:00Z,NA,0,a
Batt Reef (16-029),16-029,2022-03-31T08:39:00Z,NA,0,a
Batt Reef (16-029),16-029,2022-03-31T08:36:00Z,NA,0,a
Batt Reef (16-029),16-029,2022-03-31T08:34:00Z,NA,0,a
Batt Reef (16-029),16-029,2022-03-31T08:32:00Z,NA,0,a
Batt Reef (16-029),16-029,2022-03-31T08:29:00Z,NA,0,a
Batt Reef (16-029),16-029,2022-03-31T08:27:00Z,NA,0,a
Batt Reef (16-029),16-029,2022-03-31T08:25:00Z,NA,0,a
Batt Reef (16-029),16-029,2022-03-31T08:23:00Z,NA,0,a
Batt Reef (16-029),16-029,2022-03-31T08:20:00Z,NA,0,a
Batt Reef (16-029),16-029,2022-03-31T08:18:00Z,NA,0,a
Batt Reef (16-029),16-029,2022-03-31T08:16:00Z,NA,0,a
Batt Reef (16-029),16-029,2022-03-31T08:13:00Z,NA,0,a
Batt Reef (16-029),16-029,2022-03-31T08:11:00Z,NA,0,a
Batt Reef (16-029),16-029,2022-03-31T08:09:00Z,NA,0,a
Batt Reef (16-029),16-029,2022-03-31T08:06:00Z,NA,0,a
Batt Reef (16-029),16-029,2022-03-31T08:04:00Z,NA,0,a
Batt Reef (16-029),16-029,2022-03-31T08:02:00Z,NA,0,a
Batt Reef (16-029),16-029,2022-03-31T08:00:00Z,NA,0,a
Batt Reef (16-029),16-029,2022-03-31T07:57:00Z,NA,0,a
Batt Reef (16-029),16-029,2022-03-17T11:36:00Z,NA,0,a
Batt Reef (16-029),16-029,2022-03-17T11:34:00Z,NA,0,a
Batt Reef (16-029),16-029,2022-03-17T11:31:00Z,NA,0,a
Batt Reef (16-029),16-029,2022-03-17T11:29:00Z,NA,0,p
Batt Reef (16-029),16-029,2022-03-17T11:27:00Z,NA,0,a
Batt Reef (16-029),16-029,2022-03-17T11:24:00Z,NA,0,a
Batt Reef (16-029),16-029,2022-03-17T11:22:00Z,NA,0,p
Batt Reef (16-029),16-029,2022-03-17T11:20:00Z,NA,0,a
Batt Reef (16-029),16-029,2022-03-17T11:18:00Z,NA,0,a
Batt Reef (16-029),16-029,2022-03-17T11:16:00Z,NA,0,a
Batt Reef (16-029),16-029,2022-03-17T11:14:00Z,NA,0,a
Batt Reef (16-029),16-029,2022-03-17T11:11:00Z,NA,0,a
Batt Reef (16-029),16-029,2022-03-17T11:09:00Z,NA,0,a
Batt Reef (16-029),16-029,2022-03-17T11:07:00Z,NA,0,a
Batt Reef (16-029),16-029,2022-03-17T11:05:00Z,NA,0,a
Batt Reef (16-029),16-029,2022-03-17T11:02:00Z,NA,0,a
Batt Reef (16-029),16-029,2022-03-17T11:00:00Z,NA,0,a
Batt Reef (16-029),16-029,2022-03-17T10:58:00Z,NA,0,a
Batt Reef (16-029),16-029,2022-03-17T10:56:00Z,NA,0,a
Batt Reef (16-029),16-029,2022-03-17T10:54:00Z,NA,0,a
Batt Reef (16-029),16-029,2022-03-17T10:48:00Z,NA,0,a
Batt Reef (16-029),16-029,2022-03-17T10:46:00Z,NA,0,a
Batt Reef (16-029),16-029,2022-03-17T10:44:00Z,NA,0,a
Batt Reef (16-029),16-029,2022-03-17T10:42:00Z,NA,0,a
Batt Reef (16-029),16-029,2022-03-17T10:40:00Z,NA,0,a
Batt Reef (16-029),16-029,2022-03-17T10:37:00Z,NA,0,a
Batt Reef (16-029),16-029,2022-03-17T10:35:00Z,NA,0,a
Batt Reef (16-029),16-029,2022-03-17T10:33:00Z,NA,0,a
Batt Reef (16-029),16-029,2022-03-17T10:31:00Z,NA,0,a
Batt Reef (16-029),16-029,2022-03-17T10:29:00Z,NA,0,a
Batt Reef (16-029),16-029,2022-03-17T10:27:00Z,NA,0,a
Batt Reef (16-029),16-029,2022-03-17T10:24:00Z,NA,0,a
Batt Reef (16-029),16-029,2022-03-17T10:22:00Z,NA,0,a
Batt Reef (16-029),16-029,2022-03-17T10:20:00Z,NA,0,a
Batt Reef (16-029),16-029,2022-03-17T10:18:00Z,NA,0,a
Batt Reef (16-029),16-029,2022-03-17T10:16:00Z,NA,0,a
Batt Reef (16-029),16-029,2022-03-17T10:14:00Z,NA,0,a
Batt Reef (16-029),16-029,2022-03-17T10:12:00Z,NA,0,a
Batt Reef (16-029),16-029,2022-03-17T10:09:00Z,NA,0,a
Batt Reef (16-029),16-029,2022-03-17T10:07:00Z,NA,0,a
Batt Reef (16-029),16-029,2022-03-17T10:03:00Z,NA,0,a
Batt Reef (16-029),16-029,2022-03-17T10:00:00Z,NA,0,a
Batt Reef (16-029),16-029,2022-03-17T09:58:00Z,NA,0,a
Batt Reef (16-029),16-029,2022-03-17T09:56:00Z,NA,0,a
Batt Reef (16-029),16-029,2022-03-17T09:54:00Z,NA,0,a
Batt Reef (16-029),16-029,2022-03-17T09:52:00Z,NA,0,a
Batt Reef (16-029),16-029,2022-03-17T09:49:00Z,NA,0,a
Batt Reef (16-029),16-029,2022-03-17T09:47:00Z,NA,0,a
Batt Reef (16-029),16-029,2022-03-17T09:45:00Z,NA,0,a
Batt Reef (16-029),16-029,2022-03-17T09:43:00Z,NA,0,a
Batt Reef (16-029),16-029,2022-03-17T09:40:00Z,NA,0,a
Batt Reef (16-029),16-029,2022-03-17T09:38:00Z,NA,0,a
Batt Reef (16-029),16-029,2022-03-17T09:36:00Z,NA,0,a
Batt Reef (16-029),16-029,2022-03-17T09:34:00Z,NA,0,a
Batt Reef (16-029),16-029,2022-03-17T09:31:00Z,NA,0,a
Batt Reef (16-029),16-029,2022-03-17T09:29:00Z,NA,0,a
Batt Reef (16-029),16-029,2022-03-17T09:27:00Z,NA,0,a
Batt Reef (16-029),16-029,2022-03-17T09:25:00Z,NA,0,a
Batt Reef (16-029),16-029,2022-03-17T09:23:00Z,NA,0,a
Batt Reef (16-029),16-029,2022-03-17T09:20:00Z,NA,0,a
Batt Reef (16-029),16-029,2022-03-17T09:16:00Z,NA,0,a
Batt Reef (16-029),16-029,2022-03-17T09:14:00Z,NA,0,a
Batt Reef (16-029),16-029,2022-03-17T09:12:00Z,NA,0,a
Batt Reef (16-029),16-029,2022-03-17T09:10:00Z,NA,0,a
Batt Reef (16-029),16-029,2022-03-17T09:08:00Z,NA,0,a
Batt Reef (16-029),16-029,2022-03-17T09:05:00Z,NA,0,a
Batt Reef (16-029),16-029,2022-03-17T09:03:00Z,NA,0,a
Batt Reef (16-029),16-029,2022-03-17T09:01:00Z,NA,0,a
Batt Reef (16-029),16-029,2022-03-17T08:59:00Z,NA,0,a
Batt Reef (16-029),16-029,2022-03-17T08:57:00Z,NA,0,a
Batt Reef (16-029),16-029,2022-03-17T08:55:00Z,NA,0,a
Batt Reef (16-029),16-029,2022-03-17T08:52:00Z,NA,0,a
Batt Reef (16-029),16-029,2022-03-17T08:50:00Z,NA,0,a
Batt Reef (16-029),16-029,2022-03-17T08:48:00Z,NA,0,a
Batt Reef (16-029),16-029,2022-03-17T08:46:00Z,NA,0,a
Batt Reef (16-029),16-029,2022-03-17T08:43:00Z,NA,0,a
Batt Reef (16-029),16-029,2022-03-17T08:41:00Z,NA,0,a
Batt Reef (16-029),16-029,2022-03-17T08:39:00Z,NA,0,a
Batt Reef (16-029),16-029,2022-03-17T08:37:00Z,NA,0,a
Batt Reef (16-029),16-029,2022-03-17T08:35:00Z,NA,0,a
Batt Reef (16-029),16-029,2022-03-17T08:31:00Z,NA,0,a
Batt Reef (16-029),16-029,2022-03-17T08:29:00Z,NA,0,a
Batt Reef (16-029),16-029,2022-03-17T08:27:00Z,NA,0,a
Batt Reef (16-029),16-029,2022-03-17T08:25:00Z,NA,0,a
Batt Reef (16-029),16-029,2022-03-17T08:23:00Z,NA,0,a
Batt Reef (16-029),16-029,2022-03-17T08:20:00Z,NA,0,a
Batt Reef (16-029),16-029,2022-03-17T08:18:00Z,NA,0,a
Batt Reef (16-029),16-029,2022-03-17T08:16:00Z,NA,0,a
Batt Reef (16-029),16-029,2022-03-17T08:14:00Z,NA,0,a
Batt Reef (16-029),16-029,2022-03-17T08:11:00Z,NA,0,a
Batt Reef (16-029),16-029,2022-03-17T08:09:00Z,NA,0,a
Batt Reef (16-029),16-029,2022-03-17T08:07:00Z,NA,0,a
Batt Reef (16-029),16-029,2022-03-17T08:05:00Z,NA,0,a
Batt Reef (16-029),16-029,2022-03-17T08:03:00Z,NA,0,a
Batt Reef (16-029),16-029,2022-03-17T08:01:00Z,NA,0,a
Batt Reef (16-029),16-029,2022-03-17T07:58:00Z,NA,0,a
Batt Reef (16-029),16-029,2022-03-17T07:56:00Z,NA,0,a
Batt Reef (16-029),16-029,2022-03-17T07:54:00Z,NA,0,a
Batt Reef (16-029),16-029,2022-03-17T07:52:00Z,NA,0,a
Batt Reef (16-029),16-029,2022-03-17T07:50:00Z,NA,0,a
Batt Reef (16-029),16-029,2022-03-16T11:15:00Z,NA,0,a
Batt Reef (16-029),16-029,2022-03-16T11:12:00Z,NA,0,a
Batt Reef (16-029),16-029,2022-03-16T11:10:00Z,NA,0,a
Batt Reef (16-029),16-029,2022-03-16T11:08:00Z,NA,0,a
Batt Reef (16-029),16-029,2022-03-16T11:06:00Z,NA,0,a
Batt Reef (16-029),16-029,2022-03-16T11:03:00Z,NA,0,a
Batt Reef (16-029),16-029,2022-03-16T11:01:00Z,NA,0,a
Batt Reef (16-029),16-029,2022-03-16T10:58:00Z,NA,0,a
Batt Reef (16-029),16-029,2022-03-16T10:56:00Z,NA,0,a
Batt Reef (16-029),16-029,2022-03-16T10:53:00Z,NA,0,a
Batt Reef (16-029),16-029,2022-03-16T10:51:00Z,NA,0,a
Batt Reef (16-029),16-029,2022-03-16T10:49:00Z,NA,0,a
Batt Reef (16-029),16-029,2022-03-16T10:46:00Z,NA,0,a
Batt Reef (16-029),16-029,2022-03-16T10:44:00Z,NA,0,a
Batt Reef (16-029),16-029,2022-03-16T10:42:00Z,NA,0,a
Batt Reef (16-029),16-029,2022-03-16T10:39:00Z,NA,0,a
Batt Reef (16-029),16-029,2022-03-16T10:37:00Z,NA,0,a
Batt Reef (16-029),16-029,2022-03-16T10:35:00Z,NA,0,a
Batt Reef (16-029),16-029,2022-03-16T10:32:00Z,NA,0,a
Batt Reef (16-029),16-029,2022-03-16T10:30:00Z,NA,0,a
Batt Reef (16-029),16-029,2022-03-16T10:25:00Z,NA,0,a
Batt Reef (16-029),16-029,2022-03-16T10:23:00Z,NA,0,a
Batt Reef (16-029),16-029,2022-03-16T10:21:00Z,NA,0,a
Batt Reef (16-029),16-029,2022-03-16T10:18:00Z,NA,0,a
Batt Reef (16-029),16-029,2022-03-16T10:16:00Z,NA,0,a
Batt Reef (16-029),16-029,2022-03-16T10:14:00Z,NA,0,a
Batt Reef (16-029),16-029,2022-03-16T10:11:00Z,NA,0,a
Batt Reef (16-029),16-029,2022-03-16T10:09:00Z,NA,1,p
Batt Reef (16-029),16-029,2022-03-16T10:07:00Z,NA,0,a
Batt Reef (16-029),16-029,2022-03-16T10:05:00Z,NA,0,a
Batt Reef (16-029),16-029,2022-03-16T10:02:00Z,NA,0,a
Batt Reef (16-029),16-029,2022-03-16T10:00:00Z,NA,0,a
Batt Reef (16-029),16-029,2022-03-16T09:58:00Z,NA,0,a
Batt Reef (16-029),16-029,2022-03-16T09:55:00Z,NA,0,a
Batt Reef (16-029),16-029,2022-03-16T09:53:00Z,NA,0,a
Batt Reef (16-029),16-029,2022-03-16T09:51:00Z,NA,0,a
Batt Reef (16-029),16-029,2022-03-16T09:49:00Z,NA,0,a
Batt Reef (16-029),16-029,2022-03-16T09:46:00Z,NA,0,a
Batt Reef (16-029),16-029,2022-03-16T09:44:00Z,NA,0,a
Batt Reef (16-029),16-029,2022-03-16T09:42:00Z,NA,0,a
Batt Reef (16-029),16-029,2022-03-16T09:38:00Z,NA,0,a
Batt Reef (16-029),16-029,2022-03-16T09:35:00Z,NA,0,a
Batt Reef (16-029),16-029,2022-03-16T09:33:00Z,NA,0,a
Batt Reef (16-029),16-029,2022-03-16T09:30:00Z,NA,0,a
Batt Reef (16-029),16-029,2022-03-16T09:28:00Z,NA,0,a
Batt Reef (16-029),16-029,2022-03-16T09:26:00Z,NA,0,a
Batt Reef (16-029),16-029,2022-03-16T09:24:00Z,NA,0,a
Batt Reef (16-029),16-029,2022-03-16T09:21:00Z,NA,0,a
Batt Reef (16-029),16-029,2022-03-16T09:19:00Z,NA,0,a
Batt Reef (16-029),16-029,2022-03-16T09:17:00Z,NA,0,a
Batt Reef (16-029),16-029,2022-03-16T09:15:00Z,NA,0,a
Batt Reef (16-029),16-029,2022-03-16T09:12:00Z,NA,0,a
Batt Reef (16-029),16-029,2022-03-16T09:10:00Z,NA,0,a
Batt Reef (16-029),16-029,2022-03-16T09:08:00Z,NA,0,a
Batt Reef (16-029),16-029,2022-03-16T09:06:00Z,NA,0,a
Batt Reef (16-029),16-029,2022-03-16T09:04:00Z,NA,0,a
Batt Reef (16-029),16-029,2022-03-16T09:01:00Z,NA,0,a
Batt Reef (16-029),16-029,2022-03-16T08:59:00Z,NA,0,a
Batt Reef (16-029),16-029,2022-03-16T08:57:00Z,NA,0,a
Batt Reef (16-029),16-029,2022-03-16T08:55:00Z,NA,0,a
Lizard Island Reef (North West) (14-116a),14-116a,2022-02-21T08:18:00Z,NA,0,a
Lizard Island Reef (North West) (14-116a),14-116a,2022-02-21T08:16:00Z,NA,0,p
Lizard Island Reef (North West) (14-116a),14-116a,2022-02-21T08:14:00Z,NA,0,a
Lizard Island Reef (North West) (14-116a),14-116a,2022-02-20T08:20:00Z,NA,0,a
Lizard Island Reef (North West) (14-116a),14-116a,2022-02-20T08:17:00Z,NA,0,a
Lizard Island Reef (North West) (14-116a),14-116a,2022-02-20T08:15:00Z,NA,0,a
Lizard Island Reef (North West) (14-116a),14-116a,2022-02-20T08:13:00Z,NA,0,a
Lizard Island Reef (North West) (14-116a),14-116a,2022-02-20T08:11:00Z,NA,0,a
Lizard Island Reef (North West) (14-116a),14-116a,2022-02-20T08:08:00Z,NA,0,a
Lizard Island Reef (North West) (14-116a),14-116a,2022-02-20T08:06:00Z,NA,0,p
Lizard Island Reef (North West) (14-116a),14-116a,2022-02-20T08:04:00Z,NA,0,a
Lizard Island Reef (North West) (14-116a),14-116a,2022-02-20T08:02:00Z,NA,0,a
Lizard Island Reef (North West) (14-116a),14-116a,2022-02-20T08:00:00Z,NA,0,a
Lizard Island Reef (North West) (14-116a),14-116a,2022-02-20T07:57:00Z,NA,0,a
Lizard Island Reef (North West) (14-116a),14-116a,2022-02-20T07:55:00Z,NA,0,a
Lizard Island Reef (North West) (14-116a),14-116a,2022-02-20T07:53:00Z,NA,0,p
Lizard Island Reef (North West) (14-116a),14-116a,2022-02-20T07:51:00Z,NA,0,a
Lizard Island Reef (North West) (14-116a),14-116a,2022-02-20T07:48:00Z,NA,0,a
Batt Reef (16-029),16-029,2021-10-06T09:27:00Z,NA,0,p
Batt Reef (16-029),16-029,2021-10-06T09:27:00Z,NA,1,p
Batt Reef (16-029),16-029,2021-10-06T09:25:00Z,NA,0,p
Batt Reef (16-029),16-029,2021-10-06T09:24:00Z,NA,0,p
Batt Reef (16-029),16-029,2021-10-06T09:22:00Z,NA,0,p
Batt Reef (16-029),16-029,2021-10-06T09:22:00Z,NA,0,c
Batt Reef (16-029),16-029,2021-10-06T09:20:00Z,NA,0,p
Batt Reef (16-029),16-029,2021-10-06T09:19:00Z,NA,1,p
Batt Reef (16-029),16-029,2021-10-06T09:17:00Z,NA,1,p
Batt Reef (16-029),16-029,2021-10-06T09:17:00Z,NA,0,p
Batt Reef (16-029),16-029,2021-10-06T09:15:00Z,NA,0,p
Batt Reef (16-029),16-029,2021-10-06T09:15:00Z,NA,0,p
Batt Reef (16-029),16-029,2021-10-06T09:12:00Z,NA,0,a
Batt Reef (16-029),16-029,2021-10-06T09:12:00Z,NA,0,p
Batt Reef (16-029),16-029,2021-10-06T09:10:00Z,NA,0,p
Batt Reef (16-029),16-029,2021-10-06T09:09:00Z,NA,0,p
Batt Reef (16-029),16-029,2021-10-06T09:07:00Z,NA,0,p
Batt Reef (16-029),16-029,2021-10-06T09:07:00Z,NA,0,p
Batt Reef (16-029),16-029,2021-10-06T09:05:00Z,NA,0,a
Batt Reef (16-029),16-029,2021-10-06T09:04:00Z,NA,0,p
Batt Reef (16-029),16-029,2021-10-06T09:03:00Z,NA,0,a
Batt Reef (16-029),16-029,2021-10-06T09:01:00Z,NA,0,a
Batt Reef (16-029),16-029,2021-10-06T09:01:00Z,NA,0,a
Batt Reef (16-029),16-029,2021-10-06T08:59:00Z,NA,0,p
Batt Reef (16-029),16-029,2021-10-06T08:59:00Z,NA,0,a
Batt Reef (16-029),16-029,2021-10-06T08:57:00Z,NA,0,a
Batt Reef (16-029),16-029,2021-10-06T08:56:00Z,NA,1,p
Batt Reef (16-029),16-029,2021-10-06T08:55:00Z,NA,0,a
Batt Reef (16-029),16-029,2021-10-06T08:54:00Z,NA,0,p
Batt Reef (16-029),16-029,2021-10-06T08:52:00Z,NA,0,p
Batt Reef (16-029),16-029,2021-10-06T08:52:00Z,NA,0,a
Batt Reef (16-029),16-029,2021-10-06T08:50:00Z,NA,0,a
Batt Reef (16-029),16-029,2021-10-06T08:49:00Z,NA,0,p
Batt Reef (16-029),16-029,2021-10-06T08:48:00Z,NA,0,a
Batt Reef (16-029),16-029,2021-10-06T08:47:00Z,NA,0,p
Batt Reef (16-029),16-029,2021-10-06T08:46:00Z,NA,0,a
Batt Reef (16-029),16-029,2021-10-06T08:44:00Z,NA,0,p
Batt Reef (16-029),16-029,2021-10-06T08:43:00Z,NA,0,a
Batt Reef (16-029),16-029,2021-10-06T08:42:00Z,NA,0,a
Batt Reef (16-029),16-029,2021-10-06T08:41:00Z,NA,0,a
Batt Reef (16-029),16-029,2021-10-06T08:39:00Z,NA,0,p
Batt Reef (16-029),16-029,2021-10-06T08:39:00Z,NA,0,a
Batt Reef (16-029),16-029,2021-10-06T08:37:00Z,NA,0,a
Batt Reef (16-029),16-029,2021-10-06T08:37:00Z,NA,0,a
Batt Reef (16-029),16-029,2021-10-06T08:35:00Z,NA,0,p
Batt Reef (16-029),16-029,2021-10-06T08:32:00Z,NA,2,p
Batt Reef (16-029),16-029,2021-10-06T08:30:00Z,NA,0,a
Batt Reef (16-029),16-029,2021-10-06T08:27:00Z,NA,0,p
Batt Reef (16-029),16-029,2021-10-06T08:25:00Z,NA,0,p
Batt Reef (16-029),16-029,2021-10-06T08:22:00Z,NA,1,p
Batt Reef (16-029),16-029,2021-10-06T08:20:00Z,NA,0,p
Batt Reef (16-029),16-029,2021-10-06T08:17:00Z,NA,1,p
Batt Reef (16-029),16-029,2021-10-06T08:15:00Z,NA,1,p
Batt Reef (16-029),16-029,2021-10-05T12:17:00Z,NA,0,p
Batt Reef (16-029),16-029,2021-10-05T12:15:00Z,NA,0,p
Batt Reef (16-029),16-029,2021-10-05T12:12:00Z,NA,0,p
Batt Reef (16-029),16-029,2021-10-05T12:10:00Z,NA,0,p
Batt Reef (16-029),16-029,2021-10-05T12:08:00Z,NA,0,p
Batt Reef (16-029),16-029,2021-10-05T12:04:00Z,NA,0,p
Batt Reef (16-029),16-029,2021-10-05T12:02:00Z,NA,0,p
Batt Reef (16-029),16-029,2021-10-05T12:00:00Z,NA,0,p
Batt Reef (16-029),16-029,2021-10-05T11:57:00Z,NA,0,p
Batt Reef (16-029),16-029,2021-10-05T11:55:00Z,NA,0,p
Batt Reef (16-029),16-029,2021-10-05T11:53:00Z,NA,0,p
Batt Reef (16-029),16-029,2021-10-05T11:50:00Z,NA,0,p
Batt Reef (16-029),16-029,2021-10-05T11:48:00Z,NA,0,a
Batt Reef (16-029),16-029,2021-10-05T11:46:00Z,NA,0,p
Batt Reef (16-029),16-029,2021-10-05T11:44:00Z,NA,0,p
Batt Reef (16-029),16-029,2021-10-05T11:41:00Z,NA,0,p
Batt Reef (16-029),16-029,2021-10-05T11:39:00Z,NA,0,p
Batt Reef (16-029),16-029,2021-10-05T11:37:00Z,NA,0,c
Batt Reef (16-029),16-029,2021-10-05T11:35:00Z,NA,0,p
Batt Reef (16-029),16-029,2021-10-05T11:33:00Z,NA,0,p
Batt Reef (16-029),16-029,2021-10-05T11:29:00Z,NA,0,p
Batt Reef (16-029),16-029,2021-10-05T11:27:00Z,NA,0,p
Batt Reef (16-029),16-029,2021-10-05T11:25:00Z,NA,0,p
Batt Reef (16-029),16-029,2021-10-05T11:22:00Z,NA,0,a
Batt Reef (16-029),16-029,2021-10-05T11:20:00Z,NA,0,a
Batt Reef (16-029),16-029,2021-10-05T11:18:00Z,NA,1,p
Batt Reef (16-029),16-029,2021-10-05T11:15:00Z,NA,0,a
Batt Reef (16-029),16-029,2021-10-05T11:13:00Z,NA,0,p
Batt Reef (16-029),16-029,2021-10-05T11:11:00Z,NA,0,a
Batt Reef (16-029),16-029,2021-10-05T11:08:00Z,NA,0,a
Batt Reef (16-029),16-029,2021-10-05T11:06:00Z,NA,0,a
Batt Reef (16-029),16-029,2021-10-05T11:04:00Z,NA,0,a
Batt Reef (16-029),16-029,2021-10-05T11:02:00Z,NA,0,p
Batt Reef (16-029),16-029,2021-10-05T10:59:00Z,NA,0,a
Batt Reef (16-029),16-029,2021-10-05T10:57:00Z,NA,0,p
Batt Reef (16-029),16-029,2021-10-05T10:55:00Z,NA,0,a
Batt Reef (16-029),16-029,2021-10-05T10:52:00Z,NA,0,a
Batt Reef (16-029),16-029,2021-10-05T10:50:00Z,NA,0,p
Batt Reef (16-029),16-029,2021-10-05T10:48:00Z,NA,0,p
Batt Reef (16-029),16-029,2021-10-05T10:45:00Z,NA,0,a
Batt Reef (16-029),16-029,2021-10-05T10:41:00Z,NA,0,a
Batt Reef (16-029),16-029,2021-10-05T10:39:00Z,NA,0,p
Batt Reef (16-029),16-029,2021-10-05T10:37:00Z,NA,0,a
Batt Reef (16-029),16-029,2021-10-05T10:33:00Z,NA,0,a
Batt Reef (16-029),16-029,2021-10-05T10:30:00Z,NA,0,a
Batt Reef (16-029),16-029,2021-10-05T10:24:00Z,NA,1,p
Batt Reef (16-029),16-029,2021-10-05T10:21:00Z,NA,0,a
Batt Reef (16-029),16-029,2021-10-05T10:19:00Z,NA,0,a
Batt Reef (16-029),16-029,2021-10-05T10:17:00Z,NA,0,a
Batt Reef (16-029),16-029,2021-10-05T10:15:00Z,NA,0,a
Batt Reef (16-029),16-029,2021-10-05T10:12:00Z,NA,0,a
Batt Reef (16-029),16-029,2021-10-05T10:10:00Z,NA,0,a
Batt Reef (16-029),16-029,2021-10-05T10:08:00Z,NA,0,a
Batt Reef (16-029),16-029,2021-10-05T10:06:00Z,NA,0,a
Batt Reef (16-029),16-029,2021-10-05T10:03:00Z,NA,0,a
Batt Reef (16-029),16-029,2021-10-05T10:00:00Z,NA,0,a
Batt Reef (16-029),16-029,2021-10-05T09:57:00Z,NA,0,a
Batt Reef (16-029),16-029,2021-10-05T09:55:00Z,NA,0,a
Batt Reef (16-029),16-029,2021-10-05T09:53:00Z,NA,0,a
Batt Reef (16-029),16-029,2021-10-05T09:50:00Z,NA,0,a
Batt Reef (16-029),16-029,2021-10-05T09:46:00Z,NA,0,a
Batt Reef (16-029),16-029,2021-10-05T09:44:00Z,NA,0,a
Batt Reef (16-029),16-029,2021-10-05T09:41:00Z,NA,0,a
Batt Reef (16-029),16-029,2021-10-05T09:39:00Z,NA,0,a
Batt Reef (16-029),16-029,2021-10-05T09:37:00Z,NA,0,a
Batt Reef (16-029),16-029,2021-10-05T09:35:00Z,NA,0,a
Batt Reef (16-029),16-029,2021-10-05T09:32:00Z,NA,0,a
Batt Reef (16-029),16-029,2021-10-05T09:30:00Z,NA,0,a
Batt Reef (16-029),16-029,2021-10-05T09:28:00Z,NA,0,a
Batt Reef (16-029),16-029,2021-10-05T09:25:00Z,NA,0,a
Batt Reef (16-029),16-029,2021-10-05T09:23:00Z,NA,0,a
Batt Reef (16-029),16-029,2021-10-05T09:21:00Z,NA,0,a
Batt Reef (16-029),16-029,2021-10-05T09:19:00Z,NA,0,a
Batt Reef (16-029),16-029,2021-10-05T09:17:00Z,NA,0,a
Batt Reef (16-029),16-029,2021-10-05T09:15:00Z,NA,0,a
Batt Reef (16-029),16-029,2021-10-05T09:12:00Z,NA,0,a
Batt Reef (16-029),16-029,2021-10-05T09:09:00Z,NA,0,a
Batt Reef (16-029),16-029,2021-10-05T09:07:00Z,NA,0,a
Batt Reef (16-029),16-029,2021-10-05T09:05:00Z,NA,0,a
Batt Reef (16-029),16-029,2021-10-05T09:03:00Z,NA,0,a
Batt Reef (16-029),16-029,2021-10-05T09:00:00Z,NA,0,p
Batt Reef (16-029),16-029,2021-10-05T08:57:00Z,NA,0,p
Batt Reef (16-029),16-029,2021-10-05T08:55:00Z,NA,0,a
Batt Reef (16-029),16-029,2021-10-05T08:53:00Z,NA,0,a
Batt Reef (16-029),16-029,2021-10-05T08:50:00Z,NA,0,a
Batt Reef (16-029),16-029,2021-10-05T08:48:00Z,NA,0,a
Batt Reef (16-029),16-029,2021-10-05T08:46:00Z,NA,0,a
Batt Reef (16-029),16-029,2021-10-05T08:44:00Z,NA,0,a
Batt Reef (16-029),16-029,2021-10-05T08:41:00Z,NA,0,p
Batt Reef (16-029),16-029,2021-10-05T08:39:00Z,NA,0,a
Batt Reef (16-029),16-029,2021-10-05T08:37:00Z,NA,0,a
Batt Reef (16-029),16-029,2021-10-05T08:35:00Z,NA,0,a
Batt Reef (16-029),16-029,2021-10-05T08:32:00Z,NA,0,a
Batt Reef (16-029),16-029,2021-10-05T08:30:00Z,NA,0,a
Batt Reef (16-029),16-029,2021-10-05T08:27:00Z,NA,0,a
Batt Reef (16-029),16-029,2021-10-05T08:25:00Z,NA,0,a
Batt Reef (16-029),16-029,2021-10-05T08:23:00Z,NA,0,a
Batt Reef (16-029),16-029,2021-10-05T08:21:00Z,NA,0,a
Batt Reef (16-029),16-029,2021-10-05T08:19:00Z,NA,0,a
Batt Reef (16-029),16-029,2021-10-05T08:16:00Z,NA,0,a
Batt Reef (16-029),16-029,2021-09-05T11:36:00Z,NA,0,a
Batt Reef (16-029),16-029,2021-09-05T11:33:00Z,NA,0,a
Batt Reef (16-029),16-029,2021-09-05T11:31:00Z,NA,0,a
Batt Reef (16-029),16-029,2021-09-05T11:29:00Z,NA,0,a
Batt Reef (16-029),16-029,2021-09-05T11:27:00Z,NA,0,a
Batt Reef (16-029),16-029,2021-09-05T11:24:00Z,NA,0,a
Batt Reef (16-029),16-029,2021-09-05T11:22:00Z,NA,0,a
Batt Reef (16-029),16-029,2021-09-05T11:20:00Z,NA,0,a
Batt Reef (16-029),16-029,2021-09-05T11:18:00Z,NA,0,a
Batt Reef (16-029),16-029,2021-09-05T11:15:00Z,NA,0,a
Batt Reef (16-029),16-029,2021-09-05T11:13:00Z,NA,0,a
Batt Reef (16-029),16-029,2021-09-05T11:11:00Z,NA,0,a
Batt Reef (16-029),16-029,2021-09-05T11:09:00Z,NA,0,a
Batt Reef (16-029),16-029,2021-09-05T11:07:00Z,NA,0,a
Batt Reef (16-029),16-029,2021-09-05T11:04:00Z,NA,0,a
Batt Reef (16-029),16-029,2021-09-05T11:02:00Z,NA,0,a
Batt Reef (16-029),16-029,2021-09-05T11:00:00Z,NA,0,a
Batt Reef (16-029),16-029,2021-09-05T10:58:00Z,NA,0,a
Batt Reef (16-029),16-029,2021-09-05T10:56:00Z,NA,0,a
Batt Reef (16-029),16-029,2021-09-05T10:54:00Z,NA,0,a
Batt Reef (16-029),16-029,2021-09-05T10:51:00Z,NA,0,a
Batt Reef (16-029),16-029,2021-09-05T10:48:00Z,NA,0,a
Batt Reef (16-029),16-029,2021-09-05T10:46:00Z,NA,0,a
Batt Reef (16-029),16-029,2021-09-05T10:44:00Z,NA,0,a
Batt Reef (16-029),16-029,2021-09-05T10:42:00Z,NA,0,a
Batt Reef (16-029),16-029,2021-09-05T10:40:00Z,NA,0,a
Batt Reef (16-029),16-029,2021-09-05T10:37:00Z,NA,0,a
Batt Reef (16-029),16-029,2021-09-05T10:35:00Z,NA,0,a
Batt Reef (16-029),16-029,2021-09-05T10:33:00Z,NA,0,a
Batt Reef (16-029),16-029,2021-09-05T10:31:00Z,NA,0,a
Batt Reef (16-029),16-029,2021-09-05T10:29:00Z,NA,0,a
Batt Reef (16-029),16-029,2021-09-05T10:26:00Z,NA,0,a
Batt Reef (16-029),16-029,2021-09-05T10:24:00Z,NA,0,a
Batt Reef (16-029),16-029,2021-09-05T10:22:00Z,NA,0,a
Batt Reef (16-029),16-029,2021-09-05T10:20:00Z,NA,0,a
Batt Reef (16-029),16-029,2021-09-05T10:17:00Z,NA,0,a
Batt Reef (16-029),16-029,2021-09-05T10:15:00Z,NA,0,a
Batt Reef (16-029),16-029,2021-09-05T10:13:00Z,NA,0,a
Batt Reef (16-029),16-029,2021-09-05T10:11:00Z,NA,0,a
Batt Reef (16-029),16-029,2021-09-05T10:09:00Z,NA,0,a
Batt Reef (16-029),16-029,2021-09-05T09:43:00Z,NA,0,a
Batt Reef (16-029),16-029,2021-09-05T09:41:00Z,NA,0,a
Batt Reef (16-029),16-029,2021-09-05T09:39:00Z,NA,0,a
Batt Reef (16-029),16-029,2021-09-05T09:36:00Z,NA,0,a
Batt Reef (16-029),16-029,2021-09-05T09:34:00Z,NA,0,a
Batt Reef (16-029),16-029,2021-09-05T09:32:00Z,NA,0,a
Batt Reef (16-029),16-029,2021-09-05T09:30:00Z,NA,0,a
Batt Reef (16-029),16-029,2021-09-05T09:28:00Z,NA,0,a
Batt Reef (16-029),16-029,2021-09-05T09:26:00Z,NA,0,a
Batt Reef (16-029),16-029,2021-09-05T09:24:00Z,NA,0,a
Batt Reef (16-029),16-029,2021-09-05T09:22:00Z,NA,0,a
Batt Reef (16-029),16-029,2021-09-05T09:20:00Z,NA,0,a
Batt Reef (16-029),16-029,2021-09-05T09:18:00Z,NA,0,a
Batt Reef (16-029),16-029,2021-09-05T09:15:00Z,NA,0,a
Batt Reef (16-029),16-029,2021-09-05T09:13:00Z,NA,0,a
Batt Reef (16-029),16-029,2021-09-05T09:11:00Z,NA,0,a
Batt Reef (16-029),16-029,2021-09-05T09:09:00Z,NA,0,a
Batt Reef (16-029),16-029,2021-09-05T09:07:00Z,NA,0,a
Batt Reef (16-029),16-029,2021-09-05T09:05:00Z,NA,0,a
Batt Reef (16-029),16-029,2021-09-05T09:03:00Z,NA,0,a
Batt Reef (16-029),16-029,2021-09-05T09:00:00Z,NA,0,a
Batt Reef (16-029),16-029,2021-09-05T08:57:00Z,NA,0,a
Batt Reef (16-029),16-029,2021-09-05T08:55:00Z,NA,0,a
Batt Reef (16-029),16-029,2021-09-05T08:53:00Z,NA,0,a
Batt Reef (16-029),16-029,2021-09-05T08:51:00Z,NA,0,a
Batt Reef (16-029),16-029,2021-09-05T08:49:00Z,NA,0,a
Batt Reef (16-029),16-029,2021-09-05T08:47:00Z,NA,0,a
Batt Reef (16-029),16-029,2021-09-05T08:44:00Z,NA,0,a
Batt Reef (16-029),16-029,2021-09-05T08:42:00Z,NA,0,a
Batt Reef (16-029),16-029,2021-09-05T08:40:00Z,NA,0,a
Batt Reef (16-029),16-029,2021-09-05T08:38:00Z,NA,0,a
Batt Reef (16-029),16-029,2021-09-05T08:36:00Z,NA,0,a
Batt Reef (16-029),16-029,2021-09-05T08:34:00Z,NA,0,a
Batt Reef (16-029),16-029,2021-09-05T08:32:00Z,NA,0,a
Batt Reef (16-029),16-029,2021-09-05T08:30:00Z,NA,0,a
Batt Reef (16-029),16-029,2021-09-05T08:28:00Z,NA,0,a
Batt Reef (16-029),16-029,2021-09-05T08:26:00Z,NA,0,a
Batt Reef (16-029),16-029,2021-09-05T08:24:00Z,NA,0,a
Batt Reef (16-029),16-029,2021-09-05T08:22:00Z,NA,0,a
Batt Reef (16-029),16-029,2021-09-05T08:19:00Z,NA,0,a
Lizard Island Reef (North West) (14-116a),14-116a,2020-11-12T08:36:00Z,NA,0,a
Lizard Island Reef (North West) (14-116a),14-116a,2020-11-12T08:34:00Z,NA,0,a
Lizard Island Reef (North West) (14-116a),14-116a,2020-11-12T08:31:00Z,NA,0,a
Lizard Island Reef (North West) (14-116a),14-116a,2020-11-12T08:29:00Z,NA,0,p
Lizard Island Reef (North West) (14-116a),14-116a,2020-11-12T08:27:00Z,NA,0,a
Lizard Island Reef (North West) (14-116a),14-116a,2020-11-12T08:25:00Z,NA,0,a
Lizard Island Reef (North West) (14-116a),14-116a,2020-11-12T08:22:00Z,NA,0,a
Lizard Island Reef (North West) (14-116a),14-116a,2020-11-12T08:20:00Z,NA,0,a
Lizard Island Reef (North West) (14-116a),14-116a,2020-11-12T08:18:00Z,NA,0,a
Lizard Island Reef (North West) (14-116a),14-116a,2020-11-12T08:16:00Z,NA,0,a
Lizard Island Reef (North West) (14-116a),14-116a,2020-11-12T08:14:00Z,NA,0,a
Lizard Island Reef (North West) (14-116a),14-116a,2020-11-12T08:11:00Z,NA,0,a
Lizard Island Reef (North West) (14-116a),14-116a,2020-11-12T08:09:00Z,NA,0,a
Lizard Island Reef (North West) (14-116a),14-116a,2020-11-12T08:08:00Z,NA,0,a
Lizard Island Reef (North West) (14-116a),14-116a,2020-11-12T08:07:00Z,NA,0,p
Lizard Island Reef (North West) (14-116a),14-116a,2020-11-12T08:06:00Z,NA,0,p
Lizard Island Reef (North West) (14-116a),14-116a,2020-11-12T08:05:00Z,NA,0,a
Lizard Island Reef (North West) (14-116a),14-116a,2020-11-12T08:04:00Z,NA,0,a
Lizard Island Reef (North West) (14-116a),14-116a,2020-11-12T08:03:00Z,NA,0,a
Lizard Island Reef (North West) (14-116a),14-116a,2020-11-12T08:01:00Z,NA,0,a
Batt Reef (16-029),16-029,2020-08-12T12:02:00Z,NA,0,a
Batt Reef (16-029),16-029,2020-08-12T12:00:00Z,NA,0,a
Batt Reef (16-029),16-029,2020-08-12T11:57:00Z,NA,0,a
Batt Reef (16-029),16-029,2020-08-12T11:55:00Z,NA,0,a
Batt Reef (16-029),16-029,2020-08-12T11:53:00Z,NA,0,a
Batt Reef (16-029),16-029,2020-08-12T11:50:00Z,NA,0,a
Batt Reef (16-029),16-029,2020-08-12T11:48:00Z,NA,0,a
Batt Reef (16-029),16-029,2020-08-12T11:46:00Z,NA,0,a
Batt Reef (16-029),16-029,2020-08-12T11:43:00Z,NA,0,a
Batt Reef (16-029),16-029,2020-08-12T11:41:00Z,NA,0,a
Batt Reef (16-029),16-029,2020-08-12T11:39:00Z,NA,0,a
Batt Reef (16-029),16-029,2020-08-12T11:36:00Z,NA,0,a
Batt Reef (16-029),16-029,2020-08-12T11:34:00Z,NA,0,a
Batt Reef (16-029),16-029,2020-08-12T11:31:00Z,NA,0,a
Batt Reef (16-029),16-029,2020-08-12T11:29:00Z,NA,0,a
Batt Reef (16-029),16-029,2020-08-12T11:27:00Z,NA,0,a
Batt Reef (16-029),16-029,2020-08-12T11:24:00Z,NA,0,a
Batt Reef (16-029),16-029,2020-08-12T11:22:00Z,NA,0,a
Batt Reef (16-029),16-029,2020-08-12T11:20:00Z,NA,0,a
Batt Reef (16-029),16-029,2020-08-12T11:18:00Z,NA,0,a
Batt Reef (16-029),16-029,2020-08-12T11:16:00Z,NA,0,a
Batt Reef (16-029),16-029,2020-08-12T11:14:00Z,NA,0,a
Batt Reef (16-029),16-029,2020-08-12T11:11:00Z,NA,0,a
Batt Reef (16-029),16-029,2020-08-12T11:09:00Z,NA,0,a
Batt Reef (16-029),16-029,2020-08-12T11:06:00Z,NA,0,a
Batt Reef (16-029),16-029,2020-08-12T11:04:00Z,NA,0,a
Batt Reef (16-029),16-029,2020-08-12T11:02:00Z,NA,0,a
Batt Reef (16-029),16-029,2020-08-12T11:00:00Z,NA,0,a
Batt Reef (16-029),16-029,2020-08-12T10:58:00Z,NA,0,a
Batt Reef (16-029),16-029,2020-08-12T10:56:00Z,NA,0,a
Batt Reef (16-029),16-029,2020-08-12T10:54:00Z,NA,0,a
Batt Reef (16-029),16-029,2020-08-12T10:51:00Z,NA,0,a
Batt Reef (16-029),16-029,2020-08-12T10:48:00Z,NA,0,a
Batt Reef (16-029),16-029,2020-08-12T10:46:00Z,NA,0,a
Batt Reef (16-029),16-029,2020-08-12T10:43:00Z,NA,0,a
Batt Reef (16-029),16-029,2020-08-12T10:41:00Z,NA,0,a
Batt Reef (16-029),16-029,2020-08-12T10:39:00Z,NA,0,a
Batt Reef (16-029),16-029,2020-08-12T10:37:00Z,NA,0,a
Batt Reef (16-029),16-029,2020-08-12T10:34:00Z,NA,0,a
Batt Reef (16-029),16-029,2020-08-12T10:32:00Z,NA,0,a
Batt Reef (16-029),16-029,2020-08-12T10:30:00Z,NA,0,a
Batt Reef (16-029),16-029,2020-08-12T10:28:00Z,NA,0,a
Batt Reef (16-029),16-029,2020-08-12T10:25:00Z,NA,0,a
Batt Reef (16-029),16-029,2020-08-12T10:23:00Z,NA,0,a
Batt Reef (16-029),16-029,2020-08-12T10:21:00Z,NA,0,a
Batt Reef (16-029),16-029,2020-08-12T10:19:00Z,NA,0,a
Batt Reef (16-029),16-029,2020-08-12T10:17:00Z,NA,0,a
Batt Reef (16-029),16-029,2020-08-12T10:15:00Z,NA,0,a
Batt Reef (16-029),16-029,2020-08-12T10:12:00Z,NA,0,a
Batt Reef (16-029),16-029,2020-08-12T10:10:00Z,NA,0,a
Batt Reef (16-029),16-029,2020-08-12T10:08:00Z,NA,0,a
Batt Reef (16-029),16-029,2020-08-12T10:06:00Z,NA,0,a
Batt Reef (16-029),16-029,2020-08-12T10:04:00Z,NA,0,a
Batt Reef (16-029),16-029,2020-08-12T10:00:00Z,NA,0,a
Batt Reef (16-029),16-029,2020-08-12T09:58:00Z,NA,0,a
Batt Reef (16-029),16-029,2020-08-12T09:56:00Z,NA,0,a
Batt Reef (16-029),16-029,2020-08-12T09:54:00Z,NA,0,a
Batt Reef (16-029),16-029,2020-08-12T09:52:00Z,NA,0,a
Batt Reef (16-029),16-029,2020-08-12T09:50:00Z,NA,0,a
Batt Reef (16-029),16-029,2020-08-12T09:48:00Z,NA,0,a
Batt Reef (16-029),16-029,2020-08-12T09:46:00Z,NA,0,a
Batt Reef (16-029),16-029,2020-08-12T09:43:00Z,NA,0,a
Batt Reef (16-029),16-029,2020-08-12T09:41:00Z,NA,0,a
Batt Reef (16-029),16-029,2020-08-12T09:39:00Z,NA,0,a
Batt Reef (16-029),16-029,2020-08-12T09:37:00Z,NA,0,a
Batt Reef (16-029),16-029,2020-08-12T09:35:00Z,NA,0,a
Batt Reef (16-029),16-029,2020-08-12T09:32:00Z,NA,0,a
Batt Reef (16-029),16-029,2020-08-12T09:30:00Z,NA,0,a
Batt Reef (16-029),16-029,2020-08-12T09:28:00Z,NA,0,a
Batt Reef (16-029),16-029,2020-08-12T09:26:00Z,NA,0,a
Batt Reef (16-029),16-029,2020-08-12T09:24:00Z,NA,0,a
Batt Reef (16-029),16-029,2020-08-12T09:22:00Z,NA,0,a
Batt Reef (16-029),16-029,2020-08-12T09:19:00Z,NA,0,a
Batt Reef (16-029),16-029,2020-08-12T09:16:00Z,NA,0,a
Batt Reef (16-029),16-029,2020-08-12T09:14:00Z,NA,0,a
Batt Reef (16-029),16-029,2020-08-12T09:11:00Z,NA,0,a
Batt Reef (16-029),16-029,2020-08-12T09:09:00Z,NA,0,a
Batt Reef (16-029),16-029,2020-08-12T09:07:00Z,NA,0,a
Batt Reef (16-029),16-029,2020-08-12T09:04:00Z,NA,0,a
Batt Reef (16-029),16-029,2020-08-12T09:02:00Z,NA,0,a
Batt Reef (16-029),16-029,2020-08-12T09:00:00Z,NA,0,a
Batt Reef (16-029),16-029,2020-08-12T08:57:00Z,NA,0,a
Batt Reef (16-029),16-029,2020-08-12T08:55:00Z,NA,0,a
Batt Reef (16-029),16-029,2020-08-12T08:53:00Z,NA,0,a
Batt Reef (16-029),16-029,2020-08-12T08:50:00Z,NA,0,a
Batt Reef (16-029),16-029,2020-08-12T08:48:00Z,NA,0,a
Batt Reef (16-029),16-029,2020-08-12T08:46:00Z,NA,0,a
Batt Reef (16-029),16-029,2020-08-12T08:43:00Z,NA,0,a
Batt Reef (16-029),16-029,2020-08-12T08:41:00Z,NA,0,a
Batt Reef (16-029),16-029,2020-08-12T08:39:00Z,NA,0,a
Batt Reef (16-029),16-029,2020-08-12T08:37:00Z,NA,0,a
Batt Reef (16-029),16-029,2020-08-12T08:34:00Z,NA,0,a
Batt Reef (16-029),16-029,2020-08-12T08:32:00Z,NA,0,a
Batt Reef (16-029),16-029,2020-07-23T11:40:00Z,NA,0,a
Batt Reef (16-029),16-029,2020-07-23T11:38:00Z,NA,0,a
Batt Reef (16-029),16-029,2020-07-23T11:35:00Z,NA,0,a
Batt Reef (16-029),16-029,2020-07-23T11:33:00Z,NA,0,a
Batt Reef (16-029),16-029,2020-07-23T11:31:00Z,NA,0,a
Batt Reef (16-029),16-029,2020-07-23T11:29:00Z,NA,0,a
Batt Reef (16-029),16-029,2020-07-23T11:27:00Z,NA,0,a
Batt Reef (16-029),16-029,2020-07-23T11:24:00Z,NA,0,a
Batt Reef (16-029),16-029,2020-07-23T11:22:00Z,NA,0,a
Batt Reef (16-029),16-029,2020-07-23T11:20:00Z,NA,0,a
Batt Reef (16-029),16-029,2020-07-23T11:17:00Z,NA,0,a
Batt Reef (16-029),16-029,2020-07-23T11:15:00Z,NA,0,a
Batt Reef (16-029),16-029,2020-07-23T11:13:00Z,NA,0,a
Batt Reef (16-029),16-029,2020-07-23T11:11:00Z,NA,0,a
Batt Reef (16-029),16-029,2020-07-23T11:08:00Z,NA,0,a
Batt Reef (16-029),16-029,2020-07-23T11:06:00Z,NA,0,a
Batt Reef (16-029),16-029,2020-07-23T11:04:00Z,NA,0,a
Batt Reef (16-029),16-029,2020-07-23T11:04:00Z,NA,0,a
Batt Reef (16-029),16-029,2020-07-23T11:02:00Z,NA,0,a
Batt Reef (16-029),16-029,2020-07-23T11:02:00Z,NA,0,a
Batt Reef (16-029),16-029,2020-07-23T11:00:00Z,NA,0,a
Batt Reef (16-029),16-029,2020-07-23T11:00:00Z,NA,0,a
Batt Reef (16-029),16-029,2020-07-23T10:58:00Z,NA,0,a
Batt Reef (16-029),16-029,2020-07-23T10:56:00Z,NA,0,a
Batt Reef (16-029),16-029,2020-07-23T10:56:00Z,NA,0,a
Batt Reef (16-029),16-029,2020-07-23T10:54:00Z,NA,0,a
Batt Reef (16-029),16-029,2020-07-23T10:54:00Z,NA,0,a
Batt Reef (16-029),16-029,2020-07-23T10:52:00Z,NA,0,a
Batt Reef (16-029),16-029,2020-07-23T10:51:00Z,NA,0,a
Batt Reef (16-029),16-029,2020-07-23T10:50:00Z,NA,0,a
Batt Reef (16-029),16-029,2020-07-23T10:49:00Z,NA,0,a
Batt Reef (16-029),16-029,2020-07-23T10:47:00Z,NA,0,a
Batt Reef (16-029),16-029,2020-07-23T10:47:00Z,NA,0,a
Batt Reef (16-029),16-029,2020-07-23T10:45:00Z,NA,0,a
Batt Reef (16-029),16-029,2020-07-23T10:45:00Z,NA,0,a
Batt Reef (16-029),16-029,2020-07-23T10:43:00Z,NA,0,a
Batt Reef (16-029),16-029,2020-07-23T10:43:00Z,NA,0,a
Batt Reef (16-029),16-029,2020-07-23T10:41:00Z,NA,0,a
Batt Reef (16-029),16-029,2020-07-23T10:40:00Z,NA,0,a
Batt Reef (16-029),16-029,2020-07-23T10:39:00Z,NA,0,a
Batt Reef (16-029),16-029,2020-07-23T10:38:00Z,NA,0,a
Batt Reef (16-029),16-029,2020-07-23T10:37:00Z,NA,0,a
Batt Reef (16-029),16-029,2020-07-23T10:36:00Z,NA,0,a
Batt Reef (16-029),16-029,2020-07-23T10:34:00Z,NA,0,a
Batt Reef (16-029),16-029,2020-07-23T10:34:00Z,NA,0,a
Batt Reef (16-029),16-029,2020-07-23T10:32:00Z,NA,0,a
Batt Reef (16-029),16-029,2020-07-23T10:32:00Z,NA,0,a
Batt Reef (16-029),16-029,2020-07-23T10:30:00Z,NA,0,a
Batt Reef (16-029),16-029,2020-07-23T10:28:00Z,NA,0,a
Batt Reef (16-029),16-029,2020-07-23T10:28:00Z,NA,0,a
Batt Reef (16-029),16-029,2020-07-23T10:26:00Z,NA,0,a
Batt Reef (16-029),16-029,2020-07-23T10:25:00Z,NA,0,a
Batt Reef (16-029),16-029,2020-07-23T10:23:00Z,NA,0,a
Batt Reef (16-029),16-029,2020-07-23T10:23:00Z,NA,0,a
Batt Reef (16-029),16-029,2020-07-23T10:21:00Z,NA,0,a
Batt Reef (16-029),16-029,2020-07-23T10:21:00Z,NA,0,a
Batt Reef (16-029),16-029,2020-07-23T10:19:00Z,NA,0,a
Batt Reef (16-029),16-029,2020-07-23T10:18:00Z,NA,0,a
Batt Reef (16-029),16-029,2020-07-23T10:17:00Z,NA,0,a
Batt Reef (16-029),16-029,2020-07-23T10:16:00Z,NA,0,a
Batt Reef (16-029),16-029,2020-07-23T10:14:00Z,NA,0,a
Batt Reef (16-029),16-029,2020-07-23T10:14:00Z,NA,0,a
Batt Reef (16-029),16-029,2020-07-23T10:12:00Z,NA,0,a
Batt Reef (16-029),16-029,2020-07-23T10:12:00Z,NA,0,a
Batt Reef (16-029),16-029,2020-07-23T10:09:00Z,NA,0,a
Batt Reef (16-029),16-029,2020-07-23T10:08:00Z,NA,0,a
Batt Reef (16-029),16-029,2020-07-23T10:07:00Z,NA,0,a
Batt Reef (16-029),16-029,2020-07-23T10:06:00Z,NA,0,a
Batt Reef (16-029),16-029,2020-07-23T10:05:00Z,NA,0,a
Batt Reef (16-029),16-029,2020-07-23T10:04:00Z,NA,0,a
Batt Reef (16-029),16-029,2020-07-23T10:03:00Z,NA,0,a
Batt Reef (16-029),16-029,2020-07-23T10:01:00Z,NA,0,a
Batt Reef (16-029),16-029,2020-07-23T10:01:00Z,NA,0,a
Batt Reef (16-029),16-029,2020-07-23T09:59:00Z,NA,0,a
Batt Reef (16-029),16-029,2020-07-23T09:59:00Z,NA,0,a
Batt Reef (16-029),16-029,2020-07-23T09:57:00Z,NA,0,a
Batt Reef (16-029),16-029,2020-07-23T09:57:00Z,NA,0,a
Batt Reef (16-029),16-029,2020-07-23T09:55:00Z,NA,0,a
Batt Reef (16-029),16-029,2020-07-23T09:54:00Z,NA,0,a
Batt Reef (16-029),16-029,2020-07-23T09:53:00Z,NA,0,a
Batt Reef (16-029),16-029,2020-07-23T09:51:00Z,NA,0,a
Batt Reef (16-029),16-029,2020-07-23T09:51:00Z,NA,0,a
Batt Reef (16-029),16-029,2020-07-23T09:49:00Z,NA,0,a
Batt Reef (16-029),16-029,2020-07-23T09:48:00Z,NA,0,a
Batt Reef (16-029),16-029,2020-07-23T09:47:00Z,NA,0,a
Batt Reef (16-029),16-029,2020-07-23T09:46:00Z,NA,0,a
Batt Reef (16-029),16-029,2020-07-23T09:45:00Z,NA,0,a
Batt Reef (16-029),16-029,2020-07-23T09:44:00Z,NA,0,a
Batt Reef (16-029),16-029,2020-07-23T09:43:00Z,NA,0,a
Batt Reef (16-029),16-029,2020-07-23T09:42:00Z,NA,0,a
Batt Reef (16-029),16-029,2020-07-23T09:40:00Z,NA,0,a
Batt Reef (16-029),16-029,2020-07-23T09:40:00Z,NA,0,a
Batt Reef (16-029),16-029,2020-07-23T09:38:00Z,NA,0,a
Batt Reef (16-029),16-029,2020-07-23T09:37:00Z,NA,0,a
Batt Reef (16-029),16-029,2020-07-23T09:36:00Z,NA,0,a
Batt Reef (16-029),16-029,2020-07-23T09:35:00Z,NA,0,a
Batt Reef (16-029),16-029,2020-07-23T09:33:00Z,NA,0,a
Batt Reef (16-029),16-029,2020-07-23T09:33:00Z,NA,0,a
Batt Reef (16-029),16-029,2020-07-23T09:31:00Z,NA,0,a
Batt Reef (16-029),16-029,2020-07-23T09:29:00Z,NA,0,a
Batt Reef (16-029),16-029,2020-07-23T09:27:00Z,NA,0,a
Batt Reef (16-029),16-029,2020-07-23T09:23:00Z,NA,0,a
Batt Reef (16-029),16-029,2020-07-23T09:21:00Z,NA,0,a
Batt Reef (16-029),16-029,2020-07-23T09:19:00Z,NA,0,a
Batt Reef (16-029),16-029,2020-07-23T09:17:00Z,NA,0,a
Batt Reef (16-029),16-029,2020-07-23T09:15:00Z,NA,0,a
Batt Reef (16-029),16-029,2020-07-23T09:14:00Z,NA,0,a
Batt Reef (16-029),16-029,2020-07-23T09:13:00Z,NA,0,a
Batt Reef (16-029),16-029,2020-07-23T09:12:00Z,NA,0,a
Batt Reef (16-029),16-029,2020-07-23T09:11:00Z,NA,0,a
Batt Reef (16-029),16-029,2020-07-23T09:10:00Z,NA,0,a
Batt Reef (16-029),16-029,2020-07-23T09:09:00Z,NA,0,a
Batt Reef (16-029),16-029,2020-07-23T09:08:00Z,NA,0,a
Batt Reef (16-029),16-029,2020-07-23T09:07:00Z,NA,0,a
Batt Reef (16-029),16-029,2020-07-23T09:05:00Z,NA,0,a
Batt Reef (16-029),16-029,2020-07-23T09:05:00Z,NA,0,a
Batt Reef (16-029),16-029,2020-07-23T09:03:00Z,NA,0,a
Batt Reef (16-029),16-029,2020-07-23T09:02:00Z,NA,0,a
Batt Reef (16-029),16-029,2020-07-23T09:01:00Z,NA,0,a
Batt Reef (16-029),16-029,2020-07-23T09:00:00Z,NA,0,a
Batt Reef (16-029),16-029,2020-07-23T08:59:00Z,NA,0,a
Batt Reef (16-029),16-029,2020-07-23T08:58:00Z,NA,0,a
Batt Reef (16-029),16-029,2020-07-23T08:57:00Z,NA,0,a
Batt Reef (16-029),16-029,2020-07-23T08:56:00Z,NA,0,a
Batt Reef (16-029),16-029,2020-07-23T08:54:00Z,NA,0,a
Batt Reef (16-029),16-029,2020-07-23T08:52:00Z,NA,0,a
Batt Reef (16-029),16-029,2020-07-23T08:50:00Z,NA,0,a
Batt Reef (16-029),16-029,2020-07-23T08:48:00Z,NA,0,a
Batt Reef (16-029),16-029,2020-07-23T08:45:00Z,NA,0,a
Batt Reef (16-029),16-029,2020-07-23T08:43:00Z,NA,0,a
Batt Reef (16-029),16-029,2020-07-23T08:41:00Z,NA,0,a
Tongue Reef (16-026),16-026,2020-04-06T10:59:00Z,NA,0,a
Tongue Reef (16-026),16-026,2020-04-06T10:57:00Z,NA,0,a
Tongue Reef (16-026),16-026,2020-04-06T10:54:00Z,NA,0,a
Tongue Reef (16-026),16-026,2020-04-06T10:52:00Z,NA,0,a
Tongue Reef (16-026),16-026,2020-04-06T10:50:00Z,NA,0,a
Tongue Reef (16-026),16-026,2020-04-06T10:47:00Z,NA,0,a
Tongue Reef (16-026),16-026,2020-04-06T10:42:00Z,NA,0,a
Tongue Reef (16-026),16-026,2020-04-06T10:38:00Z,NA,0,a
Tongue Reef (16-026),16-026,2020-04-06T10:35:00Z,NA,0,a
Tongue Reef (16-026),16-026,2020-04-06T10:32:00Z,NA,0,a
Tongue Reef (16-026),16-026,2020-04-06T10:32:00Z,NA,0,a
Tongue Reef (16-026),16-026,2020-04-06T10:30:00Z,NA,0,a
Tongue Reef (16-026),16-026,2020-04-06T10:30:00Z,NA,0,a
Tongue Reef (16-026),16-026,2020-04-06T10:28:00Z,NA,0,a
Tongue Reef (16-026),16-026,2020-04-06T10:28:00Z,NA,0,a
Tongue Reef (16-026),16-026,2020-04-06T10:25:00Z,NA,0,a
Tongue Reef (16-026),16-026,2020-04-06T10:25:00Z,NA,0,a
Tongue Reef (16-026),16-026,2020-04-06T10:23:00Z,NA,0,a
Tongue Reef (16-026),16-026,2020-04-06T10:23:00Z,NA,0,a
Tongue Reef (16-026),16-026,2020-04-06T10:21:00Z,NA,0,a
Tongue Reef (16-026),16-026,2020-04-06T10:21:00Z,NA,0,a
Tongue Reef (16-026),16-026,2020-04-06T10:19:00Z,NA,0,a
Tongue Reef (16-026),16-026,2020-04-06T10:19:00Z,NA,0,a
Tongue Reef (16-026),16-026,2020-04-06T10:16:00Z,NA,0,a
Tongue Reef (16-026),16-026,2020-04-06T10:16:00Z,NA,0,a
Tongue Reef (16-026),16-026,2020-04-06T10:14:00Z,NA,0,a
Tongue Reef (16-026),16-026,2020-04-06T10:14:00Z,NA,0,a
Tongue Reef (16-026),16-026,2020-04-06T10:12:00Z,NA,0,a
Tongue Reef (16-026),16-026,2020-04-06T10:12:00Z,NA,0,a
Tongue Reef (16-026),16-026,2020-04-06T10:10:00Z,NA,0,a
Tongue Reef (16-026),16-026,2020-04-06T10:10:00Z,NA,0,a
Tongue Reef (16-026),16-026,2020-04-06T10:08:00Z,NA,0,a
Tongue Reef (16-026),16-026,2020-04-06T10:08:00Z,NA,0,a
Tongue Reef (16-026),16-026,2020-04-06T10:05:00Z,NA,0,a
Tongue Reef (16-026),16-026,2020-04-06T10:05:00Z,NA,0,a
Tongue Reef (16-026),16-026,2020-04-06T10:03:00Z,NA,0,a
Tongue Reef (16-026),16-026,2020-04-06T10:03:00Z,NA,0,a
Tongue Reef (16-026),16-026,2020-04-06T10:01:00Z,NA,0,a
Tongue Reef (16-026),16-026,2020-04-06T10:01:00Z,NA,0,a
Tongue Reef (16-026),16-026,2020-04-06T09:59:00Z,NA,0,a
Tongue Reef (16-026),16-026,2020-04-06T09:59:00Z,NA,0,a
Tongue Reef (16-026),16-026,2020-04-06T09:57:00Z,NA,0,a
Tongue Reef (16-026),16-026,2020-04-06T09:56:00Z,NA,0,a
Tongue Reef (16-026),16-026,2020-04-06T09:54:00Z,NA,0,a
Tongue Reef (16-026),16-026,2020-04-06T09:54:00Z,NA,0,a
Tongue Reef (16-026),16-026,2020-04-06T09:52:00Z,NA,0,a
Tongue Reef (16-026),16-026,2020-04-06T09:52:00Z,NA,0,a
Tongue Reef (16-026),16-026,2020-04-06T09:50:00Z,NA,0,a
Tongue Reef (16-026),16-026,2020-04-06T09:47:00Z,NA,0,a
Tongue Reef (16-026),16-026,2020-04-06T09:45:00Z,NA,0,a
Tongue Reef (16-026),16-026,2020-04-06T09:43:00Z,NA,0,a
Tongue Reef (16-026),16-026,2020-04-06T09:41:00Z,NA,0,a
Tongue Reef (16-026),16-026,2020-04-06T09:39:00Z,NA,0,a
Tongue Reef (16-026),16-026,2020-04-06T09:34:00Z,NA,0,a
Tongue Reef (16-026),16-026,2020-04-06T09:31:00Z,NA,0,a
Tongue Reef (16-026),16-026,2020-04-06T09:29:00Z,NA,0,a
Tongue Reef (16-026),16-026,2020-04-06T09:27:00Z,NA,0,a
Tongue Reef (16-026),16-026,2020-04-06T09:25:00Z,NA,0,a
Tongue Reef (16-026),16-026,2020-04-06T09:23:00Z,NA,0,a
Tongue Reef (16-026),16-026,2020-04-06T09:21:00Z,NA,0,a
Tongue Reef (16-026),16-026,2020-04-06T09:19:00Z,NA,0,a
Tongue Reef (16-026),16-026,2020-04-06T09:16:00Z,NA,0,a
Tongue Reef (16-026),16-026,2020-04-06T09:14:00Z,NA,0,a
Tongue Reef (16-026),16-026,2020-04-06T09:12:00Z,NA,0,p
Tongue Reef (16-026),16-026,2020-04-06T09:10:00Z,NA,0,a
Tongue Reef (16-026),16-026,2020-04-06T09:08:00Z,NA,0,a
Tongue Reef (16-026),16-026,2020-04-06T09:06:00Z,NA,0,a
Tongue Reef (16-026),16-026,2020-04-06T09:04:00Z,NA,0,a
Tongue Reef (16-026),16-026,2020-04-06T09:02:00Z,NA,0,a
Tongue Reef (16-026),16-026,2020-04-06T08:59:00Z,NA,0,a
Tongue Reef (16-026),16-026,2020-04-06T08:57:00Z,NA,0,a
Tongue Reef (16-026),16-026,2020-04-06T08:57:00Z,NA,0,a
Tongue Reef (16-026),16-026,2020-04-06T08:55:00Z,NA,0,a
Tongue Reef (16-026),16-026,2020-04-06T08:55:00Z,NA,0,a
Tongue Reef (16-026),16-026,2020-04-06T08:53:00Z,NA,0,a
Tongue Reef (16-026),16-026,2020-04-06T08:53:00Z,NA,0,a
Tongue Reef (16-026),16-026,2020-04-06T08:51:00Z,NA,0,a
Tongue Reef (16-026),16-026,2020-04-06T08:50:00Z,NA,0,a
Tongue Reef (16-026),16-026,2020-04-06T08:48:00Z,NA,0,a
Tongue Reef (16-026),16-026,2020-04-06T08:48:00Z,NA,0,a
Tongue Reef (16-026),16-026,2020-04-06T08:46:00Z,NA,0,a
Tongue Reef (16-026),16-026,2020-04-06T08:46:00Z,NA,0,a
Tongue Reef (16-026),16-026,2020-04-06T08:44:00Z,NA,0,a
Tongue Reef (16-026),16-026,2020-04-06T08:44:00Z,NA,0,a
Tongue Reef (16-026),16-026,2020-04-06T08:42:00Z,NA,0,a
Tongue Reef (16-026),16-026,2020-04-06T08:42:00Z,NA,0,a
Tongue Reef (16-026),16-026,2020-04-06T08:40:00Z,NA,0,a
Tongue Reef (16-026),16-026,2020-04-06T08:39:00Z,NA,0,a
Tongue Reef (16-026),16-026,2020-04-06T08:38:00Z,NA,0,a
Tongue Reef (16-026),16-026,2020-04-06T08:37:00Z,NA,0,a
Tongue Reef (16-026),16-026,2020-04-06T08:35:00Z,NA,0,a
Tongue Reef (16-026),16-026,2020-04-06T08:35:00Z,NA,0,a
Tongue Reef (16-026),16-026,2020-04-06T08:33:00Z,NA,0,a
Tongue Reef (16-026),16-026,2020-04-06T08:33:00Z,NA,0,a
Tongue Reef (16-026),16-026,2020-04-06T08:31:00Z,NA,0,a
Tongue Reef (16-026),16-026,2020-04-06T08:30:00Z,NA,0,a
Tongue Reef (16-026),16-026,2020-04-06T08:29:00Z,NA,0,a
Tongue Reef (16-026),16-026,2020-04-06T08:28:00Z,NA,0,a
Tongue Reef (16-026),16-026,2020-04-06T08:26:00Z,NA,0,a
Tongue Reef (16-026),16-026,2020-04-06T08:26:00Z,NA,0,a
Tongue Reef (16-026),16-026,2020-04-06T08:24:00Z,NA,0,a
Tongue Reef (16-026),16-026,2020-04-06T08:24:00Z,NA,0,a
Tongue Reef (16-026),16-026,2020-04-06T08:22:00Z,NA,0,a
Tongue Reef (16-026),16-026,2020-04-06T08:21:00Z,NA,0,p
Tongue Reef (16-026),16-026,2020-04-06T08:19:00Z,NA,0,a
Tongue Reef (16-026),16-026,2020-04-06T08:17:00Z,NA,0,a
Tongue Reef (16-026),16-026,2020-04-06T08:15:00Z,NA,0,a
Tongue Reef (16-026),16-026,2020-04-06T08:13:00Z,NA,0,a
Tongue Reef (16-026),16-026,2020-04-06T08:10:00Z,NA,0,a
Tongue Reef (16-026),16-026,2020-04-06T08:08:00Z,NA,0,a
Tongue Reef (16-026),16-026,2020-04-05T09:43:00Z,NA,0,a
Tongue Reef (16-026),16-026,2020-04-05T09:40:00Z,NA,0,a
Tongue Reef (16-026),16-026,2020-04-05T09:38:00Z,NA,0,a
Tongue Reef (16-026),16-026,2020-04-05T09:35:00Z,NA,0,a
Tongue Reef (16-026),16-026,2020-04-05T09:33:00Z,NA,0,a
Tongue Reef (16-026),16-026,2020-04-05T09:31:00Z,NA,0,a
Tongue Reef (16-026),16-026,2020-04-05T09:29:00Z,NA,0,a
Tongue Reef (16-026),16-026,2020-04-05T09:26:00Z,NA,0,a
Tongue Reef (16-026),16-026,2020-04-05T09:24:00Z,NA,0,a
Tongue Reef (16-026),16-026,2020-04-05T09:22:00Z,NA,0,a
Tongue Reef (16-026),16-026,2020-04-05T09:20:00Z,NA,0,a
Tongue Reef (16-026),16-026,2020-04-05T09:20:00Z,NA,0,a
Tongue Reef (16-026),16-026,2020-04-05T09:18:00Z,NA,0,a
Tongue Reef (16-026),16-026,2020-04-05T09:17:00Z,NA,0,a
Tongue Reef (16-026),16-026,2020-04-05T09:16:00Z,NA,0,a
Tongue Reef (16-026),16-026,2020-04-05T09:15:00Z,NA,0,a
Tongue Reef (16-026),16-026,2020-04-05T09:14:00Z,NA,0,a
Tongue Reef (16-026),16-026,2020-04-05T09:13:00Z,NA,0,a
Tongue Reef (16-026),16-026,2020-04-05T09:12:00Z,NA,0,a
Tongue Reef (16-026),16-026,2020-04-05T09:10:00Z,NA,0,a
Tongue Reef (16-026),16-026,2020-04-05T09:09:00Z,NA,0,a
Tongue Reef (16-026),16-026,2020-04-05T09:08:00Z,NA,0,a
Tongue Reef (16-026),16-026,2020-04-05T09:07:00Z,NA,0,a
Tongue Reef (16-026),16-026,2020-04-05T09:06:00Z,NA,0,a
Tongue Reef (16-026),16-026,2020-04-05T09:05:00Z,NA,0,a
Tongue Reef (16-026),16-026,2020-04-05T09:03:00Z,NA,0,a
Tongue Reef (16-026),16-026,2020-04-05T09:03:00Z,NA,0,a
Tongue Reef (16-026),16-026,2020-04-05T09:01:00Z,NA,0,a
Tongue Reef (16-026),16-026,2020-04-05T09:00:00Z,NA,0,a
Tongue Reef (16-026),16-026,2020-04-05T08:59:00Z,NA,0,a
Tongue Reef (16-026),16-026,2020-04-05T08:58:00Z,NA,0,a
Tongue Reef (16-026),16-026,2020-04-05T08:57:00Z,NA,0,a
Tongue Reef (16-026),16-026,2020-04-05T08:56:00Z,NA,0,a
Tongue Reef (16-026),16-026,2020-04-05T08:55:00Z,NA,0,a
Tongue Reef (16-026),16-026,2020-04-05T08:54:00Z,NA,0,a
Tongue Reef (16-026),16-026,2020-04-05T08:52:00Z,NA,0,a
Tongue Reef (16-026),16-026,2020-04-05T08:52:00Z,NA,0,a
Tongue Reef (16-026),16-026,2020-04-05T08:50:00Z,NA,0,a
Tongue Reef (16-026),16-026,2020-04-05T08:49:00Z,NA,0,a
Tongue Reef (16-026),16-026,2020-04-05T08:48:00Z,NA,0,a
Tongue Reef (16-026),16-026,2020-04-05T08:47:00Z,NA,0,a
Tongue Reef (16-026),16-026,2020-04-05T08:46:00Z,NA,0,a
Tongue Reef (16-026),16-026,2020-04-05T08:45:00Z,NA,0,a
Tongue Reef (16-026),16-026,2020-04-05T08:44:00Z,NA,0,a
Tongue Reef (16-026),16-026,2020-04-05T08:42:00Z,NA,0,a
Tongue Reef (16-026),16-026,2020-04-05T08:42:00Z,NA,0,a
Tongue Reef (16-026),16-026,2020-04-05T08:40:00Z,NA,0,a
Tongue Reef (16-026),16-026,2020-04-05T08:39:00Z,NA,0,a
Tongue Reef (16-026),16-026,2020-04-05T08:38:00Z,NA,0,a
Tongue Reef (16-026),16-026,2020-04-05T08:36:00Z,NA,0,a
Tongue Reef (16-026),16-026,2020-04-05T08:36:00Z,NA,0,a
Tongue Reef (16-026),16-026,2020-04-05T08:34:00Z,NA,0,a
Tongue Reef (16-026),16-026,2020-04-05T08:34:00Z,NA,0,a
Tongue Reef (16-026),16-026,2020-04-05T08:32:00Z,NA,0,a
Tongue Reef (16-026),16-026,2020-04-05T08:32:00Z,NA,0,a
Tongue Reef (16-026),16-026,2020-04-05T08:30:00Z,NA,0,a
Tongue Reef (16-026),16-026,2020-04-05T08:30:00Z,NA,0,a
Tongue Reef (16-026),16-026,2020-04-05T08:28:00Z,NA,0,a
Tongue Reef (16-026),16-026,2020-04-05T08:27:00Z,NA,0,a
Tongue Reef (16-026),16-026,2020-04-05T08:25:00Z,NA,0,a
Tongue Reef (16-026),16-026,2020-04-05T08:25:00Z,NA,0,a
Tongue Reef (16-026),16-026,2020-04-05T08:23:00Z,NA,0,a
Tongue Reef (16-026),16-026,2020-04-05T08:23:00Z,NA,0,a
Tongue Reef (16-026),16-026,2020-04-05T08:21:00Z,NA,0,a
Tongue Reef (16-026),16-026,2020-04-05T08:21:00Z,NA,0,a
Tongue Reef (16-026),16-026,2020-04-05T08:19:00Z,NA,0,a
Tongue Reef (16-026),16-026,2020-04-05T08:19:00Z,NA,0,a
Tongue Reef (16-026),16-026,2020-04-05T08:17:00Z,NA,0,a
Tongue Reef (16-026),16-026,2020-04-05T08:14:00Z,NA,0,a
Tongue Reef (16-026),16-026,2020-04-05T08:12:00Z,NA,0,a
Tongue Reef (16-026),16-026,2020-04-05T08:10:00Z,NA,0,a
Tongue Reef (16-026),16-026,2020-04-05T08:08:00Z,NA,0,a
Tongue Reef (16-026),16-026,2020-04-05T08:05:00Z,NA,0,a
Tongue Reef (16-026),16-026,2020-04-05T08:03:00Z,NA,0,a
Tongue Reef (16-026),16-026,2020-04-05T08:01:00Z,NA,0,a
Tongue Reef (16-026),16-026,2020-04-05T07:59:00Z,NA,0,a
Tongue Reef (16-026),16-026,2020-04-05T07:57:00Z,NA,0,a
Tongue Reef (16-026),16-026,2020-04-05T07:54:00Z,NA,0,a
Tongue Reef (16-026),16-026,2020-04-04T11:08:00Z,NA,0,a
Tongue Reef (16-026),16-026,2020-04-04T11:05:00Z,NA,0,a
Tongue Reef (16-026),16-026,2020-04-04T11:04:00Z,NA,0,a
Tongue Reef (16-026),16-026,2020-04-04T11:03:00Z,NA,0,a
Tongue Reef (16-026),16-026,2020-04-04T11:01:00Z,NA,0,a
Tongue Reef (16-026),16-026,2020-04-04T11:00:00Z,NA,0,a
Tongue Reef (16-026),16-026,2020-04-04T10:59:00Z,NA,0,a
Tongue Reef (16-026),16-026,2020-04-04T10:58:00Z,NA,0,a
Tongue Reef (16-026),16-026,2020-04-04T10:57:00Z,NA,0,a
Tongue Reef (16-026),16-026,2020-04-04T10:56:00Z,NA,0,a
Tongue Reef (16-026),16-026,2020-04-04T10:55:00Z,NA,0,a
Tongue Reef (16-026),16-026,2020-04-04T10:53:00Z,NA,0,a
Tongue Reef (16-026),16-026,2020-04-04T10:52:00Z,NA,0,a
Tongue Reef (16-026),16-026,2020-04-04T10:51:00Z,NA,0,a
Tongue Reef (16-026),16-026,2020-04-04T10:50:00Z,NA,0,a
Tongue Reef (16-026),16-026,2020-04-04T10:48:00Z,NA,0,a
Tongue Reef (16-026),16-026,2020-04-04T10:48:00Z,NA,0,a
Tongue Reef (16-026),16-026,2020-04-04T10:46:00Z,NA,0,a
Tongue Reef (16-026),16-026,2020-04-04T10:46:00Z,NA,0,a
Tongue Reef (16-026),16-026,2020-04-04T10:44:00Z,NA,0,a
Tongue Reef (16-026),16-026,2020-04-04T10:44:00Z,NA,0,a
Tongue Reef (16-026),16-026,2020-04-04T10:42:00Z,NA,0,a
Tongue Reef (16-026),16-026,2020-04-04T10:42:00Z,NA,0,a
Tongue Reef (16-026),16-026,2020-04-04T10:39:00Z,NA,0,a
Tongue Reef (16-026),16-026,2020-04-04T10:37:00Z,NA,0,a
Tongue Reef (16-026),16-026,2020-04-04T10:34:00Z,NA,0,a
Tongue Reef (16-026),16-026,2020-04-04T10:33:00Z,NA,0,a
Tongue Reef (16-026),16-026,2020-04-04T10:32:00Z,NA,0,a
Tongue Reef (16-026),16-026,2020-04-04T10:31:00Z,NA,0,a
Tongue Reef (16-026),16-026,2020-04-04T10:30:00Z,NA,0,a
Tongue Reef (16-026),16-026,2020-04-04T10:28:00Z,NA,0,a
Tongue Reef (16-026),16-026,2020-04-04T10:26:00Z,NA,0,a
Tongue Reef (16-026),16-026,2020-04-04T10:25:00Z,NA,0,a
Tongue Reef (16-026),16-026,2020-04-04T10:24:00Z,NA,0,a
Tongue Reef (16-026),16-026,2020-04-04T10:23:00Z,NA,0,a
Tongue Reef (16-026),16-026,2020-04-04T10:22:00Z,NA,0,a
Tongue Reef (16-026),16-026,2020-04-04T10:21:00Z,NA,0,a
Tongue Reef (16-026),16-026,2020-04-04T10:20:00Z,NA,0,a
Tongue Reef (16-026),16-026,2020-04-04T10:19:00Z,NA,0,a
Tongue Reef (16-026),16-026,2020-04-04T10:18:00Z,NA,0,a
Tongue Reef (16-026),16-026,2020-04-04T10:17:00Z,NA,0,a
Tongue Reef (16-026),16-026,2020-04-04T10:16:00Z,NA,0,a
Tongue Reef (16-026),16-026,2020-04-04T10:14:00Z,NA,0,a
Tongue Reef (16-026),16-026,2020-04-04T10:13:00Z,NA,0,a
Tongue Reef (16-026),16-026,2020-04-04T10:12:00Z,NA,0,a
Tongue Reef (16-026),16-026,2020-04-04T10:11:00Z,NA,0,a
Tongue Reef (16-026),16-026,2020-04-04T10:10:00Z,NA,0,a
Tongue Reef (16-026),16-026,2020-04-04T10:09:00Z,NA,0,a
Tongue Reef (16-026),16-026,2020-04-04T10:05:00Z,NA,0,a
Tongue Reef (16-026),16-026,2020-04-04T10:04:00Z,NA,0,a
Tongue Reef (16-026),16-026,2020-04-04T10:02:00Z,NA,0,a
Tongue Reef (16-026),16-026,2020-04-04T10:02:00Z,NA,0,a
Tongue Reef (16-026),16-026,2020-04-04T10:00:00Z,NA,0,a
Tongue Reef (16-026),16-026,2020-04-04T09:59:00Z,NA,0,a
Tongue Reef (16-026),16-026,2020-04-04T09:58:00Z,NA,0,a
Tongue Reef (16-026),16-026,2020-04-04T09:57:00Z,NA,0,a
Tongue Reef (16-026),16-026,2020-04-04T09:55:00Z,NA,0,a
Tongue Reef (16-026),16-026,2020-04-04T09:55:00Z,NA,0,a
Tongue Reef (16-026),16-026,2020-04-04T09:53:00Z,NA,0,a
Tongue Reef (16-026),16-026,2020-04-04T09:53:00Z,NA,0,a
Tongue Reef (16-026),16-026,2020-04-04T09:51:00Z,NA,0,a
Tongue Reef (16-026),16-026,2020-04-04T09:51:00Z,NA,0,a
Tongue Reef (16-026),16-026,2020-04-04T09:49:00Z,NA,0,a
Tongue Reef (16-026),16-026,2020-04-04T09:49:00Z,NA,0,a
Tongue Reef (16-026),16-026,2020-04-04T09:46:00Z,NA,0,a
Tongue Reef (16-026),16-026,2020-04-04T09:46:00Z,NA,0,a
Tongue Reef (16-026),16-026,2020-04-04T09:44:00Z,NA,0,a
Tongue Reef (16-026),16-026,2020-04-04T09:44:00Z,NA,0,a
Tongue Reef (16-026),16-026,2020-04-04T09:42:00Z,NA,0,a
Tongue Reef (16-026),16-026,2020-04-04T09:42:00Z,NA,0,a
Tongue Reef (16-026),16-026,2020-04-04T09:40:00Z,NA,0,a
Tongue Reef (16-026),16-026,2020-04-04T09:39:00Z,NA,0,a
Tongue Reef (16-026),16-026,2020-04-04T09:38:00Z,NA,0,a
Tongue Reef (16-026),16-026,2020-04-04T09:36:00Z,NA,0,a
Tongue Reef (16-026),16-026,2020-04-04T09:35:00Z,NA,0,a
Tongue Reef (16-026),16-026,2020-04-04T09:34:00Z,NA,0,a
Tongue Reef (16-026),16-026,2020-04-04T09:33:00Z,NA,0,a
Tongue Reef (16-026),16-026,2020-04-04T09:31:00Z,NA,0,a
Tongue Reef (16-026),16-026,2020-04-04T09:31:00Z,NA,0,a
Tongue Reef (16-026),16-026,2020-04-04T09:29:00Z,NA,0,a
Tongue Reef (16-026),16-026,2020-04-04T09:29:00Z,NA,0,a
Tongue Reef (16-026),16-026,2020-04-04T09:27:00Z,NA,0,a
Tongue Reef (16-026),16-026,2020-04-04T09:27:00Z,NA,0,a
Tongue Reef (16-026),16-026,2020-04-04T09:24:00Z,NA,0,a
Tongue Reef (16-026),16-026,2020-04-04T09:24:00Z,NA,0,a
Tongue Reef (16-026),16-026,2020-04-04T09:22:00Z,NA,0,a
Tongue Reef (16-026),16-026,2020-04-04T09:22:00Z,NA,0,a
Tongue Reef (16-026),16-026,2020-04-04T09:20:00Z,NA,0,a
Tongue Reef (16-026),16-026,2020-04-04T09:19:00Z,NA,0,a
Tongue Reef (16-026),16-026,2020-04-04T09:18:00Z,NA,0,a
Tongue Reef (16-026),16-026,2020-04-04T09:17:00Z,NA,0,a
Tongue Reef (16-026),16-026,2020-04-04T09:16:00Z,NA,0,a
Tongue Reef (16-026),16-026,2020-04-04T09:14:00Z,NA,0,a
Tongue Reef (16-026),16-026,2020-04-04T09:13:00Z,NA,0,a
Tongue Reef (16-026),16-026,2020-04-04T09:12:00Z,NA,0,a
Tongue Reef (16-026),16-026,2020-04-04T09:11:00Z,NA,0,a
Tongue Reef (16-026),16-026,2020-04-04T09:10:00Z,NA,0,a
Tongue Reef (16-026),16-026,2020-04-04T09:09:00Z,NA,0,a
Tongue Reef (16-026),16-026,2020-04-04T09:08:00Z,NA,0,a
Tongue Reef (16-026),16-026,2020-04-04T09:07:00Z,NA,0,a
Tongue Reef (16-026),16-026,2020-04-04T09:05:00Z,NA,0,a
Tongue Reef (16-026),16-026,2020-04-04T09:04:00Z,NA,0,a
Tongue Reef (16-026),16-026,2020-04-04T09:03:00Z,NA,0,a
Tongue Reef (16-026),16-026,2020-04-04T09:02:00Z,NA,0,a
Tongue Reef (16-026),16-026,2020-04-04T09:01:00Z,NA,0,a
Tongue Reef (16-026),16-026,2020-04-04T09:00:00Z,NA,0,a
Tongue Reef (16-026),16-026,2020-04-04T08:59:00Z,NA,0,a
Tongue Reef (16-026),16-026,2020-04-04T08:57:00Z,NA,0,a
Tongue Reef (16-026),16-026,2020-04-04T08:56:00Z,NA,0,a
Tongue Reef (16-026),16-026,2020-04-04T08:55:00Z,NA,0,a
Tongue Reef (16-026),16-026,2020-04-04T08:54:00Z,NA,0,a
Tongue Reef (16-026),16-026,2020-04-04T08:52:00Z,NA,0,a
Tongue Reef (16-026),16-026,2020-04-04T08:49:00Z,NA,0,a
Tongue Reef (16-026),16-026,2020-04-04T08:47:00Z,NA,0,a
Tongue Reef (16-026),16-026,2020-04-04T08:45:00Z,NA,0,a
Tongue Reef (16-026),16-026,2020-04-04T08:42:00Z,NA,0,a
Tongue Reef (16-026),16-026,2020-04-04T08:40:00Z,NA,0,a
Tongue Reef (16-026),16-026,2020-04-04T08:38:00Z,NA,0,a
Tongue Reef (16-026),16-026,2020-04-04T08:36:00Z,NA,0,a
Tongue Reef (16-026),16-026,2020-04-03T11:02:00Z,NA,0,a
Tongue Reef (16-026),16-026,2020-04-03T11:01:00Z,NA,0,a
Tongue Reef (16-026),16-026,2020-04-03T10:59:00Z,NA,0,a
Tongue Reef (16-026),16-026,2020-04-03T10:59:00Z,NA,0,a
Tongue Reef (16-026),16-026,2020-04-03T10:57:00Z,NA,0,a
Tongue Reef (16-026),16-026,2020-04-03T10:56:00Z,NA,0,a
Tongue Reef (16-026),16-026,2020-04-03T10:55:00Z,NA,0,a
Tongue Reef (16-026),16-026,2020-04-03T10:54:00Z,NA,0,a
Tongue Reef (16-026),16-026,2020-04-03T10:53:00Z,NA,0,a
Tongue Reef (16-026),16-026,2020-04-03T10:52:00Z,NA,0,a
Tongue Reef (16-026),16-026,2020-04-03T10:51:00Z,NA,0,a
Tongue Reef (16-026),16-026,2020-04-03T10:50:00Z,NA,0,a
Tongue Reef (16-026),16-026,2020-04-03T10:48:00Z,NA,0,a
Tongue Reef (16-026),16-026,2020-04-03T10:48:00Z,NA,0,a
Tongue Reef (16-026),16-026,2020-04-03T10:46:00Z,NA,0,a
Tongue Reef (16-026),16-026,2020-04-03T10:45:00Z,NA,0,a
Tongue Reef (16-026),16-026,2020-04-03T10:43:00Z,NA,0,a
Tongue Reef (16-026),16-026,2020-04-03T10:43:00Z,NA,0,a
Tongue Reef (16-026),16-026,2020-04-03T10:41:00Z,NA,0,a
Tongue Reef (16-026),16-026,2020-04-03T10:41:00Z,NA,0,a
Tongue Reef (16-026),16-026,2020-04-03T10:39:00Z,NA,0,a
Tongue Reef (16-026),16-026,2020-04-03T10:39:00Z,NA,0,a
Tongue Reef (16-026),16-026,2020-04-03T10:37:00Z,NA,0,a
Tongue Reef (16-026),16-026,2020-04-03T10:37:00Z,NA,0,a
Tongue Reef (16-026),16-026,2020-04-03T10:35:00Z,NA,0,a
Tongue Reef (16-026),16-026,2020-04-03T10:34:00Z,NA,0,a
Tongue Reef (16-026),16-026,2020-04-03T10:33:00Z,NA,0,a
Tongue Reef (16-026),16-026,2020-04-03T10:32:00Z,NA,0,a
Tongue Reef (16-026),16-026,2020-04-03T10:30:00Z,NA,0,a
Tongue Reef (16-026),16-026,2020-04-03T10:30:00Z,NA,0,a
Tongue Reef (16-026),16-026,2020-04-03T10:28:00Z,NA,0,a
Tongue Reef (16-026),16-026,2020-04-03T10:28:00Z,NA,0,a
Tongue Reef (16-026),16-026,2020-04-03T10:26:00Z,NA,0,a
Tongue Reef (16-026),16-026,2020-04-03T10:25:00Z,NA,0,a
Tongue Reef (16-026),16-026,2020-04-03T10:23:00Z,NA,0,a
Tongue Reef (16-026),16-026,2020-04-03T10:23:00Z,NA,0,a
Tongue Reef (16-026),16-026,2020-04-03T10:21:00Z,NA,0,a
Tongue Reef (16-026),16-026,2020-04-03T10:21:00Z,NA,0,a
Tongue Reef (16-026),16-026,2020-04-03T10:19:00Z,NA,0,a
Tongue Reef (16-026),16-026,2020-04-03T10:19:00Z,NA,0,a
Tongue Reef (16-026),16-026,2020-04-03T10:16:00Z,NA,0,a
Tongue Reef (16-026),16-026,2020-04-03T10:15:00Z,NA,0,a
Tongue Reef (16-026),16-026,2020-04-03T10:14:00Z,NA,0,a
Tongue Reef (16-026),16-026,2020-04-03T10:13:00Z,NA,0,a
Tongue Reef (16-026),16-026,2020-04-03T10:12:00Z,NA,0,a
Tongue Reef (16-026),16-026,2020-04-03T10:11:00Z,NA,0,a
Tongue Reef (16-026),16-026,2020-04-03T10:10:00Z,NA,0,a
Tongue Reef (16-026),16-026,2020-04-03T10:08:00Z,NA,0,a
Tongue Reef (16-026),16-026,2020-04-03T10:07:00Z,NA,0,a
Tongue Reef (16-026),16-026,2020-04-03T10:06:00Z,NA,0,a
Tongue Reef (16-026),16-026,2020-04-03T10:05:00Z,NA,0,a
Tongue Reef (16-026),16-026,2020-04-03T10:05:00Z,NA,0,a
Tongue Reef (16-026),16-026,2020-04-03T10:03:00Z,NA,0,a
Tongue Reef (16-026),16-026,2020-04-03T10:03:00Z,NA,0,a
Tongue Reef (16-026),16-026,2020-04-03T10:01:00Z,NA,0,a
Tongue Reef (16-026),16-026,2020-04-03T10:01:00Z,NA,0,a
Tongue Reef (16-026),16-026,2020-04-03T09:59:00Z,NA,0,a
Tongue Reef (16-026),16-026,2020-04-03T09:59:00Z,NA,0,a
Tongue Reef (16-026),16-026,2020-04-03T09:57:00Z,NA,0,a
Tongue Reef (16-026),16-026,2020-04-03T09:57:00Z,NA,0,a
Tongue Reef (16-026),16-026,2020-04-03T09:54:00Z,NA,0,a
Tongue Reef (16-026),16-026,2020-04-03T09:54:00Z,NA,0,a
Tongue Reef (16-026),16-026,2020-04-03T09:52:00Z,NA,0,a
Tongue Reef (16-026),16-026,2020-04-03T09:51:00Z,NA,0,a
Tongue Reef (16-026),16-026,2020-04-03T09:50:00Z,NA,0,a
Tongue Reef (16-026),16-026,2020-04-03T09:49:00Z,NA,0,a
Tongue Reef (16-026),16-026,2020-04-03T09:48:00Z,NA,0,a
Tongue Reef (16-026),16-026,2020-04-03T09:47:00Z,NA,0,a
Tongue Reef (16-026),16-026,2020-04-03T09:46:00Z,NA,0,a
Tongue Reef (16-026),16-026,2020-04-03T09:45:00Z,NA,0,a
Tongue Reef (16-026),16-026,2020-04-03T09:43:00Z,NA,0,a
Tongue Reef (16-026),16-026,2020-04-03T09:42:00Z,NA,0,a
Tongue Reef (16-026),16-026,2020-04-03T09:41:00Z,NA,0,a
Tongue Reef (16-026),16-026,2020-04-03T09:40:00Z,NA,0,a
Tongue Reef (16-026),16-026,2020-04-03T09:39:00Z,NA,0,a
Tongue Reef (16-026),16-026,2020-04-03T09:38:00Z,NA,0,a
Tongue Reef (16-026),16-026,2020-04-03T09:37:00Z,NA,0,a
Tongue Reef (16-026),16-026,2020-04-03T09:36:00Z,NA,0,a
Tongue Reef (16-026),16-026,2020-04-03T09:34:00Z,NA,0,a
Tongue Reef (16-026),16-026,2020-04-03T09:33:00Z,NA,0,a
Tongue Reef (16-026),16-026,2020-04-03T09:31:00Z,NA,0,a
Tongue Reef (16-026),16-026,2020-04-03T09:31:00Z,NA,0,a
Tongue Reef (16-026),16-026,2020-04-03T09:29:00Z,NA,0,a
Tongue Reef (16-026),16-026,2020-04-03T09:28:00Z,NA,0,a
Tongue Reef (16-026),16-026,2020-04-03T09:26:00Z,NA,0,a
Tongue Reef (16-026),16-026,2020-04-03T09:26:00Z,NA,0,a
Tongue Reef (16-026),16-026,2020-04-03T09:24:00Z,NA,0,a
Tongue Reef (16-026),16-026,2020-04-03T09:24:00Z,NA,0,a
Tongue Reef (16-026),16-026,2020-04-03T09:22:00Z,NA,0,a
Tongue Reef (16-026),16-026,2020-04-03T09:21:00Z,NA,0,a
Tongue Reef (16-026),16-026,2020-04-03T09:19:00Z,NA,0,a
Tongue Reef (16-026),16-026,2020-04-03T09:19:00Z,NA,0,a
Tongue Reef (16-026),16-026,2020-04-03T09:17:00Z,NA,0,a
Tongue Reef (16-026),16-026,2020-04-03T09:17:00Z,NA,0,a
Tongue Reef (16-026),16-026,2020-04-03T09:15:00Z,NA,0,a
Tongue Reef (16-026),16-026,2020-04-03T09:15:00Z,NA,0,a
Tongue Reef (16-026),16-026,2020-04-03T09:13:00Z,NA,0,a
Tongue Reef (16-026),16-026,2020-04-03T09:13:00Z,NA,0,a
Tongue Reef (16-026),16-026,2020-04-03T09:10:00Z,NA,0,a
Tongue Reef (16-026),16-026,2020-04-03T09:10:00Z,NA,0,a
Tongue Reef (16-026),16-026,2020-04-03T09:08:00Z,NA,0,a
Tongue Reef (16-026),16-026,2020-04-03T09:08:00Z,NA,0,a
Tongue Reef (16-026),16-026,2020-04-03T09:06:00Z,NA,0,a
Tongue Reef (16-026),16-026,2020-04-03T09:06:00Z,NA,0,a
Tongue Reef (16-026),16-026,2020-04-03T09:04:00Z,NA,0,a
Tongue Reef (16-026),16-026,2020-04-03T09:03:00Z,NA,0,a
Tongue Reef (16-026),16-026,2020-04-03T09:02:00Z,NA,0,a
Tongue Reef (16-026),16-026,2020-04-03T09:01:00Z,NA,0,a
Tongue Reef (16-026),16-026,2020-04-03T08:59:00Z,NA,0,a
Tongue Reef (16-026),16-026,2020-04-03T08:59:00Z,NA,0,a
Tongue Reef (16-026),16-026,2020-04-03T08:57:00Z,NA,0,a
Tongue Reef (16-026),16-026,2020-04-03T08:57:00Z,NA,0,a
Tongue Reef (16-026),16-026,2020-04-03T08:55:00Z,NA,0,a
Tongue Reef (16-026),16-026,2020-04-03T08:55:00Z,NA,0,a
Tongue Reef (16-026),16-026,2020-04-03T08:53:00Z,NA,0,a
Tongue Reef (16-026),16-026,2020-04-03T08:53:00Z,NA,0,a
Tongue Reef (16-026),16-026,2020-04-03T08:51:00Z,NA,0,a
Tongue Reef (16-026),16-026,2020-04-03T08:51:00Z,NA,0,a
Tongue Reef (16-026),16-026,2020-04-03T08:48:00Z,NA,0,a
Tongue Reef (16-026),16-026,2020-04-03T08:48:00Z,NA,0,a
Tongue Reef (16-026),16-026,2020-04-02T11:40:00Z,NA,0,a
Tongue Reef (16-026),16-026,2020-04-02T11:38:00Z,NA,0,a
Tongue Reef (16-026),16-026,2020-04-02T11:36:00Z,NA,0,a
Tongue Reef (16-026),16-026,2020-04-02T11:33:00Z,NA,0,a
Tongue Reef (16-026),16-026,2020-04-02T11:31:00Z,NA,0,a
Tongue Reef (16-026),16-026,2020-04-02T11:29:00Z,NA,0,a
Tongue Reef (16-026),16-026,2020-04-02T11:27:00Z,NA,0,a
Tongue Reef (16-026),16-026,2020-04-02T11:25:00Z,NA,0,a
Tongue Reef (16-026),16-026,2020-04-02T11:23:00Z,NA,0,a
Tongue Reef (16-026),16-026,2020-04-02T11:21:00Z,NA,0,a
Tongue Reef (16-026),16-026,2020-04-02T11:18:00Z,NA,0,a
Tongue Reef (16-026),16-026,2020-04-02T11:16:00Z,NA,0,a
Tongue Reef (16-026),16-026,2020-04-02T11:14:00Z,NA,0,a
Tongue Reef (16-026),16-026,2020-04-02T11:14:00Z,NA,0,a
Tongue Reef (16-026),16-026,2020-04-02T11:12:00Z,NA,0,a
Tongue Reef (16-026),16-026,2020-04-02T11:12:00Z,NA,0,a
Tongue Reef (16-026),16-026,2020-04-02T11:10:00Z,NA,0,a
Tongue Reef (16-026),16-026,2020-04-02T11:10:00Z,NA,0,a
Tongue Reef (16-026),16-026,2020-04-02T11:08:00Z,NA,0,a
Tongue Reef (16-026),16-026,2020-04-02T11:08:00Z,NA,0,a
Tongue Reef (16-026),16-026,2020-04-02T11:05:00Z,NA,0,a
Tongue Reef (16-026),16-026,2020-04-02T11:05:00Z,NA,0,a
Tongue Reef (16-026),16-026,2020-04-02T11:03:00Z,NA,0,a
Tongue Reef (16-026),16-026,2020-04-02T11:03:00Z,NA,0,a
Tongue Reef (16-026),16-026,2020-04-02T11:01:00Z,NA,0,a
Tongue Reef (16-026),16-026,2020-04-02T10:59:00Z,NA,0,a
Tongue Reef (16-026),16-026,2020-04-02T10:57:00Z,NA,0,a
Tongue Reef (16-026),16-026,2020-04-02T10:54:00Z,NA,0,a
Tongue Reef (16-026),16-026,2020-04-02T10:52:00Z,NA,0,a
Tongue Reef (16-026),16-026,2020-04-02T10:50:00Z,NA,0,a
Tongue Reef (16-026),16-026,2020-04-02T10:48:00Z,NA,0,a
Tongue Reef (16-026),16-026,2020-04-02T10:46:00Z,NA,0,a
Tongue Reef (16-026),16-026,2020-04-02T10:44:00Z,NA,0,a
Tongue Reef (16-026),16-026,2020-04-02T10:42:00Z,NA,0,a
Tongue Reef (16-026),16-026,2020-04-02T10:40:00Z,NA,0,a
Tongue Reef (16-026),16-026,2020-04-02T10:40:00Z,NA,0,a
Tongue Reef (16-026),16-026,2020-04-02T10:38:00Z,NA,0,a
Tongue Reef (16-026),16-026,2020-04-02T10:37:00Z,NA,0,a
Tongue Reef (16-026),16-026,2020-04-02T10:35:00Z,NA,0,a
Tongue Reef (16-026),16-026,2020-04-02T10:35:00Z,NA,0,a
Tongue Reef (16-026),16-026,2020-04-02T10:33:00Z,NA,0,a
Tongue Reef (16-026),16-026,2020-04-02T10:33:00Z,NA,0,a
Tongue Reef (16-026),16-026,2020-04-02T10:30:00Z,NA,0,a
Tongue Reef (16-026),16-026,2020-04-02T10:29:00Z,NA,0,a
Tongue Reef (16-026),16-026,2020-04-02T10:28:00Z,NA,0,a
Tongue Reef (16-026),16-026,2020-04-02T10:27:00Z,NA,0,a
Tongue Reef (16-026),16-026,2020-04-02T10:26:00Z,NA,0,a
Tongue Reef (16-026),16-026,2020-04-02T10:24:00Z,NA,0,a
Tongue Reef (16-026),16-026,2020-04-02T10:23:00Z,NA,0,a
Tongue Reef (16-026),16-026,2020-04-02T10:22:00Z,NA,0,a
Tongue Reef (16-026),16-026,2020-04-02T10:21:00Z,NA,0,a
Tongue Reef (16-026),16-026,2020-04-02T10:20:00Z,NA,0,a
Tongue Reef (16-026),16-026,2020-04-02T10:19:00Z,NA,0,a
Tongue Reef (16-026),16-026,2020-04-02T10:18:00Z,NA,0,a
Tongue Reef (16-026),16-026,2020-04-02T10:16:00Z,NA,0,a
Tongue Reef (16-026),16-026,2020-04-02T10:16:00Z,NA,0,a
Tongue Reef (16-026),16-026,2020-04-02T10:14:00Z,NA,0,a
Tongue Reef (16-026),16-026,2020-04-02T10:14:00Z,NA,0,a
Tongue Reef (16-026),16-026,2020-04-02T10:11:00Z,NA,0,a
Tongue Reef (16-026),16-026,2020-04-02T10:11:00Z,NA,0,a
Tongue Reef (16-026),16-026,2020-04-02T10:09:00Z,NA,0,a
Tongue Reef (16-026),16-026,2020-04-02T10:09:00Z,NA,0,a
Tongue Reef (16-026),16-026,2020-04-02T10:07:00Z,NA,0,a
Tongue Reef (16-026),16-026,2020-04-02T10:07:00Z,NA,0,a
Tongue Reef (16-026),16-026,2020-04-02T10:05:00Z,NA,0,a
Tongue Reef (16-026),16-026,2020-04-02T10:04:00Z,NA,0,a
Tongue Reef (16-026),16-026,2020-04-02T10:02:00Z,NA,0,a
Tongue Reef (16-026),16-026,2020-04-02T10:01:00Z,NA,0,a
Tongue Reef (16-026),16-026,2020-04-02T10:00:00Z,NA,0,a
Tongue Reef (16-026),16-026,2020-04-02T09:58:00Z,NA,0,a
Tongue Reef (16-026),16-026,2020-04-02T09:58:00Z,NA,0,a
Tongue Reef (16-026),16-026,2020-04-02T09:56:00Z,NA,0,a
Tongue Reef (16-026),16-026,2020-04-02T09:56:00Z,NA,0,a
Tongue Reef (16-026),16-026,2020-04-02T09:54:00Z,NA,0,a
Tongue Reef (16-026),16-026,2020-04-02T09:52:00Z,NA,0,a
Tongue Reef (16-026),16-026,2020-04-02T09:49:00Z,NA,0,a
Tongue Reef (16-026),16-026,2020-04-02T09:47:00Z,NA,0,a
Tongue Reef (16-026),16-026,2020-04-02T09:44:00Z,NA,0,a
Tongue Reef (16-026),16-026,2020-04-02T09:42:00Z,NA,0,a
Tongue Reef (16-026),16-026,2020-04-02T09:39:00Z,NA,0,a
Tongue Reef (16-026),16-026,2020-04-02T09:37:00Z,NA,0,a
Tongue Reef (16-026),16-026,2020-04-02T09:35:00Z,NA,0,a
Tongue Reef (16-026),16-026,2020-04-02T09:34:00Z,NA,0,a
Tongue Reef (16-026),16-026,2020-04-02T09:32:00Z,NA,0,a
Tongue Reef (16-026),16-026,2020-04-02T09:31:00Z,NA,0,a
Tongue Reef (16-026),16-026,2020-04-02T09:29:00Z,NA,0,a
Tongue Reef (16-026),16-026,2020-04-02T09:26:00Z,NA,0,a
Tongue Reef (16-026),16-026,2020-04-02T09:22:00Z,NA,0,a
Tongue Reef (16-026),16-026,2020-04-02T09:19:00Z,NA,0,a
Tongue Reef (16-026),16-026,2020-04-02T09:18:00Z,NA,0,a
Tongue Reef (16-026),16-026,2020-04-02T09:17:00Z,NA,0,a
Tongue Reef (16-026),16-026,2020-04-02T09:15:00Z,NA,0,a
Tongue Reef (16-026),16-026,2020-04-02T09:15:00Z,NA,0,a
Tongue Reef (16-026),16-026,2020-04-02T09:13:00Z,NA,0,a
Tongue Reef (16-026),16-026,2020-04-02T09:13:00Z,NA,0,a
Tongue Reef (16-026),16-026,2020-04-02T09:11:00Z,NA,0,a
Tongue Reef (16-026),16-026,2020-04-02T09:11:00Z,NA,0,a
Tongue Reef (16-026),16-026,2020-04-02T09:09:00Z,NA,0,a
Tongue Reef (16-026),16-026,2020-04-02T09:07:00Z,NA,0,a
Tongue Reef (16-026),16-026,2020-04-02T09:07:00Z,NA,0,a
Tongue Reef (16-026),16-026,2020-04-02T09:05:00Z,NA,0,a
Tongue Reef (16-026),16-026,2020-04-02T09:03:00Z,NA,0,a
Tongue Reef (16-026),16-026,2020-04-02T09:01:00Z,NA,0,a
Tongue Reef (16-026),16-026,2020-04-02T08:59:00Z,NA,0,a
Tongue Reef (16-026),16-026,2020-04-02T08:55:00Z,NA,0,a
Tongue Reef (16-026),16-026,2020-04-02T08:52:00Z,NA,0,a
Tongue Reef (16-026),16-026,2020-04-02T08:50:00Z,NA,0,a
Tongue Reef (16-026),16-026,2020-04-02T08:47:00Z,NA,0,a
Tongue Reef (16-026),16-026,2020-04-02T08:43:00Z,NA,0,a
Tongue Reef (16-026),16-026,2020-04-02T08:40:00Z,NA,0,a
Tongue Reef (16-026),16-026,2020-04-02T08:38:00Z,NA,0,a
Tongue Reef (16-026),16-026,2020-04-02T08:36:00Z,NA,0,a
Tongue Reef (16-026),16-026,2020-04-02T08:34:00Z,NA,0,a
Tongue Reef (16-026),16-026,2020-04-02T08:32:00Z,NA,0,a
Tongue Reef (16-026),16-026,2020-04-02T08:29:00Z,NA,0,a
Tongue Reef (16-026),16-026,2020-04-02T08:27:00Z,NA,0,a
Tongue Reef (16-026),16-026,2020-04-02T08:25:00Z,NA,0,a
Tongue Reef (16-026),16-026,2020-04-02T08:23:00Z,NA,0,a
Tongue Reef (16-026),16-026,2020-04-02T08:21:00Z,NA,0,a
Tongue Reef (16-026),16-026,2020-04-02T08:18:00Z,NA,0,a
Tongue Reef (16-026),16-026,2020-04-01T10:36:00Z,NA,0,a
Tongue Reef (16-026),16-026,2020-04-01T10:36:00Z,NA,0,a
Tongue Reef (16-026),16-026,2020-04-01T10:34:00Z,NA,0,a
Tongue Reef (16-026),16-026,2020-04-01T10:34:00Z,NA,0,a
Tongue Reef (16-026),16-026,2020-04-01T10:32:00Z,NA,0,a
Tongue Reef (16-026),16-026,2020-04-01T10:31:00Z,NA,0,a
Tongue Reef (16-026),16-026,2020-04-01T10:30:00Z,NA,0,a
Tongue Reef (16-026),16-026,2020-04-01T10:29:00Z,NA,0,a
Tongue Reef (16-026),16-026,2020-04-01T10:28:00Z,NA,0,a
Tongue Reef (16-026),16-026,2020-04-01T10:27:00Z,NA,0,a
Tongue Reef (16-026),16-026,2020-04-01T10:26:00Z,NA,0,a
Tongue Reef (16-026),16-026,2020-04-01T10:25:00Z,NA,0,a
Tongue Reef (16-026),16-026,2020-04-01T10:24:00Z,NA,0,a
Tongue Reef (16-026),16-026,2020-04-01T10:23:00Z,NA,0,a
Tongue Reef (16-026),16-026,2020-04-01T10:22:00Z,NA,0,a
Tongue Reef (16-026),16-026,2020-04-01T10:20:00Z,NA,0,a
Tongue Reef (16-026),16-026,2020-04-01T10:20:00Z,NA,0,a
Tongue Reef (16-026),16-026,2020-04-01T10:18:00Z,NA,0,a
Tongue Reef (16-026),16-026,2020-04-01T10:17:00Z,NA,0,a
Tongue Reef (16-026),16-026,2020-04-01T10:16:00Z,NA,0,a
Tongue Reef (16-026),16-026,2020-04-01T10:15:00Z,NA,0,a
Tongue Reef (16-026),16-026,2020-04-01T10:14:00Z,NA,0,a
Tongue Reef (16-026),16-026,2020-04-01T10:13:00Z,NA,0,a
Tongue Reef (16-026),16-026,2020-04-01T10:11:00Z,NA,0,a
Tongue Reef (16-026),16-026,2020-04-01T10:11:00Z,NA,0,a
Tongue Reef (16-026),16-026,2020-04-01T10:09:00Z,NA,0,a
Tongue Reef (16-026),16-026,2020-04-01T10:09:00Z,NA,0,a
Tongue Reef (16-026),16-026,2020-04-01T10:07:00Z,NA,0,a
Tongue Reef (16-026),16-026,2020-04-01T10:05:00Z,NA,0,a
Tongue Reef (16-026),16-026,2020-04-01T10:03:00Z,NA,0,a
Tongue Reef (16-026),16-026,2020-04-01T10:00:00Z,NA,0,a
Tongue Reef (16-026),16-026,2020-04-01T09:58:00Z,NA,0,a
Tongue Reef (16-026),16-026,2020-04-01T09:57:00Z,NA,0,a
Tongue Reef (16-026),16-026,2020-04-01T09:56:00Z,NA,0,a
Tongue Reef (16-026),16-026,2020-04-01T09:55:00Z,NA,0,a
Tongue Reef (16-026),16-026,2020-04-01T09:54:00Z,NA,0,a
Tongue Reef (16-026),16-026,2020-04-01T09:53:00Z,NA,0,a
Tongue Reef (16-026),16-026,2020-04-01T09:50:00Z,NA,0,a
Tongue Reef (16-026),16-026,2020-04-01T09:50:00Z,NA,0,a
Tongue Reef (16-026),16-026,2020-04-01T09:48:00Z,NA,0,a
Tongue Reef (16-026),16-026,2020-04-01T09:46:00Z,NA,0,a
Tongue Reef (16-026),16-026,2020-04-01T09:46:00Z,NA,0,a
Tongue Reef (16-026),16-026,2020-04-01T09:44:00Z,NA,0,a
Tongue Reef (16-026),16-026,2020-04-01T09:44:00Z,NA,0,a
Tongue Reef (16-026),16-026,2020-04-01T09:42:00Z,NA,0,a
Tongue Reef (16-026),16-026,2020-04-01T09:41:00Z,NA,0,a
Tongue Reef (16-026),16-026,2020-04-01T09:39:00Z,NA,0,a
Tongue Reef (16-026),16-026,2020-04-01T09:39:00Z,NA,0,a
Tongue Reef (16-026),16-026,2020-04-01T09:37:00Z,NA,0,a
Tongue Reef (16-026),16-026,2020-04-01T09:37:00Z,NA,0,a
Tongue Reef (16-026),16-026,2020-04-01T09:35:00Z,NA,0,a
Tongue Reef (16-026),16-026,2020-04-01T09:35:00Z,NA,0,a
Tongue Reef (16-026),16-026,2020-04-01T09:33:00Z,NA,0,a
Tongue Reef (16-026),16-026,2020-04-01T09:32:00Z,NA,0,a
Tongue Reef (16-026),16-026,2020-04-01T09:30:00Z,NA,0,a
Tongue Reef (16-026),16-026,2020-04-01T09:30:00Z,NA,0,a
Tongue Reef (16-026),16-026,2020-04-01T09:28:00Z,NA,0,a
Tongue Reef (16-026),16-026,2020-04-01T09:26:00Z,NA,0,a
Tongue Reef (16-026),16-026,2020-04-01T09:26:00Z,NA,0,a
Tongue Reef (16-026),16-026,2020-04-01T09:24:00Z,NA,0,a
Tongue Reef (16-026),16-026,2020-04-01T09:23:00Z,NA,0,a
Tongue Reef (16-026),16-026,2020-04-01T09:22:00Z,NA,0,a
Tongue Reef (16-026),16-026,2020-04-01T09:21:00Z,NA,0,a
Tongue Reef (16-026),16-026,2020-04-01T09:19:00Z,NA,0,a
Tongue Reef (16-026),16-026,2020-04-01T09:19:00Z,NA,0,a
Tongue Reef (16-026),16-026,2020-04-01T09:17:00Z,NA,0,a
Tongue Reef (16-026),16-026,2020-04-01T09:17:00Z,NA,0,a
Tongue Reef (16-026),16-026,2020-04-01T09:15:00Z,NA,0,a
Tongue Reef (16-026),16-026,2020-04-01T09:15:00Z,NA,0,a
Tongue Reef (16-026),16-026,2020-04-01T09:13:00Z,NA,0,a
Tongue Reef (16-026),16-026,2020-04-01T09:12:00Z,NA,0,a
Tongue Reef (16-026),16-026,2020-04-01T09:11:00Z,NA,0,a
Tongue Reef (16-026),16-026,2020-04-01T09:10:00Z,NA,0,a
Tongue Reef (16-026),16-026,2020-04-01T09:08:00Z,NA,0,a
Tongue Reef (16-026),16-026,2020-04-01T09:08:00Z,NA,0,a
Tongue Reef (16-026),16-026,2020-04-01T09:06:00Z,NA,0,a
Tongue Reef (16-026),16-026,2020-04-01T09:06:00Z,NA,0,a
Tongue Reef (16-026),16-026,2020-04-01T09:03:00Z,NA,0,a
Tongue Reef (16-026),16-026,2020-04-01T09:03:00Z,NA,0,a
Tongue Reef (16-026),16-026,2020-04-01T09:01:00Z,NA,0,a
Tongue Reef (16-026),16-026,2020-04-01T09:00:00Z,NA,0,a
Tongue Reef (16-026),16-026,2020-04-01T08:59:00Z,NA,0,a
Tongue Reef (16-026),16-026,2020-04-01T08:58:00Z,NA,0,a
Tongue Reef (16-026),16-026,2020-04-01T08:57:00Z,NA,0,a
Tongue Reef (16-026),16-026,2020-04-01T08:56:00Z,NA,0,a
Tongue Reef (16-026),16-026,2020-04-01T08:55:00Z,NA,0,a
Tongue Reef (16-026),16-026,2020-04-01T08:54:00Z,NA,0,a
Tongue Reef (16-026),16-026,2020-04-01T08:52:00Z,NA,0,a
Tongue Reef (16-026),16-026,2020-04-01T08:51:00Z,NA,0,a
Tongue Reef (16-026),16-026,2020-04-01T08:50:00Z,NA,0,a
Tongue Reef (16-026),16-026,2020-04-01T08:49:00Z,NA,0,a
Tongue Reef (16-026),16-026,2020-04-01T08:48:00Z,NA,0,a
Tongue Reef (16-026),16-026,2020-04-01T08:47:00Z,NA,0,a
Tongue Reef (16-026),16-026,2020-04-01T08:46:00Z,NA,0,a
Tongue Reef (16-026),16-026,2020-04-01T08:44:00Z,NA,0,a
Tongue Reef (16-026),16-026,2020-04-01T08:44:00Z,NA,0,a
Tongue Reef (16-026),16-026,2020-04-01T08:42:00Z,NA,0,a
Tongue Reef (16-026),16-026,2020-04-01T08:41:00Z,NA,0,a
Tongue Reef (16-026),16-026,2020-04-01T08:40:00Z,NA,0,a
Tongue Reef (16-026),16-026,2020-04-01T08:39:00Z,NA,0,a
Tongue Reef (16-026),16-026,2020-04-01T08:38:00Z,NA,0,a
Tongue Reef (16-026),16-026,2020-04-01T08:37:00Z,NA,0,a
Tongue Reef (16-026),16-026,2020-04-01T08:35:00Z,NA,0,a
Tongue Reef (16-026),16-026,2020-04-01T08:35:00Z,NA,0,a
Tongue Reef (16-026),16-026,2020-04-01T08:33:00Z,NA,0,a
Tongue Reef (16-026),16-026,2020-04-01T08:33:00Z,NA,0,a
Tongue Reef (16-026),16-026,2020-04-01T08:31:00Z,NA,0,a
Tongue Reef (16-026),16-026,2020-04-01T08:30:00Z,NA,0,a
Tongue Reef (16-026),16-026,2020-04-01T08:29:00Z,NA,0,a
Tongue Reef (16-026),16-026,2020-04-01T08:28:00Z,NA,0,a
Tongue Reef (16-026),16-026,2020-04-01T08:26:00Z,NA,0,a
Tongue Reef (16-026),16-026,2020-04-01T08:26:00Z,NA,0,a
Tongue Reef (16-026),16-026,2020-04-01T08:24:00Z,NA,0,a
Tongue Reef (16-026),16-026,2020-04-01T08:24:00Z,NA,0,a
Tongue Reef (16-026),16-026,2020-04-01T08:22:00Z,NA,0,a
Tongue Reef (16-026),16-026,2020-04-01T08:21:00Z,NA,0,a
Tongue Reef (16-026),16-026,2020-04-01T08:19:00Z,NA,0,a
Tongue Reef (16-026),16-026,2020-04-01T08:17:00Z,NA,0,a
Lizard Island Reef (North West) (14-116a),14-116a,2020-03-05T12:45:00Z,NA,0,a
Lizard Island Reef (North West) (14-116a),14-116a,2020-03-05T12:43:00Z,NA,0,a
Lizard Island Reef (North West) (14-116a),14-116a,2020-03-05T12:40:00Z,NA,0,a
Lizard Island Reef (North West) (14-116a),14-116a,2020-03-05T12:38:00Z,NA,0,a
Lizard Island Reef (North West) (14-116a),14-116a,2020-03-05T12:36:00Z,NA,0,p
Lizard Island Reef (North West) (14-116a),14-116a,2020-03-05T12:24:00Z,NA,0,a
Lizard Island Reef (North West) (14-116a),14-116a,2020-03-05T12:22:00Z,NA,0,a
Lizard Island Reef (North West) (14-116a),14-116a,2020-03-05T12:20:00Z,NA,0,a
Lizard Island Reef (North West) (14-116a),14-116a,2020-03-05T12:17:00Z,NA,0,a
Lizard Island Reef (North West) (14-116a),14-116a,2020-03-05T12:15:00Z,NA,0,a
Lizard Island Reef (North West) (14-116a),14-116a,2020-03-05T08:45:00Z,NA,0,a
Lizard Island Reef (North West) (14-116a),14-116a,2020-03-05T08:43:00Z,NA,0,a
Lizard Island Reef (North West) (14-116a),14-116a,2020-03-05T08:41:00Z,NA,0,a
Lizard Island Reef (North West) (14-116a),14-116a,2020-03-05T08:38:00Z,NA,0,p
Lizard Island Reef (North West) (14-116a),14-116a,2020-03-05T08:36:00Z,NA,0,a
Lizard Island Reef (North West) (14-116a),14-116a,2020-03-05T08:34:00Z,NA,0,a
Lizard Island Reef (North West) (14-116a),14-116a,2020-03-05T08:32:00Z,NA,0,p
Lizard Island Reef (North West) (14-116a),14-116a,2020-03-05T08:29:00Z,NA,0,a
Batt Reef (16-029),16-029,2020-02-22T11:20:00Z,NA,0,a
Batt Reef (16-029),16-029,2020-02-22T11:18:00Z,NA,0,a
Batt Reef (16-029),16-029,2020-02-22T11:16:00Z,NA,0,a
Batt Reef (16-029),16-029,2020-02-22T11:14:00Z,NA,0,a
Batt Reef (16-029),16-029,2020-02-22T11:11:00Z,NA,0,a
Batt Reef (16-029),16-029,2020-02-22T11:09:00Z,NA,0,a
Batt Reef (16-029),16-029,2020-02-22T11:07:00Z,NA,0,a
Batt Reef (16-029),16-029,2020-02-22T11:05:00Z,NA,0,a
Batt Reef (16-029),16-029,2020-02-22T11:02:00Z,NA,0,a
Batt Reef (16-029),16-029,2020-02-22T11:00:00Z,NA,0,a
Batt Reef (16-029),16-029,2020-02-22T10:58:00Z,NA,0,a
Batt Reef (16-029),16-029,2020-02-22T10:56:00Z,NA,0,a
Batt Reef (16-029),16-029,2020-02-22T10:54:00Z,NA,0,a
Batt Reef (16-029),16-029,2020-02-22T10:51:00Z,NA,0,a
Batt Reef (16-029),16-029,2020-02-22T10:49:00Z,NA,0,a
Batt Reef (16-029),16-029,2020-02-22T10:47:00Z,NA,0,a
Batt Reef (16-029),16-029,2020-02-22T10:45:00Z,NA,0,a
Batt Reef (16-029),16-029,2020-02-22T10:42:00Z,NA,0,a
Batt Reef (16-029),16-029,2020-02-22T10:40:00Z,NA,0,a
Batt Reef (16-029),16-029,2020-02-22T10:38:00Z,NA,0,a
Batt Reef (16-029),16-029,2020-02-22T10:36:00Z,NA,0,a
Batt Reef (16-029),16-029,2020-02-22T10:34:00Z,NA,0,a
Batt Reef (16-029),16-029,2020-02-22T10:31:00Z,NA,0,a
Batt Reef (16-029),16-029,2020-02-22T10:29:00Z,NA,0,a
Batt Reef (16-029),16-029,2020-02-22T10:27:00Z,NA,0,a
Batt Reef (16-029),16-029,2020-02-22T10:09:00Z,NA,0,a
Batt Reef (16-029),16-029,2020-02-22T10:07:00Z,NA,0,a
Batt Reef (16-029),16-029,2020-02-22T10:05:00Z,NA,0,a
Batt Reef (16-029),16-029,2020-02-22T10:03:00Z,NA,0,a
Batt Reef (16-029),16-029,2020-02-22T10:01:00Z,NA,0,a
Batt Reef (16-029),16-029,2020-02-22T09:58:00Z,NA,0,a
Batt Reef (16-029),16-029,2020-02-22T09:56:00Z,NA,0,a
Batt Reef (16-029),16-029,2020-02-22T09:54:00Z,NA,0,a
Batt Reef (16-029),16-029,2020-02-22T09:52:00Z,NA,0,a
Batt Reef (16-029),16-029,2020-02-22T09:49:00Z,NA,0,a
Batt Reef (16-029),16-029,2020-02-22T09:47:00Z,NA,0,a
Batt Reef (16-029),16-029,2020-02-22T09:45:00Z,NA,0,a
Batt Reef (16-029),16-029,2020-02-22T09:43:00Z,NA,0,a
Batt Reef (16-029),16-029,2020-02-22T09:41:00Z,NA,0,a
Batt Reef (16-029),16-029,2020-02-22T09:38:00Z,NA,0,a
Batt Reef (16-029),16-029,2020-02-22T09:36:00Z,NA,0,a
Batt Reef (16-029),16-029,2020-02-22T09:34:00Z,NA,0,a
Batt Reef (16-029),16-029,2020-02-22T09:32:00Z,NA,0,a
Batt Reef (16-029),16-029,2020-02-22T09:29:00Z,NA,0,a
Batt Reef (16-029),16-029,2020-02-22T09:27:00Z,NA,0,a
Batt Reef (16-029),16-029,2020-02-22T09:24:00Z,NA,0,a
Batt Reef (16-029),16-029,2020-02-22T09:22:00Z,NA,0,a
Batt Reef (16-029),16-029,2020-02-22T09:19:00Z,NA,0,a
Batt Reef (16-029),16-029,2020-02-22T09:17:00Z,NA,0,a
Batt Reef (16-029),16-029,2020-02-22T09:15:00Z,NA,0,a
Batt Reef (16-029),16-029,2020-02-22T09:13:00Z,NA,0,a
Batt Reef (16-029),16-029,2020-02-22T09:11:00Z,NA,0,a
Batt Reef (16-029),16-029,2020-02-22T09:00:00Z,NA,0,a
Batt Reef (16-029),16-029,2020-02-22T08:58:00Z,NA,0,a
Batt Reef (16-029),16-029,2020-02-22T08:55:00Z,NA,0,a
Batt Reef (16-029),16-029,2020-02-22T08:53:00Z,NA,0,a
Batt Reef (16-029),16-029,2020-02-22T08:51:00Z,NA,0,a
Batt Reef (16-029),16-029,2020-02-22T08:49:00Z,NA,0,a
Batt Reef (16-029),16-029,2020-02-22T08:46:00Z,NA,0,a
Batt Reef (16-029),16-029,2020-02-22T08:44:00Z,NA,0,a
Batt Reef (16-029),16-029,2020-02-22T08:41:00Z,NA,0,a
Batt Reef (16-029),16-029,2020-02-22T08:39:00Z,NA,0,a
Batt Reef (16-029),16-029,2020-02-22T08:35:00Z,NA,0,a
Batt Reef (16-029),16-029,2020-02-22T08:33:00Z,NA,0,a
Batt Reef (16-029),16-029,2020-02-22T08:31:00Z,NA,0,a
Batt Reef (16-029),16-029,2020-02-21T12:14:00Z,NA,0,a
Batt Reef (16-029),16-029,2020-02-21T12:12:00Z,NA,0,a
Batt Reef (16-029),16-029,2020-02-21T12:10:00Z,NA,0,a
Batt Reef (16-029),16-029,2020-02-21T12:07:00Z,NA,0,a
Batt Reef (16-029),16-029,2020-02-21T12:05:00Z,NA,0,a
Batt Reef (16-029),16-029,2020-02-21T12:02:00Z,NA,0,a
Batt Reef (16-029),16-029,2020-02-21T12:00:00Z,NA,0,a
Batt Reef (16-029),16-029,2020-02-21T11:58:00Z,NA,0,a
Batt Reef (16-029),16-029,2020-02-21T11:55:00Z,NA,0,a
Batt Reef (16-029),16-029,2020-02-21T11:53:00Z,NA,0,a
Batt Reef (16-029),16-029,2020-02-21T11:51:00Z,NA,0,a
Batt Reef (16-029),16-029,2020-02-21T11:48:00Z,NA,0,a
Batt Reef (16-029),16-029,2020-02-21T11:46:00Z,NA,0,a
Batt Reef (16-029),16-029,2020-02-21T11:44:00Z,NA,0,a
Batt Reef (16-029),16-029,2020-02-21T11:41:00Z,NA,0,a
Batt Reef (16-029),16-029,2020-02-21T11:39:00Z,NA,0,a
Batt Reef (16-029),16-029,2020-02-21T11:37:00Z,NA,0,a
Batt Reef (16-029),16-029,2020-02-21T11:35:00Z,NA,0,a
Batt Reef (16-029),16-029,2020-02-21T11:32:00Z,NA,0,a
Batt Reef (16-029),16-029,2020-02-21T11:30:00Z,NA,0,a
Batt Reef (16-029),16-029,2020-02-21T11:28:00Z,NA,0,a
Batt Reef (16-029),16-029,2020-02-21T11:25:00Z,NA,0,a
Batt Reef (16-029),16-029,2020-02-21T11:23:00Z,NA,0,a
Batt Reef (16-029),16-029,2020-02-21T11:20:00Z,NA,0,a
Batt Reef (16-029),16-029,2020-02-21T11:18:00Z,NA,0,a
Batt Reef (16-029),16-029,2020-02-21T11:16:00Z,NA,0,a
Batt Reef (16-029),16-029,2020-02-21T11:13:00Z,NA,0,a
Batt Reef (16-029),16-029,2020-02-21T11:11:00Z,NA,0,a
Batt Reef (16-029),16-029,2020-02-21T11:09:00Z,NA,0,a
Batt Reef (16-029),16-029,2020-02-21T11:06:00Z,NA,0,a
Batt Reef (16-029),16-029,2020-02-21T11:04:00Z,NA,0,a
Batt Reef (16-029),16-029,2020-02-21T11:02:00Z,NA,0,a
Batt Reef (16-029),16-029,2020-02-21T11:00:00Z,NA,0,a
Batt Reef (16-029),16-029,2020-02-21T10:57:00Z,NA,0,a
Batt Reef (16-029),16-029,2020-02-21T10:55:00Z,NA,0,a
Batt Reef (16-029),16-029,2020-02-21T10:53:00Z,NA,0,a
Batt Reef (16-029),16-029,2020-02-21T10:51:00Z,NA,0,a
Batt Reef (16-029),16-029,2020-02-21T10:48:00Z,NA,0,a
Batt Reef (16-029),16-029,2020-02-21T10:46:00Z,NA,0,a
Batt Reef (16-029),16-029,2020-02-21T10:44:00Z,NA,0,a
Batt Reef (16-029),16-029,2020-02-21T09:24:00Z,NA,0,a
Batt Reef (16-029),16-029,2020-02-21T09:22:00Z,NA,0,a
Batt Reef (16-029),16-029,2020-02-21T09:19:00Z,NA,0,a
Batt Reef (16-029),16-029,2020-02-21T09:17:00Z,NA,0,a
Batt Reef (16-029),16-029,2020-02-21T09:15:00Z,NA,0,a
Batt Reef (16-029),16-029,2020-02-21T09:13:00Z,NA,0,a
Batt Reef (16-029),16-029,2020-02-21T09:10:00Z,NA,0,a
Batt Reef (16-029),16-029,2020-02-21T09:08:00Z,NA,0,a
Batt Reef (16-029),16-029,2020-02-21T09:06:00Z,NA,0,a
Batt Reef (16-029),16-029,2020-02-21T09:04:00Z,NA,0,a
Batt Reef (16-029),16-029,2020-02-21T09:02:00Z,NA,0,a
Batt Reef (16-029),16-029,2020-02-21T09:00:00Z,NA,0,a
Batt Reef (16-029),16-029,2020-02-21T08:57:00Z,NA,0,a
Batt Reef (16-029),16-029,2020-02-21T08:55:00Z,NA,0,a
Batt Reef (16-029),16-029,2020-02-21T08:53:00Z,NA,0,a
Batt Reef (16-029),16-029,2020-02-21T08:51:00Z,NA,0,a
Batt Reef (16-029),16-029,2020-02-21T08:48:00Z,NA,0,a
Batt Reef (16-029),16-029,2020-02-21T08:46:00Z,NA,0,a
Batt Reef (16-029),16-029,2020-02-21T08:44:00Z,NA,0,a
Batt Reef (16-029),16-029,2020-02-21T08:42:00Z,NA,0,a
Batt Reef (16-029),16-029,2020-02-21T08:39:00Z,NA,0,a
Batt Reef (16-029),16-029,2020-02-21T08:37:00Z,NA,0,a
Batt Reef (16-029),16-029,2020-02-21T08:34:00Z,NA,0,a
Batt Reef (16-029),16-029,2020-02-21T08:32:00Z,NA,0,a
Batt Reef (16-029),16-029,2020-02-21T08:30:00Z,NA,0,a
Batt Reef (16-029),16-029,2020-02-21T08:28:00Z,NA,0,a
Batt Reef (16-029),16-029,2020-02-21T08:25:00Z,NA,0,a
Batt Reef (16-029),16-029,2020-02-21T08:23:00Z,NA,0,a
Batt Reef (16-029),16-029,2020-02-21T08:20:00Z,NA,0,a
Batt Reef (16-029),16-029,2020-02-21T08:18:00Z,NA,0,a
Batt Reef (16-029),16-029,2020-02-21T08:16:00Z,NA,0,a
Batt Reef (16-029),16-029,2020-02-21T08:14:00Z,NA,0,a
Batt Reef (16-029),16-029,2020-02-21T08:12:00Z,NA,0,a
Batt Reef (16-029),16-029,2020-02-21T08:09:00Z,NA,0,a
Batt Reef (16-029),16-029,2020-02-21T08:07:00Z,NA,0,a
Batt Reef (16-029),16-029,2020-02-21T08:05:00Z,NA,0,a
Batt Reef (16-029),16-029,2020-02-21T08:03:00Z,NA,0,a
Batt Reef (16-029),16-029,2020-02-21T08:01:00Z,NA,0,a
Batt Reef (16-029),16-029,2020-02-21T07:59:00Z,NA,0,a
Batt Reef (16-029),16-029,2020-02-21T07:56:00Z,NA,0,a
Batt Reef (16-029),16-029,2020-02-20T11:23:00Z,NA,0,a
Batt Reef (16-029),16-029,2020-02-20T11:21:00Z,NA,0,a
Batt Reef (16-029),16-029,2020-02-20T11:19:00Z,NA,0,p
Batt Reef (16-029),16-029,2020-02-20T11:16:00Z,NA,0,a
Batt Reef (16-029),16-029,2020-02-20T11:14:00Z,NA,0,a
Batt Reef (16-029),16-029,2020-02-20T11:12:00Z,NA,0,a
Batt Reef (16-029),16-029,2020-02-20T11:10:00Z,NA,0,a
Batt Reef (16-029),16-029,2020-02-20T11:08:00Z,NA,0,a
Batt Reef (16-029),16-029,2020-02-20T11:05:00Z,NA,0,a
Batt Reef (16-029),16-029,2020-02-20T11:03:00Z,NA,0,a
Batt Reef (16-029),16-029,2020-02-20T11:01:00Z,NA,0,a
Batt Reef (16-029),16-029,2020-02-20T10:59:00Z,NA,0,a
Batt Reef (16-029),16-029,2020-02-20T10:57:00Z,NA,0,a
Batt Reef (16-029),16-029,2020-02-20T10:54:00Z,NA,0,a
Batt Reef (16-029),16-029,2020-02-20T10:52:00Z,NA,0,a
Batt Reef (16-029),16-029,2020-02-20T10:50:00Z,NA,0,p
Batt Reef (16-029),16-029,2020-02-20T10:47:00Z,NA,0,a
Batt Reef (16-029),16-029,2020-02-20T10:45:00Z,NA,0,a
Batt Reef (16-029),16-029,2020-02-20T10:43:00Z,NA,0,a
Batt Reef (16-029),16-029,2020-02-20T10:41:00Z,NA,0,a
Batt Reef (16-029),16-029,2020-02-20T10:37:00Z,NA,0,a
Batt Reef (16-029),16-029,2020-02-20T10:35:00Z,NA,0,a
Batt Reef (16-029),16-029,2020-02-20T10:33:00Z,NA,0,a
Batt Reef (16-029),16-029,2020-02-20T10:31:00Z,NA,0,a
Batt Reef (16-029),16-029,2020-02-20T10:28:00Z,NA,0,a
Batt Reef (16-029),16-029,2020-02-20T10:26:00Z,NA,0,a
Batt Reef (16-029),16-029,2020-02-20T10:24:00Z,NA,0,a
Batt Reef (16-029),16-029,2020-02-20T10:22:00Z,NA,0,a
Batt Reef (16-029),16-029,2020-02-20T10:20:00Z,NA,0,a
Batt Reef (16-029),16-029,2020-02-20T10:18:00Z,NA,0,a
Batt Reef (16-029),16-029,2020-02-20T10:16:00Z,NA,0,a
Batt Reef (16-029),16-029,2020-02-20T10:13:00Z,NA,0,a
Batt Reef (16-029),16-029,2020-02-20T10:11:00Z,NA,0,a
Batt Reef (16-029),16-029,2020-02-20T10:09:00Z,NA,0,a
Batt Reef (16-029),16-029,2020-02-20T10:07:00Z,NA,0,a
Batt Reef (16-029),16-029,2020-02-20T10:05:00Z,NA,0,a
Batt Reef (16-029),16-029,2020-02-20T10:03:00Z,NA,0,a
Batt Reef (16-029),16-029,2020-02-20T10:00:00Z,NA,0,a
Batt Reef (16-029),16-029,2020-02-20T09:58:00Z,NA,0,a
Batt Reef (16-029),16-029,2020-02-20T09:56:00Z,NA,0,a
Batt Reef (16-029),16-029,2020-02-20T09:28:00Z,NA,0,a
Batt Reef (16-029),16-029,2020-02-20T09:26:00Z,NA,0,a
Batt Reef (16-029),16-029,2020-02-20T09:24:00Z,NA,0,a
Batt Reef (16-029),16-029,2020-02-20T09:22:00Z,NA,0,a
Batt Reef (16-029),16-029,2020-02-20T09:20:00Z,NA,0,a
Batt Reef (16-029),16-029,2020-02-20T09:18:00Z,NA,0,a
Batt Reef (16-029),16-029,2020-02-20T09:16:00Z,NA,0,a
Batt Reef (16-029),16-029,2020-02-20T09:13:00Z,NA,0,a
Batt Reef (16-029),16-029,2020-02-20T09:11:00Z,NA,0,a
Batt Reef (16-029),16-029,2020-02-20T09:09:00Z,NA,0,a
Batt Reef (16-029),16-029,2020-02-20T09:07:00Z,NA,0,a
Batt Reef (16-029),16-029,2020-02-20T09:05:00Z,NA,0,a
Batt Reef (16-029),16-029,2020-02-20T09:02:00Z,NA,0,a
Batt Reef (16-029),16-029,2020-02-20T09:00:00Z,NA,0,a
Batt Reef (16-029),16-029,2020-02-20T08:58:00Z,NA,0,a
Batt Reef (16-029),16-029,2020-02-20T08:56:00Z,NA,0,a
Batt Reef (16-029),16-029,2020-02-20T08:54:00Z,NA,0,a
Batt Reef (16-029),16-029,2020-02-20T08:51:00Z,NA,0,a
Batt Reef (16-029),16-029,2020-02-20T08:49:00Z,NA,0,a
Batt Reef (16-029),16-029,2020-02-20T08:47:00Z,NA,0,a
Batt Reef (16-029),16-029,2020-02-20T08:42:00Z,NA,0,a
Batt Reef (16-029),16-029,2020-02-20T08:39:00Z,NA,0,a
Batt Reef (16-029),16-029,2020-02-20T08:37:00Z,NA,0,a
Batt Reef (16-029),16-029,2020-02-20T08:35:00Z,NA,0,a
Batt Reef (16-029),16-029,2020-02-20T08:33:00Z,NA,0,a
Batt Reef (16-029),16-029,2020-02-20T08:30:00Z,NA,0,a
Batt Reef (16-029),16-029,2020-02-20T08:28:00Z,NA,0,a
Batt Reef (16-029),16-029,2020-02-20T08:26:00Z,NA,0,a
Batt Reef (16-029),16-029,2020-02-20T08:24:00Z,NA,0,p
Batt Reef (16-029),16-029,2020-02-20T08:22:00Z,NA,0,a
Batt Reef (16-029),16-029,2020-02-20T08:20:00Z,NA,0,a
Batt Reef (16-029),16-029,2020-02-20T08:17:00Z,NA,0,a
Batt Reef (16-029),16-029,2020-02-20T08:15:00Z,NA,0,a
Batt Reef (16-029),16-029,2020-02-20T08:13:00Z,NA,0,a
Batt Reef (16-029),16-029,2020-02-20T08:11:00Z,NA,0,a
Batt Reef (16-029),16-029,2020-02-20T08:08:00Z,NA,0,a
Batt Reef (16-029),16-029,2020-02-20T08:06:00Z,NA,0,a
Batt Reef (16-029),16-029,2020-02-20T08:04:00Z,NA,0,a
Batt Reef (16-029),16-029,2020-02-20T08:02:00Z,NA,0,a
Batt Reef (16-029),16-029,2020-02-20T07:59:00Z,NA,0,a
Batt Reef (16-029),16-029,2023-07-20T00:00:00Z,NA,0,a
Batt Reef (16-029),16-029,2023-07-20T00:00:00Z,NA,0,a
