"scenario_id","Reef","site_name","distance_scenario_m","edna_prop_positive","edna_conc_mean","cpue_mean","cpue_q025","cpue_q10","cpue_q50","cpue_q90","cpue_q975","prob_cpue_gt_002","prob_cpue_gt_004"
"(Big) Broadhurst Reef (No 1) (18-100a)__BBHeDNA_1__0","(Big) Broadhurst Reef (No 1) (18-100a)","BBHeDNA_1",0,0.833333333333333,17.25,0.0114009146412002,0.00231849737121244,0.00372358725331622,0.00897136661352385,0.0216486481788764,0.0349478402845365,0.121764163150804,0.0147962325837851
"(Big) Broadhurst Reef (No 1) (18-100a)__BBHeDNA_1__200","(Big) Broadhurst Reef (No 1) (18-100a)","BBHeDNA_1",200,0.833333333333333,17.25,0.00842623570516659,0.00174994414623618,0.00279862112624786,0.00667294033319953,0.0159218146377568,0.0255355498554768,0.0528586649514324,0.00414984459850576
"(Big) Broadhurst Reef (No 1) (18-100a)__BBHeDNA_1__500","(Big) Broadhurst Reef (No 1) (18-100a)","BBHeDNA_1",500,0.833333333333333,17.25,0.00662088729335202,0.00138271342845978,0.00221002338435182,0.00525474758972696,0.0124934253167204,0.0199850359662227,0.0239764475440392,0.00133480739602876
"(Big) Broadhurst Reef (No 1) (18-100a)__BBHeDNA_1__1000","(Big) Broadhurst Reef (No 1) (18-100a)","BBHeDNA_1",1000,0.833333333333333,17.25,0.00526197327008255,0.00109421520553524,0.00175208943007444,0.0041746173979459,0.00993853801344974,0.0158948079728682,0.0103262639700754,0.000422073569970658
"(Big) Broadhurst Reef (No 1) (18-100a)__BBHeDNA_1__2000","(Big) Broadhurst Reef (No 1) (18-100a)","BBHeDNA_1",2000,0.833333333333333,17.25,0.00407597894249213,0.000834076638873733,0.00134196762875606,0.00322281893082476,0.00772680163772373,0.0123880998945377,0.00374733734618819,0.000112610083074732
"(Big) Broadhurst Reef (No 1) (18-100a)__BBHeDNA_2__0","(Big) Broadhurst Reef (No 1) (18-100a)","BBHeDNA_2",0,0.166666666666667,2.5,0.0099646424908919,0.0019930653748404,0.00319524377782359,0.00775766893471658,0.0189744727534867,0.0311191087960407,0.0873451531083695,0.00927186255138356
"(Big) Broadhurst Reef (No 1) (18-100a)__BBHeDNA_2__200","(Big) Broadhurst Reef (No 1) (18-100a)","BBHeDNA_2",200,0.166666666666667,2.5,0.00735175833704575,0.00151211769892901,0.0024092322229749,0.00576915660464824,0.0139104264628583,0.0226416624223995,0.0349668920190256,0.00235949520759696
"(Big) Broadhurst Reef (No 1) (18-100a)__BBHeDNA_2__500","(Big) Broadhurst Reef (No 1) (18-100a)","BBHeDNA_2",500,0.166666666666667,2.5,0.0057684231382468,0.00119983636202849,0.00190764261438284,0.00454257028823411,0.0108858982031142,0.0176546740171557,0.0147503421096939,0.000694730643830675
"(Big) Broadhurst Reef (No 1) (18-100a)__BBHeDNA_2__1000","(Big) Broadhurst Reef (No 1) (18-100a)","BBHeDNA_2",1000,0.166666666666667,2.5,0.00457821660371575,0.000953311682390744,0.00151633358847396,0.00360861502989695,0.00863708250394808,0.0139887373332324,0.0058913614194331,0.000200245684200754
"(Big) Broadhurst Reef (No 1) (18-100a)__BBHeDNA_2__2000","(Big) Broadhurst Reef (No 1) (18-100a)","BBHeDNA_2",2000,0.166666666666667,2.5,0.00354090090820612,0.000729865243539898,0.00116481226502551,0.00278581993444498,0.006695281407321,0.0108548593656846,0.00195458485502448,4.78435443876592e-05
"(Big) Broadhurst Reef (No 1) (18-100a)__BBHeDNA_3__0","(Big) Broadhurst Reef (No 1) (18-100a)","BBHeDNA_3",0,0.333333333333333,2.75,0.0115138399262695,0.00222284444941236,0.00361456509976057,0.00890915213081587,0.0220582181263974,0.0363755388724264,0.126572493929856,0.016793596395562
"(Big) Broadhurst Reef (No 1) (18-100a)__BBHeDNA_3__200","(Big) Broadhurst Reef (No 1) (18-100a)","BBHeDNA_3",200,0.333333333333333,2.75,0.00849099307988423,0.00168742831800436,0.00272701144440998,0.00662567456236473,0.016161602772702,0.02644397696586,0.0560874118331268,0.00484209750339966
"(Big) Broadhurst Reef (No 1) (18-100a)__BBHeDNA_3__500","(Big) Broadhurst Reef (No 1) (18-100a)","BBHeDNA_3",500,0.333333333333333,2.75,0.00665997004953951,0.00133991207940148,0.00216048349491195,0.00521697262717056,0.0126404424474241,0.0206032528098359,0.0257514212343241,0.00157377242173325
"(Big) Broadhurst Reef (No 1) (18-100a)__BBHeDNA_3__1000","(Big) Broadhurst Reef (No 1) (18-100a)","BBHeDNA_3",1000,0.333333333333333,2.75,0.00528405320561472,0.00106558327169624,0.0017183639569587,0.00414426074241099,0.0100230144169738,0.0163111866114389,0.011137756762188,0.000495510991168246
"(Big) Broadhurst Reef (No 1) (18-100a)__BBHeDNA_3__2000","(Big) Broadhurst Reef (No 1) (18-100a)","BBHeDNA_3",2000,0.333333333333333,2.75,0.00408531030501336,0.000816861382958453,0.00132100952141715,0.00319917057510703,0.00776372873108449,0.0126437306931872,0.00401267726693149,0.000129027754785524
"(Big) Broadhurst Reef (No 1) (18-100a)__BBHeDNA_4__0","(Big) Broadhurst Reef (No 1) (18-100a)","BBHeDNA_4",0,0.666666666666667,8,0.0164314388925525,0.00279158485192068,0.00473992534292694,0.0123790433994501,0.0322409769705411,0.0542970676775523,0.260053701065068,0.0582262131640179
"(Big) Broadhurst Reef (No 1) (18-100a)__BBHeDNA_4__200","(Big) Broadhurst Reef (No 1) (18-100a)","BBHeDNA_4",200,0.666666666666667,8,0.0121105184823173,0.00211809421695423,0.00357644177372181,0.00920754448971419,0.0236196434539537,0.0394558780338987,0.145555160818307,0.0229216501453673
"(Big) Broadhurst Reef (No 1) (18-100a)__BBHeDNA_4__500","(Big) Broadhurst Reef (No 1) (18-100a)","BBHeDNA_4",500,0.666666666666667,8,0.00949459869139484,0.00168229147025834,0.00283458151614136,0.00725037662425181,0.0184661810681313,0.0307197325150242,0.0821611244642063,0.00967582224733012
"(Big) Broadhurst Reef (No 1) (18-100a)__BBHeDNA_4__1000","(Big) Broadhurst Reef (No 1) (18-100a)","BBHeDNA_4",1000,0.666666666666667,8,0.00752976578866494,0.00133895485592808,0.00225598880897251,0.00575964137179926,0.0146328472956717,0.0242963344947752,0.0436421152488004,0.00390563251733471
"(Big) Broadhurst Reef (No 1) (18-100a)__BBHeDNA_4__2000","(Big) Broadhurst Reef (No 1) (18-100a)","BBHeDNA_4",2000,0.666666666666667,8,0.00581873547647665,0.00102806134381476,0.00173611972953575,0.00444598909435414,0.0113226475787007,0.0188060470791186,0.0197372820079528,0.00132070740790884
"Banfield Reef (North) (18-105a)__BAN_CCIPD02_1__0","Banfield Reef (North) (18-105a)","BAN_CCIPD02_1",0,1,43.2092029583333,0.136169042344729,0.0831372652068288,0.0976813644985099,0.132391654256628,0.179432252722668,0.210813122711596,0.999999999999999,0.999999773073604
"Banfield Reef (North) (18-105a)__BAN_CCIPD02_1__200","Banfield Reef (North) (18-105a)","BAN_CCIPD02_1",200,1,43.2092029583333,0.100669134021239,0.0649152473501574,0.075004888821151,0.0984427166417713,0.129173249683109,0.149148140837951,0.999999999999971,0.999989108077609
"Banfield Reef (North) (18-105a)__BAN_CCIPD02_1__500","Banfield Reef (North) (18-105a)","BAN_CCIPD02_1",500,1,43.2092029583333,0.079119652187528,0.0518693165044533,0.0596197001608121,0.0774904996599766,0.100698039957984,0.115679235885392,0.999999999982376,0.999387997417453
"Banfield Reef (North) (18-105a)__BAN_CCIPD02_1__1000","Banfield Reef (North) (18-105a)","BAN_CCIPD02_1",1000,1,43.2092029583333,0.0628958674345611,0.0408138732374509,0.0470560789730687,0.0615347039514368,0.0804642834721696,0.0927577221987655,0.999999960496112,0.980192350903042
"Banfield Reef (North) (18-105a)__BAN_CCIPD02_1__2000","Banfield Reef (North) (18-105a)","BAN_CCIPD02_1",2000,1,43.2092029583333,0.0487334494928987,0.030370439537685,0.0354555662563599,0.0474822043774552,0.0635924195785504,0.0742531255374533,0.999925722512709,0.774109948048054
"Banfield Reef (North) (18-105a)__BAN_CCIPD02_2__0","Banfield Reef (North) (18-105a)","BAN_CCIPD02_2",0,0.666666666666667,8.71146943591667,0.131997688474867,0.0761283473432592,0.0910233154646943,0.127512579650262,0.178622342521475,0.213552948148795,0.999999999999059,0.999994774794305
"Banfield Reef (North) (18-105a)__BAN_CCIPD02_2__200","Banfield Reef (North) (18-105a)","BAN_CCIPD02_2",200,0.666666666666667,8.71146943591667,0.0975239099079409,0.0594306529832996,0.0698849011113782,0.0948143558432126,0.128604165377515,0.151118717476595,0.999999999969129,0.999856333210977
"Banfield Reef (North) (18-105a)__BAN_CCIPD02_2__500","Banfield Reef (North) (18-105a)","BAN_CCIPD02_2",500,0.666666666666667,8.71146943591667,0.0766085686126765,0.0476053519760605,0.0556463775004625,0.0746381412062689,0.100080427292712,0.116881807455704,0.999999995537668,0.996767199148097
"Banfield Reef (North) (18-105a)__BAN_CCIPD02_2__1000","Banfield Reef (North) (18-105a)","BAN_CCIPD02_2",1000,0.666666666666667,8.71146943591667,0.0608696233931135,0.0376423239357378,0.044067106155781,0.0592741958230815,0.0797036285413795,0.0932234450233914,0.99999868868225,0.955469879671984
"Banfield Reef (North) (18-105a)__BAN_CCIPD02_2__2000","Banfield Reef (North) (18-105a)","BAN_CCIPD02_2",2000,0.666666666666667,8.71146943591667,0.0471372195647146,0.0282169679885141,0.0333681776390062,0.0457414834872537,0.0626800761797169,0.0740463867180591,0.999613935867469,0.70697114943478
"Banfield Reef (North) (18-105a)__BanNeDNA_1__0","Banfield Reef (North) (18-105a)","BanNeDNA_1",0,0.666666666666667,21.20147487175,0.136345059396594,0.081205232300147,0.0961769660911372,0.132234203241393,0.181737850539297,0.215014338412349,0.999999999999986,0.999999264218015
"Banfield Reef (North) (18-105a)__BanNeDNA_1__200","Banfield Reef (North) (18-105a)","BanNeDNA_1",200,0.666666666666667,21.20147487175,0.100779951974355,0.0633799733899851,0.0738169601537875,0.09831584160403,0.130891690462832,0.152269484026078,0.99999999999948,0.999971308662417
"Banfield Reef (North) (18-105a)__BanNeDNA_1__500","Banfield Reef (North) (18-105a)","BanNeDNA_1",500,0.666666666666667,21.20147487175,0.0791941783850253,0.050681882861058,0.0587016590001972,0.0773878889484675,0.101992250194872,0.118032271682495,0.999999999827727,0.998898059908146
"Banfield Reef (North) (18-105a)__BanNeDNA_1__1000","Banfield Reef (North) (18-105a)","BanNeDNA_1",1000,0.666666666666667,21.20147487175,0.0629452578920027,0.0399517757767249,0.0463878688967562,0.0614542573824882,0.0813993364410201,0.0944639382041957,0.99999984415125,0.974818031187954
"Banfield Reef (North) (18-105a)__BanNeDNA_1__2000","Banfield Reef (North) (18-105a)","BanNeDNA_1",2000,0.666666666666667,21.20147487175,0.0487629513660119,0.0298130328465167,0.0350206110473947,0.0474229423355827,0.064205363216688,0.0753798574254517,0.999869070849513,0.764053950050868
"Banfield Reef (North) (18-105a)__BanNeDNA_2__0","Banfield Reef (North) (18-105a)","BanNeDNA_2",0,1,57.9806208575,0.167232673436129,0.102128954803651,0.120010478326393,0.162621459955267,0.220310065202033,0.258716385468237,1,0.999999998364686
"Banfield Reef (North) (18-105a)__BanNeDNA_2__200","Banfield Reef (North) (18-105a)","BanNeDNA_2",200,1,57.9806208575,0.123672358400807,0.0795347132765875,0.0919853050078047,0.120915722439051,0.15888605614946,0.183565349929798,1,0.999999893005541
"Banfield Reef (North) (18-105a)__BanNeDNA_2__500","Banfield Reef (North) (18-105a)","BanNeDNA_2",500,1,57.9806208575,0.0972226694190648,0.0633996562382429,0.0730018214176572,0.0951792661447018,0.12405647178292,0.14272246431132,0.999999999999976,0.999986024833755
"Banfield Reef (North) (18-105a)__BanNeDNA_2__1000","Banfield Reef (North) (18-105a)","BanNeDNA_2",1000,1,57.9806208575,0.0773049493573222,0.0497808746392558,0.0575400722837643,0.0755824677973547,0.0992637032907609,0.11467463812002,0.999999999793009,0.998607921482341
"Banfield Reef (North) (18-105a)__BanNeDNA_2__2000","Banfield Reef (North) (18-105a)","BanNeDNA_2",2000,1,57.9806208575,0.0599137006675805,0.0369756900424552,0.0433067118326523,0.0583242088330351,0.0785372683038477,0.0919439124419916,0.999997968343637,0.947764540972753
"Banfield Reef (North) (18-105a)__BanNeDNA_3__0","Banfield Reef (North) (18-105a)","BanNeDNA_3",0,1,68.2101459665833,0.186602694103781,0.112059791340853,0.132319700985754,0.181082695086139,0.247840853615441,0.292735584039706,1,0.999999999653432
"Banfield Reef (North) (18-105a)__BanNeDNA_3__200","Banfield Reef (North) (18-105a)","BanNeDNA_3",200,1,68.2101459665833,0.137926016136351,0.0874820752663355,0.101606966380248,0.134659080947792,0.178411247424084,0.207046926659068,1,0.999999983598126
"Banfield Reef (North) (18-105a)__BanNeDNA_3__500","Banfield Reef (North) (18-105a)","BanNeDNA_3",500,1,68.2101459665833,0.108383108507398,0.0699493740350536,0.0808157857298115,0.10600823691685,0.138994111297443,0.160390437143837,0.999999999999998,0.999997945723686
"Banfield Reef (North) (18-105a)__BanNeDNA_3__1000","Banfield Reef (North) (18-105a)","BanNeDNA_3",1000,1,68.2101459665833,0.0861448911969682,0.0551228268361382,0.063857213991285,0.0841868892805499,0.110940268670641,0.128360067135704,0.999999999987096,0.999721985849476
"Banfield Reef (North) (18-105a)__BanNeDNA_3__2000","Banfield Reef (North) (18-105a)","BanNeDNA_3",2000,1,68.2101459665833,0.0667354453400681,0.0411126629415457,0.0481914506409995,0.064964308403493,0.0875385206162056,0.102489895579763,0.999999788101369,0.981307804904984
"Banfield Reef (North) (18-105a)__BanNeDNA_4__0","Banfield Reef (North) (18-105a)","BanNeDNA_4",0,1,118.548850908333,0.216222300817954,0.129631727807113,0.153161573848287,0.209803476815212,0.287387761200436,0.339545047644175,1,0.999999999992587
"Banfield Reef (North) (18-105a)__BanNeDNA_4__200","Banfield Reef (North) (18-105a)","BanNeDNA_4",200,1,118.548850908333,0.159804629691125,0.10127262668792,0.11766279969332,0.156013461323544,0.206789066182931,0.240009307265584,1,0.999999999691244
"Banfield Reef (North) (18-105a)__BanNeDNA_4__500","Banfield Reef (North) (18-105a)","BanNeDNA_4",500,1,118.548850908333,0.125566251785597,0.0810344191191893,0.0936270523910325,0.122816568941303,0.161032182348909,0.18581321889308,1,0.999999942460959
"Banfield Reef (North) (18-105a)__BanNeDNA_4__1000","Banfield Reef (North) (18-105a)","BanNeDNA_4",1000,1,118.548850908333,0.099795309672821,0.0639035668679769,0.0740119303732693,0.097533434523277,0.128475185706379,0.148616972052767,0.99999999999991,0.999982735456976
"Banfield Reef (North) (18-105a)__BanNeDNA_4__2000","Banfield Reef (North) (18-105a)","BanNeDNA_4",2000,1,118.548850908333,0.0773040934655415,0.0476939590232421,0.0558782200108977,0.0752623308733896,0.101332496276897,0.118593927607146,0.99999999420922,0.996746203316895
"Batt Reef (16-029)__BAEDNA1__0","Batt Reef (16-029)","BAEDNA1",0,0.75,18.4080453158333,0.174093177117389,0.0173600697640332,0.0331054255983175,0.109045312286221,0.364070028996023,0.722167568721575,0.965642838119533,0.859776209608055
"Batt Reef (16-029)__BAEDNA1__200","Batt Reef (16-029)","BAEDNA1",200,0.75,18.4080453158333,0.128425309310481,0.0130857198830038,0.0248679003217119,0.0811035631686774,0.267908982681244,0.528465876584541,0.935296704860451,0.779068777830663
"Batt Reef (16-029)__BAEDNA1__500","Batt Reef (16-029)","BAEDNA1",500,0.75,18.4080453158333,0.10075697313412,0.0103532902509421,0.0196581783485497,0.0638653616577473,0.210001879686217,0.41306763195261,0.896686958377995,0.695967687274554
"Batt Reef (16-029)__BAEDNA1__1000","Batt Reef (16-029)","BAEDNA1",1000,0.75,18.4080453158333,0.0799615727254447,0.00822026123004495,0.0156204112097611,0.0507380251637215,0.166675894269945,0.327415466642047,0.844702611542578,0.603937065118457
"Batt Reef (16-029)__BAEDNA1__2000","Batt Reef (16-029)","BAEDNA1",2000,0.75,18.4080453158333,0.0618400689322996,0.00630393811198266,0.0120122290629625,0.0391717560934492,0.129063361793533,0.253578306115298,0.767678537889115,0.49321105328205
"Batt Reef (16-029)__BAEDNA1B__0","Batt Reef (16-029)","BAEDNA1B",0,0.916666666666667,43.9562921396667,0.205959264372063,0.0205719506685252,0.0392897991618667,0.129299107458189,0.430739416935316,0.852432527051383,0.977481972964154,0.89659322703159
"Batt Reef (16-029)__BAEDNA1B__200","Batt Reef (16-029)","BAEDNA1B",200,0.916666666666667,43.9562921396667,0.151974161429805,0.0154997576335519,0.0295036719859282,0.0961656960699569,0.317074257727867,0.624126082588558,0.955546626252209,0.829712150500635
"Batt Reef (16-029)__BAEDNA1B__500","Batt Reef (16-029)","BAEDNA1B",500,0.916666666666667,43.9562921396667,0.119258973919785,0.0122589168334922,0.0233163657210399,0.0757244754619914,0.248608832980722,0.488060177590468,0.926150217166528,0.757112456090751
"Batt Reef (16-029)__BAEDNA1B__1000","Batt Reef (16-029)","BAEDNA1B",1000,0.916666666666667,43.9562921396667,0.0946652904503981,0.00973009033285121,0.0185222320020097,0.0601579970138613,0.197370935335388,0.387031749983521,0.8846194035647,0.672759353502782
"Batt Reef (16-029)__BAEDNA1B__2000","Batt Reef (16-029)","BAEDNA1B",2000,0.916666666666667,43.9562921396667,0.0732292835055892,0.00745916482814889,0.014239423872441,0.0464427840292305,0.152878275486641,0.299905071045413,0.819829538878319,0.566015088771115
"Batt Reef (16-029)__BAEDNA2__0","Batt Reef (16-029)","BAEDNA2",0,0.708333333333333,12.7381921319583,0.172213579804285,0.0178049263253661,0.0338706859023504,0.109629307878215,0.358599521424191,0.70334093198066,0.968115453408919,0.864525836928823
"Batt Reef (16-029)__BAEDNA2__200","Batt Reef (16-029)","BAEDNA2",200,0.708333333333333,12.7381921319583,0.126995377533962,0.0134338724730984,0.025460665969284,0.0815341018067806,0.263697858806434,0.514286807813131,0.938975939776266,0.784137345968413
"Batt Reef (16-029)__BAEDNA2__500","Batt Reef (16-029)","BAEDNA2",500,0.708333333333333,12.7381921319583,0.099607874949592,0.0106368084342673,0.0201369184494464,0.0642013860378051,0.206596805178399,0.40175872643173,0.901311816798736,0.700550705184222
"Batt Reef (16-029)__BAEDNA2__1000","Batt Reef (16-029)","BAEDNA2",1000,0.708333333333333,12.7381921319583,0.0790290330819864,0.0084514088404654,0.0160076241021176,0.0510023537035205,0.163903653843735,0.318297958909147,0.84994770934832,0.607371775155282
"Batt Reef (16-029)__BAEDNA2__2000","Batt Reef (16-029)","BAEDNA2",2000,0.708333333333333,12.7381921319583,0.061101167196017,0.00648624988844724,0.0123149487304343,0.0393733132087647,0.126865711783607,0.246400801224126,0.772965722380233,0.494779483118903
"Batt Reef (16-029)__BAEDNA2B__0","Batt Reef (16-029)","BAEDNA2B",0,1,105.974756185,0.249113451857979,0.025242372517673,0.0482360747687706,0.157609695473037,0.52023923252287,1.02335089433961,0.987138961755362,0.931007639157533
"Batt Reef (16-029)__BAEDNA2B__200","Batt Reef (16-029)","BAEDNA2B",200,1,105.974756185,0.183792217561794,0.0190256543029832,0.0362320561170941,0.11721897969123,0.382846827583734,0.749033597711616,0.973043437064086,0.87980182549022
"Batt Reef (16-029)__BAEDNA2B__500","Batt Reef (16-029)","BAEDNA2B",500,1,105.974756185,0.144212162596241,0.0150521924327321,0.0286395620141283,0.092300360810163,0.300118108223914,0.585611761948276,0.952862978025773,0.820447031478675
"Batt Reef (16-029)__BAEDNA2B__1000","Batt Reef (16-029)","BAEDNA2B",1000,1,105.974756185,0.114460973488029,0.0119507521603086,0.0227547879171579,0.073324333804661,0.238223706369904,0.46431028009493,0.922543557559463,0.747257186234213
"Batt Reef (16-029)__BAEDNA2B__2000","Batt Reef (16-029)","BAEDNA2B",2000,1,105.974756185,0.088532483803132,0.0091646794890678,0.0174960851308733,0.0566052854878152,0.184492441547356,0.359731462267314,0.872025062564765,0.648702557314472
"Batt Reef (16-029)__BAEDNA3__0","Batt Reef (16-029)","BAEDNA3",0,0.944444444444444,57.5215742190556,0.243339497208654,0.0251208002896151,0.0483270673752937,0.156309953636857,0.507363520588604,0.9850373263587,0.987561600489253,0.931585594902052
"Batt Reef (16-029)__BAEDNA3__200","Batt Reef (16-029)","BAEDNA3",200,0.944444444444444,57.5215742190556,0.179404677812537,0.0189581636075909,0.0363410267436245,0.116257553662248,0.372954482745113,0.719865777815984,0.973745385282498,0.880193450282684
"Batt Reef (16-029)__BAEDNA3__500","Batt Reef (16-029)","BAEDNA3",500,0.944444444444444,57.5215742190556,0.140689090751957,0.0150151987144913,0.0287504072451673,0.0915444012773414,0.292112061441579,0.562137035620157,0.953789409286024,0.820293077613015
"Batt Reef (16-029)__BAEDNA3__1000","Batt Reef (16-029)","BAEDNA3",1000,0.944444444444444,57.5215742190556,0.111603607151728,0.011934537968336,0.0228607253124206,0.0727230607360771,0.231687326792018,0.445214804846511,0.923570489434882,0.746140354230745
"Batt Reef (16-029)__BAEDNA3__2000","Batt Reef (16-029)","BAEDNA3",2000,0.944444444444444,57.5215742190556,0.0862695921150442,0.00916406525641122,0.017591889376997,0.0561390884722874,0.179283644596626,0.34454444325076,0.872837541587985,0.646033364474862
"Batt Reef (16-029)__BAeDNA1__0","Batt Reef (16-029)","BAeDNA1",0,0.333333333333333,3.6116153935,0.130002746757265,0.0128558353158917,0.0244163108171224,0.0807107357259112,0.271652074540202,0.543915527771762,0.932387357945485,0.775296868730627
"Batt Reef (16-029)__BAeDNA1__200","Batt Reef (16-029)","BAeDNA1",200,0.333333333333333,3.6116153935,0.0958446378714085,0.00970319344355286,0.0183548351412217,0.0600250864653378,0.199749165238142,0.39764823259915,0.88285609585587,0.67189578480382
"Batt Reef (16-029)__BAeDNA1__500","Batt Reef (16-029)","BAeDNA1",500,0.333333333333333,3.6116153935,0.0751600057601314,0.00768498385503106,0.014518862753898,0.0472651422641008,0.156474281188612,0.310554980071523,0.825429371475627,0.574945591228707
"Batt Reef (16-029)__BAeDNA1__1000","Batt Reef (16-029)","BAeDNA1",1000,0.333333333333333,3.6116153935,0.0596203561942765,0.00610755987081246,0.0115440041775824,0.037549157899512,0.124113184081998,0.245945710825312,0.754420326817457,0.476248829293469
"Batt Reef (16-029)__BAeDNA1__2000","Batt Reef (16-029)","BAeDNA1",2000,0.333333333333333,3.6116153935,0.0460849994793519,0.00468861142979501,0.00888385899945219,0.028989390335497,0.0960360017744608,0.190283017719347,0.658290635165937,0.367486187204929
"Batt Reef (16-029)__BAeDNA2__0","Batt Reef (16-029)","BAeDNA2",0,0.916666666666667,20.6176836979167,0.191340797917532,0.0197013527744022,0.0376465982500009,0.122094976273438,0.399013377513706,0.779541740090047,0.975481925087619,0.887953674639822
"Batt Reef (16-029)__BAeDNA2__200","Batt Reef (16-029)","BAeDNA2",200,0.916666666666667,20.6176836979167,0.141144988268483,0.0148537003436696,0.0282862484583074,0.0908090180511991,0.293548976175896,0.570319781268372,0.951673287093175,0.816460241052561
"Batt Reef (16-029)__BAeDNA2__500","Batt Reef (16-029)","BAeDNA2",500,0.916666666666667,20.6176836979167,0.110734342890459,0.0117543390618367,0.0223634935511315,0.0715061151432993,0.230068187690206,0.445743931784113,0.9198962476181,0.739625360460001
"Batt Reef (16-029)__BAeDNA2__1000","Batt Reef (16-029)","BAeDNA2",1000,0.916666666666667,20.6176836979167,0.0878784533167149,0.00933452212313495,0.0177713949305501,0.0568057470584081,0.182588591232933,0.353316566128479,0.875251134180299,0.651347703874356
"Batt Reef (16-029)__BAeDNA2__2000","Batt Reef (16-029)","BAeDNA2",2000,0.916666666666667,20.6176836979167,0.0679619165751858,0.00716015657978755,0.0136665655022562,0.0438531816447902,0.141382984932698,0.273665127436371,0.806163667602551,0.541209322140689
"Batt Reef (16-029)__BAeDNA3__0","Batt Reef (16-029)","BAeDNA3",0,0.916666666666667,23.1630412861667,0.209417801479059,0.0217103540303168,0.0417792349913799,0.134877848164987,0.436496412460035,0.845507275411334,0.981522491669683,0.908091068596053
"Batt Reef (16-029)__BAeDNA3__200","Batt Reef (16-029)","BAeDNA3",200,0.916666666666667,23.1630412861667,0.154399591036441,0.0163834222903453,0.0314166985795805,0.100319082795341,0.32086609876512,0.617900209745869,0.962436630236347,0.844976832295762
"Batt Reef (16-029)__BAeDNA3__500","Batt Reef (16-029)","BAeDNA3",500,0.916666666666667,23.1630412861667,0.121082676330248,0.0129753533729749,0.0248540977968822,0.078994800486257,0.25131982625285,0.482521652319495,0.936028547729663,0.774695780201724
"Batt Reef (16-029)__BAeDNA3__1000","Batt Reef (16-029)","BAeDNA3",1000,0.916666666666667,23.1630412861667,0.0960525056280817,0.0103127447149407,0.0197620348234378,0.0627539017701513,0.19933878864264,0.382170220502376,0.897650584670983,0.691320579152906
"Batt Reef (16-029)__BAeDNA3__2000","Batt Reef (16-029)","BAeDNA3",2000,0.916666666666667,23.1630412861667,0.0742502981834904,0.00791835579756598,0.0152067520515303,0.0484432438850277,0.154258045644294,0.29576907780709,0.836072018824717,0.583803551125626
"Batt Reef (16-029)__BAeDNA4__0","Batt Reef (16-029)","BAeDNA4",0,1,18.11126685,0.229709618346454,0.0227670853999716,0.0448769826080506,0.147606732882356,0.481935596848985,0.929620922614829,0.984386333668109,0.920103366219773
"Batt Reef (16-029)__BAeDNA4__200","Batt Reef (16-029)","BAeDNA4",200,1,18.11126685,0.169272902076415,0.0171891714685009,0.0337658484546264,0.109798326133412,0.354061920921916,0.678714598658173,0.968041309555386,0.863626727054349
"Batt Reef (16-029)__BAeDNA4__500","Batt Reef (16-029)","BAeDNA4",500,1,18.11126685,0.132691323183969,0.0136214046200948,0.0267265158347646,0.0864630039798336,0.277175762268913,0.529592585305553,0.945117923700616,0.799460019490708
"Batt Reef (16-029)__BAeDNA4__1000","Batt Reef (16-029)","BAeDNA4",1000,1,18.11126685,0.105219291005322,0.0108340357637256,0.0212623797894304,0.0686870715841369,0.219727447541541,0.419129736362302,0.911287331963052,0.721737626486913
"Batt Reef (16-029)__BAeDNA4__2000","Batt Reef (16-029)","BAeDNA4",2000,1,18.11126685,0.0812998563141261,0.00832690297619955,0.0163719092224628,0.0530213483217081,0.16992488007414,0.324092335526966,0.855946198147913,0.619047367923485
"Bowden Reef (19-019)__BREDNA1__0","Bowden Reef (19-019)","BREDNA1",0,0.925925925925926,146.263305901528,0.0749970016340406,0.0277540033762814,0.0380831094776916,0.0678660297137519,0.120614561330442,0.164158653126882,0.996670695905449,0.879475262183359
"Bowden Reef (19-019)__BREDNA1__200","Bowden Reef (19-019)","BREDNA1",200,0.925925925925926,146.263305901528,0.0552621383314249,0.0214182533438141,0.0290588523378303,0.0504790080876986,0.0873778326774468,0.117271631456018,0.984274806240556,0.704565319263435
"Bowden Reef (19-019)__BREDNA1__500","Bowden Reef (19-019)","BREDNA1",500,0.925925925925926,146.263305901528,0.0433168544262646,0.0171631593517539,0.0231667415005195,0.0397481910759536,0.0679139202886265,0.0905074771079768,0.948642951949455,0.492014327867581
"Bowden Reef (19-019)__BREDNA1__1000","Bowden Reef (19-019)","BREDNA1",1000,0.925925925925926,146.263305901528,0.0343462046900734,0.0137144576176726,0.0184844269971044,0.0315737827642638,0.0536808946908281,0.0713248711357319,0.862604965059718,0.282878184653991
"Bowden Reef (19-019)__BREDNA1__2000","Bowden Reef (19-019)","BREDNA1",2000,0.925925925925926,146.263305901528,0.0265357118047337,0.0105177474221134,0.0142100090765393,0.024369594231473,0.0415810707629714,0.0553132846194752,0.679267066285642,0.117217580680242
"Bowden Reef (19-019)__BREDNA2__0","Bowden Reef (19-019)","BREDNA2",0,0.814814814814815,79.8698604871296,0.043725941998511,0.0161302832215589,0.0221131686077432,0.0394896829560683,0.0704423255178614,0.0962279103680739,0.933676783387635,0.488179516792387
"Bowden Reef (19-019)__BREDNA2__200","Bowden Reef (19-019)","BREDNA2",200,0.814814814814815,79.8698604871296,0.0322469587428875,0.012402562911936,0.0168285093454501,0.0293711807188803,0.0511664810493969,0.0690201682862411,0.811540597408565,0.237593062900729
"Bowden Reef (19-019)__BREDNA2__500","Bowden Reef (19-019)","BREDNA2",500,0.814814814814815,79.8698604871296,0.0252937303094655,0.00990803926846136,0.0133868176343347,0.0231271039860784,0.0398563080918403,0.053441655087678,0.632469106194753,0.0985242663272652
"Bowden Reef (19-019)__BREDNA2__1000","Bowden Reef (19-019)","BREDNA2",1000,0.814814814814815,79.8698604871296,0.0200686612627064,0.00789365262264536,0.0106590954346313,0.0183710784773237,0.0315686221829378,0.0422415784991976,0.419151196217937,0.0328576547408833
"Bowden Reef (19-019)__BREDNA2__2000","Bowden Reef (19-019)","BREDNA2",2000,0.814814814814815,79.8698604871296,0.0155163244703793,0.00603418290948007,0.00817660315215749,0.0141799134226698,0.0245057181424357,0.0328599286029011,0.209800324860651,0.00763944779014038
"Bowden Reef (19-019)__BREDNA3__0","Bowden Reef (19-019)","BREDNA3",0,0.895833333333333,62.9874526945625,0.035935091913933,0.0134933270779777,0.0183917999239642,0.0325607557876695,0.0575694353222889,0.0781451550391913,0.862859949717419,0.321436929998672
"Bowden Reef (19-019)__BREDNA3__200","Bowden Reef (19-019)","BREDNA3",200,0.895833333333333,62.9874526945625,0.0265158555854732,0.0103585045861513,0.0139790279743878,0.0242175186892329,0.041868320569195,0.0561463019927425,0.671720198853576,0.120019549961708
"Bowden Reef (19-019)__BREDNA3__500","Bowden Reef (19-019)","BREDNA3",500,0.895833333333333,62.9874526945625,0.0208075498666699,0.00826207758181589,0.0111069601757473,0.0190689018520971,0.0326520738995981,0.0435478102113785,0.453648119153124,0.0388664504056324
"Bowden Reef (19-019)__BREDNA3__1000","Bowden Reef (19-019)","BREDNA3",1000,0.895833333333333,62.9874526945625,0.0165161941766432,0.00657085900061563,0.00883274752563179,0.0151472444030461,0.0258947887611004,0.0344862687204064,0.252706011544187,0.0102308460132766
"Bowden Reef (19-019)__BREDNA3__2000","Bowden Reef (19-019)","BREDNA3",2000,0.895833333333333,62.9874526945625,0.0127757327918782,0.00501213631326909,0.00676564802008584,0.0116913452989065,0.0201309468350757,0.026889455727251,0.102718686129121,0.00189260284652104
"Bowden Reef (19-019)__BREDNA4__0","Bowden Reef (19-019)","BREDNA4",0,1,35.2542218753333,0.0365956720955057,0.0136452642436223,0.0186903060570422,0.0331818505455212,0.0587026432270706,0.0795681496604131,0.870735322627906,0.33634689042801
"Bowden Reef (19-019)__BREDNA4__200","Bowden Reef (19-019)","BREDNA4",200,1,35.2542218753333,0.027003535255654,0.0104692371017871,0.0142044254453916,0.0246819265122751,0.0426968696976973,0.0571672647552258,0.686040345369132,0.129322209694461
"Bowden Reef (19-019)__BREDNA4__500","Bowden Reef (19-019)","BREDNA4",500,1,35.2542218753333,0.0211904317467384,0.00834800241075987,0.0112853432556787,0.0194354026079868,0.0333002878588639,0.0443403383051265,0.470546304084421,0.0431020518891142
"Bowden Reef (19-019)__BREDNA4__1000","Bowden Reef (19-019)","BREDNA4",1000,1,35.2542218753333,0.0168202803601645,0.00663858606313208,0.00897427476943369,0.0154383707645829,0.0264098123977376,0.0351155846421889,0.267168586719709,0.011684094424791
"Bowden Reef (19-019)__BREDNA4__2000","Bowden Reef (19-019)","BREDNA4",2000,1,35.2542218753333,0.0130111246616418,0.0050644213014945,0.00687397415702614,0.0119154765423702,0.020531567530865,0.0273827233308075,0.111212088907825,0.00222940583069262
"Bushy-Redbill Reef (20-310)__BRBeDNA1__0","Bushy-Redbill Reef (20-310)","BRBeDNA1",0,1,72.2612811383333,0.889178908405341,0.072686323897506,0.149136320207911,0.534949693354336,1.90475417578308,3.82372016985458,0.999522035491678,0.995415990157414
"Bushy-Redbill Reef (20-310)__BRBeDNA1__200","Bushy-Redbill Reef (20-310)","BRBeDNA1",200,1,72.2612811383333,0.655074690912631,0.0548656505028113,0.112154978009324,0.397905900756409,1.40006732133977,2.79299656263517,0.998785863727651,0.990053586873999
"Bushy-Redbill Reef (20-310)__BRBeDNA1__500","Bushy-Redbill Reef (20-310)","BRBeDNA1",500,1,72.2612811383333,0.513401562780956,0.0434822755973595,0.0887627226871586,0.313327886004522,1.09617200139806,2.1794949642806,0.997453778590982,0.981884824848018
"Bushy-Redbill Reef (20-310)__BRBeDNA1__1000","Bushy-Redbill Reef (20-310)","BRBeDNA1",1000,1,72.2612811383333,0.407025709732403,0.0345962479129146,0.0706249645452748,0.248903484466315,0.868862529853513,1.72456497080782,0.994915034607068,0.96870757404636
"Bushy-Redbill Reef (20-310)__BRBeDNA1__2000","Bushy-Redbill Reef (20-310)","BRBeDNA1",2000,1,72.2612811383333,0.314422453944522,0.0266079479581883,0.0544050384389516,0.192130426725194,0.671633216384769,1.33283316782341,0.989335917507886,0.944669517706122
"Bushy-Redbill Reef (20-310)__BRBeDNA2__0","Bushy-Redbill Reef (20-310)","BRBeDNA2",0,1,85.46489011,1.00731440029993,0.0766144723081225,0.159634786169845,0.590145886067997,2.16738024280759,4.42817496930545,0.999554162550763,0.995873420611997
"Bushy-Redbill Reef (20-310)__BRBeDNA2__200","Bushy-Redbill Reef (20-310)","BRBeDNA2",200,1,85.46489011,0.7420585509948,0.0578110573006402,0.120022710510712,0.438967575508827,1.59347028368046,3.23538287714537,0.998884570254803,0.991121076137194
"Bushy-Redbill Reef (20-310)__BRBeDNA2__500","Bushy-Redbill Reef (20-310)","BRBeDNA2",500,1,85.46489011,0.581542080060821,0.0458091202807425,0.0949804644511651,0.345667161665467,1.24771296064896,2.52491284571583,0.997687498161258,0.983911924680754
"Bushy-Redbill Reef (20-310)__BRBeDNA2__1000","Bushy-Redbill Reef (20-310)","BRBeDNA2",1000,1,85.46489011,0.461023403247266,0.0364453959975283,0.0755712174308762,0.274598981298573,0.9889909230282,1.99780572422709,0.99542632534833,0.972294733442167
"Bushy-Redbill Reef (20-310)__BRBeDNA2__2000","Bushy-Redbill Reef (20-310)","BRBeDNA2",2000,1,85.46489011,0.356113697864092,0.0280314513717881,0.0582199187645596,0.211970986385006,0.764431986014673,1.54372853642454,0.990490268081236,0.951055923670666
"Bushy-Redbill Reef (20-310)__BRBeDNA3__0","Bushy-Redbill Reef (20-310)","BRBeDNA3",0,0.666666666666667,43.4403769733333,0.798098123397588,0.0616244592807203,0.126993118904456,0.467141949501931,1.71539177140852,3.51406341913412,0.999037080069973,0.992218012733462
"Bushy-Redbill Reef (20-310)__BRBeDNA3__200","Bushy-Redbill Reef (20-310)","BRBeDNA3",200,0.666666666666667,43.4403769733333,0.587601179769775,0.0465437157444577,0.0955434296094223,0.347489549236384,1.26033696473555,2.56455341844328,0.997711777809119,0.98409142825249
"Bushy-Redbill Reef (20-310)__BRBeDNA3__500","Bushy-Redbill Reef (20-310)","BRBeDNA3",500,0.666666666666667,43.4403769733333,0.460283638967863,0.0369060677708203,0.0756486709117895,0.273647753940609,0.986341315730996,1.99951972751009,0.995465375603111,0.972417919810131
"Bushy-Redbill Reef (20-310)__BRBeDNA3__1000","Bushy-Redbill Reef (20-310)","BRBeDNA3",1000,0.666666666666667,43.4403769733333,0.364731973067761,0.0293793861070538,0.0602202410125956,0.217401760920013,0.781421428334065,1.58066851525902,0.99143316208414,0.954551047790891
"Bushy-Redbill Reef (20-310)__BRBeDNA3__2000","Bushy-Redbill Reef (20-310)","BRBeDNA3",2000,0.666666666666667,43.4403769733333,0.281592400218082,0.0226096816728134,0.046419391347424,0.167834758863858,0.603656131914978,1.22017356323302,0.983115516013568,0.923679177364975
"Bushy-Redbill Reef (20-310)__BRBeDNA4__0","Bushy-Redbill Reef (20-310)","BRBeDNA4",0,0.833333333333333,17.5016058606667,0.672965410878046,0.0480867148440448,0.100774937409275,0.384422226407171,1.46114413688159,3.02617103805743,0.997684156746524,0.984890680791637
"Bushy-Redbill Reef (20-310)__BRBeDNA4__200","Bushy-Redbill Reef (20-310)","BRBeDNA4",200,0.833333333333333,17.5016058606667,0.49552810146714,0.0362578091844303,0.0757581971983839,0.286042143504767,1.07437674312633,2.20892076916272,0.994896655616564,0.971206057474509
"Bushy-Redbill Reef (20-310)__BRBeDNA4__500","Bushy-Redbill Reef (20-310)","BRBeDNA4",500,0.833333333333333,17.5016058606667,0.388195184766647,0.028713659393964,0.0599507971485058,0.225311205675029,0.841259127151635,1.72238698253686,0.990532606628891,0.952954877754173
"Bushy-Redbill Reef (20-310)__BRBeDNA4__1000","Bushy-Redbill Reef (20-310)","BRBeDNA4",1000,0.833333333333333,17.5016058606667,0.307634434838234,0.022831959583957,0.0477032930625826,0.179039891968698,0.666765973657208,1.36162445650155,0.983261672115776,0.926847663363622
"Bushy-Redbill Reef (20-310)__BRBeDNA4__2000","Bushy-Redbill Reef (20-310)","BRBeDNA4",2000,0.833333333333333,17.5016058606667,0.237531674312966,0.0175507149641056,0.0367571402479746,0.138251810402306,0.515274914050974,1.05105653464258,0.96942037286937,0.884829069591356
"Darley Reef (19-043)__DAR_CCIPD02_1__0","Darley Reef (19-043)","DAR_CCIPD02_1",0,0.916666666666667,19.3241434419167,0.0609994187966408,0.00206406231330181,0.005276804064754,0.0267554242199338,0.132513330201369,0.316104799090272,0.587868469566642,0.371039802738619
"Darley Reef (19-043)__DAR_CCIPD02_1__200","Darley Reef (19-043)","DAR_CCIPD02_1",200,0.916666666666667,19.3241434419167,0.0450557298869277,0.00154507413277391,0.00394651217082569,0.0199037995416673,0.0979399076708544,0.232648302886392,0.494543170884224,0.285398965930789
"Darley Reef (19-043)__DAR_CCIPD02_1__500","Darley Reef (19-043)","DAR_CCIPD02_1",500,0.916666666666667,19.3241434419167,0.0353856040403161,0.00121783291565274,0.00311196927933825,0.0156742819049502,0.0769622593507203,0.18245013295613,0.418828990004928,0.224020431384566
"Darley Reef (19-043)__DAR_CCIPD02_1__1000","Darley Reef (19-043)","DAR_CCIPD02_1",1000,0.916666666666667,19.3241434419167,0.0281106432494549,0.000964935311764432,0.0024690848734785,0.0124520572570322,0.0611752007048736,0.144915391561838,0.348704650243675,0.173019898599009
"Darley Reef (19-043)__DAR_CCIPD02_1__2000","Darley Reef (19-043)","DAR_CCIPD02_1",2000,0.916666666666667,19.3241434419167,0.0217647851280751,0.000739639660192232,0.00189760058488073,0.00961212259972864,0.0473987421711826,0.11234275621327,0.276158715438527,0.125820094396528
"Darley Reef (19-043)__DAR_CCIPD02_2__0","Darley Reef (19-043)","DAR_CCIPD02_2",0,0.416666666666667,7.90331046425,0.0541719781958219,0.00202721652521033,0.00502239056239213,0.024477031198611,0.117433888722156,0.277542455902765,0.562726236461423,0.342457576175734
"Darley Reef (19-043)__DAR_CCIPD02_2__200","Darley Reef (19-043)","DAR_CCIPD02_2",200,0.416666666666667,7.90331046425,0.0399784022163248,0.00151984833913385,0.00376023179978025,0.0182084897349806,0.0867026110174893,0.203967829291284,0.466720155068639,0.257950822653516
"Darley Reef (19-043)__DAR_CCIPD02_2__500","Darley Reef (19-043)","DAR_CCIPD02_2",500,0.416666666666667,7.90331046425,0.0313761460435007,0.00119928625321906,0.00296742859364494,0.0143392689316398,0.068077984974073,0.159777582445973,0.389956879597622,0.198636437173856
"Darley Reef (19-043)__DAR_CCIPD02_2__1000","Darley Reef (19-043)","DAR_CCIPD02_2",1000,0.416666666666667,7.90331046425,0.0249087523972909,0.000951147152305861,0.00235605590284109,0.0113917142854585,0.0540754160274559,0.126775750184636,0.319916139996782,0.150351876415117
"Darley Reef (19-043)__DAR_CCIPD02_2__2000","Darley Reef (19-043)","DAR_CCIPD02_2",2000,0.416666666666667,7.90331046425,0.0192711215969552,0.00072974897451809,0.00181202411829103,0.00879397300225243,0.0418679660292771,0.0981722161446873,0.24872369434196,0.106695243162
"Darley Reef (19-043)__DAR_CCIPD02_3__0","Darley Reef (19-043)","DAR_CCIPD02_3",0,0.583333333333333,15.5824670824167,0.0706888462449616,0.000701196017963813,0.0022640799012965,0.0174970565295181,0.132654572648301,0.404307513670068,0.46405837074741,0.299213029139617
"Darley Reef (19-043)__DAR_CCIPD02_3__200","Darley Reef (19-043)","DAR_CCIPD02_3",200,0.583333333333333,15.5824670824167,0.0520766031169875,0.000525249903081757,0.00169427974073777,0.013016498780142,0.0979874834813604,0.297328334379034,0.390605841852177,0.237122515804878
"Darley Reef (19-043)__DAR_CCIPD02_3__500","Darley Reef (19-043)","DAR_CCIPD02_3",500,0.583333333333333,15.5824670824167,0.0408141697932325,0.000414587880837205,0.00133747747004485,0.0102508613893312,0.0769145748080316,0.232799907229763,0.333776921644488,0.192705538271784
"Darley Reef (19-043)__DAR_CCIPD02_3__1000","Darley Reef (19-043)","DAR_CCIPD02_3",1000,0.583333333333333,15.5824670824167,0.0323583400876189,0.000329176482121361,0.00106287698899882,0.00814398741076185,0.0610393549190467,0.184469598800904,0.282475449423291,0.155264289353254
"Darley Reef (19-043)__DAR_CCIPD02_3__2000","Darley Reef (19-043)","DAR_CCIPD02_3",2000,0.583333333333333,15.5824670824167,0.0249977176367877,0.000253120492677323,0.000818850917315903,0.00628712954361983,0.0471788962092986,0.142489656177468,0.229975708594268,0.119560991929003
"Darley Reef (19-043)__DAR_CCIPD02_4__0","Darley Reef (19-043)","DAR_CCIPD02_4",0,0,0,0.0263969009976216,0.000361447222311418,0.00108803128954077,0.00753477846815231,0.0515766003755014,0.149904719412736,0.257106130150165,0.132916669050327
"Darley Reef (19-043)__DAR_CCIPD02_4__200","Darley Reef (19-043)","DAR_CCIPD02_4",200,0,0,0.0194580553332072,0.000270758077962002,0.000814132578931132,0.00560504929649051,0.0381013806489541,0.110263149709386,0.197104293437062,0.0944297477504016
"Darley Reef (19-043)__DAR_CCIPD02_4__500","Darley Reef (19-043)","DAR_CCIPD02_4",500,0,0,0.0152571283231814,0.000213673136456356,0.000642549689949882,0.00441401359649815,0.0299135958275758,0.0863612767858216,0.155558095896975,0.0700436830482052
"Darley Reef (19-043)__DAR_CCIPD02_4__1000","Darley Reef (19-043)","DAR_CCIPD02_4",1000,0,0,0.0121016605076717,0.000169592472618978,0.000510467162635084,0.00350673280128518,0.0237468239654463,0.068463083779735,0.121619022635717,0.0515925608901888
"Darley Reef (19-043)__DAR_CCIPD02_4__2000","Darley Reef (19-043)","DAR_CCIPD02_4",2000,0,0,0.00935361948868418,0.000130328921564203,0.000393079499909148,0.00270715894813179,0.0183633934795305,0.0529179610174943,0.0903708021730488,0.0358798507300752
"Davies Reef (18-096)__DREDNA1__0","Davies Reef (18-096)","DREDNA1",0,0.943502824858757,167.260267904113,0.112258538210369,0.0129664163409621,0.0243095459648955,0.0747536135736881,0.230793893028324,0.437541536953969,0.933680764936888,0.762511599920138
"Davies Reef (18-096)__DREDNA1__200","Davies Reef (18-096)","DREDNA1",200,0.943502824858757,167.260267904113,0.0827829582621598,0.0097843017266349,0.018283491280643,0.0556002027298097,0.169622266791982,0.31968175392898,0.880661828968204,0.648305441352187
"Davies Reef (18-096)__DREDNA1__500","Davies Reef (18-096)","DREDNA1",500,0.943502824858757,167.260267904113,0.0649307846652416,0.00774668594501252,0.0144638248615966,0.0437822193502666,0.13286084299664,0.249639133158293,0.817793068257874,0.542155440935338
"Davies Reef (18-096)__DREDNA1__1000","Davies Reef (18-096)","DREDNA1",1000,0.943502824858757,167.260267904113,0.051517013457625,0.00615403983407953,0.0114983191307663,0.0347817235446366,0.105400400793396,0.197750721478124,0.739301102365265,0.436171442717262
"Davies Reef (18-096)__DREDNA1__2000","Davies Reef (18-096)","DREDNA1",2000,0.943502824858757,167.260267904113,0.039831405870186,0.00472156833955401,0.00884434102676524,0.0268510788264334,0.0815960983782387,0.153098114096204,0.633199768479127,0.323040940311322
"Davies Reef (18-096)__DREDNA2__0","Davies Reef (18-096)","DREDNA2",0,0.98314606741573,115.868672391938,0.106371819253778,0.0130278672452633,0.0241859196997764,0.0725230128247472,0.217490900168323,0.403849822068618,0.933621653875121,0.756297420125873
"Davies Reef (18-096)__DREDNA2__200","Davies Reef (18-096)","DREDNA2",200,0.98314606741573,115.868672391938,0.0784498938019411,0.00983178062787375,0.0181934263731533,0.0539439968480004,0.159819775168701,0.294971382388119,0.878976004414672,0.637691528602444
"Davies Reef (18-096)__DREDNA2__500","Davies Reef (18-096)","DREDNA2",500,0.98314606741573,115.868672391938,0.061537088077623,0.00778409269754402,0.0143928793186897,0.0424791013543248,0.125180213809786,0.230326706595989,0.813723061547483,0.528040422046129
"Davies Reef (18-096)__DREDNA2__1000","Davies Reef (18-096)","DREDNA2",1000,0.98314606741573,115.868672391938,0.0488280939568219,0.00618301241489866,0.011441068716304,0.0337467195601914,0.0993146365387073,0.18246983813901,0.732084125500984,0.419582081674695
"Davies Reef (18-096)__DREDNA2__2000","Davies Reef (18-096)","DREDNA2",2000,0.98314606741573,115.868672391938,0.0377555340810578,0.00474262003297362,0.00879859670571307,0.0260517185310695,0.0768996793160361,0.141309890378514,0.62199471939056,0.305453616257128
"Davies Reef (18-096)__DREDNA3__0","Davies Reef (18-096)","DREDNA3",0,0.888888888888889,128.780779421792,0.0756683256722991,0.00991677383134928,0.0179612024678396,0.0522990387629419,0.153249483938468,0.282586744352437,0.875546271860372,0.627147846625993
"Davies Reef (18-096)__DREDNA3__200","Davies Reef (18-096)","DREDNA3",200,0.888888888888889,128.780779421792,0.055774906080587,0.00749799248569055,0.0135266192699771,0.0388976084773885,0.112482653565149,0.206091134336536,0.79054826002052,0.487860646921422
"Davies Reef (18-096)__DREDNA3__500","Davies Reef (18-096)","DREDNA3",500,0.888888888888889,128.780779421792,0.0437310132154541,0.00594403067485101,0.0107098903813614,0.0306292999657354,0.0880294080770266,0.160746685619059,0.699028366929347,0.373808239045063
"Davies Reef (18-096)__DREDNA3__1000","Davies Reef (18-096)","DREDNA3",1000,0.888888888888889,128.780779421792,0.0346845861803716,0.00472633192957385,0.00851944546763146,0.0243325656441906,0.0697907667519012,0.127223434150497,0.59543118283684,0.273188592328803
"Davies Reef (18-096)__DREDNA3__2000","Davies Reef (18-096)","DREDNA3",2000,0.888888888888889,128.780779421792,0.0268064735682879,0.00362862926560667,0.00655616804050541,0.0187845530143944,0.0540029870138484,0.0984299525271378,0.470442050450758,0.179650270976866
"Davies Reef (18-096)__DREDNA4__0","Davies Reef (18-096)","DREDNA4",0,1,18.3232353998333,0.0692904815274949,0.00818867415200126,0.0153222580971933,0.0466726353445374,0.142209385883558,0.266656947907971,0.835233053293793,0.570501374874263
"Davies Reef (18-096)__DREDNA4__200","Davies Reef (18-096)","DREDNA4",200,1,18.3232353998333,0.0511004811651986,0.0061787713107081,0.0115242382349542,0.0347166184792555,0.104515131346824,0.194801816860586,0.739143175774329,0.434450046549138
"Davies Reef (18-096)__DREDNA4__500","Davies Reef (18-096)","DREDNA4",500,1,18.3232353998333,0.0400828952702906,0.0048916829145902,0.0091163846479974,0.0273384081871036,0.0818665897709293,0.15211863792563,0.642124903540155,0.328074036481199
"Davies Reef (18-096)__DREDNA4__1000","Davies Reef (18-096)","DREDNA4",1000,1,18.3232353998333,0.03180407669809,0.00388564146397149,0.00724676201473899,0.0217185257191364,0.064950387324522,0.120508843800656,0.537876036735429,0.237299289521593
"Davies Reef (18-096)__DREDNA4__2000","Davies Reef (18-096)","DREDNA4",2000,1,18.3232353998333,0.0245914730210889,0.00298078568119779,0.00557342620043213,0.0167661398584219,0.0502877116654836,0.0933143800077299,0.417917672164817,0.155085349993211
"Davies Reef (18-096)__DR_CCIPD02_1__0","Davies Reef (18-096)","DR_CCIPD02_1",0,1,23.3185734583333,0.0884649589306091,0.0106948066570121,0.0200679446561804,0.0605775327736809,0.181595530304016,0.334189325291912,0.900690846767411,0.684003507039829
"Davies Reef (18-096)__DR_CCIPD02_1__200","Davies Reef (18-096)","DR_CCIPD02_1",200,1,23.3185734583333,0.0652043333658467,0.00807933857098703,0.0151089709833599,0.04506437420902,0.133326179798602,0.243732603998766,0.82931125586685,0.553914425520562
"Davies Reef (18-096)__DR_CCIPD02_1__500","Davies Reef (18-096)","DR_CCIPD02_1",500,1,23.3185734583333,0.0511222463467986,0.00640246091213161,0.0119614537486006,0.0354889292962421,0.104353056911085,0.190102724798254,0.749619254844277,0.441605963459675
"Davies Reef (18-096)__DR_CCIPD02_1__1000","Davies Reef (18-096)","DR_CCIPD02_1",1000,1,23.3185734583333,0.0405451318209434,0.00509036314490546,0.00951505571492223,0.0281941758123015,0.0827321706483369,0.150449254656486,0.655854478685353,0.337137248171367
"Davies Reef (18-096)__DR_CCIPD02_1__2000","Davies Reef (18-096)","DR_CCIPD02_1",2000,1,23.3185734583333,0.0313342485769527,0.00390893619204692,0.00732328436956961,0.0217648709345966,0.0640085111125504,0.116387489264738,0.537350055537938,0.234003747409977
"Davies Reef (18-096)__DR_CCIPD02_2__0","Davies Reef (18-096)","DR_CCIPD02_2",0,0.0833333333333333,0.66095338575,0.0170261082279913,0.00213837964822872,0.00382600811885217,0.0113842424003867,0.0346054162423242,0.0660002973441385,0.259976847231818,0.0735064906269446
"Davies Reef (18-096)__DR_CCIPD02_2__200","Davies Reef (18-096)","DR_CCIPD02_2",200,0.0833333333333333,0.66095338575,0.0125216116457959,0.00162559652531929,0.00289012860237464,0.00846492818000628,0.0253227612286497,0.0479439279002314,0.157958209751053,0.034269528646474
"Davies Reef (18-096)__DR_CCIPD02_2__500","Davies Reef (18-096)","DR_CCIPD02_2",500,0.0833333333333333,0.66095338575,0.00979985157025806,0.00129428249086583,0.0022942924783076,0.00666455810070932,0.0197658894292944,0.0372653303491419,0.0975626120729152,0.0169803104274639
"Davies Reef (18-096)__DR_CCIPD02_2__1000","Davies Reef (18-096)","DR_CCIPD02_2",1000,0.0833333333333333,0.66095338575,0.00775897790430047,0.00103334572886348,0.0018298654612957,0.00529396771648009,0.0156293940168504,0.0293886198847265,0.0574891876948795,0.00809740130850311
"Davies Reef (18-096)__DR_CCIPD02_2__2000","Davies Reef (18-096)","DR_CCIPD02_2",2000,0.0833333333333333,0.66095338575,0.00598483195796672,0.000796884517376109,0.00141249881064967,0.00408674505965372,0.0120568067302447,0.0226409815007864,0.0296131219988983,0.00331331002021763
"Elford Reef (16-073)__ErEDNA1__0","Elford Reef (16-073)","ErEDNA1",0,0.833333333333333,12.1112334536667,0.0187045994014918,0.000129069513153899,0.000465677777594474,0.00416265192607985,0.0353340562568488,0.109265887827785,0.172431592572415,0.087710948100302
"Elford Reef (16-073)__ErEDNA1__200","Elford Reef (16-073)","ErEDNA1",200,0.833333333333333,12.1112334536667,0.0137980166377825,9.64898786047364e-05,0.000347989231719638,0.00309678056852089,0.0261370299163871,0.080507721809538,0.13077606274243,0.0625045983537424
"Elford Reef (16-073)__ErEDNA1__500","Elford Reef (16-073)","ErEDNA1",500,0.833333333333333,12.1112334536667,0.0108252795053238,7.60566929478983e-05,0.000274431934179238,0.00243877362520178,0.0205365646340088,0.0631279593371319,0.10278758465765,0.046719423004626
"Elford Reef (16-073)__ErEDNA1__1000","Elford Reef (16-073)","ErEDNA1",1000,0.833333333333333,12.1112334536667,0.0085909560788739,6.03208722703079e-05,0.00021790597350263,0.00193745430037622,0.0163114305738415,0.0500898757999891,0.0803632897685857,0.0348152224120506
"Elford Reef (16-073)__ErEDNA1__2000","Elford Reef (16-073)","ErEDNA1",2000,0.833333333333333,12.1112334536667,0.00664390259232787,4.63374004213416e-05,0.000167744816231189,0.00149559630862635,0.0126174828236456,0.0387465306851676,0.0599927323643668,0.0246464861854153
"Elford Reef (16-073)__ErEDNA1B__0","Elford Reef (16-073)","ErEDNA1B",0,0.166666666666667,1.34078082625,0.0127832064816877,9.08645784917689e-05,0.000321724572017899,0.00283465166287025,0.0239370415352191,0.0746083590896475,0.120062070586341,0.0562640648503185
"Elford Reef (16-073)__ErEDNA1B__200","Elford Reef (16-073)","ErEDNA1B",200,0.166666666666667,1.34078082625,0.00942013323400675,6.80089024756461e-05,0.000240613441213234,0.00210881206584997,0.0176920457162477,0.0549078255519871,0.0877598468232171,0.0385248320867628
"Elford Reef (16-073)__ErEDNA1B__500","Elford Reef (16-073)","ErEDNA1B",500,0.166666666666667,1.34078082625,0.00738439855326411,5.3655941603624e-05,0.000189876754156729,0.00166074418365303,0.0138920613495319,0.0430132186131349,0.0669189253469537,0.027873682872199
"Elford Reef (16-073)__ErEDNA1B__1000","Elford Reef (16-073)","ErEDNA1B",1000,0.166666666666667,1.34078082625,0.00585553420290364,4.25906209633659e-05,0.000150860255566742,0.00131938345772138,0.0110271308910211,0.0340975532294594,0.0508029539896945,0.0201298021808288
"Elford Reef (16-073)__ErEDNA1B__2000","Elford Reef (16-073)","ErEDNA1B",2000,0.166666666666667,1.34078082625,0.0045243239619973,3.27469148332892e-05,0.000116212033260751,0.00101851780418946,0.00852407060045122,0.0263477046237284,0.0366893936682254,0.013758985137635
"Elford Reef (16-073)__ErEDNA2__0","Elford Reef (16-073)","ErEDNA2",0,0.125,0.963308615583333,0.0126179774964981,6.97753237547257e-05,0.000259831115115626,0.00248883613653502,0.0227408773461819,0.0735167697002682,0.113535226932651,0.0542223310463555
"Elford Reef (16-073)__ErEDNA2__200","Elford Reef (16-073)","ErEDNA2",200,0.125,0.963308615583333,0.00930222492322216,5.21652617472391e-05,0.000194188207768771,0.00185167157094704,0.016819675967403,0.0541476087231682,0.0836326334504311,0.037598964909177
"Elford Reef (16-073)__ErEDNA2__500","Elford Reef (16-073)","ErEDNA2",500,0.125,0.963308615583333,0.00729437270718838,4.1123064551932e-05,0.000153166918925655,0.00145831794030253,0.0132134189739227,0.0424404196111709,0.0642687304738063,0.0275260910814914
"Elford Reef (16-073)__ErEDNA2__1000","Elford Reef (16-073)","ErEDNA2",1000,0.125,0.963308615583333,0.00578595679083563,3.26203471070659e-05,0.000121645723777852,0.0011586242844872,0.0104925596409655,0.0336577463749854,0.0492177343044205,0.0201301000451326
"Elford Reef (16-073)__ErEDNA2__2000","Elford Reef (16-073)","ErEDNA2",2000,0.125,0.963308615583333,0.00447211320067188,2.50648696201108e-05,9.36736424979259e-05,0.00089446732033886,0.00811373568770125,0.0260174281255496,0.0359425545552081,0.0139726312206959
"Elford Reef (16-073)__ErEDNA3__0","Elford Reef (16-073)","ErEDNA3",0,0.256410256410256,3.99206484133333,0.0153158420221449,0.000119759379575948,0.000416839223408596,0.00357340192655361,0.0293476411007373,0.0897657616331736,0.146741094609834,0.0710359019322607
"Elford Reef (16-073)__ErEDNA3__200","Elford Reef (16-073)","ErEDNA3",200,0.256410256410256,3.99206484133333,0.0112908101606826,8.95853399052794e-05,0.000311650979145584,0.00265856363174636,0.0216977976666433,0.0660796158028587,0.108912330628229,0.0493652000179647
"Elford Reef (16-073)__ErEDNA3__500","Elford Reef (16-073)","ErEDNA3",500,0.256410256410256,3.99206484133333,0.00885353672851642,7.06432911619314e-05,0.000245865674449119,0.00209379173133402,0.0170422199068726,0.0517785317462198,0.0840512984591778,0.0361305538848575
"Elford Reef (16-073)__ErEDNA3__1000","Elford Reef (16-073)","ErEDNA3",1000,0.256410256410256,3.99206484133333,0.00702256381626492,5.60453489345432e-05,0.000195286541258048,0.00166349740522788,0.013531628407889,0.0410585133831907,0.0645289924713145,0.0263723814201429
"Elford Reef (16-073)__ErEDNA3__2000","Elford Reef (16-073)","ErEDNA3",2000,0.256410256410256,3.99206484133333,0.00542781126654796,4.30646017245883e-05,0.00015038062918601,0.00128422732659635,0.0104638299883592,0.0317392839965548,0.0471712113858541,0.0182332846493675
"Elford Reef (16-073)__North__0","Elford Reef (16-073)","North",0,0.866666666666667,25.0415510002667,0.0210901358478043,0.000141787206524302,0.000513186515941055,0.00462585552745986,0.0396373551238334,0.12328517856822,0.189913869086483,0.0990607900369267
"Elford Reef (16-073)__North__200","Elford Reef (16-073)","North",200,0.866666666666667,25.0415510002667,0.0155577895206985,0.000105990908179082,0.000383476629639045,0.00344139286661089,0.0293213481528711,0.0908405897623143,0.145612186953585,0.0714469736071282
"Elford Reef (16-073)__North__500","Elford Reef (16-073)","North",500,0.866666666666667,25.0415510002667,0.0122059178525624,8.35422971716496e-05,0.000302411553617009,0.00271017736269541,0.0230390618983813,0.0712312665503177,0.11548238661518,0.0539306914900649
"Elford Reef (16-073)__North__1000","Elford Reef (16-073)","North",1000,0.866666666666667,25.0415510002667,0.00968663235501105,6.62555711740218e-05,0.000240119442507236,0.00215308298239878,0.0182993023661063,0.0565196684553576,0.0910831385749615,0.0405719577716366
"Elford Reef (16-073)__North__2000","Elford Reef (16-073)","North",2000,0.866666666666667,25.0415510002667,0.00749125274673319,5.08948809471459e-05,0.000184843913570139,0.00166206503990275,0.0141552418654689,0.0437196645747683,0.0686711142409669,0.0290279370059395
"Eyrie Reef (14-118)__EREDNA1__0","Eyrie Reef (14-118)","EREDNA1",0,0.791666666666667,21.0469782736875,0.0615062479095803,0.0280598916043939,0.0358058666811954,0.0572457069829054,0.0921169498784222,0.119833082589485,0.997889897051883,0.836728761999979
"Eyrie Reef (14-118)__EREDNA1__200","Eyrie Reef (14-118)","EREDNA1",200,0.791666666666667,21.0469782736875,0.0455518538429358,0.0212953012736016,0.0269863538399265,0.0425631160343116,0.0675616050861604,0.0872697135979133,0.982925723419309,0.572364013483891
"Eyrie Reef (14-118)__EREDNA1__500","Eyrie Reef (14-118)","EREDNA1",500,0.791666666666667,21.0469782736875,0.0358517141708553,0.0167678178525263,0.0212533819786093,0.0335104390040791,0.0531570843927185,0.0686081279216759,0.926679250712009,0.313315133961157
"Eyrie Reef (14-118)__EREDNA1__1000","Eyrie Reef (14-118)","EREDNA1",1000,0.791666666666667,21.0469782736875,0.0285388921342299,0.0131360836017596,0.0167358417795332,0.0266198072589363,0.0425739306139669,0.0551365564616144,0.78594340094027,0.133422460180658
"Eyrie Reef (14-118)__EREDNA1__2000","Eyrie Reef (14-118)","EREDNA1",2000,0.791666666666667,21.0469782736875,0.022146314505374,0.0098309775628192,0.0126660664782077,0.020550518388145,0.0334975267284598,0.0437563442141182,0.530950140055386,0.0401366313059265
"Eyrie Reef (14-118)__EREDNA2__0","Eyrie Reef (14-118)","EREDNA2",0,0.583333333333333,5.0483340216875,0.083832490475172,0.0428335369176504,0.0529600883450393,0.0795253867923161,0.119841137437521,0.149724182264806,0.999992810073548,0.98470784930971
"Eyrie Reef (14-118)__EREDNA2__200","Eyrie Reef (14-118)","EREDNA2",200,0.583333333333333,5.0483340216875,0.0619218687005971,0.0332157939301728,0.0404636318174263,0.0591146854763652,0.0867052710562365,0.106861029031409,0.999869630980298,0.906634081654621
"Eyrie Reef (14-118)__EREDNA2__500","Eyrie Reef (14-118)","EREDNA2",500,0.583333333333333,5.0483340216875,0.0486312501296498,0.0265555235652483,0.0321747885051706,0.0465313176189626,0.0675684267077068,0.0828535958251171,0.998272195376015,0.701776472204314
"Eyrie Reef (14-118)__EREDNA2__1000","Eyrie Reef (14-118)","EREDNA2",1000,0.583333333333333,5.0483340216875,0.0386317253127253,0.0210418631219852,0.0255181566589263,0.0369562032326491,0.0537297938509881,0.065910760570836,0.983010035870725,0.395215148439133
"Eyrie Reef (14-118)__EREDNA2__2000","Eyrie Reef (14-118)","EREDNA2",2000,0.583333333333333,5.0483340216875,0.0299087070115109,0.0158771296854494,0.019413553908905,0.0285260249291311,0.0420556397365098,0.0519296859235436,0.881570441151962,0.132341919052993
"Eyrie Reef (14-118)__EREDNA3__0","Eyrie Reef (14-118)","EREDNA3",0,0.645833333333333,11.702892144375,0.0571948482726315,0.0298030555537278,0.0366218169133278,0.0543943813211732,0.0810977673529687,0.100756191070872,0.999384885749154,0.840637748249086
"Eyrie Reef (14-118)__EREDNA3__200","Eyrie Reef (14-118)","EREDNA3",200,0.645833333333333,11.702892144375,0.0423337884345932,0.0228160409394813,0.0277490066606919,0.0404373320196328,0.0591637405873577,0.0728025107961994,0.991579375130431,0.51738311384969
"Eyrie Reef (14-118)__EREDNA3__500","Eyrie Reef (14-118)","EREDNA3",500,0.645833333333333,11.702892144375,0.0333029761966511,0.0180342801589367,0.0219037512747385,0.0318327943461085,0.0464442519827578,0.0570591264385443,0.944265836093752,0.220011021369014
"Eyrie Reef (14-118)__EREDNA3__1000","Eyrie Reef (14-118)","EREDNA3",1000,0.645833333333333,11.702892144375,0.0264977412494741,0.01413607768653,0.017251893980845,0.0252845109377439,0.0371892035734642,0.0458591268427107,0.784743824243767,0.0636688092846111
"Eyrie Reef (14-118)__EREDNA3__2000","Eyrie Reef (14-118)","EREDNA3",2000,0.645833333333333,11.702892144375,0.020551598978586,0.0105513086911137,0.0130332825200424,0.0195178955289186,0.0293131857654922,0.0365108486314866,0.471059589533734,0.0117713184361756
"Eyrie Reef (14-118)__EREDNA4__0","Eyrie Reef (14-118)","EREDNA4",0,1,55.2802460266667,0.111903401333651,0.0566953108107704,0.0704005691246035,0.106192579644622,0.160403463649235,0.199968845161952,0.99999989955793,0.998821451426863
"Eyrie Reef (14-118)__EREDNA4__200","Eyrie Reef (14-118)","EREDNA4",200,1,55.2802460266667,0.0826127393932755,0.044058735631394,0.0538907021765955,0.0789631929065858,0.115831288391646,0.142141303011069,0.999997906206097,0.988696792013274
"Eyrie Reef (14-118)__EREDNA4__500","Eyrie Reef (14-118)","EREDNA4",500,1,55.2802460266667,0.0648545099627556,0.0353096668209517,0.0429259798372932,0.0621615898391396,0.0901087074374106,0.109868937606151,0.999955983247527,0.93644151669551
"Eyrie Reef (14-118)__EREDNA4__1000","Eyrie Reef (14-118)","EREDNA4",1000,1,55.2802460266667,0.0514994145147514,0.0280578807913405,0.0341036277579723,0.0493666422401699,0.0715307219718293,0.0871902220745156,0.999120596102821,0.76722008378232
"Eyrie Reef (14-118)__EREDNA4__2000","Eyrie Reef (14-118)","EREDNA4",2000,1,55.2802460266667,0.0398542046871654,0.0212445660494528,0.0259919927850891,0.0380952413269761,0.0558885768633036,0.0685658580184682,0.98457125196456,0.43576165488127
"Faith Reef (19-044)__FAI_CCIPD02_1__0","Faith Reef (19-044)","FAI_CCIPD02_1",0,0.75,154.63194590375,0.135289622728132,0.00141920361070346,0.00446776422300073,0.0335886840423093,0.250540821116389,0.770280436083649,0.628356957188135,0.454738465678342
"Faith Reef (19-044)__FAI_CCIPD02_1__200","Faith Reef (19-044)","FAI_CCIPD02_1",200,0.75,154.63194590375,0.100277442097191,0.00105622436808784,0.00332733671276808,0.0249847178087874,0.185957460712818,0.570477430024096,0.55525533702122,0.381088103594531
"Faith Reef (19-044)__FAI_CCIPD02_1__500","Faith Reef (19-044)","FAI_CCIPD02_1",500,0.75,154.63194590375,0.078978652554232,0.000829292343550211,0.0026163760741094,0.0196747266260978,0.146537832073828,0.449213239576996,0.494616251787071,0.324614125983875
"Faith Reef (19-044)__FAI_CCIPD02_1__1000","Faith Reef (19-044)","FAI_CCIPD02_1",1000,0.75,154.63194590375,0.0629135995113897,0.000655068845420411,0.00207136136005551,0.0156300635461664,0.116732637633316,0.357898473605265,0.43643772654449,0.274030232603938
"Faith Reef (19-044)__FAI_CCIPD02_1__2000","Faith Reef (19-044)","FAI_CCIPD02_1",2000,0.75,154.63194590375,0.0488623116997319,0.000500791793662086,0.00158903121998049,0.0120657899401829,0.0906100091274758,0.278137281403088,0.373026766008197,0.22266380901956
"Fitzroy Reef (23-077)__FitzroyReefeDNA1__0","Fitzroy Reef (23-077)","FitzroyReefeDNA1",0,0.833333333333333,11.6857997141778,0.0858292343351933,0.0256141619058062,0.0366560785283139,0.0734379225107019,0.148624988392773,0.218876189557023,0.991595294368756,0.869006261084853
"Fitzroy Reef (23-077)__FitzroyReefeDNA1__200","Fitzroy Reef (23-077)","FitzroyReefeDNA1",200,0.833333333333333,11.6857997141778,0.0632600057522553,0.0195423848525962,0.0277904613466374,0.0546728934271429,0.108359950185751,0.157368439337261,0.971360334671333,0.72427177208899
"Fitzroy Reef (23-077)__FitzroyReefeDNA1__500","Fitzroy Reef (23-077)","FitzroyReefeDNA1",500,0.833333333333333,11.6857997141778,0.0495961906567195,0.0155372597206273,0.0220702807560676,0.0430893585083043,0.0845438743763711,0.121795393561548,0.929155706591293,0.558317544490414
"Fitzroy Reef (23-077)__FitzroyReefeDNA1__1000","Fitzroy Reef (23-077)","FitzroyReefeDNA1",1000,0.833333333333333,11.6857997141778,0.0393330141358912,0.0123406647611753,0.0175694806487395,0.0342614252756344,0.0669753102589807,0.096024836848746,0.84928605831605,0.384274728602422
"Fitzroy Reef (23-077)__FitzroyReefeDNA1__2000","Fitzroy Reef (23-077)","FitzroyReefeDNA1",2000,0.833333333333333,11.6857997141778,0.0303953799305388,0.00942046586477406,0.0134969049449472,0.0264752582588598,0.0519138694145941,0.0743073250896806,0.703085097189978,0.216074573778042
"Fitzroy Reef (23-077)__FitzroyReefeDNA2__0","Fitzroy Reef (23-077)","FitzroyReefeDNA2",0,0.833333333333333,15.5354077927768,0.0824345973134503,0.0347671130230569,0.0455243303255917,0.0759946248189245,0.12710065540897,0.167330087358403,0.999573275553677,0.945698113308551
"Fitzroy Reef (23-077)__FitzroyReefeDNA2__200","Fitzroy Reef (23-077)","FitzroyReefeDNA2",200,0.833333333333333,15.5354077927768,0.0608178790287754,0.0268325715585632,0.034706435076339,0.0565209032691077,0.0921566270141598,0.119605390433727,0.996816134926114,0.818318727379961
"Fitzroy Reef (23-077)__FitzroyReefeDNA2__500","Fitzroy Reef (23-077)","FitzroyReefeDNA2",500,0.833333333333333,15.5354077927768,0.0477194029574975,0.0214568775210885,0.0276184045081083,0.0445055478746182,0.0717596270728417,0.0925178781964004,0.984139897985255,0.613052638055746
"Fitzroy Reef (23-077)__FitzroyReefeDNA2__1000","Fitzroy Reef (23-077)","FitzroyReefeDNA2",1000,0.833333333333333,15.5354077927768,0.0378734648653926,0.0170752725364912,0.021975203026652,0.0353546005664266,0.0568782918680108,0.0731940846577685,0.93765585604037,0.369657853992911
"Fitzroy Reef (23-077)__FitzroyReefeDNA2__2000","Fitzroy Reef (23-077)","FitzroyReefeDNA2",2000,0.833333333333333,15.5354077927768,0.0292925032098175,0.0130046828217352,0.016823040129832,0.0272910629691862,0.0442423651537144,0.0571206489868158,0.79475066471235,0.155208698105487
"Fitzroy Reef (23-077)__FitzroyReefeDNA3__0","Fitzroy Reef (23-077)","FitzroyReefeDNA3",0,1,18.4179052710533,0.0875411184997436,0.0400719956130043,0.0513469419188979,0.0819235253806008,0.130684920891902,0.167372692180671,0.99994524545911,0.975392250768816
"Fitzroy Reef (23-077)__FitzroyReefeDNA3__200","Fitzroy Reef (23-077)","FitzroyReefeDNA3",200,1,18.4179052710533,0.0646146272835623,0.0310162913257913,0.0391935888837034,0.060909505288209,0.0946405240861354,0.119531398675499,0.999397321236953,0.889210126803337
"Fitzroy Reef (23-077)__FitzroyReefeDNA3__500","Fitzroy Reef (23-077)","FitzroyReefeDNA3",500,1,18.4179052710533,0.0507170576272179,0.0248295958672001,0.0311904334002917,0.0479442112783998,0.0736919483885416,0.0925516698092876,0.995423602879524,0.705383301576445
"Fitzroy Reef (23-077)__FitzroyReefeDNA3__1000","Fitzroy Reef (23-077)","FitzroyReefeDNA3",1000,1,18.4179052710533,0.0402668532189354,0.01975310552962,0.0247948770208539,0.0380721174037451,0.0584638758544838,0.0734032021160728,0.972804353248716,0.441375975906294
"Fitzroy Reef (23-077)__FitzroyReefeDNA3__2000","Fitzroy Reef (23-077)","FitzroyReefeDNA3",2000,1,18.4179052710533,0.0311559740423135,0.0150135600639654,0.0189421832665512,0.0293771044560808,0.0455712423290454,0.0575345939980554,0.86925917669862,0.183836955355693
"Fitzroy Reef (23-077)__FitzroyReefeDNA4__0","Fitzroy Reef (23-077)","FitzroyReefeDNA4",0,1,68.5690055601299,0.11460200113785,0.0480502694282343,0.0629490965506485,0.105443398263676,0.177167215787745,0.234142778779291,0.999981191356503,0.991907847667457
"Fitzroy Reef (23-077)__FitzroyReefeDNA4__200","Fitzroy Reef (23-077)","FitzroyReefeDNA4",200,1,68.5690055601299,0.0845522343107386,0.0370573479341954,0.0479733825602598,0.0784278168696604,0.12850398701411,0.16742816405458,0.999812779199865,0.960317548549675
"Fitzroy Reef (23-077)__FitzroyReefeDNA4__500","Fitzroy Reef (23-077)","FitzroyReefeDNA4",500,1,68.5690055601299,0.0663433265405918,0.0296160822658452,0.038167241585355,0.0617602493315552,0.100084495106493,0.12952572794652,0.998648930263596,0.876333736907892
"Fitzroy Reef (23-077)__FitzroyReefeDNA4__1000","Fitzroy Reef (23-077)","FitzroyReefeDNA4",1000,1,68.5690055601299,0.0526556481828799,0.0235565025994917,0.0303643118295567,0.049066284860273,0.0793401244827447,0.102465012762799,0.991707416832002,0.707488132941998
"Fitzroy Reef (23-077)__FitzroyReefeDNA4__2000","Fitzroy Reef (23-077)","FitzroyReefeDNA4",2000,1,68.5690055601299,0.0407262730892121,0.0179327790136308,0.0232439083549497,0.0378801435032904,0.0617174627349461,0.0799412182975766,0.953138308145921,0.443049240363335
"Green Island Reef (16-049)__GIEDNA1__0","Green Island Reef (16-049)","GIEDNA1",0,0.472222222222222,5.48768906808333,0.114375766166701,0.00890191794698936,0.0178335182221968,0.0651799876463481,0.243213580255013,0.515090537249796,0.878814777237252,0.687626904856622
"Green Island Reef (16-049)__GIEDNA1__200","Green Island Reef (16-049)","GIEDNA1",200,0.472222222222222,5.48768906808333,0.0841926674427022,0.00672729055053327,0.0134185257923296,0.0484749018333257,0.178674795032738,0.376014948206665,0.812308974170355,0.579339845842274
"Green Island Reef (16-049)__GIEDNA1__500","Green Island Reef (16-049)","GIEDNA1",500,0.472222222222222,5.48768906808333,0.0659400892334513,0.00533597336376536,0.0106255190210744,0.0381703671327428,0.139816536400498,0.293182811524554,0.742962686908682,0.485288909877684
"Green Island Reef (16-049)__GIEDNA1__1000","Green Island Reef (16-049)","GIEDNA1",1000,0.472222222222222,5.48768906808333,0.0522437589398221,0.0042484889393535,0.00845941156186515,0.0303240808715206,0.110756082545394,0.23174187637637,0.664250723239727,0.394871771775536
"Green Island Reef (16-049)__GIEDNA1__2000","Green Island Reef (16-049)","GIEDNA1",2000,0.472222222222222,5.48768906808333,0.0403285136924273,0.00326968666690545,0.0065216602716605,0.02341158247827,0.0855481835965349,0.17883358964841,0.565792043943761,0.299946275026358
"Green Island Reef (16-049)__GIEDNA2__0","Green Island Reef (16-049)","GIEDNA2",0,0.828571428571429,23.5578184644286,0.13989485341576,0.0103329648330261,0.0211925415305308,0.0792978345002363,0.299923136080405,0.632410361585288,0.909482005718963,0.747653178091059
"Green Island Reef (16-049)__GIEDNA2__200","Green Island Reef (16-049)","GIEDNA2",200,0.828571428571429,23.5578184644286,0.103095698312781,0.00778847857662627,0.0159203557453652,0.0589818978722308,0.220690324361798,0.462602557298865,0.855234212956236,0.649295149525085
"Green Island Reef (16-049)__GIEDNA2__500","Green Island Reef (16-049)","GIEDNA2",500,0.828571428571429,23.5578184644286,0.08081980760326,0.0061656163084782,0.0125907766791545,0.0464468115036534,0.172911606003721,0.361299802009347,0.796391675733793,0.559877832503417
"Green Island Reef (16-049)__GIEDNA2__1000","Green Island Reef (16-049)","GIEDNA2",1000,0.828571428571429,23.5578184644286,0.064089832698552,0.00490046816135077,0.0100123745042582,0.0369002031793446,0.137131984705711,0.286047468490456,0.727052419328263,0.470140095946192
"Green Island Reef (16-049)__GIEDNA2__2000","Green Island Reef (16-049)","GIEDNA2",2000,0.828571428571429,23.5578184644286,0.0495222412371737,0.00376468832341897,0.00770930352273618,0.0284882953899873,0.106052814674111,0.221144571923874,0.636637912182011,0.371373526189185
"Green Island Reef (16-049)__GIEDNA3__0","Green Island Reef (16-049)","GIEDNA3",0,0.777777777777778,17.6972500128333,0.13905177862899,0.0105454649430319,0.0215376322099677,0.079657162157161,0.297547803790381,0.623274641361934,0.912108391011136,0.750876181008518
"Green Island Reef (16-049)__GIEDNA3__200","Green Island Reef (16-049)","GIEDNA3",200,0.777777777777778,17.6972500128333,0.102447127871593,0.00795503535493784,0.0161877876439434,0.0592461238988788,0.218831977764851,0.455664640966602,0.858454487035522,0.652157846911847
"Green Island Reef (16-049)__GIEDNA3__500","Green Island Reef (16-049)","GIEDNA3",500,0.777777777777778,17.6972500128333,0.0802941983598097,0.00630138100727811,0.0128071065369105,0.0466528592294511,0.17139108814263,0.355734473558078,0.799859563502324,0.562068125896722
"Green Island Reef (16-049)__GIEDNA3__1000","Green Island Reef (16-049)","GIEDNA3",1000,0.777777777777778,17.6972500128333,0.0636599832103382,0.00501123671452615,0.0101877931306048,0.0370623256492858,0.135880968188274,0.281539346080438,0.730447301689357,0.471449537884141
"Green Island Reef (16-049)__GIEDNA3__2000","Green Island Reef (16-049)","GIEDNA3",2000,0.777777777777778,17.6972500128333,0.0491788458827735,0.00385211848255661,0.00784700248550545,0.0286120988048355,0.105050170386016,0.217579937758435,0.639530432700312,0.37160466630204
"Green Island Reef (16-049)__GIeDNA1__0","Green Island Reef (16-049)","GIeDNA1",0,0.333333333333333,4.06967857858333,0.107593333772837,0.00839756217153705,0.0167718603041606,0.0612164753302917,0.22854263425296,0.485164582615757,0.866245739991325,0.665911861063265
"Green Island Reef (16-049)__GIeDNA1__200","Green Island Reef (16-049)","GIeDNA1",200,0.333333333333333,4.06967857858333,0.0791827785551504,0.00634909795796316,0.0126232163501277,0.0455261238182226,0.167850122983961,0.35404441804904,0.795513416508979,0.55531414721662
"Green Island Reef (16-049)__GIeDNA1__500","Green Island Reef (16-049)","GIeDNA1",500,0.333333333333333,4.06967857858333,0.0620053595712932,0.00503779722014663,0.00999801028918477,0.0358479865994306,0.131316308271091,0.275969406243223,0.722896716602318,0.460800768256468
"Green Island Reef (16-049)__GIeDNA1__1000","Green Island Reef (16-049)","GIeDNA1",1000,0.333333333333333,4.06967857858333,0.0491179344579234,0.00401238815443911,0.0079615531187054,0.0284789375350386,0.10400002519591,0.218070208283978,0.641634808474146,0.371260128388335
"Green Island Reef (16-049)__GIeDNA1__2000","Green Island Reef (16-049)","GIeDNA1",2000,0.333333333333333,4.06967857858333,0.037908327023452,0.00308903685435968,0.00613932225209829,0.0219870910607595,0.0803104331090925,0.168224266959391,0.541512919617335,0.278695068227009
"Green Island Reef (16-049)__GIeDNA2__0","Green Island Reef (16-049)","GIeDNA2",0,0.166666666666667,2.10021529358333,0.0900361673409869,0.00679704984602539,0.0137395066114784,0.0508904074589859,0.191984357482835,0.407908609751019,0.820333109304441,0.595977014915467
"Green Island Reef (16-049)__GIeDNA2__200","Green Island Reef (16-049)","GIeDNA2",200,0.166666666666667,2.10021529358333,0.066288290225951,0.00513355800183976,0.0103343691418262,0.0378494900233101,0.141089877994238,0.297897893002514,0.737002300928802,0.481838292313815
"Green Island Reef (16-049)__GIeDNA2__500","Green Island Reef (16-049)","GIeDNA2",500,0.166666666666667,2.10021529358333,0.05192483919936,0.00407010971937311,0.00818122261608411,0.0298045562521981,0.110433793471979,0.232346177395969,0.655870155255022,0.389195375770159
"Green Island Reef (16-049)__GIeDNA2__1000","Green Island Reef (16-049)","GIeDNA2",1000,0.166666666666667,2.10021529358333,0.041145254391731,0.00323943186799816,0.00651199868793647,0.0236784207083316,0.0874993486015239,0.183704332378232,0.569276064811722,0.305267729594227
"Green Island Reef (16-049)__GIeDNA2__2000","Green Island Reef (16-049)","GIeDNA2",2000,0.166666666666667,2.10021529358333,0.0317660614479311,0.00249223237492434,0.00501929997577789,0.0182810335355647,0.0675985149269201,0.141801823502263,0.467674467223518,0.222329360218317
"Green Island Reef (16-049)__GIeDNA3__0","Green Island Reef (16-049)","GIeDNA3",0,0.166666666666667,3.4332959915,0.100066494115654,0.00772906359014887,0.01556658689309,0.0570784508695899,0.213026805215268,0.45006011885846,0.849908434072315,0.639448469601827
"Green Island Reef (16-049)__GIeDNA3__200","Green Island Reef (16-049)","GIeDNA3",200,0.166666666666667,3.4332959915,0.0736560576033941,0.00584195271804801,0.0117140670213907,0.0424491059220419,0.156481641886984,0.328523976225668,0.77415597385576,0.526798045214302
"Green Island Reef (16-049)__GIeDNA3__500","Green Island Reef (16-049)","GIeDNA3",500,0.166666666666667,3.4332959915,0.0576854803142795,0.00463452202147338,0.00927668944755674,0.0334247559646125,0.122438749044777,0.256142861654108,0.697905750657171,0.432429329113667
"Green Island Reef (16-049)__GIeDNA3__1000","Green Island Reef (16-049)","GIeDNA3",1000,0.166666666666667,3.4332959915,0.0457019048449215,0.00369068849857375,0.00738623756564204,0.026553167530594,0.0969812830712768,0.202456630347196,0.614092366855031,0.344589161152055
"Green Island Reef (16-049)__GIeDNA3__2000","Green Island Reef (16-049)","GIeDNA3",2000,0.166666666666667,3.4332959915,0.0352770557076017,0.00284107592777755,0.00569492837394451,0.020499361897846,0.0749004609993036,0.156228176156823,0.512751064268602,0.255412715891091
"John Brewer Reef (18-075)__JBReDNA1__0","John Brewer Reef (18-075)","JBReDNA1",0,0.916666666666667,26.6640945803333,0.0703362999551463,7.20345084062954e-09,1.68700717801994e-07,3.46657529493752e-05,0.00539941121615017,0.0608383286256501,0.0542374930747922,0.0378378952919902
"John Brewer Reef (18-075)__JBReDNA1__200","John Brewer Reef (18-075)","JBReDNA1",200,0.916666666666667,26.6640945803333,0.0509204796462184,5.30774706471601e-09,1.25146251003995e-07,2.58441283569066e-05,0.00402297718236716,0.0449805652001185,0.0467101225913747,0.0322423081970046
"John Brewer Reef (18-075)__JBReDNA1__500","John Brewer Reef (18-075)","JBReDNA1",500,0.916666666666667,26.6640945803333,0.039333731909841,4.14276071842096e-09,9.82416480490871e-08,2.03873435735323e-05,0.00317525197289034,0.0353043101005985,0.041296868184383,0.0282647893429052
"John Brewer Reef (18-075)__JBReDNA1__1000","John Brewer Reef (18-075)","JBReDNA1",1000,0.916666666666667,26.6640945803333,0.0307419225987356,3.25971572104752e-09,7.77502534936496e-08,1.62228206193831e-05,0.0025301185537035,0.0279957091704243,0.0366017297602256,0.0248493790791722
"John Brewer Reef (18-075)__JBReDNA1__2000","John Brewer Reef (18-075)","JBReDNA1",2000,0.916666666666667,26.6640945803333,0.0233612489715385,2.48639262082701e-09,5.97103576248949e-08,1.25457651572732e-05,0.00196164801684139,0.0216020634762688,0.0318830159347366,0.0214520014128198
"John Brewer Reef (18-075)__JBReDNA2__0","John Brewer Reef (18-075)","JBReDNA2",0,0.0833333333333333,0.683597056166667,0.0715428778284442,3.75454314154948e-09,9.41227034887398e-08,2.19956424687704e-05,0.00391619875291256,0.0478619832400419,0.047016083628731,0.0327713972708792
"John Brewer Reef (18-075)__JBReDNA2__200","John Brewer Reef (18-075)","JBReDNA2",200,0.0833333333333333,0.683597056166667,0.0516133996884609,2.77057794947126e-09,6.99073870594449e-08,1.64004498373239e-05,0.00291431996116014,0.0353118918276395,0.0404382297045845,0.0278977618870358
"John Brewer Reef (18-075)__JBReDNA2__500","John Brewer Reef (18-075)","JBReDNA2",500,0.0833333333333333,0.683597056166667,0.0397544214381859,2.16511563013202e-09,5.49334196943806e-08,1.29390954782674e-05,0.00229790080662876,0.0276668703884274,0.0357166505950448,0.0244383499157398
"John Brewer Reef (18-075)__JBReDNA2__1000","John Brewer Reef (18-075)","JBReDNA2",1000,0.0833333333333333,0.683597056166667,0.0309832183396866,1.70565805650423e-09,4.35181543007913e-08,1.0297207188691e-05,0.00182921790339288,0.021901250868277,0.0316275829641716,0.0214711628470693
"John Brewer Reef (18-075)__JBReDNA2__2000","John Brewer Reef (18-075)","JBReDNA2",2000,0.0833333333333333,0.683597056166667,0.0234687227730436,1.30280295232152e-09,3.34586408940714e-08,7.96432165034959e-06,0.00141662413531758,0.016865595303864,0.0275239034148417,0.0185227679121712
"John Brewer Reef (18-075)__JBReDNA3__0","John Brewer Reef (18-075)","JBReDNA3",0,0.833333333333333,42.155257055,0.280365136411591,1.00904904741549e-08,2.6171159186268e-07,6.54542286873577e-05,0.0125386018362912,0.160740222312372,0.081870575035085,0.0596819176077431
"John Brewer Reef (18-075)__JBReDNA3__200","John Brewer Reef (18-075)","JBReDNA3",200,0.833333333333333,42.155257055,0.201688634566751,7.45562570265064e-09,1.94570439742677e-07,4.88077041823043e-05,0.00932171935611718,0.118397356478203,0.0717190447453746,0.0517669100935099
"John Brewer Reef (18-075)__JBReDNA3__500","John Brewer Reef (18-075)","JBReDNA3",500,0.833333333333333,42.155257055,0.154985204407273,5.83245951320423e-09,1.5301667638265e-07,3.85091165831143e-05,0.00734414740507577,0.0926388288485353,0.0642836379091492,0.0460329575046887
"John Brewer Reef (18-075)__JBReDNA3__1000","John Brewer Reef (18-075)","JBReDNA3",1000,0.833333333333333,42.155257055,0.120515432051351,4.59946775500864e-09,1.2131435201372e-07,3.06482994187634e-05,0.00584165074469036,0.0732361191470765,0.0577304350632381,0.041027215387361
"John Brewer Reef (18-075)__JBReDNA3__2000","John Brewer Reef (18-075)","JBReDNA3",2000,0.833333333333333,42.155257055,0.0910499925298876,3.51722621759839e-09,9.33547646030861e-08,2.37065230317547e-05,0.00451999369493112,0.0563116034174646,0.0510338797095182,0.0359618844227002
"John Brewer Reef (18-075)__JBReDNA4__0","John Brewer Reef (18-075)","JBReDNA4",0,1,23.0363358741667,0.450492891179098,7.90075966203875e-09,2.23067162916759e-07,6.47472676984549e-05,0.01435357898852,0.198780167258579,0.0871770323858024,0.0644058538876816
"John Brewer Reef (18-075)__JBReDNA4__200","John Brewer Reef (18-075)","JBReDNA4",200,1,23.0363358741667,0.323498586911572,5.84172023079138e-09,1.65927882546687e-07,4.82825654713195e-05,0.0106653973419953,0.146285457553588,0.0767738093789682,0.0561899318083553
"John Brewer Reef (18-075)__JBReDNA4__500","John Brewer Reef (18-075)","JBReDNA4",500,1,23.0363358741667,0.248219399902739,4.57261000327363e-09,1.3055011991816e-07,3.80961928157608e-05,0.00839897258834546,0.114371638413225,0.0691164589511387,0.0502054162698157
"John Brewer Reef (18-075)__JBReDNA4__1000","John Brewer Reef (18-075)","JBReDNA4",1000,1,23.0363358741667,0.192729563741062,3.60809225851639e-09,1.03549546995123e-07,3.03208266653443e-05,0.00667763376002596,0.0903467556746998,0.0623376020730967,0.0449552841606865
"John Brewer Reef (18-075)__JBReDNA4__2000","John Brewer Reef (18-075)","JBReDNA4",2000,1,23.0363358741667,0.145359980120727,2.76104283653680e-09,7.97268742268652e-08,2.34543072880256e-05,0.00516407183210439,0.0694041913269068,0.0553775139362083,0.0396149317798029
"Judith Wright Reef (18-101)__JWeDNA_1__0","Judith Wright Reef (18-101)","JWeDNA_1",0,0.5,328.66324485,0.112420106772637,0.0535673750546495,0.0677358981502781,0.105708543910899,0.165258524820021,0.210046394473233,0.999999154468527,0.997407210214632
"Judith Wright Reef (18-101)__JWeDNA_1__200","Judith Wright Reef (18-101)","JWeDNA_1",200,0.5,328.66324485,0.0829464006609104,0.0416293561529297,0.0518470132106418,0.0785933887598262,0.119346858579874,0.149406552498661,0.9999872292646,0.98119423155504
"Judith Wright Reef (18-101)__JWeDNA_1__500","Judith Wright Reef (18-101)","JWeDNA_1",500,0.5,328.66324485,0.0650858228319514,0.0334108357032219,0.0413363671136034,0.0618673278766677,0.0927578201819518,0.115352253104657,0.999830723403865,0.917090923796235
"Judith Wright Reef (18-101)__JWeDNA_1__1000","Judith Wright Reef (18-101)","JWeDNA_1",1000,0.5,328.66324485,0.0516594552981014,0.026621357993291,0.0329009006595861,0.0491333406677994,0.0734989555844233,0.0912895629317195,0.997940208097168,0.744896856373893
"Judith Wright Reef (18-101)__JWeDNA_1__2000","Judith Wright Reef (18-101)","JWeDNA_1",2000,0.5,328.66324485,0.039957312604429,0.020245345541592,0.0251505390517336,0.0379179994305254,0.057254559036718,0.0714477155227712,0.977006713902417,0.434803819638169
"Judith Wright Reef (18-101)__JWeDNA_2__0","Judith Wright Reef (18-101)","JWeDNA_2",0,0.833333333333333,111.196897911667,0.0898838156446129,0.0456860307708971,0.0567483933268402,0.085390310599584,0.128570758256447,0.160003711379469,0.999997316774329,0.991288136376988
"Judith Wright Reef (18-101)__JWeDNA_2__200","Judith Wright Reef (18-101)","JWeDNA_2",200,0.833333333333333,111.196897911667,0.0663500462832033,0.0355208387360011,0.0434683040217972,0.063500097951644,0.092783658030162,0.113624086171454,0.999953025023184,0.940930818069074
"Judith Wright Reef (18-101)__JWeDNA_2__500","Judith Wright Reef (18-101)","JWeDNA_2",500,0.833333333333333,111.196897911667,0.0520832215265989,0.0284777116026322,0.0346405417959962,0.0499922653741757,0.0721448815958741,0.0877580966816438,0.999314226963001,0.782003422252855
"Judith Wright Reef (18-101)__JWeDNA_2__1000","Judith Wright Reef (18-101)","JWeDNA_2",1000,0.833333333333333,111.196897911667,0.0413546304126401,0.022636231893736,0.0275308242523763,0.0397045073031146,0.0572500919492764,0.0695979139165064,0.991810391403348,0.489509883634292
"Judith Wright Reef (18-101)__JWeDNA_2__2000","Judith Wright Reef (18-101)","JWeDNA_2",2000,0.833333333333333,111.196897911667,0.032000395728362,0.0171444427054108,0.0209876278461897,0.0306405293113756,0.0447199062356282,0.0547025058065249,0.925751995290175,0.18309386606694
"Judith Wright Reef (18-101)__JWeDNA_3__0","Judith Wright Reef (18-101)","JWeDNA_3",0,0.833333333333333,25.1579482116667,0.0647684039604177,0.0309881539025394,0.0391994020467128,0.0610035288630294,0.0949768184846519,0.120305090390796,0.999382187761754,0.889334242387689
"Judith Wright Reef (18-101)__JWeDNA_3__200","Judith Wright Reef (18-101)","JWeDNA_3",200,0.833333333333333,25.1579482116667,0.0478060628960552,0.0240154785157527,0.0299638047879815,0.0453663997873785,0.0686827980163358,0.0856942953028924,0.994307756862986,0.651328990682077
"Judith Wright Reef (18-101)__JWeDNA_3__500","Judith Wright Reef (18-101)","JWeDNA_3",500,0.833333333333333,25.1579482116667,0.037523858052618,0.0192290873276878,0.0238594138280976,0.0357168866813749,0.0534479097390253,0.0662612502846474,0.967283551269919,0.359238827477849
"Judith Wright Reef (18-101)__JWeDNA_3__1000","Judith Wright Reef (18-101)","JWeDNA_3",1000,0.833333333333333,25.1579482116667,0.0297922306343452,0.0152887842338709,0.0189663153708933,0.0283674115537821,0.0424045382307338,0.0525290747620061,0.867038183623736,0.136629274698693
"Judith Wright Reef (18-101)__JWeDNA_3__2000","Judith Wright Reef (18-101)","JWeDNA_3",2000,0.833333333333333,25.1579482116667,0.0230515346837055,0.0116033111908641,0.0144783890043411,0.0218918351081735,0.0330783335084788,0.0411988565665864,0.60999582291935,0.0306744554232743
"Judith Wright Reef (18-101)__JWeDNA_4__0","Judith Wright Reef (18-101)","JWeDNA_4",0,1,60.8925450516667,0.0760923968795113,0.0369127720536175,0.046522618671256,0.0718401109584756,0.110935192681104,0.139821813279647,0.999918866880601,0.957924656934587
"Judith Wright Reef (18-101)__JWeDNA_4__200","Judith Wright Reef (18-101)","JWeDNA_4",200,1,60.8925450516667,0.0561764835242197,0.0285905799793452,0.0355500755113733,0.0534268625296465,0.0802491289944018,0.0996347914988541,0.999007033316969,0.818663152302245
"Judith Wright Reef (18-101)__JWeDNA_4__500","Judith Wright Reef (18-101)","JWeDNA_4",500,1,60.8925450516667,0.0441016910726035,0.0228749582146936,0.0282935089155983,0.0420628841005096,0.0624797997677129,0.0770985274074122,0.991889512055339,0.564075718041907
"Judith Wright Reef (18-101)__JWeDNA_4__1000","Judith Wright Reef (18-101)","JWeDNA_4",1000,1,60.8925450516667,0.0350206945398255,0.0181699624957273,0.0224758424123752,0.0334067839283367,0.0496038877992634,0.061188135832403,0.951485088566762,0.27933489776297
"Judith Wright Reef (18-101)__JWeDNA_4__2000","Judith Wright Reef (18-101)","JWeDNA_4",2000,1,60.8925450516667,0.027102253094629,0.0137722334496097,0.0171415118773763,0.0257795478501576,0.0387304026508135,0.0480661622346911,0.78715451437453,0.0833363927633985
"Keeper Reef (18-079)__KR1__0","Keeper Reef (18-079)","KR1",0,0.666666666666667,17,1.7273859489682,0.00181275034567561,0.00724843198604,0.100832354589235,1.52526703146726,7.74644252194641,0.786759477232267,0.678352976530573
"Keeper Reef (18-079)__KR1__200","Keeper Reef (18-079)","KR1",200,0.666666666666667,17,1.27253936850569,0.00135467028056211,0.00541399724449533,0.0750022494126353,1.12878916123069,5.71286559268718,0.743549635764642,0.626131286482029
"Keeper Reef (18-079)__KR1__500","Keeper Reef (18-079)","KR1",500,0.666666666666667,17,0.997286616677576,0.0010678476291269,0.00426980923157499,0.0590664077653927,0.886873505275525,4.47854904888398,0.705347756940906,0.581957987686183
"Keeper Reef (18-079)__KR1__1000","Keeper Reef (18-079)","KR1",1000,0.666666666666667,17,0.790619251821323,0.000847200570804698,0.00339174719209195,0.0469305548519004,0.704117033794822,3.54984403105516,0.666102252550043,0.538320346841387
"Keeper Reef (18-079)__KR1__2000","Keeper Reef (18-079)","KR1",2000,0.666666666666667,17,0.610717322700404,0.000651274470784382,0.00261332279314225,0.036237596575314,0.544171528018262,2.74004984549026,0.619621674970025,0.488713282603624
"Keeper Reef (18-079)__KR2__0","Keeper Reef (18-079)","KR2",0,0.933333333333333,43.6,2.00020963064515,0.00203889102484407,0.00822035012188152,0.11535214844439,1.75549722046164,8.92114232114954,0.804192284200477,0.700373641781044
"Keeper Reef (18-079)__KR2__200","Keeper Reef (18-079)","KR2",200,0.933333333333333,43.6,1.47615348030424,0.00152110559686228,0.00613306490499183,0.0858066782848649,1.30063060770306,6.58891463361957,0.762999965105851,0.649636032424107
"Keeper Reef (18-079)__KR2__500","Keeper Reef (18-079)","KR2",500,0.933333333333333,43.6,1.15852353333268,0.00119743177620203,0.004832554322934,0.0675776969540604,1.02280823916512,5.1714751963286,0.726315391089948,0.606395488094927
"Keeper Reef (18-079)__KR2__1000","Keeper Reef (18-079)","KR2",1000,0.933333333333333,43.6,0.919714678493314,0.00094879031513695,0.00383545671579908,0.0536948921826931,0.812741038438754,4.10377330631786,0.688383930074495,0.563393332405548
"Keeper Reef (18-079)__KR2__2000","Keeper Reef (18-079)","KR2",2000,0.933333333333333,43.6,0.711541882401067,0.000728329867290746,0.00295235593748623,0.0414621293713216,0.628725780145634,3.17168098654909,0.643152117651343,0.514162645892241
"Lady Musgrave Reef (23-082a)__LadyMuseDNA1__0","Lady Musgrave Reef (23-082a)","LadyMuseDNA1",0,1,38.0075554363429,0.0966868948128798,0.0481203301943151,0.0599540783752724,0.0913874184456797,0.139764641781342,0.175784297847163,0.999997949238769,0.99391379985609
"Lady Musgrave Reef (23-082a)__LadyMuseDNA1__200","Lady Musgrave Reef (23-082a)","LadyMuseDNA1",200,1,38.0075554363429,0.0712688524136002,0.0376431949073412,0.0461377449564813,0.0679885209123149,0.100392074739559,0.123760950283691,0.999972970052184,0.960128230538662
"Lady Musgrave Reef (23-082a)__LadyMuseDNA1__500","Lady Musgrave Reef (23-082a)","LadyMuseDNA1",500,1,38.0075554363429,0.0558792595755176,0.0303523427112619,0.0369344276542873,0.0535506248662637,0.0777071725625871,0.0947848081097478,0.999657273933673,0.842981730149075
"Lady Musgrave Reef (23-082a)__LadyMuseDNA1__1000","Lady Musgrave Reef (23-082a)","LadyMuseDNA1",1000,1,38.0075554363429,0.0443191267526368,0.0242676693383366,0.029492584750009,0.0425515848634755,0.061372669238762,0.0745177210257045,0.995855035354197,0.585390216639231
"Lady Musgrave Reef (23-082a)__LadyMuseDNA1__2000","Lady Musgrave Reef (23-082a)","LadyMuseDNA1",2000,1,38.0075554363429,0.0342514279552854,0.0184994600334569,0.0226008369667265,0.0328544294837625,0.0476894201123934,0.0580196232045306,0.955546066004251,0.248879526432399
"Lady Musgrave Reef (23-082a)__LadyMuseDNA2__0","Lady Musgrave Reef (23-082a)","LadyMuseDNA2",0,1,96.3767760433256,0.123901793922511,0.0687722061261879,0.0830496334193691,0.118985803272245,0.170767206146093,0.207240191135658,0.999999999887835,0.999947584702134
"Lady Musgrave Reef (23-082a)__LadyMuseDNA2__200","Lady Musgrave Reef (23-082a)","LadyMuseDNA2",200,1,96.3767760433256,0.0913411887660633,0.0543703764559356,0.0643172993569045,0.08849389204894,0.121887711271946,0.144623414010486,0.999999998776313,0.999278274367433
"Lady Musgrave Reef (23-082a)__LadyMuseDNA2__500","Lady Musgrave Reef (23-082a)","LadyMuseDNA2",500,1,96.3767760433256,0.0716247440740928,0.0441180102837929,0.0516706104795359,0.0696797576946396,0.0940127717913648,0.110263986063125,0.999999955059461,0.991293013511526
"Lady Musgrave Reef (23-082a)__LadyMuseDNA2__1000","Lady Musgrave Reef (23-082a)","LadyMuseDNA2",1000,1,96.3767760433256,0.0568128968717504,0.0353634943629216,0.0413029185426363,0.0553495553729761,0.074173968901076,0.0866341455832058,0.999995831103595,0.922468824887239
"Lady Musgrave Reef (23-082a)__LadyMuseDNA2__2000","Lady Musgrave Reef (23-082a)","LadyMuseDNA2",2000,1,96.3767760433256,0.0439118686936487,0.0268996315317557,0.0315867479959776,0.0427208924320896,0.057755446677462,0.0677378501356611,0.999364718541273,0.60972755746385
"Lady Musgrave Reef (23-082a)__LadyMuseDNA3__0","Lady Musgrave Reef (23-082a)","LadyMuseDNA3",0,1,253.49400639534,0.182267401677777,0.102231401675092,0.123186402653675,0.17539537545513,0.249893963747587,0.301709321957708,0.999999999999998,0.999999957794276
"Lady Musgrave Reef (23-082a)__LadyMuseDNA3__200","Lady Musgrave Reef (23-082a)","LadyMuseDNA3",200,1,253.49400639534,0.134373848512336,0.0809731932204948,0.0954799292386952,0.130418402386954,0.178219842979252,0.210418949460772,0.999999999999993,0.999999397082093
"Lady Musgrave Reef (23-082a)__LadyMuseDNA3__500","Lady Musgrave Reef (23-082a)","LadyMuseDNA3",500,1,253.49400639534,0.105371495692867,0.0657901940385923,0.0767427525615061,0.102669790615961,0.137397064616736,0.160408243395945,0.999999999999698,0.99998330564126
"Lady Musgrave Reef (23-082a)__LadyMuseDNA3__1000","Lady Musgrave Reef (23-082a)","LadyMuseDNA3",1000,1,253.49400639534,0.0835827780706147,0.0527718675893627,0.0613527840097796,0.0815407511273466,0.108389145956133,0.12607242055573,0.999999999877413,0.999332012002565
"Lady Musgrave Reef (23-082a)__LadyMuseDNA3__2000","Lady Musgrave Reef (23-082a)","LadyMuseDNA3",2000,1,253.49400639534,0.064604121078818,0.0401349018679587,0.0469057582237419,0.0629293320958792,0.0844231807814586,0.0986537765590163,0.999999712009878,0.975929731890225
"Lady Musgrave Reef (23-082a)__LadyMuseDNA4__0","Lady Musgrave Reef (23-082a)","LadyMuseDNA4",0,1,35.9176362864673,0.154015367966444,0.0807439858360214,0.0991322095586005,0.14674325073767,0.217720359528173,0.269064377012501,0.999999999958867,0.99998873686357
"Lady Musgrave Reef (23-082a)__LadyMuseDNA4__200","Lady Musgrave Reef (23-082a)","LadyMuseDNA4",200,1,35.9176362864673,0.113579796493608,0.0633485416250344,0.0763659511444112,0.109117037889409,0.156229538583568,0.189415597034646,0.999999999395827,0.999839111738642
"Lady Musgrave Reef (23-082a)__LadyMuseDNA4__500","Lady Musgrave Reef (23-082a)","LadyMuseDNA4",500,1,35.9176362864673,0.0890866849401442,0.0511276194482293,0.0611305018753317,0.0859131032335332,0.120934112624845,0.145244300678954,0.99999997862285,0.997979736940153
"Lady Musgrave Reef (23-082a)__LadyMuseDNA4__1000","Lady Musgrave Reef (23-082a)","LadyMuseDNA4",1000,1,35.9176362864673,0.0706811692023419,0.0408425952590801,0.0487634798514398,0.068248908773128,0.0956120480874844,0.114464825303503,0.999998524872594,0.979107913793409
"Lady Musgrave Reef (23-082a)__LadyMuseDNA4__2000","Lady Musgrave Reef (23-082a)","LadyMuseDNA4",2000,1,35.9176362864673,0.054645510299199,0.0310356905073535,0.0372835515990798,0.052688577749369,0.0744648618773251,0.0894763214232403,0.999834132706712,0.846368403998525
"Lizard Island Reef (Lagoon) (14-116d)__Big Vickis Reef__0","Lizard Island Reef (Lagoon) (14-116d)","Big Vickis Reef",0,0.743455497382199,31.6203122360157,0.158939297924418,0.0873946900025135,0.105993436769207,0.152616915109367,0.219792018495611,0.266749347966168,0.999999999999541,0.999998739187696
"Lizard Island Reef (Lagoon) (14-116d)__Big Vickis Reef__200","Lizard Island Reef (Lagoon) (14-116d)","Big Vickis Reef",200,0.743455497382199,31.6203122360157,0.117178642085752,0.0690549254536127,0.0820279209200234,0.113482447872865,0.156992361347396,0.186472157568603,0.999999999996413,0.999980830522823
"Lizard Island Reef (Lagoon) (14-116d)__Big Vickis Reef__500","Lizard Island Reef (Lagoon) (14-116d)","Big Vickis Reef",500,0.743455497382199,31.6203122360157,0.0918897001112252,0.0560270770965349,0.065867158822139,0.0893348866535383,0.121148618042493,0.142375724339384,0.999999999846132,0.999636761077188
"Lizard Island Reef (Lagoon) (14-116d)__Big Vickis Reef__1000","Lizard Island Reef (Lagoon) (14-116d)","Big Vickis Reef",1000,0.743455497382199,31.6203122360157,0.0728904831305346,0.0449205779626381,0.0526369494469117,0.0709456729907665,0.0956099658126573,0.111990458984506,0.999999972923601,0.99306300935789
"Lizard Island Reef (Lagoon) (14-116d)__Big Vickis Reef__2000","Lizard Island Reef (Lagoon) (14-116d)","Big Vickis Reef",2000,0.743455497382199,31.6203122360157,0.056341264747171,0.0341902371681317,0.040254766647579,0.0547469959584409,0.0744468650610326,0.0876187027956749,0.99998650503216,0.904566393314493
"Lizard Island Reef (Lagoon) (14-116d)__Casuarina Beach__0","Lizard Island Reef (Lagoon) (14-116d)","Casuarina Beach",0,0.557894736842105,20.4318985753053,0.128150395020709,0.0685239847216232,0.0838154218269541,0.122614556522951,0.179400357176291,0.219545600233424,0.999999999494275,0.999919362115732
"Lizard Island Reef (Lagoon) (14-116d)__Casuarina Beach__200","Lizard Island Reef (Lagoon) (14-116d)","Casuarina Beach",200,0.557894736842105,20.4318985753053,0.094491813358457,0.053940398521219,0.0647034256219256,0.0911725524876968,0.128460492296057,0.154064956204005,0.999999992839626,0.998961425269205
"Lizard Island Reef (Lagoon) (14-116d)__Casuarina Beach__500","Lizard Island Reef (Lagoon) (14-116d)","Casuarina Beach",500,0.557894736842105,20.4318985753053,0.0741067378760714,0.0436512021947239,0.0518697227242655,0.071773354989465,0.0992955655805022,0.117926626800851,0.999999771020266,0.989478862873908
"Lizard Island Reef (Lagoon) (14-116d)__Casuarina Beach__1000","Lizard Island Reef (Lagoon) (14-116d)","Casuarina Beach",1000,0.557894736842105,20.4318985753053,0.0587901192616181,0.0349451642505077,0.0414131535028976,0.0570012968130353,0.0784352398052323,0.0928791094789174,0.999986806340589,0.922324873022542
"Lizard Island Reef (Lagoon) (14-116d)__Casuarina Beach__2000","Lizard Island Reef (Lagoon) (14-116d)","Casuarina Beach",2000,0.557894736842105,20.4318985753053,0.0454472103635307,0.0265932132094157,0.0316712897149378,0.0439890432141061,0.0610734543240181,0.0726539178750869,0.998950197943288,0.644411316471703
"Lizard Island Reef (Lagoon) (14-116d)__Lagoon__0","Lizard Island Reef (Lagoon) (14-116d)","Lagoon",0,0.259259259259259,3.2736913543545,0.0931009575388487,0.0471377726457734,0.0585956671692479,0.088403286143089,0.133429714691083,0.166071485308178,0.999998168096219,0.993257047541852
"Lizard Island Reef (Lagoon) (14-116d)__Lagoon__200","Lizard Island Reef (Lagoon) (14-116d)","Lagoon",200,0.259259259259259,3.2736913543545,0.0685593534995376,0.0372430876960686,0.0453492149056275,0.0657370620875079,0.0953008919100021,0.116078416288191,0.999979958751988,0.956803302899478
"Lizard Island Reef (Lagoon) (14-116d)__Lagoon__500","Lizard Island Reef (Lagoon) (14-116d)","Lagoon",500,0.259259259259259,3.2736913543545,0.0537128231213512,0.0302906850828101,0.0364770977134928,0.0517514969255701,0.0734163396437138,0.0883884391614242,0.999752711907475,0.827341945627361
"Lizard Island Reef (Lagoon) (14-116d)__Lagoon__1000","Lizard Island Reef (Lagoon) (14-116d)","Lagoon",1000,0.259259259259259,3.2736913543545,0.0425686793704198,0.0244115071597421,0.0292520312819837,0.0411008074536295,0.0577380930414396,0.0691463988348531,0.996683789560032,0.540612609166942
"Lizard Island Reef (Lagoon) (14-116d)__Lagoon__2000","Lizard Island Reef (Lagoon) (14-116d)","Lagoon",2000,0.259259259259259,3.2736913543545,0.0328704712839758,0.0187454021132537,0.0225025451455192,0.0317178785815316,0.0446946795273501,0.0536079967805235,0.957456369595165,0.192956762428326
"Lizard Island Reef (North East) (14-116b)__Mermaid Cove__0","Lizard Island Reef (North East) (14-116b)","Mermaid Cove",0,0.421052631578947,7.46611266436842,0.0286424426341537,0.0111974415450747,0.0150462055565034,0.0261410364990126,0.0453264513830593,0.060558440047034,0.732389083622776,0.160844303428366
"Lizard Island Reef (North East) (14-116b)__Mermaid Cove__200","Lizard Island Reef (North East) (14-116b)","Mermaid Cove",200,0.421052631578947,7.46611266436842,0.0212351097746303,0.00843003226476857,0.011281616540208,0.0194382168561529,0.0334161905712894,0.0444302305796421,0.472125917541722,0.0439996169065286
"Lizard Island Reef (North East) (14-116b)__Mermaid Cove__500","Lizard Island Reef (North East) (14-116b)","Mermaid Cove",500,0.421052631578947,7.46611266436842,0.0167273698732557,0.00661237663263298,0.00886164872017599,0.0153028632617201,0.0263608922624682,0.0350796326870956,0.263600924207867,0.0118494383844726
"Lizard Island Reef (North East) (14-116b)__Mermaid Cove__1000","Lizard Island Reef (North East) (14-116b)","Mermaid Cove",1000,0.421052631578947,7.46611266436842,0.0133263207343986,0.00517367079710327,0.00697049377377094,0.0121538877119404,0.0211356688459714,0.0282615909058626,0.124262983160627,0.00292986383300955
"Lizard Island Reef (North East) (14-116b)__Mermaid Cove__2000","Lizard Island Reef (North East) (14-116b)","Mermaid Cove",2000,0.421052631578947,7.46611266436842,0.010350804301314,0.00387650576414428,0.00527730976168064,0.00937983187746035,0.0166239722347951,0.0224475571638849,0.0450806839854091,0.000591630839040575
"Lizard Island Reef (North West) (14-116a)__Clam Gardens__0","Lizard Island Reef (North West) (14-116a)","Clam Gardens",0,0.652631578947368,26.9291110312368,0.0649662753502675,0.0334356467897766,0.0415132976056722,0.0619831188464278,0.0922826390859501,0.113631786074538,0.999855338112803,0.919347791058697
"Lizard Island Reef (North West) (14-116a)__Clam Gardens__200","Lizard Island Reef (North West) (14-116a)","Clam Gardens",200,0.652631578947368,26.9291110312368,0.0480352220650898,0.0257289398609096,0.0315932517950523,0.0461017837510711,0.0670282117358221,0.081439784606195,0.997741138140632,0.683523179224294
"Lizard Island Reef (North West) (14-116a)__Clam Gardens__500","Lizard Island Reef (North West) (14-116a)","Clam Gardens",500,0.652631578947368,26.9291110312368,0.0377563989757375,0.0204411732746411,0.0250306250324856,0.0362976782395485,0.0524233512736014,0.0634441127539435,0.980275383296231,0.365505770422824
"Lizard Island Reef (North West) (14-116a)__Clam Gardens__1000","Lizard Island Reef (North West) (14-116a)","Clam Gardens",1000,0.652631578947368,26.9291110312368,0.0300171446081216,0.0161093974979794,0.0197812467759726,0.0288280369436754,0.0418358022311745,0.0507509612949941,0.893234987237982,0.129660326412508
"Lizard Island Reef (North West) (14-116a)__Clam Gardens__2000","Lizard Island Reef (North West) (14-116a)","Clam Gardens",2000,0.652631578947368,26.9291110312368,0.0232606161353406,0.01209645600149,0.0149928508495525,0.0222452551562786,0.0328691143670732,0.0402560252746045,0.633311349934176,0.0272605317219678
"Lynchs Reef (18-091)__LYN_CCIPD02_1__0","Lynchs Reef (18-091)","LYN_CCIPD02_1",0,1,48.6968964733333,0.173650099864766,0.0311017408758309,0.050850464753204,0.128937443208814,0.33485385385876,0.588491232085954,0.994622043266289,0.946075338111122
"Lynchs Reef (18-091)__LYN_CCIPD02_1__200","Lynchs Reef (18-091)","LYN_CCIPD02_1",200,1,48.6968964733333,0.128070633230363,0.0235694888419023,0.0383286665654682,0.0958694708870834,0.245562687467541,0.428916737288203,0.985340791610389,0.889269480880957
"Lynchs Reef (18-091)__LYN_CCIPD02_1__500","Lynchs Reef (18-091)","LYN_CCIPD02_1",500,1,48.6968964733333,0.100462207491825,0.0186960577698361,0.0303494461120991,0.0754806752568183,0.192163619803416,0.334592439913532,0.968609537956673,0.815435393801566
"Lynchs Reef (18-091)__LYN_CCIPD02_1__1000","Lynchs Reef (18-091)","LYN_CCIPD02_1",1000,1,48.6968964733333,0.0797160886594891,0.0148585696639632,0.0241305791664356,0.0599613980779142,0.152422949208809,0.264998993713499,0.938539851271606,0.718620714777345
"Lynchs Reef (18-091)__LYN_CCIPD02_1__2000","Lynchs Reef (18-091)","LYN_CCIPD02_1",2000,1,48.6968964733333,0.0616412745355941,0.0113867684190285,0.0185477498256472,0.0462931813744267,0.118082982912049,0.20532136282888,0.880435946014234,0.586043696885081
"Lynchs Reef (18-091)__LYN_CCIPD02_2__0","Lynchs Reef (18-091)","LYN_CCIPD02_2",0,0.75,9.89380893141667,0.122317280825497,0.0210473329929286,0.0346090865011248,0.0893890885087848,0.237341343990108,0.424304820729498,0.977867345604806,0.861887844944979
"Lynchs Reef (18-091)__LYN_CCIPD02_2__200","Lynchs Reef (18-091)","LYN_CCIPD02_2",200,0.75,9.89380893141667,0.0901658342096506,0.0159658445309773,0.0261012460672799,0.0664596547205594,0.173955148658658,0.309054312325417,0.949635275973874,0.759501669567267
"Lynchs Reef (18-091)__LYN_CCIPD02_2__500","Lynchs Reef (18-091)","LYN_CCIPD02_2",500,0.75,9.89380893141667,0.070699700635541,0.0126762477556349,0.0206792838964282,0.0523235365729304,0.136049914646182,0.24091606391547,0.907744622528291,0.649488785249805
"Lynchs Reef (18-091)__LYN_CCIPD02_2__1000","Lynchs Reef (18-091)","LYN_CCIPD02_2",1000,0.75,9.89380893141667,0.0560777138872675,0.0100842097789703,0.0164525122745745,0.0415645822414258,0.107844311300604,0.190641722590025,0.845037916813999,0.528095318768022
"Lynchs Reef (18-091)__LYN_CCIPD02_2__2000","Lynchs Reef (18-091)","LYN_CCIPD02_2",2000,0.75,9.89380893141667,0.0433436058103968,0.0077371918951598,0.0126565256242283,0.032089736649594,0.0834785793024606,0.1475365706634,0.745327797924675,0.388998375350229
"Lynchs Reef (18-091)__LYN_CCIPD02_3__0","Lynchs Reef (18-091)","LYN_CCIPD02_3",0,0.333333333333333,6.47834959958333,0.119943309392561,0.0226678890106905,0.0362791757979203,0.0898684059064716,0.229216019767168,0.400641191541179,0.982551620908867,0.874060740052889
"Lynchs Reef (18-091)__LYN_CCIPD02_3__200","Lynchs Reef (18-091)","LYN_CCIPD02_3",200,0.333333333333333,6.47834959958333,0.0883950447803039,0.0172314785484283,0.0273921691680353,0.066807178103667,0.167807859473283,0.291399365691316,0.957854534515047,0.772211734070293
"Lynchs Reef (18-091)__LYN_CCIPD02_3__500","Lynchs Reef (18-091)","LYN_CCIPD02_3",500,0.333333333333333,6.47834959958333,0.0692974566490954,0.0136983136992476,0.0217175144071865,0.0525932910595335,0.131148822050668,0.226950837437362,0.919090875693688,0.659462881703728
"Lynchs Reef (18-091)__LYN_CCIPD02_3__1000","Lynchs Reef (18-091)","LYN_CCIPD02_3",1000,0.333333333333333,6.47834959958333,0.0549545973032046,0.0109059825521621,0.017286918394624,0.041777381288196,0.103908908403197,0.17947980218168,0.858413946947214,0.532945011687767
"Lynchs Reef (18-091)__LYN_CCIPD02_3__2000","Lynchs Reef (18-091)","LYN_CCIPD02_3",2000,0.333333333333333,6.47834959958333,0.0424657454837126,0.00837104288358917,0.0133023737764638,0.0322541306600233,0.0804083487528269,0.138842818137211,0.758228272214005,0.387116723316598
"Lynchs Reef (18-091)__LYN_CCIPD02_4__0","Lynchs Reef (18-091)","LYN_CCIPD02_4",0,0.5,5.80473040241667,0.108916420926316,0.0225351563436673,0.0353954487218157,0.0840895328982152,0.20472494416893,0.346431165757219,0.982794197989728,0.864975927938876
"Lynchs Reef (18-091)__LYN_CCIPD02_4__200","Lynchs Reef (18-091)","LYN_CCIPD02_4",200,0.5,5.80473040241667,0.080293608359428,0.0171346666869918,0.0267311185345619,0.0625164126501301,0.149843486887071,0.2518363765041,0.956634732299155,0.752458156136479
"Lynchs Reef (18-091)__LYN_CCIPD02_4__500","Lynchs Reef (18-091)","LYN_CCIPD02_4",500,0.5,5.80473040241667,0.0629620929519557,0.0136189022623204,0.0211916908474561,0.0492178757340367,0.117118509752394,0.196138624438189,0.914394683527111,0.628965733838704
"Lynchs Reef (18-091)__LYN_CCIPD02_4__1000","Lynchs Reef (18-091)","LYN_CCIPD02_4",1000,0.5,5.80473040241667,0.0499424509934419,0.0108373608986475,0.0168630351831202,0.0390972926358033,0.0928221496091104,0.155172220936684,0.847356819455154,0.493420591480538
"Lynchs Reef (18-091)__LYN_CCIPD02_4__2000","Lynchs Reef (18-091)","LYN_CCIPD02_4",2000,0.5,5.80473040241667,0.0386029326732767,0.00831060153782998,0.012967990852342,0.0301852456119699,0.0718745387199965,0.120144873411284,0.73666073812474,0.342963597507987
"Moore Reef (16-071)__MOEDNA1__0","Moore Reef (16-071)","MOEDNA1",0,0.333333333333333,4.52080054769444,0.0340210857152232,0.000398419800115603,0.00138632295731985,0.010677235176014,0.0745054350340701,0.19567077145148,0.331598472283396,0.189046638221353
"Moore Reef (16-071)__MOEDNA1__200","Moore Reef (16-071)","MOEDNA1",200,0.333333333333333,4.52080054769444,0.0250776819280459,0.000298187946762528,0.00103711333542177,0.00794552462063612,0.0550513073286811,0.143843829287064,0.264955404167716,0.14108780424281
"Moore Reef (16-071)__MOEDNA1__500","Moore Reef (16-071)","MOEDNA1",500,0.333333333333333,4.52080054769444,0.0196626874429248,0.000235225540980696,0.000818463347281079,0.00625815053796422,0.043224888453978,0.112640038888881,0.216644610713913,0.109077080696319
"Moore Reef (16-071)__MOEDNA1__1000","Moore Reef (16-071)","MOEDNA1",1000,0.333333333333333,4.52080054769444,0.0155950456114214,0.000186677346872153,0.000650210239242465,0.00497202276594566,0.0343144519397172,0.0892987140100862,0.175493734864003,0.0836960287087305
"Moore Reef (16-071)__MOEDNA1__2000","Moore Reef (16-071)","MOEDNA1",2000,0.333333333333333,4.52080054769444,0.0120524575357829,0.00014348586716176,0.000500720166386551,0.00383801947639825,0.026533557289001,0.0690438610045887,0.13587203109809,0.0609859024734158
"Moore Reef (16-071)__MOEDNA2__0","Moore Reef (16-071)","MOEDNA2",0,0.722222222222222,44.6155343239444,0.0496521493064441,0.000690466550359016,0.00232016964177034,0.0168299858744377,0.110745912595269,0.281768916059579,0.441672852395894,0.272149881288244
"Moore Reef (16-071)__MOEDNA2__200","Moore Reef (16-071)","MOEDNA2",200,0.722222222222222,44.6155343239444,0.0366071012087676,0.000516835822014861,0.0017359012796696,0.0125240973240009,0.0818208733175275,0.207109819893633,0.365277595443154,0.210270311920537
"Moore Reef (16-071)__MOEDNA2__500","Moore Reef (16-071)","MOEDNA2",500,0.722222222222222,44.6155343239444,0.0287073478889727,0.000407714845985843,0.00136993626587915,0.0098642840255743,0.0642433590744709,0.162186159296797,0.307044084694474,0.167033802483529
"Moore Reef (16-071)__MOEDNA2__1000","Moore Reef (16-071)","MOEDNA2",1000,0.722222222222222,44.6155343239444,0.0227723235688596,0.000323548527525479,0.00108825136972576,0.00783692183593098,0.0510031942116272,0.128595827831319,0.255307846150146,0.131429815381216
"Moore Reef (16-071)__MOEDNA2__2000","Moore Reef (16-071)","MOEDNA2",2000,0.722222222222222,44.6155343239444,0.0176025916926188,0.000248651274059553,0.000837932272392635,0.00604933996029778,0.0394437041591142,0.0994564456619576,0.203377568806778,0.0983741753832216
"Moore Reef (16-071)__MOEDNA3__0","Moore Reef (16-071)","MOEDNA3",0,0.75,391.842395634556,0.0731020361777401,0.0012416687474195,0.00396601339663647,0.0267326145385362,0.164862029041941,0.408011114896386,0.567084811481102,0.379161332188855
"Moore Reef (16-071)__MOEDNA3__200","Moore Reef (16-071)","MOEDNA3",200,0.75,391.842395634556,0.0538761720209656,0.000930300890560891,0.00296922667412138,0.0198930256286683,0.121723313748472,0.29962141987247,0.486040452431786,0.303827459614736
"Moore Reef (16-071)__MOEDNA3__500","Moore Reef (16-071)","MOEDNA3",500,0.75,391.842395634556,0.0422372786445404,0.000734338058197862,0.0023442705299717,0.0156682124850657,0.0955321091689604,0.234485303188104,0.420546441564286,0.248350324336199
"Moore Reef (16-071)__MOEDNA3__1000","Moore Reef (16-071)","MOEDNA3",1000,0.75,391.842395634556,0.0334955388572776,0.000583023370391358,0.00186287476225568,0.012448025915546,0.0758179283786531,0.185831323574812,0.359436725920543,0.20064375991204
"Moore Reef (16-071)__MOEDNA3__2000","Moore Reef (16-071)","MOEDNA3",2000,0.75,391.842395634556,0.0258832213931248,0.000448238341261536,0.00143478562932581,0.00960872695546216,0.058617744242146,0.143664457600771,0.295058323015167,0.154449693985079
"Moore Reef (16-071)__MOeDNA1__0","Moore Reef (16-071)","MOeDNA1",0,0.25,2.1387023385,0.0306627195460899,0.000359113765793227,0.00124827961309686,0.0096122457171385,0.067103223097687,0.176381972043559,0.307528347471763,0.171373357371744
"Moore Reef (16-071)__MOeDNA1__200","Moore Reef (16-071)","MOeDNA1",200,0.25,2.1387023385,0.0226000314955712,0.000268800724450388,0.000933915117412653,0.00715301777016935,0.0495780412358729,0.129648832079064,0.243298202854433,0.126514186526116
"Moore Reef (16-071)__MOeDNA1__500","Moore Reef (16-071)","MOeDNA1",500,0.25,2.1387023385,0.0177186812616423,0.000212062234320126,0.000737068429026729,0.0056339605057333,0.0389249662165325,0.101514440258621,0.197308095653321,0.0969453515157334
"Moore Reef (16-071)__MOeDNA1__1000","Moore Reef (16-071)","MOeDNA1",1000,0.25,2.1387023385,0.0140521614753579,0.00016830865058225,0.000585583454193441,0.0044761265032674,0.0308990433218679,0.0804708346644819,0.158553650277019,0.073753438417119
"Moore Reef (16-071)__MOeDNA1__2000","Moore Reef (16-071)","MOeDNA1",2000,0.25,2.1387023385,0.0108591523916226,0.000129378757397904,0.000450982539101988,0.00345524234289334,0.0238909719101071,0.0622114726839516,0.121650394922992,0.0532307693263028
"Moore Reef (16-071)__MOeDNA2__0","Moore Reef (16-071)","MOeDNA2",0,0.666666666666667,6.40616947816667,0.0366985610490301,0.000506360330263331,0.00170676705267789,0.0124290218679712,0.0819691502396103,0.208317471415171,0.364023858433591,0.209951690046599
"Moore Reef (16-071)__MOeDNA2__200","Moore Reef (16-071)","MOeDNA2",200,0.666666666666667,6.40616947816667,0.0270584083585389,0.000379000286609289,0.00127688821122461,0.00924911752656454,0.0605638340056663,0.153132096985479,0.292634211098464,0.157194952582548
"Moore Reef (16-071)__MOeDNA2__500","Moore Reef (16-071)","MOeDNA2",500,0.666666666666667,6.40616947816667,0.0212202546825295,0.000298965807376248,0.00100764705321541,0.00728482219229134,0.0475551114379379,0.1199243769776,0.240232675862831,0.121706283095934
"Moore Reef (16-071)__MOeDNA2__1000","Moore Reef (16-071)","MOeDNA2",1000,0.666666666666667,6.40616947816667,0.0168338883762048,0.000237238572982355,0.000800423463609081,0.00578758771553835,0.0377558109851754,0.0950930849983149,0.195184882610696,0.0934251799069767
"Moore Reef (16-071)__MOeDNA2__2000","Moore Reef (16-071)","MOeDNA2",2000,0.666666666666667,6.40616947816667,0.0130129391288195,0.000182312912883853,0.000616285211110654,0.00446742830415618,0.0291999360691538,0.073550948829303,0.151470131788425,0.0680302578500683
"Moore Reef (16-071)__MOeDNA3__0","Moore Reef (16-071)","MOeDNA3",0,0.833333333333333,17.0977735429167,0.044658583185627,0.000756814212781879,0.00243714355839834,0.0164839719009379,0.1013302791365,0.248459624488077,0.434156924711374,0.260301905531433
"Moore Reef (16-071)__MOeDNA3__200","Moore Reef (16-071)","MOeDNA3",200,0.833333333333333,17.0977735429167,0.0329265626899874,0.000566742511735381,0.00182395582676852,0.0122667245958738,0.0748424225132144,0.182542497081605,0.355346210991905,0.19787610950065
"Moore Reef (16-071)__MOeDNA3__500","Moore Reef (16-071)","MOeDNA3",500,0.833333333333333,17.0977735429167,0.0258217692110108,0.000447184865432565,0.001439635002305,0.0096615636343332,0.0587556184368267,0.142918615800439,0.29568967981632,0.154853337384162
"Moore Reef (16-071)__MOeDNA3__1000","Moore Reef (16-071)","MOeDNA3",1000,0.833333333333333,17.0977735429167,0.0204838707116215,0.000354910257971071,0.00114368620215316,0.00767580134109306,0.0466437175284652,0.113312912397996,0.243135123511369,0.119928330285199
"Moore Reef (16-071)__MOeDNA3__2000","Moore Reef (16-071)","MOeDNA3",2000,0.833333333333333,17.0977735429167,0.0158341543622804,0.00027275415787508,0.00088059143600423,0.0059248601586358,0.0360733071148488,0.08764633356526,0.190960068188826,0.0880463919606094
"Moore Reef (16-071)__NW Corner__0","Moore Reef (16-071)","NW Corner",0,0.466666666666667,9.06131659466667,0.0399775469770443,0.000756960445084769,0.00236756264155409,0.0153410161157471,0.0908278431877153,0.219651775026642,0.413681410289911,0.24033875208445
"Moore Reef (16-071)__NW Corner__200","Moore Reef (16-071)","NW Corner",200,0.466666666666667,9.06131659466667,0.0294591041463798,0.000567367903640005,0.00177307553453141,0.0114164846839345,0.0670402080380226,0.161214163242409,0.334289086994814,0.179525049942081
"Moore Reef (16-071)__NW Corner__500","Moore Reef (16-071)","NW Corner",500,0.466666666666667,9.06131659466667,0.0230922737698604,0.000447969074208412,0.00140015756066089,0.00899211918406491,0.052604812228625,0.126124963272226,0.274920289700068,0.138312467045025
"Moore Reef (16-071)__NW Corner__1000","Moore Reef (16-071)","NW Corner",1000,0.466666666666667,9.06131659466667,0.018310796554565,0.000355728859503364,0.00111279026794756,0.00714413676503658,0.0417433553958264,0.0999313961025697,0.223256393374975,0.105397037583935
"Moore Reef (16-071)__NW Corner__2000","Moore Reef (16-071)","NW Corner",2000,0.466666666666667,9.06131659466667,0.0141475545514429,0.000273528988722198,0.000857154198628448,0.00551464686047767,0.0322702286831849,0.077243431273265,0.172689697043163,0.0758939296679571
"Moore Reef (16-071)__Sunlover (SW Corner)__0","Moore Reef (16-071)","Sunlover (SW Corner)",0,0.8,25.0708322382667,0.0710057801598415,0.000798009909602955,0.00284027755816502,0.0222983385427261,0.156923964487196,0.408702005043917,0.513785917482778,0.341535564383409
"Moore Reef (16-071)__Sunlover (SW Corner)__200","Moore Reef (16-071)","Sunlover (SW Corner)",200,0.8,25.0708322382667,0.0524181163041018,0.000596221832295183,0.00212211165095332,0.0165925621460942,0.116097471721516,0.301035465026803,0.43833617564628,0.274547474636298
"Moore Reef (16-071)__Sunlover (SW Corner)__500","Moore Reef (16-071)","Sunlover (SW Corner)",500,0.8,25.0708322382667,0.0411490708620309,0.000469697849953574,0.0016730150809644,0.0130680866883232,0.0912493819327149,0.236108523879273,0.37877856164354,0.225737948815692
"Moore Reef (16-071)__Sunlover (SW Corner)__1000","Moore Reef (16-071)","Sunlover (SW Corner)",1000,0.8,25.0708322382667,0.0326743714593632,0.000372291182772892,0.00132781041533479,0.0103817406410432,0.0725088503415477,0.18747231553667,0.324092848603991,0.183949365698896
"Moore Reef (16-071)__Sunlover (SW Corner)__2000","Moore Reef (16-071)","Sunlover (SW Corner)",2000,0.8,25.0708322382667,0.0252849316170727,0.000285767761314998,0.00102144852828266,0.00801320964026154,0.0561267380241086,0.145203984294534,0.267167411322285,0.143472819038297
"North Direction Reef (14-143)__NDEDNA1__0","North Direction Reef (14-143)","NDEDNA1",0,0.75,15.0058172646458,0.0629456242319734,0.0170365486581782,0.0252852243683704,0.0530496613809464,0.111681417655067,0.167378897264846,0.954117455288663,0.687981542018479
"North Direction Reef (14-143)__NDEDNA1__200","North Direction Reef (14-143)","NDEDNA1",200,0.75,15.0058172646458,0.0465933902706232,0.0128448892329829,0.0189815804222068,0.039448939655932,0.0822363535308013,0.122579453451679,0.883013036214148,0.491389992262916
"North Direction Reef (14-143)__NDEDNA1__500","North Direction Reef (14-143)","NDEDNA1",500,0.75,15.0058172646458,0.0366560768663212,0.0101237789157889,0.0149592578315903,0.0310587881497222,0.0646593047993684,0.0962698960932004,0.780256714703981,0.32973907354124
"North Direction Reef (14-143)__NDEDNA1__1000","North Direction Reef (14-143)","NDEDNA1",1000,0.75,15.0058172646458,0.0291675093838253,0.00798096334808488,0.0118263349458937,0.0246700942865015,0.0515815056554953,0.0769277817317019,0.643271454947645,0.200725184052448
"North Direction Reef (14-143)__NDEDNA1__2000","North Direction Reef (14-143)","NDEDNA1",2000,0.75,15.0058172646458,0.0226240491007832,0.00604836221483616,0.00902119379751472,0.0190418727543508,0.0402666810219766,0.0603606194303821,0.467103527184703,0.10201267578161
"North Direction Reef (14-143)__NDEDNA2__0","North Direction Reef (14-143)","NDEDNA2",0,0.4375,67.453197304,0.0729763831780078,0.0188830002706424,0.0282724299911,0.0607060439175863,0.131130729661555,0.199733696047651,0.968543989988934,0.758626531909701
"North Direction Reef (14-143)__NDEDNA2__200","North Direction Reef (14-143)","NDEDNA2",200,0.4375,67.453197304,0.053987700051524,0.0142598499424614,0.0212437329430751,0.0451396992114884,0.0964686360651143,0.146091680772615,0.916781373706565,0.583023827785579
"North Direction Reef (14-143)__NDEDNA2__500","North Direction Reef (14-143)","NDEDNA2",500,0.4375,67.453197304,0.0424538528327898,0.0112561938410983,0.0167582184255588,0.0355383721418851,0.0757764728453872,0.114576749120453,0.836741846325858,0.422201441118911
"North Direction Reef (14-143)__NDEDNA2__1000","North Direction Reef (14-143)","NDEDNA2",1000,0.4375,67.453197304,0.0337658717614578,0.00888824751673733,0.0132630476123135,0.0282282356388591,0.0603840314914863,0.0914073706115835,0.721390560983148,0.279231434715315
"North Direction Reef (14-143)__NDEDNA2__2000","North Direction Reef (14-143)","NDEDNA2",2000,0.4375,67.453197304,0.0261777282833228,0.00674936075391588,0.0101311740808733,0.0217888232032224,0.0470729108201207,0.0715692729170357,0.558320291840127,0.156278038486509
"North Direction Reef (14-143)__NDEDNA3__0","North Direction Reef (14-143)","NDEDNA3",0,0.354166666666667,4.09350567225,0.0455595756903558,0.0117742276699793,0.0176784603673084,0.0379506587296276,0.0818327708772544,0.124442103712893,0.858850041602663,0.466429574573807
"North Direction Reef (14-143)__NDEDNA3__200","North Direction Reef (14-143)","NDEDNA3",200,0.354166666666667,4.09350567225,0.0336990447337069,0.00889469397861689,0.0132883307118013,0.028220551454301,0.0601796772427145,0.0909634849026987,0.721658167660395,0.278119309017268
"North Direction Reef (14-143)__NDEDNA3__500","North Direction Reef (14-143)","NDEDNA3",500,0.354166666666667,4.09350567225,0.0264959851589508,0.00702361902358599,0.010485577773119,0.0222184448090573,0.0472577169965961,0.071305692620601,0.572319422816504,0.159211079696818
"North Direction Reef (14-143)__NDEDNA3__1000","North Direction Reef (14-143)","NDEDNA3",1000,0.354166666666667,4.09350567225,0.0210709302513604,0.00554824835513365,0.00830085416621285,0.0176483009639325,0.0376482924527596,0.0568609944942516,0.417142162219878,0.0831378807233842
"North Direction Reef (14-143)__NDEDNA3__2000","North Direction Reef (14-143)","NDEDNA3",2000,0.354166666666667,4.09350567225,0.0163332946620155,0.00421517266030938,0.00634248417171208,0.0136222720803985,0.0293409421467504,0.0445000119570051,0.261009967973905,0.0359210468537048
"North Direction Reef (14-143)__NDEDNA4__0","North Direction Reef (14-143)","NDEDNA4",0,0.166666666666667,19.4490373166667,0.0568546270070808,0.0142741811984015,0.0215176660871121,0.046901446302418,0.102967745886568,0.158467914498744,0.919437747380257,0.605065088232231
"North Direction Reef (14-143)__NDEDNA4__200","North Direction Reef (14-143)","NDEDNA4",200,0.166666666666667,19.4490373166667,0.0420416432354184,0.0107922703855496,0.0161804230030191,0.0348741539278096,0.0756930618300253,0.115784739301677,0.823680938084466,0.41215684357214
"North Direction Reef (14-143)__NDEDNA4__500","North Direction Reef (14-143)","NDEDNA4",500,0.166666666666667,19.4490373166667,0.0330477043402644,0.00852873187436942,0.0127734805966873,0.0274561267738101,0.0594130721736713,0.0907078122922632,0.70330628367722,0.26701964208415
"North Direction Reef (14-143)__NDEDNA4__1000","North Direction Reef (14-143)","NDEDNA4",1000,0.166666666666667,19.4490373166667,0.0262752687863776,0.00674281619223393,0.0101176215108976,0.0218085226466319,0.0473059736022279,0.072275328259629,0.559265111878233,0.157985585859607
"North Direction Reef (14-143)__NDEDNA4__2000","North Direction Reef (14-143)","NDEDNA4",2000,0.166666666666667,19.4490373166667,0.0203622896838049,0.00512786115912057,0.00773629179667228,0.0168337864665131,0.0368406085331912,0.0565003449078198,0.390382665243824,0.0782885489192243
"Prawn Reef (19-024)__PRA_CCIPD02_1__0","Prawn Reef (19-024)","PRA_CCIPD02_1",0,0.25,1.97257196341667,0.0126783797366783,0.000302869070621596,0.000797575575649714,0.00462531937619634,0.0268259060678231,0.0705547619558792,0.142880151907546,0.0578795567310551
"Prawn Reef (19-024)__PRA_CCIPD02_1__200","Prawn Reef (19-024)","PRA_CCIPD02_1",200,0.25,1.97257196341667,0.00938171353435855,0.000226022121433381,0.000595087003952046,0.0034406283546209,0.0198741449106125,0.0521034868329107,0.099193047056897,0.0365232210557605
"Prawn Reef (19-024)__PRA_CCIPD02_1__500","Prawn Reef (19-024)","PRA_CCIPD02_1",500,0.25,1.97257196341667,0.00737899415331996,0.000177734162849795,0.000468466981427361,0.00270949376599198,0.0156433767593869,0.0409584861893285,0.0720018744963255,0.0245663377270373
"Prawn Reef (19-024)__PRA_CCIPD02_1__1000","Prawn Reef (19-024)","PRA_CCIPD02_1",1000,0.25,1.97257196341667,0.00587020772520434,0.000140524062637951,0.00037117692142316,0.00215257837704559,0.0124516770062258,0.0325967172442718,0.0518365520407794,0.0164609272914381
"Prawn Reef (19-024)__PRA_CCIPD02_1__2000","Prawn Reef (19-024)","PRA_CCIPD02_1",2000,0.25,1.97257196341667,0.00455220469082205,0.000107470412451786,0.00028490084015204,0.00166179844086567,0.00965999407478439,0.0253168254014552,0.0350769622384703,0.0103032657118222
"Prawn Reef (19-024)__PRA_CCIPD02_2__0","Prawn Reef (19-024)","PRA_CCIPD02_2",0,0.666666666666667,14.5250149853333,0.0230911546308115,0.000341421655597618,0.00101145494730787,0.00698950350573683,0.0474794844710604,0.133581808246266,0.240152677419096,0.121524635538837
"Prawn Reef (19-024)__PRA_CCIPD02_2__200","Prawn Reef (19-024)","PRA_CCIPD02_2",200,0.666666666666667,14.5250149853333,0.0171165461916566,0.000254055995825015,0.000753197121586271,0.0051994105378629,0.0352440894120287,0.0989241445345627,0.183011906179716,0.0859826967923789
"Prawn Reef (19-024)__PRA_CCIPD02_2__500","Prawn Reef (19-024)","PRA_CCIPD02_2",500,0.666666666666667,14.5250149853333,0.0134814362594762,0.000199398271221628,0.000592146820982357,0.00409450420599296,0.0277783162303741,0.0779175493374842,0.143949730451696,0.0637035932081302
"Prawn Reef (19-024)__PRA_CCIPD02_2__1000","Prawn Reef (19-024)","PRA_CCIPD02_2",1000,0.666666666666667,14.5250149853333,0.0107392306892402,0.000157421277895607,0.0004686691328218,0.00325280955944137,0.0221344177378094,0.0621128173044415,0.112348689959021,0.0469680147999163
"Prawn Reef (19-024)__PRA_CCIPD02_2__2000","Prawn Reef (19-024)","PRA_CCIPD02_2",2000,0.666666666666667,14.5250149853333,0.00834049774869393,0.000120246265345626,0.000359388709292682,0.00251102547402317,0.0171882473871904,0.0483161670615134,0.0834924181578911,0.0327875856451109
"Shrimp Reef (18-118)__SHR_CCIPD02_1__0","Shrimp Reef (18-118)","SHR_CCIPD02_1",0,0.5,5.14942981,0.0102553087933626,0.00067735027116593,0.00143313133978966,0.00563937902947493,0.022245065513367,0.0473646427863514,0.118580217017554,0.0336266837068158
"Shrimp Reef (18-118)__SHR_CCIPD02_1__200","Shrimp Reef (18-118)","SHR_CCIPD02_1",200,0.5,5.14942981,0.00760396556360346,0.000504949666568068,0.00106834922423939,0.0041945856750477,0.016494923664709,0.0350309835158326,0.0718715310775796,0.0173811875560221
"Shrimp Reef (18-118)__SHR_CCIPD02_1__500","Shrimp Reef (18-118)","SHR_CCIPD02_1",500,0.5,5.14942981,0.00599039744080907,0.000396256647480819,0.000839773168876873,0.00330303086268068,0.0130029853651743,0.0276032267988096,0.0460582795074145,0.00982982834663611
"Shrimp Reef (18-118)__SHR_CCIPD02_1__1000","Shrimp Reef (18-118)","SHR_CCIPD02_1",1000,0.5,5.14942981,0.00477290543918543,0.000312366951235907,0.000663977889938183,0.00262398171265191,0.010371741701757,0.0220394282869699,0.0291201290716705,0.00553857751887399
"Shrimp Reef (18-118)__SHR_CCIPD02_1__2000","Shrimp Reef (18-118)","SHR_CCIPD02_1",2000,0.5,5.14942981,0.00370766936150464,0.000237825225377993,0.000508065630157433,0.00202562059571118,0.00807139015310091,0.0171988911454338,0.0168954814827401,0.00284629261017996
"Thetford Reef (16-068)__North-West__0","Thetford Reef (16-068)","North-West",0,0.933333333333333,26.6028461583333,0.0490883314604426,0.00214193716179683,0.0052415500186474,0.0244579605108428,0.11013485452641,0.242389978350847,0.561351032202864,0.333947628603506
"Thetford Reef (16-068)__North-West__200","Thetford Reef (16-068)","North-West",200,0.933333333333333,26.6028461583333,0.0361716015628003,0.0016103163121603,0.00393241371647162,0.0181969487924986,0.0811464623878276,0.177531013956445,0.461893927693519,0.247435090754226
"Thetford Reef (16-068)__North-West__500","Thetford Reef (16-068)","North-West",500,0.933333333333333,26.6028461583333,0.0283534104494596,0.00127339144543247,0.00310817665285911,0.0143310921554759,0.0636157712601563,0.138742249337655,0.382430841370172,0.187374654760794
"Thetford Reef (16-068)__North-West__1000","Thetford Reef (16-068)","North-West",1000,0.933333333333333,26.6028461583333,0.0224821535378793,0.00101190648600985,0.00247130812766412,0.0113853649760464,0.0504596017372198,0.109874513665757,0.31023290222122,0.139145131893313
"Thetford Reef (16-068)__North-West__2000","Thetford Reef (16-068)","North-West",2000,0.933333333333333,26.6028461583333,0.0173701883143988,0.000777994109135845,0.00190347443549098,0.00878868636277118,0.0390109259837061,0.0849363414474859,0.237443325513063,0.0963214970899067
"Thetford Reef (16-068)__South-West__0","Thetford Reef (16-068)","South-West",0,0.0666666666666667,0.621205791666667,0.0290163908497873,0.00136372178311392,0.00326996626551069,0.0147744155537136,0.0646914529521326,0.141258161324548,0.392226267220106,0.192497477085999
"Thetford Reef (16-068)__South-West__200","Thetford Reef (16-068)","South-West",200,0.0666666666666667,0.621205791666667,0.0213664992628871,0.00102657735786011,0.00245557691701208,0.010992451568516,0.0476190880170778,0.103324046734787,0.297499806673863,0.129064584923965
"Thetford Reef (16-068)__South-West__500","Thetford Reef (16-068)","South-West",500,0.0666666666666667,0.621205791666667,0.0167389402070187,0.000812555607478904,0.00194224957082989,0.00865734836201638,0.0373053551353573,0.0806655811381987,0.229384028561409,0.0897917035940827
"Thetford Reef (16-068)__South-West__1000","Thetford Reef (16-068)","South-West",1000,0.0666666666666667,0.621205791666667,0.0132655632166653,0.000646233232584249,0.00154523719816977,0.00687805385318868,0.0295720199556573,0.0638203521723078,0.173112151286401,0.061313409474788
"Thetford Reef (16-068)__South-West__2000","Thetford Reef (16-068)","South-West",2000,0.0666666666666667,0.621205791666667,0.0102430039886014,0.00049725779444209,0.00119093085934207,0.00530959200514866,0.0228481810968018,0.0492839230033974,0.121800005294545,0.0385779229607413
"Thetford Reef (16-068)__THEDNA1__0","Thetford Reef (16-068)","THEDNA1",0,0.333333333333333,6.11165691655556,0.0376506978928537,0.00168536990487221,0.00410042195575498,0.0188973587895901,0.0841616073158011,0.184881218807588,0.475036231223253,0.257660292658488
"Thetford Reef (16-068)__THEDNA1__200","Thetford Reef (16-068)","THEDNA1",200,0.333333333333333,6.11165691655556,0.0277350428976468,0.00126764598826334,0.00307748257227261,0.0140601056480215,0.061985660746701,0.135337994813542,0.375995911272794,0.182027308269404
"Thetford Reef (16-068)__THEDNA1__500","Thetford Reef (16-068)","THEDNA1",500,0.333333333333333,6.11165691655556,0.0217348996892413,0.00100275978492292,0.00243313864368775,0.0110733436860505,0.0485804410319006,0.105721683891791,0.300904719859824,0.132386252559088
"Thetford Reef (16-068)__THEDNA1__1000","Thetford Reef (16-068)","THEDNA1",1000,0.333333333333333,6.11165691655556,0.0172299837188567,0.000797090341140094,0.00193507766611263,0.00879745601851322,0.0385238547716844,0.0836888898113039,0.235819785143236,0.0944613714320091
"Thetford Reef (16-068)__THEDNA1__2000","Thetford Reef (16-068)","THEDNA1",2000,0.333333333333333,6.11165691655556,0.013308599294993,0.000613026473491795,0.00149083751564531,0.00679121688499237,0.0297755482346535,0.064663093486248,0.173375531079904,0.0624865475000862
"Thetford Reef (16-068)__THEDNA2__0","Thetford Reef (16-068)","THEDNA2",0,0.25,2.95485910944444,0.0315480648698038,0.00138828917301784,0.00338198434128634,0.0156852758035632,0.0704274292194066,0.155742949317273,0.413392950423575,0.210703441459364
"Thetford Reef (16-068)__THEDNA2__200","Thetford Reef (16-068)","THEDNA2",200,0.25,2.95485910944444,0.0232320425733109,0.00104465248499015,0.00253902790178758,0.011670207325077,0.051854954734091,0.113960237377626,0.318435684077346,0.144343159258319
"Thetford Reef (16-068)__THEDNA2__500","Thetford Reef (16-068)","THEDNA2",500,0.25,2.95485910944444,0.0182012980261104,0.000826662483269187,0.00200793784494303,0.00919115923690406,0.0406302036471112,0.0889885504845727,0.249049451629418,0.102358138412431
"Thetford Reef (16-068)__THEDNA2__1000","Thetford Reef (16-068)","THEDNA2",1000,0.25,2.95485910944444,0.0144251412474047,0.000657345955938113,0.00159733147213495,0.00730217283954255,0.0322109935096833,0.0704152536200231,0.19080888437672,0.0712780264386962
"Thetford Reef (16-068)__THEDNA2__2000","Thetford Reef (16-068)","THEDNA2",2000,0.25,2.95485910944444,0.0111389580668652,0.000505758941014879,0.00123100655495665,0.0056370102589299,0.0248886217424898,0.0543810784933912,0.136730162762333,0.0458944964721078
"Thetford Reef (16-068)__THEDNA3__0","Thetford Reef (16-068)","THEDNA3",0,0.138888888888889,2.03557813380556,0.0293745648753608,0.00135894061911113,0.00325662613440328,0.0147986610861726,0.0653751453482652,0.143921102574168,0.393793783762273,0.19441098919842
"Thetford Reef (16-068)__THEDNA3__200","Thetford Reef (16-068)","THEDNA3",200,0.138888888888889,2.03557813380556,0.0216215841231564,0.0010235714735149,0.00244649972854807,0.0110103160731094,0.0481038651831621,0.105216753893782,0.299314919197099,0.130759453984705
"Thetford Reef (16-068)__THEDNA3__500","Thetford Reef (16-068)","THEDNA3",500,0.138888888888889,2.03557813380556,0.0169333270207234,0.000810561163802359,0.00193570706662176,0.00867138141791075,0.0376727456104413,0.0821050355923902,0.231226170605799,0.0912152746618963
"Thetford Reef (16-068)__THEDNA3__1000","Thetford Reef (16-068)","THEDNA3",1000,0.138888888888889,2.03557813380556,0.0134154707221598,0.00064494456297839,0.00154054220780681,0.00688922695815851,0.0298533752066192,0.0649278810623535,0.174846823185308,0.0624477002164947
"Thetford Reef (16-068)__THEDNA3__2000","Thetford Reef (16-068)","THEDNA3",2000,0.138888888888889,2.03557813380556,0.0103551736184068,0.000496525319909062,0.00118777170625785,0.00531828520395191,0.0230566582357537,0.0501100723926101,0.123300794726934,0.0394027209205734
"Thetford Reef (16-068)__THeDNA1__0","Thetford Reef (16-068)","THeDNA1",0,0.333333333333333,2.84745167008333,0.0340758090804273,0.00152194613884418,0.00370858638489158,0.0171113176516289,0.0762197105579373,0.167272145579397,0.441491582716434,0.231202803355494
"Thetford Reef (16-068)__THeDNA1__200","Thetford Reef (16-068)","THeDNA1",200,0.333333333333333,2.84745167008333,0.0251029538164126,0.00114462326623864,0.00278322778434412,0.0127313254894558,0.0561398369886238,0.122456850838752,0.344213715955081,0.16051146959597
"Thetford Reef (16-068)__THeDNA1__500","Thetford Reef (16-068)","THeDNA1",500,0.333333333333333,2.84745167008333,0.0196730629674415,0.000905382456613662,0.00220038632162736,0.0100268554659734,0.0440009849380531,0.0956655307821267,0.271956732836902,0.115073107982074
"Thetford Reef (16-068)__THeDNA1__1000","Thetford Reef (16-068)","THeDNA1",1000,0.333333333333333,2.84745167008333,0.0155961287301063,0.000719642042822268,0.00174988995528434,0.00796604748536919,0.0348939715817121,0.0757334450037651,0.210445662476545,0.0809798618205207
"Thetford Reef (16-068)__THeDNA1__2000","Thetford Reef (16-068)","THeDNA1",2000,0.333333333333333,2.84745167008333,0.0120471408935217,0.000553428285283642,0.00134809729381742,0.00614938791101947,0.0269712975299141,0.0585207685873583,0.152510317339008,0.0527555006308545
"Thetford Reef (16-068)__THeDNA2__0","Thetford Reef (16-068)","THeDNA2",0,0.25,2.2078750655,0.0304982119547203,0.00134055900795862,0.00326765722773631,0.0151634492757389,0.0680995821435279,0.150557886548449,0.402273958936053,0.20257100612929
"Thetford Reef (16-068)__THeDNA2__200","Thetford Reef (16-068)","THeDNA2",200,0.25,2.2078750655,0.0224593306508755,0.0010087045995554,0.00245314282950382,0.0112819792951801,0.0501420850815095,0.110169157833201,0.308245482629999,0.137944773236369
"Thetford Reef (16-068)__THeDNA2__500","Thetford Reef (16-068)","THeDNA2",500,0.25,2.2078750655,0.0175961643196709,0.000798197152217549,0.00193998440340096,0.00888540710434255,0.0392887766163936,0.0860301296773962,0.240013045794148,0.0973435837873527
"Thetford Reef (16-068)__THeDNA2__1000","Thetford Reef (16-068)","THeDNA2",1000,0.25,2.2078750655,0.0139457442629836,0.000634697725133472,0.00154324977115027,0.00705925870129334,0.0311480183236831,0.068075826735158,0.183087010774748,0.0674692389720425
"Thetford Reef (16-068)__THeDNA2__2000","Thetford Reef (16-068)","THeDNA2",2000,0.25,2.2078750655,0.0107689378915354,0.000488323249052835,0.00118930791846461,0.00544948350062316,0.0240676881512287,0.0525757268450972,0.130555288477736,0.0432188260844889
"Thetford Reef (16-068)__THeDNA3__0","Thetford Reef (16-068)","THeDNA3",0,0.25,2.05280371016667,0.0299537845207892,0.00137528639268461,0.00330812203904348,0.0150852884982367,0.0667580107722821,0.14680003005317,0.399996981536602,0.199158055020157
"Thetford Reef (16-068)__THeDNA3__200","Thetford Reef (16-068)","THeDNA3",200,0.25,2.05280371016667,0.0220521087573382,0.00103553443092386,0.00248462157970723,0.0112236624568447,0.0491325322917124,0.107353967919331,0.305151322506092,0.134592921089581
"Thetford Reef (16-068)__THeDNA3__500","Thetford Reef (16-068)","THeDNA3",500,0.25,2.05280371016667,0.0172731466793334,0.000819824665843425,0.00196551820162186,0.00883942187787433,0.0384852265677598,0.0837937905177151,0.236520092035624,0.0942857076625882
"Thetford Reef (16-068)__THeDNA3__1000","Thetford Reef (16-068)","THeDNA3",1000,0.25,2.05280371016667,0.0136867141543195,0.000652163991203107,0.0015640058807777,0.00702271326556036,0.0305023179028918,0.0662796098550254,0.179473476467589,0.0648296587955525
"Thetford Reef (16-068)__THeDNA3__2000","Thetford Reef (16-068)","THeDNA3",2000,0.25,2.05280371016667,0.0105662957494664,0.000501961453153752,0.00120564399952312,0.00542129010857571,0.0235621235909422,0.0511676334445211,0.127096466066699,0.0411159804950205
"Tongue Reef (16-026)__TONeDNA1__0","Tongue Reef (16-026)","TONeDNA1",0,0.666666666666667,9.98758529241667,0.616476201916909,0.0119389006761312,0.0265381382896793,0.154331112309548,1.05021006114676,3.66231645268191,0.930383610856379,0.840287241863843
"Tongue Reef (16-026)__TONeDNA1__200","Tongue Reef (16-026)","TONeDNA1",200,0.666666666666667,9.98758529241667,0.455512156098009,0.00894519165830718,0.0198359659735106,0.114733615404749,0.776663119641847,2.70219966482399,0.898986184137761,0.785638295958814
"Tongue Reef (16-026)__TONeDNA1__500","Tongue Reef (16-026)","TONeDNA1",500,0.666666666666667,9.98758529241667,0.357865267647045,0.00705352223379954,0.0156397382440709,0.090334167912837,0.61037240165122,2.12094151062333,0.866400337391351,0.733911723314296
"Tongue Reef (16-026)__TONeDNA1__1000","Tongue Reef (16-026)","TONeDNA1",1000,0.666666666666667,9.98758529241667,0.28439059207944,0.00558938770000416,0.0124115380442418,0.071769529437191,0.485061003751239,1.68427042852835,0.828422179220433,0.678419792639697
"Tongue Reef (16-026)__TONeDNA1__2000","Tongue Reef (16-026)","TONeDNA1",2000,0.666666666666667,9.98758529241667,0.220285820236416,0.00428347792268663,0.00954473443449191,0.0554240736163677,0.37559388926342,1.30384767914021,0.77794599415874,0.610843200949084
"Tongue Reef (16-026)__TONeDNA2__0","Tongue Reef (16-026)","TONeDNA2",0,0.166666666666667,1.34848165325,0.442044501179059,0.00572466616039632,0.0134599307618455,0.0890927907601267,0.695964403403778,2.6388288653821,0.847151971340363,0.717021846184591
"Tongue Reef (16-026)__TONeDNA2__200","Tongue Reef (16-026)","TONeDNA2",200,0.166666666666667,1.34848165325,0.326697696769102,0.00428458255904718,0.0100551114487132,0.0662434661058384,0.514970295980867,1.94798158515718,0.79779183232393,0.648913629595403
"Tongue Reef (16-026)__TONeDNA2__500","Tongue Reef (16-026)","TONeDNA2",500,0.166666666666667,1.34848165325,0.256707932702267,0.00337651917948684,0.00792590784039685,0.0521606793684104,0.404816172928341,1.52925017685354,0.751239114579305,0.589675387644051
"Tongue Reef (16-026)__TONeDNA2__1000","Tongue Reef (16-026)","TONeDNA2",1000,0.166666666666667,1.34848165325,0.204033841818933,0.0026747626219581,0.00628930680218225,0.0414436197595369,0.32173688052848,1.2144116776101,0.701244248958256,0.530481568017609
"Tongue Reef (16-026)__TONeDNA2__2000","Tongue Reef (16-026)","TONeDNA2",2000,0.166666666666667,1.34848165325,0.158068319788312,0.00204965201332998,0.00483695913992071,0.0320061083933015,0.249109485500792,0.939935092483544,0.640026736073396,0.463268913636506
"Tongue Reef (16-026)__TONeDNA3__0","Tongue Reef (16-026)","TONeDNA3",0,0.333333333333333,2.88792033675,0.498575565722862,0.00646372403413008,0.0151791633234521,0.100171094893941,0.781277978168045,2.96954682432314,0.864807114055171,0.742597518564951
"Tongue Reef (16-026)__TONeDNA3__200","Tongue Reef (16-026)","TONeDNA3",200,0.333333333333333,2.88792033675,0.368627307300777,0.00483592175868724,0.011336237262071,0.0744790332552443,0.578260847790687,2.19310205978843,0.818977670501262,0.677114551225555
"Tongue Reef (16-026)__TONeDNA3__500","Tongue Reef (16-026)","TONeDNA3",500,0.333333333333333,2.88792033675,0.289751551060427,0.00380986723220863,0.00893367671026302,0.0586447282463446,0.454674428956049,1.72229429330039,0.775150416175887,0.619369496355094
"Tongue Reef (16-026)__TONeDNA3__1000","Tongue Reef (16-026)","TONeDNA3",1000,0.333333333333333,2.88792033675,0.230372497840505,0.00301718112320158,0.00708738326266194,0.0465950692370621,0.36144479604405,1.36817400395992,0.727499756532978,0.56096323730184
"Tongue Reef (16-026)__TONeDNA3__2000","Tongue Reef (16-026)","TONeDNA3",2000,0.333333333333333,2.88792033675,0.178539986172063,0.00231130663010848,0.0054493477596749,0.0359842970328112,0.279925857596888,1.05933860955436,0.668398541736761,0.49380408201666
"Tongue Reef (16-026)__TonEDNA1__0","Tongue Reef (16-026)","TonEDNA1",0,0.75,24.4023159060556,0.715389045039175,0.0138434591947514,0.0307929079597644,0.179202927295497,1.21971355944915,4.24979021026546,0.94319806740602,0.864182821140353
"Tongue Reef (16-026)__TonEDNA1__200","Tongue Reef (16-026)","TonEDNA1",200,0.75,24.4023159060556,0.528637563392603,0.0103710660181648,0.0230146996573523,0.133225004698985,0.902075177102738,3.13589969813022,0.916152002209988,0.814704331162555
"Tongue Reef (16-026)__TonEDNA1__500","Tongue Reef (16-026)","TonEDNA1",500,0.75,24.4023159060556,0.415339682190833,0.00817717073401793,0.0181450790510073,0.104893672615296,0.708969511905193,2.46150957696735,0.887528709168833,0.766936403187486
"Tongue Reef (16-026)__TonEDNA1__1000","Tongue Reef (16-026)","TonEDNA1",1000,0.75,24.4023159060556,0.330083554131334,0.00647928007319989,0.0143990410060466,0.0833371918503913,0.563443644262753,1.95484742168482,0.853574164120907,0.714774907486863
"Tongue Reef (16-026)__TonEDNA1__2000","Tongue Reef (16-026)","TonEDNA1",2000,0.75,24.4023159060556,0.255695417293702,0.00496502473878284,0.0110725641501579,0.0643573562307078,0.436311109613221,1.51342492845923,0.807591456250867,0.650058188093011
"Tongue Reef (16-026)__TonEDNA2__0","Tongue Reef (16-026)","TonEDNA2",0,0.111111111111111,2.13731715155556,0.461588766546162,0.00592882411039402,0.0139422263616353,0.0925409337638749,0.725442224131058,2.75693881715682,0.852573951417264,0.725071443035754
"Tongue Reef (16-026)__TonEDNA2__200","Tongue Reef (16-026)","TonEDNA2",200,0.111111111111111,2.13731715155556,0.34110469538647,0.00443815810082115,0.0104163650123842,0.0688064696878244,0.536732740629323,2.03494784600531,0.804388513928318,0.657896364625981
"Tongue Reef (16-026)__TonEDNA2__500","Tongue Reef (16-026)","TonEDNA2",500,0.111111111111111,2.13731715155556,0.268004399813006,0.00349804195596887,0.0082113090472189,0.0541783074319205,0.42189046994534,1.59737375642112,0.758760414427913,0.599215603098574
"Tongue Reef (16-026)__TonEDNA2__1000","Tongue Reef (16-026)","TonEDNA2",1000,0.111111111111111,2.13731715155556,0.212993743960983,0.00277140670163419,0.00651628965788795,0.0430463283297178,0.335280634832781,1.26839136417886,0.709576527510588,0.540347093769004
"Tongue Reef (16-026)__TonEDNA2__2000","Tongue Reef (16-026)","TonEDNA2",2000,0.111111111111111,2.13731715155556,0.164993286053144,0.00212403368738626,0.00501198772522773,0.0332435427770248,0.25957199741027,0.981606729723174,0.649110672061134,0.473222224978279
"Tongue Reef (16-026)__TonEDNA3__0","Tongue Reef (16-026)","TonEDNA3",0,0.444444444444444,5.47606948222222,0.548772517474844,0.00715913997759984,0.0168167971293635,0.110785752706926,0.861780674542796,3.26749735080392,0.878734139944789,0.763430053297891
"Tongue Reef (16-026)__TonEDNA3__200","Tongue Reef (16-026)","TonEDNA3",200,0.444444444444444,5.47606948222222,0.405798457382679,0.00535508088697546,0.0125577925555873,0.0823723631630237,0.637919694932793,2.41348644375437,0.835929251942541,0.700401680089436
"Tongue Reef (16-026)__TonEDNA3__500","Tongue Reef (16-026)","TonEDNA3",500,0.444444444444444,5.47606948222222,0.319005902319091,0.00421816049908574,0.00989537184355466,0.0648605930776599,0.501632029392288,1.89559347592822,0.794500773988146,0.644156421210418
"Tongue Reef (16-026)__TonEDNA3__1000","Tongue Reef (16-026)","TonEDNA3",1000,0.444444444444444,5.47606948222222,0.253660056690248,0.00333998345777149,0.0078495717194792,0.0515342256655876,0.398812339038488,1.50602167179231,0.748976020259452,0.586667729905403
"Tongue Reef (16-026)__TonEDNA3__2000","Tongue Reef (16-026)","TonEDNA3",2000,0.444444444444444,5.47606948222222,0.196612799212752,0.00255812817834249,0.00603471285697518,0.0397990376011007,0.308899819188523,1.16623378723339,0.691879839796585,0.519840516480998
"U/N Reef (11-049)__11-049EDNA2B__0","U/N Reef (11-049)","11-049EDNA2B",0,0.333333333333333,2.54723382125,0.0797880408580652,0.00581353659809499,0.0121051483899382,0.0455163340397425,0.171290980781573,0.357737415805706,0.786944959572361,0.549888698845384
"U/N Reef (11-049)__11-049EDNA2B__200","U/N Reef (11-049)","11-049EDNA2B",200,0.333333333333333,2.54723382125,0.0588676038188353,0.00437334889294758,0.00908169544587468,0.0338559126155987,0.126206108913281,0.262192227563338,0.695900245894048,0.435477296272259
"U/N Reef (11-049)__11-049EDNA2B__500","U/N Reef (11-049)","11-049EDNA2B",500,0.333333333333333,2.54723382125,0.0461909508944686,0.00345686116018002,0.00717463030098492,0.0266603056892224,0.0989892413664901,0.205106664387812,0.610390923642434,0.345829696286894
"U/N Reef (11-049)__11-049EDNA2B__1000","U/N Reef (11-049)","11-049EDNA2B",1000,0.333333333333333,2.54723382125,0.0366620514583038,0.00274373832666721,0.00569946092859087,0.0211796619088559,0.0785873219742087,0.16264299570636,0.522030160380337,0.267019284350372
"U/N Reef (11-049)__11-049EDNA2B__2000","U/N Reef (11-049)","11-049EDNA2B",2000,0.333333333333333,2.54723382125,0.0283573223628574,0.00210474071967473,0.00438337961109674,0.0163501205557719,0.0608468608473581,0.125965850054768,0.421738810234837,0.191379321119994
"U/N Reef (11-049)__11-049EDNA3__0","U/N Reef (11-049)","11-049EDNA3",0,0.166666666666667,1.266981922,0.0689317937124136,0.00440571460371531,0.00935483653366945,0.0373380775102002,0.149722180597943,0.32210265607573,0.718772522670576,0.475477438925109
"U/N Reef (11-049)__11-049EDNA3__200","U/N Reef (11-049)","11-049EDNA3",200,0.166666666666667,1.266981922,0.0508330247821923,0.00331089033237664,0.00701636837379094,0.0277825111148127,0.110344090735554,0.235904941949276,0.620636643692659,0.367821141324164
"U/N Reef (11-049)__11-049EDNA3__500","U/N Reef (11-049)","11-049EDNA3",500,0.166666666666667,1.266981922,0.0398705500453191,0.00261519699549565,0.00554269550870865,0.0218842433011629,0.0865521529553929,0.184402373866373,0.533773369332807,0.287164281616668
"U/N Reef (11-049)__11-049EDNA3__1000","U/N Reef (11-049)","11-049EDNA3",1000,0.166666666666667,1.266981922,0.0316330628384267,0.00207450939221541,0.00440347625968798,0.0173905568896851,0.0687067455794268,0.146097399884623,0.448186802520805,0.218614263953433
"U/N Reef (11-049)__11-049EDNA3__2000","U/N Reef (11-049)","11-049EDNA3",2000,0.166666666666667,1.266981922,0.0244564690579484,0.00159056080267135,0.00338758711551116,0.013429531507723,0.0531817556332791,0.113022890850019,0.355234795558493,0.154714564624614
"U/N Reef (11-049)__11-049eDNA1__0","U/N Reef (11-049)","11-049eDNA1",0,0.9,82.720943846053,0.166534792106969,0.0120928001986581,0.0253924196378159,0.0954198524186361,0.357449801079063,0.743645724352531,0.934849810587484,0.799858899995208
"U/N Reef (11-049)__11-049eDNA1__200","U/N Reef (11-049)","11-049eDNA1",200,0.9,82.720943846053,0.122910834711283,0.00909233384848107,0.0190440430370237,0.0709715781897484,0.263453169548309,0.545397068311027,0.891355157392345,0.711410723161389
"U/N Reef (11-049)__11-049eDNA1__500","U/N Reef (11-049)","11-049eDNA1",500,0.9,82.720943846053,0.0964697201774805,0.0071843994316248,0.0150408502505848,0.0558845536635939,0.206695381606256,0.426887819087123,0.842028109359721,0.627355293968576
"U/N Reef (11-049)__11-049eDNA1__1000","U/N Reef (11-049)","11-049eDNA1",1000,0.9,82.720943846053,0.0765893692083209,0.00570072500199948,0.0119450604627662,0.0443934378316309,0.164139727807744,0.338691390090104,0.781540679365934,0.539596047634656
"U/N Reef (11-049)__11-049eDNA1__2000","U/N Reef (11-049)","11-049eDNA1",2000,0.9,82.720943846053,0.0592585923245497,0.0043720028257395,0.00918391422569919,0.034267779303288,0.127126236154178,0.262474130810798,0.699308623669561,0.438928083540866
"U/N Reef (11-049)__11-049eDNA2__0","U/N Reef (11-049)","11-049eDNA2",0,0.722222222222222,25.6762938883569,0.11544032084828,0.00866851208092047,0.0180166622965071,0.0668879830200079,0.247735908704673,0.51127803368223,0.880885670972353,0.692028049724774
"U/N Reef (11-049)__11-049eDNA2__200","U/N Reef (11-049)","11-049eDNA2",200,0.722222222222222,25.6762938883569,0.0852140907322211,0.00651527940418042,0.0135096098252168,0.04975422540276,0.182626179477559,0.374987437258278,0.81471020216973,0.584390216226522
"U/N Reef (11-049)__11-049eDNA2__500","U/N Reef (11-049)","11-049eDNA2",500,0.722222222222222,25.6762938883569,0.06689085731412,0.00514615944843202,0.0106677279871861,0.0391802472039592,0.143309161222659,0.29353416232219,0.745832482188069,0.491039765356394
"U/N Reef (11-049)__11-049eDNA2__1000","U/N Reef (11-049)","11-049eDNA2",1000,0.722222222222222,25.6762938883569,0.053112374477794,0.00408163888214129,0.00847023387962953,0.0311259596928591,0.113827984070048,0.232924652060423,0.667841444263434,0.401354816415623
"U/N Reef (11-049)__11-049eDNA2__2000","U/N Reef (11-049)","11-049eDNA2",2000,0.722222222222222,25.6762938883569,0.0410993636603778,0.00312853120956617,0.00651055858145869,0.0240281874416789,0.088183423033169,0.180552902008624,0.57052698221893,0.307122580859382
"U/N Reef (11-049)__11-049eDNA3__0","U/N Reef (11-049)","11-049eDNA3",0,0.777777777777778,30.246064873944,0.113835412420393,0.00756232515240645,0.0160491989555842,0.0630522880141221,0.247475612869301,0.523260125662098,0.85889304028978,0.664921296265746
"U/N Reef (11-049)__11-049eDNA3__200","U/N Reef (11-049)","11-049eDNA3",200,0.777777777777778,30.246064873944,0.0840156194136739,0.00567479776875999,0.0120268059380448,0.0469188262807736,0.182546768399005,0.38366760238312,0.788801942515844,0.55925276322459
"U/N Reef (11-049)__11-049eDNA3__500","U/N Reef (11-049)","11-049eDNA3",500,0.777777777777778,30.246064873944,0.0659409584048169,0.00447708032996606,0.00949357791792191,0.0369590260058076,0.143295210628194,0.300216355577173,0.718347164517803,0.469470932345974
"U/N Reef (11-049)__11-049eDNA3__1000","U/N Reef (11-049)","11-049eDNA3",1000,0.777777777777778,30.246064873944,0.0523508335304499,0.00354739754023198,0.00753651237463501,0.0293702604535184,0.113837956909279,0.238113764238864,0.640646513777387,0.384311680557475
"U/N Reef (11-049)__11-049eDNA3__2000","U/N Reef (11-049)","11-049eDNA3",2000,0.777777777777778,30.246064873944,0.0405033873942234,0.00271637846312513,0.00579258011703415,0.0226804706416283,0.0881948828608211,0.184453572710585,0.54583646418573,0.295529177323756
"U/N Reef (11-049)__11-049eDNA4__0","U/N Reef (11-049)","11-049eDNA4",0,0.833333333333333,132.070727273822,0.161852463361308,0.0120375893550337,0.0250479657049629,0.0933265044641553,0.347317540366365,0.719668010697097,0.933313605463935,0.795392273563144
"U/N Reef (11-049)__11-049eDNA4__200","U/N Reef (11-049)","11-049eDNA4",200,0.833333333333333,132.070727273822,0.119456060541269,0.00905002710301946,0.0187852602979145,0.0694184223974626,0.255991080038333,0.527727422855762,0.888780161483052,0.705371591712127
"U/N Reef (11-049)__11-049eDNA4__500","U/N Reef (11-049)","11-049eDNA4",500,0.833333333333333,132.070727273822,0.0937586496210319,0.00714997624100548,0.0148358833599599,0.0546643924294824,0.200848627571123,0.41302245440921,0.838357206859329,0.620144784366731
"U/N Reef (11-049)__11-049eDNA4__1000","U/N Reef (11-049)","11-049eDNA4",1000,0.833333333333333,132.070727273822,0.0744372523556902,0.00567232830022284,0.0117816366939772,0.0434265410351492,0.159505369091717,0.327676778597491,0.776665345475046,0.531531628990642
"U/N Reef (11-049)__11-049eDNA4__2000","U/N Reef (11-049)","11-049eDNA4",2000,0.833333333333333,132.070727273822,0.0575935630232115,0.00434901317689204,0.0090575346229836,0.0335236147621975,0.123546856153012,0.253938288768515,0.693062381599353,0.430400187404274
"U/N Reef (11-049)__NW point__0","U/N Reef (11-049)","NW point",0,0.583333333333333,271.856806267542,0.184535669450765,0.0130188521017674,0.0271875426406481,0.103594310079285,0.396515533324842,0.837961543422643,0.94239381738319,0.819185875121229
"U/N Reef (11-049)__NW point__200","U/N Reef (11-049)","NW point",200,0.583333333333333,271.856806267542,0.136113115042514,0.00979758737967453,0.0204017992127103,0.0770523302281515,0.292082055920096,0.613976821512533,0.9033207283896,0.736686816764871
"U/N Reef (11-049)__NW point__500","U/N Reef (11-049)","NW point",500,0.583333333333333,271.856806267542,0.10677874261178,0.00774711003907093,0.0161213774747182,0.0606748374741686,0.229040181075664,0.480152060396489,0.858438364249205,0.656841889030409
"U/N Reef (11-049)__NW point__1000","U/N Reef (11-049)","NW point",1000,0.583333333333333,271.856806267542,0.0847330305752563,0.00615117815143771,0.0128100052527485,0.0482015255422065,0.181787240821525,0.380610691939225,0.802637145457154,0.571941926794009
"U/N Reef (11-049)__NW point__2000","U/N Reef (11-049)","NW point",2000,0.583333333333333,271.856806267542,0.0655236689864196,0.00472066868355064,0.00985527615900268,0.0372106799132358,0.140703497462068,0.294643592897814,0.725500247465383,0.472503845287702
"U/N Reef (11-049)__SW Corner__0","U/N Reef (11-049)","SW Corner",0,1,254.691141535,0.197942270203515,0.0145104360534586,0.0303884468997668,0.113802574199879,0.424948262239862,0.881799396836005,0.954296247905289,0.844834434070718
"U/N Reef (11-049)__SW Corner__200","U/N Reef (11-049)","SW Corner",200,1,254.691141535,0.146105615552131,0.0109082945012235,0.0227885017959617,0.084645041792252,0.31323640688782,0.646793865122537,0.920612968790362,0.76770014209559
"U/N Reef (11-049)__SW Corner__500","U/N Reef (11-049)","SW Corner",500,1,254.691141535,0.114683935405692,0.00861797615547065,0.0179964273865437,0.0666518538635574,0.245777603219251,0.506311347487631,0.880613243263763,0.690924622788343
"U/N Reef (11-049)__SW Corner__1000","U/N Reef (11-049)","SW Corner",1000,1,254.691141535,0.0910570380869131,0.00683713153217021,0.0142908458126051,0.0529471687701836,0.195195406376941,0.401759574973336,0.829459379338459,0.607373261312487
"U/N Reef (11-049)__SW Corner__2000","U/N Reef (11-049)","SW Corner",2000,1,254.691141535,0.0704585708936897,0.00524248425620084,0.0109861167440627,0.0408708872381833,0.151197389487828,0.311404236814094,0.756753854381096,0.507303996880736
"U/N Reef (15-043)__15-043eDNA1__0","U/N Reef (15-043)","15-043eDNA1",0,0.833333333333333,38.3438392542303,0.0246747371478459,0.000459172132246301,0.00128582573698973,0.00852930932966313,0.055570408531584,0.147821923950896,0.278907584102731,0.145071542206719
"U/N Reef (15-043)__15-043eDNA1__200","U/N Reef (15-043)","15-043eDNA1",200,0.833333333333333,38.3438392542303,0.0181548787814558,0.000344167152992729,0.000962933283103626,0.00634803047258303,0.0410168580321003,0.108364001996235,0.21451260411405,0.103043003147664
"U/N Reef (15-043)__15-043eDNA1__500","U/N Reef (15-043)","15-043eDNA1",500,0.833333333333333,38.3438392542303,0.0142136264838168,0.000271640303929956,0.000760460019698629,0.00500111953171374,0.0321821590282421,0.0846740881001249,0.169532525748224,0.0763042943100997
"U/N Reef (15-043)__15-043eDNA1__1000","U/N Reef (15-043)","15-043eDNA1",1000,0.833333333333333,38.3438392542303,0.0112571595799433,0.000215564287702865,0.000604471990691078,0.00397468094482944,0.0255333418860312,0.0669959397417079,0.132572860842826,0.0560403116112875
"U/N Reef (15-043)__15-043eDNA1__2000","U/N Reef (15-043)","15-043eDNA1",2000,0.833333333333333,38.3438392542303,0.00868602525476363,0.000165569426017728,0.000465728307988978,0.0030697071185786,0.0197335585742055,0.0516926023404456,0.0983991882969627,0.0387873496587455
"U/N Reef (15-043)__15-043eDNA2__0","U/N Reef (15-043)","15-043eDNA2",0,0.833333333333333,14.6445163525641,0.0214537886224308,0.000410344727843835,0.00114257492465775,0.00750167414277436,0.0483880599067984,0.128057455847461,0.249196519121859,0.124806008939492
"U/N Reef (15-043)__15-043eDNA2__200","U/N Reef (15-043)","15-043eDNA2",200,0.833333333333333,14.6445163525641,0.0157831496376885,0.000307505740350281,0.000855668839637143,0.00558363649514708,0.0357148292900525,0.0938515006450187,0.18854597937783,0.0870121633985961
"U/N Reef (15-043)__15-043eDNA2__500","U/N Reef (15-043)","15-043eDNA2",500,0.833333333333333,14.6445163525641,0.0123556187471429,0.000242658873783972,0.000675748985980486,0.00439919186726762,0.0280220989109383,0.0733207160171564,0.14697773340061,0.0634507961870733
"U/N Reef (15-043)__15-043eDNA2__1000","U/N Reef (15-043)","15-043eDNA2",1000,0.833333333333333,14.6445163525641,0.00978474905526045,0.000192527373098406,0.000537130105580707,0.00349650732219221,0.0222329806625458,0.0580036972351156,0.11339202248457,0.0459103522277921
"U/N Reef (15-043)__15-043eDNA2__2000","U/N Reef (15-043)","15-043eDNA2",2000,0.833333333333333,14.6445163525641,0.00754916617300938,0.000147839598013581,0.000413831386342586,0.0027005898797617,0.0171833040095124,0.0447474480143292,0.0828790067915823,0.0312489192207811
"U/N Reef (15-043)__15-043eDNA3__0","U/N Reef (15-043)","15-043eDNA3",0,1,46.9808950088918,0.0273031345697334,0.000625309504952327,0.00168998385549435,0.0103808986015399,0.0623702703757013,0.158109690463683,0.317870241868616,0.167017060211825
"U/N Reef (15-043)__15-043eDNA3__200","U/N Reef (15-043)","15-043eDNA3",200,1,46.9808950088918,0.0200897622659228,0.000468856916585799,0.00126608324097572,0.00772660229506656,0.0460181983607976,0.115817363360392,0.24600254412019,0.118687818474836
"U/N Reef (15-043)__15-043eDNA3__500","U/N Reef (15-043)","15-043eDNA3",500,1,46.9808950088918,0.0157291184350667,0.000370102153258811,0.0010000624528191,0.00608747318188144,0.036099141146545,0.0904597914089752,0.195035635669958,0.0877265604564445
"U/N Reef (15-043)__15-043eDNA3__1000","U/N Reef (15-043)","15-043eDNA3",1000,1,46.9808950088918,0.0124579404620963,0.000293699398474567,0.00079499828167261,0.00483825730796669,0.0286384402892512,0.0715566199001982,0.152726092251195,0.0641934540288462
"U/N Reef (15-043)__15-043eDNA3__2000","U/N Reef (15-043)","15-043eDNA3",2000,1,46.9808950088918,0.00961300877052907,0.000225548860643646,0.000612515260984715,0.00373679370248345,0.0221336057382751,0.0552077925096235,0.113307101320321,0.0441551651723282
"U/N Reef (15-043)__15-043eDNA4__0","U/N Reef (15-043)","15-043eDNA4",0,0.5,6.22153207659721,0.019620926362115,0.000472938517432924,0.00126928856297294,0.00764907098445878,0.0449859911344895,0.112474743283019,0.242207460912248,0.115621651926968
"U/N Reef (15-043)__15-043eDNA4__200","U/N Reef (15-043)","15-043eDNA4",200,0.5,6.22153207659721,0.0144258533301259,0.000355072285726694,0.000951775479300084,0.00569332351332724,0.0331615517632229,0.0822752307307213,0.179689390528847,0.0782579621827122
"U/N Reef (15-043)__15-043eDNA4__500","U/N Reef (15-043)","15-043eDNA4",500,0.5,6.22153207659721,0.0112874300108283,0.000280568148803524,0.000752325694030391,0.00448556418153344,0.0259953447768576,0.0641925178040773,0.137448852862388,0.0555391713852781
"U/N Reef (15-043)__15-043eDNA4__1000","U/N Reef (15-043)","15-043eDNA4",1000,0.5,6.22153207659721,0.00893449457996042,0.000222857661397405,0.000598451105301952,0.00356509713285104,0.0206093529623264,0.0507279593520618,0.103867881823977,0.0390513532495562
"U/N Reef (15-043)__15-043eDNA4__2000","U/N Reef (15-043)","15-043eDNA4",2000,0.5,6.22153207659721,0.00688940323739001,0.000171317965080097,0.000461406294348364,0.00275349234762337,0.0159170666304572,0.0390963923907324,0.0739710544268467,0.0256726688006961
"U/N Reef (20-386)__20-386eDNA1__0","U/N Reef (20-386)","20-386eDNA1",0,1,44.3808115091667,0.0573224850288322,0.0167819488454188,0.0245132682206249,0.049529195221175,0.0995528779018366,0.143286796920304,0.950904997457192,0.650259830768968
"U/N Reef (20-386)__20-386eDNA1__200","U/N Reef (20-386)","20-386eDNA1",200,1,44.3808115091667,0.0422587855381191,0.0128356021073508,0.018589099202653,0.0368501582958478,0.0725663747876777,0.10314600825362,0.873661739589899,0.436200671090339
"U/N Reef (20-386)__20-386eDNA1__500","U/N Reef (20-386)","20-386eDNA1",500,1,44.3808115091667,0.0331372577584941,0.0102310266546536,0.0147660535454635,0.0290221227698592,0.0566067027513155,0.0799567337517087,0.758927252979612,0.267884110891093
"U/N Reef (20-386)__20-386eDNA1__1000","U/N Reef (20-386)","20-386eDNA1",1000,1,44.3808115091667,0.0262847660774447,0.0081489376655414,0.0117573530083661,0.0230571312119507,0.0448354422602216,0.0631650859864279,0.604212474007286,0.143884939435381
"U/N Reef (20-386)__20-386eDNA1__2000","U/N Reef (20-386)","20-386eDNA1",2000,1,44.3808115091667,0.0203162739768418,0.00624172748738183,0.00903423269925623,0.0177985825755783,0.0347458353239288,0.0490105226910181,0.408812711009713,0.0606309115187178
"U/N Reef (20-386)__20-386eDNA2__0","U/N Reef (20-386)","20-386eDNA2",0,0,0,0.0225650404900683,0.00643968223904169,0.00946256713041169,0.0193719274201988,0.0394887141675226,0.0573295869996545,0.475642728328457,0.0960092372963105
"U/N Reef (20-386)__20-386eDNA2__200","U/N Reef (20-386)","20-386eDNA2",200,0,0,0.0166232626847748,0.00493729264756152,0.00718558416355624,0.0144111580330065,0.0287449096420836,0.0411976377724214,0.270616139650524,0.0292175597830725
"U/N Reef (20-386)__20-386eDNA2__500","U/N Reef (20-386)","20-386eDNA2",500,0,0,0.0130275289775035,0.00394386848473738,0.00571510072915872,0.0113490084836927,0.022394380616683,0.031880183946874,0.142460405643336,0.00888901199717209
"U/N Reef (20-386)__20-386eDNA2__1000","U/N Reef (20-386)","20-386eDNA2",1000,0,0,0.0103276952999837,0.00314809491489697,0.00455676751050764,0.00901605525431964,0.0177135492971437,0.0251361824854075,0.065427910707661,0.00240671026934312
"U/N Reef (20-386)__20-386eDNA2__2000","U/N Reef (20-386)","20-386eDNA2",2000,0,0,0.00797745594025152,0.00241734174519877,0.00350706146572242,0.00695973304353845,0.0137051025742509,0.0194557517816167,0.0231683495160485,0.000490749429049347
"U/N Reef (20-386)__20-386eDNA3__0","U/N Reef (20-386)","20-386eDNA3",0,0.666666666666667,11.3856196415,0.0381452865076728,0.0125513174678005,0.0177588351678678,0.0337838533581901,0.0639173606583735,0.0890462064170264,0.851687136926732,0.365607071094446
"U/N Reef (20-386)__20-386eDNA3__200","U/N Reef (20-386)","20-386eDNA3",200,0.666666666666667,11.3856196415,0.0281177285563147,0.00964679060606795,0.0135016755785619,0.0251272339868852,0.0464719213140821,0.0639084463111582,0.679669960327741,0.16588155703408
"U/N Reef (20-386)__20-386eDNA3__500","U/N Reef (20-386)","20-386eDNA3",500,0.666666666666667,11.3856196415,0.0220463964265859,0.00771305361928714,0.0107406466246718,0.0197836248745194,0.0361986283348494,0.049472125929283,0.488047714153677,0.067822061530114
"U/N Reef (20-386)__20-386eDNA3__1000","U/N Reef (20-386)","20-386eDNA3",1000,0.666666666666667,11.3856196415,0.0174857672449115,0.00615602494730639,0.00855893615617587,0.0157127422073579,0.0286488592777936,0.0390698304668672,0.301841167094241,0.0233149434217879
"U/N Reef (20-386)__20-386eDNA3__2000","U/N Reef (20-386)","20-386eDNA3",2000,0.666666666666667,11.3856196415,0.0135138495555425,0.00472044248279463,0.00657735670929408,0.0121251527155846,0.0221996106980418,0.0303400189956534,0.144186677609256,0.00583129772322701
"U/N Reef (20-386)__20-386eDNA4__0","U/N Reef (20-386)","20-386eDNA4",0,0.833333333333333,31.61009988,0.0499432184796552,0.0168895166957005,0.0237151296572502,0.0444746080383829,0.0829528967125096,0.114697920783601,0.948482229668901,0.583742618107918
"U/N Reef (20-386)__20-386eDNA4__200","U/N Reef (20-386)","20-386eDNA4",200,0.833333333333333,31.61009988,0.0368100901163142,0.0130006498548299,0.0180461325934589,0.0330768090601125,0.0602585968290232,0.0822213945251338,0.856113050794592,0.340729655352635
"U/N Reef (20-386)__20-386eDNA4__500","U/N Reef (20-386)","20-386eDNA4",500,0.833333333333333,31.61009988,0.0288592553907867,0.0104052205090852,0.014363899501809,0.0260412015371152,0.0469111608987659,0.0636042709035609,0.713860284406381,0.17453314184167
"U/N Reef (20-386)__20-386eDNA4__1000","U/N Reef (20-386)","20-386eDNA4",1000,0.833333333333333,31.61009988,0.0228873146110142,0.00831096998544698,0.0114505429203105,0.0206814751392484,0.0371131901084919,0.0502106324359232,0.526304267218981,0.0742540704178963
"U/N Reef (20-386)__20-386eDNA4__2000","U/N Reef (20-386)","20-386eDNA4",2000,0.833333333333333,31.61009988,0.0176867301248288,0.00637620410599613,0.00880132269221785,0.0159583047257283,0.0287526276938653,0.038987464009921,0.310078687936884,0.022947393114198
"U/N Reef (20-386)__21-386eDNA1__0","U/N Reef (20-386)","21-386eDNA1",0,0.5,6.8451380365,0.0399361727095041,0.0115543593628052,0.0169147137057928,0.0343869068727219,0.0696117001940775,0.100693194161136,0.835963779603412,0.390593581095399
"U/N Reef (20-386)__21-386eDNA1__200","U/N Reef (20-386)","21-386eDNA1",200,0.5,6.8451380365,0.0294217825001657,0.00885622248334781,0.0128448233488163,0.0255838842161258,0.0506708063496068,0.0723353126736287,0.67530038268992,0.200476430619
"U/N Reef (20-386)__21-386eDNA1__500","U/N Reef (20-386)","21-386eDNA1",500,0.5,6.8451380365,0.0230586306359002,0.0070720196366938,0.010215712007448,0.0201494400197538,0.0394780460527298,0.055966502635209,0.503103940942993,0.0956988395951145
"U/N Reef (20-386)__21-386eDNA1__1000","U/N Reef (20-386)","21-386eDNA1",1000,0.5,6.8451380365,0.018280731738292,0.00564293154542506,0.00814430502642755,0.0160086424058843,0.0312297415387345,0.0441252172247785,0.332972450322744,0.0397538523708089
"U/N Reef (20-386)__21-386eDNA1__2000","U/N Reef (20-386)","21-386eDNA1",2000,0.5,6.8451380365,0.0141213562667314,0.0043309337900699,0.0062669435099852,0.0123583709585136,0.0241673228988733,0.0341567781012647,0.178230485548236,0.0125969867509494
"U/N Reef (20-386)__21-386eDNA2__0","U/N Reef (20-386)","21-386eDNA2",0,0.333333333333333,7.88447074616667,0.0400435278940695,0.012834443836237,0.0182930710504165,0.0352773926936213,0.0676550730090363,0.0949350162312333,0.865793817476293,0.400659461592906
"U/N Reef (20-386)__21-386eDNA2__200","U/N Reef (20-386)","21-386eDNA2",200,0.333333333333333,7.88447074616667,0.0294832600804492,0.00989935429324097,0.0139421932436219,0.0262398870601801,0.049068156062492,0.0678690247271755,0.70766852948468,0.193427383438186
"U/N Reef (20-386)__21-386eDNA2__500","U/N Reef (20-386)","21-386eDNA2",500,0.333333333333333,7.88447074616667,0.0230957253216488,0.00794042932161115,0.0111159582298035,0.0206611469187324,0.0381352826290005,0.0523495866548742,0.524063572599913,0.0836687265745336
"U/N Reef (20-386)__21-386eDNA2__1000","U/N Reef (20-386)","21-386eDNA2",1000,0.333333333333333,7.88447074616667,0.018301710747487,0.00635858836854076,0.00887852347553447,0.0164109631794038,0.0301117764034883,0.0411881208766163,0.33622176653933,0.0302244505057015
"U/N Reef (20-386)__21-386eDNA2__2000","U/N Reef (20-386)","21-386eDNA2",2000,0.333333333333333,7.88447074616667,0.0141302679271768,0.00489479693002195,0.00684136270220766,0.0126650529925938,0.0232703327861183,0.0318457223885511,0.167406290206572,0.00785218762214783
"U/N Reef (20-386)__21-386eDNA3__0","U/N Reef (20-386)","21-386eDNA3",0,0.666666666666667,14.9073099718333,0.0433320774966857,0.0147128919081068,0.0206556468885617,0.0386497022536524,0.0718580429066458,0.099076502085993,0.911149539857942,0.469241693012949
"U/N Reef (20-386)__21-386eDNA3__200","U/N Reef (20-386)","21-386eDNA3",200,0.666666666666667,14.9073099718333,0.0319278767494023,0.011340845538453,0.015732814504491,0.0287453572652817,0.0521498960586499,0.0709162203140699,0.778836658024902,0.237537665306312
"U/N Reef (20-386)__21-386eDNA3__500","U/N Reef (20-386)","21-386eDNA3",500,0.666666666666667,14.9073099718333,0.0250255389712503,0.00908714994069462,0.0125321019924357,0.022631249622996,0.0405677773134089,0.0547942003617796,0.603192803601856,0.105504152548861
"U/N Reef (20-386)__21-386eDNA3__1000","U/N Reef (20-386)","21-386eDNA3",1000,0.666666666666667,14.9073099718333,0.0198423089035482,0.00726605480473304,0.00999725372930011,0.0179732627265329,0.0320723201565951,0.0432104222492105,0.403946886946927,0.03859437152518
"U/N Reef (20-386)__21-386eDNA3__2000","U/N Reef (20-386)","21-386eDNA3",2000,0.666666666666667,14.9073099718333,0.015329622040838,0.00558095957346844,0.00768975775183503,0.0138682910892475,0.0248296161292195,0.0335176515932802,0.209383067398968,0.0100560656073274
"U/N Reef (20-386)__21-386eDNA4__0","U/N Reef (20-386)","21-386eDNA4",0,0.166666666666667,1.479948964,0.0293362112678664,0.00944503126388152,0.0134389809544644,0.0258575055481406,0.0495007524479319,0.0694354501475631,0.691459518507881,0.194174057391398
"U/N Reef (20-386)__21-386eDNA4__200","U/N Reef (20-386)","21-386eDNA4",200,0.166666666666667,1.479948964,0.0216043537423905,0.00728429434272755,0.0102386519560625,0.0192299367809269,0.0359155434918453,0.0496927402146936,0.465771291201564,0.0666095726084291
"U/N Reef (20-386)__21-386eDNA4__500","U/N Reef (20-386)","21-386eDNA4",500,0.166666666666667,1.479948964,0.0169267175423729,0.00584197205662461,0.00816030042909364,0.0151394676956258,0.0279231705535491,0.0383652612108763,0.2788612088731,0.0211570402470257
"U/N Reef (20-386)__21-386eDNA4__1000","U/N Reef (20-386)","21-386eDNA4",1000,0.166666666666667,1.479948964,0.0134154362888871,0.00467716889280723,0.00651542264429474,0.0120236846799154,0.0220563610617984,0.0302127095120353,0.140998879821875,0.00565841833928005
"U/N Reef (20-386)__21-386eDNA4__2000","U/N Reef (20-386)","21-386eDNA4",2000,0.166666666666667,1.479948964,0.0103596144968105,0.00359925668058324,0.00501834920773339,0.00927816037188176,0.0170524132647342,0.0233825501006747,0.0530853175547693,0.00107717907584234
"U/N Reef (21-057)__21-057eDNA1__0","U/N Reef (21-057)","21-057eDNA1",0,0.166666666666667,1.63086112583333,0.0643004364112177,0.00484188911046623,0.00997769797616089,0.0372459706553802,0.138950653940135,0.28573913593882,0.727353545688857,0.472207610305046
"U/N Reef (21-057)__21-057eDNA1__200","U/N Reef (21-057)","21-057eDNA1",200,0.166666666666667,1.63086112583333,0.0473400799040374,0.00365529283896892,0.007504802251444,0.0277093753768975,0.102115960992495,0.208488228054557,0.625206225742346,0.35891450606226
"U/N Reef (21-057)__21-057eDNA1__500","U/N Reef (21-057)","21-057eDNA1",500,0.166666666666667,1.63086112583333,0.0370819689016865,0.00289727968714506,0.00594112862926717,0.0218233354317614,0.0799288506238544,0.162526123415183,0.533707569031265,0.27461381206685
"U/N Reef (21-057)__21-057eDNA1__1000","U/N Reef (21-057)","21-057eDNA1",1000,0.166666666666667,1.63086112583333,0.0293834043032679,0.00230551551561681,0.00472889369624713,0.0173394114198065,0.063330243594876,0.128461436527015,0.443166987167957,0.203931986861451
"U/N Reef (21-057)__21-057eDNA1__2000","U/N Reef (21-057)","21-057eDNA1",2000,0.166666666666667,1.63086112583333,0.0226849936131056,0.00177348536399199,0.00364486060557256,0.0133874859051057,0.0489271693996519,0.0991488458249336,0.345081966804089,0.139464424460266
"U/N Reef (21-057)__21-057eDNA2__0","U/N Reef (21-057)","21-057eDNA2",0,0.166666666666667,1.3587307185,0.0609610219762128,0.00464968688489669,0.00960418140112382,0.0355095366533908,0.130988452172478,0.268999248603532,0.712942169343037,0.453060040304557
"U/N Reef (21-057)__21-057eDNA2__200","U/N Reef (21-057)","21-057eDNA2",200,0.166666666666667,1.3587307185,0.0449087749358669,0.00350993110941567,0.00722117611066481,0.0264104815177875,0.0963007883959365,0.196555022835706,0.607802010986471,0.340084472756781
"U/N Reef (21-057)__21-057eDNA2__500","U/N Reef (21-057)","21-057eDNA2",500,0.166666666666667,1.3587307185,0.0351948635558947,0.00278198675763469,0.00571467743929267,0.0207956143053375,0.0754028351238865,0.153401011683471,0.514744806594435,0.257300270748224
"U/N Reef (21-057)__21-057eDNA2__1000","U/N Reef (21-057)","21-057eDNA2",1000,0.166666666666667,1.3587307185,0.0279014300297697,0.00221377165028207,0.00454704482442998,0.0165191293941983,0.0597654577580835,0.12138236101484,0.423747492145369,0.188886829188528
"U/N Reef (21-057)__21-057eDNA2__2000","U/N Reef (21-057)","21-057eDNA2",2000,0.166666666666667,1.3587307185,0.0215525564952594,0.0017029578399845,0.00350320063332078,0.0127509123177142,0.0461930817126164,0.0937980483709431,0.326476726875964,0.127456552616292
"U/N Reef (21-057)__21-057eDNA3__0","U/N Reef (21-057)","21-057eDNA3",0,0,0,0.0545853659818818,0.00388923268107305,0.0081235589596955,0.0309021325923776,0.117615069963125,0.246291835079612,0.661849514179127,0.402368747524898
"U/N Reef (21-057)__21-057eDNA3__200","U/N Reef (21-057)","21-057eDNA3",200,0,0,0.0402037687330284,0.00293563350043353,0.00610753936730858,0.0229841528873919,0.0864742684571144,0.179962034139274,0.553449083655677,0.295994485533794
"U/N Reef (21-057)__21-057eDNA3__500","U/N Reef (21-057)","21-057eDNA3",500,0,0,0.0315023106633683,0.00232682095547201,0.00483353168881968,0.0180982503152772,0.0677064115203506,0.140430698591463,0.461186614688719,0.220500705030428
"U/N Reef (21-057)__21-057eDNA3__1000","U/N Reef (21-057)","21-057eDNA3",1000,0,0,0.0249700229903635,0.00185171763884871,0.00384634241663805,0.0143770192125175,0.0536594382919903,0.111090501613575,0.373821118301244,0.159662135972821
"U/N Reef (21-057)__21-057eDNA3__2000","U/N Reef (21-057)","21-057eDNA3",2000,0,0,0.019284608086262,0.00142468508946865,0.00296396164780467,0.0110980599476435,0.04146517738007,0.0858081574199123,0.283248343815553,0.106271596311312
"U/N Reef (21-057)__21-057eDNA4__0","U/N Reef (21-057)","21-057eDNA4",0,0.333333333333333,3.28238382933333,0.0857405103224876,0.00617270640261649,0.0128541783180976,0.0487825012235901,0.185165312899769,0.385912698797084,0.804222789874324,0.575659660913981
"U/N Reef (21-057)__21-057eDNA4__200","U/N Reef (21-057)","21-057eDNA4",200,0.333333333333333,3.28238382933333,0.0631517410839726,0.0046582295447408,0.00966352408878814,0.0362858546222946,0.136148235336297,0.281928610068624,0.717963425362597,0.462242698309934
"U/N Reef (21-057)__21-057eDNA4__500","U/N Reef (21-057)","21-057eDNA4",500,0.333333333333333,3.28238382933333,0.0494841984672862,0.00369140685862925,0.00764729819070992,0.0285742295767015,0.106605710322674,0.219973454474853,0.635451453783296,0.371469941320053
"U/N Reef (21-057)__21-057eDNA4__1000","U/N Reef (21-057)","21-057eDNA4",1000,0.333333333333333,3.28238382933333,0.0392235588983684,0.00293700383445832,0.00608505473879006,0.0227005384029789,0.0844935210584282,0.174000923287139,0.548665793615697,0.290128421553631
"U/N Reef (21-057)__21-057eDNA4__2000","U/N Reef (21-057)","21-057eDNA4",2000,0.333333333333333,3.28238382933333,0.0302929436922926,0.00225903867286334,0.00468874539358028,0.017524604153566,0.0652969471762418,0.134395193565099,0.44824764831801,0.210514713011018
"U/N Reef (21-067)__21-067eDNA1__0","U/N Reef (21-067)","21-067eDNA1",0,0.5,7.9320912255,0.248824101223662,0.0346599307278404,0.062633051626331,0.179445553827785,0.506468411591618,0.877718464642128,0.996334356382324,0.966481510551065
"U/N Reef (21-067)__21-067eDNA1__200","U/N Reef (21-067)","21-067eDNA1",200,0.5,7.9320912255,0.18373915219849,0.0261322742630638,0.047056169443498,0.133488237010799,0.37263511341082,0.6415870243891,0.990393174212328,0.930934509970492
"U/N Reef (21-067)__21-067eDNA1__500","U/N Reef (21-067)","21-067eDNA1",500,0.5,7.9320912255,0.144270937374998,0.0206651588057691,0.0371806942940346,0.105116312004871,0.292230048991088,0.501727015950169,0.9799339611271,0.883112089786971
"U/N Reef (21-067)__21-067eDNA1__1000","U/N Reef (21-067)","21-067eDNA1",1000,0.5,7.9320912255,0.11458336002238,0.0163897812429919,0.0295152340912377,0.083499948297862,0.232165115361847,0.398348505345492,0.961232820495036,0.816951152390194
"U/N Reef (21-067)__21-067eDNA1__2000","U/N Reef (21-067)","21-067eDNA1",2000,0.5,7.9320912255,0.0886919927030349,0.0125447965420977,0.0226593125969651,0.0644474286298008,0.180077817033647,0.309518052395635,0.924487215373619,0.718644904502686
"U/N Reef (21-067)__21-067eDNA2__0","U/N Reef (21-067)","21-067eDNA2",0,0.5,4.1037289425,0.249005498144803,0.0346235945559125,0.0625837927402218,0.179473751658607,0.507012326485387,0.87905763837373,0.996310088003043,0.966373024322235
"U/N Reef (21-067)__21-067eDNA2__200","U/N Reef (21-067)","21-067eDNA2",200,0.5,4.1037289425,0.18384529208765,0.0261169128004739,0.0470313022156311,0.13350560328988,0.372939429911091,0.642363294113575,0.990358565871623,0.93083012929157
"U/N Reef (21-067)__21-067eDNA2__500","U/N Reef (21-067)","21-067eDNA2",500,0.5,4.1037289425,0.14433647702627,0.0206607282839222,0.0371690223231306,0.105127951286814,0.292406197912221,0.502199478235294,0.979898360096039,0.883043394029594
"U/N Reef (21-067)__21-067eDNA2__1000","U/N Reef (21-067)","21-067eDNA2",1000,0.5,4.1037289425,0.114621685664651,0.0163921085088339,0.0295121448968374,0.0835078563463477,0.232256624203815,0.39861701293102,0.961212069844675,0.816940884695446
"U/N Reef (21-067)__21-067eDNA2__2000","U/N Reef (21-067)","21-067eDNA2",2000,0.5,4.1037289425,0.088709615428136,0.0125514937839331,0.0226622728685519,0.0644525946593946,0.180106549607319,0.309630999697367,0.924509891077595,0.718702710717536
"U/N Reef (21-067)__21-067eDNA3__0","U/N Reef (21-067)","21-067eDNA3",0,0,0,0.183674108023842,0.0247176851774783,0.0447636582339829,0.130314133963948,0.375554836838626,0.662137928066954,0.987851474961146,0.921778684394192
"U/N Reef (21-067)__21-067eDNA3__200","U/N Reef (21-067)","21-067eDNA3",200,0,0,0.135526992490621,0.0186719485910402,0.0336667999002278,0.0969282751506055,0.276021411847997,0.48339299042843,0.972316076573477,0.858043290743888
"U/N Reef (21-067)__21-067eDNA3__500","U/N Reef (21-067)","21-067eDNA3",500,0,0,0.106348975827041,0.0147890613320868,0.026626635191017,0.0763221776866807,0.216257545761275,0.377548223777242,0.948633783877282,0.783347015800246
"U/N Reef (21-067)__21-067eDNA3__1000","U/N Reef (21-067)","21-067eDNA3",1000,0,0,0.0844140345872221,0.0117475151083298,0.0211578944161027,0.060625370765961,0.17163929676577,0.299342634595179,0.911565904921795,0.692089808148588
"U/N Reef (21-067)__21-067eDNA3__2000","U/N Reef (21-067)","21-067eDNA3",2000,0,0,0.0652952804533387,0.00900722075782865,0.0162622847841497,0.0467924400131406,0.132975633459504,0.232183035519524,0.84830788026256,0.572887282706948
"U/N Reef (21-067)__21-067eDNA4__0","U/N Reef (21-067)","21-067eDNA4",0,1,61.7306231446667,0.388896493432416,0.0519561591123101,0.0952754687914145,0.278227234830347,0.797390505357675,1.38690207253173,0.999224064069947,0.990059481205091
"U/N Reef (21-067)__21-067eDNA4__200","U/N Reef (21-067)","21-067eDNA4",200,1,61.7306231446667,0.287414002516604,0.039089571944848,0.0714751218602485,0.2069674590866,0.587545957176322,1.0160104115896,0.997681021692041,0.976583564382065
"U/N Reef (21-067)__21-067eDNA4__500","U/N Reef (21-067)","21-067eDNA4",500,1,61.7306231446667,0.225828859640242,0.0308629463934498,0.0564117694097606,0.162972960876764,0.461285011435075,0.795899476103584,0.994557415942951,0.955519015400576
"U/N Reef (21-067)__21-067eDNA4__1000","U/N Reef (21-067)","21-067eDNA4",1000,1,61.7306231446667,0.179475663013015,0.0244439548228473,0.0447365155651551,0.129453295093715,0.366841238593408,0.632918618081789,0.988157848902163,0.921886020818124
"U/N Reef (21-067)__21-067eDNA4__2000","U/N Reef (21-067)","21-067eDNA4",2000,1,61.7306231446667,0.139023093791056,0.018683671006665,0.0343095740814972,0.0999094180050179,0.284832355592843,0.492617400853722,0.973512925994802,0.863398001335312
"U/N Reef (21-069)__21-069eDNA1__0","U/N Reef (21-069)","21-069eDNA1",0,0.166666666666667,1.39006851233333,0.00412704046834945,6.52007134180933e-05,0.000195913734373882,0.0013815820561569,0.00932569166089162,0.0247417904795958,0.0369045755080761,0.0122971646836254
"U/N Reef (21-069)__21-069eDNA1__200","U/N Reef (21-069)","21-069eDNA1",200,0.166666666666667,1.39006851233333,0.00305358943275345,4.84445341253446e-05,0.000145930892713781,0.00102850770117669,0.00692036491834903,0.0182743812393702,0.0234936795859939,0.00720686649901011
"U/N Reef (21-069)__21-069eDNA1__500","U/N Reef (21-069)","21-069eDNA1",500,0.166666666666667,1.39006851233333,0.00240148471658453,3.79752900451807e-05,0.000114754798985079,0.000810409997997552,0.00545301375418092,0.0143659799502817,0.0160071693945625,0.00460232263668886
"U/N Reef (21-069)__21-069eDNA1__1000","U/N Reef (21-069)","21-069eDNA1",1000,0.166666666666667,1.39006851233333,0.00191022599521305,2.99446978934224e-05,9.08471492068601e-05,0.000644157412499855,0.00434397188127477,0.0114326444963731,0.0109085927432355,0.00295331570684062
"U/N Reef (21-069)__21-069eDNA1__2000","U/N Reef (21-069)","21-069eDNA1",2000,0.166666666666667,1.39006851233333,0.00148110834815122,2.28421392912547e-05,6.96835610445399e-05,0.000497540453524675,0.00337225885453841,0.00887817094601193,0.00699155938213596,0.00177468942433323
"U/N Reef (21-069)__21-069eDNA2__0","U/N Reef (21-069)","21-069eDNA2",0,0,0,0.00351372812860511,5.26824954944346e-05,0.00015961509313539,0.00114659917216612,0.0078956382506336,0.021212548105017,0.0292342032784714,0.00944846445293957
"U/N Reef (21-069)__21-069eDNA2__200","U/N Reef (21-069)","21-069eDNA2",200,0,0,0.00259934622382254,3.91471331892306e-05,0.000118902244010048,0.000853581754000991,0.00585870185809744,0.0156656421518417,0.0183532365281838,0.00546607218274031
"U/N Reef (21-069)__21-069eDNA2__500","U/N Reef (21-069)","21-069eDNA2",500,0,0,0.00204395632866391,3.06903627610183e-05,9.35086392972173e-05,0.00067258314686815,0.00461605362565267,0.0123132984918051,0.0123735051280727,0.00345700149878227
"U/N Reef (21-069)__21-069eDNA2__1000","U/N Reef (21-069)","21-069eDNA2",1000,0,0,0.00162561158524364,2.42033367570983e-05,7.40351296252979e-05,0.000534611082003881,0.00367684639306547,0.00979725319298488,0.00835234913504138,0.00219926752032654
"U/N Reef (21-069)__21-069eDNA2__2000","U/N Reef (21-069)","21-069eDNA2",2000,0,0,0.0012602343052803,1.84656673870207e-05,5.67960931369626e-05,0.000412934510222206,0.00285395829839266,0.00760622678241356,0.00530029961454747,0.00130985387913032
"U/N Reef (21-069)__21-069eDNA3__0","U/N Reef (21-069)","21-069eDNA3",0,0,0,0.00346822127271797,4.71336328845895e-05,0.00014541358473125,0.00108228721435367,0.00772746944654816,0.021186764923505,0.0290431631834593,0.00958467288553913
"U/N Reef (21-069)__21-069eDNA3__200","U/N Reef (21-069)","21-069eDNA3",200,0,0,0.0025660258827354,3.5009697976269e-05,0.000108295208870032,0.000805711456133295,0.0057353922410645,0.0156523048238915,0.0183958139815383,0.00561229939275564
"U/N Reef (21-069)__21-069eDNA3__500","U/N Reef (21-069)","21-069eDNA3",500,0,0,0.00201797299992222,2.74394471429691e-05,8.51530953406561e-05,0.000634869119678297,0.00451963033286011,0.0123055039082057,0.0125013492822477,0.00358682392505731
"U/N Reef (21-069)__21-069eDNA3__1000","U/N Reef (21-069)","21-069eDNA3",1000,0,0,0.00160511244963833,2.16351940993548e-05,6.74117451177088e-05,0.000504638918665355,0.00360046313986536,0.00979247408402694,0.00850833789076306,0.00230598906553164
"U/N Reef (21-069)__21-069eDNA3__2000","U/N Reef (21-069)","21-069eDNA3",2000,0,0,0.00124448683633643,1.65036012066434e-05,5.17104959091386e-05,0.000389789554190507,0.0027949097634445,0.00760317496900027,0.00545217949868004,0.00139021001031746
"U/N Reef (21-069)__21-069eDNA4__0","U/N Reef (21-069)","21-069eDNA4",0,0,0,0.00340846302463073,4.43055866994491e-05,0.000137764757574282,0.00104187901998263,0.00756289275746991,0.0209315729465738,0.0284653436823058,0.00945275472465209
"U/N Reef (21-069)__21-069eDNA4__200","U/N Reef (21-069)","21-069eDNA4",200,0,0,0.00252204790295769,3.29006824966471e-05,0.0001025829004143,0.000775636137799605,0.00561411118568531,0.0154669893186036,0.0180791409096855,0.00555797913344339
"U/N Reef (21-069)__21-069eDNA4__500","U/N Reef (21-069)","21-069eDNA4",500,0,0,0.00198353653896126,2.57818413947188e-05,8.06529969160385e-05,0.000611175920741154,0.00442452145306324,0.0121614419248644,0.0123181768557038,0.00356531351095269
"U/N Reef (21-069)__21-069eDNA4__1000","U/N Reef (21-069)","21-069eDNA4",1000,0,0,0.00157783486171802,2.03251739289941e-05,6.38438694503192e-05,0.000485810216013207,0.00352499123853635,0.00967879869226888,0.008407198444897,0.00230095740223486
"U/N Reef (21-069)__21-069eDNA4__2000","U/N Reef (21-069)","21-069eDNA4",2000,0,0,0.00122343630814172,1.55021075773727e-05,4.89700153802039e-05,0.000375250264729545,0.00273652468279173,0.00751549855015437,0.00540592951497429,0.00139347996564469
"U/N Reef (21-250a)__21-250aeDNA1__0","U/N Reef (21-250a)","21-250aeDNA1",0,1,19.3986426107585,0.0955529490757418,0.007787952827671,0.0159007002953653,0.057178042383851,0.204744702232153,0.412727682339484,0.853483448981401,0.639175059952178
"U/N Reef (21-250a)__21-250aeDNA1__200","U/N Reef (21-250a)","21-250aeDNA1",200,1,19.3986426107585,0.070441321126568,0.00586848843829782,0.0119455462642622,0.0425356239132612,0.150648766652865,0.301799049069808,0.776486436291172,0.523697771199888
"U/N Reef (21-250a)__21-250aeDNA1__500","U/N Reef (21-250a)","21-250aeDNA1",500,1,19.3986426107585,0.0552359113325477,0.00464427214904633,0.00944629140174466,0.0334982145185959,0.118045745332935,0.235711636958875,0.698558036061791,0.427311181465929
"U/N Reef (21-250a)__21-250aeDNA1__1000","U/N Reef (21-250a)","21-250aeDNA1",1000,1,19.3986426107585,0.0438132533874721,0.00368998809516915,0.00751019014732375,0.0266136875253153,0.0936395356827998,0.186666524112252,0.612785729171691,0.338147522180236
"U/N Reef (21-250a)__21-250aeDNA1__2000","U/N Reef (21-250a)","21-250aeDNA1",2000,1,19.3986426107585,0.0338644310105177,0.00283343555026756,0.0057804489075993,0.0205461485821692,0.0724451309562312,0.144399610328943,0.509269879754922,0.248430493225357
"U/N Reef (21-250a)__21-250aeDNA2__0","U/N Reef (21-250a)","21-250aeDNA2",0,1,28.5418372601271,0.105621615562186,0.00859523720762365,0.0175785140701786,0.0631412125015675,0.225882745550398,0.456415153215481,0.875340105631541,0.675878793213714
"U/N Reef (21-250a)__21-250aeDNA2__200","U/N Reef (21-250a)","21-250aeDNA2",200,1,28.5418372601271,0.0778597346248888,0.00647896477246452,0.0132081094500655,0.0469676216219813,0.166175881691244,0.333766960372978,0.805543251791287,0.5635544969008
"U/N Reef (21-250a)__21-250aeDNA2__500","U/N Reef (21-250a)","21-250aeDNA2",500,1,28.5418372601271,0.0610504566615117,0.00512889999398395,0.0104459975009971,0.0369859300030483,0.130196509968849,0.260686467624352,0.732920116787508,0.467106799202994
"U/N Reef (21-250a)__21-250aeDNA2__1000","U/N Reef (21-250a)","21-250aeDNA2",1000,1,28.5418372601271,0.048423520319583,0.00407626139868746,0.00830595560577338,0.0293826311638031,0.103266295765951,0.206444913983375,0.650948089759594,0.37561153257323
"U/N Reef (21-250a)__21-250aeDNA2__2000","U/N Reef (21-250a)","21-250aeDNA2",2000,1,28.5418372601271,0.0374263228742721,0.0031311586562118,0.00639372403032704,0.0226821680730615,0.0798831748629208,0.159694437673107,0.549358502744136,0.281126920996252
"U/N Reef (21-250a)__21-250aeDNA3__0","U/N Reef (21-250a)","21-250aeDNA3",0,0.666666666666667,7.73214725777507,0.0844987179096679,0.0067696848109689,0.0138473280864687,0.0499994450455302,0.180388808452064,0.368212939646821,0.819765787421039,0.587992493362154
"U/N Reef (21-250a)__21-250aeDNA3__200","U/N Reef (21-250a)","21-250aeDNA3",200,0.666666666666667,7.73214725777507,0.0622615090680868,0.00510773224437572,0.0104103106936384,0.0371889860591338,0.132634229595236,0.269120623594777,0.733659763662933,0.470420251747045
"U/N Reef (21-250a)__21-250aeDNA3__500","U/N Reef (21-250a)","21-250aeDNA3",500,0.666666666666667,7.73214725777507,0.0488024601813829,0.00404655665964693,0.008237140408767,0.029283837853517,0.103868458534158,0.210085452741181,0.649678080652983,0.375801669453298
"U/N Reef (21-250a)__21-250aeDNA3__1000","U/N Reef (21-250a)","21-250aeDNA3",1000,0.666666666666667,7.73214725777507,0.0386955555086786,0.00321849640156257,0.00655268697337847,0.0232628980363564,0.0823455061269558,0.16627738411509,0.560234081944369,0.291035275190856
"U/N Reef (21-250a)__21-250aeDNA3__2000","U/N Reef (21-250a)","21-250aeDNA3",2000,0.666666666666667,7.73214725777507,0.0298961859445788,0.00247438889132524,0.00504683167177393,0.0179574093241186,0.0636651490660695,0.128529912100963,0.455906117965786,0.20850527973048
"U/N Reef (21-250a)__21-250aeDNA4__0","U/N Reef (21-250a)","21-250aeDNA4",0,0.666666666666667,6.47277347743511,0.0852917942445023,0.00634327895365097,0.0131791555697059,0.0491251587662986,0.183029409020232,0.379778873029282,0.809273201422703,0.579245753679614
"U/N Reef (21-250a)__21-250aeDNA4__200","U/N Reef (21-250a)","21-250aeDNA4",200,0.666666666666667,6.47277347743511,0.0628448398003818,0.0047832178907745,0.0099046401857833,0.0365412172423685,0.134620982388105,0.27764563320445,0.72284248167168,0.464331576536356
"U/N Reef (21-250a)__21-250aeDNA4__500","U/N Reef (21-250a)","21-250aeDNA4",500,0.666666666666667,6.47277347743511,0.0492589604494878,0.00378808297186245,0.00783561700047725,0.0287754661144462,0.105443192684439,0.216759890339238,0.639684821086068,0.372277420714536
"U/N Reef (21-250a)__21-250aeDNA4__1000","U/N Reef (21-250a)","21-250aeDNA4",1000,0.666666666666667,6.47277347743511,0.0390568946092769,0.00301214067723892,0.0062326999028708,0.0228603984647895,0.0836015242272564,0.171557651442834,0.551920676934603,0.289864151199796
"U/N Reef (21-250a)__21-250aeDNA4__2000","U/N Reef (21-250a)","21-250aeDNA4",2000,0.666666666666667,6.47277347743511,0.0301747559574469,0.00231533415775556,0.00480035088467796,0.017647892073911,0.0646365465764206,0.132593893449976,0.450186110519031,0.209407760850006
"U/N Reef (21-460)__21-460eDNA_1__0","U/N Reef (21-460)","21-460eDNA_1",0,0.166666666666667,1.25,0.00168633027395529,5.50385948230935e-05,0.000133981219145292,0.000708392430389545,0.00375629270776151,0.009223178747997,0.00512358790598707,0.000966517692393601
"U/N Reef (21-460)__21-460eDNA_1__200","U/N Reef (21-460)","21-460eDNA_1",200,0.166666666666667,1.25,0.00124339675400631,4.13661601307103e-05,0.000100389578655111,0.000526849955052301,0.00277115778545632,0.0067711790312454,0.00248973469520872,0.000413180951721663
"U/N Reef (21-460)__21-460eDNA_1__500","U/N Reef (21-460)","21-460eDNA_1",500,0.166666666666667,1.25,0.000975135830643917,3.27029593189769e-05,7.92881532560825e-05,0.000414832448118178,0.00217412864319523,0.00529937755768671,0.00135324200991194,0.000203289660795225
"U/N Reef (21-460)__21-460eDNA_1__1000","U/N Reef (21-460)","21-460eDNA_1",1000,0.166666666666667,1.25,0.000773574358950878,2.59807333919296e-05,6.30115872683723e-05,0.000329521660432756,0.00172534254905509,0.00420089258487003,0.000738846729544108,0.000101284589085733
"U/N Reef (21-460)__21-460eDNA_1__2000","U/N Reef (21-460)","21-460eDNA_1",2000,0.166666666666667,1.25,0.000597987520991097,1.99685612639223e-05,4.85211359798147e-05,0.000254354911860511,0.0013342268746419,0.00324946352662131,0.00036851996246629,4.58640492008908e-05
"U/N Reef (21-460)__21-460eDNA_2__0","U/N Reef (21-460)","21-460eDNA_2",0,0,0,0.00139647739325817,4.24419012298838e-05,0.000104722344133167,0.000568953734825864,0.00310258887974321,0.0077404036301271,0.00356140053880563,0.000651484650512395
"U/N Reef (21-460)__21-460eDNA_2__200","U/N Reef (21-460)","21-460eDNA_2",200,0,0,0.00102949822920783,3.18965360386057e-05,7.84657832979909e-05,0.000423154385825607,0.00228891383651066,0.00568234048194871,0.00170222021408802,0.000274807886955158
"U/N Reef (21-460)__21-460eDNA_2__500","U/N Reef (21-460)","21-460eDNA_2",500,0,0,0.000807271501518131,2.52168437141541e-05,6.19751842949886e-05,0.000333190481200989,0.00179570614542116,0.00444669931710736,0.000914387360875202,0.000133976751639274
"U/N Reef (21-460)__21-460eDNA_2__1000","U/N Reef (21-460)","21-460eDNA_2",1000,0,0,0.000640319981621652,2.00348010766888e-05,4.92566547711701e-05,0.000264674524073297,0.00142491864197725,0.00352433810727247,0.000494280185935641,6.62522828811999e-05
"U/N Reef (21-460)__21-460eDNA_2__2000","U/N Reef (21-460)","21-460eDNA_2",2000,0,0,0.00049490256288668,1.5400795543258e-05,3.79345982968426e-05,0.000204304677867767,0.00110175237784731,0.0027253854136499,0.000244154300445572,2.9790872062165e-05
"U/N Reef (21-460)__21-460eDNA_3__0","U/N Reef (21-460)","21-460eDNA_3",0,0.166666666666667,2.75,0.0017671252974456,4.62997456438786e-05,0.000117780562359789,0.000677408826002606,0.00390937478129673,0.0100454824872443,0.00664017433819539,0.00142519084586288
"U/N Reef (21-460)__21-460eDNA_3__200","U/N Reef (21-460)","21-460eDNA_3",200,0.166666666666667,2.75,0.00130289510807031,3.47634119694827e-05,8.82060113152453e-05,0.000503849796667495,0.00288554482205571,0.00737866501250567,0.00342253557413071,0.000655256186607775
"U/N Reef (21-460)__21-460eDNA_3__500","U/N Reef (21-460)","21-460eDNA_3",500,0.166666666666667,2.75,0.00102174926924801,2.74665369425837e-05,6.96468040835846e-05,0.00039675036521361,0.00226447369979373,0.00577598618531226,0.00195568612397617,0.000342518946351009
"U/N Reef (21-460)__21-460eDNA_3__1000","U/N Reef (21-460)","21-460eDNA_3",1000,0.166666666666667,2.75,0.000810515354023357,2.18120257181817e-05,5.53418598626697e-05,0.000315179582982944,0.00179728017723068,0.00457876309633966,0.00112185660111096,0.000180983011192338
"U/N Reef (21-460)__21-460eDNA_3__2000","U/N Reef (21-460)","21-460eDNA_3",2000,0.166666666666667,2.75,0.000626510579805979,1.67606564745074e-05,4.26147220116816e-05,0.00024330291213389,0.00138986773295814,0.00354104478562344,0.000591754412190765,8.74887526893613e-05
"U/N Reef (21-460)__21-460eDNA_4__0","U/N Reef (21-460)","21-460eDNA_4",0,0,0,0.00140855972064072,3.20600922652972e-05,8.38297345292381e-05,0.000508387525076744,0.00309499340035662,0.00818521897567938,0.0045691974015299,0.000970422962020069
"U/N Reef (21-460)__21-460eDNA_4__200","U/N Reef (21-460)","21-460eDNA_4",200,0,0,0.00103829677651227,2.40661121853078e-05,6.27738000251473e-05,0.000378145320043573,0.00228467237925678,0.00601261416168311,0.00233779972588429,0.000445531993640043
"U/N Reef (21-460)__21-460eDNA_4__500","U/N Reef (21-460)","21-460eDNA_4",500,0,0,0.000814101210682755,1.90132697412403e-05,4.95657368616466e-05,0.000297773727786354,0.00179292776591072,0.00470628169973259,0.00133077362431886,0.000233106088549445
"U/N Reef (21-460)__21-460eDNA_4__1000","U/N Reef (21-460)","21-460eDNA_4",1000,0,0,0.000645683525455003,1.50995546775831e-05,3.93880883506781e-05,0.000236558413709931,0.00142291863082789,0.00373010260484849,0.000761851010571655,0.000123465791196634
"U/N Reef (21-460)__21-460eDNA_4__2000","U/N Reef (21-460)","21-460eDNA_4",2000,0,0,0.000499000839526076,1.16045629731837e-05,3.03348090877539e-05,0.000182616748095313,0.00110018768610081,0.00288376997649591,0.000401639772184843,5.99306935390051e-05
"U/N Reef (21-466)__21-466eDNA_1__0","U/N Reef (21-466)","21-466eDNA_1",0,0,0,0.00317483842588148,0.000236906907434125,0.000485673376277007,0.00181816798005941,0.00684038834394784,0.0142337012183763,0.0101381696661308,0.00138186483837117
"U/N Reef (21-466)__21-466eDNA_1__200","U/N Reef (21-466)","21-466eDNA_1",200,0,0,0.00233904104963468,0.000178725058380031,0.000365024091052983,0.00135241830535955,0.00503091234878229,0.0104023448715565,0.00426968698743124,0.000471197989691036
"U/N Reef (21-466)__21-466eDNA_1__500","U/N Reef (21-466)","21-466eDNA_1",500,0,0,0.0018332179011835,0.00014157976331076,0.000288793930942391,0.00106501173679255,0.00394022538057956,0.00811920021013487,0.00202106822204828,0.000189210430596495
"U/N Reef (21-466)__21-466eDNA_1__1000","U/N Reef (21-466)","21-466eDNA_1",1000,0,0,0.00145340417338501,0.000112597071964074,0.000229737177090548,0.00084610552420783,0.00312375772464985,0.00642473946959037,0.000951438940261945,7.66331516177281e-05
"U/N Reef (21-466)__21-466eDNA_1__2000","U/N Reef (21-466)","21-466eDNA_1",2000,0,0,0.00112275330970331,8.6555459780957e-05,0.000176963589331039,0.000653204192561635,0.00241483046648979,0.0049646226492326,0.000396917872158654,2.73323567385151e-05
"U/N Reef (21-466)__21-466eDNA_2__0","U/N Reef (21-466)","21-466eDNA_2",0,0,0,0.0031992075969527,0.000236902232186491,0.000487686249406858,0.00182790265284875,0.00688049408113985,0.0143532906426381,0.0103102473801467,0.00141281452333585
"U/N Reef (21-466)__21-466eDNA_2__200","U/N Reef (21-466)","21-466eDNA_2",200,0,0,0.00235705749911499,0.000178785403133336,0.000366573576048033,0.00135948332990112,0.00505991737565556,0.0104926288105716,0.00435062639531006,0.000482733542737019
"U/N Reef (21-466)__21-466eDNA_2__500","U/N Reef (21-466)","21-466eDNA_2",500,0,0,0.00184738070959198,0.000141674092757725,0.000290043763572804,0.00107045891933023,0.00396262404626728,0.00819127503331494,0.00206227874430832,0.00019411189713192
"U/N Reef (21-466)__21-466eDNA_2__1000","U/N Reef (21-466)","21-466eDNA_2",1000,0,0,0.00146466769968749,0.000112711287260016,0.000230749958800762,0.000850342791105711,0.0031412695157845,0.00648281890979852,0.00097196845142439,7.87025214717086e-05
"U/N Reef (21-466)__21-466eDNA_2__2000","U/N Reef (21-466)","21-466eDNA_2",2000,0,0,0.00113148759957469,8.66799709051903e-05,0.000177759817035499,0.000656397673862786,0.00242815400191128,0.005010226479798,0.000405902950006429,2.80942847105476e-05
"U/N Reef (21-466)__21-466eDNA_3__0","U/N Reef (21-466)","21-466eDNA_3",0,0.333333333333333,3.75,0.00492419460616372,0.000349123389170929,0.000728380459626746,0.002780354638377,0.0106298146329853,0.0222891936151996,0.0296530526068352,0.00540651824534699
"U/N Reef (21-466)__21-466eDNA_3__200","U/N Reef (21-466)","21-466eDNA_3",200,0.333333333333333,3.75,0.00362900247340888,0.000263266871920387,0.000547222503587783,0.00206789783107257,0.00782104096191783,0.0163047907987535,0.0143946360498626,0.00215639440732052
"U/N Reef (21-466)__21-466eDNA_3__500","U/N Reef (21-466)","21-466eDNA_3",500,0.333333333333333,3.75,0.00284494776069132,0.000208504184572305,0.00043282435992525,0.00162827543210609,0.00612715250871107,0.0127349958819364,0.00763954528830143,0.000980505287238154
"U/N Reef (21-466)__21-466eDNA_3__1000","U/N Reef (21-466)","21-466eDNA_3",1000,0.333333333333333,3.75,0.00225607954927023,0.000165804415858822,0.000344237748091541,0.0012934544779753,0.00485861352128642,0.0100833406593746,0.00400566613374192,0.000445713611710583
"U/N Reef (21-466)__21-466eDNA_3__2000","U/N Reef (21-466)","21-466eDNA_3",2000,0.333333333333333,3.75,0.00174331144171118,0.000127458970276361,0.000265109199199807,0.00099843421901351,0.00375672186258838,0.00779643269332744,0.00187657840433948,0.000179638191387949
"U/N Reef (21-466)__21-466eDNA_4__0","U/N Reef (21-466)","21-466eDNA_4",0,0,0,0.0037759719227581,0.000267888141325715,0.000555499186699823,0.002123459868382,0.00815730289572127,0.0171657921899959,0.016295689499805,0.00256848786771938
"U/N Reef (21-466)__21-466eDNA_4__200","U/N Reef (21-466)","21-466eDNA_4",200,0,0,0.00278137830702885,0.000202109421662789,0.000417526658171553,0.0015795040571597,0.00599914051752106,0.0125441544600834,0.0073514011332929,0.000947360748055289
"U/N Reef (21-466)__21-466eDNA_4__500","U/N Reef (21-466)","21-466eDNA_4",500,0,0,0.00217955310105999,0.000160124736438055,0.000330365806707555,0.00124383949357847,0.00469806416607237,0.00978942631297831,0.0036794682383714,0.000404964797574151
"U/N Reef (21-466)__21-466eDNA_4__1000","U/N Reef (21-466)","21-466eDNA_4",1000,0,0,0.00172771942861303,0.000127370478223173,0.000262846772331446,0.000988178194797004,0.00372400944952933,0.00774468898660308,0.00182597204521748,0.000173827977797711
"U/N Reef (21-466)__21-466eDNA_4__2000","U/N Reef (21-466)","21-466eDNA_4",2000,0,0,0.00133443088415416,9.79414038744233e-05,0.000202512865334383,0.000762888960757571,0.00287821052212638,0.00598260346939844,0.000806250027127775,6.59153380471869e-05
"Vicki Harriott Reef (15-070)__VickHareDNA1__0","Vicki Harriott Reef (15-070)","VickHareDNA1",0,0.833333333333333,42.244317010045,0.116066538541558,0.0683273055326605,0.0811147908395668,0.112323374627819,0.155667941959482,0.185245910670678,0.99999999999427,0.999975611328067
"Vicki Harriott Reef (15-070)__VickHareDNA1__200","Vicki Harriott Reef (15-070)","VickHareDNA1",200,0.833333333333333,42.244317010045,0.08556630451527,0.0544611749124467,0.0631358100274955,0.0835249260138978,0.110553412079006,0.128345156666752,0.999999999969457,0.999623797194091
"Vicki Harriott Reef (15-070)__VickHareDNA1__500","Vicki Harriott Reef (15-070)","VickHareDNA1",500,0.833333333333333,42.244317010045,0.0670970265501606,0.0444256463378891,0.0508822193853977,0.0657569430936294,0.0850017073715429,0.0974260551596281,0.999999998622521,0.993494398248018
"Vicki Harriott Reef (15-070)__VickHareDNA1__1000","Vicki Harriott Reef (15-070)","VickHareDNA1",1000,0.833333333333333,42.244317010045,0.0532218014667535,0.0356868719703705,0.0407200659363218,0.0522265581992238,0.0669868699667553,0.0764422674462948,0.999999614390176,0.915189039631534
"Vicki Harriott Reef (15-070)__VickHareDNA1__2000","Vicki Harriott Reef (15-070)","VickHareDNA1",2000,0.833333333333333,42.244317010045,0.0411362830885148,0.0270902466273872,0.0310950227768068,0.0403072501669844,0.0522365502739416,0.0599191271204845,0.999732032186878,0.514850853048159
"Vicki Harriott Reef (15-070)__VickHareDNA2__0","Vicki Harriott Reef (15-070)","VickHareDNA2",0,1,34.8307223059237,0.102716186676154,0.0564501421204812,0.0683382453458035,0.0984725712585167,0.142235172503622,0.173357539667507,0.999999987837977,0.999195676497385
"Vicki Harriott Reef (15-070)__VickHareDNA2__200","Vicki Harriott Reef (15-070)","VickHareDNA2",200,1,34.8307223059237,0.0757876317849362,0.044240376604277,0.0526510394617529,0.0732576761069584,0.10204790835785,0.121847100112417,0.999999755542429,0.990510095579673
"Vicki Harriott Reef (15-070)__VickHareDNA2__500","Vicki Harriott Reef (15-070)","VickHareDNA2",500,1,34.8307223059237,0.0594690905185713,0.035617523894614,0.0421092502590073,0.0577024021730977,0.0790623544689824,0.0934467464801474,0.999991865967955,0.931970602712026
"Vicki Harriott Reef (15-070)__VickHareDNA2__1000","Vicki Harriott Reef (15-070)","VickHareDNA2",1000,1,34.8307223059237,0.0472018514619049,0.0283466749790404,0.033526790341388,0.0458527857167563,0.0626252996223717,0.0737851827708144,0.999664001852841,0.711368109013162
"Vicki Harriott Reef (15-070)__VickHareDNA2__2000","Vicki Harriott Reef (15-070)","VickHareDNA2",2000,1,34.8307223059237,0.0365100237147765,0.021428940045539,0.0255533974566887,0.0354045242243619,0.0489273042523112,0.0579216475612581,0.987725950002745,0.313259960734203
"Vicki Harriott Reef (15-070)__VickHareDNA3__0","Vicki Harriott Reef (15-070)","VickHareDNA3",0,0.833333333333333,22.0729219727218,0.0980388860634225,0.0566039549037538,0.067523698347621,0.0945862616397529,0.13275925343591,0.159268737143389,0.999999998121287,0.999455846585076
"Vicki Harriott Reef (15-070)__VickHareDNA3__200","Vicki Harriott Reef (15-070)","VickHareDNA3",200,0.833333333333333,22.0729219727218,0.072310297720382,0.0447698053624657,0.0523124068797353,0.0703490953070764,0.09472425616917,0.111078820879157,0.999999972177546,0.992656578207914
"Vicki Harriott Reef (15-070)__VickHareDNA3__500","Vicki Harriott Reef (15-070)","VickHareDNA3",500,0.833333333333333,22.0729219727218,0.0567238058198188,0.0362747550419547,0.041997790272868,0.0553999919912093,0.0731104653137434,0.0847466876443149,0.999998771801491,0.934081032300084
"Vicki Harriott Reef (15-070)__VickHareDNA3__1000","Vicki Harriott Reef (15-070)","VickHareDNA3",1000,0.833333333333333,22.0729219727218,0.0450100270267225,0.0289784487920976,0.0335112528669779,0.044016207475872,0.0577847009123098,0.0667255575928767,0.9998962355185,0.67324785502973
"Vicki Harriott Reef (15-070)__VickHareDNA3__2000","Vicki Harriott Reef (15-070)","VickHareDNA3",2000,0.833333333333333,22.0729219727218,0.0348034241119204,0.0219197228980806,0.0255476627226257,0.0339828993730936,0.0451349107375017,0.052379862585724,0.991439969141836,0.230375797590849
"Vicki Harriott Reef (15-070)__VickHareDNA4__0","Vicki Harriott Reef (15-070)","VickHareDNA4",0,0.5,5.87171856313944,0.0785992913690453,0.043748214873166,0.0527655927144261,0.0754888878969569,0.108219764468699,0.131295038219261,0.999998948283689,0.988392864292153
"Vicki Harriott Reef (15-070)__VickHareDNA4__200","Vicki Harriott Reef (15-070)","VickHareDNA4",200,0.5,5.87171856313944,0.0579295072314002,0.0346762583445905,0.0409249184153765,0.0561366792050994,0.0771289465690812,0.0914525318805873,0.999985255537866,0.915280011036981
"Vicki Harriott Reef (15-070)__VickHareDNA4__500","Vicki Harriott Reef (15-070)","VickHareDNA4",500,0.5,5.87171856313944,0.0454157685370009,0.0281962618360909,0.0329218666725214,0.0442005725127808,0.0594106088382325,0.0695913066647707,0.999715010213989,0.66859055047329
"Vicki Harriott Reef (15-070)__VickHareDNA4__1000","Vicki Harriott Reef (15-070)","VickHareDNA4",1000,0.5,5.87171856313944,0.0360165186747523,0.0226382305360147,0.0263483814057264,0.0351128950186906,0.0468160661927566,0.0545655478946605,0.993976696621678,0.280975472173583
"Vicki Harriott Reef (15-070)__VickHareDNA4__2000","Vicki Harriott Reef (15-070)","VickHareDNA4",2000,0.5,5.87171856313944,0.0278313352153609,0.0172389724133597,0.0201718356263928,0.027106441878858,0.0364137531697046,0.0425715027789744,0.906361179584996,0.0455940474672304
