Year,ReefName,ReefLabel,Total_Dives,Total_Diver_Hours,Wasted_Diver_Hours,Borderline_Diver_Hours,Needed_Diver_Hours,NeededLow_Diver_Hours,NeededHigh_Diver_Hours,Total_COTS_Culled,Proportion_Wasted,Proportion_Borderline,Proportion_Needed,Proportion_NeededLow,Proportion_NeededHigh,Scout_Diver_Hours,Initial_CPUE,Total_Tows,Mean_COTS_per_Tow,Tows_With_Scars,Pct_Tows_With_Scars,Total_eDNA_Samples,eDNA_Positives,eDNA_Mean_Conc,eDNA_Date,eDNA_Pct_Positive
2020,(Big) Broadhurst Reef (No 1) (18-100a),18-100a,184,928.0333333333333,398.1166666666667,128.9,401.01666666666665,138.95,262.06666666666666,4578,0.42898961962573184,0.1388958729930678,0.4321145073812004,0.14972522538701913,0.28238928199418123,20.05,0.00831255195344971,987,0.1276595744680851,217,21.98581560283688,NA,NA,NA,NA,NA
2020,Agincourt Reefs (No 1) (15-099c),15-099c,8,37.8,37.8,0,0,0,0,2,1,0,0,0,0,20.083333333333332,0.0016597510373443983,102,0,1,0.9803921568627451,NA,NA,NA,NA,NA
2020,Agincourt Reefs (No 2b) (15-099e),15-099e,4,17.766666666666666,17.766666666666666,0,0,0,0,2,1,0,0,0,0,17.766666666666666,0.001876172607879925,6,0,0,0,NA,NA,NA,NA,NA
2020,Agincourt Reefs (No 3) (15-099a),15-099a,12,43.583333333333336,43.583333333333336,0,0,0,0,0,1,0,0,0,0,14.033333333333333,0,94,0,3,3.1914893617021276,NA,NA,NA,NA,NA
2020,Agincourt Reefs (No 4) (15-096),15-096,6,22.133333333333333,22.133333333333333,0,0,0,0,0,1,0,0,0,0,7.333333333333333,0,94,0,2,2.127659574468085,NA,NA,NA,NA,NA
2020,Agincourt Reefs (No 5) (15-099d),15-099d,12,44.9,44.9,0,0,0,0,0,1,0,0,0,0,14.866666666666667,0,49,0,6,12.244897959183673,NA,NA,NA,NA,NA
2020,Andersen Reef (15-090),15-090,6,34.6,34.6,0,0,0,0,0,1,0,0,0,0,23.1,0,36,0,0,0,NA,NA,NA,NA,NA
2020,Arlington Reef (16-064),16-064,20,84.08333333333333,84.08333333333333,0,0,0,0,4,1,0,0,0,0,17.366666666666667,0,623,0,7,1.1235955056179776,NA,NA,NA,NA,NA
2020,Bait Reef (19-137),19-137,6,28,28,0,0,0,0,2,1,0,0,0,0,9.333333333333334,0,40,0,2,5,NA,NA,NA,NA,NA
2020,Barnett Patches (18-019),18-019,12,55.266666666666666,42,0,13.266666666666667,0,13.266666666666667,151,0.7599517490952955,0,0.24004825090470447,0,0.24004825090470447,18.666666666666668,0.00625,163,0.006134969325153374,7,4.294478527607362,NA,NA,NA,NA,NA
2020,Batt Reef (16-029),16-029,10,36.516666666666666,36.516666666666666,0,0,0,0,6,1,0,0,0,0,7.066666666666666,0,449,0,3,0.6681514476614699,NA,NA,NA,NA,NA
2020,Boult Reef (23-079),23-079,59,274.8,5.016666666666667,28.183333333333334,241.6,93.23333333333333,148.36666666666667,2242,0.018255701115963124,0.10255943716642406,0.8791848617176128,0.33927704997573993,0.5399078117418729,4.9,0.8537414965986394,309,0.05501618122977346,65,21.035598705501616,NA,NA,NA,NA,NA
2020,Bramble Reef (18-029),18-029,16,84.5,54.266666666666666,10.233333333333333,20,10,10,152,0.6422090729783038,0.12110453648915187,0.23668639053254437,0.11834319526627218,0.11834319526627218,14,0.034523809523809526,496,0,6,1.2096774193548387,NA,NA,NA,NA,NA
2020,Briggs Reef (16-074),16-074,8,36.3,4,22.966666666666665,9.333333333333334,9.333333333333334,0,72,0.11019283746556474,0.6326905417814509,0.2571166207529844,0.2571166207529844,0,18.666666666666668,0.04107142857142857,40,0,9,22.5,NA,NA,NA,NA,NA
2020,Cairns Reef (15-086),15-086,3,19.15,19.15,0,0,0,0,12,1,0,0,0,0,19.15,0.010443864229765013,646,0,1,0.15479876160990713,NA,NA,NA,NA,NA
2020,Chicken Reef (18-086),18-086,10,50.666666666666664,50.666666666666664,0,0,0,0,5,1,0,0,0,0,21.333333333333332,0.0015625,121,0,5,4.132231404958678,NA,NA,NA,NA,NA
2020,Davies Reef (18-096),18-096,17,81.58333333333333,25,9.633333333333333,46.95,18.666666666666668,28.283333333333335,330,0.30643513789581206,0.11807967313585291,0.5754851889683351,0.22880490296220637,0.34668028600612877,19.966666666666665,0.014190317195325543,444,0.033783783783783786,37,8.333333333333332,60,53,46.35,2020-05-16,88.33333333333333
2020,Eddy Reef (17-047),17-047,58,283.56666666666666,64.3,41.083333333333336,178.18333333333334,48.46666666666667,129.71666666666667,1420,0.22675443752204066,0.14488068649347596,0.6283648759844834,0.17091806747384508,0.4574468085106383,10.666666666666666,0.015625,324,0.024691358024691357,19,5.864197530864197,NA,NA,NA,NA,NA
2020,Emily Reef (15-082),15-082,3,10.633333333333333,10.633333333333333,0,0,0,0,0,1,0,0,0,0,10.633333333333333,0,168,0.011904761904761904,2,1.1904761904761905,NA,NA,NA,NA,NA
2020,Endeavour Reef (15-089),15-089,8,40.8,40.8,0,0,0,0,0,1,0,0,0,0,20.366666666666667,0,102,0,2,1.9607843137254901,NA,NA,NA,NA,NA
2020,Erskine Reef (23-068),23-068,2,10.15,10.15,0,0,0,0,0,1,0,0,0,0,10.15,0,83,0.012048192771084338,2,2.4096385542168677,NA,NA,NA,NA,NA
2020,Escape Reef (15-094),15-094,5,28.6,28.6,0,0,0,0,0,1,0,0,0,0,11.466666666666667,0,120,0,0,0,NA,NA,NA,NA,NA
2020,Eyrie Reef (14-118),14-118,2,8.833333333333334,8.833333333333334,0,0,0,0,0,1,0,0,0,0,8.833333333333334,0,157,0,1,0.6369426751592357,NA,NA,NA,NA,NA
2020,Fairfax Islands Reef (23-081),23-081,57,275.3666666666667,53.083333333333336,77.06666666666666,145.21666666666667,55.65,89.56666666666666,1313,0.19277327200096842,0.27986926522212807,0.5273574627769035,0.20209417746035588,0.32526328531654763,4.083333333333333,0,271,0.033210332103321034,48,17.712177121771216,NA,NA,NA,NA,NA
2020,Farquharson Reef (No 1) (17-063a),17-063a,31,150.46666666666667,4.666666666666667,45.166666666666664,100.63333333333334,27.866666666666667,72.76666666666667,1293,0.031014621178555607,0.3001772264067346,0.6688081524147098,0.18520159503766062,0.48360655737704916,5.333333333333333,0.15625,428,0.007009345794392523,12,2.803738317757009,NA,NA,NA,NA,NA
2020,Fitzroy Island Reef (No 1) (16-054a),16-054a,17,78,13,4.166666666666667,60.833333333333336,19.333333333333332,41.5,333,0.16666666666666666,0.05341880341880342,0.7799145299145299,0.24786324786324784,0.532051282051282,18.366666666666667,0.09891107078039928,44,0.022727272727272728,8,18.181818181818183,NA,NA,NA,NA,NA
2020,Fitzroy Island Reef (No 2) (16-054b),16-054b,2,10.283333333333333,4.95,5.333333333333333,0,0,0,12,0.4813614262560778,0.5186385737439222,0,0,0,10.283333333333333,0.019448946515397084,19,0,1,5.263157894736842,NA,NA,NA,NA,NA
2020,Fitzroy Reef (23-077),23-077,194,749.1166666666667,174.23333333333332,123.38333333333334,451.5,180.66666666666666,270.8333333333333,6799,0.23258504460809395,0.16470509711437917,0.6027098582775269,0.24117293701470618,0.3615369212628206,15.383333333333333,0.02600216684723727,637,0.22291993720565148,101,15.855572998430143,NA,NA,NA,NA,NA
2020,Flynn Reef (16-065),16-065,2,12,12,0,0,0,0,6,1,0,0,0,0,12,0.008333333333333333,73,0,3,4.10958904109589,NA,NA,NA,NA,NA
2020,Fore And Aft Reef (18-043),18-043,57,253.05,44.93333333333333,104.83333333333333,103.28333333333333,51.333333333333336,51.95,700,0.17756701574128958,0.414279127972074,0.40815385628663636,0.2028584601198709,0.20529539616676545,18.666666666666668,0.033035714285714286,508,0.017716535433070866,84,16.535433070866144,NA,NA,NA,NA,NA
2020,Fork Reef (18-083),18-083,6,26.666666666666668,26.666666666666668,0,0,0,0,11,1,0,0,0,0,8,0.010416666666666666,67,0.014925373134328358,1,1.4925373134328357,NA,NA,NA,NA,NA
2020,Hardy Reef (19-135),19-135,16,55.333333333333336,31.333333333333332,18.666666666666668,5.333333333333333,2.6666666666666665,2.6666666666666665,72,0.5662650602409638,0.3373493975903615,0.09638554216867469,0.048192771084337345,0.048192771084337345,10.666666666666666,0.0125,157,0,15,9.554140127388536,NA,NA,NA,NA,NA
2020,Hastings Reef (16-057),16-057,6,25.8,25.8,0,0,0,0,4,1,0,0,0,0,16.833333333333332,0.0029702970297029708,203,0.0049261083743842365,2,0.9852216748768473,NA,NA,NA,NA,NA
2020,Helsdon Reef (14-135),14-135,3,10.55,10.55,0,0,0,0,3,1,0,0,0,0,10.55,0.004739336492890996,109,0.009174311926605505,3,2.7522935779816518,NA,NA,NA,NA,NA
2020,Heron Reef (23-052a),23-052a,14,60.233333333333334,20.666666666666668,10.366666666666667,29.2,0,29.2,280,0.34311012728278917,0.17210846707249586,0.484781405644715,0,0.484781405644715,12.4,0.05241935483870968,515,0.019417475728155338,11,2.1359223300970873,NA,NA,NA,NA,NA
2020,Hoskyn Islands Reef (23-080),23-080,31,139.78333333333333,31.183333333333334,28.05,80.55,32.88333333333333,47.666666666666664,683,0.22308334326934542,0.20066770001192322,0.5762489567187313,0.2352450220579468,0.34100393466078455,3.533333333333333,0.12735849056603774,220,0.06363636363636363,29,13.18181818181818,NA,NA,NA,NA,NA
2020,John Brewer Reef (18-075),18-075,737,2195.766666666667,119.66666666666667,228.11666666666667,1847.9833333333333,482.31666666666666,1365.6666666666667,15522,0.05449880831296586,0.10388930214200051,0.8416118895450335,0.2196575228090416,0.6219543667359919,5.2,0.057692307692307696,1009,0.11000991080277503,477,47.27452923686818,NA,NA,NA,NA,NA
2020,Keeper Reef (18-079),18-079,339,1000.4666666666667,208.98333333333332,181.28333333333333,610.2,342.3,267.9,3866,0.2088858532684747,0.18119877390551076,0.6099153728260146,0.34214033451056175,0.26777503831545274,19.833333333333332,0.13949579831932774,290,0.09655172413793103,96,33.10344827586207,30,24,30.3,2020-05-18,80
2020,Lady Elliot Island Reef (24-008),24-008,47,269.3833333333333,34.1,43.05,192.23333333333332,43.733333333333334,148.5,2156,0.12658541112417251,0.15980944131658725,0.7136051475592402,0.16234609911526326,0.551259048443977,13.2,0.03156565656565657,97,0.020618556701030927,12,12.371134020618557,NA,NA,NA,NA,NA
2020,Lady Musgrave Reef (23-082a),23-082a,200,738.95,178.41666666666666,244.21666666666667,316.31666666666666,235.68333333333334,80.63333333333334,1877,0.24144619617926333,0.33049146311207345,0.42806234070866317,0.3189435460225094,0.10911879468615378,3.2,0.13541666666666666,916,0.05349344978165939,121,13.209606986899564,NA,NA,NA,NA,NA
2020,Lamont Reef (23-076),23-076,4,21.5,8.933333333333334,0,12.566666666666666,5.333333333333333,7.233333333333333,61,0.41550387596899224,0,0.5844961240310077,0.24806201550387597,0.3364341085271318,12.566666666666666,0.07824933687002653,86,0.011627906976744186,2,2.3255813953488373,NA,NA,NA,NA,NA
2020,Lark Reef (15-033),15-033,2,8.95,8.95,0,0,0,0,0,1,0,0,0,0,8.95,0,210,0,1,0.4761904761904762,NA,NA,NA,NA,NA
2020,Lena Reef (15-085),15-085,3,9.183333333333334,9.183333333333334,0,0,0,0,0,1,0,0,0,0,9.183333333333334,0,92,0,1,1.0869565217391304,NA,NA,NA,NA,NA
2020,Linnet Reef (14-126),14-126,4,14.066666666666666,14.066666666666666,0,0,0,0,8,1,0,0,0,0,14.066666666666666,0.009478672985781991,67,0,1,1.4925373134328357,NA,NA,NA,NA,NA
2020,Lizard Island Reef (Coconut Bay) (14-116c),14-116c,2,10,10,0,0,0,0,4,1,0,0,0,0,10,0.006666666666666667,1,0,0,0,NA,NA,NA,NA,NA
2020,Lizard Island Reef (Lagoon) (14-116d),14-116d,5,22.416666666666668,22.416666666666668,0,0,0,0,4,1,0,0,0,0,18.116666666666667,0.0018399264029438822,106,0,4,3.7735849056603774,90,22,3.2328281449222223,2020-08-26,24.444444444444443
2020,Lizard Island Reef (North East) (14-116b),14-116b,1,4.3,4.3,0,0,0,0,1,1,0,0,0,0,4.3,0.003875968992248062,63,0,2,3.1746031746031744,30,10,4.3743973841,2020-08-28,33.33333333333333
2020,Lizard Island Reef (North West) (14-116a),14-116a,5,21.533333333333335,21.533333333333335,0,0,0,0,11,1,0,0,0,0,12.616666666666667,0.010568031704095112,128,0.0078125,10,7.8125,30,16,21.444604067500002,2020-08-28,53.333333333333336
2020,Llewellyn Reef (23-078),23-078,87,319.0833333333333,47.8,59.166666666666664,212.11666666666667,59.43333333333333,152.68333333333334,2143,0.14980412640376078,0.1854270044398015,0.6647688691564377,0.18626273178375555,0.4785061373726822,19.1,0.4886561954624782,297,0.14814814814814814,49,16.4983164983165,NA,NA,NA,NA,NA
2020,Low Islands Reef (16-028),16-028,4,17.55,17.55,0,0,0,0,2,1,0,0,0,0,17.55,0.001899335232668566,27,0,0,0,NA,NA,NA,NA,NA
2020,Lynchs Reef (18-091),18-091,70,329.3333333333333,80.66666666666667,102,146.66666666666666,114.66666666666667,32,864,0.24493927125506076,0.30971659919028344,0.44534412955465585,0.3481781376518219,0.09716599190283401,21.333333333333332,0.04765625,498,0.004016064257028112,9,1.8072289156626504,NA,NA,NA,NA,NA
2020,MacGillivray Reef (14-114),14-114,2,8.366666666666667,8.366666666666667,0,0,0,0,1,1,0,0,0,0,8.366666666666667,0.00199203187250996,16,0,0,0,NA,NA,NA,NA,NA
2020,Mackay Reef (16-015),16-015,7,30.6,30.6,0,0,0,0,4,1,0,0,0,0,17.566666666666666,0.0018975332068311196,28,0,0,0,NA,NA,NA,NA,NA
2020,Martin Reef (14-123),14-123,8,29.483333333333334,18.55,7.45,3.4833333333333334,3.4833333333333334,0,25,0.6291690220463538,0.2526851328434144,0.11814584511023177,0.11814584511023177,0,15.016666666666667,0.017758046614872364,118,0,4,3.389830508474576,NA,NA,NA,NA,NA
2020,Mast Head Reef (23-069),23-069,16,38.2,38.2,0,0,0,0,0,1,0,0,0,0,5.2,0,232,0,11,4.741379310344827,NA,NA,NA,NA,NA
2020,Michaelmas Reef (16-060),16-060,24,92.35,69.41666666666667,7.55,15.383333333333333,11.383333333333333,4,100,0.7516693737592494,0.08175419599350298,0.1665764302472478,0.12326294892618661,0.043313481321061185,7.25,0,261,0,9,3.4482758620689653,NA,NA,NA,NA,NA
2020,Milln Reef (16-067),16-067,5,18.666666666666668,16,2.6666666666666665,0,0,0,12,0.8571428571428571,0.14285714285714285,0,0,0,18.666666666666668,0.010714285714285714,60,0.016666666666666666,1,1.6666666666666667,NA,NA,NA,NA,NA
2020,Moore Reef (16-071),16-071,8,35.733333333333334,4.666666666666667,31.066666666666666,0,0,0,57,0.13059701492537315,0.8694029850746269,0,0,0,17.733333333333334,0.03195488721804511,423,0,15,3.546099290780142,32,19,15.9994447654375,2020-09-14,59.375
2020,No 10 Patches (No 1) (14-151),14-151,3,12.916666666666666,12.916666666666666,0,0,0,0,0,1,0,0,0,0,12.916666666666666,0,15,0,0,0,NA,NA,NA,NA,NA
2020,No 10 Patches (No 2) (14-152),14-152,4,17.233333333333334,17.233333333333334,0,0,0,0,2,1,0,0,0,0,12.566666666666666,0.002652519893899204,24,0,0,0,NA,NA,NA,NA,NA
2020,No 10 Patches (No 3) (14-153a),14-153a,3,12.966666666666667,12.966666666666667,0,0,0,0,0,1,0,0,0,0,12.966666666666667,0,30,0,1,3.3333333333333335,NA,NA,NA,NA,NA
2020,Norman Reef (16-030),16-030,6,22.8,22.8,0,0,0,0,0,1,0,0,0,0,7.5,0,108,0,3,2.7777777777777777,NA,NA,NA,NA,NA
2020,Normanby-Mabel Reef (17-012),17-012,4,17.333333333333332,0,0,17.333333333333332,0,17.333333333333332,361,0,0,1,0,1,17.333333333333332,0.3471153846153846,56,0,6,10.714285714285714,NA,NA,NA,NA,NA
2020,North Direction Reef (14-143),14-143,4,16.666666666666668,16.666666666666668,0,0,0,0,4,1,0,0,0,0,16.666666666666668,0.003999999999999999,17,0,0,0,NA,NA,NA,NA,NA
2020,Pellowe Reef (16-070),16-070,4,18.316666666666666,18.316666666666666,0,0,0,0,5,1,0,0,0,0,18.316666666666666,0.004549590536851683,18,0,3,16.666666666666664,NA,NA,NA,NA,NA
2020,Pickersgill Reef (15-093),15-093,4,20.183333333333334,20.183333333333334,0,0,0,0,6,1,0,0,0,0,20.183333333333334,0.00495458298926507,159,0,1,0.628930817610063,NA,NA,NA,NA,NA
2020,Pith Reef (18-033),18-033,8,36.6,18.666666666666668,4.666666666666667,13.266666666666667,4.666666666666667,8.6,215,0.5100182149362478,0.12750455373406194,0.36247723132969034,0.12750455373406194,0.2349726775956284,18.666666666666668,0.005357142857142857,95,0,14,14.736842105263156,NA,NA,NA,NA,NA
2020,Ribbon No 2 Reef (No 3) (15-075c),15-075c,2,11.6,11.6,0,0,0,0,1,1,0,0,0,0,11.6,0.0014367816091954023,4,0,0,0,NA,NA,NA,NA,NA
2020,Ribbon No 3 Reef (15-050),15-050,4,25.883333333333333,25.883333333333333,0,0,0,0,0,1,0,0,0,0,25.883333333333333,0,143,0,1,0.6993006993006993,NA,NA,NA,NA,NA
2020,Ribbon No 4 Reef (15-046),15-046,4,25.633333333333333,25.633333333333333,0,0,0,0,1,1,0,0,0,0,25.633333333333333,6.501950585175553e-4,76,0,1,1.3157894736842104,NA,NA,NA,NA,NA
2020,Ribbon No 5 Reef (15-038),15-038,4,17.833333333333332,17.833333333333332,0,0,0,0,0,1,0,0,0,0,17.833333333333332,0,134,0,2,1.4925373134328357,NA,NA,NA,NA,NA
2020,Ribbon No 9 Reef (14-154),14-154,2,8.5,8.5,0,0,0,0,0,1,0,0,0,0,4.2,0,173,0,2,1.1560693641618496,NA,NA,NA,NA,NA
2020,Rosser Reef (15-081),15-081,8,41.233333333333334,41.233333333333334,0,0,0,0,4,1,0,0,0,0,20.516666666666666,0.003249390739236393,67,0,2,2.9850746268656714,NA,NA,NA,NA,NA
2020,Round-Russell Reef (17-013),17-013,20,102.9,0,0,102.9,14.233333333333333,88.66666666666667,2063,0,0,1,0.1383219954648526,0.8616780045351474,23.1,0.31313131313131315,72,0.08333333333333333,19,26.38888888888889,NA,NA,NA,NA,NA
2020,Ruby Reef (15-088),15-088,3,9.016666666666667,9.016666666666667,0,0,0,0,0,1,0,0,0,0,9.016666666666667,0,102,0,1,0.9803921568627451,NA,NA,NA,NA,NA
2020,Saxon Reef (16-032),16-032,6,22.883333333333333,22.883333333333333,0,0,0,0,5,1,0,0,0,0,15.316666666666666,0.00544069640914037,41,0.024390243902439025,4,9.75609756097561,NA,NA,NA,NA,NA
2020,St Crispin Reef (16-019),16-019,14,65.3,65.3,0,0,0,0,1,1,0,0,0,0,19.866666666666667,0,278,0.0035971223021582736,3,1.079136690647482,NA,NA,NA,NA,NA
2020,Sudbury Reef (No 1) (17-001a),17-001a,8,37.333333333333336,37.333333333333336,0,0,0,0,9,1,0,0,0,0,9.333333333333334,0.0017857142857142857,452,0.00663716814159292,5,1.1061946902654867,NA,NA,NA,NA,NA
2020,Sykes Reef (23-054),23-054,7,25.55,11.666666666666666,11.166666666666666,2.716666666666667,2.716666666666667,0,34,0.45662100456621,0.4370515329419439,0.10632746249184606,0.10632746249184606,0,4.466666666666667,0,127,0.05511811023622047,7,5.511811023622047,NA,NA,NA,NA,NA
2020,Sylvan Reef (16-017),16-017,4,18.083333333333332,18.083333333333332,0,0,0,0,1,1,0,0,0,0,18.083333333333332,9.216589861751152e-4,16,0,0,0,NA,NA,NA,NA,NA
2020,Tongue Reef (16-026),16-026,8,34.916666666666664,34.916666666666664,0,0,0,0,0,1,0,0,0,0,17.516666666666666,0,665,0,2,0.30075187969924816,NA,NA,NA,NA,NA
2020,Trunk Reef (18-027),18-027,181,816.5,267.5,231.88333333333333,317.1166666666667,190.4,126.71666666666667,2370,0.32761788120024493,0.28399673402735254,0.38838538477240253,0.23319044703000613,0.1551949377423964,18.666666666666668,0.055357142857142855,2690,0.02379182156133829,123,4.5724907063197024,NA,NA,NA,NA,NA
2020,U/N Reef (14-145),14-145,2,8.983333333333333,8.983333333333333,0,0,0,0,3,1,0,0,0,0,8.983333333333333,0.0055658627087198514,NA,NA,NA,NA,NA,NA,NA,NA,NA
2020,U/N Reef (14-149),14-149,2,8.533333333333333,8.533333333333333,0,0,0,0,2,1,0,0,0,0,8.533333333333333,0.00390625,NA,NA,NA,NA,NA,NA,NA,NA,NA
2020,U/N Reef (15-072),15-072,4,23,23,0,0,0,0,0,1,0,0,0,0,23,0,23,0,0,0,NA,NA,NA,NA,NA
2020,U/N Reef (15-073),15-073,6,34.63333333333333,34.63333333333333,0,0,0,0,0,1,0,0,0,0,11.533333333333333,0,15,0,0,0,NA,NA,NA,NA,NA
2020,U/N Reef (15-077),15-077,4,17.933333333333334,17.933333333333334,0,0,0,0,2,1,0,0,0,0,17.933333333333334,0.0018587360594795538,81,0,1,1.2345679012345678,NA,NA,NA,NA,NA
2020,U/N Reef (16-054f),16-054f,12,59.6,0,0,59.6,0,59.6,609,0,0,1,0,1,40.93333333333333,0.17019543973941367,35,0,14,40,NA,NA,NA,NA,NA
2020,Undine Reef (West) (16-020a),16-020a,4,15.116666666666667,15.116666666666667,0,0,0,0,1,1,0,0,0,0,15.116666666666667,0.0011025358324145535,310,0.0032258064516129032,1,0.3225806451612903,NA,NA,NA,NA,NA
2020,Wheeler Reef (18-095),18-095,12,48,25.333333333333332,22.666666666666668,0,0,0,37,0.5277777777777778,0.47222222222222227,0,0,0,18.666666666666668,8.928571428571428e-4,64,0.03125,4,6.25,NA,NA,NA,NA,NA
2020,Wistari Reef (23-053),23-053,2,5.55,5.55,0,0,0,0,1,1,0,0,0,0,5.55,0.003003003003003003,175,0,2,1.1428571428571428,NA,NA,NA,NA,NA
2021,(Big) Broadhurst Reef (No 1) (18-100a),18-100a,241,1057,181.9,80.46666666666667,794.6333333333333,131.23333333333332,663.4,9793,0.17209082308420057,0.0761274046042258,0.7517817723115736,0.12415641753390097,0.6276253547776727,18.666666666666668,0.008035714285714285,1052,0.07034220532319392,165,15.684410646387834,NA,NA,NA,NA,NA
2021,(Big) Broadhurst Reef (No 2) (18-100b),18-100b,8,31.45,0,0,31.45,19.733333333333334,11.716666666666667,144,0,0,1,0.6274509803921569,0.37254901960784315,15.45,0.08629989212513485,6,0.16666666666666666,4,66.66666666666666,NA,NA,NA,NA,NA
2021,(Little) Broadhurst Reef (18-106),18-106,34,121.38333333333334,0,20,101.38333333333334,33.35,68.03333333333333,842,0,0.16476726623644103,0.835232733763559,0.2747494164492654,0.5604833173142935,16.716666666666665,0.22133599202392823,65,0.2153846153846154,27,41.53846153846154,NA,NA,NA,NA,NA
2021,Agincourt Reefs (No 3) (15-099a),15-099a,6,28,28,0,0,0,0,1,1,0,0,0,0,9.333333333333334,0.0017857142857142857,71,0,4,5.633802816901409,NA,NA,NA,NA,NA
2021,Agincourt Reefs (No 4) (15-096),15-096,7,32.666666666666664,32.666666666666664,0,0,0,0,0,1,0,0,0,0,14,0,100,0,6,6,NA,NA,NA,NA,NA
2021,Backnumbers Reef (18-069a),18-069a,28,137.11666666666667,70.03333333333333,40.666666666666664,26.416666666666668,26.416666666666668,0,196,0.5107572626716907,0.2965844171629998,0.19265832016530934,0.19265832016530934,0,21.333333333333332,0.01796875,211,0.02843601895734597,22,10.42654028436019,NA,NA,NA,NA,NA
2021,Bait Reef (19-137),19-137,11,28.383333333333333,22.05,6.333333333333333,0,0,0,19,0.7768643570170288,0.22313564298297123,0,0,0,6.1,0,189,0.026455026455026454,7,3.7037037037037033,NA,NA,NA,NA,NA
2021,Barnett Patches (18-019),18-019,39,163.33333333333334,78.66666666666667,8,76.66666666666667,4.666666666666667,72,1169,0.4816326530612245,0.04897959183673469,0.46938775510204084,0.02857142857142857,0.4408163265306122,16,0.42083333333333334,163,0.012269938650306749,30,18.404907975460123,NA,NA,NA,NA,NA
2021,Batt Reef (16-029),16-029,136,605.75,94,107.61666666666666,404.1333333333333,173.08333333333334,231.05,2823,0.1551795295088733,0.17765855000687852,0.6671619204842482,0.28573393864355484,0.3814279818406934,12,0.001388888888888889,233,0.04721030042918455,67,28.75536480686695,36,33,52.73052012522222,2021-05-16,91.66666666666666
2021,Black Island Reef (20-017),20-017,6,8.8,8.8,0,0,0,0,0,1,0,0,0,0,8.133333333333333,0,NA,NA,NA,NA,NA,NA,NA,NA,NA
2021,Boult Reef (23-079),23-079,54,228.15,50.68333333333333,60.43333333333333,117.03333333333333,78.98333333333333,38.05,675,0.22214917086711958,0.2648842136021623,0.5129666155307181,0.34619037183139745,0.1667762436993206,10.25,0.024390243902439025,226,0.01327433628318584,32,14.15929203539823,NA,NA,NA,NA,NA
2021,Bowden Reef (19-019),19-019,10,46.666666666666664,23.333333333333332,14,9.333333333333334,9.333333333333334,0,78,0.5,0.3,0.2,0.2,0,9.333333333333334,0.055357142857142855,38,0.10526315789473684,15,39.473684210526315,36,35,143.6126104561111,2021-05-23,97.22222222222221
2021,Briggs Reef (16-074),16-074,40,173.75,76,32.333333333333336,65.41666666666667,33.4,32.016666666666666,393,0.437410071942446,0.18609112709832135,0.37649880095923266,0.19223021582733812,0.18426858513189448,9.333333333333334,0.03571428571428571,67,0,19,28.35820895522388,NA,NA,NA,NA,NA
2021,Britomart Reef (18-024),18-024,103,450.3666666666667,161.1,92.16666666666667,197.1,96.76666666666667,100.33333333333333,1379,0.3577085337872844,0.20464806454000445,0.4376434016727111,0.2148619643253645,0.2227814373473466,16,0.05,800,0,26,3.25,NA,NA,NA,NA,NA
2021,Cairns Reef (15-086),15-086,16,72,49.333333333333336,13.333333333333334,9.333333333333334,9.333333333333334,0,61,0.6851851851851852,0.1851851851851852,0.12962962962962965,0.12962962962962965,0,18.666666666666668,0.04196428571428571,328,0,5,1.524390243902439,36,4,1.1382533252222222,2021-05-17,11.11111111111111
2021,Davies Reef (18-096),18-096,46,189.41666666666666,0,4,185.41666666666666,58.38333333333333,127.03333333333333,1809,0,0.02111746590409151,0.9788825340959085,0.308227012758469,0.6706555213374396,16,0.2635416666666667,158,0.16455696202531644,38,24.050632911392405,36,33,97.19724720830555,2021-05-24,91.66666666666666
2021,Eddy Reef (17-047),17-047,12,49.31666666666667,4.666666666666667,17.55,27.1,15.65,11.45,152,0.09462656302805002,0.35586346738763097,0.549509969584319,0.31733693815478203,0.23217303142953696,14.65,0.07053469852104664,187,0,1,0.53475935828877,NA,NA,NA,NA,NA
2021,Elford Reef (16-073),16-073,42,171.05,85.81666666666666,38.36666666666667,46.86666666666667,31.25,15.616666666666667,331,0.5017051544382733,0.2243008866803079,0.2739939588814187,0.1826951183864367,0.09129884049498196,11.2,0.11011904761904762,291,0,18,6.185567010309279,NA,NA,NA,NA,NA
2021,Erskine Reef (23-068),23-068,9,1.5166666666666666,1.5166666666666666,0,0,0,0,0,1,0,0,0,0,0.7,0,63,0,0,0,NA,NA,NA,NA,NA
2021,Eyrie Reef (14-118),14-118,31,142.96666666666667,28,36.96666666666667,78,42,36,531,0.19584984844952202,0.2585684308696666,0.5455817206808113,0.29377477267428304,0.2518069480065283,18.383333333333333,0.08340888485947416,87,0.022988505747126436,26,29.88505747126437,36,26,12.04304084025,2021-08-22,72.22222222222221
2021,Fairfax Islands Reef (23-081),23-081,29,152.71666666666667,21.783333333333335,22.983333333333334,107.95,42.766666666666666,65.18333333333334,854,0.1426388737313107,0.15049656226126815,0.7068645640074211,0.2800392884426498,0.4268252755647714,5.6,0.3392857142857143,147,0.027210884353741496,25,17.006802721088434,NA,NA,NA,NA,NA
2021,Farquharson Reef (No 1) (17-063a),17-063a,125,545.25,97.95,100,347.3,80.55,266.75,3197,0.1796423658872077,0.18340210912425492,0.6369555249885374,0.14773039889958733,0.48922512608895,16,0.16979166666666667,166,0.024096385542168676,17,10.240963855421686,NA,NA,NA,NA,NA
2021,Fitzroy Island Reef (No 1) (16-054a),16-054a,25,117.33333333333333,32.666666666666664,47.333333333333336,37.333333333333336,28,9.333333333333334,274,0.2784090909090909,0.40340909090909094,0.31818181818181823,0.23863636363636365,0.07954545454545456,9.333333333333334,0.08214285714285714,96,0,3,3.125,NA,NA,NA,NA,NA
2021,Fitzroy Island Reef (No 2) (16-054b),16-054b,8,37.333333333333336,28,9.333333333333334,0,0,0,22,0.75,0.25,0,0,0,9.333333333333334,0.008928571428571428,9,0,2,22.22222222222222,NA,NA,NA,NA,NA
2021,Fitzroy Reef (23-077),23-077,133,510.9,138,117.66666666666667,255.23333333333332,123.68333333333334,131.55,2802,0.2701115678214915,0.23031252038885627,0.49957591178965227,0.2420891237685131,0.2574867880211392,17.65,0.06421152030217187,269,0.3271375464684015,65,24.1635687732342,NA,NA,NA,NA,NA
2021,Flynn Reef (16-065),16-065,9,36.666666666666664,36.666666666666664,0,0,0,0,2,1,0,0,0,0,9.333333333333334,0.0017857142857142857,23,0,2,8.695652173913043,NA,NA,NA,NA,NA
2021,Fore And Aft Reef (18-043),18-043,82,356.56666666666666,42.71666666666667,80.36666666666666,233.48333333333332,107.11666666666666,126.36666666666666,1495,0.11979994390950735,0.22539029634476954,0.6548097597457231,0.3004113302795176,0.3543984294662055,17.633333333333333,0.12476370510396975,255,0.011764705882352941,46,18.03921568627451,NA,NA,NA,NA,NA
2021,Green Island Reef (16-049),16-049,19,82.18333333333334,28,8.933333333333334,45.25,31.733333333333334,13.516666666666667,219,0.34070168322855404,0.10870006083958629,0.5505982559318596,0.3861285743256946,0.16446968160616507,17.916666666666668,0.07441860465116279,207,0.024154589371980676,11,5.314009661835748,35,20,10.630004248314286,2021-05-15,57.14285714285714
2021,Hardy Reef (19-135),19-135,36,100.8,53.28333333333333,11.633333333333333,35.88333333333333,15.05,20.833333333333332,216,0.5286044973544973,0.11541005291005291,0.35598544973544977,0.14930555555555558,0.20667989417989419,1.9,0.12280701754385964,264,0.04924242424242424,51,19.318181818181817,NA,NA,NA,NA,NA
2021,Hastings Reef (16-057),16-057,16,76.91666666666667,76.91666666666667,0,0,0,0,5,1,0,0,0,0,21.333333333333332,0.00390625,140,0,3,2.142857142857143,NA,NA,NA,NA,NA
2021,Hayman Island Reef (20-014),20-014,10,16.866666666666667,14.866666666666667,2,0,0,0,7,0.8814229249011858,0.11857707509881422,0,0,0,14.266666666666667,0.007009345794392523,26,0,0,0,NA,NA,NA,NA,NA
2021,Helsdon Reef (14-135),14-135,8,31.666666666666668,8,8,15.666666666666666,11.833333333333334,3.8333333333333335,80,0.25263157894736843,0.25263157894736843,0.49473684210526314,0.3736842105263158,0.12105263157894737,15.666666666666666,0.06702127659574468,84,0.011904761904761904,21,25,NA,NA,NA,NA,NA
2021,Heron Reef (23-052a),23-052a,113,429.78333333333336,235.18333333333334,91.71666666666667,102.88333333333334,82.43333333333334,20.45,690,0.547213712335673,0.21340210183425756,0.23938418583006943,0.1918020708108737,0.047582115019195716,6.233333333333333,0.08288770053475936,531,0.030131826741996232,81,15.254237288135593,NA,NA,NA,NA,NA
2021,Hook Island Reef (No 5) (20-028e),20-028e,3,6.2,6.2,0,0,0,0,0,1,0,0,0,0,6.2,0,NA,NA,NA,NA,NA,NA,NA,NA,NA
2021,Hook Island Reef (No 6) (20-028f),20-028f,6,14.133333333333333,12.466666666666667,1.6666666666666667,0,0,0,8,0.8820754716981133,0.11792452830188681,0,0,0,7.733333333333333,0.00646551724137931,NA,NA,NA,NA,NA,NA,NA,NA,NA
2021,Hook Island Reef (No 7) (20-028g),20-028g,17,33.93333333333333,17.016666666666666,12.783333333333333,4.133333333333334,4.133333333333334,0,31,0.5014734774066798,0.37671905697445973,0.12180746561886054,0.12180746561886054,0,6,0.008333333333333333,NA,NA,NA,NA,NA,NA,NA,NA,NA
2021,Hook Island Reef (No 8) (20-028j),20-028j,6,16.3,5.25,11.05,0,0,0,20,0.3220858895705521,0.6779141104294478,0,0,0,10.5,0.015873015873015872,NA,NA,NA,NA,NA,NA,NA,NA,NA
2021,Hook Island Reef (No 9) (20-028h),20-028h,4,6,6,0,0,0,0,0,1,0,0,0,0,6,0,NA,NA,NA,NA,NA,NA,NA,NA,NA
2021,Hopkinson Reef (18-073),18-073,58,196.61666666666667,15.4,37.083333333333336,144.13333333333333,38.833333333333336,105.3,1660,0.07832499788081715,0.1886072730355175,0.7330677290836652,0.19750784097651947,0.5355598881071458,26.066666666666666,0.027493606138107418,88,0.011363636363636364,40,45.45454545454545,NA,NA,NA,NA,NA
2021,Hoskyn Islands Reef (23-080),23-080,28,94.96666666666667,25.766666666666666,37.2,32,15.3,16.7,284,0.27132327132327133,0.3917163917163917,0.33696033696033695,0.16110916110916113,0.17585117585117585,24.366666666666667,0.07797537619699042,99,0.1111111111111111,14,14.14141414141414,NA,NA,NA,NA,NA
2021,John Brewer Reef (18-075),18-075,610,1928.8833333333334,262.81666666666666,384.8,1281.2666666666667,812.6,468.6666666666667,6935,0.13625327261887274,0.19949366213612366,0.6642530652450035,0.42128001520741704,0.2429730500375865,26.733333333333334,0.06109725685785536,447,0.011185682326621925,132,29.53020134228188,NA,NA,NA,NA,NA
2021,Keeper Reef (18-079),18-079,195,640.0833333333334,183.03333333333333,147.35,309.7,193.43333333333334,116.26666666666667,1787,0.28595234995443297,0.23020440046868895,0.48384324957687797,0.3022002343444864,0.1816430152323916,7.466666666666667,0.078125,241,0.029045643153526972,75,31.12033195020747,NA,NA,NA,NA,NA
2021,Lady Elliot Island Reef (24-008),24-008,66,301.8666666666667,31.65,48.28333333333333,221.93333333333334,19.666666666666668,202.26666666666668,2407,0.1048476148409894,0.15994920494699646,0.7352031802120141,0.06515017667844523,0.6700530035335689,18.083333333333332,0.15668202764976957,170,0.023529411764705882,54,31.76470588235294,NA,NA,NA,NA,NA
2021,Lady Musgrave Reef (23-082a),23-082a,164,677.8833333333333,162.65,163.58333333333334,351.65,216.48333333333332,135.16666666666666,2047,0.23993804243601408,0.2413148771912571,0.5187470803727288,0.31935190421163917,0.19939517616108965,4.7,0.010638297872340425,649,0.05084745762711865,134,20.647149460708782,NA,NA,NA,NA,NA
2021,Lamont Reef (23-076),23-076,31,137.28333333333333,35.8,14.283333333333333,87.2,32.03333333333333,55.166666666666664,703,0.2607745538424183,0.10404273400509895,0.6351827121524827,0.2333373801141192,0.4018453320383635,15.633333333333333,0.03411513859275053,130,0.2,18,13.846153846153847,NA,NA,NA,NA,NA
2021,Langford-Bird Reef (20-019),20-019,16,17.666666666666668,17.666666666666668,0,0,0,0,0,1,0,0,0,0,7.866666666666666,0,29,0,0,0,NA,NA,NA,NA,NA
2021,Little Fitzroy Island Reef (16-055),16-055,16,74.66666666666667,28,23.333333333333332,23.333333333333332,18.666666666666668,4.666666666666667,163,0.375,0.31249999999999994,0.31249999999999994,0.25,0.0625,9.333333333333334,0.0875,15,0,2,13.333333333333334,NA,NA,NA,NA,NA
2021,Lizard Island Reef (Lagoon) (14-116d),14-116d,4,18.666666666666668,14,4.666666666666667,0,0,0,17,0.75,0.25,0,0,0,4.666666666666667,0.0035714285714285713,NA,NA,NA,NA,90,41,9.195358184877778,2021-08-20,45.55555555555556
2021,Lizard Island Reef (North East) (14-116b),14-116b,3,14,14,0,0,0,0,7,1,0,0,0,0,14,0.008333333333333333,NA,NA,NA,NA,30,12,5.358045527633333,2021-08-23,40
2021,Lizard Island Reef (North West) (14-116a),14-116a,5,23.333333333333332,9.333333333333334,9.333333333333334,4.666666666666667,4.666666666666667,0,41,0.4,0.4,0.2,0.2,0,18.666666666666668,0.03214285714285714,85,0,15,17.647058823529413,30,28,53.3754216111,2021-08-20,93.33333333333333
2021,Llewellyn Reef (23-078),23-078,17,90.85,13.016666666666667,16.65,61.18333333333333,38.75,22.433333333333334,282,0.14327646303430566,0.18326912493120529,0.6734544120344891,0.42652724270776005,0.24692716932672906,19.233333333333334,0.05805892547660312,219,0,12,5.47945205479452,NA,NA,NA,NA,NA
2021,Lodestone Reef (18-078),18-078,6,20,10,10,0,0,0,21,0.5,0.5,0,0,0,6.666666666666667,0.03,82,0,15,18.29268292682927,NA,NA,NA,NA,NA
2021,Martin Reef (14-123),14-123,5,20.666666666666668,8,4,8.666666666666666,8.666666666666666,0,34,0.3870967741935484,0.1935483870967742,0.4193548387096774,0.4193548387096774,0,4.666666666666667,0.04642857142857143,128,0.0078125,13,10.15625,NA,NA,NA,NA,NA
2021,Mast Head Reef (23-069),23-069,25,9.766666666666667,9.766666666666667,0,0,0,0,0,1,0,0,0,0,2.783333333333333,0,183,0,3,1.639344262295082,NA,NA,NA,NA,NA
2021,Michaelmas Reef (16-060),16-060,15,69.33333333333333,21.333333333333332,26.666666666666668,21.333333333333332,21.333333333333332,0,109,0.3076923076923077,0.38461538461538464,0.3076923076923077,0.3076923076923077,0,21.333333333333332,0.03515625,239,0,8,3.3472803347280333,NA,NA,NA,NA,NA
2021,Milln Reef (16-067),16-067,2,9.333333333333334,9.333333333333334,0,0,0,0,0,1,0,0,0,0,9.333333333333334,0,29,0,2,6.896551724137931,NA,NA,NA,NA,NA
2021,Moore Reef (16-071),16-071,4,16,4,12,0,0,0,23,0.25,0.75,0,0,0,16,0.023958333333333335,351,0.005698005698005698,21,5.982905982905983,36,27,391.49006523794446,2021-05-14,75
2021,Nathan Reef (17-035),17-035,4,18.666666666666668,18.666666666666668,0,0,0,0,1,1,0,0,0,0,18.666666666666668,8.928571428571428e-4,144,0,20,13.88888888888889,NA,NA,NA,NA,NA
2021,Normanby-Mabel Reef (17-012),17-012,48,198.21666666666667,43.333333333333336,20.05,134.83333333333334,32.06666666666667,102.76666666666667,1397,0.21861599260068948,0.10115193811485748,0.6802320692844531,0.16177583452451022,0.5184562347599428,16,0.290625,34,0.08823529411764706,7,20.588235294117645,NA,NA,NA,NA,NA
2021,North Direction Reef (14-143),14-143,2,9.333333333333334,9.333333333333334,0,0,0,0,3,1,0,0,0,0,9.333333333333334,0.005357142857142857,18,0,2,11.11111111111111,36,11,4.915611985222222,2021-08-24,30.555555555555557
2021,Obstruction Reef (21-552),21-552,44,138.45,14.75,15.55,108.15,19.316666666666666,88.83333333333333,2598,0.1065366558324305,0.11231491513181656,0.7811484290357531,0.13952088599975926,0.6416275430359938,15.8,0.9936708860759493,58,2.8448275862068964,29,50,NA,NA,NA,NA,NA
2021,Pike Reef (21-549),21-549,39,118.71666666666667,116.46666666666667,0,2.25,0,2.25,27,0.9810473115260424,0,0.0189526884739576,0,0.0189526884739576,5.816666666666666,0.0028653295128939827,325,0.006153846153846154,51,15.692307692307692,NA,NA,NA,NA,NA
2021,Pith Reef (18-033),18-033,23,111.33333333333333,72.66666666666667,4,34.666666666666664,4.666666666666667,30,494,0.6526946107784432,0.03592814371257485,0.31137724550898205,0.04191616766467066,0.2694610778443114,16,0.3625,170,0,3,1.7647058823529411,NA,NA,NA,NA,NA
2021,Pixie Reef (16-040),16-040,11,49.666666666666664,18,14,17.666666666666668,10,7.666666666666667,208,0.36241610738255037,0.2818791946308725,0.3557046979865772,0.20134228187919465,0.15436241610738258,18,0.030555555555555555,14,0.07142857142857142,12,85.71428571428571,NA,NA,NA,NA,NA
2021,Polmaise Reef (23-071),23-071,24,2.9166666666666665,2.9166666666666665,0,0,0,0,0,1,0,0,0,0,1.95,0,122,0,0,0,NA,NA,NA,NA,NA
2021,Rib Reef (18-032),18-032,2,6.666666666666667,3.3333333333333335,0,3.3333333333333335,3.3333333333333335,0,16,0.5,0,0.5,0.5,0,6.666666666666667,0.04,71,0,5,7.042253521126761,NA,NA,NA,NA,NA
2021,Round-Russell Reef (17-013),17-013,63,253.73333333333332,30.133333333333333,11.666666666666666,211.93333333333334,30.5,181.43333333333334,2855,0.1187598528638991,0.04598003152916448,0.8352601156069365,0.12020493956910143,0.7150551760378351,4,0.22916666666666666,46,0.021739130434782608,18,39.130434782608695,NA,NA,NA,NA,NA
2021,South Direction Reef (North) (14-147a),14-147a,6,28,23.333333333333332,4.666666666666667,0,0,0,23,0.8333333333333333,0.16666666666666669,0,0,0,18.666666666666668,0.014285714285714285,20,0,12,60,NA,NA,NA,NA,NA
2021,Stanley Reef (19-045),19-045,20,68.76666666666667,18.4,17.133333333333333,33.233333333333334,19.866666666666667,13.366666666666667,191,0.2675714978187106,0.2491517207949588,0.4832767813863306,0.288899660688318,0.1943771206980126,7.4,0.05855855855855856,324,0.012345679012345678,91,28.08641975308642,NA,NA,NA,NA,NA
2021,Startle Reefs (15-028),15-028,7,28,4,8,16,16,0,66,0.14285714285714285,0.2857142857142857,0.5714285714285714,0.5714285714285714,0,12,0.05416666666666667,85,0.011764705882352941,12,14.117647058823529,NA,NA,NA,NA,NA
2021,Sykes Reef (23-054),23-054,29,65.86666666666666,19.366666666666667,20.433333333333334,26.066666666666666,0.5833333333333334,25.483333333333334,210,0.2940283400809717,0.3102226720647774,0.39574898785425106,0.008856275303643727,0.38689271255060736,5.116666666666666,0.04560260586319218,62,0.1774193548387097,12,19.35483870967742,NA,NA,NA,NA,NA
2021,Thetford Reef (16-068),16-068,6,24,14.666666666666666,9.333333333333334,0,0,0,21,0.611111111111111,0.3888888888888889,0,0,0,5.333333333333333,0.003125,190,0.005263157894736842,6,3.1578947368421053,36,15,7.5886411902777775,2021-05-15,41.66666666666667
2021,Tongue Reef (16-026),16-026,32,131,82.66666666666667,23.666666666666668,24.666666666666668,3.6666666666666665,21,208,0.6310432569974556,0.1806615776081425,0.18829516539440205,0.027989821882951654,0.16030534351145037,18.666666666666668,0.009821428571428571,649,0.0015408320493066256,16,2.465331278890601,36,20,15.3032554075,2021-05-16,55.55555555555556
2021,Trunk Reef (18-027),18-027,87,389.95,133.23333333333332,116.71666666666667,140,104,36,908,0.3416677351797239,0.2993118775911442,0.35902038722913193,0.26670085908449803,0.09231952814463393,16,0.041666666666666664,387,0.028423772609819122,41,10.594315245478036,NA,NA,NA,NA,NA
2021,Tryon Reef (23-046),23-046,2,6.25,6.25,0,0,0,0,1,1,0,0,0,0,6.25,0.0026666666666666666,32,0,0,0,NA,NA,NA,NA,NA
2021,U/N Reef (14-145),14-145,2,9.333333333333334,9.333333333333334,0,0,0,0,9,1,0,0,0,0,9.333333333333334,0.01607142857142857,14,0.07142857142857142,1,7.142857142857142,NA,NA,NA,NA,NA
2021,U/N Reef (14-149),14-149,6,28,23.333333333333332,4.666666666666667,0,0,0,22,0.8333333333333333,0.16666666666666669,0,0,0,9.333333333333334,0.023214285714285715,67,0.014925373134328358,7,10.44776119402985,NA,NA,NA,NA,NA
2021,U/N Reef (16-054f),16-054f,46,209.31666666666666,7.333333333333333,32.666666666666664,169.31666666666666,49.11666666666667,120.2,1162,0.03503463651564615,0.15606338084242374,0.8089019826419301,0.23465244048093,0.5742495421610001,16,0.20833333333333334,21,0,1,4.761904761904762,NA,NA,NA,NA,NA
2021,U/N Reef (16-054g),16-054g,31,139.25,7.333333333333333,44.583333333333336,87.33333333333333,60,27.333333333333332,461,0.052663076002393776,0.3201675643327349,0.6271693596648713,0.43087971274685816,0.19628964691801315,8,0.07916666666666666,19,0,4,21.052631578947366,NA,NA,NA,NA,NA
2021,U/N Reef (21-544),21-544,3,17.15,17.15,0,0,0,0,1,1,0,0,0,0,17.15,9.718172983479105e-4,176,0.005681818181818182,18,10.227272727272728,NA,NA,NA,NA,NA
2021,U/N Reef (21-551),21-551,18,60.083333333333336,25.883333333333333,10.833333333333334,23.366666666666667,10.016666666666667,13.35,187,0.4307905686546463,0.18030513176144244,0.3889042995839112,0.1667128987517337,0.2221914008321775,3.5,0.2571428571428571,198,0.030303030303030304,39,19.696969696969695,NA,NA,NA,NA,NA
2021,U/N Reef (21-557),21-557,6,45.21666666666667,0,0,45.21666666666667,0,45.21666666666667,1848,0,0,1,0,1,4.466666666666667,1.6119402985074627,18,13.833333333333334,17,94.44444444444444,NA,NA,NA,NA,NA
2021,U/N Reef (22-084),22-084,46,180.96666666666667,0,4.4,176.56666666666666,16.4,160.16666666666666,5437,0,0.024313869957634925,0.975686130042365,0.09062442438754834,0.8850617056548167,5.066666666666666,0.9901315789473685,42,2.761904761904762,22,52.38095238095239,NA,NA,NA,NA,NA
2021,U/N Reef (22-085),22-085,47,151.05,3.6,0.8833333333333333,146.56666666666666,1.4333333333333333,145.13333333333333,8025,0.023833167825223434,0.005847953216374269,0.9703188789584022,0.009489131634116738,0.9608297473242854,3.8666666666666667,0.6767241379310345,86,13.453488372093023,81,94.18604651162791,NA,NA,NA,NA,NA
2021,U/N Reef (22-088a),22-088a,45,157.26666666666668,4.383333333333334,1.1,151.78333333333333,3,148.78333333333333,5754,0.027871979652395084,0.006994489190334888,0.96513353115727,0.01907587961000424,0.9460576515472657,16.416666666666668,1.5857868020304566,304,3.674342105263158,159,52.30263157894737,NA,NA,NA,NA,NA
2021,Wheeler Reef (18-095),18-095,203,491.2,57.06666666666667,39.6,394.53333333333336,99.16666666666667,295.3666666666667,4087,0.11617806731813247,0.08061889250814333,0.8032030401737242,0.20188653637350706,0.6013165038002172,18.066666666666666,0.24538745387453875,127,0.047244094488188976,44,34.645669291338585,NA,NA,NA,NA,NA
2021,Wilson Island Reef (23-050),23-050,2,6.75,6.75,0,0,0,0,0,1,0,0,0,0,6.75,0,50,0,0,0,NA,NA,NA,NA,NA
2021,Wilson Reef (22-086),22-086,50,193.88333333333333,0,8.483333333333333,185.4,9.65,175.75,10545,0,0.04375483538210263,0.9562451646178974,0.0497721997764979,0.9064729648413995,16.866666666666667,0.8616600790513834,55,7.0181818181818185,39,70.9090909090909,NA,NA,NA,NA,NA
2021,Yamacutta Reef (17-066),17-066,6,32,28,4,0,0,0,9,0.875,0.125,0,0,0,8,0.010416666666666666,126,0,2,1.5873015873015872,NA,NA,NA,NA,NA
2022,(Big) Broadhurst Reef (No 1) (18-100a),18-100a,308,1510.55,445.55,375.4166666666667,689.5833333333334,384.3666666666667,305.21666666666664,4760,0.29495878984475854,0.24852978495691416,0.4565114251983274,0.2544547791643221,0.20205664603400525,32,0.06927083333333334,427,0.0468384074941452,52,12.177985948477751,NA,NA,NA,NA,NA
2022,(Big) Broadhurst Reef (No 2) (18-100b),18-100b,18,74.98333333333333,22.55,29.683333333333334,22.75,9.5,13.25,176,0.30073349633251834,0.39586574794398754,0.3034007557234941,0.1266948210713492,0.17670593465214493,14.983333333333333,0.012235817575083427,11,0.09090909090909091,9,81.81818181818183,NA,NA,NA,NA,NA
2022,(Little) Broadhurst Reef (18-106),18-106,67,323.3833333333333,108.98333333333333,78.48333333333333,135.91666666666666,92.71666666666667,43.2,823,0.3370097407617379,0.24269442869659333,0.4202958305416688,0.28670824099366077,0.13358758954800806,8.9,0.031835205992509365,205,0.09268292682926829,104,50.73170731707317,NA,NA,NA,NA,NA
2022,Adelaide Reef (17-042),17-042,2,6.666666666666667,6.666666666666667,0,0,0,0,0,1,0,0,0,0,6.666666666666667,0,60,0,1,1.6666666666666667,NA,NA,NA,NA,NA
2022,Agincourt Reefs (No 3) (15-099a),15-099a,10,40.5,40.5,0,0,0,0,0,1,0,0,0,0,8,0,66,0,6,9.090909090909092,NA,NA,NA,NA,NA
2022,Agincourt Reefs (No 4) (15-096),15-096,13,59.9,59.9,0,0,0,0,0,1,0,0,0,0,11.166666666666666,0,91,0,17,18.681318681318682,NA,NA,NA,NA,NA
2022,Arlington Reef (16-064),16-064,4,26.166666666666668,26.166666666666668,0,0,0,0,0,1,0,0,0,0,26.166666666666668,0,244,0,2,0.819672131147541,NA,NA,NA,NA,NA
2022,Backnumbers Reef (18-069a),18-069a,34,206.08333333333334,170.41666666666666,31.75,3.9166666666666665,0,3.9166666666666665,147,0.8269308532147189,0.154063890012131,0.019005256773150018,0,0.019005256773150018,15.666666666666666,0.05106382978723404,104,0.09615384615384616,26,25,NA,NA,NA,NA,NA
2022,Bait Reef (19-137),19-137,36,71.35,66.45,4.9,0,0,0,14,0.9313244569025929,0.06867554309740716,0,0,0,21.95,0.007593014426727411,NA,NA,NA,NA,NA,NA,NA,NA,NA
2022,Banfield Reef (North) (18-105a),18-105a,32,219.35,28.016666666666666,38.983333333333334,152.35,84.36666666666666,67.98333333333333,1012,0.1277258566978193,0.17772205759440773,0.6945520857077729,0.384621229389864,0.309930856317909,19.65,0.1645462256149279,28,0.07142857142857142,7,25,NA,NA,NA,NA,NA
2022,Banfield Reef (South) (18-105b),18-105b,9,30.55,18.966666666666665,3.4166666666666665,8.166666666666666,3.3333333333333335,4.833333333333333,41,0.6208401527550463,0.11183851609383523,0.26732133115111834,0.10911074740861976,0.15821058374249863,13.816666666666666,0.006031363088057901,22,0,7,31.818181818181817,NA,NA,NA,NA,NA
2022,Barnett Patches (18-019),18-019,15,57.25,46.95,7.433333333333334,2.8666666666666667,2.8666666666666667,0,25,0.8200873362445416,0.12983988355167395,0.05007278020378457,0.05007278020378457,0,13.216666666666667,0,608,0.001644736842105263,64,10.526315789473683,NA,NA,NA,NA,NA
2022,Batt Reef (16-029),16-029,104,520.05,144.23333333333332,192.75,183.06666666666666,137.65,45.416666666666664,1203,0.27734512707111497,0.37063743870781657,0.3520174342210685,0.26468608787616577,0.08733134634490274,16.666666666666668,0.03899999999999999,613,0.01468189233278956,71,11.582381729200652,36,26,20.62412059575,2022-05-18,72.22222222222221
2022,Beaver Reef (17-051),17-051,10,72.33333333333333,72.33333333333333,0,0,0,0,14,1,0,0,0,0,14.666666666666666,0.0011363636363636363,70,0,12,17.142857142857142,NA,NA,NA,NA,NA
2022,Black Island Reef (20-017),20-017,2,6.733333333333333,6.733333333333333,0,0,0,0,0,1,0,0,0,0,6.733333333333333,0,NA,NA,NA,NA,NA,NA,NA,NA,NA
2022,Block Reef (19-127),19-127,71,129.48333333333332,54.21666666666667,5.75,69.51666666666667,21.6,47.916666666666664,546,0.41871540738833835,0.04440725962157292,0.5368773329900889,0.16681683614364787,0.370060496846441,26.933333333333334,0.09962871287128713,210,0.12857142857142856,38,18.095238095238095,NA,NA,NA,NA,NA
2022,Border Island Reef (No 1) (20-067a),20-067a,22,30,29.266666666666666,0.7333333333333333,0,0,0,1,0.9755555555555555,0.024444444444444442,0,0,0,6.483333333333333,0.002570694087403599,55,0,0,0,NA,NA,NA,NA,NA
2022,Border Island Reef (No 3) (20-067c),20-067c,10,13.016666666666667,6.7,6.316666666666666,0,0,0,10,0.5147247119078104,0.48527528809218945,0,0,0,13.016666666666667,0.012804097311139564,NA,NA,NA,NA,NA,NA,NA,NA,NA
2022,Boulder Reef (15-012),15-012,4,32,32,0,0,0,0,1,1,0,0,0,0,32,5.208333333333333e-4,189,0,11,5.82010582010582,NA,NA,NA,NA,NA
2022,Boult Reef (23-079),23-079,15,66.2,18.2,21.133333333333333,26.866666666666667,14.883333333333333,11.983333333333333,162,0.27492447129909364,0.31923464249748235,0.40584088620342396,0.22482376636455184,0.1810171198388721,11.85,0.04360056258790436,178,0.028089887640449437,25,14.04494382022472,NA,NA,NA,NA,NA
2022,Bowden Reef (19-019),19-019,45,233.36666666666667,103.93333333333334,70.66666666666667,58.766666666666666,49.266666666666666,9.5,377,0.4453649478645908,0.30281388373089557,0.25182116840451363,0.21111269818597342,0.04070847021854021,22.8,0.014619883040935672,478,0.04184100418410042,75,15.690376569037657,36,35,92.34761094544444,2022-05-22,97.22222222222221
2022,Bowl Reef (18-080),18-080,12,25,25,0,0,0,0,1,1,0,0,0,0,25,6.666666666666666e-4,128,0,2,1.5625,NA,NA,NA,NA,NA
2022,Briggs Reef (16-074),16-074,36,173.58333333333334,110.16666666666667,46.416666666666664,17,11.5,5.5,187,0.6346615458473356,0.26740278444551124,0.09793566970715314,0.06625060009601536,0.03168506961113778,16.583333333333332,0.0542713567839196,46,0,17,36.95652173913043,NA,NA,NA,NA,NA
2022,Britomart Reef (18-024),18-024,30,143.25,80.91666666666667,37,25.333333333333332,20.5,4.833333333333333,177,0.5648632926119838,0.2582897033158813,0.17684700407213497,0.1431064572425829,0.03374054682955206,19.333333333333332,0.059482758620689656,617,0,6,0.9724473257698543,NA,NA,NA,NA,NA
2022,Centipede Reef (18-088),18-088,22,47.11666666666667,33.516666666666666,9.933333333333334,3.6666666666666665,3.6666666666666665,0,31,0.7113547930668553,0.21082419525999294,0.07782101167315175,0.07782101167315175,0,26.7,0.018102372034956304,161,0,9,5.590062111801243,NA,NA,NA,NA,NA
2022,Chicken Reef (18-086),18-086,5,13.733333333333333,13.733333333333333,0,0,0,0,3,1,0,0,0,0,13.733333333333333,0.0036407766990291263,75,0,4,5.333333333333334,NA,NA,NA,NA,NA
2022,Chinaman Reef (16-024),16-024,4,16,16,0,0,0,0,2,1,0,0,0,0,16,0.0020833333333333333,104,0,2,1.9230769230769231,NA,NA,NA,NA,NA
2022,Circular Quay Reef (19-134),19-134,62,113.15,13.566666666666666,2.0833333333333335,97.5,3.9,93.6,2260,0.11989983797319193,0.018412137280895566,0.8616880247459124,0.0344675209898365,0.8272205037560759,21.066666666666666,0.3061708860759494,280,0.3357142857142857,48,17.142857142857142,NA,NA,NA,NA,NA
2022,Darley Reef (19-043),19-043,75,163.65,88.03333333333333,18.466666666666665,57.15,4.533333333333333,52.61666666666667,768,0.5379366534270292,0.11284244831449229,0.34922089825847846,0.027701395254099193,0.32151950300437926,3.35,0,265,0.0037735849056603774,28,10.566037735849058,NA,NA,NA,NA,NA
2022,Davies Reef (18-096),18-096,188,524.5,68.28333333333333,91.78333333333333,364.43333333333334,179.71666666666667,184.71666666666667,2300,0.13018748013981568,0.174992055926279,0.6948204639339053,0.34264378773435017,0.3521766761995551,25.666666666666668,0.02987012987012987,124,0,21,16.93548387096774,72,64,54.80659197661972,2022-05-22,88.88888888888889
2022,Detour Reef (21-514),21-514,2,12.95,12.95,0,0,0,0,8,1,0,0,0,0,12.95,0.010296010296010296,61,0,1,1.639344262295082,NA,NA,NA,NA,NA
2022,Eddy Reef (17-047),17-047,16,86.66666666666667,86.66666666666667,0,0,0,0,4,1,0,0,0,0,23.333333333333332,0.0014285714285714286,152,0,9,5.921052631578947,NA,NA,NA,NA,NA
2022,Elford Reef (16-073),16-073,15,61.666666666666664,61.666666666666664,0,0,0,0,6,1,0,0,0,0,10,0,294,0,12,4.081632653061225,36,14,4.8892760957777774,2022-05-20,38.88888888888889
2022,Erskine Reef (23-068),23-068,1,3.6666666666666665,3.6666666666666665,0,0,0,0,0,1,0,0,0,0,3.6666666666666665,0,41,0,1,2.4390243902439024,NA,NA,NA,NA,NA
2022,Escape Reef (15-094),15-094,38,215.33333333333334,215.33333333333334,0,0,0,0,0,1,0,0,0,0,16.333333333333332,0,239,0,10,4.184100418410042,NA,NA,NA,NA,NA
2022,Eyrie Reef (14-118),14-118,62,424.75,234.41666666666666,88.08333333333333,102.25,94.25,8,598,0.5518932705513047,0.2073768883657053,0.24072984108299,0.22189523248969983,0.01883460859329017,4.75,0.06666666666666667,178,0.02247191011235955,72,40.44943820224719,36,16,8.19058247525,2022-08-22,44.44444444444444
2022,Fairfax Islands Reef (23-081),23-081,31,143.18333333333334,77.75,40.86666666666667,24.566666666666666,21.566666666666666,3,197,0.5430101268769643,0.2854149691537656,0.17157490396927016,0.15062274473285997,0.020952159236410195,20.9,0.028708133971291867,223,0.013452914798206279,25,11.210762331838566,NA,NA,NA,NA,NA
2022,Farquharson Reef (No 1) (17-063a),17-063a,14,71.66666666666667,71.66666666666667,0,0,0,0,9,1,0,0,0,0,11.666666666666666,0.004285714285714286,164,0,7,4.2682926829268295,NA,NA,NA,NA,NA
2022,Feather Reef (17-034),17-034,7,22.833333333333332,22.833333333333332,0,0,0,0,0,1,0,0,0,0,3.3333333333333335,0,134,0,5,3.731343283582089,NA,NA,NA,NA,NA
2022,Fitzroy Island Reef (No 1) (16-054a),16-054a,16,89,71,0,18,18,0,50,0.797752808988764,0,0.20224719101123595,0.20224719101123595,0,18,0.04259259259259259,32,0.03125,8,25,NA,NA,NA,NA,NA
2022,Fitzroy Island Reef (No 2) (16-054b),16-054b,11,52.75,52.75,0,0,0,0,3,1,0,0,0,0,12,0.001388888888888889,14,0,7,50,NA,NA,NA,NA,NA
2022,Fitzroy Reef (23-077),23-077,129,589.4666666666667,356.8666666666667,100.75,131.85,99.78333333333333,32.06666666666667,929,0.6054060167382945,0.17091721330015833,0.22367676996154714,0.16927731282515268,0.054399457136394484,21.15,0.013396375098502758,857,0.061843640606767794,98,11.435239206534423,NA,NA,NA,NA,NA
2022,Flynn Reef (16-065),16-065,8,38,38,0,0,0,0,0,1,0,0,0,0,22.333333333333332,0,37,0,0,0,NA,NA,NA,NA,NA
2022,Fore And Aft Reef (18-043),18-043,86,418.8333333333333,296.65,85.93333333333334,36.25,36.25,0,429,0.7082769598089932,0.2051730998806208,0.086549940310386,0.086549940310386,0,22.233333333333334,0.008245877061469266,126,0.023809523809523808,29,23.015873015873016,NA,NA,NA,NA,NA
2022,Fork Reef (18-083),18-083,6,11.466666666666667,8.4,3.066666666666667,0,0,0,4,0.7325581395348837,0.2674418604651163,0,0,0,11.466666666666667,0.005813953488372093,32,0,3,9.375,NA,NA,NA,NA,NA
2022,Forrester Reef (15-009),15-009,6,36.666666666666664,36.666666666666664,0,0,0,0,8,1,0,0,0,0,10,0.006666666666666667,136,0.014705882352941176,23,16.911764705882355,NA,NA,NA,NA,NA
2022,Gibson Reef (17-017),17-017,7,41.666666666666664,41.666666666666664,0,0,0,0,0,1,0,0,0,0,22.666666666666668,0,54,0,2,3.7037037037037033,NA,NA,NA,NA,NA
2022,Green Island Reef (16-049),16-049,4,23.333333333333332,17.5,5.833333333333333,0,0,0,12,0.75,0.25,0,0,0,23.333333333333332,0.008571428571428572,52,0,0,0,36,28,24.80342465775,2022-05-19,77.77777777777779
2022,Grub Reef (18-077),18-077,13,26.8,24.75,0,2.05,2.05,0,15,0.9235074626865671,0,0.07649253731343282,0.07649253731343282,0,4.8,0.003472222222222222,153,0.006535947712418301,11,7.18954248366013,NA,NA,NA,NA,NA
2022,Hardy Reef (19-135),19-135,57,124.83333333333333,69.01666666666667,38.95,16.866666666666667,7.8,9.066666666666666,169,0.5528704939919893,0.3120160213618158,0.13511348464619494,0.06248331108144192,0.072630173564753,12.45,0.013386880856760375,262,0.011450381679389313,26,9.923664122137405,NA,NA,NA,NA,NA
2022,Hayman Island Reef (20-014),20-014,19,34.666666666666664,31.866666666666667,2.8,0,0,0,12,0.9192307692307693,0.08076923076923077,0,0,0,20.483333333333334,0.008136696501220505,37,0,0,0,NA,NA,NA,NA,NA
2022,Hedley Reef (17-014),17-014,4,12.833333333333334,12.833333333333334,0,0,0,0,1,1,0,0,0,0,6.5,0,101,0,2,1.9801980198019802,NA,NA,NA,NA,NA
2022,Helsdon Reef (14-135),14-135,29,150.48333333333332,107.08333333333333,25.9,17.5,17.5,0,149,0.7115959685457969,0.17211208328718575,0.11629194816701739,0.11629194816701739,0,14,0.02023809523809524,149,0.04697986577181208,41,27.516778523489933,NA,NA,NA,NA,NA
2022,Heron Reef (23-052a),23-052a,85,448.93333333333334,265.1,88.23333333333333,95.6,80.91666666666667,14.683333333333334,641,0.5905108405108406,0.19653994653994655,0.21294921294921293,0.18024205524205525,0.03270715770715771,5.683333333333334,0.002932551319648094,513,0.050682261208576995,78,15.204678362573098,NA,NA,NA,NA,NA
2022,Hook Island Reef (No 6) (20-028f),20-028f,12,29.866666666666667,23.866666666666667,3,3,3,0,18,0.7991071428571429,0.10044642857142858,0.10044642857142858,0.10044642857142858,0,20.816666666666666,0.014411529223378704,NA,NA,NA,NA,NA,NA,NA,NA,NA
2022,Hook Island Reef (No 7) (20-028g),20-028g,40,79.95,61.78333333333333,14.05,4.116666666666666,4.116666666666666,0,58,0.7727746508234312,0.17573483427141964,0.05149051490514905,0.05149051490514905,0,2.25,0,NA,NA,NA,NA,NA,NA,NA,NA,NA
2022,Hook Island Reef (No 8) (20-028j),20-028j,14,24.683333333333334,17.8,4.55,2.3333333333333335,2.3333333333333335,0,24,0.7211343686698177,0.18433490884537473,0.09453072248480757,0.09453072248480757,0,9.05,0.02394106813996317,NA,NA,NA,NA,NA,NA,NA,NA,NA
2022,Hook Island Reef (No 9) (20-028h),20-028h,8,24.216666666666665,21.766666666666666,2.45,0,0,0,18,0.8988300068823125,0.10116999311768755,0,0,0,9.65,0.015544041450777202,NA,NA,NA,NA,NA,NA,NA,NA,NA
2022,Hook Reef (19-136a),19-136a,2,4.75,2.4,2.35,0,0,0,4,0.5052631578947369,0.4947368421052632,0,0,0,4.75,0.014035087719298246,61,0,1,1.639344262295082,NA,NA,NA,NA,NA
2022,Hopkinson Reef (18-073),18-073,180,361.1333333333333,101,87.13333333333334,173,65.8,107.2,1665,0.2796750969171128,0.24127745984862473,0.4790474432342625,0.1822041720509507,0.29684327118331183,9.6,0.109375,125,0.016,33,26.400000000000002,NA,NA,NA,NA,NA
2022,Hoskyn Islands Reef (23-080),23-080,18,95.3,22.483333333333334,56.4,16.416666666666668,7.266666666666667,9.15,172,0.23592165092689754,0.5918153200419727,0.17226302903112978,0.07625043721580972,0.09601259181532004,7.95,0.010482180293501049,136,0.022058823529411766,13,9.558823529411764,NA,NA,NA,NA,NA
2022,Howie Reef (17-018a),17-018a,1,2.5,2.5,0,0,0,0,0,1,0,0,0,0,2.5,0,183,0,1,0.546448087431694,NA,NA,NA,NA,NA
2022,Irene Reef (15-084),15-084,8,40,20,11,9,9,0,51,0.5,0.275,0.225,0.225,0,20,0,53,0,7,13.20754716981132,NA,NA,NA,NA,NA
2022,Isobel Bennett Reef (21-505),21-505,4,26.383333333333333,26.383333333333333,0,0,0,0,0,1,0,0,0,0,7,0,92,0.03260869565217391,1,1.0869565217391304,NA,NA,NA,NA,NA
2022,John Brewer Reef (18-075),18-075,71,155.06666666666666,49.916666666666664,41.733333333333334,63.416666666666664,47.016666666666666,16.4,380,0.3219045571797076,0.26913155631986246,0.4089638865004299,0.3032029234737747,0.10576096302665519,4,0.075,238,0,4,1.680672268907563,NA,NA,NA,NA,NA
2022,Judith Wright Reef (18-101),18-101,8,38.266666666666666,38.266666666666666,0,0,0,0,7,1,0,0,0,0,24.116666666666667,0.0034554250172771253,59,0.01694915254237288,9,15.254237288135593,NA,NA,NA,NA,NA
2022,Keeper Reef (18-079),18-079,12,23,23,0,0,0,0,6,1,0,0,0,0,18.35,0.005449591280653951,66,0,7,10.606060606060606,NA,NA,NA,NA,NA
2022,Kelso Reef (18-030),18-030,57,279.3666666666667,167.71666666666667,40.25,71.4,56.583333333333336,14.816666666666666,406,0.6003460207612457,0.14407588593246629,0.25557809330628806,0.20254146283259755,0.05303663047369049,20,0.0033333333333333335,179,0.00558659217877095,19,10.614525139664805,NA,NA,NA,NA,NA
2022,Lady Elliot Island Reef (24-008),24-008,52,292.6333333333333,113.25,46.45,132.93333333333334,76.11666666666666,56.81666666666667,972,0.38700307552113,0.1587310627634127,0.45426586171545735,0.26010935186239886,0.19415650985305846,9.2,0.1286231884057971,178,0.011235955056179775,52,29.213483146067414,NA,NA,NA,NA,NA
2022,Lady Musgrave Reef (23-082a),23-082a,213,911.5166666666667,409.3666666666667,241.18333333333334,260.96666666666664,210.71666666666667,50.25,1661,0.449104971567534,0.26459563730778374,0.2862993911246823,0.23117149073887844,0.05512790038580388,28.666666666666668,0.019767441860465116,888,0.05292792792792793,162,18.243243243243242,NA,NA,NA,NA,NA
2022,Lamont Reef (23-076),23-076,22,115.33333333333333,43.13333333333333,14.95,57.25,35.6,21.65,412,0.3739884393063584,0.1296242774566474,0.4963872832369942,0.3086705202312139,0.18771676300578033,17.916666666666668,0.026976744186046512,169,0.05325443786982249,13,7.6923076923076925,NA,NA,NA,NA,NA
2022,Lark Reef (15-033),15-033,3,19.6,19.6,0,0,0,0,1,1,0,0,0,0,19.6,8.503401360544217e-4,NA,NA,NA,NA,NA,NA,NA,NA,NA
2022,Lena Reef (15-085),15-085,7,31.216666666666665,31.216666666666665,0,0,0,0,0,1,0,0,0,0,8.883333333333333,0,88,0,7,7.954545454545454,NA,NA,NA,NA,NA
2022,Linnet Reef (14-126),14-126,12,50.833333333333336,3.9166666666666665,3.9166666666666665,43,31,12,232,0.07704918032786885,0.07704918032786885,0.8459016393442622,0.6098360655737705,0.23606557377049178,19,0.05701754385964912,35,0.08571428571428572,13,37.142857142857146,NA,NA,NA,NA,NA
2022,Little Fitzroy Island Reef (16-055),16-055,18,91.5,54.5,8,29,29,0,105,0.5956284153005464,0.08743169398907104,0.31693989071038253,0.31693989071038253,0,6,0.044444444444444446,18,0.16666666666666666,8,44.44444444444444,NA,NA,NA,NA,NA
2022,Little Kelso Reef (18-031),18-031,2,9.5,0,9.5,0,0,0,14,0,1,0,0,0,9.5,0.02456140350877193,29,0,3,10.344827586206897,NA,NA,NA,NA,NA
2022,Lizard Island Reef (Coconut Bay) (14-116c),14-116c,2,8,8,0,0,0,0,3,1,0,0,0,0,8,0.00625,7,0,2,28.57142857142857,NA,NA,NA,NA,NA
2022,Lizard Island Reef (Lagoon) (14-116d),14-116d,10,48.88333333333333,16.633333333333333,22.5,9.75,9.75,0,82,0.34026593931128535,0.46027957722468466,0.19945448346403,0.19945448346403,0,9.75,0.06666666666666667,98,0,10,10.204081632653061,90,52,16.70110572808889,2022-08-21,57.77777777777777
2022,Lizard Island Reef (North East) (14-116b),14-116b,6,23.4,23.4,0,0,0,0,3,1,0,0,0,0,8,0.0020833333333333333,60,0.016666666666666666,5,8.333333333333332,30,11,4.759685117566667,2022-08-23,36.666666666666664
2022,Lizard Island Reef (North West) (14-116a),14-116a,2,9.5,0,4.75,4.75,4.75,0,21,0,0.5,0.5,0.5,0,9.5,0.03684210526315789,141,0.0070921985815602835,7,4.964539007092199,30,23,27.782090548166668,2022-08-22,76.66666666666667
2022,Llewellyn Reef (23-078),23-078,64,314.95,120.35,94.4,100.2,54.2,46,834,0.38212414668995076,0.29973011589141135,0.3181457374186379,0.1720908080647722,0.1460549293538657,7.55,0.24944812362030905,302,0.056291390728476824,65,21.52317880794702,NA,NA,NA,NA,NA
2022,Lynchs Reef (18-091),18-091,170,327.6666666666667,115.81666666666666,53.7,158.15,73.95,84.2,1135,0.35345879959308235,0.16388606307222786,0.48265513733468973,0.22568667344862664,0.2569684638860631,19.4,0.02577319587628866,NA,NA,NA,NA,NA,NA,NA,NA,NA
2022,Mackay Reefs (15-024),15-024,4,22.333333333333332,16.75,5.583333333333333,0,0,0,20,0.75,0.25,0,0,0,22.333333333333332,0.014925373134328358,135,0,2,1.4814814814814816,NA,NA,NA,NA,NA
2022,Martin Reef (14-123),14-123,95,567.9833333333333,369.48333333333335,67.25,131.25,93.58333333333333,37.666666666666664,858,0.6505179142580475,0.11840136154229877,0.23108072419965375,0.16476422430235627,0.06631649989729745,6.333333333333333,0.013157894736842105,199,0.05527638190954774,70,35.175879396984925,NA,NA,NA,NA,NA
2022,Michaelmas Reef (16-060),16-060,5,26.833333333333332,26.833333333333332,0,0,0,0,1,1,0,0,0,0,4.166666666666667,0.003999999999999999,134,0,3,2.2388059701492535,NA,NA,NA,NA,NA
2022,Milln Reef (16-067),16-067,7,31.5,31.5,0,0,0,0,0,1,0,0,0,0,19,0,71,0,8,11.267605633802818,NA,NA,NA,NA,NA
2022,Moore Reef (16-071),16-071,10,42.333333333333336,42.333333333333336,0,0,0,0,3,1,0,0,0,0,10,0,69,0,21,30.434782608695656,36,13,9.04026916163889,2022-05-20,36.11111111111111
2022,Nathan Reef (17-035),17-035,39,187.5,187.5,0,0,0,0,8,1,0,0,0,0,6.666666666666667,0,409,0,20,4.88997555012225,NA,NA,NA,NA,NA
2022,Norman Reef (16-030),16-030,12,70.66666666666667,70.66666666666667,0,0,0,0,1,1,0,0,0,0,25.333333333333332,0,40,0,5,12.5,NA,NA,NA,NA,NA
2022,Normanby-Mabel Reef (17-012),17-012,23,118.66666666666667,114.5,4.166666666666667,0,0,0,29,0.9648876404494382,0.0351123595505618,0,0,0,15.833333333333334,0.014736842105263158,35,0,9,25.71428571428571,NA,NA,NA,NA,NA
2022,Opal Reef (16-025),16-025,20,102.33333333333333,102.33333333333333,0,0,0,0,1,1,0,0,0,0,21,0,162,0.006172839506172839,4,2.4691358024691357,NA,NA,NA,NA,NA
2022,Otter Reef (18-018),18-018,15,103.83333333333333,103.83333333333333,0,0,0,0,14,1,0,0,0,0,30,0,197,0.005076142131979695,8,4.060913705583756,NA,NA,NA,NA,NA
2022,Pickersgill Reef (15-093),15-093,11,47.166666666666664,13.666666666666666,0,33.5,29.5,4,140,0.28975265017667845,0,0.7102473498233216,0.6254416961130742,0.08480565371024736,4.166666666666667,0,167,0.005988023952095809,8,4.790419161676647,NA,NA,NA,NA,NA
2022,Pike Reef (21-549),21-549,10,55.11666666666667,55.11666666666667,0,0,0,0,8,1,0,0,0,0,5.066666666666666,0,267,0,7,2.6217228464419478,NA,NA,NA,NA,NA
2022,Pith Reef (18-033),18-033,18,97.41666666666667,97.41666666666667,0,0,0,0,5,1,0,0,0,0,5.833333333333333,0,54,0,13,24.074074074074073,NA,NA,NA,NA,NA
2022,Pixie Reef (16-040),16-040,6,43.166666666666664,21,7.5,14.666666666666666,0,14.666666666666666,92,0.4864864864864865,0.17374517374517376,0.33976833976833976,0,0.33976833976833976,28.5,0.025146198830409357,NA,NA,NA,NA,NA,NA,NA,NA,NA
2022,Reg Ward Reef (18-017),18-017,6,29.883333333333333,4.133333333333334,0,25.75,9.55,16.2,124,0.13831567205800335,0,0.8616843279419967,0.31957612939208035,0.5421081985499163,29.883333333333333,0.06915783602900168,125,0.016,13,10.4,NA,NA,NA,NA,NA
2022,Rosser Reef (15-081),15-081,8,47.666666666666664,23.833333333333332,23.833333333333332,0,0,0,41,0.5,0.5,0,0,0,31.666666666666668,0.014210526315789474,NA,NA,NA,NA,NA,NA,NA,NA,NA
2022,Round-Russell Reef (17-013),17-013,36,165.01666666666668,117.9,28.533333333333335,18.583333333333332,18.583333333333332,0,133,0.7144732855267144,0.1729118270881729,0.1126148873851126,0.1126148873851126,0,15.65,0.01597444089456869,45,0.06666666666666667,17,37.77777777777778,NA,NA,NA,NA,NA
2022,Saville-Kent Reef (18-099),18-099,23,92.8,74.46666666666667,18.333333333333332,0,0,0,42,0.8024425287356323,0.19755747126436782,0,0,0,12.983333333333333,0.007702182284980745,128,0.0078125,25,19.53125,NA,NA,NA,NA,NA
2022,Scott Reef (17-004),17-004,1,5,5,0,0,0,0,0,1,0,0,0,0,5,0,75,0,7,9.333333333333334,NA,NA,NA,NA,NA
2022,Stanley Reef (19-045),19-045,8,16.2,11.3,2.2,2.7,2.7,0,13,0.697530864197531,0.1358024691358025,0.16666666666666669,0.16666666666666669,0,16.2,0.013374485596707819,NA,NA,NA,NA,NA,NA,NA,NA,NA
2022,Startle Reefs (15-028),15-028,5,31.166666666666668,25.166666666666668,6,0,0,0,21,0.8074866310160428,0.1925133689839572,0,0,0,24,0.014583333333333334,NA,NA,NA,NA,NA,NA,NA,NA,NA
2022,Sudbury Reef (No 1) (17-001a),17-001a,11,55,55,0,0,0,0,3,1,0,0,0,0,20,0,359,0,3,0.8356545961002786,NA,NA,NA,NA,NA
2022,Sykes Reef (23-054),23-054,11,54.88333333333333,6.2,26.5,22.183333333333334,18.583333333333332,3.6,157,0.11296689948375342,0.4828423929547525,0.4041907075614941,0.3385970239902824,0.06559368357121166,7.333333333333333,0.05909090909090909,137,0.0364963503649635,6,4.37956204379562,NA,NA,NA,NA,NA
2022,Thetford Reef (16-068),16-068,25,117.88333333333334,117.88333333333334,0,0,0,0,25,1,0,0,0,0,22.333333333333332,0.002238805970149254,158,0,13,8.227848101265822,36,5,1.7240137638333333,2022-05-19,13.88888888888889
2022,Tongue Reef (16-026),16-026,15,72.08333333333333,72.08333333333333,0,0,0,0,4,1,0,0,0,0,16.333333333333332,0.0010204081632653062,223,0.004484304932735426,6,2.690582959641256,36,11,4.723176484333333,2022-05-18,30.555555555555557
2022,Trunk Reef (18-027),18-027,52,248.5,224.5,24,0,0,0,59,0.903420523138833,0.096579476861167,0,0,0,16,0,601,0,37,6.156405990016639,NA,NA,NA,NA,NA
2022,U/N Reef (16-054f),16-054f,11,58.916666666666664,58.916666666666664,0,0,0,0,11,1,0,0,0,0,24,0.005555555555555556,25,0,6,24,NA,NA,NA,NA,NA
2022,U/N Reef (16-054g),16-054g,5,29.333333333333332,29.333333333333332,0,0,0,0,2,1,0,0,0,0,5,0.006666666666666667,20,0,7,35,NA,NA,NA,NA,NA
2022,U/N Reef (18-025),18-025,12,60,60,0,0,0,0,1,1,0,0,0,0,22,0,100,0,17,17,NA,NA,NA,NA,NA
2022,U/N Reef (21-465),21-465,21,90.36666666666666,7.833333333333333,16.116666666666667,66.41666666666667,16.066666666666666,50.35,632,0.0866838804869052,0.1783474732571007,0.7349686462559942,0.1777941718922907,0.5571744743637035,8.15,0.11451942740286299,294,0.16326530612244897,63,21.428571428571427,NA,NA,NA,NA,NA
2022,U/N Reef (21-544),21-544,27,113.4,113.4,0,0,0,0,18,1,0,0,0,0,11.233333333333333,0.002967359050445104,223,0.013452914798206279,33,14.798206278026907,NA,NA,NA,NA,NA
2022,U/N Reef (21-551),21-551,72,325.78333333333336,166.41666666666666,49.2,110.16666666666667,36.1,74.06666666666666,1237,0.5108200746917685,0.15102061697447178,0.3381593083337596,0.11080984294265105,0.2273494653911086,17.85,0.0028011204481792717,361,0.09418282548476455,54,14.958448753462603,NA,NA,NA,NA,NA
2022,U/N Reef (21-553),21-553,50,203.31666666666666,73.6,24,105.71666666666667,61.28333333333333,44.43333333333333,705,0.361996884990573,0.11804246249692597,0.519960652512501,0.3014181490286089,0.21854250348389212,3.4833333333333334,0,125,0.04,30,24,NA,NA,NA,NA,NA
2022,U/N Reef (21-554),21-554,17,28.9,28.55,0,0.35,0.35,0,2,0.9878892733564014,0,0.012110726643598616,0.012110726643598616,0,7.533333333333333,0.0022123893805309734,183,0,16,8.743169398907105,NA,NA,NA,NA,NA
2022,U/N Reef (22-087),22-087,4,2.5,0.7166666666666667,0,1.7833333333333334,0.7166666666666667,1.0666666666666667,27,0.2866666666666667,0,0.7133333333333334,0.2866666666666667,0.42666666666666664,2.5,0.18,35,0.2857142857142857,5,14.285714285714285,NA,NA,NA,NA,NA
2022,Undine Reef (East) (16-020b),16-020b,3,12.5,12.5,0,0,0,0,6,1,0,0,0,0,12.5,0.008,36,0,1,2.7777777777777777,NA,NA,NA,NA,NA
2022,Viper Reef (18-112),18-112,10,75.1,61.25,0,13.85,0,13.85,191,0.8155792276964049,0,0.18442077230359522,0,0.18442077230359522,26.95,0.08101422387136673,48,0,20,41.66666666666667,NA,NA,NA,NA,NA
2022,Walker Reef (18-026),18-026,4,13.333333333333334,13.333333333333334,0,0,0,0,1,1,0,0,0,0,13.333333333333334,0.00125,152,0,2,1.3157894736842104,NA,NA,NA,NA,NA
2022,Wardle Reef (17-032),17-032,12,43.333333333333336,43.333333333333336,0,0,0,0,4,1,0,0,0,0,3.3333333333333335,0.005,160,0,8,5,NA,NA,NA,NA,NA
2022,Wheeler Reef (18-095),18-095,173,339.76666666666665,66.28333333333333,68.68333333333334,204.8,115.18333333333334,89.61666666666666,1315,0.1950848621603061,0.2021485333071716,0.6027666045325224,0.3390071617776906,0.26375944275483176,19.1,0.04537521815008726,23,0,10,43.47826086956522,NA,NA,NA,NA,NA
2022,Wilson Island Reef (23-050),23-050,5,27.566666666666666,27.566666666666666,0,0,0,0,8,1,0,0,0,0,22.066666666666666,0.0030211480362537764,23,0.08695652173913043,6,26.08695652173913,NA,NA,NA,NA,NA
2022,Wistari Reef (23-053),23-053,2,11.416666666666666,11.416666666666666,0,0,0,0,0,1,0,0,0,0,11.416666666666666,0,99,0,1,1.0101010101010102,NA,NA,NA,NA,NA
2022,Yamacutta Reef (17-066),17-066,2,11.166666666666666,11.166666666666666,0,0,0,0,1,1,0,0,0,0,11.166666666666666,0.0014925373134328358,128,0,2,1.5625,NA,NA,NA,NA,NA
2023,(Big) Broadhurst Reef (No 1) (18-100a),18-100a,215,1262.9166666666667,888.5,255.86666666666667,118.55,90.53333333333333,28.016666666666666,1255,0.7035301880567469,0.20259980204552952,0.09387000989772351,0.07168591224018475,0.022184097657538763,25.333333333333332,0.01381578947368421,877,0.011402508551881414,147,16.76168757126568,NA,NA,NA,NA,NA
2023,(Big) Broadhurst Reef (No 2) (18-100b),18-100b,10,41.166666666666664,22.166666666666668,14.5,4.5,0,4.5,55,0.5384615384615385,0.3522267206477733,0.10931174089068826,0,0.10931174089068826,22.166666666666668,0.007518796992481203,17,0,5,29.411764705882355,NA,NA,NA,NA,NA
2023,(Little) Broadhurst Reef (18-106),18-106,67,369.03333333333336,144.2,132.26666666666668,92.56666666666666,86.5,6.066666666666666,658,0.3907506097010206,0.3584138740854485,0.25083551621353084,0.23439617017432932,0.016439346039201514,13.6,0.056372549019607844,236,0.05508474576271186,71,30.08474576271186,NA,NA,NA,NA,NA
2023,Adelaide Reef (17-042),17-042,9,62.333333333333336,62.333333333333336,0,0,0,0,1,1,0,0,0,0,9,0,94,0,2,2.127659574468085,NA,NA,NA,NA,NA
2023,Agincourt Reefs (No 4) (15-096),15-096,12,89,89,0,0,0,0,0,1,0,0,0,0,13.333333333333334,0,88,0,8,9.090909090909092,NA,NA,NA,NA,NA
2023,Arlington Reef (16-064),16-064,33,184.25,184.25,0,0,0,0,20,1,0,0,0,0,11.166666666666666,0,345,0,15,4.3478260869565215,NA,NA,NA,NA,NA
2023,Backnumbers Reef (18-069a),18-069a,30,171.36666666666667,128.36666666666667,21.916666666666668,21.083333333333332,10,11.083333333333334,204,0.7490760552421708,0.12789340595214937,0.12303053880567982,0.058354405757634696,0.06467613304804513,25.333333333333332,0.015789473684210527,218,0.01834862385321101,33,15.137614678899084,NA,NA,NA,NA,NA
2023,Banfield Reef (North) (18-105a),18-105a,78,197.43333333333334,7.133333333333334,12.65,177.65,17.433333333333334,160.21666666666667,1895,0.03613033935505656,0.06407226067871011,0.8997973999662333,0.08829984804997468,0.8114975519162586,11.383333333333333,0.1698389458272328,91,0.03296703296703297,57,62.637362637362635,24,20,25.960336197125,2023-03-31,83.33333333333334
2023,Banfield Reef (South) (18-105b),18-105b,5,36.016666666666666,7,22.15,6.866666666666666,0,6.866666666666666,84,0.19435446552521982,0.6149930587690884,0.1906524757056918,0,0.1906524757056918,28.816666666666666,0.03990746096009254,40,0.1,8,20,NA,NA,NA,NA,NA
2023,Barnett Patches (18-019),18-019,15,53.05,53.05,0,0,0,0,3,1,0,0,0,0,14.333333333333334,0.0011627906976744186,240,0,14,5.833333333333333,NA,NA,NA,NA,NA
2023,Batt Reef (16-029),16-029,85,400.25,210.35,76.41666666666667,113.48333333333333,81.65,31.833333333333332,725,0.5255465334166146,0.19092234020403914,0.28353112637934624,0.20399750156152407,0.0795336248178222,13,0.07307692307692308,547,0.012797074954296161,60,10.968921389396709,36,33,54.90810790483334,2023-07-03,91.66666666666666
2023,Beaver Reef (17-051),17-051,26,143.5,143.5,0,0,0,0,27,1,0,0,0,0,11.166666666666666,0.008955223880597015,66,0,8,12.121212121212121,NA,NA,NA,NA,NA
2023,Black Island Reef (20-017),20-017,15,34.1,34.1,0,0,0,0,1,1,0,0,0,0,19.366666666666667,0,NA,NA,NA,NA,NA,NA,NA,NA,NA
2023,Block Reef (19-127),19-127,33,85.8,34.5,23.9,27.4,15.2,12.2,198,0.40209790209790214,0.27855477855477856,0.31934731934731936,0.17715617715617715,0.14219114219114218,9.4,0.0975177304964539,126,0.015873015873015872,27,21.428571428571427,NA,NA,NA,NA,NA
2023,Boult Reef (23-079),23-079,11,63.1,22.233333333333334,34.6,6.266666666666667,6.266666666666667,0,90,0.35235076597992604,0.5483359746434231,0.09931325937665081,0.09931325937665081,0,15.5,0.021505376344086023,118,0.03389830508474576,15,12.711864406779661,NA,NA,NA,NA,NA
2023,Bramble Reef (18-029),18-029,6,21.666666666666668,21.666666666666668,0,0,0,0,1,1,0,0,0,0,21.666666666666668,7.692307692307692e-4,163,0,5,3.067484662576687,NA,NA,NA,NA,NA
2023,Briggs Reef (16-074),16-074,48,247.26666666666668,141.85,60,45.416666666666664,39.833333333333336,5.583333333333333,326,0.5736721488271771,0.24265300620113237,0.18367484497169045,0.16109463467241844,0.022580210299272038,11.166666666666666,0.041791044776119404,43,0,16,37.2093023255814,NA,NA,NA,NA,NA
2023,Britomart Reef (18-024),18-024,66,389.5,199.75,62.916666666666664,126.83333333333333,92.83333333333333,34,690,0.5128369704749679,0.1615318784766795,0.32563115104835255,0.2383397518185708,0.08729139922978177,28.666666666666668,0.01744186046511628,603,0.001658374792703151,16,2.6533996683250414,NA,NA,NA,NA,NA
2023,Cairns Reef (15-086),15-086,17,108.33333333333333,84.91666666666667,12.25,11.166666666666666,0,11.166666666666666,142,0.783846153846154,0.11307692307692309,0.10307692307692308,0,0.10307692307692308,26.666666666666668,0.01625,649,0,18,2.773497688751926,36,17,5.031264262833333,2023-06-28,47.22222222222222
2023,Castor Reef (19-025),19-025,12,27.7,26.65,1.05,0,0,0,9,0.9620938628158845,0.03790613718411553,0,0,0,18.6,0.004480286738351254,61,0.01639344262295082,17,27.86885245901639,NA,NA,NA,NA,NA
2023,Circular Quay Reef (19-134),19-134,205,484.68333333333334,91.05,53.95,339.68333333333334,101.31666666666666,238.36666666666667,2804,0.18785461297754547,0.11130978989718374,0.7008355971252708,0.20903682816959526,0.49179876895567554,9.2,0.1105072463768116,293,0.040955631399317405,42,14.334470989761092,NA,NA,NA,NA,NA
2023,Darley Reef (19-043),19-043,49,30.033333333333335,24.616666666666667,2,3.4166666666666665,1.5166666666666666,1.9,24,0.8196448390677025,0.06659267480577136,0.11376248612652608,0.05049944506104328,0.06326304106548279,13.816666666666666,0.016887816646562123,437,0.011441647597254004,63,14.416475972540047,48,23,10.702480247145834,2023-03-28,47.91666666666667
2023,Davies Reef (18-096),18-096,167,386.65,69.61666666666666,71.18333333333334,245.85,152.23333333333332,93.61666666666666,1366,0.18005086426139058,0.18410276305013148,0.635846372688478,0.3937238674080779,0.24212250528040002,17.45,0.06494746895893028,140,0.007142857142857143,24,17.142857142857142,60,48,39.47738230135,2023-03-25,80
2023,Detour Reef (21-514),21-514,9,47.4,28.616666666666667,0,18.783333333333335,11.783333333333333,7,112,0.6037271448663853,0,0.39627285513361465,0.24859353023909986,0.14767932489451477,13.333333333333334,0.0675,128,0.0546875,16,12.5,NA,NA,NA,NA,NA
2023,Eddy Reef (17-047),17-047,38,224.66666666666666,224.66666666666666,0,0,0,0,27,1,0,0,0,0,26.666666666666668,0.00125,164,0,12,7.317073170731707,NA,NA,NA,NA,NA
2023,Elford Reef (16-073),16-073,6,33.333333333333336,33.333333333333336,0,0,0,0,0,1,0,0,0,0,20,0,259,0,11,4.247104247104247,36,2,0.44692694208333333,2023-07-05,5.555555555555555
2023,Emperor Reef (21-538),21-538,31,107.8,64.75,7.333333333333333,35.71666666666667,5.933333333333334,29.783333333333335,331,0.6006493506493507,0.06802721088435373,0.33132343846629564,0.055040197897340756,0.27628324056895487,11,0.09393939393939393,341,0.04105571847507331,28,8.211143695014663,NA,NA,NA,NA,NA
2023,Evening Reef (15-095),15-095,21,132,96.91666666666667,35.083333333333336,0,0,0,91,0.7342171717171717,0.2657828282828283,0,0,0,11.166666666666666,0.03134328358208955,88,0.011363636363636364,16,18.181818181818183,NA,NA,NA,NA,NA
2023,Eyrie Reef (14-118),14-118,34,172.16666666666666,67.33333333333333,81.33333333333333,23.5,7.25,16.25,368,0.3910939012584705,0.4724104549854792,0.13649564375605033,0.04211035818005809,0.09438528557599227,9.5,0.05964912280701754,180,0.06666666666666667,41,22.77777777777778,36,28,18.23445505811111,2023-09-16,77.77777777777779
2023,Fairfax Islands Reef (23-081),23-081,6,29.133333333333333,23.083333333333332,6.05,0,0,0,26,0.7923340961098397,0.20766590389016018,0,0,0,10.9,0.010703363914373088,141,0,5,3.546099290780142,NA,NA,NA,NA,NA
2023,Faith Reef (19-044),19-044,13,17.216666666666665,4.016666666666667,11.683333333333334,1.5166666666666666,1.5166666666666666,0,28,0.23330106485963215,0.6786060019361085,0.08809293320425944,0.08809293320425944,0,9.05,0.027624309392265192,59,0.01694915254237288,3,5.084745762711865,12,9,154.63194590375002,2023-03-30,75
2023,Farquharson Reef (No 1) (17-063a),17-063a,8,40,40,0,0,0,0,7,1,0,0,0,0,20,0.005833333333333334,197,0,2,1.015228426395939,NA,NA,NA,NA,NA
2023,Fitzroy Island Reef (No 1) (16-054a),16-054a,6,36.666666666666664,36.666666666666664,0,0,0,0,2,1,0,0,0,0,9.666666666666666,0,95,0,2,2.1052631578947367,NA,NA,NA,NA,NA
2023,Fitzroy Reef (23-077),23-077,47,243.8,164.98333333333332,59.78333333333333,19.033333333333335,19.033333333333335,0,237,0.6767158873393491,0.2452146568225321,0.07806945583811868,0.07806945583811868,0,11.4,0.014619883040935672,473,0.02536997885835095,42,8.879492600422834,NA,NA,NA,NA,NA
2023,Flynn Reef (16-065),16-065,6,39.05,39.05,0,0,0,0,1,1,0,0,0,0,6.416666666666667,0,21,0,3,14.285714285714285,NA,NA,NA,NA,NA
2023,Fore And Aft Reef (18-043),18-043,57,322.3,244.06666666666666,59.833333333333336,18.4,18.4,0,232,0.7572654876409142,0.18564484434791603,0.057089668011169714,0.057089668011169714,0,26.666666666666668,0.005,251,0.01593625498007968,42,16.733067729083665,NA,NA,NA,NA,NA
2023,Forrester Reef (15-009),15-009,40,231,44.5,35.166666666666664,151.33333333333334,125.16666666666667,26.166666666666668,699,0.19264069264069264,0.15223665223665223,0.6551226551226552,0.5418470418470419,0.11327561327561328,23.333333333333332,0.04428571428571428,62,0.11290322580645161,14,22.58064516129032,NA,NA,NA,NA,NA
2023,Frigate Reef (21-511),21-511,1,2.3333333333333335,2.3333333333333335,0,0,0,0,0,1,0,0,0,0,2.3333333333333335,0,44,0,2,4.545454545454546,NA,NA,NA,NA,NA
2023,Green Island Reef (16-049),16-049,12,73.33333333333333,73.33333333333333,0,0,0,0,22,1,0,0,0,0,26.666666666666668,0.001875,210,0.004761904761904762,10,4.761904761904762,36,26,10.950222688833334,2023-07-04,72.22222222222221
2023,Hardy Reef (19-135),19-135,13,38.483333333333334,18.75,9,10.733333333333333,10.733333333333333,0,55,0.48722390645300995,0.23386747509744477,0.27890861844954523,0.27890861844954523,0,6.15,0.04065040650406504,274,0.0036496350364963502,45,16.423357664233578,NA,NA,NA,NA,NA
2023,Hayman Island Reef (20-014),20-014,27,56.81666666666667,56.483333333333334,0,0.3333333333333333,0.3333333333333333,0,4,0.9941331768847169,0,0.005866823115283073,0.005866823115283073,0,7.4,0.0045045045045045045,39,0,0,0,NA,NA,NA,NA,NA
2023,Helix Reef (18-076),18-076,22,51.1,18.1,7.7,25.3,9.8,15.5,184,0.35420743639921726,0.1506849315068493,0.49510763209393344,0.19178082191780824,0.30332681017612523,21.55,0.07192575406032482,49,0,12,24.489795918367346,NA,NA,NA,NA,NA
2023,Helsdon Reef (14-135),14-135,20,131.03333333333333,20,59,52.03333333333333,52.03333333333333,0,263,0.15263291783261257,0.4502671076062071,0.39709997456118035,0.39709997456118035,0,25.366666666666667,0.03942181340341656,NA,NA,NA,NA,NA,NA,NA,NA,NA
2023,Heron Reef (23-052a),23-052a,59,296.81666666666666,223.26666666666668,24.366666666666667,49.18333333333333,35.7,13.483333333333333,318,0.7522039418271661,0.08209332360042676,0.1657027345724072,0.12027626480992758,0.045426469762479646,17.483333333333334,0.01811248808388942,406,0.029556650246305417,30,7.389162561576355,NA,NA,NA,NA,NA
2023,Hook Island Reef (No 10) (20-028i),20-028i,10,28.3,28.3,0,0,0,0,2,1,0,0,0,0,28.3,0.001177856301531213,NA,NA,NA,NA,NA,NA,NA,NA,NA
2023,Hook Island Reef (No 5) (20-028e),20-028e,13,46.13333333333333,46.13333333333333,0,0,0,0,1,1,0,0,0,0,5.933333333333334,0,NA,NA,NA,NA,NA,NA,NA,NA,NA
2023,Hook Island Reef (No 6) (20-028f),20-028f,15,32.65,30.316666666666666,0,2.3333333333333335,0,2.3333333333333335,28,0.9285349668198061,0,0.07146503318019398,0,0.07146503318019398,2.3333333333333335,0.16428571428571428,NA,NA,NA,NA,NA,NA,NA,NA,NA
2023,Hook Island Reef (No 7) (20-028g),20-028g,22,46.65,46.31666666666667,0,0.3333333333333333,0.3333333333333333,0,9,0.9928545909253306,0,0.007145409074669525,0.007145409074669525,0,31.183333333333334,0.003206841261357563,NA,NA,NA,NA,NA,NA,NA,NA,NA
2023,Hook Island Reef (No 8) (20-028j),20-028j,6,11.483333333333333,11.483333333333333,0,0,0,0,2,1,0,0,0,0,3.4,0.004901960784313725,NA,NA,NA,NA,NA,NA,NA,NA,NA
2023,Hook Island Reef (No 9) (20-028h),20-028h,20,46.43333333333333,46.43333333333333,0,0,0,0,6,1,0,0,0,0,20.3,0.0016420361247947454,NA,NA,NA,NA,NA,NA,NA,NA,NA
2023,Hook Reef (19-136a),19-136a,11,26.866666666666667,26.866666666666667,0,0,0,0,6,1,0,0,0,0,14.2,0.005868544600938967,41,0,11,26.82926829268293,NA,NA,NA,NA,NA
2023,Hopkinson Reef (18-073),18-073,71,368.6,132.4,97,139.2,76.61666666666666,62.583333333333336,1768,0.35919696147585456,0.2631578947368421,0.37764514378730324,0.2078585639356122,0.16978657985169107,5.35,0.028037383177570093,125,0.344,61,48.8,NA,NA,NA,NA,NA
2023,Hoskyn Islands Reef (23-080),23-080,3,21.966666666666665,14.1,0,7.866666666666666,7.866666666666666,0,48,0.6418816388467375,0,0.3581183611532625,0.3581183611532625,0,7.866666666666666,0.07203389830508475,95,0.021052631578947368,8,8.421052631578947,NA,NA,NA,NA,NA
2023,Isobel Bennett Reef (21-505),21-505,7,27.483333333333334,27.483333333333334,0,0,0,0,0,1,0,0,0,0,3.5,0,88,0,6,6.8181818181818175,NA,NA,NA,NA,NA
2023,John Brewer Reef (18-075),18-075,75,185.28333333333333,47.95,36.68333333333333,100.65,57.8,42.85,586,0.2587928397949087,0.19798506791400555,0.5432220922910858,0.3119546640280651,0.2312674282630206,20.55,0.0332522303325223,253,0.011857707509881422,27,10.67193675889328,NA,NA,NA,NA,NA
2023,Judith Wright Reef (18-101),18-101,8,16.933333333333334,13.266666666666667,1.1,2.566666666666667,0,2.566666666666667,42,0.7834645669291339,0.06496062992125985,0.1515748031496063,0,0.1515748031496063,11.733333333333333,0.009943181818181818,215,0.023255813953488372,19,8.837209302325581,NA,NA,NA,NA,NA
2023,Kelso Reef (18-030),18-030,113,665.4666666666667,481.4166666666667,85.58333333333333,98.46666666666667,76.66666666666667,21.8,695,0.7234271689040273,0.12860649168503305,0.1479663394109397,0.1152073732718894,0.03275896613905029,26.666666666666668,0.00125,263,0.0076045627376425855,38,14.44866920152091,NA,NA,NA,NA,NA
2023,Lady Elliot Island Reef (24-008),24-008,26,155.43333333333334,146.5,4.433333333333334,4.5,4.5,0,73,0.9425262706412181,0.028522410465365647,0.028951318893416254,0.028951318893416254,0,10,0.008333333333333333,147,0.006802721088435374,31,21.08843537414966,NA,NA,NA,NA,NA
2023,Lady Musgrave Reef (23-082a),23-082a,110,550.9333333333333,314.6333333333333,161.43333333333334,74.86666666666666,72.63333333333334,2.2333333333333334,729,0.571091481122943,0.2930179090029042,0.13589060987415294,0.13183688286544049,0.004053727008712488,8.333333333333334,0.015999999999999997,725,0.041379310344827586,84,11.586206896551724,NA,NA,NA,NA,NA
2023,Lamont Reef (23-076),23-076,26,163.48333333333332,106.05,15.8,41.63333333333333,31.016666666666666,10.616666666666667,341,0.6486899785910899,0.09664593740442452,0.2546640840044857,0.1897237231114283,0.06494036089305741,26.833333333333332,0.11677018633540373,128,0.1171875,27,21.09375,NA,NA,NA,NA,NA
2023,Langford-Bird Reef (20-019),20-019,46,79.16666666666667,77.56666666666666,1.6,0,0,0,4,0.9797894736842104,0.020210526315789474,0,0,0,12.05,0,32,0,0,0,NA,NA,NA,NA,NA
2023,Lark Reef (15-033),15-033,5,17.516666666666666,13.35,4.166666666666667,0,0,0,7,0.7621313035204568,0.2378686964795433,0,0,0,0.85,0,219,0.0091324200913242,28,12.785388127853881,NA,NA,NA,NA,NA
2023,Lena Reef (15-085),15-085,11,59.666666666666664,59.666666666666664,0,0,0,0,0,1,0,0,0,0,34,0,48,0,0,0,NA,NA,NA,NA,NA
2023,Linnet Reef (14-126),14-126,56,372.8833333333333,94.33333333333333,95.38333333333334,183.16666666666666,83.83333333333333,99.33333333333333,1478,0.2529835069056452,0.25579940106378224,0.49121709203057257,0.22482456532427478,0.26639252670629776,25.333333333333332,0.06513157894736842,91,0.01098901098901099,15,16.483516483516482,NA,NA,NA,NA,NA
2023,Little Fitzroy Island Reef (16-055),16-055,4,23.333333333333332,23.333333333333332,0,0,0,0,1,1,0,0,0,0,23.333333333333332,7.142857142857143e-4,8,0,1,12.5,NA,NA,NA,NA,NA
2023,Lizard Island Reef (Lagoon) (14-116d),14-116d,4,25,15,5,5,5,0,34,0.6,0.2,0.2,0.2,0,5,0.023333333333333334,3,0,2,66.66666666666666,90,64,31.15752709931111,2023-09-15,71.11111111111111
2023,Lizard Island Reef (North West) (14-116a),14-116a,5,29.5,24.75,0,4.75,4.75,0,18,0.8389830508474576,0,0.16101694915254236,0.16101694915254236,0,5,0.006666666666666667,88,0,13,14.772727272727273,30,25,21.901984586866668,2023-09-15,83.33333333333334
2023,Llewellyn Reef (23-078),23-078,18,106.66666666666667,33.05,36.766666666666666,36.85,30.433333333333334,6.416666666666667,203,0.30984375,0.3446875,0.34546875,0.28531249999999997,0.06015625,8.7,0.034482758620689655,217,0.02304147465437788,18,8.294930875576037,NA,NA,NA,NA,NA
2023,Lynchs Reef (18-091),18-091,90,190.1,25.616666666666667,19.483333333333334,145,61.8,83.2,960,0.13475363843591093,0.1024899175872348,0.7627564439768543,0.3250920568122041,0.4376643871646502,14.333333333333334,0.1755813953488372,63,0.015873015873015872,28,44.44444444444444,48,31,17.7184463516875,2023-04-01,64.58333333333334
2023,MacGillivray Reef (14-114),14-114,4,25.333333333333332,25.333333333333332,0,0,0,0,12,1,0,0,0,0,25.333333333333332,0.007894736842105263,13,0,3,23.076923076923077,NA,NA,NA,NA,NA
2023,Mackay Reef (16-015),16-015,4,35.333333333333336,35.333333333333336,0,0,0,0,6,1,0,0,0,0,35.333333333333336,0.002830188679245283,27,0,4,14.814814814814813,NA,NA,NA,NA,NA
2023,Mackay Reefs (15-024),15-024,12,65.58333333333333,60.333333333333336,5.25,0,0,0,26,0.9199491740787803,0.08005082592121983,0,0,0,23.333333333333332,0.007142857142857143,132,0.007575757575757576,10,7.575757575757576,NA,NA,NA,NA,NA
2023,Martin Reef (14-123),14-123,91,601,269.8333333333333,132.83333333333334,198.33333333333334,76.5,121.83333333333333,1551,0.4489739323349972,0.22102052135330008,0.33000554631170276,0.12728785357737105,0.20271769273433166,12.666666666666666,0.019736842105263157,184,0.010869565217391304,21,11.41304347826087,NA,NA,NA,NA,NA
2023,Michaelmas Reef (16-060),16-060,33,243.33333333333334,243.33333333333334,0,0,0,0,23,1,0,0,0,0,33.333333333333336,0.0014999999999999998,330,0,20,6.0606060606060606,NA,NA,NA,NA,NA
2023,Milln Reef (16-067),16-067,7,42.25,42.25,0,0,0,0,2,1,0,0,0,0,16.75,0.001990049751243781,33,0,6,18.181818181818183,NA,NA,NA,NA,NA
2023,Moore Reef (16-071),16-071,42,231.58333333333334,231.58333333333334,0,0,0,0,26,1,0,0,0,0,14.5,0.004597701149425287,213,0,28,13.145539906103288,36,25,40.44839610661111,2023-07-05,69.44444444444444
2023,Nathan Reef (17-035),17-035,8,28.333333333333332,28.333333333333332,0,0,0,0,1,1,0,0,0,0,28.333333333333332,5.88235294117647e-4,161,0,7,4.3478260869565215,NA,NA,NA,NA,NA
2023,Normanby-Mabel Reef (17-012),17-012,13,60,43.583333333333336,11.166666666666666,5.25,5.25,0,44,0.726388888888889,0.1861111111111111,0.0875,0.0875,0,0.6666666666666666,0.025,38,0,3,7.894736842105263,NA,NA,NA,NA,NA
2023,Osterlund Reef (15-078),15-078,8,46.166666666666664,46.166666666666664,0,0,0,0,6,1,0,0,0,0,26.666666666666668,0.003125,274,0,24,8.75912408759124,36,7,2.692460936111111,2023-06-28,19.444444444444446
2023,Otter Reef (18-018),18-018,4,28.666666666666668,28.666666666666668,0,0,0,0,2,1,0,0,0,0,28.666666666666668,0.0011627906976744186,242,0,8,3.3057851239669422,NA,NA,NA,NA,NA
2023,Oyster Reef (16-043a),16-043a,2,13.333333333333334,13.333333333333334,0,0,0,0,2,1,0,0,0,0,13.333333333333334,0.0025,80,0,1,1.25,NA,NA,NA,NA,NA
2023,Pelorus (North Palm or Yanooa) Reef (18-048),18-048,5,31.833333333333332,31.833333333333332,0,0,0,0,2,1,0,0,0,0,12.833333333333334,0.0012987012987012987,39,0,5,12.82051282051282,NA,NA,NA,NA,NA
2023,Pickersgill Reef (15-093),15-093,21,123.73333333333333,51.06666666666667,32.5,40.166666666666664,35.166666666666664,5,224,0.41271551724137934,0.2626616379310345,0.3246228448275862,0.28421336206896547,0.04040948275862069,20,0.028333333333333332,240,0,6,2.5,NA,NA,NA,NA,NA
2023,Pike Reef (21-549),21-549,1,5.083333333333333,5.083333333333333,0,0,0,0,3,1,0,0,0,0,5.083333333333333,0.009836065573770493,NA,NA,NA,NA,NA,NA,NA,NA,NA
2023,Pith Reef (18-033),18-033,2,5.25,5.25,0,0,0,0,1,1,0,0,0,0,5.25,0.0031746031746031746,62,0,2,3.225806451612903,NA,NA,NA,NA,NA
2023,Pixie Reef (16-040),16-040,14,84.66666666666667,36.916666666666664,11.083333333333334,36.666666666666664,36.666666666666664,0,157,0.43602362204724404,0.1309055118110236,0.43307086614173224,0.43307086614173224,0,10,0.0033333333333333335,14,0.14285714285714285,10,71.42857142857143,NA,NA,NA,NA,NA
2023,Prawn Reef (19-024),19-024,10,7.433333333333334,5.85,1.5833333333333333,0,0,0,3,0.7869955156950672,0.2130044843049327,0,0,0,7.433333333333334,0.006726457399103139,8,0,1,12.5,24,11,8.248793474375,2023-03-27,45.83333333333333
2023,Price Cay Reef (21-518),21-518,1,2.85,0,0,2.85,0,2.85,36,0,0,1,0,1,2.85,0.21052631578947367,36,0,1,2.7777777777777777,NA,NA,NA,NA,NA
2023,Recreation Reef (21-501),21-501,56,236.76666666666668,98.41666666666667,22.733333333333334,115.61666666666666,61.416666666666664,54.2,939,0.41566943544980994,0.0960157679853583,0.48831479656483173,0.2593974377023793,0.22891735886245249,7.45,0.15659955257270694,135,0.5407407407407407,36,26.666666666666668,NA,NA,NA,NA,NA
2023,Reg Ward Reef (18-017),18-017,21,120.78333333333333,85.85,24.333333333333332,10.6,6.95,3.65,118,0.7107768731889057,0.20146267421001793,0.0877604526010763,0.05754105146957362,0.03021940113150269,25.833333333333332,0.034193548387096775,83,0,10,12.048192771084338,NA,NA,NA,NA,NA
2023,Rocky Islets Reef (14-132a),14-132a,34,246,206,40,0,0,0,129,0.8373983739837398,0.16260162601626016,0,0,0,32.666666666666664,0.004591836734693878,86,0,24,27.906976744186046,NA,NA,NA,NA,NA
2023,Round-Russell Reef (17-013),17-013,56,300.1666666666667,292.1666666666667,8,0,0,0,88,0.9733481399222654,0.02665186007773459,0,0,0,22.166666666666668,0,93,0,27,29.03225806451613,NA,NA,NA,NA,NA
2023,Rudder Reef (16-023),16-023,16,96.83333333333333,96.83333333333333,0,0,0,0,27,1,0,0,0,0,25.333333333333332,0.002631578947368421,146,0,6,4.10958904109589,36,7,7776.876080576889,2023-06-27,19.444444444444446
2023,Shrimp Reef (18-118),18-118,16,9.333333333333334,8.366666666666667,0,0.9666666666666667,0.9666666666666667,0,4,0.8964285714285715,0,0.10357142857142856,0.10357142857142856,0,9.333333333333334,0.007142857142857143,66,0.015151515151515152,5,7.575757575757576,12,6,5.14942981,2023-03-26,50
2023,Small Reef (21-517),21-517,1,3.7333333333333334,3.7333333333333334,0,0,0,0,0,1,0,0,0,0,3.7333333333333334,0,20,0,1,5,NA,NA,NA,NA,NA
2023,South Direction Reef (North) (14-147a),14-147a,4,25.283333333333335,25.283333333333335,0,0,0,0,4,1,0,0,0,0,25.283333333333335,0.0026367831245880024,NA,NA,NA,NA,NA,NA,NA,NA,NA
2023,Startle Reefs (15-028),15-028,33,225.16666666666666,99.66666666666667,85.66666666666667,39.833333333333336,34.333333333333336,5.5,357,0.4426350851221318,0.380458919319023,0.1769059955588453,0.152479644707624,0.02442635085122132,32,0.005729166666666666,61,0,40,65.57377049180327,NA,NA,NA,NA,NA
2023,Sudbury Reef (No 1) (17-001a),17-001a,12,69.66666666666667,69.66666666666667,0,0,0,0,1,1,0,0,0,0,9.666666666666666,0,423,0,3,0.7092198581560284,NA,NA,NA,NA,NA
2023,Sykes Reef (23-054),23-054,42,205.85,129.6,49.8,26.45,14.55,11.9,276,0.629584649016274,0.24192373087199417,0.12849162011173185,0.07068253582705854,0.05780908428467331,8.6,0,252,0.047619047619047616,25,9.920634920634921,NA,NA,NA,NA,NA
2023,Tiger Reef (19-054),19-054,6,17.2,17.2,0,0,0,0,3,1,0,0,0,0,17.2,0.0029069767441860465,42,0,5,11.904761904761903,NA,NA,NA,NA,NA
2023,Trunk Reef (18-027),18-027,70,413.55,401.0833333333333,12.466666666666667,0,0,0,176,0.9698545117478741,0.0301454882521259,0,0,0,26.666666666666668,0,577,0.005199306759098787,31,5.37261698440208,NA,NA,NA,NA,NA
2023,U/N Reef (15-043),15-043,2,10,0,5,5,5,0,24,0,0.5,0.5,0.5,0,10,0.04,146,0,5,3.4246575342465753,NA,NA,NA,NA,NA
2023,U/N Reef (16-027),16-027,8,50.916666666666664,50.916666666666664,0,0,0,0,1,1,0,0,0,0,11.666666666666666,0,45,0,4,8.88888888888889,NA,NA,NA,NA,NA
2023,U/N Reef (18-103),18-103,68,266.81666666666666,0,0,266.81666666666666,5.666666666666667,261.15,9753,0,0,1,0.021238053594852896,0.978761946405147,7.883333333333334,1.200845665961945,NA,NA,NA,NA,NA,NA,NA,NA,NA
2023,U/N Reef (18-104),18-104,1,6.066666666666666,6.066666666666666,0,0,0,0,0,1,0,0,0,0,6.066666666666666,0,NA,NA,NA,NA,NA,NA,NA,NA,NA
2023,U/N Reef (21-460),21-460,15,58.733333333333334,58.733333333333334,0,0,0,0,3,1,0,0,0,0,22.016666666666666,0.002271006813020439,117,0,14,11.965811965811966,NA,NA,NA,NA,NA
2023,U/N Reef (21-465),21-465,220,857.8666666666667,387.7,196.23333333333332,273.93333333333334,129.48333333333332,144.45,3113,0.45193503263910473,0.22874572583152003,0.3193192415293752,0.15093643145788,0.16838281007149516,9.133333333333333,0.01824817518248175,1033,0.10551790900290416,136,13.165537270087125,NA,NA,NA,NA,NA
2023,U/N Reef (21-499),21-499,47,219.33333333333334,65.13333333333334,38.31666666666667,115.88333333333334,50.85,65.03333333333333,830,0.29696048632218847,0.17469604863221885,0.5283434650455927,0.231838905775076,0.2965045592705167,28.966666666666665,0.08688147295742232,100,0.5,34,34,NA,NA,NA,NA,NA
2023,U/N Reef (21-509),21-509,3,8.4,8.4,0,0,0,0,0,1,0,0,0,0,2.25,0,69,0,3,4.3478260869565215,NA,NA,NA,NA,NA
2023,U/N Reef (21-526),21-526,7,38.05,38.05,0,0,0,0,0,1,0,0,0,0,12.533333333333333,0,183,0,8,4.371584699453552,NA,NA,NA,NA,NA
2023,U/N Reef (21-532),21-532,5,11.083333333333334,11.083333333333334,0,0,0,0,1,1,0,0,0,0,4.433333333333334,0,63,0,6,9.523809523809524,NA,NA,NA,NA,NA
2023,U/N Reef (21-544),21-544,2,9.6,9.6,0,0,0,0,0,1,0,0,0,0,9.6,0,77,0,2,2.5974025974025974,NA,NA,NA,NA,NA
2023,U/N Reef (21-551),21-551,135,686.45,140.15,118.28333333333333,428.01666666666665,94.83333333333333,333.18333333333334,8416,0.20416636317284578,0.17231165173477067,0.6235219850923834,0.1381503872581154,0.4853715978342681,12.016666666666667,0.07212205270457697,326,0.23006134969325154,53,16.257668711656443,NA,NA,NA,NA,NA
2023,U/N Reef (21-553),21-553,8,27.466666666666665,27.466666666666665,0,0,0,0,9,1,0,0,0,0,7.133333333333334,0.004672897196261682,31,0,7,22.58064516129032,NA,NA,NA,NA,NA
2023,U/N Reef (21-554),21-554,16,52.25,52.25,0,0,0,0,1,1,0,0,0,0,14.65,0,105,0,23,21.904761904761905,NA,NA,NA,NA,NA
2023,U/N Reef (21-558),21-558,29,149.95,25.183333333333334,37.583333333333336,87.18333333333334,51.266666666666666,35.916666666666664,472,0.16794487051239304,0.2506391019228632,0.5814160275647439,0.341891741691675,0.23952428587306882,12.666666666666666,0.039473684210526314,67,0.3582089552238806,9,13.432835820895523,NA,NA,NA,NA,NA
2023,U/N Reef (21-559),21-559,2,14.533333333333333,7.533333333333333,7,0,0,0,20,0.518348623853211,0.481651376146789,0,0,0,14.533333333333333,0.022935779816513763,28,0.03571428571428571,0,0,NA,NA,NA,NA,NA
2023,Viper Reef (18-112),18-112,11,50.75,36.75,7.333333333333333,6.666666666666667,0,6.666666666666667,58,0.7241379310344828,0.1444991789819376,0.13136288998357964,0,0.13136288998357964,6.666666666666667,0.1175,71,0,8,11.267605633802818,NA,NA,NA,NA,NA
2023,Walker Reef (18-026),18-026,8,38,33,5,0,0,0,8,0.868421052631579,0.13157894736842105,0,0,0,19,0.0017543859649122807,40,0,2,5,NA,NA,NA,NA,NA
2023,Wardle Reef (17-032),17-032,2,11.666666666666666,11.666666666666666,0,0,0,0,3,1,0,0,0,0,11.666666666666666,0.004285714285714286,182,0,2,1.098901098901099,NA,NA,NA,NA,NA
2023,Wheeler Reef (18-095),18-095,27,100.41666666666667,47.983333333333334,17.75,34.68333333333333,10.216666666666667,24.466666666666665,265,0.4778423236514523,0.1767634854771784,0.34539419087136924,0.10174273858921161,0.24365145228215765,16.266666666666666,0.045081967213114756,73,0,19,26.027397260273972,NA,NA,NA,NA,NA
2023,Wilson Island Reef (23-050),23-050,19,69.9,56.96666666666667,5.983333333333333,6.95,6.116666666666666,0.8333333333333334,49,0.8149737720553171,0.08559847401049117,0.0994277539341917,0.08750596089651883,0.011921793037672865,0.8333333333333334,0.18,86,0.011627906976744186,19,22.093023255813954,NA,NA,NA,NA,NA
2023,Wistari Reef (23-053),23-053,5,22.083333333333332,22.083333333333332,0,0,0,0,0,1,0,0,0,0,13.166666666666666,0,96,0,0,0,NA,NA,NA,NA,NA
2024,(Big) Broadhurst Reef (No 1) (18-100a),18-100a,156,937.8333333333334,512.35,184.46666666666667,241.01666666666668,137.16666666666666,103.85,1689,0.5463124222498668,0.19669450861915763,0.25699306913097564,0.14625910787275634,0.11073396125821929,19,0.014035087719298246,777,0.003861003861003861,90,11.583011583011583,NA,NA,NA,NA,NA
2024,(Big) Broadhurst Reef (No 2) (18-100b),18-100b,4,28.333333333333332,13.333333333333334,15,0,0,0,30,0.4705882352941177,0.5294117647058824,0,0,0,28.333333333333332,0.01764705882352941,NA,NA,NA,NA,NA,NA,NA,NA,NA
2024,Agincourt Reefs (No 1) (15-099c),15-099c,2,12,12,0,0,0,0,0,1,0,0,0,0,12,0,75,0,1,1.3333333333333335,NA,NA,NA,NA,NA
2024,Agincourt Reefs (No 2a) (15-099b),15-099b,1,6,6,0,0,0,0,0,1,0,0,0,0,6,0,21,0,0,0,NA,NA,NA,NA,NA
2024,Agincourt Reefs (No 3) (15-099a),15-099a,1,6,6,0,0,0,0,0,1,0,0,0,0,6,0,65,0,0,0,NA,NA,NA,NA,NA
2024,Arab Reef (18-040),18-040,9,65.66666666666667,65.66666666666667,0,0,0,0,19,1,0,0,0,0,5,0,68,0,6,8.823529411764707,NA,NA,NA,NA,NA
2024,Arlington Reef (16-064),16-064,3,19.2,19.2,0,0,0,0,1,1,0,0,0,0,15.333333333333334,0,244,0.004098360655737705,0,0,NA,NA,NA,NA,NA
2024,Backnumbers Reef (18-069a),18-069a,28,155.33333333333334,117.66666666666667,22.833333333333332,14.833333333333334,14.833333333333334,0,144,0.7575107296137339,0.1469957081545064,0.09549356223175966,0.09549356223175966,0,26.666666666666668,0.005625,239,0.012552301255230125,68,28.451882845188287,NA,NA,NA,NA,NA
2024,Banfield Reef (North) (18-105a),18-105a,282,820.2833333333333,55.53333333333333,104.23333333333333,660.5166666666667,188.28333333333333,472.23333333333335,6200,0.06770018489546295,0.12706991486681432,0.8052299002377228,0.22953451043338685,0.575695389804336,27.4,0.043795620437956206,28,0.07142857142857142,8,28.57142857142857,NA,NA,NA,NA,NA
2024,Barnett Patches (18-019),18-019,42,203.83333333333334,191.58333333333334,4.75,7.5,7.5,0,60,0.9399018806214228,0.02330335241210139,0.03679476696647588,0.03679476696647588,0,22.666666666666668,0.0058823529411764705,372,0.002688172043010753,73,19.623655913978492,NA,NA,NA,NA,NA
2024,Batt Reef (16-029),16-029,160,842.4166666666666,288.1333333333333,203.75,350.53333333333336,220.28333333333333,130.25,2209,0.3420318528044317,0.24186368582451281,0.41610446137105556,0.2614897615985755,0.15461469977247996,21.583333333333332,0.05405405405405406,484,0.006198347107438017,37,7.644628099173553,NA,NA,NA,NA,NA
2024,Black Island Reef (20-017),20-017,27,58.2,58.2,0,0,0,0,1,1,0,0,0,0,24.533333333333335,0,NA,NA,NA,NA,NA,NA,NA,NA,NA
2024,Block Reef (19-127),19-127,24,57.5,43.03333333333333,9.133333333333333,5.333333333333333,5.333333333333333,0,37,0.7484057971014493,0.15884057971014492,0.0927536231884058,0.0927536231884058,0,18,0.021296296296296296,NA,NA,NA,NA,NA,NA,NA,NA,NA
2024,Border Island Reef (No 3) (20-067c),20-067c,6,14.666666666666666,14.666666666666666,0,0,0,0,1,1,0,0,0,0,14.666666666666666,0.0011363636363636363,NA,NA,NA,NA,NA,NA,NA,NA,NA
2024,Boult Reef (23-079),23-079,11,74.83333333333333,44.766666666666666,5.566666666666666,24.5,20.5,4,145,0.5982182628062361,0.07438752783964366,0.3273942093541203,0.2739420935412027,0.053452115812917596,9.983333333333333,0.01001669449081803,175,0,0,0,NA,NA,NA,NA,NA
2024,Bowden Reef (19-019),19-019,57,185.61666666666667,112.4,40.36666666666667,32.85,11.983333333333333,20.866666666666667,264,0.6055490706653497,0.2174732872407291,0.17697764209392117,0.06455957618748316,0.11241806590643799,27.533333333333335,0.029055690072639227,184,0.021739130434782608,29,15.760869565217392,NA,NA,NA,NA,NA
2024,Britomart Reef (18-024),18-024,18,103.33333333333333,68.33333333333333,11.666666666666666,23.333333333333332,17.5,5.833333333333333,152,0.6612903225806451,0.11290322580645161,0.22580645161290322,0.16935483870967744,0.056451612903225805,11.666666666666666,0.07428571428571429,227,0,9,3.9647577092511015,NA,NA,NA,NA,NA
2024,Bushy-Redbill Reef (20-310),20-310,20,79.46666666666667,0,0,79.46666666666667,2.033333333333333,77.43333333333334,2849,0,0,1,0.02558724832214765,0.9744127516778524,34.05,0.49779735682819387,61,3.80327868852459,60,98.36065573770492,NA,NA,NA,NA,NA
2024,Cairns Reef (15-086),15-086,4,25.333333333333332,19.333333333333332,6,0,0,0,25,0.7631578947368421,0.2368421052631579,0,0,0,25.333333333333332,0.01644736842105263,161,0,3,1.8633540372670807,NA,NA,NA,NA,NA
2024,Centipede Reef (18-088),18-088,19,115.33333333333333,115.33333333333333,0,0,0,0,21,1,0,0,0,0,30,5.555555555555556e-4,60,0,14,23.333333333333332,NA,NA,NA,NA,NA
2024,Chinaman Reef (16-024),16-024,11,79.88333333333334,57.483333333333334,22.4,0,0,0,67,0.71959107031087,0.28040892968912995,0,0,0,7.35,0,85,0.023529411764705882,4,4.705882352941177,NA,NA,NA,NA,NA
2024,Circular Quay Reef (19-134),19-134,15,26.733333333333334,5.466666666666667,3.2,18.066666666666666,9.6,8.466666666666667,93,0.20448877805486285,0.11970074812967581,0.6758104738154613,0.3591022443890274,0.3167082294264339,19.933333333333334,0.046822742474916385,60,0.05,15,25,NA,NA,NA,NA,NA
2024,Davies Reef (18-096),18-096,156,489.3666666666667,203.9,145.66666666666666,139.8,107.75,32.05,968,0.4166609903957496,0.29766364689053876,0.28567536271371163,0.2201825488726926,0.065492813841019,6.333333333333333,0.06578947368421052,330,0.015151515151515152,53,16.060606060606062,108,107,208.42348738490742,2024-01-04,99.07407407407408
2024,Detour Reef (21-514),21-514,1,6.216666666666667,6.216666666666667,0,0,0,0,1,1,0,0,0,0,6.216666666666667,0.002680965147453083,55,0.01818181818181818,0,0,NA,NA,NA,NA,NA
2024,Emily Reef (15-082),15-082,3,12.5,12.5,0,0,0,0,5,1,0,0,0,0,12.5,0.006666666666666667,167,0,2,1.1976047904191618,NA,NA,NA,NA,NA
2024,Emperor Reef (21-538),21-538,23,103.5,96.03333333333333,3.8,3.6666666666666665,0,3.6666666666666665,74,0.9278582930756843,0.03671497584541063,0.03542673107890499,0,0.03542673107890499,12.6,0.003968253968253968,323,0.021671826625386997,23,7.120743034055728,NA,NA,NA,NA,NA
2024,Evening Reef (15-095),15-095,71,464.15,93.75,53.583333333333336,316.81666666666666,103.45,213.36666666666667,2251,0.20198211784983303,0.11544400157994902,0.682573880570218,0.2228805343100291,0.45969334626018893,4.166666666666667,0.023999999999999997,266,0.03007518796992481,34,12.781954887218044,NA,NA,NA,NA,NA
2024,Eyrie Reef (14-118),14-118,70,466.78333333333336,188.58333333333334,117.75,160.45,92.95,67.5,1060,0.4040061413218124,0.25225836398043344,0.3437354946977541,0.19912878923126362,0.14460670546649051,25.333333333333332,0.0868421052631579,301,0.026578073089700997,49,16.27906976744186,NA,NA,NA,NA,NA
2024,Fairfax Islands Reef (23-081),23-081,1,4.8,4.8,0,0,0,0,3,1,0,0,0,0,4.8,0.010416666666666666,121,0.008264462809917356,3,2.479338842975207,NA,NA,NA,NA,NA
2024,Farquharson Reef (No 1) (17-063a),17-063a,8,51.666666666666664,51.666666666666664,0,0,0,0,13,1,0,0,0,0,25,0.006,203,0.0049261083743842365,5,2.4630541871921183,NA,NA,NA,NA,NA
2024,Fitzroy Island Reef (No 1) (16-054a),16-054a,3,16.75,16.75,0,0,0,0,1,1,0,0,0,0,16.75,9.950248756218905e-4,12,0,2,16.666666666666664,NA,NA,NA,NA,NA
2024,Fitzroy Reef (23-077),23-077,47,207.46666666666667,181.65,25.816666666666666,0,0,0,85,0.8755623393316195,0.12443766066838045,0,0,0,12.75,0.01437908496732026,316,0.012658227848101266,13,4.113924050632911,NA,NA,NA,NA,NA
2024,Fore And Aft Reef (18-043),18-043,12,59.333333333333336,55.166666666666664,4.166666666666667,0,0,0,22,0.9297752808988763,0.0702247191011236,0,0,0,13.333333333333334,0.00375,109,0,6,5.5045871559633035,NA,NA,NA,NA,NA
2024,Forrester Reef (15-009),15-009,50,345.6666666666667,102.16666666666667,127.16666666666667,116.33333333333333,109.16666666666667,7.166666666666667,702,0.2955641272902604,0.3678881388621022,0.33654773384763736,0.31581485053037606,0.02073288331726133,13.333333333333334,0.06875,271,0.04428044280442804,50,18.45018450184502,NA,NA,NA,NA,NA
2024,Grub Reef (18-077),18-077,9,61.25,61.25,0,0,0,0,31,1,0,0,0,0,4.75,0.014035087719298246,94,0.010638297872340425,1,1.0638297872340425,NA,NA,NA,NA,NA
2024,Hastings Reef (16-057),16-057,2,13.133333333333333,13.133333333333333,0,0,0,0,2,1,0,0,0,0,13.133333333333333,0.0025380710659898475,131,0,2,1.5267175572519083,NA,NA,NA,NA,NA
2024,Hayman Island Reef (20-014),20-014,20,39.36666666666667,36.36666666666667,3,0,0,0,7,0.9237933954276037,0.07620660457239627,0,0,0,10,0,32,0,0,0,NA,NA,NA,NA,NA
2024,Helsdon Reef (14-135),14-135,8,51.666666666666664,0,12.5,39.166666666666664,6.25,32.916666666666664,355,0,0.24193548387096775,0.7580645161290323,0.12096774193548387,0.6370967741935484,25,0.05266666666666667,195,0.06666666666666667,44,22.564102564102566,NA,NA,NA,NA,NA
2024,Heron Reef (23-052a),23-052a,131,728.1833333333333,556.8333333333334,88.15,83.2,74.23333333333333,8.966666666666667,548,0.764688379757845,0.12105467945343436,0.1142569407887208,0.10194319196173125,0.01231374882698954,4.133333333333334,0.012096774193548385,634,0.00946372239747634,58,9.14826498422713,NA,NA,NA,NA,NA
2024,Hook Island Reef (No 2) (20-028b),20-028b,17,46.333333333333336,46.333333333333336,0,0,0,0,0,1,0,0,0,0,30.333333333333332,0,NA,NA,NA,NA,NA,NA,NA,NA,NA
2024,Hook Island Reef (No 3) (20-028c),20-028c,4,12.466666666666667,12.466666666666667,0,0,0,0,0,1,0,0,0,0,12.466666666666667,0,NA,NA,NA,NA,NA,NA,NA,NA,NA
2024,Hook Island Reef (No 4) (20-028d),20-028d,3,10.133333333333333,10.133333333333333,0,0,0,0,0,1,0,0,0,0,2.3333333333333335,0,NA,NA,NA,NA,NA,NA,NA,NA,NA
2024,Hook Island Reef (No 5) (20-028e),20-028e,26,53.21666666666667,50.016666666666666,3.2,0,0,0,6,0.9398684622611964,0.060131537738803635,0,0,0,10.866666666666667,0.0015337423312883436,NA,NA,NA,NA,NA,NA,NA,NA,NA
2024,Hook Island Reef (No 6) (20-028f),20-028f,32,74.73333333333333,53.666666666666664,15,6.066666666666666,6.066666666666666,0,44,0.7181088314005352,0.20071364852809992,0.08117752007136485,0.08117752007136485,0,21.933333333333334,0.013677811550151976,NA,NA,NA,NA,NA,NA,NA,NA,NA
2024,Hook Island Reef (No 7) (20-028g),20-028g,21,39.15,38.28333333333333,0,0.8666666666666667,0.8666666666666667,0,10,0.977862920391656,0,0.022137079608343976,0.022137079608343976,0,20.666666666666668,0.0064516129032258064,NA,NA,NA,NA,NA,NA,NA,NA,NA
2024,Hook Island Reef (No 8) (20-028j),20-028j,15,30.716666666666665,30.716666666666665,0,0,0,0,3,1,0,0,0,0,10.733333333333333,0,NA,NA,NA,NA,NA,NA,NA,NA,NA
2024,Hook Island Reef (No 9) (20-028h),20-028h,9,18.4,18.4,0,0,0,0,2,1,0,0,0,0,18.4,0.0018115942028985507,NA,NA,NA,NA,NA,NA,NA,NA,NA
2024,Hopkinson Reef (18-073),18-073,38,246.66666666666666,211.41666666666666,28.166666666666668,7.083333333333333,7.083333333333333,0,166,0.8570945945945946,0.1141891891891892,0.028716216216216218,0.028716216216216218,0,18,0.009259259259259259,79,0.02531645569620253,14,17.72151898734177,NA,NA,NA,NA,NA
2024,Houdini Reef (21-524),21-524,3,10.6,10.6,0,0,0,0,0,1,0,0,0,0,6.4,0,33,0,3,9.090909090909092,NA,NA,NA,NA,NA
2024,Irene Reef (15-084),15-084,132,810.2,92.83333333333333,30.416666666666668,686.95,54.916666666666664,632.0333333333333,7353,0.11458076195178143,0.037542170657450837,0.8478770673907677,0.06778161770756191,0.7800954496832058,4.166666666666667,0.044,451,0.019955654101995565,87,19.290465631929045,NA,NA,NA,NA,NA
2024,Isobel Bennett Reef (21-505),21-505,2,11,11,0,0,0,0,0,1,0,0,0,0,11,0,136,0,1,0.7352941176470588,NA,NA,NA,NA,NA
2024,Jewell Reef (14-079),14-079,2,6,6,0,0,0,0,0,1,0,0,0,0,6,0,154,0,1,0.6493506493506493,NA,NA,NA,NA,NA
2024,John Brewer Reef (18-075),18-075,39,117.28333333333333,45.31666666666667,43.233333333333334,28.733333333333334,27.4,1.3333333333333333,216,0.38638624413812706,0.36862299275259347,0.24499076310927953,0.233622282222538,0.011368480886741509,10.533333333333333,0.0379746835443038,160,0,1,0.625,NA,NA,NA,NA,NA
2024,Judith Wright Reef (18-101),18-101,128,408.6666666666667,63.63333333333333,16.666666666666668,328.3666666666667,22.883333333333333,305.48333333333335,5651,0.15570962479608483,0.040783034257748776,0.8035073409461664,0.055995106035889065,0.7475122349102773,14.466666666666667,0.11866359447004608,183,0.04371584699453552,61,33.33333333333333,NA,NA,NA,NA,NA
2024,Keeper Reef (18-079),18-079,12,47,27,12,8,8,0,58,0.574468085106383,0.2553191489361702,0.1702127659574468,0.1702127659574468,0,15.333333333333334,0.013043478260869565,70,0.02857142857142857,8,11.428571428571429,NA,NA,NA,NA,NA
2024,Kelso Reef (18-030),18-030,55,272.73333333333335,115.5,75.91666666666667,81.31666666666666,67.58333333333333,13.733333333333333,499,0.42349058909802,0.2783549254461012,0.29815448545587875,0.24780004888780247,0.05035443656807626,20,0.0125,233,0.004291845493562232,26,11.158798283261802,NA,NA,NA,NA,NA
2024,Lady Elliot Island Reef (24-008),24-008,1,2.6333333333333333,2.6333333333333333,0,0,0,0,0,1,0,0,0,0,2.6333333333333333,0,54,0,0,0,NA,NA,NA,NA,NA
2024,Lady Musgrave Reef (23-082a),23-082a,21,77.85,66.68333333333334,3.3333333333333335,7.833333333333333,7.833333333333333,0,60,0.8565617640762151,0.04281738385784629,0.10062085206593878,0.10062085206593878,0,21.266666666666666,0.009404388714733543,352,0.014204545454545454,17,4.829545454545454,NA,NA,NA,NA,NA
2024,Lamont Reef (23-076),23-076,3,25.433333333333334,25.433333333333334,0,0,0,0,4,1,0,0,0,0,6.4,0.0026041666666666665,108,0,0,0,NA,NA,NA,NA,NA
2024,Langford-Bird Reef (20-019),20-019,28,55.53333333333333,55.53333333333333,0,0,0,0,4,1,0,0,0,0,28.466666666666665,0.00117096018735363,28,0,0,0,NA,NA,NA,NA,NA
2024,Lark Reef (15-033),15-033,54,327.93333333333334,134,61.06666666666667,132.86666666666667,103.06666666666666,29.8,669,0.40861963813783286,0.18621671071355966,0.4051636511486075,0.3142915226672088,0.09087212848139865,19,0.0035087719298245615,296,0.030405405405405407,44,14.864864864864865,NA,NA,NA,NA,NA
2024,Linnet Reef (14-126),14-126,22,124.66666666666667,34.583333333333336,36.166666666666664,53.916666666666664,38.916666666666664,15,324,0.27740641711229946,0.29010695187165775,0.43248663101604273,0.3121657754010695,0.12032085561497326,25.333333333333332,0.03684210526315789,133,0.06015037593984962,27,20.30075187969925,NA,NA,NA,NA,NA
2024,Little Fitzroy Island Reef (16-055),16-055,4,23.333333333333332,17.5,5.833333333333333,0,0,0,15,0.75,0.25,0,0,0,23.333333333333332,0.010714285714285714,6,0,0,0,NA,NA,NA,NA,NA
2024,Lizard Island Reef (Lagoon) (14-116d),14-116d,14,78.66666666666667,26.333333333333332,23.333333333333332,29,22.666666666666668,6.333333333333333,177,0.33474576271186435,0.2966101694915254,0.36864406779661013,0.288135593220339,0.08050847457627118,13.333333333333334,0.02625,198,0.030303030303030304,25,12.626262626262626,60,50,33.35948502628333,2024-09-14,83.33333333333334
2024,Lizard Island Reef (North East) (14-116b),14-116b,2,13.333333333333334,13.333333333333334,0,0,0,0,3,1,0,0,0,0,13.333333333333334,0.00375,100,0.03,8,8,20,9,6.9807570562,2024-09-14,45
2024,Lizard Island Reef (North West) (14-116a),14-116a,8,50,45,0,5,5,0,45,0.9,0,0.1,0.1,0,20,0.020833333333333332,54,0,4,7.4074074074074066,20,20,46.49549630455,2024-09-14,100
2024,Llewellyn Reef (23-078),23-078,6,46.333333333333336,36.333333333333336,10,0,0,0,30,0.7841726618705036,0.2158273381294964,0,0,0,10,0.028333333333333332,151,0,0,0,NA,NA,NA,NA,NA
2024,Lynchs Reef (18-091),18-091,14,36.88333333333333,19.316666666666666,12,5.566666666666666,3.966666666666667,1.6,60,0.5237234523271577,0.3253502033438771,0.1509263443289652,0.10754631721644826,0.04338002711251695,12.5,0.028,178,0.02247191011235955,21,11.797752808988763,NA,NA,NA,NA,NA
2024,MacGillivray Reef (14-114),14-114,2,11.166666666666666,11.166666666666666,0,0,0,0,0,1,0,0,0,0,11.166666666666666,0,32,0,3,9.375,NA,NA,NA,NA,NA
2024,Mackay Reef (16-015),16-015,11,69.16666666666667,5.583333333333333,32.583333333333336,31,24.666666666666668,6.333333333333333,180,0.08072289156626505,0.4710843373493976,0.4481927710843373,0.3566265060240964,0.09156626506024096,15.833333333333334,0.035789473684210524,58,0,8,13.793103448275861,NA,NA,NA,NA,NA
2024,Mackay Reefs (15-024),15-024,36,216.93333333333334,21.666666666666668,7.166666666666667,188.1,41.333333333333336,146.76666666666668,1426,0.09987707437000615,0.03303626306084819,0.8670866625691456,0.19053472649047326,0.6765519360786725,21.066666666666666,0.14161392405063292,152,0.02631578947368421,12,7.894736842105263,NA,NA,NA,NA,NA
2024,Martin Reef (14-123),14-123,66,453,288.6666666666667,70.58333333333333,93.75,76.66666666666667,17.083333333333332,647,0.637233259749816,0.155813097866078,0.20695364238410596,0.16924208977189112,0.037711552612214864,25.333333333333332,0.05921052631578947,259,0.019305019305019305,45,17.374517374517374,NA,NA,NA,NA,NA
2024,McSweeney Reef (11-016),11-016,6,14.666666666666666,5.333333333333333,7.333333333333333,2,2,0,25,0.36363636363636365,0.5,0.13636363636363638,0.13636363636363638,0,4,0.03333333333333333,69,0.043478260869565216,4,5.797101449275362,NA,NA,NA,NA,NA
2024,Michaelmas Reef (16-060),16-060,1,5.833333333333333,5.833333333333333,0,0,0,0,2,1,0,0,0,0,5.833333333333333,0.005714285714285714,143,0,0,0,NA,NA,NA,NA,NA
2024,Mid Reef (19-029),19-029,28,102,12.333333333333334,11.333333333333334,78.33333333333333,30.133333333333333,48.2,567,0.12091503267973856,0.11111111111111112,0.7679738562091503,0.2954248366013072,0.4725490196078432,29.866666666666667,0.18582589285714285,72,0.6805555555555556,22,30.555555555555557,NA,NA,NA,NA,NA
2024,Milln Reef (16-067),16-067,2,9.5,9.5,0,0,0,0,1,1,0,0,0,0,9.5,0.0017543859649122807,29,0,1,3.4482758620689653,NA,NA,NA,NA,NA
2024,Monsoon Reef (11-029),11-029,1,5,5,0,0,0,0,1,1,0,0,0,0,5,0.0033333333333333335,56,0,2,3.571428571428571,NA,NA,NA,NA,NA
2024,Moore Reef (16-071),16-071,14,85.83333333333333,77.5,8.333333333333334,0,0,0,41,0.9029126213592233,0.09708737864077671,0,0,0,23.333333333333332,0.002142857142857143,172,0,3,1.744186046511628,NA,NA,NA,NA,NA
2024,Morning Reef (15-098),15-098,4,22.666666666666668,8.333333333333334,7.166666666666667,7.166666666666667,7.166666666666667,0,29,0.36764705882352944,0.3161764705882353,0.3161764705882353,0.3161764705882353,0,8.333333333333334,0,146,0,10,6.8493150684931505,NA,NA,NA,NA,NA
2024,Norman Reef (16-030),16-030,4,16.866666666666667,16.866666666666667,0,0,0,0,0,1,0,0,0,0,16.866666666666667,0,46,0,6,13.043478260869565,NA,NA,NA,NA,NA
2024,Normanby-Mabel Reef (17-012),17-012,19,104.95,39.75,7.5,57.7,3,54.7,482,0.37875178656503095,0.07146260123868509,0.549785612196284,0.028585040495474036,0.5212005717008099,11,0,35,0,7,20,NA,NA,NA,NA,NA
2024,North Direction Reef (14-143),14-143,3,19,12.666666666666666,6.333333333333333,0,0,0,23,0.6666666666666666,0.3333333333333333,0,0,0,19,0.02017543859649123,32,0,5,15.625,NA,NA,NA,NA,NA
2024,Opal Reef (16-025),16-025,4,21.333333333333332,21.333333333333332,0,0,0,0,0,1,0,0,0,0,8.333333333333334,0,272,0,14,5.147058823529411,NA,NA,NA,NA,NA
2024,Osterlund Reef (15-078),15-078,14,57.166666666666664,57.166666666666664,0,0,0,0,4,1,0,0,0,0,23.333333333333332,7.142857142857143e-4,223,0,1,0.4484304932735426,NA,NA,NA,NA,NA
2024,Otter Reef (18-018),18-018,4,20,20,0,0,0,0,4,1,0,0,0,0,20,0.0033333333333333335,NA,NA,NA,NA,NA,NA,NA,NA,NA
2024,Pickersgill Reef (15-093),15-093,14,93.83333333333333,82.16666666666667,5.833333333333333,5.833333333333333,5.833333333333333,0,29,0.8756660746003553,0.06216696269982238,0.06216696269982238,0.06216696269982238,0,11.666666666666666,0.03571428571428571,192,0,4,2.083333333333333,NA,NA,NA,NA,NA
2024,Pike Reef (21-549),21-549,2,13.1,13.1,0,0,0,0,0,1,0,0,0,0,13.1,0,107,0,0,0,NA,NA,NA,NA,NA
2024,Pixie Reef (16-040),16-040,20,87.33333333333333,13.166666666666666,1.3333333333333333,72.83333333333333,30,42.833333333333336,466,0.15076335877862596,0.015267175572519083,0.833969465648855,0.3435114503816794,0.49045801526717564,13.833333333333334,0.13373493975903614,24,0.20833333333333334,10,41.66666666666667,NA,NA,NA,NA,NA
2024,Prawn Reef (19-024),19-024,4,15.333333333333334,7.333333333333333,8,0,0,0,13,0.47826086956521735,0.5217391304347826,0,0,0,15.333333333333334,0.014130434782608696,128,0.0078125,12,9.375,NA,NA,NA,NA,NA
2024,Pullen Reefs (15-031),15-031,4,27.533333333333335,6.733333333333333,20.8,0,0,0,40,0.24455205811138014,0.7554479418886199,0,0,0,27.533333333333335,0.024213075060532687,14,0,4,28.57142857142857,NA,NA,NA,NA,NA
2024,Recreation Reef (21-501),21-501,30,106.05,70.3,23.666666666666668,12.083333333333334,2.5166666666666666,9.566666666666666,153,0.6628948609146629,0.22316517366022318,0.11393996542511395,0.023730944523023732,0.09020902090209021,15.366666666666667,0.013015184381778741,246,0.07317073170731707,27,10.975609756097562,NA,NA,NA,NA,NA
2024,Round-Russell Reef (17-013),17-013,60,272.1166666666667,96.5,29.166666666666668,146.45,54.833333333333336,91.61666666666666,1577,0.35462730446499663,0.10718441844796962,0.5381882770870337,0.2015067066821829,0.3366815704048508,19,0.08508771929824561,72,0,15,20.833333333333336,NA,NA,NA,NA,NA
2024,Ruby Reef (15-088),15-088,13,71.6,71.6,0,0,0,0,0,1,0,0,0,0,12.3,0,145,0,21,14.482758620689657,NA,NA,NA,NA,NA
2024,Rudder Reef (16-023),16-023,6,33.333333333333336,33.333333333333336,0,0,0,0,5,1,0,0,0,0,13.333333333333334,0.00125,298,0.003355704697986577,10,3.3557046979865772,NA,NA,NA,NA,NA
2024,Saville-Kent Reef (18-099),18-099,27,83.91666666666667,41.333333333333336,13.083333333333334,29.5,29.5,0,142,0.4925521350546177,0.15590863952333664,0.3515392254220457,0.3515392254220457,0,29,0.01839080459770115,56,0,16,28.57142857142857,NA,NA,NA,NA,NA
2024,Saxon Reef (16-032),16-032,2,8.25,8.25,0,0,0,0,1,1,0,0,0,0,8.25,0.00202020202020202,21,0,0,0,NA,NA,NA,NA,NA
2024,South Ledge (10-327),10-327,10,46.666666666666664,46.666666666666664,0,0,0,0,4,1,0,0,0,0,22.5,0.002962962962962963,103,0,5,4.854368932038835,NA,NA,NA,NA,NA
2024,Spitfire Reefs (East) (16-012b),16-012b,6,34.666666666666664,0,0,34.666666666666664,17.333333333333332,17.333333333333332,175,0,0,1,0.5,0.5,12.666666666666666,0.09868421052631579,28,0,16,57.14285714285714,NA,NA,NA,NA,NA
2024,St Crispin Reef (16-019),16-019,12,71.93333333333334,71.93333333333334,0,0,0,0,4,1,0,0,0,0,23.333333333333332,0,572,0.006993006993006993,9,1.5734265734265735,NA,NA,NA,NA,NA
2024,Startle Reefs (15-028),15-028,149,898.8,112.93333333333334,119.65,666.2166666666667,249.2,417.01666666666665,4403,0.1256490134994808,0.13312194036493102,0.7412290461355883,0.2772585669781931,0.46397047915739503,30,0.1,243,0.053497942386831275,113,46.502057613168724,NA,NA,NA,NA,NA
2024,Sudbury Reef (No 1) (17-001a),17-001a,16,100.66666666666667,94.83333333333333,5.833333333333333,0,0,0,21,0.9420529801324502,0.057947019867549666,0,0,0,21.666666666666668,0.013076923076923076,299,0,6,2.0066889632107023,NA,NA,NA,NA,NA
2024,Sykes Reef (23-054),23-054,14,65.85,65.85,0,0,0,0,9,1,0,0,0,0,27.6,0.0024154589371980675,159,0,6,3.7735849056603774,NA,NA,NA,NA,NA
2024,Tern Reef (20-309),20-309,16,66.98333333333333,0,0,66.98333333333333,6.35,60.63333333333333,1879,0,0,1,0.09479970141826324,0.9052002985817368,41.28333333333333,0.5470327008477998,64,3.40625,57,89.0625,NA,NA,NA,NA,NA
2024,Tongue Reef (16-026),16-026,10,76.05,45.833333333333336,23.55,6.666666666666667,6.666666666666667,0,77,0.6026736795967566,0.3096646942800789,0.0876616261231646,0.0876616261231646,0,32.5,0.0035897435897435897,547,0.003656307129798903,14,2.5594149908592323,NA,NA,NA,NA,NA
2024,Trunk Reef (18-027),18-027,24,144.5,102.83333333333333,30,11.666666666666666,11.666666666666666,0,119,0.7116493656286044,0.20761245674740483,0.08073817762399077,0.08073817762399077,0,20,0.011666666666666667,236,0,22,9.322033898305085,NA,NA,NA,NA,NA
2024,U/N Reef (10-299),10-299,2,5.333333333333333,5.333333333333333,0,0,0,0,4,1,0,0,0,0,5.333333333333333,0.0125,44,0.022727272727272728,0,0,NA,NA,NA,NA,NA
2024,U/N Reef (10-351),10-351,6,20,20,0,0,0,0,2,1,0,0,0,0,6.666666666666667,0.005,61,0,3,4.918032786885246,NA,NA,NA,NA,NA
2024,U/N Reef (10-353),10-353,2,4,4,0,0,0,0,1,1,0,0,0,0,4,0.004166666666666667,30,0.03333333333333333,0,0,NA,NA,NA,NA,NA
2024,U/N Reef (10-372),10-372,4,10.5,6,2.25,2.25,0,2.25,19,0.5714285714285714,0.21428571428571427,0.21428571428571427,0,0.21428571428571427,10.5,0.03015873015873016,31,0.06451612903225806,0,0,NA,NA,NA,NA,NA
2024,U/N Reef (10-384),10-384,38,174.5,113,47.25,14.25,4.25,10,174,0.6475644699140402,0.2707736389684814,0.08166189111747851,0.024355300859598854,0.05730659025787966,18.5,0.03963963963963964,70,0.11428571428571428,29,41.42857142857143,NA,NA,NA,NA,NA
2024,U/N Reef (10-387),10-387,4,18.5,18.5,0,0,0,0,1,1,0,0,0,0,18.5,9.009009009009009e-4,18,0,2,11.11111111111111,NA,NA,NA,NA,NA
2024,U/N Reef (11-049),11-049,14,44.583333333333336,20.666666666666668,10.583333333333334,13.333333333333334,13.333333333333334,0,78,0.4635514018691589,0.23738317757009345,0.29906542056074764,0.29906542056074764,0,12,0.02638888888888889,70,0.2857142857142857,18,25.71428571428571,NA,NA,NA,NA,NA
2024,U/N Reef (14-133),14-133,4,17.666666666666668,0,5.5,12.166666666666666,12.166666666666666,0,62,0,0.3113207547169811,0.6886792452830188,0.6886792452830188,0,17.666666666666668,0.05849056603773585,104,0.019230769230769232,27,25.961538461538463,NA,NA,NA,NA,NA
2024,U/N Reef (14-142),14-142,2,12.5,6.7,5.8,0,0,0,11,0.536,0.46399999999999997,0,0,0,12.5,0.014666666666666666,3,0,1,33.33333333333333,NA,NA,NA,NA,NA
2024,U/N Reef (14-145),14-145,1,6.733333333333333,6.733333333333333,0,0,0,0,2,1,0,0,0,0,6.733333333333333,0.0049504950495049506,12,0,2,16.666666666666664,NA,NA,NA,NA,NA
2024,U/N Reef (14-149),14-149,5,25.083333333333332,21.616666666666667,0,3.466666666666667,3.466666666666667,0,28,0.8617940199335549,0,0.1382059800664452,0.1382059800664452,0,6.366666666666666,0.015706806282722512,65,0.015384615384615385,6,9.230769230769232,NA,NA,NA,NA,NA
2024,U/N Reef (15-043),15-043,14,87.2,59.333333333333336,13.966666666666667,13.9,13.9,0,100,0.6804281345565749,0.16016819571865443,0.15940366972477063,0.15940366972477063,0,24.833333333333332,0.011409395973154362,86,0.011627906976744186,21,24.418604651162788,NA,NA,NA,NA,NA
2024,U/N Reef (15-049),15-049,23,128.23333333333332,22.716666666666665,34.86666666666667,70.65,48.88333333333333,21.766666666666666,415,0.1771510267741097,0.27190018195996885,0.5509487912659216,0.38120613465037695,0.16974265661554458,25.1,0.07901726427622842,74,0.0945945945945946,27,36.486486486486484,NA,NA,NA,NA,NA
2024,U/N Reef (15-071c),15-071c,56,328.81666666666666,0,22.5,306.31666666666666,134.08333333333334,172.23333333333332,1945,0,0.06842718840285873,0.9315728115971412,0.40777535607481374,0.5237974555223275,29.366666666666667,0.13677639046538026,24,0.041666666666666664,18,75,NA,NA,NA,NA,NA
2024,U/N Reef (16-016),16-016,9,60.983333333333334,0,13.25,47.733333333333334,20.4,27.333333333333332,283,0,0.21727247881934955,0.7827275211806505,0.33451762776714944,0.4482098934135009,23.816666666666666,0.09377186843946816,28,0.07142857142857142,6,21.428571428571427,NA,NA,NA,NA,NA
2024,U/N Reef (18-103),18-103,58,195.35,0,15.3,180.05,39.416666666666664,140.63333333333333,1826,0,0.07832096237522396,0.9216790376247761,0.20177459261155192,0.7199044450132241,24,0.1875,7,0,7,100,NA,NA,NA,NA,NA
2024,U/N Reef (19-131a),19-131a,6,18.616666666666667,18.616666666666667,0,0,0,0,1,1,0,0,0,0,18.616666666666667,8.952551477170994e-4,54,0,0,0,NA,NA,NA,NA,NA
2024,U/N Reef (21-057),21-057,15,77.3,38.266666666666666,5.783333333333333,33.25,29.033333333333335,4.216666666666667,188,0.4950409659335921,0.07481673134971971,0.43014230271668824,0.375592927986201,0.05454937473048728,10,0.155,215,0,2,0.9302325581395349,NA,NA,NA,NA,NA
2024,U/N Reef (21-139),21-139,14,66.45,66.45,0,0,0,0,6,1,0,0,0,0,9.4,0,212,0.0047169811320754715,20,9.433962264150944,NA,NA,NA,NA,NA
2024,U/N Reef (21-186),21-186,3,12.833333333333334,12.516666666666667,0,0.31666666666666665,0.31666666666666665,0,2,0.9753246753246754,0,0.024675324675324673,0.024675324675324673,0,4.816666666666666,0.0034602076124567475,162,0.006172839506172839,1,0.6172839506172839,NA,NA,NA,NA,NA
2024,U/N Reef (21-187),21-187,43,267,96.83333333333333,36.81666666666667,133.35,65.96666666666667,67.38333333333334,929,0.3626716604244694,0.1378901373283396,0.499438202247191,0.2470661672908864,0.25237203495630467,7.666666666666667,0.013043478260869565,191,0.33507853403141363,20,10.471204188481675,NA,NA,NA,NA,NA
2024,U/N Reef (21-188),21-188,57,312.53333333333336,196.11666666666667,46.233333333333334,70.18333333333334,36.85,33.333333333333336,492,0.6275063993174061,0.14793088737201365,0.2245627133105802,0.11790742320819111,0.10665529010238908,22.3,0.10837070254110613,247,0.08097165991902834,32,12.955465587044534,NA,NA,NA,NA,NA
2024,U/N Reef (21-438),21-438,4,15,15,0,0,0,0,2,1,0,0,0,0,15,0.0022222222222222222,38,0,4,10.526315789473683,NA,NA,NA,NA,NA
2024,U/N Reef (21-441),21-441,4,23.733333333333334,23.733333333333334,0,0,0,0,0,1,0,0,0,0,7.4,0,72,0,4,5.555555555555555,NA,NA,NA,NA,NA
2024,U/N Reef (21-454),21-454,5,25.066666666666666,25.066666666666666,0,0,0,0,0,1,0,0,0,0,25.066666666666666,0,40,0,0,0,NA,NA,NA,NA,NA
2024,U/N Reef (21-460),21-460,5,19.6,19.6,0,0,0,0,0,1,0,0,0,0,11.2,0,183,0,0,0,NA,NA,NA,NA,NA
2024,U/N Reef (21-464),21-464,3,22.833333333333332,22.833333333333332,0,0,0,0,0,1,0,0,0,0,14.916666666666666,0,82,0.012195121951219513,0,0,NA,NA,NA,NA,NA
2024,U/N Reef (21-465),21-465,42,221.73333333333332,198.31666666666666,8.166666666666666,15.25,5.1,10.15,192,0.8943926638604931,0.03683102826217679,0.06877630787733013,0.023000601322910402,0.045775706554419725,14.6,0.04794520547945205,334,0.005988023952095809,11,3.293413173652695,NA,NA,NA,NA,NA
2024,U/N Reef (21-466),21-466,38,216.55,166.03333333333333,24.15,26.366666666666667,20.183333333333334,6.183333333333334,205,0.7667205418302162,0.1115215885476795,0.1217578696221042,0.09320403294081428,0.028553836681289926,11.716666666666667,0.00995732574679943,737,0.009497964721845319,33,4.477611940298507,NA,NA,NA,NA,NA
2024,U/N Reef (21-467),21-467,2,13,13,0,0,0,0,2,1,0,0,0,0,13,0.002564102564102564,95,0,2,2.1052631578947367,NA,NA,NA,NA,NA
2024,U/N Reef (21-496),21-496,1,2.9,2.9,0,0,0,0,0,1,0,0,0,0,2.9,0,70,0.04285714285714286,1,1.4285714285714286,NA,NA,NA,NA,NA
2024,U/N Reef (21-499),21-499,11,56.06666666666667,56.06666666666667,0,0,0,0,31,1,0,0,0,0,12.35,0.005398110661268556,124,0.04032258064516129,8,6.451612903225806,NA,NA,NA,NA,NA
2024,U/N Reef (21-500),21-500,10,57.06666666666667,57.06666666666667,0,0,0,0,19,1,0,0,0,0,6.3,0.0026455026455026454,114,0.008771929824561403,10,8.771929824561402,NA,NA,NA,NA,NA
2024,U/N Reef (21-512),21-512,4,22.9,17.316666666666666,5.583333333333333,0,0,0,14,0.7561863173216885,0.2438136826783115,0,0,0,10.433333333333334,0.019169329073482427,35,0.05714285714285714,5,14.285714285714285,NA,NA,NA,NA,NA
2024,U/N Reef (21-525),21-525,5,20.85,20.15,0,0.7,0,0.7,12,0.9664268585131893,0,0.033573141486810544,0,0.033573141486810544,5.966666666666667,0.025139664804469275,27,0.037037037037037035,2,7.4074074074074066,NA,NA,NA,NA,NA
2024,U/N Reef (21-526),21-526,2,8.666666666666666,8.666666666666666,0,0,0,0,0,1,0,0,0,0,8.666666666666666,0,61,0,0,0,NA,NA,NA,NA,NA
2024,U/N Reef (21-544),21-544,1,7.683333333333334,7.683333333333334,0,0,0,0,8,1,0,0,0,0,7.683333333333334,0.01735357917570499,79,0,0,0,NA,NA,NA,NA,NA
2024,U/N Reef (21-551),21-551,234,1277.6833333333334,353.85,241.01666666666668,682.8166666666667,164.68333333333334,518.1333333333333,16058,0.2769465569194245,0.18863568176778284,0.5344177613127927,0.1288921355056678,0.40552562580712487,16.833333333333332,0.9346534653465347,692,0.7875722543352601,143,20.664739884393065,NA,NA,NA,NA,NA
2024,U/N Reef (21-553),21-553,4,21.8,21.8,0,0,0,0,8,1,0,0,0,0,6,0.011111111111111112,33,0,2,6.0606060606060606,NA,NA,NA,NA,NA
2024,U/N Reef (21-554),21-554,12,82.13333333333334,82.13333333333334,0,0,0,0,5,1,0,0,0,0,31.966666666666665,0.0020855057351407717,119,0,9,7.563025210084033,NA,NA,NA,NA,NA
2024,U/N Reef (21-558),21-558,40,150.15,87.98333333333333,24.4,37.766666666666666,26.266666666666666,11.5,226,0.5859695859695859,0.1625041625041625,0.2515262515262515,0.17493617493617492,0.07659007659007659,25.533333333333335,0.0013054830287206266,349,0.08022922636103152,19,5.444126074498568,NA,NA,NA,NA,NA
2024,U/N Reef (21-559),21-559,6,31.816666666666666,31.816666666666666,0,0,0,0,1,1,0,0,0,0,8.1,0,67,0,4,5.970149253731343,NA,NA,NA,NA,NA
2024,U/N Reef (22-088a),22-088a,58,298.3,23.266666666666666,25.366666666666667,249.66666666666666,38.266666666666666,211.4,4149,0.07799754162476254,0.08503743435020672,0.8369650240250307,0.12828248966364955,0.7086825343613812,7.9,0.07805907172995781,445,1.1303370786516853,161,36.17977528089887,NA,NA,NA,NA,NA
2024,Undine Reef (East) (16-020b),16-020b,4,30.833333333333332,24.5,6.333333333333333,0,0,0,27,0.7945945945945946,0.20540540540540542,0,0,0,9.066666666666666,0.012867647058823529,45,0,5,11.11111111111111,NA,NA,NA,NA,NA
2024,Undine Reef (West) (16-020a),16-020a,4,26.666666666666668,26.666666666666668,0,0,0,0,3,1,0,0,0,0,26.666666666666668,0.001875,161,0,1,0.6211180124223602,NA,NA,NA,NA,NA
2024,Vicki Harriott Reef (15-070),15-070,15,88.5,24.833333333333332,29.416666666666668,34.25,22.833333333333332,11.416666666666666,235,0.2806026365348399,0.332391713747646,0.3870056497175141,0.2580037664783427,0.12900188323917136,11.666666666666666,0.011428571428571429,155,0.012903225806451613,12,7.741935483870968,NA,NA,NA,NA,NA
2024,Wardle Reef (17-032),17-032,21,126,118.5,7.5,0,0,0,38,0.9404761904761905,0.05952380952380952,0,0,0,11.166666666666666,0.010447761194029851,85,0,6,7.0588235294117645,NA,NA,NA,NA,NA
2024,Wheeler Reef (18-095),18-095,36,112.66666666666667,71.33333333333333,8,33.333333333333336,12.466666666666667,20.866666666666667,271,0.6331360946745561,0.07100591715976332,0.2958579881656805,0.11065088757396449,0.18520710059171597,4.466666666666667,0.048507462686567165,27,0.2222222222222222,17,62.96296296296296,NA,NA,NA,NA,NA
2024,Wilson Island Reef (23-050),23-050,11,56.78333333333333,56.78333333333333,0,0,0,0,0,1,0,0,0,0,10.8,0,67,0.014925373134328358,9,13.432835820895523,NA,NA,NA,NA,NA
2024,Wistari Reef (23-053),23-053,4,20.75,20.75,0,0,0,0,0,1,0,0,0,0,20.75,0,135,0,0,0,NA,NA,NA,NA,NA
2024,Yamacutta Reef (17-066),17-066,22,78.33333333333333,65.83333333333333,12.5,0,0,0,33,0.8404255319148936,0.1595744680851064,0,0,0,20,0.0033333333333333335,136,0,8,5.88235294117647,NA,NA,NA,NA,NA
2025,(Big) Broadhurst Reef (No 1) (18-100a),18-100a,90,496.21666666666664,260.95,86.85,148.41666666666666,70.08333333333333,78.33333333333333,1122,0.5258791522520404,0.1750243509219763,0.29909649682598327,0.141235347462466,0.15786114936351728,15.066666666666666,0.004424778761061947,637,0.026687598116169546,126,19.78021978021978,24,12,7.625,2025-04-06,50
2025,(Little) Broadhurst Reef (18-106),18-106,27,172.26666666666668,71.66666666666667,51.1,49.5,36.833333333333336,12.666666666666666,343,0.41602167182662536,0.2966331269349845,0.2873452012383901,0.2138157894736842,0.07352941176470587,28.666666666666668,0.023837209302325583,120,0.016666666666666666,34,28.333333333333332,NA,NA,NA,NA,NA
2025,Adelaide Reef (17-042),17-042,2,13.333333333333334,13.333333333333334,0,0,0,0,3,1,0,0,0,0,13.333333333333334,0.00375,88,0,3,3.4090909090909087,NA,NA,NA,NA,NA
2025,Arlington Reef (16-064),16-064,8,48.516666666666666,32.43333333333333,11.583333333333334,4.5,4.5,0,45,0.668498797664033,0.23874957059429752,0.09275163174166953,0.09275163174166953,0,6.266666666666667,0.0026595744680851063,328,0.003048780487804878,32,9.75609756097561,NA,NA,NA,NA,NA
2025,Backnumbers Reef (18-069a),18-069a,12,77.66666666666667,35,42.666666666666664,0,0,0,84,0.4506437768240343,0.5493562231759656,0,0,0,29.333333333333332,0.026704545454545453,127,0.007874015748031496,18,14.173228346456693,NA,NA,NA,NA,NA
2025,Banfield Reef (North) (18-105a),18-105a,152,531.6333333333333,37.68333333333333,79.73333333333333,414.21666666666664,157.51666666666668,256.7,2948,0.07088218697096996,0.14997805505047337,0.7791397579785566,0.2962881685372124,0.48285158944134426,15.266666666666667,0.15283842794759825,61,0.08196721311475409,15,24.59016393442623,48,44,66.48527315104167,2025-04-02,91.66666666666666
2025,Banfield Reef (South) (18-105b),18-105b,10,35.166666666666664,3.466666666666667,14.6,17.1,9.433333333333334,7.666666666666667,108,0.0985781990521327,0.4151658767772512,0.4862559241706162,0.2682464454976304,0.2180094786729858,14.466666666666667,0.04953917050691244,23,0.2608695652173913,9,39.130434782608695,NA,NA,NA,NA,NA
2025,Barnett Patches (18-019),18-019,24,149.16666666666666,142.83333333333334,6.333333333333333,0,0,0,54,0.9575418994413409,0.04245810055865922,0,0,0,21.833333333333332,0.0030534351145038168,144,0,37,25.694444444444443,NA,NA,NA,NA,NA
2025,Batt Reef (16-029),16-029,162,830.2,58.85,82.58333333333333,688.7666666666667,193.93333333333334,494.8333333333333,5305,0.0708865333654541,0.099474022323938,0.8296394443106079,0.23359832971974623,0.5960411145908616,23.333333333333332,0.032857142857142856,237,0.029535864978902954,92,38.81856540084388,42,32,16.12799251502381,2025-06-03,76.19047619047619
2025,Black Island Reef (20-017),20-017,10,34.86666666666667,34.86666666666667,0,0,0,0,0,1,0,0,0,0,34.86666666666667,0,NA,NA,NA,NA,NA,NA,NA,NA,NA
2025,Block Reef (19-127),19-127,4,13.4,9.733333333333333,3.6666666666666665,0,0,0,11,0.72636815920398,0.2736318407960199,0,0,0,7,0.009523809523809525,75,0.02666666666666667,2,2.666666666666667,NA,NA,NA,NA,NA
2025,Boult Reef (23-079),23-079,43,159.46666666666667,70.28333333333333,26.5,62.68333333333333,18.533333333333335,44.15,652,0.44073996655518394,0.16617892976588627,0.39308110367892973,0.11622073578595318,0.2768603678929766,4.916666666666667,0.003389830508474576,191,0.4607329842931937,52,27.225130890052355,NA,NA,NA,NA,NA
2025,Bowden Reef (19-019),19-019,42,147.55,101.08333333333333,11.8,34.666666666666664,30.666666666666668,4,182,0.6850785044617643,0.07997289054557777,0.23494860499265782,0.2078391505704281,0.02710945442222975,13.066666666666666,0.00510204081632653,244,0.05327868852459016,20,8.19672131147541,42,32,16.150817314833333,2025-08-03,76.19047619047619
2025,Briggs Reef (16-074),16-074,49,320.1,61.5,57.25,201.35,72.75,128.6,1334,0.19212746016869728,0.17885035926273038,0.6290221805685723,0.22727272727272727,0.401749453295845,29.333333333333332,0.05568181818181818,36,0.027777777777777776,20,55.55555555555556,NA,NA,NA,NA,NA
2025,Britomart Reef (18-024),18-024,8,57.666666666666664,36.5,21.166666666666668,0,0,0,58,0.6329479768786127,0.3670520231213873,0,0,0,27.666666666666668,0.015060240963855422,162,0,10,6.172839506172839,NA,NA,NA,NA,NA
2025,Bushy-Redbill Reef (20-310),20-310,7,35.4,0,0,35.4,0,35.4,454,0,0,1,0,1,19.983333333333334,0.21434528773978315,60,1.2666666666666666,34,56.666666666666664,24,21,54.66703852058333,2025-08-23,87.5
2025,Centipede Reef (18-088),18-088,15,99.91666666666667,99.91666666666667,0,0,0,0,18,1,0,0,0,0,13.333333333333334,0.005,96,0,19,19.791666666666664,NA,NA,NA,NA,NA
2025,Chinaman Reef (16-024),16-024,16,106.01666666666667,50.65,32.8,22.566666666666666,22.566666666666666,0,148,0.47775506995755385,0.3093853167740921,0.21285961326835404,0.21285961326835404,0,6.283333333333333,0.015915119363395226,114,0.008771929824561403,23,20.175438596491226,NA,NA,NA,NA,NA
2025,Circular Quay Reef (19-134),19-134,28,74.25,24.083333333333332,22.816666666666666,27.35,19.816666666666666,7.533333333333333,175,0.324354657687991,0.30729517396184064,0.36835016835016837,0.2668911335578002,0.10145903479236812,21.616666666666667,0.05628373168851195,NA,NA,NA,NA,NA,NA,NA,NA,NA
2025,Darley Reef (19-043),19-043,66,212.91666666666666,168.55,17.233333333333334,27.133333333333333,19.333333333333332,7.8,166,0.7916242661448142,0.08093933463796478,0.12743639921722114,0.09080234833659491,0.036634050880626226,7.266666666666667,0.03669724770642202,335,0.008955223880597015,58,17.313432835820898,NA,NA,NA,NA,NA
2025,Davies Reef (18-096),18-096,50,177.7,101.96666666666667,48.733333333333334,27,27,0,217,0.5738135434252486,0.27424498217970367,0.15194147439504785,0.15194147439504785,0,13.166666666666666,0.006329113924050633,177,0.096045197740113,35,19.774011299435028,42,40,71.80173417483333,2025-08-03,95.23809523809523
2025,East Cay Reef (21-305),21-305,38,178.35,42.95,41.333333333333336,94.06666666666666,72.21666666666667,21.85,511,0.24081861508270258,0.23175404167834784,0.5274273432389496,0.4049154284646295,0.12251191477432016,12.666666666666666,0.13421052631578947,344,0.30523255813953487,75,21.802325581395348,NA,NA,NA,NA,NA
2025,Emily Reef (15-082),15-082,12,76.33333333333333,0,18.833333333333332,57.5,38.166666666666664,19.333333333333332,306,0,0.24672489082969432,0.7532751091703057,0.5,0.25327510917030566,25.333333333333332,0.09539473684210527,194,0,4,2.0618556701030926,NA,NA,NA,NA,NA
2025,Emperor Reef (21-538),21-538,35,166.13333333333333,123.26666666666667,5.25,37.61666666666667,19.066666666666666,18.55,358,0.7419743178170145,0.03160112359550562,0.22642455858747995,0.11476725521669343,0.11165730337078653,19.333333333333332,0.004310344827586207,173,0.028901734104046242,45,26.011560693641616,NA,NA,NA,NA,NA
2025,Evening Reef (15-095),15-095,50,292.28333333333336,48.416666666666664,92.66666666666667,151.2,118.33333333333333,32.86666666666667,902,0.16564976905970233,0.31704396418999825,0.5173062667502992,0.40485829959514164,0.11244796715515766,26,0.028846153846153848,194,0.010309278350515464,13,6.701030927835052,NA,NA,NA,NA,NA
2025,Eye Reef (14-134),14-134,19,135.11666666666667,0,15,120.11666666666666,50.61666666666667,69.5,886,0,0.1110151720735167,0.8889848279264831,0.3746145306525225,0.5143702972739608,6.45,0.06459948320413436,39,0.05128205128205128,20,51.28205128205128,NA,NA,NA,NA,NA
2025,Fairfax Islands Reef (23-081),23-081,3,22.833333333333332,14.55,8.283333333333333,0,0,0,14,0.6372262773722628,0.3627737226277372,0,0,0,22.833333333333332,0.010218978102189781,76,0,4,5.263157894736842,NA,NA,NA,NA,NA
2025,Fitzroy Island Reef (No 1) (16-054a),16-054a,3,7.166666666666667,7.166666666666667,0,0,0,0,3,1,0,0,0,0,0.5,0,12,0,0,0,NA,NA,NA,NA,NA
2025,Fitzroy Reef (23-077),23-077,67,333.03333333333336,143.63333333333333,109.81666666666666,79.58333333333333,78.18333333333334,1.4,527,0.43128815934340903,0.32974677209488534,0.2389650685617055,0.23476128515664096,0.004203783405064557,12.8,0.053385416666666664,513,0.1364522417153996,111,21.637426900584796,NA,NA,NA,NA,NA
2025,Fore And Aft Reef (18-043),18-043,7,46.666666666666664,13.333333333333334,20,13.333333333333334,13.333333333333334,0,98,0.28571428571428575,0.4285714285714286,0.28571428571428575,0.28571428571428575,0,26.666666666666668,0.041875,106,0,5,4.716981132075472,NA,NA,NA,NA,NA
2025,Fork Reef (18-083),18-083,6,43,35.833333333333336,0,7.166666666666667,7.166666666666667,0,50,0.8333333333333334,0,0.16666666666666669,0.16666666666666669,0,14.333333333333334,0.029069767441860465,34,0,6,17.647058823529413,NA,NA,NA,NA,NA
2025,Forrester Reef (15-009),15-009,45,281.15,124.31666666666666,51.583333333333336,105.25,44.666666666666664,60.583333333333336,710,0.44217203153713913,0.1834726421246073,0.37435532633825364,0.15887130238899758,0.21548402394925606,27,0.043827160493827164,135,0.007407407407407408,23,17.037037037037038,NA,NA,NA,NA,NA
2025,Green Island Reef (16-049),16-049,8,56.666666666666664,20,25,11.666666666666666,5.833333333333333,5.833333333333333,109,0.35294117647058826,0.44117647058823534,0.20588235294117646,0.10294117647058823,0.10294117647058823,33.333333333333336,0.024499999999999997,54,0.037037037037037035,5,9.25925925925926,36,8,3.2010632878888887,2025-08-01,22.22222222222222
2025,Grub Reef (18-077),18-077,4,13.333333333333334,13.333333333333334,0,0,0,0,2,1,0,0,0,0,13.333333333333334,0.0025,65,0.03076923076923077,7,10.76923076923077,NA,NA,NA,NA,NA
2025,Gull Reef (15-016),15-016,4,14.583333333333334,6,0,8.583333333333334,8.583333333333334,0,35,0.4114285714285714,0,0.5885714285714286,0.5885714285714286,0,14.583333333333334,0.04,10,0,3,30,NA,NA,NA,NA,NA
2025,Hall-Thompson Reef (17-037),17-037,4,25.266666666666666,13.333333333333334,0,11.933333333333334,11.933333333333334,0,35,0.5277044854881267,0,0.4722955145118734,0.4722955145118734,0,13.333333333333334,0.0025,71,0,2,2.8169014084507045,NA,NA,NA,NA,NA
2025,Hardy Reef (19-135),19-135,8,21.583333333333332,18.45,3.1333333333333333,0,0,0,8,0.85482625482625485,0.14517374517374518,0,0,0,10.583333333333334,0.012598425196850394,374,0.008021390374331552,24,6.417112299465241,NA,NA,NA,NA,NA
2025,Harrier Reef (15-025),15-025,8,42.016666666666666,42.016666666666666,0,0,0,0,0,1,0,0,0,0,12.1,0,19,0,6,31.57894736842105,NA,NA,NA,NA,NA
2025,Hastings Reef (16-057),16-057,5,33.88333333333333,33.88333333333333,0,0,0,0,10,1,0,0,0,0,14.05,0.005931198102016607,68,0,1,1.4705882352941175,NA,NA,NA,NA,NA
2025,Hayman Island Reef (20-014),20-014,6,23.333333333333332,19.333333333333332,4,0,0,0,8,0.8285714285714285,0.17142857142857143,0,0,0,23.333333333333332,0.005714285714285714,NA,NA,NA,NA,NA,NA,NA,NA,NA
2025,Helix Reef (18-076),18-076,12,37.2,0,0,37.2,28.866666666666667,8.333333333333334,159,0,0,1,0.7759856630824372,0.22401433691756273,6.533333333333333,0.12244897959183673,18,0.05555555555555555,8,44.44444444444444,NA,NA,NA,NA,NA
2025,Helsdon Reef (14-135),14-135,62,341.8333333333333,36.5,37.11666666666667,268.21666666666664,141.66666666666666,126.55,1380,0.10677718186250611,0.10858117991223794,0.7846416382252559,0.4144319843978547,0.3702096538274013,22.916666666666668,0.06545454545454546,193,0.08290155440414508,74,38.34196891191709,NA,NA,NA,NA,NA
2025,Heron Reef (23-052a),23-052a,60,360.4,272.9166666666667,68.9,18.583333333333332,7.083333333333333,11.5,337,0.7572604513503516,0.1911764705882353,0.05156307806141325,0.019654088050314465,0.03190899001109878,15.966666666666667,0.0020876826722338203,217,0.05069124423963134,43,19.81566820276498,NA,NA,NA,NA,NA
2025,Holbourne Island Reef (No 1) (19-103a),19-103a,1,6.133333333333334,0,6.133333333333334,0,0,0,13,0,1,0,0,0,6.133333333333334,0.035326086956521736,9,0.1111111111111111,1,11.11111111111111,NA,NA,NA,NA,NA
2025,Hook Island Reef (No 10) (20-028i),20-028i,8,28.666666666666668,28.666666666666668,0,0,0,0,3,1,0,0,0,0,28.666666666666668,0.0017441860465116279,NA,NA,NA,NA,NA,NA,NA,NA,NA
2025,Hook Island Reef (No 6) (20-028f),20-028f,20,63.06666666666667,52.53333333333333,6.533333333333333,4,4,0,29,0.8329809725158561,0.10359408033826638,0.06342494714587738,0.06342494714587738,0,37.2,0.008960573476702509,NA,NA,NA,NA,NA,NA,NA,NA,NA
2025,Hook Island Reef (No 7) (20-028g),20-028g,10,27.366666666666667,25.7,1.6666666666666667,0,0,0,11,0.9390986601705237,0.06090133982947625,0,0,0,10.616666666666667,0.01098901098901099,NA,NA,NA,NA,NA,NA,NA,NA,NA
2025,Hook Island Reef (No 8) (20-028j),20-028j,2,8,8,0,0,0,0,3,1,0,0,0,0,8,0.00625,NA,NA,NA,NA,NA,NA,NA,NA,NA
2025,Hook Island Reef (No 9) (20-028h),20-028h,10,29.066666666666666,29.066666666666666,0,0,0,0,1,1,0,0,0,0,7.2,0,NA,NA,NA,NA,NA,NA,NA,NA,NA
2025,Hopkinson Reef (18-073),18-073,46,312.05,161.3,86,64.75,30.833333333333332,33.916666666666664,598,0.5169043422528441,0.2755968594776478,0.2074987982695081,0.09880895155690861,0.10868984671259946,38.333333333333336,0.01565217391304348,137,0.043795620437956206,47,34.306569343065696,NA,NA,NA,NA,NA
2025,Hoskyn Islands Reef (23-080),23-080,1,9.716666666666667,0,9.716666666666667,0,0,0,15,0,1,0,0,0,9.716666666666667,0.025728987993138937,30,0,1,3.3333333333333335,NA,NA,NA,NA,NA
2025,Irene Reef (15-084),15-084,216,1206.8333333333333,50.833333333333336,177.66666666666666,978.3333333333334,372.9166666666667,605.4166666666666,8356,0.042121253970446075,0.14721723518850988,0.8106615108410441,0.3090042811766331,0.501657229664411,26.833333333333332,0.15962732919254657,405,0.05185185185185185,105,25.925925925925924,NA,NA,NA,NA,NA
2025,Isobel Bennett Reef (21-505),21-505,1,3.066666666666667,3.066666666666667,0,0,0,0,0,1,0,0,0,0,3.066666666666667,0,92,0,1,1.0869565217391304,NA,NA,NA,NA,NA
2025,Judith Wright Reef (18-101),18-101,42,144.45,56.6,27.433333333333334,60.416666666666664,36.416666666666664,24,378,0.3918310834198685,0.18991577247028962,0.41825314410984193,0.2521056882427599,0.16614745586708204,21.133333333333333,0.08832807570977919,182,0.06043956043956044,21,11.538461538461538,24,19,131.47765900625,2025-08-05,79.16666666666666
2025,Kelso Reef (18-030),18-030,3,25.116666666666667,9.6,15.516666666666667,0,0,0,29,0.3822163238221632,0.6177836761778368,0,0,0,17.7,0.015065913370998116,217,0.004608294930875576,8,3.686635944700461,NA,NA,NA,NA,NA
2025,Lady Elliot Island Reef (24-008),24-008,7,57.083333333333336,37.95,10.383333333333333,8.75,8.75,0,79,0.6648175182481753,0.18189781021897808,0.15328467153284672,0.15328467153284672,0,29.85,0.02680067001675042,51,0,7,13.725490196078432,NA,NA,NA,NA,NA
2025,Lady Musgrave Reef (23-082a),23-082a,66,371.81666666666666,135.1,85.28333333333333,151.43333333333334,79.75,71.68333333333334,930,0.3633511139002196,0.22936931283338563,0.40727957326639475,0.2144874265991304,0.19279214666726435,18.5,0.055855855855855854,483,0.07039337474120083,60,12.422360248447205,NA,NA,NA,NA,NA
2025,Lamont Reef (23-076),23-076,24,123.41666666666667,12.066666666666666,65.71666666666667,45.63333333333333,45.63333333333333,0,283,0.09777177582714382,0.5324780553679946,0.36975016880486156,0.36975016880486156,0,14.666666666666666,0.06477272727272727,86,0.06976744186046512,23,26.744186046511626,NA,NA,NA,NA,NA
2025,Langford-Bird Reef (20-019),20-019,18,40.8,40.8,0,0,0,0,2,1,0,0,0,0,10.8,0.0015432098765432098,NA,NA,NA,NA,NA,NA,NA,NA,NA
2025,Lark Reef (15-033),15-033,2,15,0,0,15,15,0,50,0,0,1,1,0,15,0.05555555555555555,NA,NA,NA,NA,NA,NA,NA,NA,NA
2025,Linnet Reef (14-126),14-126,9,66.16666666666667,22.5,22.166666666666668,21.5,21.5,0,136,0.34005037783375314,0.3350125944584383,0.3249370277078085,0.3249370277078085,0,7.5,0.02,72,0.05555555555555555,7,9.722222222222223,NA,NA,NA,NA,NA
2025,Little Fitzroy Island Reef (16-055),16-055,7,31.166666666666668,0,16.833333333333332,14.333333333333334,14.333333333333334,0,67,0,0.5401069518716577,0.45989304812834225,0.45989304812834225,0,0.5,0.03333333333333333,7,0,2,28.57142857142857,NA,NA,NA,NA,NA
2025,Little Kelso Reef (18-031),18-031,18,120,26.666666666666668,66.66666666666667,26.666666666666668,26.666666666666668,0,215,0.22222222222222224,0.5555555555555556,0.22222222222222224,0.22222222222222224,0,15,0.03,67,0,39,58.2089552238806,NA,NA,NA,NA,NA
2025,Lizard Island Reef (Lagoon) (14-116d),14-116d,11,67.66666666666667,19,18.916666666666668,29.75,24.166666666666668,5.583333333333333,167,0.28078817733990147,0.27955665024630544,0.4396551724137931,0.35714285714285715,0.08251231527093596,20,0.0475,112,0.0625,17,15.178571428571427,60,46,26.881420110583335,2025-09-23,76.66666666666667
2025,Lizard Island Reef (North East) (14-116b),14-116b,2,11.25,11.25,0,0,0,0,8,1,0,0,0,0,11.25,0.011851851851851851,29,0,11,37.93103448275862,20,9,7.6742113476,2025-09-24,45
2025,Lizard Island Reef (North West) (14-116a),14-116a,11,71.66666666666667,38.333333333333336,33.333333333333336,0,0,0,79,0.5348837209302325,0.46511627906976744,0,0,0,6.666666666666667,0.0275,126,0.031746031746031744,20,15.873015873015872,20,3,1.72490727175,2025-09-24,15
2025,Llewellyn Reef (23-078),23-078,100,410.1,138.93333333333334,89.61666666666666,181.55,134.88333333333333,46.666666666666664,970,0.33877915955458016,0.21852393725107694,0.44269690319434285,0.3289035194667967,0.11379338372754612,8.666666666666666,0.075,453,0.17880794701986755,83,18.322295805739515,NA,NA,NA,NA,NA
2025,Low Islands Reef (16-028),16-028,20,130,130,0,0,0,0,4,1,0,0,0,0,30,0,60,0,17,28.333333333333332,NA,NA,NA,NA,NA
2025,Lynchs Reef (18-091),18-091,16,87.53333333333333,83.53333333333333,4,0,0,0,23,0.9543031226199543,0.0456968773800457,0,0,0,20,0.004166666666666667,90,0.03333333333333333,25,27.77777777777778,NA,NA,NA,NA,NA
2025,Mackay Reef (16-015),16-015,35,210.38333333333333,68.96666666666667,67.41666666666667,74,37.75,36.25,522,0.3278143072169849,0.32044680345401255,0.3517388893290026,0.1794343658401331,0.17230452348886954,8.633333333333333,0.011583011583011582,125,0.008,17,13.600000000000001,NA,NA,NA,NA,NA
2025,Mackay Reefs (15-024),15-024,43,239.56666666666666,22.4,20.35,196.81666666666666,59.833333333333336,136.98333333333332,1428,0.09350215667176846,0.08494503965493252,0.821552803673299,0.24975650480033396,0.571796298872965,25.666666666666668,0.1487012987012987,308,0.08116883116883117,93,30.1948051948052,NA,NA,NA,NA,NA
2025,Martin Reef (14-123),14-123,16,108.66666666666667,72.16666666666667,22.166666666666668,14.333333333333334,14.333333333333334,0,112,0.6641104294478528,0.2039877300613497,0.13190184049079753,0.13190184049079753,0,20,0.006666666666666667,121,0.04132231404958678,16,13.223140495867769,NA,NA,NA,NA,NA
2025,McSweeney Reef (11-016),11-016,13,63.5,32.583333333333336,27.916666666666668,3,0,3,79,0.5131233595800525,0.43963254593175854,0.047244094488188976,0,0.047244094488188976,8.333333333333334,0.036,75,0.04,15,20,NA,NA,NA,NA,NA
2025,Michaelmas Reef (16-060),16-060,5,21.466666666666665,7.333333333333333,0,14.133333333333333,6.666666666666667,7.466666666666667,69,0.34161490683229817,0,0.6583850931677019,0.31055900621118016,0.3478260869565218,1.4666666666666666,0.07954545454545454,178,0,2,1.1235955056179776,NA,NA,NA,NA,NA
2025,Mid Reef (19-029),19-029,88,310.5833333333333,56.9,77.63333333333334,176.05,97.26666666666667,78.78333333333333,1168,0.18320364904749128,0.24995975315266974,0.5668365977998391,0.31317413469278244,0.25366246310705665,31,0.054838709677419356,48,1,23,47.91666666666667,NA,NA,NA,NA,NA
2025,Morning Reef (15-098),15-098,1,8.083333333333334,8.083333333333334,0,0,0,0,5,1,0,0,0,0,8.083333333333334,0.010309278350515462,56,0,1,1.7857142857142856,NA,NA,NA,NA,NA
2025,One Tree Island Reef (23-055a),23-055a,65,462.0833333333333,88.25,76.7,297.1333333333333,149.4,147.73333333333332,1980,0.1909828674481515,0.16598737601442742,0.6430297565374211,0.3233183047790803,0.3197114517583408,20.683333333333334,0.15954875100725222,251,0.07569721115537849,20,7.968127490039841,NA,NA,NA,NA,NA
2025,Pixie Reef (16-040),16-040,17,105,15.083333333333334,31.916666666666668,58,8.333333333333334,49.666666666666664,448,0.14365079365079367,0.303968253968254,0.5523809523809524,0.07936507936507937,0.473015873015873,19.833333333333332,0.04873949579831933,21,0.047619047619047616,7,33.33333333333333,NA,NA,NA,NA,NA
2025,Potter Reef (No 1) (17-059a),17-059a,6,40,33.333333333333336,6.666666666666667,0,0,0,29,0.8333333333333334,0.16666666666666669,0,0,0,13.333333333333334,0.01125,36,0,4,11.11111111111111,NA,NA,NA,NA,NA
2025,Recreation Reef (21-501),21-501,11,54.55,38.1,11.45,5,5,0,58,0.698441796516957,0.20989917506874428,0.09165902841429881,0.09165902841429881,0,29.883333333333333,0.011154489682097044,197,0.005076142131979695,11,5.583756345177665,NA,NA,NA,NA,NA
2025,Reg Ward Reef (18-017),18-017,6,44.43333333333333,44.43333333333333,0,0,0,0,9,1,0,0,0,0,17.85,0.004668534080298786,41,0,7,17.073170731707318,NA,NA,NA,NA,NA
2025,Ribbon No 3 Reef (15-050),15-050,3,19.05,19.05,0,0,0,0,0,1,0,0,0,0,6,0,79,0.012658227848101266,2,2.5316455696202533,NA,NA,NA,NA,NA
2025,Round-Russell Reef (17-013),17-013,2,10,5,5,0,0,0,10,0.5,0.5,0,0,0,10,0.016666666666666666,24,0,2,8.333333333333332,NA,NA,NA,NA,NA
2025,Shell Reef (19-028),19-028,12,41.416666666666664,41.416666666666664,0,0,0,0,9,1,0,0,0,0,28.35,0.004703115814226925,44,0.022727272727272728,5,11.363636363636363,NA,NA,NA,NA,NA
2025,South Direction Reef (North) (14-147a),14-147a,2,13.083333333333334,6.916666666666667,6.166666666666667,0,0,0,12,0.5286624203821656,0.4713375796178344,0,0,0,13.083333333333334,0.015286624203821656,NA,NA,NA,NA,NA,NA,NA,NA,NA
2025,Spitfire Reefs (East) (16-012b),16-012b,43,234.65,45.266666666666666,38.083333333333336,151.3,96.46666666666667,54.833333333333336,867,0.19291142836849207,0.16229845869735068,0.6447901129341573,0.4111087435187158,0.23368136941544143,12.666666666666666,0.06184210526315789,43,0,30,69.76744186046511,NA,NA,NA,NA,NA
2025,St Crispin Reef (16-019),16-019,11,92.4,92.4,0,0,0,0,13,1,0,0,0,0,27.1,0,303,0.006600660066006601,8,2.6402640264026402,NA,NA,NA,NA,NA
2025,Startle Reefs (15-028),15-028,48,302.8833333333333,19.2,33.06666666666667,250.61666666666667,11.116666666666667,239.5,3983,0.06339074451108788,0.10917294888020691,0.8274363066087053,0.03670280085841633,0.7907335057502889,24.683333333333334,0.08440243079000675,125,0.224,62,49.6,NA,NA,NA,NA,NA
2025,Stucco Reef (19-141),19-141,12,40.766666666666666,30.3,3,7.466666666666667,7.466666666666667,0,43,0.7432542927228127,0.07358953393295176,0.1831561733442355,0.1831561733442355,0,12.8,0.02734375,88,0,5,5.681818181818182,NA,NA,NA,NA,NA
2025,Swinger Reef (15-030),15-030,18,62.38333333333333,2.5,2.5,57.38333333333333,17.833333333333332,39.55,520,0.04007480630510286,0.04007480630510286,0.9198503873897943,0.285866951643067,0.6339834357467272,13.916666666666666,0.17724550898203592,42,0.14285714285714285,24,57.14285714285714,NA,NA,NA,NA,NA
2025,Sykes Reef (23-054),23-054,14,76.36666666666666,42.28333333333333,27.083333333333332,7,7,0,84,0.5536883457005675,0.35464862505456135,0.09166302924487124,0.09166302924487124,0,7.466666666666667,0.006696428571428571,175,0.04,16,9.142857142857142,NA,NA,NA,NA,NA
2025,Tongue Reef (16-026),16-026,3,29.766666666666666,0,0,29.766666666666666,9.766666666666667,20,194,0,0,1,0.3281075027995521,0.671892497200448,9.766666666666667,0.04778156996587031,406,0,5,1.2315270935960592,36,14,4.741329094138889,2025-06-03,38.88888888888889
2025,U/N Reef (10-372),10-372,4,20.333333333333332,5,15.333333333333334,0,0,0,31,0.24590163934426232,0.7540983606557378,0,0,0,20.333333333333332,0.02540983606557377,18,0,0,0,NA,NA,NA,NA,NA
2025,U/N Reef (10-381),10-381,4,18.166666666666668,4,9.833333333333334,4.333333333333333,4.333333333333333,0,30,0.2201834862385321,0.5412844036697247,0.23853211009174308,0.23853211009174308,0,14.333333333333334,0.029069767441860465,33,0.06060606060606061,13,39.39393939393939,NA,NA,NA,NA,NA
2025,U/N Reef (10-384),10-384,142,580.0166666666667,210.66666666666666,184.63333333333333,184.71666666666667,138.55,46.166666666666664,1283,0.3632079537944312,0.3183241860866067,0.3184678601189621,0.2388724461940749,0.07959541392488721,28,0.041666666666666664,410,0.11219512195121951,83,20.243902439024392,NA,NA,NA,NA,NA
2025,U/N Reef (10-385),10-385,16,37.333333333333336,26.75,8.333333333333334,2.25,2.25,0,35,0.7165178571428571,0.22321428571428573,0.06026785714285714,0.06026785714285714,0,8.916666666666666,0.03925233644859813,96,0.010416666666666666,22,22.916666666666664,NA,NA,NA,NA,NA
2025,U/N Reef (10-386),10-386,46,181.38333333333333,45.333333333333336,81.75,54.3,49.7,4.6,364,0.24993108517871912,0.45070293117706517,0.29936598364421574,0.2740053294128458,0.025360654231370027,15.05,0.05647840531561462,93,0.17204301075268819,40,43.01075268817204,NA,NA,NA,NA,NA
2025,U/N Reef (10-387),10-387,2,12,12,0,0,0,0,0,1,0,0,0,0,12,0,38,0,0,0,NA,NA,NA,NA,NA
2025,U/N Reef (10-400),10-400,33,158.2,150.2,8,0,0,0,34,0.9494310998735778,0.050568900126422255,0,0,0,8,0.004166666666666667,145,0.027586206896551724,38,26.20689655172414,NA,NA,NA,NA,NA
2025,U/N Reef (10-403),10-403,4,21.666666666666668,21.666666666666668,0,0,0,0,4,1,0,0,0,0,11.833333333333334,0.0028169014084507044,13,0,3,23.076923076923077,NA,NA,NA,NA,NA
2025,U/N Reef (10-414),10-414,27,83.58333333333333,82.08333333333333,1.5,0,0,0,17,0.9820538384845464,0.01794616151545364,0,0,0,10.666666666666666,0.0078125,90,0,3,3.3333333333333335,NA,NA,NA,NA,NA
2025,U/N Reef (11-049),11-049,27,114.91666666666667,23.5,13,78.41666666666667,40.25,38.166666666666664,495,0.20449601160261058,0.11312545322697606,0.6823785351704134,0.350253807106599,0.3321247280638143,28.333333333333332,0.03705882352941176,76,0.3157894736842105,27,35.526315789473685,NA,NA,NA,NA,NA
2025,U/N Reef (14-133),14-133,28,192.9,25.816666666666666,47.766666666666666,119.31666666666666,96.55,22.766666666666666,570,0.13383445654052187,0.24762398479350267,0.6185415586659754,0.5005184033177812,0.11802315534819421,15.316666666666666,0.09249183895538629,39,0.1794871794871795,28,71.7948717948718,NA,NA,NA,NA,NA
2025,U/N Reef (14-145),14-145,3,14.733333333333333,10.933333333333334,0,3.8,3.8,0,16,0.7420814479638009,0,0.2579185520361991,0.2579185520361991,0,7.8,0.029914529914529916,12,0.08333333333333333,3,25,NA,NA,NA,NA,NA
2025,U/N Reef (14-149),14-149,11,56.4,17.15,20.066666666666666,19.183333333333334,6.333333333333333,12.85,147,0.30407801418439717,0.3557919621749409,0.34013002364066197,0.11229314420803782,0.22783687943262412,11.616666666666667,0.04591104734576758,70,0.14285714285714285,35,50,NA,NA,NA,NA,NA
2025,U/N Reef (14-163),14-163,15,92.53333333333333,0,3,89.53333333333333,7.75,81.78333333333333,1562,0,0.032420749279538905,0.9675792507204611,0.0837536023054755,0.8838256484149856,15.033333333333333,0.14412416851441243,16,0.1875,11,68.75,NA,NA,NA,NA,NA
2025,U/N Reef (15-023),15-023,13,75.46666666666667,40.43333333333333,0,35.03333333333333,6.2,28.833333333333332,354,0.5357773851590105,0,0.46422261484098937,0.08215547703180212,0.3820671378091873,14.233333333333333,0.08548009367681499,43,0.09302325581395349,19,44.18604651162791,NA,NA,NA,NA,NA
2025,U/N Reef (15-044),15-044,8,49.35,0,13.1,36.25,19.866666666666667,16.383333333333333,193,0,0.265450861195542,0.7345491388044579,0.40256670043904086,0.3319824383654171,16.483333333333334,0.05358948432760364,40,0.175,27,67.5,NA,NA,NA,NA,NA
2025,U/N Reef (15-045),15-045,3,11.616666666666667,0,5.083333333333333,6.533333333333333,6.533333333333333,0,31,0,0.4375896700143472,0.5624103299856528,0.5624103299856528,0,11.616666666666667,0.04447632711621234,12,0,3,25,NA,NA,NA,NA,NA
2025,U/N Reef (15-047),15-047,24,147.81666666666666,10.6,55.916666666666664,81.3,68.63333333333334,12.666666666666666,438,0.07171045213665576,0.37828391024918256,0.5500056376141617,0.46431390235652276,0.08569173525763897,6.333333333333333,0.039473684210526314,68,0.014705882352941176,18,26.47058823529412,NA,NA,NA,NA,NA
2025,U/N Reef (15-049),15-049,4,30.233333333333334,6.15,15.35,8.733333333333333,8.733333333333333,0,61,0.20341786108048512,0.5077177508269018,0.288864388092613,0.288864388092613,0,13.966666666666667,0.015513126491646777,32,0.03125,2,6.25,NA,NA,NA,NA,NA
2025,U/N Reef (15-071c),15-071c,58,390.73333333333335,20.5,83.83333333333333,286.4,123.5,162.9,1986,0.05246544958198259,0.21455383040436785,0.7329807200136494,0.31607234260365125,0.4169083774099983,28.666666666666668,0.030813953488372094,48,0.020833333333333332,31,64.58333333333334,NA,NA,NA,NA,NA
2025,U/N Reef (15-072),15-072,3,14.316666666666666,10.583333333333334,3.7333333333333334,0,0,0,5,0.7392316647264261,0.26076833527357396,0,0,0,6.866666666666666,0.012135922330097087,10,0,1,10,NA,NA,NA,NA,NA
2025,U/N Reef (16-016),16-016,22,178.91666666666666,62.666666666666664,16.233333333333334,100.01666666666667,70.93333333333334,29.083333333333332,600,0.3502561714019562,0.09073125291103867,0.5590125756870051,0.3964601769911505,0.1625523986958547,14.1,0.04964539007092199,31,0.06451612903225806,23,74.19354838709677,NA,NA,NA,NA,NA
2025,U/N Reef (16-054f),16-054f,6,23.883333333333333,6.166666666666667,5.833333333333333,11.883333333333333,11.883333333333333,0,56,0.25819958129797627,0.24424284717376132,0.49755757152826235,0.49755757152826235,0,0.55,0.030303030303030304,13,0,2,15.384615384615385,NA,NA,NA,NA,NA
2025,U/N Reef (20-386),20-386,16,69.4,17.983333333333334,12.833333333333334,38.583333333333336,14.5,24.083333333333332,250,0.2591258405379443,0.18491834774255522,0.5559558117195005,0.2089337175792507,0.3470220941402497,7,0.011904761904761904,177,0.23163841807909605,41,23.163841807909606,48,25,14.811674843645832,2025-02-10,52.083333333333336
2025,U/N Reef (21-056b),21-056b,10,58.35,34.38333333333333,9.433333333333334,14.533333333333333,9.533333333333333,5,96,0.5892602113681805,0.16166809483004857,0.2490716938017709,0.16338189088831762,0.0856898029134533,6.25,0,95,0.042105263157894736,9,9.473684210526317,NA,NA,NA,NA,NA
2025,U/N Reef (21-057),21-057,4,28.5,19,9.5,0,0,0,31,0.6666666666666666,0.3333333333333333,0,0,0,28.5,0.018128654970760234,125,0,6,4.8,24,4,1.5679939184166667,2025-08-22,16.666666666666664
2025,U/N Reef (21-067),21-067,4,14.266666666666667,0,0,14.266666666666667,3.6,10.666666666666666,118,0,0,1,0.2523364485981308,0.747663551401869,14.266666666666667,0.1378504672897196,28,0.6785714285714286,5,17.857142857142858,24,12,18.441610828166667,2025-02-07,50
2025,U/N Reef (21-069),21-069,4,11.8,11.8,0,0,0,0,0,1,0,0,0,0,11.8,0,18,0.05555555555555555,4,22.22222222222222,24,1,0.34751712808333335,2025-02-08,4.166666666666666
2025,U/N Reef (21-092),21-092,2,9,9,0,0,0,0,3,1,0,0,0,0,9,0.005555555555555556,48,0.041666666666666664,2,4.166666666666666,24,19,41.93820750845833,2025-02-11,79.16666666666666
2025,U/N Reef (21-094),21-094,9,51.55,51.55,0,0,0,0,6,1,0,0,0,0,25.333333333333332,0.002631578947368421,79,0,17,21.518987341772153,24,16,11.727310064666666,2025-02-11,66.66666666666666
2025,U/N Reef (21-187),21-187,9,43.63333333333333,16.233333333333334,25.983333333333334,1.4166666666666667,1.4166666666666667,0,47,0.3720397249809015,0.5954927425515661,0.03246753246753247,0.03246753246753247,0,18.866666666666667,0.024734982332155476,92,0.03260869565217391,13,14.130434782608695,NA,NA,NA,NA,NA
2025,U/N Reef (21-188),21-188,12,75.1,56.333333333333336,8.666666666666666,10.1,10.1,0,57,0.7501109631602308,0.11540168664003551,0.1344873501997337,0.1344873501997337,0,24.183333333333334,0.022742935906271536,88,0.03409090909090909,7,7.954545454545454,NA,NA,NA,NA,NA
2025,U/N Reef (21-245),21-245,15,67.18333333333334,46.36666666666667,8.483333333333333,12.333333333333334,8.1,4.233333333333333,102,0.6901513272140908,0.12627139667576281,0.18357727611014638,0.12056561647233936,0.063011659637807,8.25,0.09494949494949495,121,0.0743801652892562,40,33.057851239669425,NA,NA,NA,NA,NA
2025,U/N Reef (21-250a),21-250a,8,33.28333333333333,16.45,12.166666666666666,4.666666666666667,4.666666666666667,0,40,0.4942413620430646,0.3655483224837256,0.14021031547320983,0.14021031547320983,0,16.333333333333332,0.01326530612244898,109,0.027522935779816515,8,7.339449541284404,24,20,15.536350151523944,2025-10-30,83.33333333333334
2025,U/N Reef (21-441),21-441,6,24.666666666666668,24.666666666666668,0,0,0,0,3,1,0,0,0,0,18,0,57,0,7,12.280701754385964,NA,NA,NA,NA,NA
2025,U/N Reef (21-454),21-454,3,21.633333333333333,21.633333333333333,0,0,0,0,1,1,0,0,0,0,21.633333333333333,7.704160246533128e-4,53,0,3,5.660377358490567,NA,NA,NA,NA,NA
2025,U/N Reef (21-460),21-460,7,59.93333333333333,59.93333333333333,0,0,0,0,1,1,0,0,0,0,35.6,0,56,0,4,7.142857142857142,24,2,1,2025-04-10,8.333333333333332
2025,U/N Reef (21-465),21-465,19,106.58333333333333,103.05,0,3.533333333333333,3.533333333333333,0,42,0.9668491008600469,0,0.03315089913995309,0.03315089913995309,0,13.25,0.0025157232704402514,194,0.015463917525773196,14,7.216494845360824,NA,NA,NA,NA,NA
2025,U/N Reef (21-466),21-466,15,120.18333333333334,120.18333333333334,0,0,0,0,6,1,0,0,0,0,13.883333333333333,0,180,0.005555555555555556,10,5.555555555555555,24,2,0.9375,2025-04-12,8.333333333333332
2025,U/N Reef (21-499),21-499,5,23.85,16.266666666666666,7.583333333333333,0,0,0,21,0.6820405310971348,0.3179594689028651,0,0,0,11.866666666666667,0.008426966292134831,138,0.036231884057971016,10,7.246376811594203,NA,NA,NA,NA,NA
2025,U/N Reef (21-500),21-500,5,37.5,27.966666666666665,9.533333333333333,0,0,0,18,0.7457777777777778,0.25422222222222224,0,0,0,21.633333333333333,0.004622496147919877,143,0.006993006993006993,7,4.895104895104895,NA,NA,NA,NA,NA
2025,U/N Reef (21-509),21-509,5,21.033333333333335,21.033333333333335,0,0,0,0,0,1,0,0,0,0,21.033333333333335,0,36,0,5,13.88888888888889,NA,NA,NA,NA,NA
2025,U/N Reef (21-539),21-539,6,23.85,4.333333333333333,0,19.516666666666666,3.0833333333333335,16.433333333333334,240,0.18169112508735147,0,0.8183088749126484,0.12928022361984626,0.6890286512928022,23.85,0.16771488469601678,17,1.1764705882352942,9,52.94117647058824,NA,NA,NA,NA,NA
2025,U/N Reef (21-550),21-550,25,155.86666666666667,75.45,8.816666666666666,71.6,37.95,33.65,444,0.48406757912745935,0.05656544054747647,0.4593669803250641,0.24347733105218136,0.2158896492728828,19.333333333333332,0.11551724137931034,87,0.40229885057471265,46,52.87356321839081,NA,NA,NA,NA,NA
2025,U/N Reef (21-551),21-551,58,311.56666666666666,92.06666666666666,84.01666666666667,135.48333333333332,63.45,72.03333333333333,1077,0.29549588103134694,0.26965871402589064,0.43484540494276236,0.2036482293784102,0.2311971755643522,16.883333333333333,0.022704837117472853,255,0.1411764705882353,57,22.35294117647059,NA,NA,NA,NA,NA
2025,U/N Reef (21-553),21-553,4,18.4,18.4,0,0,0,0,3,1,0,0,0,0,18.4,0.002717391304347826,34,0,5,14.705882352941178,NA,NA,NA,NA,NA
2025,U/N Reef (21-554),21-554,9,65.03333333333333,65.03333333333333,0,0,0,0,2,1,0,0,0,0,9.85,0.001692047377326565,98,0,1,1.0204081632653061,NA,NA,NA,NA,NA
2025,U/N Reef (22-088a),22-088a,47,261.15,65.9,64.55,130.7,58.416666666666664,72.28333333333333,955,0.2523453953666476,0.24717595251771013,0.5004786521156424,0.2236900887101921,0.27678856340545027,17.666666666666668,0.11037735849056604,385,0.18701298701298702,80,20.77922077922078,NA,NA,NA,NA,NA
2025,Wheeler Reef (18-095),18-095,87,265.7,80.11666666666666,37.06666666666667,148.51666666666668,56.6,91.91666666666667,1139,0.3015305482373604,0.13950570819219674,0.558963743570443,0.2130222054949191,0.3459415380755238,7.133333333333334,0.17523364485981308,97,0.010309278350515464,19,19.587628865979383,NA,NA,NA,NA,NA
2025,Wilson Island Reef (23-050),23-050,2,11.95,11.95,0,0,0,0,3,1,0,0,0,0,11.95,0.0041841004184100415,53,0,1,1.8867924528301887,NA,NA,NA,NA,NA
2026,(Little) Broadhurst Reef (18-106),18-106,4,14.4,14.4,0,0,0,0,3,1,0,0,0,0,14.4,0.003472222222222222,55,0,4,7.2727272727272725,NA,NA,NA,NA,NA
2026,Banfield Reef (North) (18-105a),18-105a,6,21.9,7.8,0,14.1,3.8666666666666667,10.233333333333333,81,0.35616438356164387,0,0.6438356164383562,0.17656012176560124,0.4672754946727549,21.9,0.06164383561643835,NA,NA,NA,NA,NA,NA,NA,NA,NA
2026,Batt Reef (16-029),16-029,33,182.26666666666668,41.666666666666664,62.083333333333336,78.51666666666667,34.55,43.96666666666667,596,0.22860277980980245,0.3406181419166057,0.4307790782735918,0.1895574250182882,0.24122165325530356,33,0.03787878787878788,145,0.027586206896551724,42,28.965517241379313,NA,NA,NA,NA,NA
2026,Chinaman Reef (16-024),16-024,13,77.95,34.833333333333336,36.03333333333333,7.083333333333333,7.083333333333333,0,111,0.4468676502031217,0.46226213384648274,0.09087021595039554,0.09087021595039554,0,5.333333333333333,0.009375,60,0.06666666666666667,25,41.66666666666667,NA,NA,NA,NA,NA
2026,Emperor Reef (21-538),21-538,29,144.86666666666667,114.6,9.75,20.516666666666666,18.766666666666666,1.75,123,0.7910722503451448,0.06730326737229636,0.14162448228255867,0.12954440865163366,0.012080073630924988,22.05,0.0015117157974300832,148,0,53,35.810810810810814,NA,NA,NA,NA,NA
2026,Helix Reef (18-076),18-076,12,43.53333333333333,11.133333333333333,22.066666666666666,10.333333333333334,3.1333333333333333,7.2,99,0.2557427258805513,0.5068912710566615,0.23736600306278716,0.07197549770290965,0.1653905053598775,14.066666666666666,0.026066350710900472,NA,NA,NA,NA,NA,NA,NA,NA,NA
2026,Irene Reef (15-084),15-084,13,68.66666666666667,9.333333333333334,10.833333333333334,48.5,33.916666666666664,14.583333333333334,259,0.13592233009708737,0.15776699029126212,0.7063106796116504,0.4939320388349514,0.21237864077669902,10,0.041666666666666664,NA,NA,NA,NA,NA,NA,NA,NA,NA
2026,John Brewer Reef (18-075),18-075,4,11.25,11.25,0,0,0,0,0,1,0,0,0,0,11.25,0,91,0,2,2.197802197802198,NA,NA,NA,NA,NA
2026,Lady Elliot Island Reef (24-008),24-008,6,46.416666666666664,27.083333333333332,11.083333333333334,8.25,8.25,0,68,0.5834829443447038,0.23877917414721725,0.177737881508079,0.177737881508079,0,27.083333333333332,0.03323076923076923,52,0,3,5.769230769230769,NA,NA,NA,NA,NA
2026,Lady Musgrave Reef (23-082a),23-082a,11,45.43333333333333,7.816666666666666,36.8,0.8166666666666667,0.8166666666666667,0,68,0.17204695524578137,0.80997798972854,0.01797505502567865,0.01797505502567865,0,32.68333333333333,0.028556858745537993,88,0.03409090909090909,3,3.4090909090909087,NA,NA,NA,NA,NA
2026,Mackay Reef (16-015),16-015,4,22.833333333333332,0,17,5.833333333333333,5.833333333333333,0,51,0,0.7445255474452556,0.25547445255474455,0.25547445255474455,0,22.833333333333332,0.03722627737226277,NA,NA,NA,NA,NA,NA,NA,NA,NA
2026,Saville-Kent Reef (18-099),18-099,4,11,6,5,0,0,0,9,0.5454545454545454,0.45454545454545453,0,0,0,11,0.013636363636363636,72,0,0,0,NA,NA,NA,NA,NA
2026,Spitfire Reefs (East) (16-012b),16-012b,4,21,10.5,10.5,0,0,0,28,0.5,0.5,0,0,0,21,0.022222222222222223,22,0,9,40.909090909090914,NA,NA,NA,NA,NA
2026,Tongue Reef (16-026),16-026,30,111.18333333333334,51.95,5,54.233333333333334,29.6,24.633333333333333,390,0.4672462899115575,0.0449707690001499,0.4877829410882926,0.2662269524808874,0.22155598860740516,32.2,0.08695652173913042,310,0.0064516129032258064,45,14.516129032258066,NA,NA,NA,NA,NA
2026,U/N Reef (10-384),10-384,2,6,2,4,0,0,0,7,0.3333333333333333,0.6666666666666666,0,0,0,6,0.019444444444444445,123,0,10,8.130081300813007,NA,NA,NA,NA,NA
2026,U/N Reef (15-071c),15-071c,8,53.333333333333336,0,0,53.333333333333336,40,13.333333333333334,225,0,0,1,0.75,0.25,26.666666666666668,0.089375,NA,NA,NA,NA,NA,NA,NA,NA,NA
2026,U/N Reef (21-530),21-530,2,9.583333333333334,9.583333333333334,0,0,0,0,0,1,0,0,0,0,9.583333333333334,0,31,0,2,6.451612903225806,NA,NA,NA,NA,NA
2026,U/N Reef (21-531),21-531,6,27.333333333333332,27.333333333333332,0,0,0,0,2,1,0,0,0,0,17.833333333333332,0.001869158878504673,37,0,5,13.513513513513514,NA,NA,NA,NA,NA
2026,U/N Reef (21-551),21-551,6,51.983333333333334,51.983333333333334,0,0,0,0,19,1,0,0,0,0,17.616666666666667,0.014191106906338695,114,0,4,3.508771929824561,NA,NA,NA,NA,NA
2026,Wheeler Reef (18-095),18-095,12,41.06666666666667,6.4,18.866666666666667,15.8,8,7.8,114,0.15584415584415584,0.4594155844155844,0.3847402597402597,0.1948051948051948,0.18993506493506493,28.733333333333334,0.05626450116009281,NA,NA,NA,NA,NA,NA,NA,NA,NA
2026,Wizard Reef (11-156),11-156,6,25.75,25.75,0,0,0,0,0,1,0,0,0,0,8.75,0,85,0,8,9.411764705882353,NA,NA,NA,NA,NA
