"parameter","Estimate","Est.Error","Q2.5","Q97.5"
"b_Intercept",-4.07302669386259,0.2129251444342,-4.51063368508739,-3.67134446601117
"b_edna_prop_z",0.441389737966439,0.0781363348924584,0.28907076295105,0.598786683061305
"b_distance_z",-0.00563739709967302,0.0401490145531444,-0.0827240499807195,0.0732256533701826
"b_lag_z",-0.20725336349477,0.027448267028959,-0.260075313476527,-0.153161479317171
"sd_event_id__Intercept",0.693283912900343,0.0717246721501453,0.566133264754139,0.850283074246513
"sd_Reef__Intercept",1.07491430861534,0.206305695908728,0.708073539983975,1.52240034126059
"sd_site_id__Intercept",0.520915242265959,0.0496430139813043,0.429536520067049,0.623402106372758
"shape",2.47545902781003,0.116570984732634,2.25246880753241,2.70889334172776
"Intercept",-4.07302669386259,0.2129251444342,-4.51063368508739,-3.67134446601117
"r_event_id[(Big).Broadhurst.Reef.(No.1).(18-100a)__BBHeDNA_2__2025-04-06,Intercept]",-0.32062580861689,0.639663810755773,-1.59325154762835,0.898609582254315
"r_event_id[(Big).Broadhurst.Reef.(No.1).(18-100a)__BBHeDNA_3__2025-04-06,Intercept]",-0.0676772704330898,0.57550574145164,-1.2039195934907,1.04749840078726
"r_event_id[(Big).Broadhurst.Reef.(No.1).(18-100a)__BBHeDNA_4__2025-04-06,Intercept]",-0.0216246543992565,0.550538075384596,-1.099616062264,1.06636655415405
"r_event_id[Banfield.Reef.(North).(18-105a)__BAN_CCIPD02_1__2023-03-31,Intercept]",0.442152035768319,0.317898832138814,-0.1863361533906,1.07073285359304
"r_event_id[Banfield.Reef.(North).(18-105a)__BAN_CCIPD02_2__2023-03-31,Intercept]",0.605574245132506,0.392975856346881,-0.129707557880217,1.39588437791111
"r_event_id[Banfield.Reef.(North).(18-105a)__BanNeDNA_1__2025-04-02,Intercept]",0.265535142140112,0.344743515749139,-0.407089915024261,0.936146775289214
"r_event_id[Banfield.Reef.(North).(18-105a)__BanNeDNA_1__2025-08-04,Intercept]",-0.279971532384655,0.354700003859677,-0.984359462921803,0.427904716891847
"r_event_id[Banfield.Reef.(North).(18-105a)__BanNeDNA_2__2025-08-04,Intercept]",-0.169299377590811,0.303454017460088,-0.759451927124437,0.425428488446388
"r_event_id[Banfield.Reef.(North).(18-105a)__BanNeDNA_3__2025-04-02,Intercept]",0.0694087010470331,0.417179025799329,-0.737729807749782,0.896706999402598
"r_event_id[Banfield.Reef.(North).(18-105a)__BanNeDNA_3__2025-08-04,Intercept]",0.112610029763097,0.401266510332883,-0.659353180661341,0.919537649666272
"r_event_id[Banfield.Reef.(North).(18-105a)__BanNeDNA_4__2025-08-04,Intercept]",-0.395937349862244,0.366863050370747,-1.12522346186314,0.322653142091863
"r_event_id[Batt.Reef.(16-029)__BAEDNA3__2021-05-16,Intercept]",0.734206738971819,0.346521041748328,0.051456916042963,1.4265734365174
"r_event_id[Batt.Reef.(16-029)__BAEDNA3__2022-05-18,Intercept]",-0.747400978801852,0.420853012592093,-1.57885626216873,0.0819932043664453
"r_event_id[Batt.Reef.(16-029)__BAEDNA3__2023-07-03,Intercept]",-0.322476726217891,0.356718230671147,-1.0231340315197,0.37630930929855
"r_event_id[Batt.Reef.(16-029)__BAeDNA3__2025-06-03,Intercept]",0.712099112244367,0.416494807036843,-0.0985858548466468,1.54234355223139
"r_event_id[Batt.Reef.(16-029)__BAeDNA4__2025-06-03,Intercept]",-0.11917156623735,0.339405449070218,-0.791855397910286,0.561603517910563
"r_event_id[Bowden.Reef.(19-019)__BREDNA1__2022-05-22,Intercept]",0.793638865385556,0.347789507843387,0.11748147650468,1.48171347576416
"r_event_id[Bowden.Reef.(19-019)__BREDNA1__2025-08-03,Intercept]",0.20580173307778,0.361336247475551,-0.501218650389707,0.911085085167204
"r_event_id[Bowden.Reef.(19-019)__BREDNA2__2022-05-22,Intercept]",0.0290658213384524,0.379170287219625,-0.705274705878789,0.782894335223896
"r_event_id[Bowden.Reef.(19-019)__BREDNA2__2025-08-03,Intercept]",-0.32717877005892,0.609558976727242,-1.54495463133477,0.870544058867553
"r_event_id[Bowden.Reef.(19-019)__BREDNA3__2022-05-22,Intercept]",-0.224902622271589,0.358368753783076,-0.932273487149384,0.482920535776604
"r_event_id[Bowden.Reef.(19-019)__BREDNA3__2025-08-03,Intercept]",-0.517296087424476,0.42504751123099,-1.36406719416252,0.323376631025562
"r_event_id[Bushy-Redbill.Reef.(20-310)__BRBeDNA1__2025-08-23,Intercept]",0.327460677926969,0.552567510755398,-0.742156570293546,1.41562541798734
"r_event_id[Bushy-Redbill.Reef.(20-310)__BRBeDNA2__2025-08-23,Intercept]",0.337907533868184,0.593466480842127,-0.820927655721668,1.52891388591906
"r_event_id[Darley.Reef.(19-043)__DAR_CCIPD02_1__2023-03-28,Intercept]",-0.794480683971753,0.616543190271928,-2.05331828322997,0.365028841372688
"r_event_id[Darley.Reef.(19-043)__DAR_CCIPD02_2__2023-03-28,Intercept]",0.655208796614341,0.541717224404744,-0.426974952177411,1.71245367613472
"r_event_id[Darley.Reef.(19-043)__DAR_CCIPD02_3__2023-03-29,Intercept]",0.325707258114891,0.545648293011216,-0.747889649120177,1.40432843111525
"r_event_id[Darley.Reef.(19-043)__DAR_CCIPD02_4__2023-03-29,Intercept]",-0.516303159873609,0.6147899190915,-1.74824746526646,0.706238916199721
"r_event_id[Davies.Reef.(18-096)__DR_CCIPD02_1__2023-03-25,Intercept]",0.365081633728353,0.162705481299619,0.0498351976101248,0.678293385691308
"r_event_id[Davies.Reef.(18-096)__DR_CCIPD02_2__2023-03-25,Intercept]",0.0727786331455339,0.507979794853857,-0.912223366915899,1.06457817927439
"r_event_id[Davies.Reef.(18-096)__DREDNA1__2019-05-13,Intercept]",0.492881847917375,0.182939579256104,0.139900188926001,0.865622849068947
"r_event_id[Davies.Reef.(18-096)__DREDNA1__2020-05-17,Intercept]",1.13140729728183,0.365777248008342,0.45196899273373,1.90756617020523
"r_event_id[Davies.Reef.(18-096)__DREDNA1__2021-05-24,Intercept]",0.853847062516181,0.320078478056535,0.250567043098356,1.50985696342157
"r_event_id[Davies.Reef.(18-096)__DREDNA1__2022-05-22,Intercept]",0.60998037310185,0.176723399572103,0.266050199583932,0.959349266067708
"r_event_id[Davies.Reef.(18-096)__DREDNA1__2022-12-27,Intercept]",-0.457072606552968,0.360454476217058,-1.14109443420559,0.28246374813586
"r_event_id[Davies.Reef.(18-096)__DREDNA1__2023-07-08,Intercept]",-0.533303797240082,0.295075010314689,-1.10936416599321,0.0494299487753927
"r_event_id[Davies.Reef.(18-096)__DREDNA1__2024-01-04,Intercept]",-0.252329956348618,0.21850288343634,-0.679017838972812,0.178859795327844
"r_event_id[Davies.Reef.(18-096)__DREDNA1__2024-08-19,Intercept]",-0.764405301332453,0.255092446715027,-1.26888642179871,-0.270472590168344
"r_event_id[Davies.Reef.(18-096)__DREDNA1__2024-12-21,Intercept]",-0.687600852972766,0.413919229345666,-1.47008375253948,0.13435154256416
"r_event_id[Davies.Reef.(18-096)__DREDNA1__2025-08-03,Intercept]",-0.208769673735102,0.261001588064481,-0.717814876521979,0.302717458810075
"r_event_id[Davies.Reef.(18-096)__DREDNA2__2019-05-13,Intercept]",0.680402735875633,0.177794610237227,0.333322992655267,1.02903284012355
"r_event_id[Davies.Reef.(18-096)__DREDNA2__2020-05-17,Intercept]",0.47858822155073,0.489067651736371,-0.464572985558825,1.46331717546051
"r_event_id[Davies.Reef.(18-096)__DREDNA2__2021-05-24,Intercept]",1.25834934700416,0.188686471193342,0.892484157268961,1.63152042140867
"r_event_id[Davies.Reef.(18-096)__DREDNA2__2022-05-22,Intercept]",0.751317542600331,0.173920662628239,0.410788064131856,1.08915507285808
"r_event_id[Davies.Reef.(18-096)__DREDNA2__2022-12-27,Intercept]",-0.00203126959122656,0.226258267569693,-0.436164167978953,0.446468142669814
"r_event_id[Davies.Reef.(18-096)__DREDNA2__2023-07-08,Intercept]",-0.110801889959545,0.198886409148806,-0.499821041220047,0.282150349374441
"r_event_id[Davies.Reef.(18-096)__DREDNA2__2024-01-04,Intercept]",-0.0330982062994101,0.189454448607268,-0.40435383077647,0.338299392140977
"r_event_id[Davies.Reef.(18-096)__DREDNA2__2024-08-19,Intercept]",-0.757413539800787,0.21843911995859,-1.18663471727244,-0.329060231064637
"r_event_id[Davies.Reef.(18-096)__DREDNA2__2024-12-21,Intercept]",-0.222907550388328,0.288149505637654,-0.782750075630738,0.347395060541076
"r_event_id[Davies.Reef.(18-096)__DREDNA2__2025-08-03,Intercept]",-1.13850714769315,0.283543730629132,-1.68776305933138,-0.587207163381649
"r_event_id[Davies.Reef.(18-096)__DREDNA3__2022-05-22,Intercept]",0.53751683987484,0.341291740451597,-0.113957293394544,1.22412381930712
"r_event_id[Davies.Reef.(18-096)__DREDNA3__2022-12-27,Intercept]",-1.01252853493991,0.410416393234006,-1.80027128501978,-0.187976662213657
"r_event_id[Davies.Reef.(18-096)__DREDNA3__2023-07-08,Intercept]",0.0339309964690218,0.473643002502716,-0.892729489573646,0.97885450030579
"r_event_id[Davies.Reef.(18-096)__DREDNA3__2024-01-04,Intercept]",-0.167247941029694,0.362706271557936,-0.88984248394508,0.538159557299438
"r_event_id[Davies.Reef.(18-096)__DREDNA3__2024-08-19,Intercept]",-0.649766366640072,0.539317634608075,-1.7274094158254,0.394501183300256
"r_event_id[Davies.Reef.(18-096)__DREDNA3__2025-08-03,Intercept]",0.0813244007132333,0.408473968842778,-0.721688031536877,0.879067116188913
"r_event_id[Davies.Reef.(18-096)__DREDNA4__2025-08-03,Intercept]",-0.191087884583743,0.264373032754134,-0.703997683022804,0.32052416380099
"r_event_id[Elford.Reef.(16-073)__ErEDNA1__2022-05-20,Intercept]",0.209986225521575,0.593903617417326,-0.942993317031752,1.37812965883404
"r_event_id[Elford.Reef.(16-073)__ErEDNA1B__2023-07-05,Intercept]",-0.294339784231633,0.653340252402549,-1.59685052295802,0.943467910396534
"r_event_id[Elford.Reef.(16-073)__ErEDNA2__2022-05-20,Intercept]",-0.250104450573261,0.648415131070742,-1.58582615411745,1.00993380464202
"r_event_id[Elford.Reef.(16-073)__ErEDNA2__2023-07-05,Intercept]",-0.221536302075728,0.659029100143716,-1.53733809021419,1.06553334854413
"r_event_id[Elford.Reef.(16-073)__ErEDNA3__2022-05-20,Intercept]",-0.26828002783194,0.653730657899078,-1.60216768466514,0.979237019431899
"r_event_id[Eyrie.Reef.(14-118)__EREDNA1__2021-08-22,Intercept]",0.572243061649284,0.366112219826864,-0.137917424843472,1.29880187660689
"r_event_id[Eyrie.Reef.(14-118)__EREDNA1__2022-08-22,Intercept]",-0.0166020903734537,0.314683371306514,-0.638305798909099,0.609027070569767
"r_event_id[Eyrie.Reef.(14-118)__EREDNA1__2023-09-16,Intercept]",-0.256457090970528,0.324588710444012,-0.898473241350053,0.385339896667925
"r_event_id[Eyrie.Reef.(14-118)__EREDNA2__2021-08-22,Intercept]",1.12317035386429,0.332043425112525,0.482625650389741,1.78417907800631
"r_event_id[Eyrie.Reef.(14-118)__EREDNA2__2022-08-22,Intercept]",0.201215621614184,0.368566841958138,-0.534447929311155,0.925158410374574
"r_event_id[Eyrie.Reef.(14-118)__EREDNA2__2023-09-16,Intercept]",0.37438928596736,0.375500975336463,-0.37211677881514,1.11083990428226
"r_event_id[Eyrie.Reef.(14-118)__EREDNA3__2022-08-22,Intercept]",-1.94662419059809,0.444771419168002,-2.84494510155515,-1.07408291681225
"r_event_id[Eyrie.Reef.(14-118)__EREDNA3__2023-09-16,Intercept]",-0.81212264925186,0.367592838282695,-1.54498641771805,-0.109694759563476
"r_event_id[Eyrie.Reef.(14-118)__EREDNA4__2025-09-26,Intercept]",0.929884992614275,0.446792080376375,0.0575490174820229,1.80833694936605
"r_event_id[Faith.Reef.(19-044)__FAI_CCIPD02_1__2023-03-30,Intercept]",0.0346372153787847,0.602809432617911,-1.15714337603768,1.21442100733167
"r_event_id[Fitzroy.Reef.(23-077)__FitzroyReefeDNA2__2026-04-06,Intercept]",-0.244061839027805,0.524660907103694,-1.28182085896445,0.77678134207357
"r_event_id[Fitzroy.Reef.(23-077)__FitzroyReefeDNA3__2026-04-06,Intercept]",0.0627362349495835,0.533567395979886,-0.98585227599309,1.12456327266117
"r_event_id[Fitzroy.Reef.(23-077)__FitzroyReefeDNA4__2026-04-06,Intercept]",0.338111788017999,0.56780277380175,-0.744524620912398,1.45330569597953
"r_event_id[Green.Island.Reef.(16-049)__GIEDNA1__2021-05-15,Intercept]",-0.0113141753721625,0.617188781478952,-1.22416243969886,1.20446433623707
"r_event_id[Green.Island.Reef.(16-049)__GIEDNA1__2023-07-04,Intercept]",-0.35408607766913,0.505054786551333,-1.35171162355663,0.617865120175151
"r_event_id[Green.Island.Reef.(16-049)__GIEDNA2__2021-05-15,Intercept]",0.738598596232181,0.568959836752431,-0.372793501003281,1.88636417362635
"r_event_id[Green.Island.Reef.(16-049)__GIEDNA2__2023-07-04,Intercept]",-1.15699596209359,0.566251980342174,-2.34073632835176,-0.0810908134317532
"r_event_id[Green.Island.Reef.(16-049)__GIeDNA3__2025-08-01,Intercept]",0.864340556724853,0.503376437458628,-0.116260388540669,1.86344982095856
"r_event_id[John.Brewer.Reef.(18-075)__JBReDNA4__2025-08-02,Intercept]",-0.473876373967417,0.659657137117644,-1.77894757355398,0.806552576403454
"r_event_id[Judith.Wright.Reef.(18-101)__JWeDNA_1__2025-08-05,Intercept]",0.899569294107197,0.556400674912496,-0.175490868417184,1.99780959103253
"r_event_id[Judith.Wright.Reef.(18-101)__JWeDNA_3__2025-08-05,Intercept]",-0.840893923123423,0.61509269792267,-2.06119548262743,0.379110506924036
"r_event_id[Keeper.Reef.(18-079)__KR1__2020-05-18,Intercept]",0.420769065607571,0.478946956511879,-0.534153436440435,1.36059356643185
"r_event_id[Keeper.Reef.(18-079)__KR2__2020-05-18,Intercept]",0.0169105832378921,0.474274040530761,-0.897852695932184,0.951952361962336
"r_event_id[Lady.Musgrave.Reef.(23-082a)__LadyMuseDNA1__2026-04-08,Intercept]",-0.187778249694239,0.501906899382242,-1.15706369231857,0.806115867195072
"r_event_id[Lady.Musgrave.Reef.(23-082a)__LadyMuseDNA2__2026-04-08,Intercept]",-0.700864936285417,0.469584704888535,-1.64833646194569,0.21631883555012
"r_event_id[Lady.Musgrave.Reef.(23-082a)__LadyMuseDNA3__2026-04-08,Intercept]",0.596183160628721,0.473314121116901,-0.306377116424497,1.55863730510039
"r_event_id[Lady.Musgrave.Reef.(23-082a)__LadyMuseDNA4__2026-04-08,Intercept]",0.403080451872477,0.481381877876189,-0.527527133210948,1.3620129937681
"r_event_id[Lizard.Island.Reef.(Lagoon).(14-116d)__Big.Vickis.Reef__2022-08-23,Intercept]",0.0302544285288897,0.568098247943497,-1.05478427810197,1.18434330176579
"r_event_id[Lizard.Island.Reef.(Lagoon).(14-116d)__Big.Vickis.Reef__2024-09-16,Intercept]",-0.0966485725739868,0.302709924494198,-0.686363843974364,0.49435137207188
"r_event_id[Lizard.Island.Reef.(Lagoon).(14-116d)__Big.Vickis.Reef__2025-09-25,Intercept]",0.405182413483059,0.340021194040035,-0.266715685700521,1.06511514896769
"r_event_id[Lizard.Island.Reef.(Lagoon).(14-116d)__Casuarina.Beach__2019-08-30,Intercept]",-0.387509742764118,0.469110674875594,-1.29316304858898,0.517808091221009
"r_event_id[Lizard.Island.Reef.(Lagoon).(14-116d)__Casuarina.Beach__2020-08-30,Intercept]",-0.12032154401594,0.576550044203087,-1.24807440435179,1.02890958498086
"r_event_id[Lizard.Island.Reef.(Lagoon).(14-116d)__Casuarina.Beach__2021-08-25,Intercept]",-0.459282290002672,0.591945144712466,-1.62445729344365,0.696207601312902
"r_event_id[Lizard.Island.Reef.(Lagoon).(14-116d)__Casuarina.Beach__2022-08-23,Intercept]",0.422084242423284,0.365538937381347,-0.285516073661334,1.13397290983461
"r_event_id[Lizard.Island.Reef.(Lagoon).(14-116d)__Casuarina.Beach__2023-09-16,Intercept]",-0.306383338924197,0.398132322203586,-1.0860641168149,0.466883191807263
"r_event_id[Lizard.Island.Reef.(Lagoon).(14-116d)__Casuarina.Beach__2025-09-25,Intercept]",0.316068010523664,0.353485825069058,-0.367188245126731,1.02379421458158
"r_event_id[Lizard.Island.Reef.(Lagoon).(14-116d)__Lagoon__2019-08-27,Intercept]",-0.507464326620118,0.545128000580295,-1.5851222628154,0.543828645696181
"r_event_id[Lizard.Island.Reef.(Lagoon).(14-116d)__Lagoon__2020-08-27,Intercept]",-0.597513871884348,0.506363663729971,-1.6601282355028,0.358863277110278
"r_event_id[Lizard.Island.Reef.(Lagoon).(14-116d)__Lagoon__2021-08-24,Intercept]",0.261500060127763,0.467298189312785,-0.640541567795313,1.2005698072111
"r_event_id[Lizard.Island.Reef.(Lagoon).(14-116d)__Lagoon__2022-08-23,Intercept]",0.352792343899503,0.452771651154774,-0.519002283671776,1.21960236958687
"r_event_id[Lizard.Island.Reef.(Lagoon).(14-116d)__Lagoon__2023-09-17,Intercept]",0.731399505845445,0.281782781927943,0.188446051563283,1.29468835836082
"r_event_id[Lizard.Island.Reef.(Lagoon).(14-116d)__Lagoon__2025-09-25,Intercept]",0.0537786186102114,0.474104105494079,-0.868306613782625,0.993024971387339
"r_event_id[Lizard.Island.Reef.(North.East).(14-116b)__Mermaid.Cove__2019-08-29,Intercept]",-0.327154477507538,0.610429963599524,-1.5720225442856,0.857527678755743
"r_event_id[Lizard.Island.Reef.(North.East).(14-116b)__Mermaid.Cove__2020-08-29,Intercept]",-0.0823881609344753,0.611814044255687,-1.27544386682289,1.08524118467391
"r_event_id[Lizard.Island.Reef.(North.East).(14-116b)__Mermaid.Cove__2022-08-23,Intercept]",-0.509880980948264,0.639483343370471,-1.79454738652243,0.726576694416177
"r_event_id[Lizard.Island.Reef.(North.East).(14-116b)__Mermaid.Cove__2022-08-24,Intercept]",0.0574028640097709,0.578065693256597,-1.07079203064876,1.17583469723826
"r_event_id[Lizard.Island.Reef.(North.East).(14-116b)__Mermaid.Cove__2023-09-16,Intercept]",0.213441803350786,0.518153214901505,-0.769982732159282,1.22648664076149
"r_event_id[Lizard.Island.Reef.(North.East).(14-116b)__Mermaid.Cove__2025-09-25,Intercept]",0.366927614192247,0.530590635212699,-0.650348558491291,1.43101478140912
"r_event_id[Lizard.Island.Reef.(North.West).(14-116a)__Clam.Gardens__2019-08-29,Intercept]",-0.328841114870286,0.376846332066782,-1.07932720874939,0.415396533738791
"r_event_id[Lizard.Island.Reef.(North.West).(14-116a)__Clam.Gardens__2020-08-28,Intercept]",-0.265308815293655,0.419710002960647,-1.09996751113083,0.538662108023182
"r_event_id[Lizard.Island.Reef.(North.West).(14-116a)__Clam.Gardens__2021-08-23,Intercept]",0.294310635581065,0.406509591719827,-0.492468050114513,1.09916852950624
"r_event_id[Lizard.Island.Reef.(North.West).(14-116a)__Clam.Gardens__2022-08-22,Intercept]",0.509237375346185,0.441775563102268,-0.345091997718498,1.39818317068848
"r_event_id[Lizard.Island.Reef.(North.West).(14-116a)__Clam.Gardens__2023-09-16,Intercept]",-0.534579293894512,0.385394574227915,-1.29310952247986,0.219804182135765
"r_event_id[Lizard.Island.Reef.(North.West).(14-116a)__Clam.Gardens__2024-09-15,Intercept]",-0.440194251500203,0.376025713990027,-1.18528897634489,0.288621313433761
"r_event_id[Lizard.Island.Reef.(North.West).(14-116a)__Clam.Gardens__2025-09-25,Intercept]",0.782717584759364,0.354535790324177,0.0910135977428853,1.48552064309539
"r_event_id[Lynchs.Reef.(18-091)__LYN_CCIPD02_1__2023-04-01,Intercept]",-0.256552967864107,0.480237624828783,-1.20193513376544,0.6864802192559
"r_event_id[Lynchs.Reef.(18-091)__LYN_CCIPD02_2__2023-04-01,Intercept]",0.260820081051898,0.51976064144601,-0.765957976432119,1.29212414204654
"r_event_id[Lynchs.Reef.(18-091)__LYN_CCIPD02_3__2023-04-01,Intercept]",0.642036376429828,0.502596342200784,-0.32274298492848,1.63972062508939
"r_event_id[Moore.Reef.(16-071)__MOEDNA2__2021-05-14,Intercept]",0.25486890363078,0.539067543980871,-0.80231388019034,1.29656336362954
"r_event_id[Moore.Reef.(16-071)__MOEDNA3__2021-05-14,Intercept]",0.0724602673404183,0.521300198186023,-0.933648892976172,1.07673110565614
"r_event_id[Moore.Reef.(16-071)__MOEDNA3__2022-05-20,Intercept]",-1.08555728687603,0.602248750533464,-2.29383376653027,0.0647620238464153
"r_event_id[Moore.Reef.(16-071)__NW.Corner__2020-09-16,Intercept]",0.235098236629404,0.418913271391827,-0.596364169808237,1.06769296055726
"r_event_id[Moore.Reef.(16-071)__Sunlover.(SW.Corner)__2020-09-14,Intercept]",0.524738128907,0.421528591152309,-0.30454009543234,1.35228005189312
"r_event_id[North.Direction.Reef.(14-143)__NDEDNA2__2023-09-18,Intercept]",0.472109064203739,0.578539697286703,-0.66172939407164,1.63646997294453
"r_event_id[North.Direction.Reef.(14-143)__NDEDNA3__2021-08-24,Intercept]",-0.30297927365103,0.526405518974799,-1.3457957848054,0.711205533736107
"r_event_id[North.Direction.Reef.(14-143)__NDEDNA3__2023-09-18,Intercept]",-0.122843337210942,0.543213032197309,-1.18759768923897,0.914735467232371
"r_event_id[Prawn.Reef.(19-024)__PRA_CCIPD02_1__2023-03-27,Intercept]",-0.242081682788572,0.615724351947394,-1.46659638077056,0.978285855514801
"r_event_id[Prawn.Reef.(19-024)__PRA_CCIPD02_2__2023-03-27,Intercept]",-0.0365198683243346,0.611070440454812,-1.23609397515968,1.18582448022463
"r_event_id[Shrimp.Reef.(18-118)__SHR_CCIPD02_1__2023-03-26,Intercept]",-0.243254135911129,0.618307581218519,-1.46366900076148,0.939625874874058
"r_event_id[Thetford.Reef.(16-068)__THEDNA1__2021-05-15,Intercept]",0.146050273045263,0.493760644311642,-0.822126466987605,1.10586524513288
"r_event_id[Thetford.Reef.(16-068)__THEDNA1__2022-05-19,Intercept]",-0.0310210527303931,0.481074099499968,-0.976781529346518,0.908560377177155
"r_event_id[Thetford.Reef.(16-068)__THEDNA2__2022-05-19,Intercept]",-0.224819698575486,0.568899462172308,-1.34579714355937,0.892879165088814
"r_event_id[Tongue.Reef.(16-026)__TonEDNA1__2021-05-16,Intercept]",0.515624147584328,0.521440465553374,-0.511715085191523,1.54711616619541
"r_event_id[Tongue.Reef.(16-026)__TonEDNA2__2021-05-16,Intercept]",0.135185725783418,0.580640108715084,-1.02244420812436,1.2615785990681
"r_event_id[Tongue.Reef.(16-026)__TonEDNA3__2021-05-16,Intercept]",-0.386095295781687,0.576624972035004,-1.52750019666574,0.72492690803531
"r_event_id[U/N.Reef.(11-049)__11-049eDNA1__2024-12-11,Intercept]",0.405600733770122,0.574527786016046,-0.718820137906148,1.51708574227183
"r_event_id[U/N.Reef.(11-049)__11-049eDNA2__2024-12-11,Intercept]",-0.372174120182226,0.589016019429602,-1.55341286076383,0.775214075081918
"r_event_id[U/N.Reef.(15-043)__15-043eDNA1__2026-01-27,Intercept]",-0.433475880874522,0.649986935018699,-1.74652449584211,0.812355663200558
"r_event_id[U/N.Reef.(20-386)__20-386eDNA1__2025-08-19,Intercept]",-0.128966110514242,0.464279214546972,-1.04469178532523,0.801815517585866
"r_event_id[U/N.Reef.(20-386)__20-386eDNA2__2025-08-19,Intercept]",0.441038374608073,0.527935049740257,-0.588100726789941,1.5141165243989
"r_event_id[U/N.Reef.(20-386)__20-386eDNA3__2025-08-19,Intercept]",0.0564998313780111,0.465252153914078,-0.859169039686383,0.96120885833226
"r_event_id[U/N.Reef.(20-386)__20-386eDNA4__2025-08-19,Intercept]",-0.143662040987271,0.449750098685847,-1.0270158066678,0.746059447415964
"r_event_id[U/N.Reef.(21-057)__21-057eDNA2__2025-08-22,Intercept]",0.0755073776676445,0.556462528550051,-1.0280107282256,1.16327729682863
"r_event_id[U/N.Reef.(21-057)__21-057eDNA3__2025-08-22,Intercept]",0.153436642197631,0.590817759097325,-0.999267786908824,1.32611494816203
"r_event_id[U/N.Reef.(21-067)__21-067eDNA1__2025-02-07,Intercept]",0.275574341165057,0.577895736304144,-0.830422422227905,1.45237453037875
"r_event_id[U/N.Reef.(21-067)__21-067eDNA3__2025-02-07,Intercept]",0.687403342784753,0.592868480619251,-0.439679563005049,1.85854306422032
"r_event_id[U/N.Reef.(21-067)__21-067eDNA4__2025-02-07,Intercept]",-0.0776680471953465,0.553925686293481,-1.16418988843887,1.0036345492622
"r_event_id[U/N.Reef.(21-069)__21-069eDNA1__2025-02-08,Intercept]",-0.172883499538162,0.672689602123855,-1.50630806291317,1.15102605190222
"r_event_id[U/N.Reef.(21-069)__21-069eDNA2__2025-02-08,Intercept]",-0.2204688473133,0.658474382944004,-1.51048704222304,1.08958526101021
"r_event_id[U/N.Reef.(21-069)__21-069eDNA4__2025-02-08,Intercept]",-0.12113765872024,0.677020449219052,-1.43107402492232,1.2120577801235
"r_event_id[U/N.Reef.(21-250a)__21-250aeDNA1__2025-10-30,Intercept]",-0.124482782438345,0.599782413839993,-1.32999378898873,1.05787539037659
"r_event_id[U/N.Reef.(21-250a)__21-250aeDNA2__2025-10-30,Intercept]",-0.0886585567728091,0.510272375758219,-1.08374475443658,0.927737376569374
"r_event_id[U/N.Reef.(21-250a)__21-250aeDNA3__2025-10-30,Intercept]",0.142791042821056,0.539316387679366,-0.905320143424304,1.20826911336716
"r_event_id[U/N.Reef.(21-250a)__21-250aeDNA4__2025-10-30,Intercept]",0.0764157590757035,0.544404155854189,-0.986765458721242,1.15438667571079
"r_event_id[U/N.Reef.(21-460)__21-460eDNA_1__2025-04-10,Intercept]",-0.670057809034628,0.641908450339357,-1.92658342729918,0.586260513813593
"r_event_id[U/N.Reef.(21-460)__21-460eDNA_4__2025-04-10,Intercept]",-0.179068503860973,0.663011784856178,-1.51687544124014,1.09390591166608
"r_event_id[U/N.Reef.(21-466)__21-466eDNA_2__2025-04-12,Intercept]",-0.31574064338545,0.578115456740775,-1.48278141978042,0.819737868723899
"r_event_id[U/N.Reef.(21-466)__21-466eDNA_3__2025-04-12,Intercept]",-0.289043019762838,0.570759877685422,-1.42362065061315,0.843144705688741
"r_event_id[U/N.Reef.(21-466)__21-466eDNA_4__2025-04-12,Intercept]",-0.195575864392634,0.660795839489563,-1.49597613360228,1.09961270897814
"r_event_id[Vicki.Harriott.Reef.(15-070)__VickHareDNA1__2026-01-26,Intercept]",0.33491181086501,0.420480690743106,-0.461665713855088,1.18115041404943
"r_event_id[Vicki.Harriott.Reef.(15-070)__VickHareDNA2__2026-01-26,Intercept]",-0.356701735849875,0.483899185705804,-1.28703577994531,0.59559026397731
"r_event_id[Vicki.Harriott.Reef.(15-070)__VickHareDNA3__2026-01-26,Intercept]",-0.463958034850536,0.547993165251978,-1.53947432902736,0.600370536875184
"r_event_id[Vicki.Harriott.Reef.(15-070)__VickHareDNA4__2026-01-26,Intercept]",0.625415879045697,0.441981396790991,-0.221938421764059,1.51169207421793
"r_Reef[(Big).Broadhurst.Reef.(No.1).(18-100a),Intercept]",-0.880205268510346,0.566994161558568,-1.99225627552069,0.210030439096603
"r_Reef[Banfield.Reef.(North).(18-105a),Intercept]",1.36555725620226,0.372113595136495,0.642769142965937,2.10476951615772
"r_Reef[Batt.Reef.(16-029),Intercept]",0.539628154112573,0.424404829423983,-0.27385887722272,1.389534592181
"r_Reef[Bowden.Reef.(19-019),Intercept]",-0.062242336371867,0.370086131582815,-0.780099716486269,0.651570079819592
"r_Reef[Bushy-Redbill.Reef.(20-310),Intercept]",1.50618733183899,0.607801372817491,0.347710109075834,2.73573580065061
"r_Reef[Darley.Reef.(19-043),Intercept]",-0.681221518834949,0.504538386794909,-1.69027845762039,0.290726332064282
"r_Reef[Davies.Reef.(18-096),Intercept]",0.298002228443906,0.281839523134795,-0.238782743378855,0.867427382721475
"r_Reef[Elford.Reef.(16-073),Intercept]",-1.82863579419567,0.640556374371861,-3.14954071702219,-0.614072384840398
"r_Reef[Eyrie.Reef.(14-118),Intercept]",0.29284670396259,0.336839771641232,-0.363566578539615,0.962473014061876
"r_Reef[Faith.Reef.(19-044),Intercept]",0.124701779338518,0.680341180313169,-1.17887381966572,1.45391237221768
"r_Reef[Fitzroy.Reef.(23-077),Intercept]",0.356797880745631,0.527173386212556,-0.676541688033561,1.41549009357437
"r_Reef[Green.Island.Reef.(16-049),Intercept]",0.187666665491218,0.453559520129693,-0.688620612571678,1.08518095861218
"r_Reef[John.Brewer.Reef.(18-075),Intercept]",-1.12167245602938,0.924671605575939,-3.08525224278317,0.583265294197443
"r_Reef[Judith.Wright.Reef.(18-101),Intercept]",0.0985607171128395,0.589413495979773,-1.089823499516,1.23458319757409
"r_Reef[Keeper.Reef.(18-079),Intercept]",0.990998434622507,0.510272125891775,-0.0180647079159141,1.98503315259812
"r_Reef[Lady.Musgrave.Reef.(23-082a),Intercept]",0.207254886087199,0.444209805080024,-0.653049622563865,1.08597382386838
"r_Reef[Lizard.Island.Reef.(Lagoon).(14-116d),Intercept]",0.397455885915275,0.317780138985891,-0.22734886130262,1.01946715790372
"r_Reef[Lizard.Island.Reef.(North.East).(14-116b),Intercept]",-0.54564171573282,0.518112647102067,-1.57084893275905,0.443796074863544
"r_Reef[Lizard.Island.Reef.(North.West).(14-116a),Intercept]",0.00133002250249828,0.384479818110239,-0.75619116520971,0.770788680790496
"r_Reef[Lynchs.Reef.(18-091),Intercept]",1.43985831648328,0.487488647751889,0.490838269724893,2.42596838331662
"r_Reef[Moore.Reef.(16-071),Intercept]",-0.0570473758208518,0.427720928450769,-0.890890779220439,0.783588051477025
"r_Reef[North.Direction.Reef.(14-143),Intercept]",0.164948940682895,0.551852543274907,-0.897394373626063,1.25691508727384
"r_Reef[Prawn.Reef.(19-024),Intercept]",-0.618378028271438,0.693148694526984,-2.00757928345438,0.723013597374055
"r_Reef[Shrimp.Reef.(18-118),Intercept]",-0.539313106007315,0.731949700667244,-1.99387864493804,0.87586229896265
"r_Reef[Thetford.Reef.(16-068),Intercept]",-0.258280890015422,0.502807420882702,-1.24975639539891,0.724520848127339
"r_Reef[Tongue.Reef.(16-026),Intercept]",0.61670705252604,0.533039096782,-0.39126945946865,1.7000299592148
"r_Reef[U/N.Reef.(11-049),Intercept]",0.0952382918443275,0.603779717395504,-1.07192751417591,1.28191453335554
"r_Reef[U/N.Reef.(15-043),Intercept]",-1.0157215282421,0.930175662390555,-2.97603326594744,0.684056467460071
"r_Reef[U/N.Reef.(20-386),Intercept]",0.485606767296451,0.426304181618164,-0.324407064935771,1.35645614377599
"r_Reef[U/N.Reef.(21-057),Intercept]",0.459206292546466,0.602262153201515,-0.723989973081781,1.65177711217759
"r_Reef[U/N.Reef.(21-067),Intercept]",1.97134629689566,0.573473599505129,0.869250118099126,3.10570098808733
"r_Reef[U/N.Reef.(21-069),Intercept]",-1.17994045281548,0.875017864833024,-3.04909868383899,0.37824786683782
"r_Reef[U/N.Reef.(21-250a),Intercept]",0.0465191004829057,0.488373296145439,-0.904970283667707,1.02479343516556
"r_Reef[U/N.Reef.(21-460),Intercept]",-1.96082007465436,0.804834256433958,-3.6182473777025,-0.46016234137936
"r_Reef[U/N.Reef.(21-466),Intercept]",-1.7302101761776,0.620091984932732,-2.96307235106467,-0.536299307349347
"r_Reef[Vicki.Harriott.Reef.(15-070),Intercept]",0.35997755816964,0.429454257278351,-0.473431610360543,1.18666994139351
"r_site_id[(Big).Broadhurst.Reef.(No.1).(18-100a)__(BI_18-100a_135,Intercept]",-0.337154625887805,0.483426386338752,-1.29514665207214,0.573730778721632
"r_site_id[(Big).Broadhurst.Reef.(No.1).(18-100a)__BBR_18-100a_102,Intercept]",-0.0177998108938861,0.47342321959948,-0.938666059092791,0.917038620218451
"r_site_id[(Big).Broadhurst.Reef.(No.1).(18-100a)__BBR_18-100a_78,Intercept]",0.33901903160267,0.452811600559583,-0.548342915921244,1.22123459124444
"r_site_id[(Big).Broadhurst.Reef.(No.1).(18-100a)__BBR_18-100a_92,Intercept]",-0.143490707782665,0.474377975064306,-1.08192875553667,0.786446499483403
"r_site_id[(Big).Broadhurst.Reef.(No.1).(18-100a)__BBR_18-100a_95,Intercept]",0.0994011011607436,0.469099013132747,-0.809845333684206,1.03106534575737
"r_site_id[(Big).Broadhurst.Reef.(No.1).(18-100a)__BBR_18-100a_97,Intercept]",-0.172463779116307,0.486704371120879,-1.15404417982035,0.760296510960644
"r_site_id[Banfield.Reef.(North).(18-105a)__BAN_18-105a_1,Intercept]",-0.328599912300457,0.268450505765934,-0.847280968484335,0.200354762304227
"r_site_id[Banfield.Reef.(North).(18-105a)__BAN_18-105a_10,Intercept]",0.225701895056242,0.285939888947497,-0.341477121558356,0.792562605412371
"r_site_id[Banfield.Reef.(North).(18-105a)__BAN_18-105a_15,Intercept]",-0.301938288628859,0.41049399791102,-1.11492127443703,0.506333680107802
"r_site_id[Banfield.Reef.(North).(18-105a)__BAN_18-105a_2,Intercept]",-0.132630253797271,0.270361169211715,-0.652950996179252,0.393101487660873
"r_site_id[Banfield.Reef.(North).(18-105a)__BAN_18-105a_3,Intercept]",0.0894534883925636,0.254659285341361,-0.405528510378139,0.589381714617807
"r_site_id[Banfield.Reef.(North).(18-105a)__BAN_18-105a_4,Intercept]",0.169643082779944,0.31596279492465,-0.450668098281737,0.793000667123068
"r_site_id[Banfield.Reef.(North).(18-105a)__BAN_18-105a_5,Intercept]",0.253615801925824,0.324436800917437,-0.381496596204829,0.889573027259161
"r_site_id[Banfield.Reef.(North).(18-105a)__BAN_18-105a_7,Intercept]",0.232481006294146,0.322442869537955,-0.390907543638699,0.876175414528336
"r_site_id[Banfield.Reef.(North).(18-105a)__BAN_18-105a_8,Intercept]",0.111165560043628,0.391106759428252,-0.661808975288631,0.869259143813519
"r_site_id[Batt.Reef.(16-029)__BAT_16-029_80,Intercept]",-0.392450130374186,0.41569190312331,-1.20950801332823,0.39961149813242
"r_site_id[Batt.Reef.(16-029)__BAT_16-029_81,Intercept]",0.180824312520257,0.289398069316363,-0.371748746138847,0.760896785750112
"r_site_id[Batt.Reef.(16-029)__BAT_16-029_82,Intercept]",0.337663718209108,0.268344297573745,-0.176150602151852,0.862034794112517
"r_site_id[Batt.Reef.(16-029)__BAT_16-029_83,Intercept]",0.710825043078104,0.259209634341003,0.204933222848211,1.23638705209603
"r_site_id[Batt.Reef.(16-029)__BAT_16-029_84,Intercept]",0.13563784765293,0.2820591343656,-0.415094086285498,0.686416144360368
"r_site_id[Batt.Reef.(16-029)__BAT_16-029_85,Intercept]",-0.240332288913463,0.329628113085971,-0.889110673775079,0.425647967302245
"r_site_id[Batt.Reef.(16-029)__BAT_16-029_86,Intercept]",-0.16514562322134,0.423873222207852,-0.984640040542623,0.659800254457622
"r_site_id[Batt.Reef.(16-029)__BAT_16-029_91,Intercept]",-0.343499694148841,0.431173419385027,-1.19970004595411,0.4889989682111
"r_site_id[Batt.Reef.(16-029)__BAT_16-029_92,Intercept]",-0.0705121711221986,0.398314271903927,-0.855495125767517,0.733491695276768
"r_site_id[Bowden.Reef.(19-019)__BOW_19-019_1,Intercept]",-0.201287361529768,0.456716468034839,-1.109587142697,0.693247674925872
"r_site_id[Bowden.Reef.(19-019)__BOW_19-019_15,Intercept]",0.124990179234742,0.395531175539329,-0.641493133000455,0.906098682707284
"r_site_id[Bowden.Reef.(19-019)__BOW_19-019_18,Intercept]",-0.459752602947016,0.397225913796351,-1.24602806425841,0.308435965302909
"r_site_id[Bowden.Reef.(19-019)__BOW_19-019_19,Intercept]",1.0896793350551,0.287916389487092,0.54129812048445,1.66633244182409
"r_site_id[Bowden.Reef.(19-019)__BOW_19-019_20,Intercept]",0.884682211872562,0.308550385479365,0.276146911775197,1.50475229339873
"r_site_id[Bowden.Reef.(19-019)__BOW_19-019_21,Intercept]",-0.243350577670087,0.43257773381515,-1.0884082385613,0.602634376558085
"r_site_id[Bowden.Reef.(19-019)__BOW_19-019_23,Intercept]",-0.169784742994639,0.464978324307136,-1.06813626467633,0.741177256193557
"r_site_id[Bowden.Reef.(19-019)__BOW_19-019_24,Intercept]",-0.0898893902449247,0.462200312502221,-0.996681181295973,0.831391164369929
"r_site_id[Bowden.Reef.(19-019)__BOW_19-019_25,Intercept]",0.0194989917118846,0.414533984339328,-0.793118590490262,0.839374729174818
"r_site_id[Bowden.Reef.(19-019)__BOW_19-019_26,Intercept]",-0.155105460432905,0.462376926887635,-1.07311795757894,0.760590783436165
"r_site_id[Bowden.Reef.(19-019)__BOW_19-019_27,Intercept]",-0.182686429724483,0.482813834983746,-1.14388978547225,0.766994914678851
"r_site_id[Bowden.Reef.(19-019)__BOW_19-019_28,Intercept]",-0.0355971086049515,0.40037727327432,-0.848479625831455,0.742786223770812
"r_site_id[Bowden.Reef.(19-019)__BOW_19-019_29,Intercept]",0.00231172151631679,0.381086067225278,-0.750218433874548,0.748258487264376
"r_site_id[Bowden.Reef.(19-019)__BOW_19-019_3,Intercept]",0.581594379551587,0.382172089234205,-0.151976486604858,1.35542381620246
"r_site_id[Bowden.Reef.(19-019)__BOW_19-019_30,Intercept]",0.215926198944878,0.433879519894308,-0.615198534201441,1.07383049978226
"r_site_id[Bowden.Reef.(19-019)__BOW_19-019_31,Intercept]",-0.08058695040486,0.391119468322924,-0.84600167382226,0.683728030686597
"r_site_id[Bowden.Reef.(19-019)__BOW_19-019_33,Intercept]",-0.426351905354335,0.49213605558908,-1.38973949767015,0.532697118603534
"r_site_id[Bowden.Reef.(19-019)__BOW_19-019_34,Intercept]",-0.120389884079433,0.460871848218208,-1.0174364438819,0.792575724068044
"r_site_id[Bowden.Reef.(19-019)__BOW_19-019_35,Intercept]",-0.0875130481882312,0.445930063190912,-0.94228821081889,0.790764380783703
"r_site_id[Bowden.Reef.(19-019)__BOW_19-019_36,Intercept]",-0.15014334942358,0.45901992070915,-1.05531109494189,0.75939901015668
"r_site_id[Bowden.Reef.(19-019)__BOW_19-019_38,Intercept]",-0.408314371512777,0.490668197315874,-1.37302784498375,0.541954047974101
"r_site_id[Bowden.Reef.(19-019)__BOW_19-019_39,Intercept]",0.273151159938487,0.415654335516179,-0.517893718696592,1.11255263557756
"r_site_id[Bowden.Reef.(19-019)__BOW_19-019_41,Intercept]",-0.194270826436862,0.433871864892654,-1.05185413100742,0.643152021403844
"r_site_id[Bowden.Reef.(19-019)__BOW_19-019_42,Intercept]",-0.570959856731086,0.395082145525408,-1.34635143116067,0.222765405837645
"r_site_id[Bowden.Reef.(19-019)__BOW_19-019_43,Intercept]",-0.487785172359418,0.407480202077166,-1.28129254145064,0.31429891939234
"r_site_id[Bowden.Reef.(19-019)__BOW_19-019_44,Intercept]",0.100949337017421,0.414481261305787,-0.691817655203701,0.933655352466854
"r_site_id[Bowden.Reef.(19-019)__BOW_19-019_45,Intercept]",-0.0540916316933487,0.412788987959618,-0.869388183496351,0.771034013947467
"r_site_id[Bowden.Reef.(19-019)__BOW_19-019_46,Intercept]",0.0763980385942527,0.416047536005536,-0.723007676235106,0.897267577614285
"r_site_id[Bowden.Reef.(19-019)__BOW_19-019_49,Intercept]",-0.069450929902404,0.460290917950898,-0.983021660250225,0.836343274693559
"r_site_id[Bowden.Reef.(19-019)__BOW_19-019_52,Intercept]",0.0947978961510232,0.348129240782784,-0.569020712715887,0.780084849012791
"r_site_id[Bowden.Reef.(19-019)__BOW_19-019_53,Intercept]",0.21117716391393,0.400951239955974,-0.556948485996177,1.02053563504681
"r_site_id[Bowden.Reef.(19-019)__BOW_19-019_56,Intercept]",-0.273416532953561,0.48208349616772,-1.21469663813746,0.654664950117832
"r_site_id[Bowden.Reef.(19-019)__BOW_19-019_57,Intercept]",0.330056632476192,0.391004459134384,-0.406501984979326,1.12683819356137
"r_site_id[Bowden.Reef.(19-019)__BOW_19-019_60,Intercept]",-0.450664766841092,0.499929746364219,-1.45202484631921,0.53134711783392
"r_site_id[Bowden.Reef.(19-019)__BOW_19-019_61,Intercept]",-0.196852235736109,0.477563254588132,-1.14638977199482,0.721305245380974
"r_site_id[Bowden.Reef.(19-019)__BOW_19-019_62,Intercept]",-0.126933816067024,0.468982910939299,-1.06084923073317,0.77686222918283
"r_site_id[Bowden.Reef.(19-019)__BOW_19-019_64,Intercept]",0.117883226255854,0.436367832138469,-0.731972527262887,0.984578889105665
"r_site_id[Bowden.Reef.(19-019)__BOW_19-019_65,Intercept]",-0.263688694480265,0.408907622323226,-1.06779158660631,0.537030813942912
"r_site_id[Bowden.Reef.(19-019)__BOW_19-019_67,Intercept]",0.279232966670683,0.431675237494021,-0.563055966100099,1.148943341408
"r_site_id[Bowden.Reef.(19-019)__BOW_19-019_68,Intercept]",0.197745291114366,0.408286843357406,-0.593708524259338,1.01050992023454
"r_site_id[Bowden.Reef.(19-019)__BOW_19-019_69,Intercept]",0.277186990048327,0.419998898991873,-0.518606211590786,1.11533151876323
"r_site_id[Bowden.Reef.(19-019)__BOW_19-019_71,Intercept]",-0.240739636320488,0.47180952190896,-1.16476501614665,0.693258387519679
"r_site_id[Bowden.Reef.(19-019)__BOW_19-019_73,Intercept]",0.420965518392449,0.420366852059436,-0.390582908289773,1.26020630121481
"r_site_id[Bowden.Reef.(19-019)__BOW_19-019_81,Intercept]",0.146283482160484,0.434946835803921,-0.691870000611421,1.01166852988817
"r_site_id[Bowden.Reef.(19-019)__BOW_19-019_83,Intercept]",-0.268851507730032,0.459484250691579,-1.16465452533891,0.624683495572117
"r_site_id[Bowden.Reef.(19-019)__BOW_19-019_84,Intercept]",0.232622970986214,0.430100497043736,-0.609672382859143,1.06711648585478
"r_site_id[Bowden.Reef.(19-019)__BOW_19-019_87,Intercept]",0.204888345729651,0.412416138818268,-0.58548641193496,1.0291096273337
"r_site_id[Bowden.Reef.(19-019)__BOW_19-019_88,Intercept]",-0.00116866888214475,0.458441533231358,-0.904633794842954,0.882879690813312
"r_site_id[Bowden.Reef.(19-019)__BOW_19-019_89,Intercept]",0.154827878032257,0.40349754057138,-0.620823647360458,0.954225601112366
"r_site_id[Bowden.Reef.(19-019)__BOW_19-019_90,Intercept]",-0.00627693172225138,0.428920644379045,-0.835093282638498,0.835344542905904
"r_site_id[Bowden.Reef.(19-019)__BOW_19-019_92,Intercept]",-0.22036611770253,0.442256520699532,-1.06491504212702,0.648176848752591
"r_site_id[Bowden.Reef.(19-019)__BOW_19-019_94,Intercept]",0.0861342928791924,0.439823465440134,-0.768928446063426,0.96077305510059
"r_site_id[Bowden.Reef.(19-019)__BOW_19-019_97,Intercept]",0.0371714995997588,0.417401705391681,-0.760030382084944,0.87740928664192
"r_site_id[Bushy-Redbill.Reef.(20-310)__BUS_20-310_1,Intercept]",0.11046013729984,0.421327282638802,-0.704130781696992,0.960192407278354
"r_site_id[Bushy-Redbill.Reef.(20-310)__BUS_20-310_19,Intercept]",0.201493994983082,0.477331916982986,-0.726226866137643,1.13009309434338
"r_site_id[Bushy-Redbill.Reef.(20-310)__BUS_20-310_20,Intercept]",-0.00261938679921037,0.43254234205899,-0.842166367216716,0.849160695695801
"r_site_id[Bushy-Redbill.Reef.(20-310)__BUS_20-310_21,Intercept]",0.078932623592055,0.432920944565873,-0.750413854379881,0.947885182557231
"r_site_id[Bushy-Redbill.Reef.(20-310)__BUS_20-310_22,Intercept]",-0.0178380091294042,0.43795746317794,-0.861655773816434,0.863293957500399
"r_site_id[Darley.Reef.(19-043)__DAR_19-043_58,Intercept]",-0.289114621950738,0.501888993942517,-1.30134391475294,0.685987267318697
"r_site_id[Darley.Reef.(19-043)__DAR_19-043_62,Intercept]",0.184535445622433,0.46843265300534,-0.721603115510638,1.12525322807994
"r_site_id[Darley.Reef.(19-043)__DAR_19-043_91,Intercept]",-0.447607668867414,0.48523016139542,-1.41911070085782,0.473463039424656
"r_site_id[Darley.Reef.(19-043)__DAR_19-043_98,Intercept]",0.370350747134433,0.457801500202565,-0.512254422591276,1.28647782893636
"r_site_id[Davies.Reef.(18-096)__DAV_18-096_10,Intercept]",-0.195382740844339,0.4854300081196,-1.13862297610847,0.75078424123202
"r_site_id[Davies.Reef.(18-096)__DAV_18-096_11,Intercept]",-0.225142448434217,0.43622298475844,-1.08984381208747,0.622475311578337
"r_site_id[Davies.Reef.(18-096)__DAV_18-096_12,Intercept]",-0.395013093135188,0.318968459702414,-1.00842194516849,0.228737166230998
"r_site_id[Davies.Reef.(18-096)__DAV_18-096_13,Intercept]",0.28918298982866,0.255541955016387,-0.197229629031377,0.793160542524771
"r_site_id[Davies.Reef.(18-096)__DAV_18-096_14,Intercept]",0.711316941730466,0.196305053433825,0.334875587120969,1.09794806015801
"r_site_id[Davies.Reef.(18-096)__DAV_18-096_15,Intercept]",0.419347442833791,0.229831863817216,-0.0276813439349193,0.884430019902616
"r_site_id[Davies.Reef.(18-096)__DAV_18-096_16,Intercept]",-0.279467902930591,0.23229632910955,-0.726625750985834,0.181627878724406
"r_site_id[Davies.Reef.(18-096)__DAV_18-096_17,Intercept]",-0.223060312562523,0.19039225277152,-0.584677866857947,0.154288403691963
"r_site_id[Davies.Reef.(18-096)__DAV_18-096_18,Intercept]",0.550262273458385,0.149485227144628,0.262209112474614,0.842908332737641
"r_site_id[Davies.Reef.(18-096)__DAV_18-096_19,Intercept]",0.535069094428635,0.149384289017417,0.24185074167198,0.830674960872426
"r_site_id[Davies.Reef.(18-096)__DAV_18-096_20,Intercept]",-0.106228989606532,0.178799874558269,-0.461327093592318,0.247952493800796
"r_site_id[Davies.Reef.(18-096)__DAV_18-096_21,Intercept]",-0.289354105795848,0.355060501012553,-0.985186411113264,0.4054569162851
"r_site_id[Davies.Reef.(18-096)__DAV_18-096_22,Intercept]",-0.351567055489667,0.206842343225513,-0.755015000200646,0.0534898292534511
"r_site_id[Davies.Reef.(18-096)__DAV_18-096_23,Intercept]",-0.667405406384865,0.266133036545317,-1.18376747701735,-0.141502513420995
"r_site_id[Davies.Reef.(18-096)__DAV_18-096_24,Intercept]",-0.466608638417126,0.247368244886157,-0.948938479712324,0.0180403039448341
"r_site_id[Davies.Reef.(18-096)__DAV_18-096_25,Intercept]",0.00868670918838817,0.313380785500877,-0.618716551429956,0.617179652504655
"r_site_id[Davies.Reef.(18-096)__DAV_18-096_26,Intercept]",-0.00783322699990404,0.391879465447488,-0.777976146023421,0.7637445596419
"r_site_id[Davies.Reef.(18-096)__DAV_18-096_28,Intercept]",0.0314600821620232,0.450116954207141,-0.8304388942645,0.906224762432122
"r_site_id[Davies.Reef.(18-096)__DAV_18-096_29,Intercept]",0.565118134876683,0.163685185386704,0.25097612433961,0.89042961041604
"r_site_id[Davies.Reef.(18-096)__DAV_18-096_30,Intercept]",-0.226168486922789,0.238228150741015,-0.700538677898798,0.238938645481735
"r_site_id[Davies.Reef.(18-096)__DAV_18-096_31,Intercept]",0.23205634728822,0.18388351399947,-0.126499759843139,0.59588252726212
"r_site_id[Davies.Reef.(18-096)__DAV_18-096_32,Intercept]",-0.0296241137935869,0.239186926267465,-0.498419679810158,0.450761171469686
"r_site_id[Davies.Reef.(18-096)__DAV_18-096_33,Intercept]",-0.433551370287496,0.273228660479761,-0.966328169339058,0.110892287365955
"r_site_id[Davies.Reef.(18-096)__DAV_18-096_34,Intercept]",0.230649269263419,0.262617343903427,-0.274451459408025,0.74708332464178
"r_site_id[Davies.Reef.(18-096)__DAV_18-096_35,Intercept]",-0.21418489919279,0.42098448847744,-1.04079227769079,0.608255336255497
"r_site_id[Davies.Reef.(18-096)__DAV_18-096_36,Intercept]",-0.337784814098052,0.248559678824564,-0.824647477830992,0.159652267034384
"r_site_id[Davies.Reef.(18-096)__DAV_18-096_37,Intercept]",0.966899070126311,0.204659531093521,0.567275334318416,1.37217911988614
"r_site_id[Davies.Reef.(18-096)__DAV_18-096_9,Intercept]",-0.0666538350326654,0.468929184486105,-0.994783847842085,0.841959193546273
"r_site_id[Elford.Reef.(16-073)__ELF_16-073_12,Intercept]",-0.15616573961886,0.496286309819402,-1.12391676015806,0.816676073966355
"r_site_id[Elford.Reef.(16-073)__ELF_16-073_3,Intercept]",-0.12082147602772,0.500628596233694,-1.14178089899278,0.856452134620284
"r_site_id[Elford.Reef.(16-073)__ELF_16-073_4,Intercept]",-0.126264504615137,0.504146774007236,-1.13847298800818,0.867349241766836
"r_site_id[Elford.Reef.(16-073)__ELF_16-073_51,Intercept]",-0.0618974651268803,0.504199283239693,-1.05607017043707,0.913847431365946
"r_site_id[Elford.Reef.(16-073)__ELF_16-073_52,Intercept]",-0.0897879812101357,0.508438922829912,-1.10667155716305,0.902467654475635
"r_site_id[Elford.Reef.(16-073)__ELF_16-073_9,Intercept]",0.111439971714923,0.478003572481145,-0.816672319217442,1.05160010856506
"r_site_id[Eyrie.Reef.(14-118)__EYR_14-118_1,Intercept]",0.389397948686872,0.41510992369925,-0.41573529463217,1.20741445834794
"r_site_id[Eyrie.Reef.(14-118)__EYR_14-118_11,Intercept]",0.116898925391292,0.458172647631273,-0.7923999387162,0.998565867286611
"r_site_id[Eyrie.Reef.(14-118)__EYR_14-118_14,Intercept]",0.498748071941898,0.363295542401522,-0.214746187138315,1.21767710336885
"r_site_id[Eyrie.Reef.(14-118)__EYR_14-118_16,Intercept]",0.592774964495658,0.366166602185116,-0.130485705686354,1.31900427922552
"r_site_id[Eyrie.Reef.(14-118)__EYR_14-118_17,Intercept]",0.575603534873523,0.278277891647069,0.0450402477256224,1.13586554848327
"r_site_id[Eyrie.Reef.(14-118)__EYR_14-118_18,Intercept]",-0.480013455310342,0.296430105597513,-1.0576866327256,0.101537462488916
"r_site_id[Eyrie.Reef.(14-118)__EYR_14-118_19,Intercept]",-0.355294491443287,0.299499103806177,-0.949273186974931,0.233642199377468
"r_site_id[Eyrie.Reef.(14-118)__EYR_14-118_2,Intercept]",0.155927806516377,0.411920969678717,-0.658969322528591,0.983257844083339
"r_site_id[Eyrie.Reef.(14-118)__EYR_14-118_20,Intercept]",0.277084454766367,0.305645656129384,-0.31234306056774,0.888903390599472
"r_site_id[Eyrie.Reef.(14-118)__EYR_14-118_21,Intercept]",0.122075338499501,0.284918207122392,-0.434792949849674,0.676427362831668
"r_site_id[Eyrie.Reef.(14-118)__EYR_14-118_24,Intercept]",-0.3183192201727,0.467687928825062,-1.22515308271192,0.614609206444526
"r_site_id[Eyrie.Reef.(14-118)__EYR_14-118_27,Intercept]",-0.658707889134306,0.468222390502777,-1.58587956282654,0.263624600011135
"r_site_id[Eyrie.Reef.(14-118)__EYR_14-118_28,Intercept]",-0.0706054784733929,0.478833012662063,-1.03292605660466,0.867883066151525
"r_site_id[Eyrie.Reef.(14-118)__EYR_14-118_29,Intercept]",-0.334969031085161,0.450224692966609,-1.2229223270613,0.522465334109932
"r_site_id[Eyrie.Reef.(14-118)__EYR_14-118_30,Intercept]",-0.373098115018388,0.477568949716791,-1.31928095059973,0.55297593919375
"r_site_id[Eyrie.Reef.(14-118)__EYR_14-118_31,Intercept]",-0.690976986827734,0.436430167881746,-1.55774737755234,0.14965637873426
"r_site_id[Eyrie.Reef.(14-118)__EYR_14-118_32,Intercept]",-0.492158235020893,0.404212979066518,-1.28707529432138,0.293414750550933
"r_site_id[Eyrie.Reef.(14-118)__EYR_14-118_33,Intercept]",-0.8570500235331,0.442383654319702,-1.75702092473796,-0.0149035181523026
"r_site_id[Eyrie.Reef.(14-118)__EYR_14-118_6,Intercept]",0.487489215080044,0.328884757954109,-0.148371988874563,1.1475627261486
"r_site_id[Eyrie.Reef.(14-118)__EYR_14-118_7,Intercept]",0.572518553675562,0.325298520409855,-0.0435218005585885,1.22390844234305
"r_site_id[Eyrie.Reef.(14-118)__EYR_14-118_8,Intercept]",0.878706474295449,0.310268383607212,0.281323969763566,1.47965661894421
"r_site_id[Faith.Reef.(19-044)__FAI_19-044_13,Intercept]",-0.107419391858842,0.430339050608257,-0.937003448417988,0.71531009428108
"r_site_id[Faith.Reef.(19-044)__FAI_19-044_14,Intercept]",0.130087995560461,0.4438198114694,-0.750573857320335,1.04154753917315
"r_site_id[Fitzroy.Reef.(23-077)__FIT_23-077_21,Intercept]",0.178560773588325,0.469293115583321,-0.72002928061467,1.1295011728461
"r_site_id[Fitzroy.Reef.(23-077)__FIT_23-077_22,Intercept]",0.192694889177383,0.460756832213467,-0.709104817060209,1.10655036361153
"r_site_id[Fitzroy.Reef.(23-077)__FIT_23-077_24,Intercept]",-0.0210011528302549,0.450306698993506,-0.90584677855785,0.862104589259805
"r_site_id[Fitzroy.Reef.(23-077)__FIT_23-077_25,Intercept]",0.0545345744677263,0.441392094337948,-0.793611477447146,0.915837257203741
"r_site_id[Fitzroy.Reef.(23-077)__FIT_23-077_32,Intercept]",-0.165674534963553,0.476657023007825,-1.09992815770144,0.771899637888306
"r_site_id[Fitzroy.Reef.(23-077)__FIT_23-077_33,Intercept]",-0.156076282509681,0.470683415886373,-1.07359942866934,0.752284912564333
"r_site_id[Green.Island.Reef.(16-049)__GRE_16-049_1,Intercept]",0.00204172983853929,0.489584566242812,-0.964809010808801,0.96737762532876
"r_site_id[Green.Island.Reef.(16-049)__GRE_16-049_14,Intercept]",0.0685682938607239,0.423523777721047,-0.76002422108098,0.913401160712484
"r_site_id[Green.Island.Reef.(16-049)__GRE_16-049_15,Intercept]",0.430472169676921,0.417820064352508,-0.370137826910027,1.27220922295894
"r_site_id[Green.Island.Reef.(16-049)__GRE_16-049_19,Intercept]",0.4096952873908,0.472435333795375,-0.483018039697163,1.35000971601439
"r_site_id[Green.Island.Reef.(16-049)__GRE_16-049_2,Intercept]",0.00902361227238307,0.436361705339375,-0.839878938296243,0.867679221955195
"r_site_id[Green.Island.Reef.(16-049)__GRE_16-049_21,Intercept]",-0.649309869900715,0.473677564163678,-1.58426936300497,0.258278656240146
"r_site_id[Green.Island.Reef.(16-049)__GRE_16-049_3,Intercept]",-0.211024617271144,0.446524244626947,-1.09539274997021,0.661321190232126
"r_site_id[John.Brewer.Reef.(18-075)__JOH_18-075_21,Intercept]",-0.271167013791068,0.504912481901887,-1.28791911641431,0.698596887479266
"r_site_id[Judith.Wright.Reef.(18-101)__JUD_18-101_1,Intercept]",-0.476833761834583,0.499691450609505,-1.45568315639057,0.487245458721442
"r_site_id[Judith.Wright.Reef.(18-101)__JUD_18-101_3,Intercept]",-0.167151944887629,0.376535819521061,-0.89269015431122,0.577673438460877
"r_site_id[Judith.Wright.Reef.(18-101)__JUD_18-101_38,Intercept]",0.18596789483774,0.408040280435335,-0.584590553654053,1.02253003818112
"r_site_id[Judith.Wright.Reef.(18-101)__JUD_18-101_4,Intercept]",0.808208312106935,0.33119917825638,0.16807561348522,1.46932461696967
"r_site_id[Judith.Wright.Reef.(18-101)__JUD_18-101_5,Intercept]",-0.312452090446227,0.430362486963258,-1.15586446127964,0.536224032069593
"r_site_id[Keeper.Reef.(18-079)__KEE_18-079_10,Intercept]",0.178036379458,0.239156706720372,-0.293995346580918,0.647269118094283
"r_site_id[Keeper.Reef.(18-079)__KEE_18-079_11,Intercept]",-0.213231460259181,0.232571162622418,-0.674471576470714,0.248644828487002
"r_site_id[Keeper.Reef.(18-079)__KEE_18-079_12,Intercept]",-1.1350736299246,0.361576607546139,-1.83843753850044,-0.422507220141179
"r_site_id[Keeper.Reef.(18-079)__KEE_18-079_13,Intercept]",-0.0305286794987299,0.250561120896207,-0.516556453619258,0.462294022028628
"r_site_id[Keeper.Reef.(18-079)__KEE_18-079_17,Intercept]",-0.110208941020534,0.224437437203405,-0.549935596116248,0.328437577353678
"r_site_id[Keeper.Reef.(18-079)__KEE_18-079_18,Intercept]",0.258129030108393,0.220251158048585,-0.174703411863072,0.682789892158555
"r_site_id[Keeper.Reef.(18-079)__KEE_18-079_19,Intercept]",-0.148806225898429,0.245507336212322,-0.632940633022256,0.338459990335374
"r_site_id[Keeper.Reef.(18-079)__KEE_18-079_20,Intercept]",-0.488662165830033,0.308354804838191,-1.09645284655103,0.109200842225162
"r_site_id[Keeper.Reef.(18-079)__KEE_18-079_23,Intercept]",-0.100783931590216,0.307579564557585,-0.693614302543271,0.501097846326027
"r_site_id[Keeper.Reef.(18-079)__KEE_18-079_4,Intercept]",-0.178801970294494,0.273128062348746,-0.712245564301268,0.360002887666681
"r_site_id[Keeper.Reef.(18-079)__KEE_18-079_5,Intercept]",0.219644995491439,0.244739834884823,-0.257443665747491,0.699655645523607
"r_site_id[Keeper.Reef.(18-079)__KEE_18-079_6,Intercept]",0.563272408313111,0.233534334991043,0.113951041916465,1.03664736016612
"r_site_id[Keeper.Reef.(18-079)__KEE_18-079_7,Intercept]",0.404079690906614,0.254308555734643,-0.0918155911168261,0.912469471437119
"r_site_id[Keeper.Reef.(18-079)__KEE_18-079_8,Intercept]",0.421692489335562,0.351909158212961,-0.248848897107518,1.12894818919197
"r_site_id[Keeper.Reef.(18-079)__KEE_18-079_9,Intercept]",0.639852632948698,0.223442333649318,0.200793402044425,1.07308458163581
"r_site_id[Lady.Musgrave.Reef.(23-082a)__LAD_23-082a_16,Intercept]",0.0602749921493111,0.440149750828224,-0.779946386514294,0.949894061683262
"r_site_id[Lady.Musgrave.Reef.(23-082a)__LAD_23-082a_17,Intercept]",-0.201817718317622,0.461852092040453,-1.08839684335472,0.72540758456567
"r_site_id[Lady.Musgrave.Reef.(23-082a)__LAD_23-082a_18,Intercept]",0.357026698158802,0.41201171092701,-0.428097597749684,1.19542458830225
"r_site_id[Lady.Musgrave.Reef.(23-082a)__LAD_23-082a_19,Intercept]",0.0142777160113058,0.438984963739335,-0.830756393600665,0.88088403825081
"r_site_id[Lady.Musgrave.Reef.(23-082a)__LAD_23-082a_20,Intercept]",0.7082498173726,0.407267977107758,-0.0893144325789853,1.5389554209836
"r_site_id[Lady.Musgrave.Reef.(23-082a)__LAD_23-082a_21,Intercept]",0.804993595803661,0.421594147849581,-0.00587050232596284,1.66338239582744
"r_site_id[Lady.Musgrave.Reef.(23-082a)__LAD_23-082a_25,Intercept]",-0.0232019221010855,0.456902489621135,-0.920244823069587,0.877914392234537
"r_site_id[Lady.Musgrave.Reef.(23-082a)__LAD_23-082a_40,Intercept]",-0.353235746653543,0.488705373585183,-1.31497706055779,0.611670472445607
"r_site_id[Lady.Musgrave.Reef.(23-082a)__LAD_23-082a_41,Intercept]",-0.287575902382912,0.474135104558886,-1.23422991294972,0.645152809176817
"r_site_id[Lady.Musgrave.Reef.(23-082a)__LAD_23-082a_43,Intercept]",-0.272986504929984,0.485004859665453,-1.23795296822367,0.666674175878058
"r_site_id[Lady.Musgrave.Reef.(23-082a)__LAD_23-082a_45,Intercept]",-0.344121318311743,0.486475847737317,-1.30977262848452,0.595524837062363
"r_site_id[Lady.Musgrave.Reef.(23-082a)__LAD_23-082a_52,Intercept]",0.178215386754036,0.448308089446116,-0.67493587341317,1.07933157087784
"r_site_id[Lady.Musgrave.Reef.(23-082a)__LAD_23-082a_55,Intercept]",-0.0914522627286022,0.476542108978227,-1.0318129868387,0.838394623875682
"r_site_id[Lady.Musgrave.Reef.(23-082a)__LAD_23-082a_56,Intercept]",-0.17818631595424,0.484483523867352,-1.13883811431081,0.7643105064765
"r_site_id[Lady.Musgrave.Reef.(23-082a)__LAD_23-082a_57,Intercept]",-0.340884525397514,0.478996213913195,-1.29443712298611,0.592429160014869
"r_site_id[Lizard.Island.Reef.(Lagoon).(14-116d)__LIZ_14-116d_13,Intercept]",0.00588867452824121,0.295171471871937,-0.559144408049874,0.590809778494231
"r_site_id[Lizard.Island.Reef.(Lagoon).(14-116d)__LIZ_14-116d_14,Intercept]",-0.132409888077208,0.321767445401839,-0.760065729558073,0.514025853413264
"r_site_id[Lizard.Island.Reef.(Lagoon).(14-116d)__LIZ_14-116d_15,Intercept]",0.316587915461618,0.31464011757226,-0.301158898393189,0.946172271055942
"r_site_id[Lizard.Island.Reef.(Lagoon).(14-116d)__LIZ_14-116d_16,Intercept]",-0.461794672558906,0.404873368434527,-1.25964843647973,0.324693196902636
"r_site_id[Lizard.Island.Reef.(Lagoon).(14-116d)__LIZ_14-116d_20,Intercept]",0.029955648426581,0.46598863071309,-0.878990774693984,0.940199776404884
"r_site_id[Lizard.Island.Reef.(Lagoon).(14-116d)__LIZ_14-116d_21,Intercept]",0.0431330894440409,0.28785436103855,-0.506336625456782,0.61215206665563
"r_site_id[Lizard.Island.Reef.(Lagoon).(14-116d)__LIZ_14-116d_22,Intercept]",-0.494342354347584,0.306171171348181,-1.08101563739819,0.120172093326571
"r_site_id[Lizard.Island.Reef.(Lagoon).(14-116d)__LIZ_14-116d_23,Intercept]",0.0182333884037334,0.384556117778394,-0.719379743775813,0.782161992646115
"r_site_id[Lizard.Island.Reef.(Lagoon).(14-116d)__LIZ_14-116d_24,Intercept]",-0.354135893821893,0.299873995085299,-0.951585270394745,0.238804943480064
"r_site_id[Lizard.Island.Reef.(Lagoon).(14-116d)__LIZ_14-116d_25,Intercept]",0.435064945788566,0.21787059987922,0.0144755603242876,0.862055218765891
"r_site_id[Lizard.Island.Reef.(Lagoon).(14-116d)__LIZ_14-116d_26,Intercept]",0.0169536483591463,0.296910830559354,-0.552022704546864,0.605781508780727
"r_site_id[Lizard.Island.Reef.(Lagoon).(14-116d)__LIZ_14-116d_27,Intercept]",0.226610574647157,0.389132491080732,-0.538318131552553,0.991136792723161
"r_site_id[Lizard.Island.Reef.(Lagoon).(14-116d)__LIZ_14-116d_28,Intercept]",0.0622401879546217,0.280708975070649,-0.487115392763442,0.610324318433611
"r_site_id[Lizard.Island.Reef.(Lagoon).(14-116d)__LIZ_14-116d_29,Intercept]",0.349771834072951,0.326460829251851,-0.275104881503583,0.996590521365864
"r_site_id[Lizard.Island.Reef.(Lagoon).(14-116d)__LIZ_14-116d_30,Intercept]",0.0182652789195472,0.47009386975794,-0.90927969233211,0.949040618732502
"r_site_id[Lizard.Island.Reef.(Lagoon).(14-116d)__LIZ_14-116d_31,Intercept]",0.0482456180091431,0.364085341849873,-0.653953573611889,0.766707405583525
"r_site_id[Lizard.Island.Reef.(North.East).(14-116b)__LIZ_14-116b_1,Intercept]",0.274224132961827,0.439453309308015,-0.592213417034653,1.14083994651506
"r_site_id[Lizard.Island.Reef.(North.East).(14-116b)__LIZ_14-116b_3,Intercept]",-0.129633075925173,0.459612175991503,-1.04861385392469,0.748207319978029
"r_site_id[Lizard.Island.Reef.(North.East).(14-116b)__LIZ_14-116b_4,Intercept]",-0.280931206359383,0.494504553947708,-1.26962321129847,0.657567190500136
"r_site_id[Lizard.Island.Reef.(North.West).(14-116a)__LIZ_14-116a_30,Intercept]",0.410027754889958,0.306690565107428,-0.186235567867313,1.01049686626904
"r_site_id[Lizard.Island.Reef.(North.West).(14-116a)__LIZ_14-116a_31,Intercept]",0.749565154093291,0.299921175362216,0.175208577357048,1.33971698897491
"r_site_id[Lizard.Island.Reef.(North.West).(14-116a)__LIZ_14-116a_32,Intercept]",-0.0504367806151531,0.379169563895796,-0.793686235706961,0.687368760664965
"r_site_id[Lizard.Island.Reef.(North.West).(14-116a)__LIZ_14-116a_33,Intercept]",-0.803924190258801,0.348629879044224,-1.51206687178802,-0.139587562025859
"r_site_id[Lizard.Island.Reef.(North.West).(14-116a)__LIZ_14-116a_34,Intercept]",-0.303352819740081,0.330619437429095,-0.968139487966641,0.341695728267899
"r_site_id[Lizard.Island.Reef.(North.West).(14-116a)__LIZ_14-116a_35,Intercept]",-0.0116003033857761,0.318206129913391,-0.624512765441423,0.611091847029057
"r_site_id[Lizard.Island.Reef.(North.West).(14-116a)__LIZ_14-116a_36,Intercept]",0.0384805540131207,0.317415538714002,-0.582738268816406,0.662518515300576
"r_site_id[Lynchs.Reef.(18-091)__LYN_18-091_37,Intercept]",0.179336168177514,0.383919162305275,-0.559699644425031,0.948202557317014
"r_site_id[Lynchs.Reef.(18-091)__LYN_18-091_38,Intercept]",0.188550131542511,0.373221139474813,-0.537409566917629,0.935338331344851
"r_site_id[Lynchs.Reef.(18-091)__LYN_18-091_39,Intercept]",0.131761095992107,0.352122515760515,-0.556219761673753,0.820657119496016
"r_site_id[Lynchs.Reef.(18-091)__LYN_18-091_40,Intercept]",-0.276343113454146,0.356194536224815,-0.981304860886378,0.412393022655111
"r_site_id[Lynchs.Reef.(18-091)__LYN_18-091_41,Intercept]",0.151316190167993,0.456462947355211,-0.7404505262768,1.06504749887138
"r_site_id[Moore.Reef.(16-071)__MOO_16-071_112,Intercept]",-0.364054354774073,0.42463487613053,-1.19637922867498,0.459356809169017
"r_site_id[Moore.Reef.(16-071)__MOO_16-071_113,Intercept]",-0.414090646449784,0.4599891996508,-1.3524799634707,0.474864066458611
"r_site_id[Moore.Reef.(16-071)__MOO_16-071_133,Intercept]",0.133449647380698,0.395802409763761,-0.619725845518084,0.905699981054445
"r_site_id[Moore.Reef.(16-071)__MOO_16-071_134,Intercept]",0.577378706183831,0.37955457898362,-0.156203973901124,1.33882781439833
"r_site_id[Moore.Reef.(16-071)__MOO_16-071_136,Intercept]",0.10274957290389,0.386327370692588,-0.649021120980691,0.858868789119134
"r_site_id[Moore.Reef.(16-071)__MOO_16-071_137,Intercept]",-0.0768096119608898,0.370534387468183,-0.804954977763569,0.668220772166816
"r_site_id[Moore.Reef.(16-071)__MOO_16-071_146,Intercept]",0.194167899020303,0.370776375022321,-0.543276708784423,0.902568728178829
"r_site_id[Moore.Reef.(16-071)__MOO_16-071_147,Intercept]",0.624381237253487,0.34305837009419,-0.0313637962025246,1.30001442141385
"r_site_id[Moore.Reef.(16-071)__MOO_16-071_148,Intercept]",-0.0160419615801933,0.399698350493337,-0.79769716976586,0.765083305856363
"r_site_id[Moore.Reef.(16-071)__MOO_16-071_154,Intercept]",-0.0244364072589946,0.391696909989641,-0.77395181371887,0.765938040535436
"r_site_id[Moore.Reef.(16-071)__MOO_16-071_155,Intercept]",0.149271908439669,0.456744470471876,-0.747747074199518,1.0465342935169
"r_site_id[Moore.Reef.(16-071)__MOO_16-071_156,Intercept]",0.0250202374715655,0.386901977821044,-0.719029758365304,0.786963405440566
"r_site_id[Moore.Reef.(16-071)__MOO_16-071_157,Intercept]",-0.540662267468986,0.468592114229697,-1.50306069506417,0.345339690231226
"r_site_id[Moore.Reef.(16-071)__MOO_16-071_160,Intercept]",-0.40708936108542,0.435359672951253,-1.26289403025605,0.457787853458121
"r_site_id[North.Direction.Reef.(14-143)__NOR_14-143_2,Intercept]",0.258425775499312,0.471834834394755,-0.662860411043279,1.17645663711279
"r_site_id[North.Direction.Reef.(14-143)__NOR_14-143_3,Intercept]",0.147109483251352,0.444088535004717,-0.721048931584,1.01807963023907
"r_site_id[North.Direction.Reef.(14-143)__NOR_14-143_4,Intercept]",-0.383941903215142,0.470008965914948,-1.31353561122503,0.553947111487821
"r_site_id[Prawn.Reef.(19-024)__PRA_19-024_11,Intercept]",-0.135546076627002,0.482666716146982,-1.09164462043846,0.799476134002249
"r_site_id[Prawn.Reef.(19-024)__PRA_19-024_4,Intercept]",-0.00707266461812891,0.486485785377615,-0.968905229288194,0.948488665791982
"r_site_id[Shrimp.Reef.(18-118)__SHR_18-118_19,Intercept]",-0.135413474223995,0.486154411848703,-1.11397414095657,0.807643297298487
"r_site_id[Thetford.Reef.(16-068)__THE_16-068_12,Intercept]",-0.0549887203586995,0.439382584748699,-0.906072586781458,0.790914720257658
"r_site_id[Thetford.Reef.(16-068)__THE_16-068_13,Intercept]",-0.0122754502050262,0.478136360851274,-0.949915992933975,0.924849183135824
"r_site_id[Thetford.Reef.(16-068)__THE_16-068_14,Intercept]",0.18059624519194,0.394368278527375,-0.590318388025876,0.968816845115204
"r_site_id[Thetford.Reef.(16-068)__THE_16-068_15,Intercept]",-0.491973013580893,0.407547993477113,-1.29162822134702,0.29630499930412
"r_site_id[Thetford.Reef.(16-068)__THE_16-068_16,Intercept]",-0.176641475005754,0.404989356747822,-0.98143046199618,0.620887240285908
"r_site_id[Thetford.Reef.(16-068)__THE_16-068_17,Intercept]",-0.134462942122133,0.469291483428542,-1.0544251602979,0.777671445186532
"r_site_id[Thetford.Reef.(16-068)__THE_16-068_27,Intercept]",0.611720367454376,0.377927136387641,-0.114782577392111,1.36745201828371
"r_site_id[Tongue.Reef.(16-026)__TON_16-026_36,Intercept]",0.0883786590165019,0.402864151681987,-0.696932804657195,0.885384538069711
"r_site_id[Tongue.Reef.(16-026)__TON_16-026_37,Intercept]",0.18877013730252,0.401910251220512,-0.592673212537189,0.974235080107508
"r_site_id[Tongue.Reef.(16-026)__TON_16-026_43,Intercept]",0.066513984487477,0.480260083967763,-0.881123270967846,1.02486707601024
"r_site_id[Tongue.Reef.(16-026)__TON_16-026_44,Intercept]",-0.222100501333939,0.472913890742359,-1.1593382067386,0.717532869286731
"r_site_id[U/N.Reef.(11-049)__U/N_11-049_11,Intercept]",0.23215173782115,0.46815463431241,-0.687763743557946,1.16379504254449
"r_site_id[U/N.Reef.(11-049)__U/N_11-049_7,Intercept]",-0.210316633994635,0.480734145811111,-1.15421519899865,0.724374365665153
"r_site_id[U/N.Reef.(15-043)__U/N_15-043_17,Intercept]",-0.236046400920143,0.495658635645705,-1.23042824224034,0.740186144752443
"r_site_id[U/N.Reef.(20-386)__U/N_20-386_1,Intercept]",0.0734525562037475,0.40412308888447,-0.717691943475256,0.887453708515323
"r_site_id[U/N.Reef.(20-386)__U/N_20-386_14,Intercept]",-0.29378733283029,0.468503056489102,-1.19404671676897,0.641903775077165
"r_site_id[U/N.Reef.(20-386)__U/N_20-386_15,Intercept]",0.570678335030313,0.412234302919916,-0.212407822692565,1.38919292060165
"r_site_id[U/N.Reef.(20-386)__U/N_20-386_17,Intercept]",-0.422585260197383,0.492648198253227,-1.40163764832911,0.546503896868059
"r_site_id[U/N.Reef.(20-386)__U/N_20-386_18,Intercept]",0.435766616824714,0.41648141630163,-0.373683484745652,1.25848475957152
"r_site_id[U/N.Reef.(20-386)__U/N_20-386_19,Intercept]",-0.371940860621308,0.486485391839368,-1.32193620869279,0.590613734181234
"r_site_id[U/N.Reef.(20-386)__U/N_20-386_2,Intercept]",0.144487125903829,0.390661809786846,-0.614932658502569,0.918405626643296
"r_site_id[U/N.Reef.(20-386)__U/N_20-386_26,Intercept]",-0.0531495516659323,0.47251197729161,-0.965672975605626,0.89174909541057
"r_site_id[U/N.Reef.(20-386)__U/N_20-386_27,Intercept]",-0.332178811569956,0.48452101420012,-1.29934983561543,0.602830646559127
"r_site_id[U/N.Reef.(20-386)__U/N_20-386_28,Intercept]",0.250990734606045,0.439647468565647,-0.595520944511787,1.13109601510868
"r_site_id[U/N.Reef.(20-386)__U/N_20-386_29,Intercept]",0.395323884524507,0.411206278030862,-0.403675804621537,1.20794566700697
"r_site_id[U/N.Reef.(20-386)__U/N_20-386_30,Intercept]",-0.096837222413298,0.453997763307076,-1.00882846739766,0.776241797177268
"r_site_id[U/N.Reef.(20-386)__U/N_20-386_31,Intercept]",0.223387917187057,0.422213072546578,-0.596157806983595,1.07669414649129
"r_site_id[U/N.Reef.(20-386)__U/N_20-386_36,Intercept]",0.300183796899658,0.446695711410012,-0.561499322703934,1.18909327213975
"r_site_id[U/N.Reef.(20-386)__U/N_20-386_4,Intercept]",-0.42248666473024,0.505060860759947,-1.41412526939377,0.561176318471833
"r_site_id[U/N.Reef.(20-386)__U/N_20-386_5,Intercept]",-0.269100228956367,0.473887508930769,-1.21581809776742,0.669090449355049
"r_site_id[U/N.Reef.(21-057)__U/N_21-057_41,Intercept]",0.0876766385509314,0.485081460470779,-0.863740596782809,1.04478676338856
"r_site_id[U/N.Reef.(21-057)__U/N_21-057_42,Intercept]",0.027148192065894,0.457663640326084,-0.860480734057409,0.930732050344714
"r_site_id[U/N.Reef.(21-057)__U/N_21-057_43,Intercept]",-0.153731162435542,0.467599175240237,-1.07907212601228,0.745123110706782
"r_site_id[U/N.Reef.(21-057)__U/N_21-057_44,Intercept]",0.154664443081843,0.440410286363407,-0.730507015546868,1.02905103473677
"r_site_id[U/N.Reef.(21-067)__UN_21-067_1,Intercept]",0.401432073022437,0.481223762523125,-0.527558279342151,1.34891992683013
"r_site_id[U/N.Reef.(21-067)__UN_21-067_3,Intercept]",0.136578179380367,0.455602700190201,-0.759016146736902,1.05356294145267
"r_site_id[U/N.Reef.(21-067)__UN_21-067_5,Intercept]",-0.180568517961656,0.463525851848272,-1.10102255396423,0.734921946325704
"r_site_id[U/N.Reef.(21-067)__UN_21-067_6,Intercept]",0.158948853403736,0.477701802086973,-0.765599459774822,1.07472378292622
"r_site_id[U/N.Reef.(21-069)__UN_21-069_3,Intercept]",-0.079659453294545,0.517903007874658,-1.09953591546887,0.954100942135904
"r_site_id[U/N.Reef.(21-069)__UN_21-069_6,Intercept]",-0.0946042086511845,0.504414466261624,-1.06942207319053,0.883532991201925
"r_site_id[U/N.Reef.(21-069)__UN_21-069_8,Intercept]",-0.128446944211747,0.492971155225491,-1.11278089020019,0.824822809780053
"r_site_id[U/N.Reef.(21-250a)__U/N_21-250a_11,Intercept]",0.0542145407894501,0.45851923795289,-0.842549409445363,0.966177639606593
"r_site_id[U/N.Reef.(21-250a)__U/N_21-250a_20,Intercept]",0.110064996944052,0.460895278604383,-0.795792087487798,1.01203992085409
"r_site_id[U/N.Reef.(21-250a)__U/N_21-250a_21,Intercept]",-0.0734065683060869,0.473867252392371,-1.0019184920493,0.852125047073286
"r_site_id[U/N.Reef.(21-250a)__U/N_21-250a_5,Intercept]",0.442848625519564,0.459519372520096,-0.427725743111949,1.35710285929865
"r_site_id[U/N.Reef.(21-250a)__U/N_21-250a_6,Intercept]",-0.363293810445411,0.490566347099298,-1.34517859664119,0.585484497403107
"r_site_id[U/N.Reef.(21-250a)__U/N_21-250a_7,Intercept]",0.0389028166493938,0.45620208103338,-0.853535987091298,0.918613474861925
"r_site_id[U/N.Reef.(21-250a)__U/N_21-250a_8,Intercept]",-0.12589428425016,0.469809285999426,-1.04264360229305,0.794810095735669
"r_site_id[U/N.Reef.(21-250a)__U/N_21-250a_9,Intercept]",-0.0651163614427806,0.476853442744015,-1.00958756723538,0.868424072603248
"r_site_id[U/N.Reef.(21-460)__U/N_21-460_23,Intercept]",-0.0994542784591129,0.49865138035246,-1.09586479517622,0.869053113186967
"r_site_id[U/N.Reef.(21-460)__U/N_21-460_31,Intercept]",-0.115510262354655,0.500914530865407,-1.11633957918115,0.857322390342216
"r_site_id[U/N.Reef.(21-460)__U/N_21-460_32,Intercept]",-0.0761237018703901,0.507617637326505,-1.09007235863938,0.914956632007055
"r_site_id[U/N.Reef.(21-460)__U/N_21-460_34,Intercept]",-0.105680230333775,0.504842128679736,-1.09971172393701,0.882444669626003
"r_site_id[U/N.Reef.(21-460)__U/N_21-460_35,Intercept]",-0.0990555873367032,0.512259989261173,-1.11480002337808,0.918221276137239
"r_site_id[U/N.Reef.(21-460)__U/N_21-460_43,Intercept]",0.109376623355371,0.516828718172392,-0.909018904581352,1.12957004066861
"r_site_id[U/N.Reef.(21-460)__U/N_21-460_44,Intercept]",-0.0837438917388903,0.495769293141326,-1.04986942462654,0.893592501817106
"r_site_id[U/N.Reef.(21-466)__U/N_21-466_1,Intercept]",-0.117479638249846,0.49851570667093,-1.09093050936415,0.847136341510389
"r_site_id[U/N.Reef.(21-466)__U/N_21-466_10,Intercept]",-0.0774376808089973,0.511026359813216,-1.09801712126754,0.933638144942083
"r_site_id[U/N.Reef.(21-466)__U/N_21-466_12,Intercept]",-0.134833032881977,0.51448495788596,-1.15833231198321,0.8526907714769
"r_site_id[U/N.Reef.(21-466)__U/N_21-466_14,Intercept]",0.0521808021047325,0.488299917908007,-0.904307036386804,1.00161008684563
"r_site_id[U/N.Reef.(21-466)__U/N_21-466_2,Intercept]",-0.136716237665071,0.504631578562425,-1.142593588361,0.839047655747412
"r_site_id[U/N.Reef.(21-466)__U/N_21-466_4,Intercept]",-0.108347901074481,0.506315583126051,-1.10473661799636,0.898969677966901
"r_site_id[U/N.Reef.(21-466)__U/N_21-466_42,Intercept]",0.321394534665839,0.498685790641937,-0.66143709966108,1.28460490029008
"r_site_id[U/N.Reef.(21-466)__U/N_21-466_43,Intercept]",-0.0819654847129608,0.496564544522495,-1.07129795138011,0.883471472144606
"r_site_id[U/N.Reef.(21-466)__U/N_21-466_44,Intercept]",-0.113152198343013,0.50230818155645,-1.15393848523551,0.856922599000436
"r_site_id[U/N.Reef.(21-466)__U/N_21-466_45,Intercept]",0.400055350848015,0.491198115771343,-0.574573323774894,1.37828582728302
"r_site_id[U/N.Reef.(21-466)__U/N_21-466_46,Intercept]",-0.0769821878234676,0.501899867599535,-1.08177559350549,0.903830431965718
"r_site_id[U/N.Reef.(21-466)__U/N_21-466_7,Intercept]",-0.123914318696865,0.49674729127601,-1.11535426773187,0.857105131800342
"r_site_id[U/N.Reef.(21-466)__U/N_21-466_8,Intercept]",-0.116567498182701,0.493642078230393,-1.08970950135485,0.833758282244268
"r_site_id[U/N.Reef.(21-466)__U/N_21-466_9,Intercept]",-0.134766325651586,0.502985595200314,-1.13320123001892,0.845228490042526
"r_site_id[Vicki.Harriott.Reef.(15-070)__VIC_15-070_1,Intercept]",0.0772593640140421,0.425775397909235,-0.727372859715796,0.926389805934676
"r_site_id[Vicki.Harriott.Reef.(15-070)__VIC_15-070_12,Intercept]",0.0250954224341512,0.438642108792476,-0.809181314361914,0.897902398224584
"r_site_id[Vicki.Harriott.Reef.(15-070)__VIC_15-070_13,Intercept]",0.161956379599029,0.37435826143518,-0.563872480464169,0.906904539449828
"r_site_id[Vicki.Harriott.Reef.(15-070)__VIC_15-070_14,Intercept]",0.133046989439126,0.431780767559238,-0.699571593104438,1.00200473437768
"r_site_id[Vicki.Harriott.Reef.(15-070)__VIC_15-070_15,Intercept]",0.0639849613663109,0.439511385684702,-0.794992422332821,0.930688133567815
"r_site_id[Vicki.Harriott.Reef.(15-070)__VIC_15-070_16,Intercept]",0.0259696655914625,0.405208735184482,-0.756733021203841,0.817971015687487
"r_site_id[Vicki.Harriott.Reef.(15-070)__VIC_15-070_19,Intercept]",-0.0671803281781205,0.435176798757092,-0.911460054423813,0.797474366515201
"r_site_id[Vicki.Harriott.Reef.(15-070)__VIC_15-070_2,Intercept]",-0.208248113512167,0.454370292223944,-1.10103541208567,0.696277525425764
"r_site_id[Vicki.Harriott.Reef.(15-070)__VIC_15-070_22,Intercept]",-0.233635913366199,0.480644488281532,-1.17008375446053,0.712229156772196
"r_site_id[Vicki.Harriott.Reef.(15-070)__VIC_15-070_23,Intercept]",0.126466709404373,0.435824866629006,-0.708662421152731,0.996961399562492
"r_site_id[Vicki.Harriott.Reef.(15-070)__VIC_15-070_24,Intercept]",-0.00820630665546776,0.449073027777982,-0.886264370885744,0.863847789016149
"r_site_id[Vicki.Harriott.Reef.(15-070)__VIC_15-070_29,Intercept]",0.000824875150800001,0.399448144050907,-0.783110144358466,0.782401638250115
"r_site_id[Vicki.Harriott.Reef.(15-070)__VIC_15-070_30,Intercept]",-0.276103588620415,0.473775764274094,-1.21812276748782,0.636477302256663
"r_site_id[Vicki.Harriott.Reef.(15-070)__VIC_15-070_31,Intercept]",-0.0510312786760966,0.483278475374582,-0.996876360695667,0.924625266148137
"r_site_id[Vicki.Harriott.Reef.(15-070)__ViC_15-070_32,Intercept]",-0.0380091182639957,0.457366869058386,-0.941060774958263,0.859756616694826
"r_site_id[Vicki.Harriott.Reef.(15-070)__VIC_15-070_4,Intercept]",-0.199481799761577,0.452863854607855,-1.07211811624183,0.693203657209964
"r_site_id[Vicki.Harriott.Reef.(15-070)__VIC_15-070_5,Intercept]",0.245710095659351,0.356611251279507,-0.423158364110252,0.951843633855492
"r_site_id[Vicki.Harriott.Reef.(15-070)__VIC_15-070_6,Intercept]",0.200915039394657,0.357435561240371,-0.510863960518547,0.904290568876523
"r_site_id[Vicki.Harriott.Reef.(15-070)__VIC_15-070_7,Intercept]",0.0723094634018403,0.389049761406457,-0.683742546544739,0.87076969073857
"lprior",-7.34195307747048,0.28122846365169,-7.94098397171102,-6.82380798885363
"lp__",-7017.08521207308,22.58461988624,-7062.58169077161,-6974.12391931519
"z_1[1,1]",-0.458089312809829,0.916536042793314,-2.29182326224341,1.30661513967117
"z_1[1,2]",-0.0960821158761024,0.828254069993504,-1.73793822403161,1.51116118043461
"z_1[1,3]",-0.0279658118537099,0.796528111761804,-1.57431837909028,1.53779424842899
"z_1[1,4]",0.643130622735408,0.463126227600716,-0.262544779686086,1.56067231739388
"z_1[1,5]",0.877088726949785,0.568515605903801,-0.189523922626704,2.00168542827438
"z_1[1,6]",0.381341357989294,0.49461298497459,-0.598289810122893,1.32579726033004
"z_1[1,7]",-0.407422551229715,0.515856427361887,-1.43257373651897,0.613286544323079
"z_1[1,8]",-0.247508374961452,0.440029097172835,-1.10278973038368,0.614001017538212
"z_1[1,9]",0.0993417891175589,0.602200094781994,-1.05326763087854,1.28650145323566
"z_1[1,10]",0.160999984703054,0.578472101409291,-0.944803975015416,1.30968193367313
"z_1[1,11]",-0.577395961856775,0.534095752394929,-1.64515124195761,0.456613071908477
"z_1[1,12]",1.06732620154845,0.505551973607099,0.0721692407799348,2.06700422668995
"z_1[1,13]",-1.08496653423783,0.611568508294498,-2.31011120508724,0.116783640766784
"z_1[1,14]",-0.471736023060909,0.518913091913251,-1.48216066963149,0.530569971911726
"z_1[1,15]",1.03069903141744,0.600477071360351,-0.144469876960023,2.21409495242407
"z_1[1,16]",-0.174997852101928,0.491389332691267,-1.15604865105144,0.791689720891757
"z_1[1,17]",1.15417251695859,0.511658695064653,0.165659908279218,2.17446512347445
"z_1[1,18]",0.295489578840467,0.522112723376861,-0.728060441615992,1.32052670315149
"z_1[1,19]",0.0423554362219147,0.54999653471926,-1.02350068964599,1.12319629651551
"z_1[1,20]",-0.471228349811631,0.878036680983071,-2.20378242598973,1.24397462245211
"z_1[1,21]",-0.328455668705985,0.520595183531883,-1.35632316159091,0.690592351724165
"z_1[1,22]",-0.751130383611775,0.617707865593389,-1.98624135628348,0.477687574268422
"z_1[1,23]",0.467387996470682,0.795226523383027,-1.09739141861442,2.00092365417862
"z_1[1,24]",0.478589310522362,0.84997282576467,-1.20631674996955,2.13555605619917
"z_1[1,25]",-1.14067036078372,0.872887854745502,-2.88550147319543,0.546691600194468
"z_1[1,26]",0.944534100837617,0.776876056939936,-0.60979468175227,2.46849284347986
"z_1[1,27]",0.469843962411573,0.786657305849901,-1.08156064923091,2.01406268992772
"z_1[1,28]",-0.742824664142498,0.88182548109358,-2.47844867794336,1.0055756362975
"z_1[1,29]",0.53091646861105,0.238753690609894,0.0713587318789252,1.00245976726998
"z_1[1,30]",0.101271115661914,0.734928050046047,-1.34813393820302,1.53013400292565
"z_1[1,31]",0.716810443740134,0.270235554591143,0.197578316741634,1.25426162562592
"z_1[1,32]",1.63894821961227,0.524570823079192,0.660700008076504,2.73267557247174
"z_1[1,33]",1.23911419914726,0.467096027433353,0.363538067630808,2.19297252860395
"z_1[1,34]",0.886858255666922,0.26380500484206,0.381884255303042,1.4043472868791
"z_1[1,35]",-0.664795092591271,0.527867374849203,-1.69332278030776,0.403077713154924
"z_1[1,36]",-0.776160481220714,0.43422061467502,-1.63384138097137,0.0677581930689853
"z_1[1,37]",-0.368891565032904,0.321139395926528,-1.00601796060005,0.251741956025887
"z_1[1,38]",-1.11273143846043,0.383007138931551,-1.89140014850399,-0.3852204399437
"z_1[1,39]",-0.996382131288621,0.600270798886741,-2.13385147175084,0.193232527228538
"z_1[1,40]",-0.304667479204196,0.38170511023702,-1.05145716502037,0.435698710575099
"z_1[1,41]",0.988941296210257,0.265996684726627,0.472055193421497,1.51644430984576
"z_1[1,42]",0.689113394769116,0.704566472801602,-0.665558665816004,2.1063519361333
"z_1[1,43]",1.83242919766068,0.320332373881936,1.22298855253784,2.47449766336838
"z_1[1,44]",1.09356571098125,0.268274060860735,0.576584528234428,1.61898035819619
"z_1[1,45]",-0.00375597467615045,0.328032167117568,-0.648557436360994,0.642742514860452
"z_1[1,46]",-0.162228963728168,0.28896225667705,-0.7371136032506,0.404647479307371
"z_1[1,47]",-0.0493344714107456,0.274715169526593,-0.597736192450364,0.485169300271864
"z_1[1,48]",-1.10350069420059,0.334576962311866,-1.77948804559508,-0.463006623084497
"z_1[1,49]",-0.325137789667183,0.418839782323429,-1.14743757958632,0.500095563921434
"z_1[1,50]",-1.6560131244695,0.434076836136345,-2.5316603014717,-0.836679704567375
"z_1[1,51]",0.777929132371935,0.492116279726719,-0.168217123006535,1.77077258473075
"z_1[1,52]",-1.46693768985349,0.592543481171899,-2.60882896455148,-0.276562116312554
"z_1[1,53]",0.0476667996958413,0.686835960564762,-1.28303595957172,1.4129166336413
"z_1[1,54]",-0.242362767042893,0.528807766080585,-1.28947944631267,0.776709504917104
"z_1[1,55]",-0.933826413376213,0.770418299472112,-2.43313196372264,0.577761439845268
"z_1[1,56]",0.117494805853099,0.593646939056421,-1.0484041529915,1.2624480277988
"z_1[1,57]",-0.278056305010343,0.385897686742085,-1.04861788852526,0.460287113057788
"z_1[1,58]",0.306585518582485,0.855360103424976,-1.36144662167397,1.96932930256417
"z_1[1,59]",-0.421108675577799,0.938089974760583,-2.2640098394202,1.38006823309162
"z_1[1,60]",-0.355825240016473,0.926332056680748,-2.19626328588391,1.47269896157875
"z_1[1,61]",-0.317506889356106,0.946826474975347,-2.18993857779525,1.54755615881084
"z_1[1,62]",-0.383486004523183,0.938288355297136,-2.25560046932246,1.43919978029819
"z_1[1,63]",0.831555078212312,0.533414956689769,-0.200490069342283,1.89465541043533
"z_1[1,64]",-0.0250352379167673,0.456115207706494,-0.928477045732278,0.867390549847018
"z_1[1,65]",-0.371427443538323,0.468750746540449,-1.28598977895711,0.562558984746335
"z_1[1,66]",1.63034585594871,0.487543012911558,0.69559078725452,2.60638751348232
"z_1[1,67]",0.286548444398351,0.532288265852767,-0.791454051883669,1.31548111531005
"z_1[1,68]",0.541286966798227,0.542376303994255,-0.538683140288349,1.59641203081133
"z_1[1,69]",-2.81793515064139,0.623536653784681,-4.04598746013245,-1.60550223378039
"z_1[1,70]",-1.17498912925855,0.5274679104717,-2.2180065423852,-0.161452207092006
"z_1[1,71]",1.34945372900116,0.650257050082304,0.0832901234319677,2.645285357853
"z_1[1,72]",0.0490191585430954,0.872338546134314,-1.68935294628599,1.75498609393214
"z_1[1,73]",-0.352490855761245,0.757624119044914,-1.86140848971142,1.14396760895615
"z_1[1,74]",0.0901429523929185,0.77016683740083,-1.39865469578371,1.60652225948237
"z_1[1,75]",0.485719511097548,0.818455768046784,-1.10952326950209,2.07952641206842
"z_1[1,76]",-0.0171545598477703,0.890239627304552,-1.77775015592721,1.7282169846716
"z_1[1,77]",-0.510334822970206,0.727900217026261,-1.93483035689843,0.899191743994701
"z_1[1,78]",1.06260536954642,0.809853165967194,-0.531699036036048,2.66245964693281
"z_1[1,79]",-1.66738026852696,0.798568185959228,-3.25804061970201,-0.122330589201044
"z_1[1,80]",1.24795922893194,0.71749592676401,-0.165904835768945,2.66104976692079
"z_1[1,81]",-0.677095714456242,0.942436365565129,-2.50204935675568,1.17867753735855
"z_1[1,82]",1.29779917562648,0.79484849648178,-0.263925365282339,2.86621297990271
"z_1[1,83]",-1.20761790453615,0.871584326457801,-2.92094884683347,0.563548711196145
"z_1[1,84]",0.605384318719572,0.687787417304314,-0.77351519133879,1.93576565537354
"z_1[1,85]",0.0187041322260726,0.684665568833118,-1.31077638078932,1.345542039569
"z_1[1,86]",-0.271845417120388,0.727241066706466,-1.66982373110046,1.16606463434151
"z_1[1,87]",-1.01538231909978,0.678650078897845,-2.38007821836206,0.318208684644031
"z_1[1,88]",0.862992014193377,0.685702980358132,-0.457942195222466,2.22015154799771
"z_1[1,89]",0.584344093356966,0.696716581744031,-0.747547634000612,1.96911209105655
"z_1[1,90]",0.0435528914050488,0.824091310933452,-1.52671622458608,1.71328833945021
"z_1[1,91]",-0.139048450159477,0.437278775813629,-0.979301817516812,0.711232601688961
"z_1[1,92]",0.5914412737629,0.496095087992735,-0.37945490545685,1.55664795794017
"z_1[1,93]",-0.563931085237417,0.680962379335828,-1.88995706681799,0.75486467217869
"z_1[1,94]",-0.176990664100802,0.834722362589573,-1.82446878317045,1.47338821078687
"z_1[1,95]",-0.659626865856367,0.846801468799992,-2.28308856161004,1.00965104092201
"z_1[1,96]",0.611459578570205,0.530247890844771,-0.418985943848483,1.63630821160362
"z_1[1,97]",-0.444624417891295,0.576611665156396,-1.5850399218306,0.679475642276589
"z_1[1,98]",0.456530343802808,0.510693104870403,-0.541435130395642,1.47573983540589
"z_1[1,99]",-0.733059154563251,0.782618701419301,-2.2644001796583,0.800330881275836
"z_1[1,100]",-0.863139964435917,0.727360527946859,-2.34303306279549,0.520793392935239
"z_1[1,101]",0.374845726822068,0.67624483508246,-0.950413598480484,1.69151844293474
"z_1[1,102]",0.506510113486719,0.651624643762197,-0.756432771356176,1.78758117127342
"z_1[1,103]",1.06076675724888,0.407986609229696,0.268282309176208,1.86899273605299
"z_1[1,104]",0.0759635972711311,0.687307565510762,-1.25597744938914,1.45163756116686
"z_1[1,105]",-0.468881908519314,0.877635398718401,-2.19795103888772,1.26044430483316
"z_1[1,106]",-0.119496787233987,0.881414427820257,-1.84820741718226,1.56056638557223
"z_1[1,107]",-0.730202853077871,0.912258570901098,-2.53019213374572,1.05655830390458
"z_1[1,108]",0.0850811735619764,0.834800369249924,-1.55132428384839,1.70836729354443
"z_1[1,109]",0.30601976931946,0.747143845598903,-1.13547769880472,1.7654027594629
"z_1[1,110]",0.525566324388058,0.762402789932667,-0.947780455542267,2.04467154579414
"z_1[1,111]",-0.478146114440432,0.546470886252504,-1.57124583868482,0.597987200613104
"z_1[1,112]",-0.382884275379106,0.60605019267231,-1.57951591567874,0.792397364948073
"z_1[1,113]",0.429551734493279,0.59070996823188,-0.698779168538281,1.60590062157684
"z_1[1,114]",0.737409782396396,0.638178312793468,-0.509651938346071,2.02419856416961
"z_1[1,115]",-0.774065370407244,0.556467408921882,-1.84868128402089,0.323807872033567
"z_1[1,116]",-0.635147695767431,0.540975034562533,-1.68656780301459,0.420718474418055
"z_1[1,117]",1.13548792829861,0.513492684888743,0.129554470267167,2.14216940824869
"z_1[1,118]",-0.374997874398076,0.696296701508136,-1.7599609143333,0.972185925675043
"z_1[1,119]",0.371279631655948,0.748235296632878,-1.12706712337119,1.83133339150895
"z_1[1,120]",0.921630907050427,0.714926503294744,-0.470365751098579,2.31746863005862
"z_1[1,121]",0.365510376125213,0.776928255380328,-1.18231480802285,1.85338012446196
"z_1[1,122]",0.104177306714394,0.753320789447278,-1.36414943040107,1.58616890948244
"z_1[1,123]",-1.56108096843993,0.845317409117309,-3.20914272198717,0.0968535473346221
"z_1[1,124]",0.338100169533714,0.603129389628778,-0.862095999851633,1.52454223603389
"z_1[1,125]",0.760807861073628,0.60996481604689,-0.440947702326556,1.95982928408434
"z_1[1,126]",0.68033373226367,0.832833286264446,-0.965761406315862,2.31407961105427
"z_1[1,127]",-0.437650432066602,0.759916582141226,-1.94299642645095,1.03645301111274
"z_1[1,128]",-0.175886669830427,0.78765375968812,-1.72479394762603,1.35692866057053
"z_1[1,129]",-0.347651742607813,0.886115541825828,-2.0973921051202,1.40963697456946
"z_1[1,130]",-0.0516889530249266,0.881347197009421,-1.77547241827886,1.72048548995216
"z_1[1,131]",-0.349270071592022,0.891478653393664,-2.09897327615831,1.40026174061733
"z_1[1,132]",0.213441509075815,0.711691652780716,-1.16174463022269,1.60877112904044
"z_1[1,133]",-0.045098586361711,0.696016274979788,-1.42614273158123,1.31409891858363
"z_1[1,134]",-0.325795762492479,0.824740662704443,-1.91244401073334,1.28499054194643
"z_1[1,135]",0.744414304405764,0.75090105200345,-0.726642926154748,2.20267919027537
"z_1[1,136]",0.191693887538862,0.835379788048839,-1.49164227538382,1.78855862945368
"z_1[1,137]",-0.559141521119339,0.833621839146206,-2.22035955641371,1.05541848129805
"z_1[1,138]",0.58533993254333,0.831590304077571,-1.05328009578576,2.21975372240832
"z_1[1,139]",-0.535592073174374,0.847661889695177,-2.2003138921974,1.08506903169718
"z_1[1,140]",-0.617789751182502,0.92822401027376,-2.44260461817206,1.21258525649357
"z_1[1,141]",-0.185446751990033,0.6698887925273,-1.50523555346282,1.15756581126288
"z_1[1,142]",0.632554935927922,0.756763621891446,-0.874535858700613,2.12769713834285
"z_1[1,143]",0.0806177541612089,0.672818966657636,-1.23992932825994,1.39356215163649
"z_1[1,144]",-0.208170525139257,0.650364890050073,-1.48247578557467,1.06909419468749
"z_1[1,145]",0.108220795918314,0.802925537128911,-1.49815601389584,1.66533821477699
"z_1[1,146]",0.21918657730982,0.852338303012266,-1.43707437959653,1.90692627405709
"z_1[1,147]",0.391529714900144,0.829259896202817,-1.21479002131952,2.05275079062568
"z_1[1,148]",0.982263170890076,0.839524134531095,-0.653220441462636,2.63379710087788
"z_1[1,149]",-0.115996857225443,0.801819339264456,-1.68946059774354,1.46319660569396
"z_1[1,150]",-0.247382362035431,0.964313077499431,-2.15877765672274,1.6620232571486
"z_1[1,151]",-0.315984790740099,0.947924026972934,-2.16069910799807,1.56673494966879
"z_1[1,152]",-0.173814302506407,0.97194574819775,-2.06227480516662,1.75424779999601
"z_1[1,153]",-0.177703362709185,0.865729782793359,-1.90004677732246,1.52553656316724
"z_1[1,154]",-0.126809214518421,0.736206352188362,-1.55728861964565,1.34045803432295
"z_1[1,155]",0.206226046687351,0.779676007492723,-1.29843283800015,1.73938122891328
"z_1[1,156]",0.110404485650658,0.789108627846826,-1.42555703736395,1.67247188343273
"z_1[1,157]",-0.958533296985549,0.90887086503744,-2.70081626192165,0.862235085893379
"z_1[1,158]",-0.253343737228909,0.950852811597241,-2.11075072015842,1.58948445532964
"z_1[1,159]",-0.451562331048774,0.829981653469495,-2.10850862468373,1.19546956117888
"z_1[1,160]",-0.410916785962415,0.821881573106221,-2.01952882704401,1.2481402583995
"z_1[1,161]",-0.278014253030418,0.947463101393866,-2.14440305078382,1.5735344498154
"z_1[1,162]",0.484147300791343,0.607752157694761,-0.658945879654335,1.69587354521349
"z_1[1,163]",-0.518199664737699,0.700200829754268,-1.87327795746178,0.863025667990514
"z_1[1,164]",-0.668740903717482,0.788151752366813,-2.21624813559096,0.873906146327472
"z_1[1,165]",0.904798795866301,0.636854264820199,-0.320789128786555,2.1707303178442
"z_2[1,1]",-0.834531214420706,0.543319016275881,-1.93853454315995,0.202644632334716
"z_2[1,2]",1.29993363858432,0.379107713608596,0.608007389920366,2.08578316209756
"z_2[1,3]",0.506509210750515,0.40353489566017,-0.268813335617339,1.31599076664242
"z_2[1,4]",-0.0695462394016293,0.361368337640824,-0.811600851727774,0.607580533343116
"z_2[1,5]",1.41637888320567,0.556699884693889,0.33935400893027,2.51792755908363
"z_2[1,6]",-0.64923469565232,0.493166299351899,-1.67037075514079,0.285719783619004
"z_2[1,7]",0.277233248102831,0.262447449778692,-0.239601963462341,0.792389302662902
"z_2[1,8]",-1.72493685979231,0.591786804964042,-2.95672148673329,-0.617343266801761
"z_2[1,9]",0.276177741024077,0.323128652699631,-0.34698585858008,0.915789160934296
"z_2[1,10]",0.112863754175485,0.649636234729147,-1.15780087041286,1.38093282073906
"z_2[1,11]",0.33285664158864,0.503131248690952,-0.667448153768391,1.3454740112527
"z_2[1,12]",0.174540897878393,0.432349697054203,-0.660823248128772,1.0277362430042
"z_2[1,13]",-1.03239294922919,0.829457464217566,-2.66334650463089,0.588660742076002
"z_2[1,14]",0.0880167915713847,0.559954020795439,-1.03192896145775,1.15827511953674
"z_2[1,15]",0.934824390276609,0.482511388682274,-0.0171743983830928,1.89754877442285
"z_2[1,16]",0.187800839852294,0.423585782843954,-0.655829131730312,1.01699697965748
"z_2[1,17]",0.379143849253001,0.309238120898647,-0.214968820839302,0.991788343279095
"z_2[1,18]",-0.519022477307517,0.501612742146419,-1.53025524798308,0.421679420665655
"z_2[1,19]",-0.00276204151148554,0.370216661638154,-0.746237698907682,0.726800013845217
"z_2[1,20]",1.36470884121708,0.469109938858155,0.476539230114646,2.33158320316443
"z_2[1,21]",-0.0626041916228842,0.413198472434281,-0.899057354248775,0.74420307844811
"z_2[1,22]",0.15542523980454,0.528462596702298,-0.839563921504314,1.22806794457216
"z_2[1,23]",-0.581491246901038,0.65619906484072,-1.91215862748605,0.683200657404134
"z_2[1,24]",-0.506770355964674,0.689620739299689,-1.85118031999793,0.842686658226831
"z_2[1,25]",-0.247589764011884,0.482591581254893,-1.21717912110426,0.673815463739042
"z_2[1,26]",0.579476230721209,0.504449934978478,-0.403685056003582,1.59337384463358
"z_2[1,27]",0.080459553124738,0.57476576285733,-1.05675696041288,1.19333606758156
"z_2[1,28]",-0.931184725493324,0.830616446358982,-2.60807597214557,0.679608615119122
"z_2[1,29]",0.458076631328633,0.409509607782385,-0.315865318606827,1.28499393963617
"z_2[1,30]",0.433448030604694,0.574349744508966,-0.693808584107015,1.57846415872609
"z_2[1,31]",1.86370674748245,0.535537603974238,0.864864193830974,2.96844060174277
"z_2[1,32]",-1.0860917042204,0.767471201699306,-2.63325285126491,0.393307583991425
"z_2[1,33]",0.0384627582536484,0.467959659623889,-0.897508176283688,0.946851909788768
"z_2[1,34]",-1.82785444452704,0.68892543502756,-3.21272170276416,-0.46754744798516
"z_2[1,35]",-1.63151497223253,0.571707395368334,-2.77535066933873,-0.540380997640467
"z_2[1,36]",0.336034607213215,0.409668321886751,-0.481805847224735,1.13822718250694
"z_3[1,1]",-0.643743064963838,0.920676673677474,-2.43344115521129,1.11797373551652
"z_3[1,2]",-0.0348168622146454,0.902955653409053,-1.77522063368707,1.72827690223001
"z_3[1,3]",0.648558411794691,0.865360211926103,-1.06132352230231,2.31396605811957
"z_3[1,4]",-0.272578010513484,0.906361066214797,-2.05023181330397,1.51084538106104
"z_3[1,5]",0.190014425949796,0.896925372310538,-1.56513649246247,1.97013450569078
"z_3[1,6]",-0.328528921049858,0.933639462025692,-2.15992205219916,1.47626909855363
"z_3[1,7]",-0.63365996141125,0.516994306018015,-1.64624556035164,0.383778754962717
"z_3[1,8]",0.437716176188196,0.554161815358416,-0.654689907295045,1.54011226241876
"z_3[1,9]",-0.57951473242192,0.788429842302911,-2.10907646335719,0.993109867765807
"z_3[1,10]",-0.25514077511625,0.519535958648453,-1.24781247769009,0.754679736191959
"z_3[1,11]",0.174523862561626,0.490716199645547,-0.774684331011514,1.12995058625829
"z_3[1,12]",0.325447025002325,0.607215139839571,-0.880595362491667,1.49485981681496
"z_3[1,13]",0.485736197471628,0.622183159576929,-0.739218775910654,1.69668080229306
"z_3[1,14]",0.445285824065068,0.619079230355678,-0.762840569492389,1.66976127840494
"z_3[1,15]",0.21371128650505,0.753195232682005,-1.29150087215895,1.67648178445834
"z_3[1,16]",-0.75433848734771,0.794632362690887,-2.29201700494127,0.771533083453321
"z_3[1,17]",0.345989384953225,0.553901963566301,-0.728746843311198,1.43724893209323
"z_3[1,18]",0.649038459054713,0.513153621726393,-0.34439701690563,1.64939423628333
"z_3[1,19]",1.3711563845093,0.499340434022822,0.391556457987533,2.35967900251025
"z_3[1,20]",0.259485900498237,0.542092762106555,-0.806363979670399,1.33108237379717
"z_3[1,21]",-0.461756791908679,0.635182483507296,-1.70002527012453,0.809376937859196
"z_3[1,22]",-0.315361173274249,0.816310736508648,-1.89688658609877,1.29671484294101
"z_3[1,23]",-0.657407993182585,0.823371000530643,-2.26598021384461,0.943375215295693
"z_3[1,24]",-0.133317877015967,0.766539903706124,-1.63092486088311,1.42511179782631
"z_3[1,25]",-0.385169622942118,0.875574286121743,-2.12432185368399,1.32408593665051
"z_3[1,26]",0.236655879530781,0.759679967933007,-1.24075270442618,1.71310414708167
"z_3[1,27]",-0.883680711269872,0.761603404559185,-2.38180771392814,0.608886715709435
"z_3[1,28]",2.09865249239674,0.545176563491485,1.04193802269097,3.17084768259657
"z_3[1,29]",1.70140013612789,0.584456793821025,0.547649620151164,2.85151592783939
"z_3[1,30]",-0.466115573642543,0.829792427669891,-2.09881246214062,1.18652289949276
"z_3[1,31]",-0.32355729122246,0.892650543475376,-2.0571230881242,1.43466369038634
"z_3[1,32]",-0.172814130653647,0.887917973177892,-1.92081556474498,1.6067336380681
"z_3[1,33]",0.037465853225234,0.798867126236209,-1.52521013319707,1.60155283559335
"z_3[1,34]",-0.293626680741215,0.887678729345473,-2.03287400186899,1.48026436975222
"z_3[1,35]",-0.348523671891322,0.921018730526699,-2.13592358069863,1.47593093237486
"z_3[1,36]",-0.0695442759740375,0.77116261235025,-1.61671120520343,1.42927134773842
"z_3[1,37]",0.0037843015434649,0.732533057341157,-1.4359596434473,1.43511633217642
"z_3[1,38]",1.11592425541199,0.726474179158288,-0.296084511823681,2.58793640399451
"z_3[1,39]",0.413286441080228,0.832802088474726,-1.18404036472572,2.06720953396169
"z_3[1,40]",-0.155830451137687,0.756437495134412,-1.64384377272654,1.33025392891083
"z_3[1,41]",-0.813479023535284,0.936180348957114,-2.64503108015967,1.03580771642976
"z_3[1,42]",-0.229002019189132,0.883360968821074,-1.92524313998699,1.49592412626308
"z_3[1,43]",-0.168943979264948,0.858833369143435,-1.80592174909043,1.5243934544913
"z_3[1,44]",-0.288955552638316,0.878893052206684,-2.01155176255712,1.41610224198781
"z_3[1,45]",-0.776396789570547,0.931815641318411,-2.56829195278176,1.08631975311182
"z_3[1,46]",0.522593500843733,0.796121951115791,-1.00520296758611,2.11597084145609
"z_3[1,47]",-0.373449797395466,0.833910659781159,-2.02932338594562,1.27375116095232
"z_3[1,48]",-1.09745468269714,0.755943387400331,-2.58702834262222,0.429717635633824
"z_3[1,49]",-0.93609591126315,0.780114672094102,-2.43543674911667,0.607078133684741
"z_3[1,50]",0.192055125197805,0.796930182957824,-1.33387482477744,1.79231858999153
"z_3[1,51]",-0.105316076938263,0.795250310767308,-1.66127199536753,1.47056296383543
"z_3[1,52]",0.145137996369267,0.80090954780783,-1.39724406606957,1.70436866205858
"z_3[1,53]",-0.1330342244964,0.883241829112107,-1.88236979255794,1.58748050176048
"z_3[1,54]",0.180882374669801,0.672058258175832,-1.1154666260964,1.51941613539353
"z_3[1,55]",0.40459277308085,0.769924814783146,-1.08296816075363,1.93718258691938
"z_3[1,56]",-0.522139742745369,0.92168199897014,-2.32966146089371,1.26707102201319
"z_3[1,57]",0.632037029891655,0.748498642883348,-0.798564145524135,2.11548232887162
"z_3[1,58]",-0.860245302341551,0.950557962544072,-2.72020171166995,1.04148379870073
"z_3[1,59]",-0.37504385247375,0.91340920242253,-2.16507424688323,1.40252727213006
"z_3[1,60]",-0.24300518543004,0.897364798777627,-2.00413666067479,1.49662087188287
"z_3[1,61]",0.226082758764807,0.837947769770587,-1.4111205347898,1.8791312767574
"z_3[1,62]",-0.505108958447109,0.785244776481181,-2.01926466838882,1.06408939435246
"z_3[1,63]",0.534327486866509,0.827039120819516,-1.06722638574851,2.17065059239597
"z_3[1,64]",0.377813361506942,0.784409553861246,-1.12249220191261,1.90850399163008
"z_3[1,65]",0.531062546370838,0.804487162622964,-1.00473350007434,2.15411765121041
"z_3[1,66]",-0.460611637135688,0.903791205833832,-2.23113015945772,1.33321789533832
"z_3[1,67]",0.803495080879459,0.802237523575277,-0.778076718547292,2.38075968825096
"z_3[1,68]",0.2806116470123,0.834552265378742,-1.3374805050257,1.92727209476599
"z_3[1,69]",-0.514543147663055,0.878309873597193,-2.21185426762402,1.19000262996463
"z_3[1,70]",0.444264771120966,0.82582281672274,-1.19412145565763,2.06958322686749
"z_3[1,71]",0.393509879315028,0.791923360053958,-1.15691598505286,1.96976562701641
"z_3[1,72]",-0.00154185548420332,0.878169329911746,-1.70430614460903,1.69119661685333
"z_3[1,73]",0.296225951169398,0.77626910429697,-1.19722546099871,1.83508609137695
"z_3[1,74]",-0.0127066178432645,0.823982487940363,-1.59929523791096,1.58207061009154
"z_3[1,75]",-0.421677885935982,0.85108639196533,-2.02607299904693,1.25492818600776
"z_3[1,76]",0.163352939034706,0.844488596348445,-1.47014923184882,1.83820112510171
"z_3[1,77]",0.0698222800901704,0.804847871045343,-1.48658597009248,1.68515516554475
"z_3[1,78]",0.211563553739039,0.808003000439111,-1.35879690752227,1.8138310383458
"z_3[1,79]",0.38565164429857,0.913800430504906,-1.41522044136134,2.16948898641706
"z_3[1,80]",-0.0043037972518666,0.82969654178206,-1.60443987812076,1.62485703080135
"z_3[1,81]",0.151143562271762,0.831931408021374,-1.44459729568905,1.79521267155554
"z_3[1,82]",-0.0350444551722464,0.839559146103932,-1.64722595925764,1.6653074374099
"z_3[1,83]",-0.551265908787126,0.956667441075539,-2.45597531067105,1.32092049847758
"z_3[1,84]",0.352676586667323,0.895173066323531,-1.39047632413516,2.12432820805711
"z_3[1,85]",-0.852293092360478,0.918669870299417,-2.65780400142652,0.910774294336627
"z_3[1,86]",0.706342781333271,0.871814636613883,-0.979827286331934,2.43459137200555
"z_3[1,87]",-0.370772529906411,0.926383184789071,-2.15030407792926,1.46744180542242
"z_3[1,88]",-0.429834115668837,0.835623763448914,-2.06815018104861,1.1989993172121
"z_3[1,89]",-0.762432624491683,0.615713285198069,-1.95804154503948,0.452381363645287
"z_3[1,90]",0.555067000988062,0.492194115070575,-0.383664371731332,1.53419790361697
"z_3[1,91]",1.37270910574584,0.383802773694828,0.64703382971666,2.14292690503185
"z_3[1,92]",0.806061643781768,0.439708700580305,-0.054517673707679,1.69422470599394
"z_3[1,93]",-0.543595057706417,0.455201131167057,-1.4501269481409,0.346556532719416
"z_3[1,94]",-0.435140204838721,0.374506031937639,-1.17740902379396,0.286440078239755
"z_3[1,95]",1.06181193305625,0.290259587454335,0.502740034323068,1.63470645940276
"z_3[1,96]",1.03514019127631,0.299494911927551,0.454597195931673,1.63485349642982
"z_3[1,97]",-0.207873936060959,0.346245025195743,-0.909654993283908,0.46432379875602
"z_3[1,98]",-0.557763270007034,0.684517724167921,-1.92336370996306,0.780592006264064
"z_3[1,99]",-0.679625250033295,0.403579233800533,-1.47239702777592,0.105890118908442
"z_3[1,100]",-1.28852060682525,0.519397554445053,-2.3234386168387,-0.272375444745608
"z_3[1,101]",-0.900177487527136,0.478520297582727,-1.82338904453831,0.0341832813931448
"z_3[1,102]",0.0177583656965989,0.606342167844131,-1.19460854056319,1.19851951567156
"z_3[1,103]",-0.015754278828195,0.75412658742828,-1.50269840994141,1.46477471125686
"z_3[1,104]",0.0606947136833339,0.864998287214874,-1.60081350328699,1.75691156601837
"z_3[1,105]",1.0903645083871,0.317759060906261,0.483233366723583,1.72648223267379
"z_3[1,106]",-0.43765490070453,0.461355748916236,-1.35269902699053,0.452323494966638
"z_3[1,107]",0.445768005473803,0.353773650914225,-0.246136655284631,1.14489017607317
"z_3[1,108]",-0.0612056222507568,0.463488629758696,-0.9866548427411,0.864013473297332
"z_3[1,109]",-0.839994142836155,0.534438655090482,-1.89257913673154,0.213386651359875
"z_3[1,110]",0.441532770379596,0.504553009763807,-0.531376956801368,1.44734297231529
"z_3[1,111]",-0.408926775720439,0.80837180387593,-1.97598385982264,1.17915834918608
"z_3[1,112]",-0.652237074575246,0.482423595618734,-1.60503867679388,0.301890295063514
"z_3[1,113]",1.86544352480821,0.399867010365253,1.10682031026196,2.67605588195341
"z_3[1,114]",-0.127059528523748,0.897140341679578,-1.89023603462259,1.60393422604147
"z_3[1,115]",-0.299100544569235,0.948732001915619,-2.10656220327498,1.56966061135964
"z_3[1,116]",-0.229980863910584,0.955948761025885,-2.15814089107465,1.61787446479141
"z_3[1,117]",-0.241721268469292,0.967557138069184,-2.15707149899631,1.65540239842937
"z_3[1,118]",-0.119685896118924,0.963128696337988,-2.02612758729393,1.74663025591055
"z_3[1,119]",-0.169551110415561,0.968931375263145,-2.07203636047945,1.71526703917839
"z_3[1,120]",0.212928839065202,0.913434950198622,-1.57631124940437,2.01562858581259
"z_3[1,121]",0.742757085106436,0.79184129903649,-0.831550844599367,2.28317626766397
"z_3[1,122]",0.224038754025872,0.879516343978525,-1.54172689542581,1.91423744182458
"z_3[1,123]",0.959597453806091,0.696934379830227,-0.411549797164547,2.32891003524088
"z_3[1,124]",1.14172297297466,0.704319046394424,-0.251489867616847,2.54090980872915
"z_3[1,125]",1.10979749518521,0.536756412525483,0.0871844526189769,2.19167082410349
"z_3[1,126]",-0.928984416950077,0.5767276888443,-2.06071895177883,0.187069859005859
"z_3[1,127]",-0.68792729681258,0.581997214702538,-1.85557675538101,0.441705854484333
"z_3[1,128]",0.294980281791457,0.788411052960496,-1.28759128622989,1.86671004538149
"z_3[1,129]",0.531298630523727,0.588784630751416,-0.607861672816594,1.71347729500168
"z_3[1,130]",0.233642586144511,0.54945171815578,-0.848405826797693,1.31064900343494
"z_3[1,131]",-0.609892667630698,0.893102137547182,-2.33664869750707,1.18038836578451
"z_3[1,132]",-1.26139091787055,0.885745026598604,-2.99046100002361,0.521009932876162
"z_3[1,133]",-0.134524732569463,0.918032011664505,-1.98692035651804,1.65911255593655
"z_3[1,134]",-0.639522018648184,0.858222597281794,-2.3048036679435,1.01686931782825
"z_3[1,135]",-0.711783345476659,0.91041969236157,-2.48846652907275,1.08569581987961
"z_3[1,136]",-1.32275333883275,0.824149302198414,-2.93101869557056,0.29921276257436
"z_3[1,137]",-0.942853274394101,0.770464797657755,-2.45189476556387,0.566174756407013
"z_3[1,138]",-1.64039281960522,0.826052485446796,-3.28133346365956,-0.0285201968365055
"z_3[1,139]",0.930601204198864,0.619846079355935,-0.294950045995812,2.13728663623174
"z_3[1,140]",1.09445953484932,0.609375691641485,-0.0853716272985778,2.27422844197778
"z_3[1,141]",1.6868114209755,0.575238503442941,0.553955337979294,2.80690639226836
"z_3[1,142]",-0.206178234033022,0.826220667077134,-1.82023620103035,1.3568405026712
"z_3[1,143]",0.249291346261499,0.850764968713761,-1.43866446373237,1.97293327397084
"z_3[1,144]",0.340238199358919,0.899328576517179,-1.40229835556663,2.12595090552931
"z_3[1,145]",0.368172599300494,0.881940850365502,-1.35502007139879,2.11042082155239
"z_3[1,146]",-0.0390005408786958,0.864021321218566,-1.72914664825052,1.6490460576626
"z_3[1,147]",0.104446499379211,0.846328518051539,-1.53474076409752,1.73700357899229
"z_3[1,148]",-0.315496961049638,0.914227038446085,-2.1133533690557,1.49258017261025
"z_3[1,149]",-0.298840555868669,0.901596049752696,-2.06198956488798,1.45467396031002
"z_3[1,150]",0.00486551765990679,0.938905384497523,-1.83708690232952,1.84580946085061
"z_3[1,151]",0.127621335562921,0.812546021630291,-1.48164083433218,1.72288381738618
"z_3[1,152]",0.824303335374673,0.799309421816635,-0.719601977336312,2.40894432311468
"z_3[1,153]",0.780750370880008,0.899697047388054,-0.956928884804968,2.5481147133652
"z_3[1,154]",0.0181323457912776,0.836422238071827,-1.61351584528687,1.65075915104617
"z_3[1,155]",-1.24017214151408,0.892128128659985,-2.96037913472742,0.512141605556586
"z_3[1,156]",-0.404554240098405,0.856574734394749,-2.10490793543368,1.25924067877929
"z_3[1,157]",-0.518054272571613,0.962470544340642,-2.4081383965545,1.34410583735392
"z_3[1,158]",-0.908186052411741,0.949156178768413,-2.72900022341397,0.949034425262233
"z_3[1,159]",-0.326919467442452,0.725102223092981,-1.7071536608765,1.11403655333443
"z_3[1,160]",0.35298708208901,0.781708826404502,-1.13771816421473,1.9079732930331
"z_3[1,161]",1.5560262543581,0.627859319605145,0.315867333540941,2.7669729645825
"z_3[1,162]",-0.602385620609021,0.827311171862497,-2.23155408179207,1.03817931730388
"z_3[1,163]",0.343119570427978,0.460738376800153,-0.569433571516361,1.23354113508771
"z_3[1,164]",-0.413436859799994,0.450567464727697,-1.29677945172859,0.468771946944836
"z_3[1,165]",-2.18321637954152,0.680016608352487,-3.52156443068903,-0.826804444549113
"z_3[1,166]",-0.059555752129224,0.482545490870149,-1.00139534021203,0.879538333080202
"z_3[1,167]",-0.214232696467785,0.432782513982483,-1.06709674663146,0.624508985913154
"z_3[1,168]",0.498675193575213,0.425571071677137,-0.337274944922027,1.32525820346336
"z_3[1,169]",-0.290358022433885,0.473446383743291,-1.23491342348199,0.645125404782618
"z_3[1,170]",-0.942989118253085,0.59447848176075,-2.12353202126352,0.221091584819838
"z_3[1,171]",-0.194642619340977,0.592632364828412,-1.34283009915274,0.968910944082873
"z_3[1,172]",-0.347867861311831,0.527529914890725,-1.39284306798971,0.691451471276396
"z_3[1,173]",0.422267796589869,0.468363563078953,-0.483761779495497,1.32747902794139
"z_3[1,174]",1.08756319896859,0.450487516525868,0.214079189200345,1.9723473809471
"z_3[1,175]",0.779082783537768,0.488737396270338,-0.173404458013899,1.73700657223755
"z_3[1,176]",0.811069814476442,0.675882086694094,-0.478670918797842,2.14184268723367
"z_3[1,177]",1.23753518345462,0.440105365533531,0.376643170315809,2.09854123974906
"z_3[1,178]",0.112417499595522,0.846934480337828,-1.54362445841837,1.80701069068277
"z_3[1,179]",-0.387488716327663,0.881247936223167,-2.0625938659457,1.36849069664383
"z_3[1,180]",0.683767193202363,0.788039268291959,-0.832619916993529,2.24156764039161
"z_3[1,181]",0.0222117496808694,0.843230610145386,-1.61052425472639,1.66584048583242
"z_3[1,182]",1.3581632785865,0.769963460036281,-0.177223063164335,2.84314247928679
"z_3[1,183]",1.5431210439636,0.793032554415422,-0.0114907069309962,3.09649801703649
"z_3[1,184]",-0.0449058039822074,0.876765573057247,-1.76343205595097,1.68478516549642
"z_3[1,185]",-0.676457680266546,0.936056260630808,-2.47798707366261,1.18754969257293
"z_3[1,186]",-0.551120175553274,0.90569534189383,-2.3131104047503,1.22813673985504
"z_3[1,187]",-0.52194255296663,0.925913301246735,-2.32939016240762,1.28394794911192
"z_3[1,188]",-0.655595060572951,0.928685822479392,-2.47513494829546,1.19054487203562
"z_3[1,189]",0.340272416690266,0.860131213392322,-1.31231790410132,2.01901737128206
"z_3[1,190]",-0.175901386939634,0.911160015497767,-1.96394078484104,1.5980221770995
"z_3[1,191]",-0.340595533782496,0.929633824622251,-2.15843532792507,1.47183769024548
"z_3[1,192]",-0.64973147196502,0.912919500013762,-2.41734660599231,1.13482796743607
"z_3[1,193]",0.0114868794306687,0.56995028415178,-1.08489399130135,1.14679121492656
"z_3[1,194]",-0.254009256116226,0.622166937634515,-1.46929085655768,1.00084471675376
"z_3[1,195]",0.609847331551685,0.606828338324569,-0.578150908445358,1.80996877941341
"z_3[1,196]",-0.884675879052459,0.773919849496065,-2.40300407774784,0.636599781759468
"z_3[1,197]",0.0589390609720905,0.894646792861017,-1.69878035214666,1.7693502736773
"z_3[1,198]",0.0835487234897672,0.555859200335423,-0.975626334034039,1.19201022072882
"z_3[1,199]",-0.952120021033457,0.589367477286842,-2.0794717317123,0.249123075970531
"z_3[1,200]",0.0353643999484968,0.741912971781861,-1.4022239838021,1.51190642880307
"z_3[1,201]",-0.682787153014021,0.578967461423243,-1.83380775452952,0.461579693478646
"z_3[1,202]",0.842176170475676,0.42631538463348,0.0261199060399205,1.68764898523113
"z_3[1,203]",0.032773571119986,0.572593815707894,-1.06065149398146,1.15833795764104
"z_3[1,204]",0.433543206218388,0.745985338953659,-1.03619373448527,1.87878939535301
"z_3[1,205]",0.118103777269423,0.542691998992138,-0.942741974638302,1.17812524612564
"z_3[1,206]",0.672594744073799,0.627615742700555,-0.53639898277414,1.90874929730407
"z_3[1,207]",0.0344736843532819,0.900905227262414,-1.7371598687685,1.80577034486006
"z_3[1,208]",0.0898210894010927,0.69891396275311,-1.25702307263473,1.46340159772782
"z_3[1,209]",0.5242482445828,0.840305884253656,-1.15243683309576,2.16388877312439
"z_3[1,210]",-0.247388014019521,0.881403892644781,-1.98432093383465,1.46560289746862
"z_3[1,211]",-0.535893124227147,0.943298867136313,-2.43755871636561,1.27363268107476
"z_3[1,212]",0.791311862940955,0.593113155528505,-0.352794050479129,1.97160449909086
"z_3[1,213]",1.4475431803387,0.583650914144839,0.332380965086695,2.60920742597122
"z_3[1,214]",-0.0958109813274981,0.730655246476579,-1.52490767757882,1.33247108500085
"z_3[1,215]",-1.54648602352215,0.662640932918354,-2.86963953614308,-0.27150152214078
"z_3[1,216]",-0.583912909019958,0.636459242953751,-1.84394777273208,0.66089303685478
"z_3[1,217]",-0.0213070513693523,0.614147334803115,-1.19979782969666,1.1891765394509
"z_3[1,218]",0.074726109740312,0.61125067118856,-1.11576457501357,1.27430297038496
"z_3[1,219]",0.340476511401868,0.736618705660641,-1.08470520062834,1.78733316933694
"z_3[1,220]",0.359399830175108,0.715993833659828,-1.04238947719031,1.78882303829293
"z_3[1,221]",0.256813765030143,0.676071508947953,-1.04319752358764,1.6012762247776
"z_3[1,222]",-0.532708050078688,0.683503305520253,-1.85346972515234,0.794695473545712
"z_3[1,223]",0.287906003169979,0.873559643530173,-1.41175900797275,2.01627380892859
"z_3[1,224]",-0.697635448093184,0.813697332504642,-2.28068189174152,0.888748185320739
"z_3[1,225]",-0.793543876914978,0.877499752219485,-2.53744662244474,0.919217523628494
"z_3[1,226]",0.254830629160242,0.762321215051896,-1.21155890887126,1.73638467243564
"z_3[1,227]",1.1090764362613,0.723027936331191,-0.305360648937075,2.55181094000942
"z_3[1,228]",0.19759831744997,0.740740264871914,-1.24817802560071,1.63515830540987
"z_3[1,229]",-0.148992493511297,0.712734223551909,-1.55084192906543,1.2800624115775
"z_3[1,230]",0.370573716885259,0.712734412129295,-1.04584359823407,1.72731615029491
"z_3[1,231]",1.20090607454205,0.655569625957859,-0.0612117126817051,2.46945855335466
"z_3[1,232]",-0.0312266060576507,0.770240452731588,-1.52383742672844,1.52054925937934
"z_3[1,233]",-0.046876231890759,0.753698020807754,-1.51409270230781,1.47642721587547
"z_3[1,234]",0.284724346989259,0.872780269897583,-1.43371043610749,1.99292236230752
"z_3[1,235]",0.0464422896527851,0.744920625254407,-1.38222365381094,1.49837064438047
"z_3[1,236]",-1.03133058442381,0.883339748151408,-2.8101572223903,0.685040198361774
"z_3[1,237]",-0.780584091714701,0.83229533718289,-2.38159152284546,0.878324375694425
"z_3[1,238]",0.492613485735592,0.898479496085184,-1.28310073465751,2.21571907338754
"z_3[1,239]",0.28281279437069,0.851065614999223,-1.3885696738493,1.94287924161878
"z_3[1,240]",-0.73322707886975,0.894393949353118,-2.47324483246245,1.09545965384126
"z_3[1,241]",-0.257302985043916,0.924774104581215,-2.03935402385271,1.53431840150886
"z_3[1,242]",-0.0133667174664309,0.932193143986857,-1.83706567510071,1.81493196877474
"z_3[1,243]",-0.257344290072754,0.932150627196952,-2.09374430651688,1.54475615871465
"z_3[1,244]",-0.105885128247672,0.842660681805539,-1.74407560132691,1.5258326362424
"z_3[1,245]",-0.0234649680901416,0.916743261618176,-1.80884054241627,1.78714081268969
"z_3[1,246]",0.347821626490829,0.756460617714665,-1.14395132133051,1.82952069860381
"z_3[1,247]",-0.944568383933311,0.77941459914591,-2.43872468179435,0.587509089099208
"z_3[1,248]",-0.33971827774432,0.779068730454062,-1.88689528528433,1.19832575603669
"z_3[1,249]",-0.25667700933136,0.899491835962521,-2.01691486156069,1.49012306097296
"z_3[1,250]",1.17607032889057,0.721118336916702,-0.223006366473683,2.5861001497603
"z_3[1,251]",0.166828782835006,0.773149936279298,-1.36161304027898,1.68634744223157
"z_3[1,252]",0.359053547276781,0.770517764921934,-1.14883850751811,1.85640784629341
"z_3[1,253]",0.126560773830303,0.92201103692321,-1.69141860303951,1.96620050384073
"z_3[1,254]",-0.424402794749858,0.903985103705026,-2.190874385962,1.35020001860781
"z_3[1,255]",0.446332130691415,0.893727727276894,-1.33341229093586,2.21062836730962
"z_3[1,256]",-0.403386091213065,0.917707806082898,-2.19536888264128,1.36508680992443
"z_3[1,257]",-0.449712988561807,0.947615436022449,-2.30940521440173,1.45027741278283
"z_3[1,258]",0.14020277777783,0.775768691819686,-1.36549943105914,1.70103945964097
"z_3[1,259]",-0.563124822395428,0.898716103339526,-2.2596867162857,1.21895854556527
"z_3[1,260]",1.09214871336125,0.780186098530293,-0.417852016564229,2.60160295622418
"z_3[1,261]",-0.806059336492175,0.936966051436854,-2.64757417163659,1.06098081225761
"z_3[1,262]",0.832561622532377,0.793548845716458,-0.72287028786424,2.40354640368284
"z_3[1,263]",-0.708553975721422,0.927599901577083,-2.5232890100779,1.1404089478844
"z_3[1,264]",0.275909074040596,0.749758396844,-1.19669213278236,1.7535688819809
"z_3[1,265]",-0.102995383082018,0.90546655956644,-1.82583820386418,1.70142810960503
"z_3[1,266]",-0.636665065968915,0.927150533033132,-2.44608263934811,1.16188599553506
"z_3[1,267]",0.478545443997173,0.841012801733868,-1.19506691999497,2.1474981110024
"z_3[1,268]",0.755931528252694,0.78651412397232,-0.786610793803953,2.30211139949081
"z_3[1,269]",-0.186527050762591,0.870030214570534,-1.89852368028427,1.49419320013607
"z_3[1,270]",0.42761269834619,0.808834290819949,-1.1607563861953,2.04800476484451
"z_3[1,271]",0.573554626894502,0.852250680196694,-1.07663342488109,2.26355429467252
"z_3[1,272]",-0.807425380893647,0.961157842148288,-2.67146219079839,1.07072403901238
"z_3[1,273]",-0.513605378382965,0.90410114229513,-2.28045748282554,1.29015388995803
"z_3[1,274]",0.167712612187964,0.927631749697553,-1.62411940705117,1.99731373301066
"z_3[1,275]",0.0519441056582882,0.879270239062905,-1.62962684462816,1.79480890155041
"z_3[1,276]",-0.294926521073539,0.896453512003871,-2.04849103600909,1.43354983191542
"z_3[1,277]",0.295432771025314,0.846512872514491,-1.40452597562162,1.9561702179601
"z_3[1,278]",0.766313226617521,0.915678196486905,-1.02604322500312,2.54695616744501
"z_3[1,279]",0.263083753178976,0.871316599597122,-1.41904014298231,2.01129749827231
"z_3[1,280]",-0.344548194222429,0.886330686770057,-2.08224099899722,1.39812453009895
"z_3[1,281]",0.306286455706171,0.916864774181656,-1.46250479756806,2.03279157122033
"z_3[1,282]",-0.152477095363808,0.989122232925718,-2.1035816910755,1.81763978843298
"z_3[1,283]",-0.179024251334315,0.964304700727555,-2.05102803167368,1.67793904931977
"z_3[1,284]",-0.242387221625591,0.943350922966108,-2.09704284794323,1.6122023523765
"z_3[1,285]",0.102619197886255,0.878335173916012,-1.61802642473294,1.82543221351004
"z_3[1,286]",0.20840304281276,0.884000385627275,-1.51199566415142,1.9205338925928
"z_3[1,287]",-0.14049442827443,0.908498252393754,-1.92484081300733,1.64277233697318
"z_3[1,288]",0.845893909538919,0.872646257521014,-0.84453339593106,2.53784336311481
"z_3[1,289]",-0.694146074581859,0.935861432006778,-2.51776652905032,1.12141840900277
"z_3[1,290]",0.071490318624038,0.876184512273506,-1.65612660590116,1.76175799788631
"z_3[1,291]",-0.241446369592288,0.900533330222174,-2.00629112164431,1.53560546663367
"z_3[1,292]",-0.124743563391563,0.914636089797512,-1.93966789077275,1.65925673618792
"z_3[1,293]",-0.191079076373422,0.953875931246647,-2.08396695929309,1.67255646230344
"z_3[1,294]",-0.220159772548793,0.956502907955309,-2.11911455616261,1.62491041050397
"z_3[1,295]",-0.145163242159411,0.971556681267221,-2.07961257085844,1.73319242741035
"z_3[1,296]",-0.201656442643042,0.966575955903246,-2.09080048709709,1.69332220254533
"z_3[1,297]",-0.190560075535199,0.979689072467829,-2.1032719342535,1.73583168942206
"z_3[1,298]",0.208811642914659,0.985642430780707,-1.71326618085813,2.14387427687853
"z_3[1,299]",-0.158440537058837,0.943500027223554,-2.00611577444498,1.72434145627903
"z_3[1,300]",-0.223980742780105,0.954407683519832,-2.08460283488753,1.61003214950443
"z_3[1,301]",-0.146116174652767,0.980237267060038,-2.0826617410346,1.76875831623791
"z_3[1,302]",-0.257014117623912,0.982910437305246,-2.19954228814953,1.62930347196774
"z_3[1,303]",0.0994198255958681,0.934375962201954,-1.74246117092337,1.91294947566703
"z_3[1,304]",-0.261196862760139,0.964084900597713,-2.15948904317295,1.61057207718887
"z_3[1,305]",-0.207594393935627,0.970932939770235,-2.09104331684457,1.73931088448413
"z_3[1,306]",0.610200743033778,0.949627067104554,-1.254591175287,2.44234006263992
"z_3[1,307]",-0.157280389126074,0.946414088337387,-2.03090946454314,1.66779653047018
"z_3[1,308]",-0.21568997911893,0.959488637839497,-2.15590770851417,1.62769511274341
"z_3[1,309]",0.76330655418595,0.935714447677986,-1.10083064144516,2.57468197629715
"z_3[1,310]",-0.145848325570648,0.959939476015572,-2.05520519175463,1.73231810743946
"z_3[1,311]",-0.236342485896381,0.949117941526387,-2.09267730714697,1.63078112583443
"z_3[1,312]",-0.22179422962535,0.945140158905234,-2.06349876213043,1.63168594365557
"z_3[1,313]",-0.254328843710886,0.958907948707302,-2.15854947835274,1.63508977779642
"z_3[1,314]",0.146995899714459,0.818094649352891,-1.41170714974314,1.76784070744614
"z_3[1,315]",0.0471696201061019,0.841169739647804,-1.57410005244844,1.69101538309046
"z_3[1,316]",0.310122763273484,0.720532191163879,-1.10522865221887,1.72723781433783
"z_3[1,317]",0.252844939783441,0.828002513889131,-1.35373010868646,1.88532759482138
"z_3[1,318]",0.122894303205092,0.845197065768706,-1.52643166143628,1.80232144154655
"z_3[1,319]",0.0489016226592272,0.780864291844617,-1.45369552309788,1.57760618291893
"z_3[1,320]",-0.129997253160121,0.833999663930916,-1.73927021298884,1.52857349904533
"z_3[1,321]",-0.398042789047722,0.872663343947779,-2.08535259865182,1.34264481246921
"z_3[1,322]",-0.445838624129279,0.923949171113076,-2.22474062614303,1.40509193836507
"z_3[1,323]",0.242518259819059,0.837935743068033,-1.38188839512078,1.88975765098169
"z_3[1,324]",-0.0143317192590595,0.861957328353291,-1.68203070259583,1.68715263270093
"z_3[1,325]",-0.000293806324954028,0.767598407481179,-1.51966551987141,1.49931277995935
"z_3[1,326]",-0.527873287851558,0.906632363879307,-2.32037293439136,1.24861062116895
"z_3[1,327]",-0.095348236053008,0.92643697843921,-1.89707850283131,1.78221159665964
"z_3[1,328]",-0.0721652300477185,0.878672404354698,-1.80821117421209,1.64757804130753
"z_3[1,329]",-0.381800502598453,0.86803194113199,-2.07386879921899,1.33976973051647
"z_3[1,330]",0.470645249719955,0.684180169866734,-0.834555988188691,1.81438516299181
"z_3[1,331]",0.384374274239979,0.687810221536944,-0.975664077676842,1.73839507099179
"z_3[1,332]",0.136470653109906,0.748225310238881,-1.3240343131934,1.64258472353347
