"edna_pct","distance_m","lag_days","edna_prop_model","distance_model","lag_model","edna_prop_z","distance_z","lag_z","log_effort","Reef","site_id","event_id","expected_cpue","lower","upper"
0,200,30,0,0.693147180559945,3.43398720448515,-2.97197665171803,-1.05474906161454,-0.239658678703541,0,"Thetford Reef (16-068)","Thetford Reef (16-068)__THE_16-068_15","Thetford Reef (16-068)__THEDNA1__2021-05-15",0.0253955253868643,0.0135032654803303,0.0477612404654504
0,200,90,0,0.693147180559945,4.51085950651685,-2.97197665171803,-1.05474906161454,0.498694851248286,0,"Thetford Reef (16-068)","Thetford Reef (16-068)__THE_16-068_15","Thetford Reef (16-068)__THEDNA1__2021-05-15",0.0133708693381024,0.00734155853368564,0.0243517975149691
0,200,183,0,0.693147180559945,5.21493575760899,-2.97197665171803,-1.05474906161454,0.981442141125023,0,"Thetford Reef (16-068)","Thetford Reef (16-068)__THE_16-068_15","Thetford Reef (16-068)__THEDNA1__2021-05-15",0.00902300692702401,0.0049213834299357,0.0165430422490342
0,200,270,0,0.693147180559945,5.6021188208797,-2.97197665171803,-1.05474906161454,1.24691278324678,0,"Thetford Reef (16-068)","Thetford Reef (16-068)__THE_16-068_15","Thetford Reef (16-068)__THEDNA1__2021-05-15",0.00999717725254521,0.00546493393285923,0.0182881539368432
0,200,365,0,0.693147180559945,5.90263333340137,-2.97197665171803,-1.05474906161454,1.45295945257192,0,"Thetford Reef (16-068)","Thetford Reef (16-068)__THE_16-068_15","Thetford Reef (16-068)__THEDNA1__2021-05-15",0.0119966001871138,0.00602254867613441,0.0238965965721069
0,500,30,0,1.25276296849537,3.43398720448515,-2.97197665171803,-0.146854464822377,-0.239658678703541,0,"Thetford Reef (16-068)","Thetford Reef (16-068)__THE_16-068_15","Thetford Reef (16-068)__THEDNA1__2021-05-15",0.0192170783359063,0.0103899100446276,0.0355437244578757
0,500,90,0,1.25276296849537,4.51085950651685,-2.97197665171803,-0.146854464822377,0.498694851248286,0,"Thetford Reef (16-068)","Thetford Reef (16-068)__THE_16-068_15","Thetford Reef (16-068)__THEDNA1__2021-05-15",0.0101178865006819,0.00559102763567689,0.0183099841230329
0,500,183,0,1.25276296849537,5.21493575760899,-2.97197665171803,-0.146854464822377,0.981442141125023,0,"Thetford Reef (16-068)","Thetford Reef (16-068)__THE_16-068_15","Thetford Reef (16-068)__THEDNA1__2021-05-15",0.00682781034456302,0.00372004540425979,0.0125318347050116
0,500,270,0,1.25276296849537,5.6021188208797,-2.97197665171803,-0.146854464822377,1.24691278324678,0,"Thetford Reef (16-068)","Thetford Reef (16-068)__THE_16-068_15","Thetford Reef (16-068)__THEDNA1__2021-05-15",0.00756497593467677,0.00413056335877423,0.0138549771354244
0,500,365,0,1.25276296849537,5.90263333340137,-2.97197665171803,-0.146854464822377,1.45295945257192,0,"Thetford Reef (16-068)","Thetford Reef (16-068)__THE_16-068_15","Thetford Reef (16-068)__THEDNA1__2021-05-15",0.00907796165065991,0.00455760920154399,0.0180817143564951
0,1000,30,0,1.79175946922805,3.43398720448515,-2.97197665171803,0.727588360513993,-0.239658678703541,0,"Thetford Reef (16-068)","Thetford Reef (16-068)__THE_16-068_15","Thetford Reef (16-068)__THEDNA1__2021-05-15",0.014732964081541,0.00813792617494888,0.0266726713860046
0,1000,90,0,1.79175946922805,4.51085950651685,-2.97197665171803,0.727588360513993,0.498694851248286,0,"Thetford Reef (16-068)","Thetford Reef (16-068)__THE_16-068_15","Thetford Reef (16-068)__THEDNA1__2021-05-15",0.00775697823519464,0.00438207622320178,0.0137310964658026
0,1000,183,0,1.79175946922805,5.21493575760899,-2.97197665171803,0.727588360513993,0.981442141125023,0,"Thetford Reef (16-068)","Thetford Reef (16-068)__THE_16-068_15","Thetford Reef (16-068)__THEDNA1__2021-05-15",0.0052346086540151,0.00290572352923753,0.00943005330169171
0,1000,270,0,1.79175946922805,5.6021188208797,-2.97197665171803,0.727588360513993,1.24691278324678,0,"Thetford Reef (16-068)","Thetford Reef (16-068)__THE_16-068_15","Thetford Reef (16-068)__THEDNA1__2021-05-15",0.00579976397947376,0.00322860324867166,0.0104185183581912
0,1000,365,0,1.79175946922805,5.90263333340137,-2.97197665171803,0.727588360513993,1.45295945257192,0,"Thetford Reef (16-068)","Thetford Reef (16-068)__THE_16-068_15","Thetford Reef (16-068)__THEDNA1__2021-05-15",0.00695970951436888,0.00355771519840793,0.0136147931532216
0,2000,30,0,2.39789527279837,3.43398720448515,-2.97197665171803,1.71095486454706,-0.239658678703541,0,"Thetford Reef (16-068)","Thetford Reef (16-068)__THE_16-068_15","Thetford Reef (16-068)__THEDNA1__2021-05-15",0.0164442738037233,0.00891433094463654,0.0303347657397127
0,2000,90,0,2.39789527279837,4.51085950651685,-2.97197665171803,1.71095486454706,0.498694851248286,0,"Thetford Reef (16-068)","Thetford Reef (16-068)__THE_16-068_15","Thetford Reef (16-068)__THEDNA1__2021-05-15",0.00865799124216161,0.00482614096072912,0.0155322467701031
0,2000,183,0,2.39789527279837,5.21493575760899,-2.97197665171803,1.71095486454706,0.981442141125023,0,"Thetford Reef (16-068)","Thetford Reef (16-068)__THE_16-068_15","Thetford Reef (16-068)__THEDNA1__2021-05-15",0.00584263543205221,0.00321008842051693,0.0106340961120239
0,2000,270,0,2.39789527279837,5.6021188208797,-2.97197665171803,1.71095486454706,1.24691278324678,0,"Thetford Reef (16-068)","Thetford Reef (16-068)__THE_16-068_15","Thetford Reef (16-068)__THEDNA1__2021-05-15",0.00647343646177295,0.00357522117113336,0.0117210593747204
0,2000,365,0,2.39789527279837,5.90263333340137,-2.97197665171803,1.71095486454706,1.45295945257192,0,"Thetford Reef (16-068)","Thetford Reef (16-068)__THE_16-068_15","Thetford Reef (16-068)__THEDNA1__2021-05-15",0.00776811564972537,0.00395120373055542,0.015272211928952
0,3000,30,0,2.77258872223978,3.43398720448515,-2.97197665171803,2.31884006995969,-0.239658678703541,0,"Thetford Reef (16-068)","Thetford Reef (16-068)__THE_16-068_15","Thetford Reef (16-068)__THEDNA1__2021-05-15",0.0226369852707754,0.0118117940943467,0.0433831726201999
0,3000,90,0,2.77258872223978,4.51085950651685,-2.97197665171803,2.31884006995969,0.498694851248286,0,"Thetford Reef (16-068)","Thetford Reef (16-068)__THE_16-068_15","Thetford Reef (16-068)__THEDNA1__2021-05-15",0.0119184843649914,0.00641401270695158,0.0221468643809497
0,3000,183,0,2.77258872223978,5.21493575760899,-2.97197665171803,2.31884006995969,0.981442141125023,0,"Thetford Reef (16-068)","Thetford Reef (16-068)__THE_16-068_15","Thetford Reef (16-068)__THEDNA1__2021-05-15",0.00804290014849605,0.00428677041173596,0.0150902046495375
0,3000,270,0,2.77258872223978,5.6021188208797,-2.97197665171803,2.31884006995969,1.24691278324678,0,"Thetford Reef (16-068)","Thetford Reef (16-068)__THE_16-068_15","Thetford Reef (16-068)__THEDNA1__2021-05-15",0.00891125309548634,0.00478401857925933,0.0165991060478091
0,3000,365,0,2.77258872223978,5.90263333340137,-2.97197665171803,2.31884006995969,1.45295945257192,0,"Thetford Reef (16-068)","Thetford Reef (16-068)__THE_16-068_15","Thetford Reef (16-068)__THEDNA1__2021-05-15",0.0106934925581632,0.00531300325804727,0.0215228144116589
0,5000,30,0,3.25809653802148,3.43398720448515,-2.97197665171803,3.10650534344092,-0.239658678703541,0,"Thetford Reef (16-068)","Thetford Reef (16-068)__THE_16-068_15","Thetford Reef (16-068)__THEDNA1__2021-05-15",0.0393953180909736,0.0149249067954078,0.103986651894304
0,5000,90,0,3.25809653802148,4.51085950651685,-2.97197665171803,3.10650534344092,0.498694851248286,0,"Thetford Reef (16-068)","Thetford Reef (16-068)__THE_16-068_15","Thetford Reef (16-068)__THEDNA1__2021-05-15",0.0207418292279098,0.00805541400492425,0.0534079911295409
0,5000,183,0,3.25809653802148,5.21493575760899,-2.97197665171803,3.10650534344092,0.981442141125023,0,"Thetford Reef (16-068)","Thetford Reef (16-068)__THE_16-068_15","Thetford Reef (16-068)__THEDNA1__2021-05-15",0.0139971204616633,0.0054249649758576,0.0361144048100222
0,5000,270,0,3.25809653802148,5.6021188208797,-2.97197665171803,3.10650534344092,1.24691278324678,0,"Thetford Reef (16-068)","Thetford Reef (16-068)__THE_16-068_15","Thetford Reef (16-068)__THEDNA1__2021-05-15",0.0155083217171627,0.00605312140424221,0.0397328958765744
0,5000,365,0,3.25809653802148,5.90263333340137,-2.97197665171803,3.10650534344092,1.45295945257192,0,"Thetford Reef (16-068)","Thetford Reef (16-068)__THE_16-068_15","Thetford Reef (16-068)__THEDNA1__2021-05-15",0.0186099666449916,0.00690038403019103,0.0501900846405666
2,200,30,0.02,0.693147180559945,3.43398720448515,-2.89815105560596,-1.05474906161454,-0.239658678703541,0,"Thetford Reef (16-068)","Thetford Reef (16-068)__THE_16-068_15","Thetford Reef (16-068)__THEDNA1__2021-05-15",0.0258227914946018,0.0138784914332715,0.0480467609739695
2,200,90,0.02,0.693147180559945,4.51085950651685,-2.89815105560596,-1.05474906161454,0.498694851248286,0,"Thetford Reef (16-068)","Thetford Reef (16-068)__THE_16-068_15","Thetford Reef (16-068)__THEDNA1__2021-05-15",0.0137393469172278,0.00761870140384357,0.0247771429415393
2,200,183,0.02,0.693147180559945,5.21493575760899,-2.89815105560596,-1.05474906161454,0.981442141125023,0,"Thetford Reef (16-068)","Thetford Reef (16-068)__THE_16-068_15","Thetford Reef (16-068)__THEDNA1__2021-05-15",0.0093112178368644,0.00512997395000607,0.0169004323317157
2,200,270,0.02,0.693147180559945,5.6021188208797,-2.89815105560596,-1.05474906161454,1.24691278324678,0,"Thetford Reef (16-068)","Thetford Reef (16-068)__THE_16-068_15","Thetford Reef (16-068)__THEDNA1__2021-05-15",0.0102521629142734,0.00566051369518585,0.0185684286057278
2,200,365,0.02,0.693147180559945,5.90263333340137,-2.89815105560596,-1.05474906161454,1.45295945257192,0,"Thetford Reef (16-068)","Thetford Reef (16-068)__THE_16-068_15","Thetford Reef (16-068)__THEDNA1__2021-05-15",0.0122096847441635,0.00620465155453643,0.0240265549550263
2,500,30,0.02,1.25276296849537,3.43398720448515,-2.89815105560596,-0.146854464822377,-0.239658678703541,0,"Thetford Reef (16-068)","Thetford Reef (16-068)__THE_16-068_15","Thetford Reef (16-068)__THEDNA1__2021-05-15",0.0196608118195086,0.0107364158245725,0.0360034044617975
2,500,90,0.02,1.25276296849537,4.51085950651685,-2.89815105560596,-0.146854464822377,0.498694851248286,0,"Thetford Reef (16-068)","Thetford Reef (16-068)__THE_16-068_15","Thetford Reef (16-068)__THEDNA1__2021-05-15",0.0104607867169989,0.00583490671568194,0.0187540373943666
2,500,183,0.02,1.25276296849537,5.21493575760899,-2.89815105560596,-0.146854464822377,0.981442141125023,0,"Thetford Reef (16-068)","Thetford Reef (16-068)__THE_16-068_15","Thetford Reef (16-068)__THEDNA1__2021-05-15",0.00708932269151893,0.00390047586892224,0.0128852216789569
2,500,270,0.02,1.25276296849537,5.6021188208797,-2.89815105560596,-0.146854464822377,1.24691278324678,0,"Thetford Reef (16-068)","Thetford Reef (16-068)__THE_16-068_15","Thetford Reef (16-068)__THEDNA1__2021-05-15",0.00780573416482144,0.00430355888872812,0.0141579300823435
2,500,365,0.02,1.25276296849537,5.90263333340137,-2.89815105560596,-0.146854464822377,1.45295945257192,0,"Thetford Reef (16-068)","Thetford Reef (16-068)__THE_16-068_15","Thetford Reef (16-068)__THEDNA1__2021-05-15",0.00929614113101233,0.00472311731727789,0.0182968649987939
2,1000,30,0.02,1.79175946922805,3.43398720448515,-2.89815105560596,0.727588360513993,-0.239658678703541,0,"Thetford Reef (16-068)","Thetford Reef (16-068)__THE_16-068_15","Thetford Reef (16-068)__THEDNA1__2021-05-15",0.015196247772776,0.00847317261463088,0.0272537757548871
2,1000,90,0.02,1.79175946922805,4.51085950651685,-2.89815105560596,0.727588360513993,0.498694851248286,0,"Thetford Reef (16-068)","Thetford Reef (16-068)__THE_16-068_15","Thetford Reef (16-068)__THEDNA1__2021-05-15",0.00808535823998606,0.00460757324991844,0.0141881668121212
2,1000,183,0.02,1.79175946922805,5.21493575760899,-2.89815105560596,0.727588360513993,0.981442141125023,0,"Thetford Reef (16-068)","Thetford Reef (16-068)__THE_16-068_15","Thetford Reef (16-068)__THEDNA1__2021-05-15",0.00547948401879255,0.00306975686667612,0.00978082187489765
2,1000,270,0.02,1.79175946922805,5.6021188208797,-2.89815105560596,0.727588360513993,1.24691278324678,0,"Thetford Reef (16-068)","Thetford Reef (16-068)__THE_16-068_15","Thetford Reef (16-068)__THEDNA1__2021-05-15",0.00603321325212778,0.00338935199300622,0.0107394163311333
2,1000,365,0.02,1.79175946922805,5.90263333340137,-2.89815105560596,0.727588360513993,1.45295945257192,0,"Thetford Reef (16-068)","Thetford Reef (16-068)__THE_16-068_15","Thetford Reef (16-068)__THEDNA1__2021-05-15",0.0071851795975884,0.00371525520070658,0.0138958976061138
2,2000,30,0.02,2.39789527279837,3.43398720448515,-2.89815105560596,1.71095486454706,-0.239658678703541,0,"Thetford Reef (16-068)","Thetford Reef (16-068)__THE_16-068_15","Thetford Reef (16-068)__THEDNA1__2021-05-15",0.0169281185982821,0.00926872121592299,0.0309170156920044
2,2000,90,0.02,2.39789527279837,4.51085950651685,-2.89815105560596,1.71095486454706,0.498694851248286,0,"Thetford Reef (16-068)","Thetford Reef (16-068)__THE_16-068_15","Thetford Reef (16-068)__THEDNA1__2021-05-15",0.00900682229209786,0.00506674065606686,0.0160108545726127
2,2000,183,0.02,2.39789527279837,5.21493575760899,-2.89815105560596,1.71095486454706,0.981442141125023,0,"Thetford Reef (16-068)","Thetford Reef (16-068)__THE_16-068_15","Thetford Reef (16-068)__THEDNA1__2021-05-15",0.00610396439400561,0.00338577127019717,0.0110043999874565
2,2000,270,0.02,2.39789527279837,5.6021188208797,-2.89815105560596,1.71095486454706,1.24691278324678,0,"Thetford Reef (16-068)","Thetford Reef (16-068)__THE_16-068_15","Thetford Reef (16-068)__THEDNA1__2021-05-15",0.00672080048890182,0.00374689646779631,0.012055086015811
2,2000,365,0.02,2.39789527279837,5.90263333340137,-2.89815105560596,1.71095486454706,1.45295945257192,0,"Thetford Reef (16-068)","Thetford Reef (16-068)__THE_16-068_15","Thetford Reef (16-068)__THEDNA1__2021-05-15",0.00800405298706931,0.00411886203371624,0.0155540204297668
2,3000,30,0.02,2.77258872223978,3.43398720448515,-2.89815105560596,2.31884006995969,-0.239658678703541,0,"Thetford Reef (16-068)","Thetford Reef (16-068)__THE_16-068_15","Thetford Reef (16-068)__THEDNA1__2021-05-15",0.0231027844544318,0.0121929077476798,0.0437745171695818
2,3000,90,0.02,2.77258872223978,4.51085950651685,-2.89815105560596,2.31884006995969,0.498694851248286,0,"Thetford Reef (16-068)","Thetford Reef (16-068)__THE_16-068_15","Thetford Reef (16-068)__THEDNA1__2021-05-15",0.0122921323374249,0.0066852263309642,0.0226015560162756
2,3000,183,0.02,2.77258872223978,5.21493575760899,-2.89815105560596,2.31884006995969,0.981442141125023,0,"Thetford Reef (16-068)","Thetford Reef (16-068)__THE_16-068_15","Thetford Reef (16-068)__THEDNA1__2021-05-15",0.00833043394004511,0.00448819961008253,0.0154619080384839
2,3000,270,0.02,2.77258872223978,5.6021188208797,-2.89815105560596,2.31884006995969,1.24691278324678,0,"Thetford Reef (16-068)","Thetford Reef (16-068)__THE_16-068_15","Thetford Reef (16-068)__THEDNA1__2021-05-15",0.00917226590508975,0.00497665175474172,0.0169050329377604
2,3000,365,0.02,2.77258872223978,5.90263333340137,-2.89815105560596,2.31884006995969,1.45295945257192,0,"Thetford Reef (16-068)","Thetford Reef (16-068)__THE_16-068_15","Thetford Reef (16-068)__THEDNA1__2021-05-15",0.0109235949552527,0.00549624925460834,0.02171024660979
2,5000,30,0.02,3.25809653802148,3.43398720448515,-2.89815105560596,3.10650534344092,-0.239658678703541,0,"Thetford Reef (16-068)","Thetford Reef (16-068)__THE_16-068_15","Thetford Reef (16-068)__THEDNA1__2021-05-15",0.0395948151840902,0.0153026095275212,0.102449806789014
2,5000,90,0.02,3.25809653802148,4.51085950651685,-2.89815105560596,3.10650534344092,0.498694851248286,0,"Thetford Reef (16-068)","Thetford Reef (16-068)__THE_16-068_15","Thetford Reef (16-068)__THEDNA1__2021-05-15",0.0210669284942125,0.00834187524371202,0.0532033221804421
2,5000,183,0.02,3.25809653802148,5.21493575760899,-2.89815105560596,3.10650534344092,0.981442141125023,0,"Thetford Reef (16-068)","Thetford Reef (16-068)__THE_16-068_15","Thetford Reef (16-068)__THEDNA1__2021-05-15",0.0142771531678332,0.00564219712607337,0.0361272564611063
2,5000,270,0.02,3.25809653802148,5.6021188208797,-2.89815105560596,3.10650534344092,1.24691278324678,0,"Thetford Reef (16-068)","Thetford Reef (16-068)__THE_16-068_15","Thetford Reef (16-068)__THEDNA1__2021-05-15",0.0157199308181959,0.0062551518642662,0.0395060312349197
2,5000,365,0.02,3.25809653802148,5.90263333340137,-2.89815105560596,3.10650534344092,1.45295945257192,0,"Thetford Reef (16-068)","Thetford Reef (16-068)__THE_16-068_15","Thetford Reef (16-068)__THEDNA1__2021-05-15",0.0187214543014152,0.00708506843395749,0.0494692259400241
4,200,30,0.04,0.693147180559945,3.43398720448515,-2.82432545949389,-1.05474906161454,-0.239658678703541,0,"Thetford Reef (16-068)","Thetford Reef (16-068)__THE_16-068_15","Thetford Reef (16-068)__THEDNA1__2021-05-15",0.0262572461256732,0.0142622603189462,0.0483403723313276
4,200,90,0.04,0.693147180559945,4.51085950651685,-2.82432545949389,-1.05474906161454,0.498694851248286,0,"Thetford Reef (16-068)","Thetford Reef (16-068)__THE_16-068_15","Thetford Reef (16-068)__THEDNA1__2021-05-15",0.0141179790886154,0.00790524055756399,0.0252133166720483
4,200,183,0.04,0.693147180559945,5.21493575760899,-2.82432545949389,-1.05474906161454,0.981442141125023,0,"Thetford Reef (16-068)","Thetford Reef (16-068)__THE_16-068_15","Thetford Reef (16-068)__THEDNA1__2021-05-15",0.00960863471642448,0.00534668458537873,0.0172678712647752
4,200,270,0.04,0.693147180559945,5.6021188208797,-2.82432545949389,-1.05474906161454,1.24691278324678,0,"Thetford Reef (16-068)","Thetford Reef (16-068)__THE_16-068_15","Thetford Reef (16-068)__THEDNA1__2021-05-15",0.0105136521805736,0.00586229980261557,0.0188555491694167
4,200,365,0.04,0.693147180559945,5.90263333340137,-2.82432545949389,-1.05474906161454,1.45295945257192,0,"Thetford Reef (16-068)","Thetford Reef (16-068)__THE_16-068_15","Thetford Reef (16-068)__THEDNA1__2021-05-15",0.0124265541258922,0.00639144471348602,0.0241603040260838
4,500,30,0.04,1.25276296849537,3.43398720448515,-2.82432545949389,-0.146854464822377,-0.239658678703541,0,"Thetford Reef (16-068)","Thetford Reef (16-068)__THE_16-068_15","Thetford Reef (16-068)__THEDNA1__2021-05-15",0.0201147913665877,0.0110930628910736,0.0364736805059431
4,500,90,0.04,1.25276296849537,4.51085950651685,-2.82432545949389,-0.146854464822377,0.498694851248286,0,"Thetford Reef (16-068)","Thetford Reef (16-068)__THE_16-068_15","Thetford Reef (16-068)__THEDNA1__2021-05-15",0.01081530799255,0.00608864310706559,0.01921132260782
4,500,183,0.04,1.25276296849537,5.21493575760899,-2.82432545949389,-0.146854464822377,0.981442141125023,0,"Thetford Reef (16-068)","Thetford Reef (16-068)__THE_16-068_15","Thetford Reef (16-068)__THEDNA1__2021-05-15",0.00736085123754292,0.00408913514485546,0.013250266626527
4,500,270,0.04,1.25276296849537,5.6021188208797,-2.82432545949389,-0.146854464822377,1.24691278324678,0,"Thetford Reef (16-068)","Thetford Reef (16-068)__THE_16-068_15","Thetford Reef (16-068)__THEDNA1__2021-05-15",0.00805415461701188,0.00448322559728237,0.0144693603270949
4,500,365,0.04,1.25276296849537,5.90263333340137,-2.82432545949389,-0.146854464822377,1.45295945257192,0,"Thetford Reef (16-068)","Thetford Reef (16-068)__THE_16-068_15","Thetford Reef (16-068)__THEDNA1__2021-05-15",0.00951956433098801,0.00489403853373773,0.0185168352122901
4,1000,30,0.04,1.79175946922805,3.43398720448515,-2.82432545949389,0.727588360513993,-0.239658678703541,0,"Thetford Reef (16-068)","Thetford Reef (16-068)__THE_16-068_15","Thetford Reef (16-068)__THEDNA1__2021-05-15",0.0156740995968984,0.0088210598218004,0.0278512336540699
4,1000,90,0.04,1.79175946922805,4.51085950651685,-2.82432545949389,0.727588360513993,0.498694851248286,0,"Thetford Reef (16-068)","Thetford Reef (16-068)__THE_16-068_15","Thetford Reef (16-068)__THEDNA1__2021-05-15",0.00842763971829941,0.00484403164320738,0.0146623962130912
4,1000,183,0.04,1.79175946922805,5.21493575760899,-2.82432545949389,0.727588360513993,0.981442141125023,0,"Thetford Reef (16-068)","Thetford Reef (16-068)__THE_16-068_15","Thetford Reef (16-068)__THEDNA1__2021-05-15",0.00573581467053381,0.00324262606591349,0.0101459648032042
4,1000,270,0.04,1.79175946922805,5.6021188208797,-2.82432545949389,0.727588360513993,1.24691278324678,0,"Thetford Reef (16-068)","Thetford Reef (16-068)__THE_16-068_15","Thetford Reef (16-068)__THEDNA1__2021-05-15",0.00627605921111171,0.00355763839635141,0.0110716477711102
4,1000,365,0.04,1.79175946922805,5.90263333340137,-2.82432545949389,0.727588360513993,1.45295945257192,0,"Thetford Reef (16-068)","Thetford Reef (16-068)__THE_16-068_15","Thetford Reef (16-068)__THEDNA1__2021-05-15",0.00741795411762701,0.00387928807646162,0.014184572583073
4,2000,30,0.04,2.39789527279837,3.43398720448515,-2.82432545949389,1.71095486454706,-0.239658678703541,0,"Thetford Reef (16-068)","Thetford Reef (16-068)__THE_16-068_15","Thetford Reef (16-068)__THEDNA1__2021-05-15",0.017426199703183,0.00963589372405093,0.031514714129449
4,2000,90,0.04,2.39789527279837,4.51085950651685,-2.82432545949389,1.71095486454706,0.498694851248286,0,"Thetford Reef (16-068)","Thetford Reef (16-068)__THE_16-068_15","Thetford Reef (16-068)__THEDNA1__2021-05-15",0.00936970776851665,0.00531860822949612,0.016506465578819
4,2000,183,0.04,2.39789527279837,5.21493575760899,-2.82432545949389,1.71095486454706,0.981442141125023,0,"Thetford Reef (16-068)","Thetford Reef (16-068)__THE_16-068_15","Thetford Reef (16-068)__THEDNA1__2021-05-15",0.00637698205828346,0.00357058779717886,0.011389133241255
4,2000,270,0.04,2.39789527279837,5.6021188208797,-2.82432545949389,1.71095486454706,1.24691278324678,0,"Thetford Reef (16-068)","Thetford Reef (16-068)__THE_16-068_15","Thetford Reef (16-068)__THEDNA1__2021-05-15",0.00697761683123897,0.00392628398391485,0.012400309514811
4,2000,365,0.04,2.39789527279837,5.90263333340137,-2.82432545949389,1.71095486454706,1.45295945257192,0,"Thetford Reef (16-068)","Thetford Reef (16-068)__THE_16-068_15","Thetford Reef (16-068)__THEDNA1__2021-05-15",0.00824715633862609,0.0042930822995048,0.0158430663399082
4,3000,30,0.04,2.77258872223978,3.43398720448515,-2.82432545949389,2.31884006995969,-0.239658678703541,0,"Thetford Reef (16-068)","Thetford Reef (16-068)__THE_16-068_15","Thetford Reef (16-068)__THEDNA1__2021-05-15",0.0235781683454554,0.0125844044286591,0.0441761090624667
4,3000,90,0.04,2.77258872223978,4.51085950651685,-2.82432545949389,2.31884006995969,0.498694851248286,0,"Thetford Reef (16-068)","Thetford Reef (16-068)__THE_16-068_15","Thetford Reef (16-068)__THEDNA1__2021-05-15",0.0126774942831313,0.00696682369374414,0.023069173035503
4,3000,183,0.04,2.77258872223978,5.21493575760899,-2.82432545949389,2.31884006995969,0.981442141125023,0,"Thetford Reef (16-068)","Thetford Reef (16-068)__THE_16-068_15","Thetford Reef (16-068)__THEDNA1__2021-05-15",0.00862824706861887,0.00469836748542565,0.0158452159623664
4,3000,270,0.04,2.77258872223978,5.6021188208797,-2.82432545949389,2.31884006995969,1.24691278324678,0,"Thetford Reef (16-068)","Thetford Reef (16-068)__THE_16-068_15","Thetford Reef (16-068)__THEDNA1__2021-05-15",0.00944092384451353,0.00517623384928496,0.0172192844514196
4,3000,365,0.04,2.77258872223978,5.90263333340137,-2.82432545949389,2.31884006995969,1.45295945257192,0,"Thetford Reef (16-068)","Thetford Reef (16-068)__THE_16-068_15","Thetford Reef (16-068)__THEDNA1__2021-05-15",0.0111586486919404,0.00568498086158914,0.0219025259119934
4,5000,30,0.04,3.25809653802148,3.43398720448515,-2.82432545949389,3.10650534344092,-0.239658678703541,0,"Thetford Reef (16-068)","Thetford Reef (16-068)__THE_16-068_15","Thetford Reef (16-068)__THEDNA1__2021-05-15",0.0397953225264469,0.0156870870973554,0.100953585911493
4,5000,90,0.04,3.25809653802148,4.51085950651685,-2.82432545949389,3.10650534344092,0.498694851248286,0,"Thetford Reef (16-068)","Thetford Reef (16-068)__THE_16-068_15","Thetford Reef (16-068)__THEDNA1__2021-05-15",0.02139712323844,0.00863696284265254,0.0530090138422296
4,5000,183,0.04,3.25809653802148,5.21493575760899,-2.82432545949389,3.10650534344092,0.981442141125023,0,"Thetford Reef (16-068)","Thetford Reef (16-068)__THE_16-068_15","Thetford Reef (16-068)__THEDNA1__2021-05-15",0.0145627883346477,0.00586706334856835,0.0361466702300906
4,5000,270,0.04,3.25809653802148,5.6021188208797,-2.82432545949389,3.10650534344092,1.24691278324678,0,"Thetford Reef (16-068)","Thetford Reef (16-068)__THE_16-068_15","Thetford Reef (16-068)__THEDNA1__2021-05-15",0.0159344272988217,0.00646274112928251,0.039287659564607
4,5000,365,0.04,3.25809653802148,5.90263333340137,-2.82432545949389,3.10650534344092,1.45295945257192,0,"Thetford Reef (16-068)","Thetford Reef (16-068)__THE_16-068_15","Thetford Reef (16-068)__THEDNA1__2021-05-15",0.0188336098525089,0.0072734017860322,0.0487673953001872
6,200,30,0.06,0.693147180559945,3.43398720448515,-2.75049986338183,-1.05474906161454,-0.239658678703541,0,"Thetford Reef (16-068)","Thetford Reef (16-068)__THE_16-068_15","Thetford Reef (16-068)__THEDNA1__2021-05-15",0.0266990102231319,0.0146546030758004,0.0486425420878188
6,200,90,0.06,0.693147180559945,4.51085950651685,-2.75049986338183,-1.05474906161454,0.498694851248286,0,"Thetford Reef (16-068)","Thetford Reef (16-068)__THE_16-068_15","Thetford Reef (16-068)__THEDNA1__2021-05-15",0.0145070456949199,0.00820139406425907,0.0256608051199044
6,200,183,0.06,0.693147180559945,5.21493575760899,-2.75049986338183,-1.05474906161454,0.981442141125023,0,"Thetford Reef (16-068)","Thetford Reef (16-068)__THE_16-068_15","Thetford Reef (16-068)__THEDNA1__2021-05-15",0.00991555162077155,0.00557175985801983,0.017645800689466
6,200,270,0.06,0.693147180559945,5.6021188208797,-2.75049986338183,-1.05474906161454,1.24691278324678,0,"Thetford Reef (16-068)","Thetford Reef (16-068)__THE_16-068_15","Thetford Reef (16-068)__THEDNA1__2021-05-15",0.0107818109308609,0.0060704157284912,0.0191498329188937
6,200,365,0.06,0.693147180559945,5.90263333340137,-2.75049986338183,-1.05474906161454,1.45295945257192,0,"Thetford Reef (16-068)","Thetford Reef (16-068)__THE_16-068_15","Thetford Reef (16-068)__THEDNA1__2021-05-15",0.0126472755586539,0.0065829744082209,0.0242980709231941
6,500,30,0.06,1.25276296849537,3.43398720448515,-2.75049986338183,-0.146854464822377,-0.239658678703541,0,"Thetford Reef (16-068)","Thetford Reef (16-068)__THE_16-068_15","Thetford Reef (16-068)__THEDNA1__2021-05-15",0.0205792535646915,0.0114600218775048,0.0369550496331233
6,500,90,0.06,1.25276296849537,4.51085950651685,-2.75049986338183,-0.146854464822377,0.498694851248286,0,"Thetford Reef (16-068)","Thetford Reef (16-068)__THE_16-068_15","Thetford Reef (16-068)__THEDNA1__2021-05-15",0.0111818441708249,0.00635255907678155,0.0196824047678055
6,500,183,0.06,1.25276296849537,5.21493575760899,-2.75049986338183,-0.146854464822377,0.981442141125023,0,"Thetford Reef (16-068)","Thetford Reef (16-068)__THE_16-068_15","Thetford Reef (16-068)__THEDNA1__2021-05-15",0.00764277961363728,0.00428634446484984,0.0136274815758831
6,500,270,0.06,1.25276296849537,5.6021188208797,-2.75049986338183,-0.146854464822377,1.24691278324678,0,"Thetford Reef (16-068)","Thetford Reef (16-068)__THE_16-068_15","Thetford Reef (16-068)__THEDNA1__2021-05-15",0.0083104811443726,0.00466976522819388,0.0147896293445322
6,500,365,0.06,1.25276296849537,5.90263333340137,-2.75049986338183,-0.146854464822377,1.45295945257192,0,"Thetford Reef (16-068)","Thetford Reef (16-068)__THE_16-068_15","Thetford Reef (16-068)__THEDNA1__2021-05-15",0.00974835727799999,0.00507049276474272,0.0187418608069658
6,1000,30,0.06,1.79175946922805,3.43398720448515,-2.75049986338183,0.727588360513993,-0.239658678703541,0,"Thetford Reef (16-068)","Thetford Reef (16-068)__THE_16-068_15","Thetford Reef (16-068)__THEDNA1__2021-05-15",0.0161669776544194,0.00918195273829323,0.0284657494901329
6,1000,90,0.06,1.79175946922805,4.51085950651685,-2.75049986338183,0.727588360513993,0.498694851248286,0,"Thetford Reef (16-068)","Thetford Reef (16-068)__THE_16-068_15","Thetford Reef (16-068)__THEDNA1__2021-05-15",0.00878441116810426,0.00509191771940791,0.0151545810090756
6,1000,183,0.06,1.79175946922805,5.21493575760899,-2.75049986338183,0.727588360513993,0.981442141125023,0,"Thetford Reef (16-068)","Thetford Reef (16-068)__THE_16-068_15","Thetford Reef (16-068)__THEDNA1__2021-05-15",0.00600413648837693,0.00342476051885317,0.0105261827133919
6,1000,270,0.06,1.79175946922805,5.6021188208797,-2.75049986338183,0.727588360513993,1.24691278324678,0,"Thetford Reef (16-068)","Thetford Reef (16-068)__THE_16-068_15","Thetford Reef (16-068)__THEDNA1__2021-05-15",0.00652868008726337,0.00373376794324773,0.0114157238290374
6,1000,365,0.06,1.79175946922805,5.90263333340137,-2.75049986338183,0.727588360513993,1.45295945257192,0,"Thetford Reef (16-068)","Thetford Reef (16-068)__THE_16-068_15","Thetford Reef (16-068)__THEDNA1__2021-05-15",0.0076582697125188,0.00405003184053736,0.0144811441734002
6,2000,30,0.06,2.39789527279837,3.43398720448515,-2.75049986338183,1.71095486454706,-0.239658678703541,0,"Thetford Reef (16-068)","Thetford Reef (16-068)__THE_16-068_15","Thetford Reef (16-068)__THEDNA1__2021-05-15",0.0179389359976503,0.0100161844247518,0.0321285442720638
6,2000,90,0.06,2.39789527279837,4.51085950651685,-2.75049986338183,1.71095486454706,0.498694851248286,0,"Thetford Reef (16-068)","Thetford Reef (16-068)__THE_16-068_15","Thetford Reef (16-068)__THEDNA1__2021-05-15",0.00974721392520699,0.00558219625575365,0.017019856513612
6,2000,183,0.06,2.39789527279837,5.21493575760899,-2.75049986338183,1.71095486454706,0.981442141125023,0,"Thetford Reef (16-068)","Thetford Reef (16-068)__THE_16-068_15","Thetford Reef (16-068)__THEDNA1__2021-05-15",0.00666221123629176,0.00376496036577896,0.0117889842773389
6,2000,270,0.06,2.39789527279837,5.6021188208797,-2.75049986338183,1.71095486454706,1.24691278324678,0,"Thetford Reef (16-068)","Thetford Reef (16-068)__THE_16-068_15","Thetford Reef (16-068)__THEDNA1__2021-05-15",0.00724424668221993,0.00411367590641825,0.0127572300751684
6,2000,365,0.06,2.39789527279837,5.90263333340137,-2.75049986338183,1.71095486454706,1.45295945257192,0,"Thetford Reef (16-068)","Thetford Reef (16-068)__THE_16-068_15","Thetford Reef (16-068)__THEDNA1__2021-05-15",0.00849764335438815,0.00447406536492303,0.0161396709007668
6,3000,30,0.06,2.77258872223978,3.43398720448515,-2.75049986338183,2.31884006995969,-0.239658678703541,0,"Thetford Reef (16-068)","Thetford Reef (16-068)__THE_16-068_15","Thetford Reef (16-068)__THEDNA1__2021-05-15",0.0240633341674964,0.012986388629659,0.0445885355636247
6,3000,90,0.06,2.77258872223978,4.51085950651685,-2.75049986338183,2.31884006995969,0.498694851248286,0,"Thetford Reef (16-068)","Thetford Reef (16-068)__THE_16-068_15","Thetford Reef (16-068)__THEDNA1__2021-05-15",0.0130749374386002,0.00725909283770423,0.0235503241032216
6,3000,183,0.06,2.77258872223978,5.21493575760899,-2.75049986338183,2.31884006995969,0.981442141125023,0,"Thetford Reef (16-068)","Thetford Reef (16-068)__THE_16-068_15","Thetford Reef (16-068)__THEDNA1__2021-05-15",0.00893670702065813,0.00491757615913208,0.0162406701571402
6,3000,270,0.06,2.77258872223978,5.6021188208797,-2.75049986338183,2.31884006995969,1.24691278324678,0,"Thetford Reef (16-068)","Thetford Reef (16-068)__THE_16-068_15","Thetford Reef (16-068)__THEDNA1__2021-05-15",0.00971745084150303,0.00538293544276196,0.017542259583291
6,3000,365,0.06,2.77258872223978,5.90263333340137,-2.75049986338183,2.31884006995969,1.45295945257192,0,"Thetford Reef (16-068)","Thetford Reef (16-068)__THE_16-068_15","Thetford Reef (16-068)__THEDNA1__2021-05-15",0.0113987603110704,0.00587928131666032,0.0220999352864849
6,5000,30,0.06,3.25809653802148,3.43398720448515,-2.75049986338183,3.10650534344092,-0.239658678703541,0,"Thetford Reef (16-068)","Thetford Reef (16-068)__THE_16-068_15","Thetford Reef (16-068)__THEDNA1__2021-05-15",0.0399968452339252,0.0160781859842283,0.0994980173905078
6,5000,90,0.06,3.25809653802148,4.51085950651685,-2.75049986338183,3.10650534344092,0.498694851248286,0,"Thetford Reef (16-068)","Thetford Reef (16-068)__THE_16-068_15","Thetford Reef (16-068)__THEDNA1__2021-05-15",0.0217324933251075,0.00894076863262607,0.0528255774791386
6,5000,183,0.06,3.25809653802148,5.21493575760899,-2.75049986338183,3.10650534344092,0.981442141125023,0,"Thetford Reef (16-068)","Thetford Reef (16-068)__THE_16-068_15","Thetford Reef (16-068)__THEDNA1__2021-05-15",0.0148541380474618,0.00609971279174202,0.0361730830067555
6,5000,270,0.06,3.25809653802148,5.6021188208797,-2.75049986338183,3.10650534344092,1.24691278324678,0,"Thetford Reef (16-068)","Thetford Reef (16-068)__THE_16-068_15","Thetford Reef (16-068)__THEDNA1__2021-05-15",0.0161518505569717,0.00667591704581105,0.0390781183505632
6,5000,365,0.06,3.25809653802148,5.90263333340137,-2.75049986338183,3.10650534344092,1.45295945257192,0,"Thetford Reef (16-068)","Thetford Reef (16-068)__THE_16-068_15","Thetford Reef (16-068)__THEDNA1__2021-05-15",0.0189464372994627,0.0074653265136961,0.0480846330946009
8,200,30,0.08,0.693147180559945,3.43398720448515,-2.67667426726976,-1.05474906161454,-0.239658678703541,0,"Thetford Reef (16-068)","Thetford Reef (16-068)__THE_16-068_15","Thetford Reef (16-068)__THEDNA1__2021-05-15",0.0271482067648337,0.0150555335775563,0.0489537701702493
8,200,90,0.08,0.693147180559945,4.51085950651685,-2.67667426726976,-1.05474906161454,0.498694851248286,0,"Thetford Reef (16-068)","Thetford Reef (16-068)__THE_16-068_15","Thetford Reef (16-068)__THEDNA1__2021-05-15",0.0149068342907663,0.00850737473615173,0.0261201270032315
8,200,183,0.08,0.693147180559945,5.21493575760899,-2.67667426726976,-1.05474906161454,0.981442141125023,0,"Thetford Reef (16-068)","Thetford Reef (16-068)__THE_16-068_15","Thetford Reef (16-068)__THEDNA1__2021-05-15",0.0102322719976154,0.0058054440537953,0.0180346911042467
8,200,270,0.08,0.693147180559945,5.6021188208797,-2.67667426726976,-1.05474906161454,1.24691278324678,0,"Thetford Reef (16-068)","Thetford Reef (16-068)__THE_16-068_15","Thetford Reef (16-068)__THEDNA1__2021-05-15",0.011056809275432,0.00628497989223103,0.0194516185333222
8,200,365,0.08,0.693147180559945,5.90263333340137,-2.67667426726976,-1.05474906161454,1.45295945257192,0,"Thetford Reef (16-068)","Thetford Reef (16-068)__THE_16-068_15","Thetford Reef (16-068)__THEDNA1__2021-05-15",0.0128719174628823,0.00677927926049501,0.0244400994272002
8,500,30,0.08,1.25276296849537,3.43398720448515,-2.67667426726976,-0.146854464822377,-0.239658678703541,0,"Thetford Reef (16-068)","Thetford Reef (16-068)__THE_16-068_15","Thetford Reef (16-068)__THEDNA1__2021-05-15",0.0210544404643116,0.0118374536878172,0.0374480420330147
8,500,90,0.08,1.25276296849537,4.51085950651685,-2.67667426726976,-0.146854464822377,0.498694851248286,0,"Thetford Reef (16-068)","Thetford Reef (16-068)__THE_16-068_15","Thetford Reef (16-068)__THEDNA1__2021-05-15",0.0115608024428652,0.0066269796043894,0.0201678835761668
8,500,183,0.08,1.25276296849537,5.21493575760899,-2.67667426726976,-0.146854464822377,0.981442141125023,0,"Thetford Reef (16-068)","Thetford Reef (16-068)__THE_16-068_15","Thetford Reef (16-068)__THEDNA1__2021-05-15",0.00793550614427685,0.00449243175341616,0.0140174099958157
8,500,270,0.08,1.25276296849537,5.6021188208797,-2.67667426726976,-0.146854464822377,1.24691278324678,0,"Thetford Reef (16-068)","Thetford Reef (16-068)__THE_16-068_15","Thetford Reef (16-068)__THEDNA1__2021-05-15",0.00857496536074643,0.00486337991265231,0.015119121322747
8,500,365,0.08,1.25276296849537,5.90263333340137,-2.67667426726976,-0.146854464822377,1.45295945257192,0,"Thetford Reef (16-068)","Thetford Reef (16-068)__THE_16-068_15","Thetford Reef (16-068)__THEDNA1__2021-05-15",0.00998264902840071,0.00525259644588709,0.0189721945424268
8,1000,30,0.08,1.79175946922805,3.43398720448515,-2.67667426726976,0.727588360513993,-0.239658678703541,0,"Thetford Reef (16-068)","Thetford Reef (16-068)__THE_16-068_15","Thetford Reef (16-068)__THEDNA1__2021-05-15",0.0166753544509961,0.00955621552128971,0.029098071872371
8,1000,90,0.08,1.79175946922805,4.51085950651685,-2.67667426726976,0.727588360513993,0.498694851248286,0,"Thetford Reef (16-068)","Thetford Reef (16-068)__THE_16-068_15","Thetford Reef (16-068)__THEDNA1__2021-05-15",0.0091562860005466,0.00535171059378031,0.0156655655896716
8,1000,183,0.08,1.79175946922805,5.21493575760899,-2.67667426726976,0.727588360513993,0.981442141125023,0,"Thetford Reef (16-068)","Thetford Reef (16-068)__THE_16-068_15","Thetford Reef (16-068)__THEDNA1__2021-05-15",0.00628501041992427,0.00361660525680804,0.0109222193669596
8,1000,270,0.08,1.79175946922805,5.6021188208797,-2.67667426726976,0.727588360513993,1.24691278324678,0,"Thetford Reef (16-068)","Thetford Reef (16-068)__THE_16-068_15","Thetford Reef (16-068)__THEDNA1__2021-05-15",0.00679146933578392,0.00391805340138759,0.0117721865971909
8,1000,365,0.08,1.79175946922805,5.90263333340137,-2.67667426726976,0.727588360513993,1.45295945257192,0,"Thetford Reef (16-068)","Thetford Reef (16-068)__THE_16-068_15","Thetford Reef (16-068)__THEDNA1__2021-05-15",0.00790637068653707,0.00422770634156681,0.0147859601359554
8,2000,30,0.08,2.39789527279837,3.43398720448515,-2.67667426726976,1.71095486454706,-0.239658678703541,0,"Thetford Reef (16-068)","Thetford Reef (16-068)__THE_16-068_15","Thetford Reef (16-068)__THEDNA1__2021-05-15",0.018466758685717,0.0104099252023575,0.0327592340701231
8,2000,90,0.08,2.39789527279837,4.51085950651685,-2.67667426726976,1.71095486454706,0.498694851248286,0,"Thetford Reef (16-068)","Thetford Reef (16-068)__THE_16-068_15","Thetford Reef (16-068)__THEDNA1__2021-05-15",0.0101399298303612,0.00585796748367535,0.0175518517730215
8,2000,183,0.08,2.39789527279837,5.21493575760899,-2.67667426726976,1.71095486454706,0.981442141125023,0,"Thetford Reef (16-068)","Thetford Reef (16-068)__THE_16-068_15","Thetford Reef (16-068)__THEDNA1__2021-05-15",0.00696019812370616,0.00396932498476282,0.0122046841987511
8,2000,270,0.08,2.39789527279837,5.6021188208797,-2.67667426726976,1.71095486454706,1.24691278324678,0,"Thetford Reef (16-068)","Thetford Reef (16-068)__THE_16-068_15","Thetford Reef (16-068)__THEDNA1__2021-05-15",0.00752106503726378,0.00430936973239066,0.0131263787531573
8,2000,365,0.08,2.39789527279837,5.90263333340137,-2.67667426726976,1.71095486454706,1.45295945257192,0,"Thetford Reef (16-068)","Thetford Reef (16-068)__THE_16-068_15","Thetford Reef (16-068)__THEDNA1__2021-05-15",0.00875573829492931,0.00466201204067398,0.0164441774110494
8,3000,30,0.08,2.77258872223978,3.43398720448515,-2.67667426726976,2.31884006995969,-0.239658678703541,0,"Thetford Reef (16-068)","Thetford Reef (16-068)__THE_16-068_15","Thetford Reef (16-068)__THEDNA1__2021-05-15",0.0245584832024584,0.0133989465234106,0.04501242662262
8,3000,90,0.08,2.77258872223978,4.51085950651685,-2.67667426726976,2.31884006995969,0.498694851248286,0,"Thetford Reef (16-068)","Thetford Reef (16-068)__THE_16-068_15","Thetford Reef (16-068)__THEDNA1__2021-05-15",0.0134848405532931,0.00756231792164361,0.0240456598931529
8,3000,183,0.08,2.77258872223978,5.21493575760899,-2.67667426726976,2.31884006995969,0.981442141125023,0,"Thetford Reef (16-068)","Thetford Reef (16-068)__THE_16-068_15","Thetford Reef (16-068)__THEDNA1__2021-05-15",0.0092561944202491,0.00514612955577412,0.0166488492403613
8,3000,270,0.08,2.77258872223978,5.6021188208797,-2.67667426726976,2.31884006995969,1.24691278324678,0,"Thetford Reef (16-068)","Thetford Reef (16-068)__THE_16-068_15","Thetford Reef (16-068)__THEDNA1__2021-05-15",0.0100020773827028,0.0055969226859279,0.0178743851904734
8,3000,365,0.08,2.77258872223978,5.90263333340137,-2.67667426726976,2.31884006995969,1.45295945257192,0,"Thetford Reef (16-068)","Thetford Reef (16-068)__THE_16-068_15","Thetford Reef (16-068)__THEDNA1__2021-05-15",0.0116440386480739,0.00607922605554689,0.0223027791365198
8,5000,30,0.08,3.25809653802148,3.43398720448515,-2.67667426726976,3.10650534344092,-0.239658678703541,0,"Thetford Reef (16-068)","Thetford Reef (16-068)__THE_16-068_15","Thetford Reef (16-068)__THEDNA1__2021-05-15",0.0401993884483137,0.0164757166388811,0.0980831891588156
8,5000,90,0.08,3.25809653802148,4.51085950651685,-2.67667426726976,3.10650534344092,0.498694851248286,0,"Thetford Reef (16-068)","Thetford Reef (16-068)__THE_16-068_15","Thetford Reef (16-068)__THEDNA1__2021-05-15",0.022073119870495,0.00925336349252987,0.0526535698301024
8,5000,183,0.08,3.25809653802148,5.21493575760899,-2.67667426726976,3.10650534344092,0.981442141125023,0,"Thetford Reef (16-068)","Thetford Reef (16-068)__THE_16-068_15","Thetford Reef (16-068)__THEDNA1__2021-05-15",0.0151513166340607,0.00634028192319246,0.0362069697414929
8,5000,270,0.08,3.25809653802148,5.6021188208797,-2.67667426726976,3.10650534344092,1.24691278324678,0,"Thetford Reef (16-068)","Thetford Reef (16-068)__THE_16-068_15","Thetford Reef (16-068)__THEDNA1__2021-05-15",0.0163722405281574,0.00689469115321164,0.0388777762419392
8,5000,365,0.08,3.25809653802148,5.90263333340137,-2.67667426726976,3.10650534344092,1.45295945257192,0,"Thetford Reef (16-068)","Thetford Reef (16-068)__THE_16-068_15","Thetford Reef (16-068)__THEDNA1__2021-05-15",0.0190599406674368,0.00766076777809249,0.0474210090645338
10,200,30,0.1,0.693147180559945,3.43398720448515,-2.6028486711577,-1.05474906161454,-0.239658678703541,0,"Thetford Reef (16-068)","Thetford Reef (16-068)__THE_16-068_15","Thetford Reef (16-068)__THEDNA1__2021-05-15",0.0276049607976705,0.0154650468551317,0.0492745911331051
10,200,90,0.1,0.693147180559945,4.51085950651685,-2.6028486711577,-1.05474906161454,0.498694851248286,0,"Thetford Reef (16-068)","Thetford Reef (16-068)__THE_16-068_15","Thetford Reef (16-068)__THEDNA1__2021-05-15",0.0153176403552779,0.00882338881577987,0.0265918357393503
10,200,183,0.1,0.693147180559945,5.21493575760899,-2.6028486711577,-1.05474906161454,0.981442141125023,0,"Thetford Reef (16-068)","Thetford Reef (16-068)__THE_16-068_15","Thetford Reef (16-068)__THEDNA1__2021-05-15",0.010559108987326,0.006047980252177,0.0184350440903135
10,200,270,0.1,0.693147180559945,5.6021188208797,-2.6028486711577,-1.05474906161454,1.24691278324678,0,"Thetford Reef (16-068)","Thetford Reef (16-068)__THE_16-068_15","Thetford Reef (16-068)__THEDNA1__2021-05-15",0.0113388216633768,0.00650610472065981,0.0197612676453851
10,200,365,0.1,0.693147180559945,5.90263333340137,-2.6028486711577,-1.05474906161454,1.45295945257192,0,"Thetford Reef (16-068)","Thetford Reef (16-068)__THE_16-068_15","Thetford Reef (16-068)__THEDNA1__2021-05-15",0.0131005494743003,0.00698038926798057,0.0245866512510756
10,500,30,0.1,1.25276296849537,3.43398720448515,-2.6028486711577,-0.146854464822377,-0.239658678703541,0,"Thetford Reef (16-068)","Thetford Reef (16-068)__THE_16-068_15","Thetford Reef (16-068)__THEDNA1__2021-05-15",0.0215405997050256,0.0122255079827305,0.0379532234004168
10,500,90,0.1,1.25276296849537,4.51085950651685,-2.6028486711577,-0.146854464822377,0.498694851248286,0,"Thetford Reef (16-068)","Thetford Reef (16-068)__THE_16-068_15","Thetford Reef (16-068)__THEDNA1__2021-05-15",0.0119526037996196,0.00691223148972742,0.0206683959880394
10,500,183,0.1,1.25276296849537,5.21493575760899,-2.6028486711577,-0.146854464822377,0.981442141125023,0,"Thetford Reef (16-068)","Thetford Reef (16-068)__THE_16-068_15","Thetford Reef (16-068)__THEDNA1__2021-05-15",0.00823944441018446,0.0047077310766232,0.0144206291913376
10,500,270,0.1,1.25276296849537,5.6021188208797,-2.6028486711577,-0.146854464822377,1.24691278324678,0,"Thetford Reef (16-068)","Thetford Reef (16-068)__THE_16-068_15","Thetford Reef (16-068)__THEDNA1__2021-05-15",0.0088478668876821,0.00506427147411043,0.0154582448556221
10,500,365,0.1,1.25276296849537,5.90263333340137,-2.6028486711577,-0.146854464822377,1.45295945257192,0,"Thetford Reef (16-068)","Thetford Reef (16-068)__THE_16-068_15","Thetford Reef (16-068)__THEDNA1__2021-05-15",0.0102225717402793,0.00544046169142003,0.0192081074938847
10,1000,30,0.1,1.79175946922805,3.43398720448515,-2.6028486711577,0.727588360513993,-0.239658678703541,0,"Thetford Reef (16-068)","Thetford Reef (16-068)__THE_16-068_15","Thetford Reef (16-068)__THEDNA1__2021-05-15",0.0171997173504067,0.0099442101707567,0.0297489968387676
10,1000,90,0.1,1.79175946922805,4.51085950651685,-2.6028486711577,0.727588360513993,0.498694851248286,0,"Thetford Reef (16-068)","Thetford Reef (16-068)__THE_16-068_15","Thetford Reef (16-068)__THEDNA1__2021-05-15",0.00954390359461029,0.00562390176054221,0.016196245898583
10,1000,183,0.1,1.79175946922805,5.21493575760899,-2.6028486711577,0.727588360513993,0.981442141125023,0,"Thetford Reef (16-068)","Thetford Reef (16-068)__THE_16-068_15","Thetford Reef (16-068)__THEDNA1__2021-05-15",0.00657902365394673,0.00381862091853182,0.0113348649061065
10,1000,270,0.1,1.79175946922805,5.6021188208797,-2.6028486711577,0.727588360513993,1.24691278324678,0,"Thetford Reef (16-068)","Thetford Reef (16-068)__THE_16-068_15","Thetford Reef (16-068)__THEDNA1__2021-05-15",0.00706483624904137,0.00411081442104547,0.0121416113970611
10,1000,365,0.1,1.79175946922805,5.90263333340137,-2.6028486711577,0.727588360513993,1.45295945257192,0,"Thetford Reef (16-068)","Thetford Reef (16-068)__THE_16-068_15","Thetford Reef (16-068)__THEDNA1__2021-05-15",0.00816250925855321,0.00441253256116164,0.0150993916696281
10,2000,30,0.1,2.39789527279837,3.43398720448515,-2.6028486711577,1.71095486454706,-0.239658678703541,0,"Thetford Reef (16-068)","Thetford Reef (16-068)__THE_16-068_15","Thetford Reef (16-068)__THEDNA1__2021-05-15",0.0190101116588615,0.0108174422254164,0.0334075595461265
10,2000,90,0.1,2.39789527279837,4.51085950651685,-2.6028486711577,1.71095486454706,0.498694851248286,0,"Thetford Reef (16-068)","Thetford Reef (16-068)__THE_16-068_15","Thetford Reef (16-068)__THEDNA1__2021-05-15",0.0105484682857687,0.00614639416039923,0.0181033269705959
10,2000,183,0.1,2.39789527279837,5.21493575760899,-2.6028486711577,1.71095486454706,0.981442141125023,0,"Thetford Reef (16-068)","Thetford Reef (16-068)__THE_16-068_15","Thetford Reef (16-068)__THEDNA1__2021-05-15",0.00727151334640164,0.00418413106168329,0.0126370100667032
10,2000,270,0.1,2.39789527279837,5.6021188208797,-2.6028486711577,1.71095486454706,1.24691278324678,0,"Thetford Reef (16-068)","Thetford Reef (16-068)__THE_16-068_15","Thetford Reef (16-068)__THEDNA1__2021-05-15",0.00780846122117658,0.00451366770199858,0.0135083197674523
10,2000,365,0.1,2.39789527279837,5.90263333340137,-2.6028486711577,1.71095486454706,1.45295945257192,0,"Thetford Reef (16-068)","Thetford Reef (16-068)__THE_16-068_15","Thetford Reef (16-068)__THEDNA1__2021-05-15",0.00902167223218456,0.00485712227584862,0.016756953035684
10,3000,30,0.1,2.77258872223978,3.43398720448515,-2.6028486711577,2.31884006995969,-0.239658678703541,0,"Thetford Reef (16-068)","Thetford Reef (16-068)__THE_16-068_15","Thetford Reef (16-068)__THEDNA1__2021-05-15",0.0250638208740039,0.0138221436784086,0.0454484580264817
10,3000,90,0.1,2.77258872223978,4.51085950651685,-2.6028486711577,2.31884006995969,0.498694851248286,0,"Thetford Reef (16-068)","Thetford Reef (16-068)__THE_16-068_15","Thetford Reef (16-068)__THEDNA1__2021-05-15",0.0139075942505775,0.00787677763711819,0.024555876368431
10,3000,183,0.1,2.77258872223978,5.21493575760899,-2.6028486711577,2.31884006995969,0.981442141125023,0,"Thetford Reef (16-068)","Thetford Reef (16-068)__THE_16-068_15","Thetford Reef (16-068)__THEDNA1__2021-05-15",0.0095871034987942,0.0053843322883926,0.0170703716958061
10,3000,270,0.1,2.77258872223978,5.6021188208797,-2.6028486711577,2.31884006995969,1.24691278324678,0,"Thetford Reef (16-068)","Thetford Reef (16-068)__THE_16-068_15","Thetford Reef (16-068)__THEDNA1__2021-05-15",0.0102950407057681,0.00581835615669813,0.0182161181404146
10,3000,365,0.1,2.77258872223978,5.90263333340137,-2.6028486711577,2.31884006995969,1.45295945257192,0,"Thetford Reef (16-068)","Thetford Reef (16-068)__THE_16-068_15","Thetford Reef (16-068)__THEDNA1__2021-05-15",0.0118945948803012,0.00628488150487211,0.022511385020833
10,5000,30,0.1,3.25809653802148,3.43398720448515,-2.6028486711577,3.10650534344092,-0.239658678703541,0,"Thetford Reef (16-068)","Thetford Reef (16-068)__THE_16-068_15","Thetford Reef (16-068)__THEDNA1__2021-05-15",0.0404029573374387,0.0168794495926443,0.0967092530269621
10,5000,90,0.1,3.25809653802148,4.51085950651685,-2.6028486711577,3.10650534344092,0.498694851248286,0,"Thetford Reef (16-068)","Thetford Reef (16-068)__THE_16-068_15","Thetford Reef (16-068)__THEDNA1__2021-05-15",0.0224190852622674,0.00957479408084856,0.0524935972254632
10,5000,183,0.1,3.25809653802148,5.21493575760899,-2.6028486711577,3.10650534344092,0.981442141125023,0,"Thetford Reef (16-068)","Thetford Reef (16-068)__THE_16-068_15","Thetford Reef (16-068)__THEDNA1__2021-05-15",0.0154544407095227,0.00658889197011223,0.0362488471092788
10,5000,270,0.1,3.25809653802148,5.6021188208797,-2.6028486711577,3.10650534344092,1.24691278324678,0,"Thetford Reef (16-068)","Thetford Reef (16-068)__THE_16-068_15","Thetford Reef (16-068)__THEDNA1__2021-05-15",0.0165956376928054,0.00711905640332254,0.0386870358692938
10,5000,365,0.1,3.25809653802148,5.90263333340137,-2.6028486711577,3.10650534344092,1.45295945257192,0,"Thetford Reef (16-068)","Thetford Reef (16-068)__THE_16-068_15","Thetford Reef (16-068)__THEDNA1__2021-05-15",0.019174124005705,0.0078596315135293,0.0467766244197704
12,200,30,0.12,0.693147180559945,3.43398720448515,-2.52902307504563,-1.05474906161454,-0.239658678703541,0,"Thetford Reef (16-068)","Thetford Reef (16-068)__THE_16-068_15","Thetford Reef (16-068)__THEDNA1__2021-05-15",0.0280693994723816,0.0158831172217989,0.0496055765211372
12,200,90,0.12,0.693147180559945,4.51085950651685,-2.52902307504563,-1.05474906161454,0.498694851248286,0,"Thetford Reef (16-068)","Thetford Reef (16-068)__THE_16-068_15","Thetford Reef (16-068)__THEDNA1__2021-05-15",0.0157397675104618,0.0091496345571419,0.0270765219896143
12,200,183,0.12,0.693147180559945,5.21493575760899,-2.52902307504563,-1.05474906161454,0.981442141125023,0,"Thetford Reef (16-068)","Thetford Reef (16-068)__THE_16-068_15","Thetford Reef (16-068)__THEDNA1__2021-05-15",0.0108963857325346,0.00629960925361126,0.0188473946958092
12,200,270,0.12,0.693147180559945,5.6021188208797,-2.52902307504563,-1.05474906161454,1.24691278324678,0,"Thetford Reef (16-068)","Thetford Reef (16-068)__THE_16-068_15","Thetford Reef (16-068)__THEDNA1__2021-05-15",0.0116280269932431,0.00673389564032198,0.0200791664999911
12,200,365,0.12,0.693147180559945,5.90263333340137,-2.52902307504563,-1.05474906161454,1.45295945257192,0,"Thetford Reef (16-068)","Thetford Reef (16-068)__THE_16-068_15","Thetford Reef (16-068)__THEDNA1__2021-05-15",0.013333242465506,0.00718632473747165,0.0247380074152505
12,500,30,0.12,1.25276296849537,3.43398720448515,-2.52902307504563,-0.146854464822377,-0.239658678703541,0,"Thetford Reef (16-068)","Thetford Reef (16-068)__THE_16-068_15","Thetford Reef (16-068)__THEDNA1__2021-05-15",0.0220379846445528,0.0126243215614251,0.0384711974287449
12,500,90,0.12,1.25276296849537,4.51085950651685,-2.52902307504563,-0.146854464822377,0.498694851248286,0,"Thetford Reef (16-068)","Thetford Reef (16-068)__THE_16-068_15","Thetford Reef (16-068)__THEDNA1__2021-05-15",0.0123576834996305,0.0072086423581683,0.0211846189461734
12,500,183,0.12,1.25276296849537,5.21493575760899,-2.52902307504563,-0.146854464822377,0.981442141125023,0,"Thetford Reef (16-068)","Thetford Reef (16-068)__THE_16-068_15","Thetford Reef (16-068)__THEDNA1__2021-05-15",0.00855502383266153,0.00493258199840689,0.0148377528850093
12,500,270,0.12,1.25276296849537,5.6021188208797,-2.52902307504563,-0.146854464822377,1.24691278324678,0,"Thetford Reef (16-068)","Thetford Reef (16-068)__THE_16-068_15","Thetford Reef (16-068)__THEDNA1__2021-05-15",0.00912945360928284,0.00527264065971935,0.0158074347529088
12,500,365,0.12,1.25276296849537,5.90263333340137,-2.52902307504563,-0.146854464822377,1.45295945257192,0,"Thetford Reef (16-068)","Thetford Reef (16-068)__THE_16-068_15","Thetford Reef (16-068)__THEDNA1__2021-05-15",0.0104682607480091,0.0056341953681985,0.0194498905215186
12,1000,30,0.12,1.79175946922805,3.43398720448515,-2.52902307504563,0.727588360513993,-0.239658678703541,0,"Thetford Reef (16-068)","Thetford Reef (16-068)__THE_16-068_15","Thetford Reef (16-068)__THEDNA1__2021-05-15",0.01774056904177,0.0103462950266893,0.0304193712931959
12,1000,90,0.12,1.79175946922805,4.51085950651685,-2.52902307504563,0.727588360513993,0.498694851248286,0,"Thetford Reef (16-068)","Thetford Reef (16-068)__THE_16-068_15","Thetford Reef (16-068)__THEDNA1__2021-05-15",0.00994793039642695,0.00590899457503974,0.0167475731980156
12,1000,183,0.12,1.79175946922805,5.21493575760899,-2.52902307504563,0.727588360513993,0.981442141125023,0,"Thetford Reef (16-068)","Thetford Reef (16-068)__THE_16-068_15","Thetford Reef (16-068)__THEDNA1__2021-05-15",0.00688679084794778,0.00403128363878049,0.0117649593611142
12,1000,270,0.12,1.79175946922805,5.6021188208797,-2.52902307504563,0.727588360513993,1.24691278324678,0,"Thetford Reef (16-068)","Thetford Reef (16-068)__THE_16-068_15","Thetford Reef (16-068)__THEDNA1__2021-05-15",0.00734920659404087,0.0043123770598124,0.012524609238192
12,1000,365,0.12,1.79175946922805,5.90263333340137,-2.52902307504563,0.727588360513993,1.45295945257192,0,"Thetford Reef (16-068)","Thetford Reef (16-068)__THE_16-068_15","Thetford Reef (16-068)__THEDNA1__2021-05-15",0.00842694581844216,0.00460473181770563,0.015421835329021
12,2000,30,0.12,2.39789527279837,3.43398720448515,-2.52902307504563,1.71095486454706,-0.239658678703541,0,"Thetford Reef (16-068)","Thetford Reef (16-068)__THE_16-068_15","Thetford Reef (16-068)__THEDNA1__2021-05-15",0.0195694518693145,0.0112390541546609,0.0340743483566718
12,2000,90,0.12,2.39789527279837,4.51085950651685,-2.52902307504563,1.71095486454706,0.498694851248286,0,"Thetford Reef (16-068)","Thetford Reef (16-068)__THE_16-068_15","Thetford Reef (16-068)__THEDNA1__2021-05-15",0.0109734667830443,0.0064479572401093,0.0186752127463761
12,2000,183,0.12,2.39789527279837,5.21493575760899,-2.52902307504563,1.71095486454706,0.981442141125023,0,"Thetford Reef (16-068)","Thetford Reef (16-068)__THE_16-068_15","Thetford Reef (16-068)__THEDNA1__2021-05-15",0.00759675305316493,0.00440984106190572,0.0130867884217648
12,2000,270,0.12,2.39789527279837,5.6021188208797,-2.52902307504563,1.71095486454706,1.24691278324678,0,"Thetford Reef (16-068)","Thetford Reef (16-068)__THE_16-068_15","Thetford Reef (16-068)__THEDNA1__2021-05-15",0.00810683943570855,0.0047268761481167,0.0139036529786261
12,2000,365,0.12,2.39789527279837,5.90263333340137,-2.52902307504563,1.71095486454706,1.45295945257192,0,"Thetford Reef (16-068)","Thetford Reef (16-068)__THE_16-068_15","Thetford Reef (16-068)__THEDNA1__2021-05-15",0.0092956832563287,0.00505959422166018,0.0170783907594938
12,3000,30,0.12,2.77258872223978,3.43398720448515,-2.52902307504563,2.31884006995969,-0.239658678703541,0,"Thetford Reef (16-068)","Thetford Reef (16-068)__THE_16-068_15","Thetford Reef (16-068)__THEDNA1__2021-05-15",0.02557955683278,0.0142560226333379,0.0458973547244026
12,3000,90,0.12,2.77258872223978,4.51085950651685,-2.52902307504563,2.31884006995969,0.498694851248286,0,"Thetford Reef (16-068)","Thetford Reef (16-068)__THE_16-068_15","Thetford Reef (16-068)__THEDNA1__2021-05-15",0.0143436013999782,0.00820274348016975,0.0250817182835028
12,3000,183,0.12,2.77258872223978,5.21493575760899,-2.52902307504563,2.31884006995969,0.981442141125023,0,"Thetford Reef (16-068)","Thetford Reef (16-068)__THE_16-068_15","Thetford Reef (16-068)__THEDNA1__2021-05-15",0.0099298425814741,0.00563248840936043,0.017505899085206
12,3000,270,0.12,2.77258872223978,5.6021188208797,-2.52902307504563,2.31884006995969,1.24691278324678,0,"Thetford Reef (16-068)","Thetford Reef (16-068)__THE_16-068_15","Thetford Reef (16-068)__THEDNA1__2021-05-15",0.0105965849971041,0.00604738962216861,0.0185679475966334
12,3000,365,0.12,2.77258872223978,5.90263333340137,-2.52902307504563,2.31884006995969,1.45295945257192,0,"Thetford Reef (16-068)","Thetford Reef (16-068)__THE_16-068_15","Thetford Reef (16-068)__THEDNA1__2021-05-15",0.0121505425774151,0.00649630377606101,0.0227261054924212
12,5000,30,0.12,3.25809653802148,3.43398720448515,-2.52902307504563,3.10650534344092,-0.239658678703541,0,"Thetford Reef (16-068)","Thetford Reef (16-068)__THE_16-068_15","Thetford Reef (16-068)__THEDNA1__2021-05-15",0.0406075570952963,0.0172891112514282,0.0953764290869218
12,5000,90,0.12,3.25809653802148,4.51085950651685,-2.52902307504563,3.10650534344092,0.498694851248286,0,"Thetford Reef (16-068)","Thetford Reef (16-068)__THE_16-068_15","Thetford Reef (16-068)__THEDNA1__2021-05-15",0.0227704731794013,0.00990507923117426,0.0523463201770233
12,5000,183,0.12,3.25809653802148,5.21493575760899,-2.52902307504563,3.10650534344092,0.981442141125023,0,"Thetford Reef (16-068)","Thetford Reef (16-068)__THE_16-068_15","Thetford Reef (16-068)__THEDNA1__2021-05-15",0.0157636292219802,0.00684564606344879,0.0362992775181368
12,5000,270,0.12,3.25809653802148,5.6021188208797,-2.52902307504563,3.10650534344092,1.24691278324678,0,"Thetford Reef (16-068)","Thetford Reef (16-068)__THE_16-068_15","Thetford Reef (16-068)__THEDNA1__2021-05-15",0.0168220830836927,0.00734898466222828,0.0385063368997233
12,5000,365,0.12,3.25809653802148,5.90263333340137,-2.52902307504563,3.10650534344092,1.45295945257192,0,"Thetford Reef (16-068)","Thetford Reef (16-068)__THE_16-068_15","Thetford Reef (16-068)__THEDNA1__2021-05-15",0.0192889913877992,0.00806180229845027,0.0461516141161279
14,200,30,0.14,0.693147180559945,3.43398720448515,-2.45519747893356,-1.05474906161454,-0.239658678703541,0,"Thetford Reef (16-068)","Thetford Reef (16-068)__THE_16-068_15","Thetford Reef (16-068)__THEDNA1__2021-05-15",0.0285416520789488,0.0163096963088799,0.0499473373365165
14,200,90,0.14,0.693147180559945,4.51085950651685,-2.45519747893356,-1.05474906161454,0.498694851248286,0,"Thetford Reef (16-068)","Thetford Reef (16-068)__THE_16-068_15","Thetford Reef (16-068)__THEDNA1__2021-05-15",0.0161735277456115,0.00948630070162561,0.0275748163552564
14,200,183,0.14,0.693147180559945,5.21493575760899,-2.45519747893356,-1.05474906161454,0.981442141125023,0,"Thetford Reef (16-068)","Thetford Reef (16-068)__THE_16-068_15","Thetford Reef (16-068)__THEDNA1__2021-05-15",0.0112444356976232,0.00656056840218647,0.0192723139836245
14,200,270,0.14,0.693147180559945,5.6021188208797,-2.45519747893356,-1.05474906161454,1.24691278324678,0,"Thetford Reef (16-068)","Thetford Reef (16-068)__THE_16-068_15","Thetford Reef (16-068)__THEDNA1__2021-05-15",0.0119246087265228,0.0069684500024829,0.0204057277055872
14,200,365,0.14,0.693147180559945,5.90263333340137,-2.45519747893356,-1.05474906161454,1.45295945257192,0,"Thetford Reef (16-068)","Thetford Reef (16-068)__THE_16-068_15","Thetford Reef (16-068)__THEDNA1__2021-05-15",0.013570068567942,0.0073970951413991,0.0248944697098783
14,500,30,0.14,1.25276296849537,3.43398720448515,-2.45519747893356,-0.146854464822377,-0.239658678703541,0,"Thetford Reef (16-068)","Thetford Reef (16-068)__THE_16-068_15","Thetford Reef (16-068)__THEDNA1__2021-05-15",0.022546854490789,0.0130340166414073,0.039002608437204
14,500,90,0.14,1.25276296849537,4.51085950651685,-2.45519747893356,-0.146854464822377,0.498694851248286,0,"Thetford Reef (16-068)","Thetford Reef (16-068)__THE_16-068_15","Thetford Reef (16-068)__THEDNA1__2021-05-15",0.0127764915525686,0.00751653956065953,0.0217172723000387
14,500,183,0.14,1.25276296849537,5.21493575760899,-2.45519747893356,-0.146854464822377,0.981442141125023,0,"Thetford Reef (16-068)","Thetford Reef (16-068)__THE_16-068_15","Thetford Reef (16-068)__THEDNA1__2021-05-15",0.00888269028029864,0.00516732883784195,0.0152694339941919
14,500,270,0.14,1.25276296849537,5.6021188208797,-2.45519747893356,-0.146854464822377,1.24691278324678,0,"Thetford Reef (16-068)","Thetford Reef (16-068)__THE_16-068_15","Thetford Reef (16-068)__THEDNA1__2021-05-15",0.00942000193516495,0.00548868629657609,0.0161671539715917
14,500,365,0.14,1.25276296849537,5.90263333340137,-2.45519747893356,-0.146854464822377,1.45295945257192,0,"Thetford Reef (16-068)","Thetford Reef (16-068)__THE_16-068_15","Thetford Reef (16-068)__THEDNA1__2021-05-15",0.0107198546385857,0.00583389808322617,0.0196978558475018
14,1000,30,0.14,1.79175946922805,3.43398720448515,-2.45519747893356,0.727588360513993,-0.239658678703541,0,"Thetford Reef (16-068)","Thetford Reef (16-068)__THE_16-068_15","Thetford Reef (16-068)__THEDNA1__2021-05-15",0.0182984280214562,0.0107628231353635,0.0311100966582133
14,1000,90,0.14,1.79175946922805,4.51085950651685,-2.45519747893356,0.727588360513993,0.498694851248286,0,"Thetford Reef (16-068)","Thetford Reef (16-068)__THE_16-068_15","Thetford Reef (16-068)__THEDNA1__2021-05-15",0.0103690610651224,0.00620750363316835,0.0173205581061189
14,1000,183,0.14,1.79175946922805,5.21493575760899,-2.45519747893356,0.727588360513993,0.981442141125023,0,"Thetford Reef (16-068)","Thetford Reef (16-068)__THE_16-068_15","Thetford Reef (16-068)__THEDNA1__2021-05-15",0.00720895541315242,0.00425508485030587,0.0122133964367559
14,1000,270,0.14,1.79175946922805,5.6021188208797,-2.45519747893356,0.727588360513993,1.24691278324678,0,"Thetford Reef (16-068)","Thetford Reef (16-068)__THE_16-068_15","Thetford Reef (16-068)__THEDNA1__2021-05-15",0.00764502327555325,0.00452307322884608,0.0129218294567965
14,1000,365,0.14,1.79175946922805,5.90263333340137,-2.45519747893356,0.727588360513993,1.45295945257192,0,"Thetford Reef (16-068)","Thetford Reef (16-068)__THE_16-068_15","Thetford Reef (16-068)__THEDNA1__2021-05-15",0.00869994919179383,0.00480452486848218,0.0157537150939351
14,2000,30,0.14,2.39789527279837,3.43398720448515,-2.45519747893356,1.71095486454706,-0.239658678703541,0,"Thetford Reef (16-068)","Thetford Reef (16-068)__THE_16-068_15","Thetford Reef (16-068)__THEDNA1__2021-05-15",0.0201452497143487,0.011675070202744,0.0347604835779131
14,2000,90,0.14,2.39789527279837,4.51085950651685,-2.45519747893356,1.71095486454706,0.498694851248286,0,"Thetford Reef (16-068)","Thetford Reef (16-068)__THE_16-068_15","Thetford Reef (16-068)__THEDNA1__2021-05-15",0.0114155884983828,0.00676314547238886,0.0192684988510796
14,2000,183,0.14,2.39789527279837,5.21493575760899,-2.45519747893356,1.71095486454706,0.981442141125023,0,"Thetford Reef (16-068)","Thetford Reef (16-068)__THE_16-068_15","Thetford Reef (16-068)__THEDNA1__2021-05-15",0.00793654005728105,0.00464693006495395,0.0135548990839936
14,2000,270,0.14,2.39789527279837,5.6021188208797,-2.45519747893356,1.71095486454706,1.24691278324678,0,"Thetford Reef (16-068)","Thetford Reef (16-068)__THE_16-068_15","Thetford Reef (16-068)__THEDNA1__2021-05-15",0.00841661932803405,0.00494930475935355,0.014313016546245
14,2000,365,0.14,2.39789527279837,5.90263333340137,-2.45519747893356,1.71095486454706,1.45295945257192,0,"Thetford Reef (16-068)","Thetford Reef (16-068)__THE_16-068_15","Thetford Reef (16-068)__THEDNA1__2021-05-15",0.00957801668893771,0.00526962318863678,0.0174089114932147
14,3000,30,0.14,2.77258872223978,3.43398720448515,-2.45519747893356,2.31884006995969,-0.239658678703541,0,"Thetford Reef (16-068)","Thetford Reef (16-068)__THE_16-068_15","Thetford Reef (16-068)__THEDNA1__2021-05-15",0.0261059050433955,0.0147006003396586,0.0463598943164393
14,3000,90,0.14,2.77258872223978,4.51085950651685,-2.45519747893356,2.31884006995969,0.498694851248286,0,"Thetford Reef (16-068)","Thetford Reef (16-068)__THE_16-068_15","Thetford Reef (16-068)__THEDNA1__2021-05-15",0.0147932775010972,0.00854047787927919,0.0256239829103027
14,3000,183,0.14,2.77258872223978,5.21493575760899,-2.45519747893356,2.31884006995969,0.981442141125023,0,"Thetford Reef (16-068)","Thetford Reef (16-068)__THE_16-068_15","Thetford Reef (16-068)__THEDNA1__2021-05-15",0.0102848345911002,0.00589090002289217,0.0179561394957028
14,3000,270,0.14,2.77258872223978,5.6021188208797,-2.45519747893356,2.31884006995969,1.24691278324678,0,"Thetford Reef (16-068)","Thetford Reef (16-068)__THE_16-068_15","Thetford Reef (16-068)__THEDNA1__2021-05-15",0.0109069615953961,0.00628416870831801,0.0189303974423826
14,3000,365,0.14,2.77258872223978,5.90263333340137,-2.45519747893356,2.31884006995969,1.45295945257192,0,"Thetford Reef (16-068)","Thetford Reef (16-068)__THE_16-068_15","Thetford Reef (16-068)__THEDNA1__2021-05-15",0.0124119977528682,0.00671353725996122,0.022947320056744
14,5000,30,0.14,3.25809653802148,3.43398720448515,-2.45519747893356,3.10650534344092,-0.239658678703541,0,"Thetford Reef (16-068)","Thetford Reef (16-068)__THE_16-068_15","Thetford Reef (16-068)__THEDNA1__2021-05-15",0.0408131929421848,0.0177043793712072,0.0940850104491646
14,5000,90,0.14,3.25809653802148,4.51085950651685,-2.45519747893356,3.10650534344092,0.498694851248286,0,"Thetford Reef (16-068)","Thetford Reef (16-068)__THE_16-068_15","Thetford Reef (16-068)__THEDNA1__2021-05-15",0.0231273686124245,0.0102442059948586,0.0522124583597209
14,5000,183,0.14,3.25809653802148,5.21493575760899,-2.45519747893356,3.10650534344092,0.981442141125023,0,"Thetford Reef (16-068)","Thetford Reef (16-068)__THE_16-068_15","Thetford Reef (16-068)__THEDNA1__2021-05-15",0.0160790034992953,0.00711062606614948,0.0363588734838859
14,5000,270,0.14,3.25809653802148,5.6021188208797,-2.45519747893356,3.10650534344092,1.24691278324678,0,"Thetford Reef (16-068)","Thetford Reef (16-068)__THE_16-068_15","Thetford Reef (16-068)__THEDNA1__2021-05-15",0.0170516182934832,0.00758442398619626,0.0383361593386437
14,5000,365,0.14,3.25809653802148,5.90263333340137,-2.45519747893356,3.10650534344092,1.45295945257192,0,"Thetford Reef (16-068)","Thetford Reef (16-068)__THE_16-068_15","Thetford Reef (16-068)__THEDNA1__2021-05-15",0.0194045469116549,0.00826714105404241,0.0455461493139154
16,200,30,0.16,0.693147180559945,3.43398720448515,-2.3813718828215,-1.05474906161454,-0.239658678703541,0,"Thetford Reef (16-068)","Thetford Reef (16-068)__THE_16-068_15","Thetford Reef (16-068)__THEDNA1__2021-05-15",0.0290218500825891,0.0167447110228316,0.0503005266001805
16,200,90,0.16,0.693147180559945,4.51085950651685,-2.3813718828215,-1.05474906161454,0.498694851248286,0,"Thetford Reef (16-068)","Thetford Reef (16-068)__THE_16-068_15","Thetford Reef (16-068)__THEDNA1__2021-05-15",0.0166192416478959,0.00983356485223193,0.0280873922226149
16,200,183,0.16,0.693147180559945,5.21493575760899,-2.3813718828215,-1.05474906161454,0.981442141125023,0,"Thetford Reef (16-068)","Thetford Reef (16-068)__THE_16-068_15","Thetford Reef (16-068)__THEDNA1__2021-05-15",0.0116036029984204,0.00683109030286378,0.0197104117462047
16,200,270,0.16,0.693147180559945,5.6021188208797,-2.3813718828215,-1.05474906161454,1.24691278324678,0,"Thetford Reef (16-068)","Thetford Reef (16-068)__THE_16-068_15","Thetford Reef (16-068)__THEDNA1__2021-05-15",0.0122287550040341,0.00720985594425914,0.0207413920756297
16,200,365,0.16,0.693147180559945,5.90263333340137,-2.3813718828215,-1.05474906161454,1.45295945257192,0,"Thetford Reef (16-068)","Thetford Reef (16-068)__THE_16-068_15","Thetford Reef (16-068)__THEDNA1__2021-05-15",0.0138111011942555,0.00761269789864182,0.0250563622434033
16,500,30,0.16,1.25276296849537,3.43398720448515,-2.3813718828215,-0.146854464822377,-0.239658678703541,0,"Thetford Reef (16-068)","Thetford Reef (16-068)__THE_16-068_15","Thetford Reef (16-068)__THEDNA1__2021-05-15",0.0230674744368906,0.0134546990417449,0.0395481441276144
16,500,90,0.16,1.25276296849537,4.51085950651685,-2.3813718828215,-0.146854464822377,0.498694851248286,0,"Thetford Reef (16-068)","Thetford Reef (16-068)__THE_16-068_15","Thetford Reef (16-068)__THEDNA1__2021-05-15",0.0132094932191569,0.00783624896719595,0.0222671219147583
16,500,183,0.16,1.25276296849537,5.21493575760899,-2.3813718828215,-0.146854464822377,0.981442141125023,0,"Thetford Reef (16-068)","Thetford Reef (16-068)__THE_16-068_15","Thetford Reef (16-068)__THEDNA1__2021-05-15",0.00922290669892437,0.00541231982268763,0.0157163676138459
16,500,270,0.16,1.25276296849537,5.6021188208797,-2.3813718828215,-0.146854464822377,1.24691278324678,0,"Thetford Reef (16-068)","Thetford Reef (16-068)__THE_16-068_15","Thetford Reef (16-068)__THEDNA1__2021-05-15",0.00971979707178575,0.00571260437205751,0.0165378956713342
16,500,365,0.16,1.25276296849537,5.90263333340137,-2.3813718828215,-0.146854464822377,1.45295945257192,0,"Thetford Reef (16-068)","Thetford Reef (16-068)__THE_16-068_15","Thetford Reef (16-068)__THEDNA1__2021-05-15",0.0109774953298007,0.00603966308216062,0.0199523387441484
16,1000,30,0.16,1.79175946922805,3.43398720448515,-2.3813718828215,0.727588360513993,-0.239658678703541,0,"Thetford Reef (16-068)","Thetford Reef (16-068)__THE_16-068_15","Thetford Reef (16-068)__THEDNA1__2021-05-15",0.0188738290901522,0.0111941404861802,0.0318221327456135
16,1000,90,0.16,1.79175946922805,4.51085950651685,-2.3813718828215,0.727588360513993,0.498694851248286,0,"Thetford Reef (16-068)","Thetford Reef (16-068)__THE_16-068_15","Thetford Reef (16-068)__THEDNA1__2021-05-15",0.0108080196671715,0.00651995404433043,0.0179162749203031
16,1000,183,0.16,1.79175946922805,5.21493575760899,-2.3813718828215,0.727588360513993,0.981442141125023,0,"Thetford Reef (16-068)","Thetford Reef (16-068)__THE_16-068_15","Thetford Reef (16-068)__THEDNA1__2021-05-15",0.00754619085960855,0.00449053099267922,0.0126811275954838
16,1000,270,0.16,1.79175946922805,5.6021188208797,-2.3813718828215,0.727588360513993,1.24691278324678,0,"Thetford Reef (16-068)","Thetford Reef (16-068)__THE_16-068_15","Thetford Reef (16-068)__THEDNA1__2021-05-15",0.00795274702593638,0.00474324005767121,0.0133339625423875
16,1000,365,0.16,1.79175946922805,5.90263333340137,-2.3813718828215,0.727588360513993,1.45295945257192,0,"Thetford Reef (16-068)","Thetford Reef (16-068)__THE_16-068_15","Thetford Reef (16-068)__THEDNA1__2021-05-15",0.00898179691320076,0.00501213090447165,0.0160954846007732
16,2000,30,0.16,2.39789527279837,3.43398720448515,-2.3813718828215,1.71095486454706,-0.239658678703541,0,"Thetford Reef (16-068)","Thetford Reef (16-068)__THE_16-068_15","Thetford Reef (16-068)__THEDNA1__2021-05-15",0.0207379894318767,0.0121257880479759,0.0354669077156119
16,2000,90,0.16,2.39789527279837,4.51085950651685,-2.3813718828215,1.71095486454706,0.498694851248286,0,"Thetford Reef (16-068)","Thetford Reef (16-068)__THE_16-068_15","Thetford Reef (16-068)__THEDNA1__2021-05-15",0.0118755233273924,0.00709245436674403,0.0198842385170231
16,2000,183,0.16,2.39789527279837,5.21493575760899,-2.3813718828215,1.71095486454706,0.981442141125023,0,"Thetford Reef (16-068)","Thetford Reef (16-068)__THE_16-068_15","Thetford Reef (16-068)__THEDNA1__2021-05-15",0.00829152502918131,0.00489588521153009,0.0140422792486293
16,2000,270,0.16,2.39789527279837,5.6021188208797,-2.3813718828215,1.71095486454706,1.24691278324678,0,"Thetford Reef (16-068)","Thetford Reef (16-068)__THE_16-068_15","Thetford Reef (16-068)__THEDNA1__2021-05-15",0.00873823658095488,0.00518126575425825,0.0147370897703874
16,2000,365,0.16,2.39789527279837,5.90263333340137,-2.3813718828215,1.71095486454706,1.45295945257192,0,"Thetford Reef (16-068)","Thetford Reef (16-068)__THE_16-068_15","Thetford Reef (16-068)__THEDNA1__2021-05-15",0.0098689253026249,0.00548740049253327,0.0177489663386729
16,3000,30,0.16,2.77258872223978,3.43398720448515,-2.3813718828215,2.31884006995969,-0.239658678703541,0,"Thetford Reef (16-068)","Thetford Reef (16-068)__THE_16-068_15","Thetford Reef (16-068)__THEDNA1__2021-05-15",0.0266430838731898,0.0151558654866327,0.0468369106930851
16,3000,90,0.16,2.77258872223978,4.51085950651685,-2.3813718828215,2.31884006995969,0.498694851248286,0,"Thetford Reef (16-068)","Thetford Reef (16-068)__THE_16-068_15","Thetford Reef (16-068)__THEDNA1__2021-05-15",0.0152570510795705,0.00889023218380288,0.0261835239881273
16,3000,183,0.16,2.77258872223978,5.21493575760899,-2.3813718828215,2.31884006995969,0.981442141125023,0,"Thetford Reef (16-068)","Thetford Reef (16-068)__THE_16-068_15","Thetford Reef (16-068)__THEDNA1__2021-05-15",0.0106525175699802,0.00615986575747385,0.0184218512296399
16,3000,270,0.16,2.77258872223978,5.6021188208797,-2.3813718828215,2.31884006995969,1.24691278324678,0,"Thetford Reef (16-068)","Thetford Reef (16-068)__THE_16-068_15","Thetford Reef (16-068)__THEDNA1__2021-05-15",0.0112264292011015,0.00652882948181898,0.0193040288398268
16,3000,365,0.16,2.77258872223978,5.90263333340137,-2.3813718828215,2.31884006995969,1.45295945257192,0,"Thetford Reef (16-068)","Thetford Reef (16-068)__THE_16-068_15","Thetford Reef (16-068)__THEDNA1__2021-05-15",0.012679078916489,0.00693661312397823,0.0231754372483093
16,5000,30,0.16,3.25809653802148,3.43398720448515,-2.3813718828215,3.10650534344092,-0.239658678703541,0,"Thetford Reef (16-068)","Thetford Reef (16-068)__THE_16-068_15","Thetford Reef (16-068)__THEDNA1__2021-05-15",0.0410198701248381,0.0181248782194625,0.0928353683089456
16,5000,90,0.16,3.25809653802148,4.51085950651685,-2.3813718828215,3.10650534344092,0.498694851248286,0,"Thetford Reef (16-068)","Thetford Reef (16-068)__THE_16-068_15","Thetford Reef (16-068)__THEDNA1__2021-05-15",0.0234898578839731,0.0105921253184856,0.0520927959987677
16,5000,183,0.16,3.25809653802148,5.21493575760899,-2.3813718828215,3.10650534344092,0.981442141125023,0,"Thetford Reef (16-068)","Thetford Reef (16-068)__THE_16-068_15","Thetford Reef (16-068)__THEDNA1__2021-05-15",0.0164006872966702,0.00738388906846143,0.0364283023904106
16,5000,270,0.16,3.25809653802148,5.6021188208797,-2.3813718828215,3.10650534344092,1.24691278324678,0,"Thetford Reef (16-068)","Thetford Reef (16-068)__THE_16-068_15","Thetford Reef (16-068)__THEDNA1__2021-05-15",0.0172842854823675,0.00782529566760378,0.0381770270831776
16,5000,365,0.16,3.25809653802148,5.90263333340137,-2.3813718828215,3.10650534344092,1.45295945257192,0,"Thetford Reef (16-068)","Thetford Reef (16-068)__THE_16-068_15","Thetford Reef (16-068)__THEDNA1__2021-05-15",0.0195207946997573,0.00847548256994463,0.0449604400180558
18,200,30,0.18,0.693147180559945,3.43398720448515,-2.30754628670943,-1.05474906161454,-0.239658678703541,0,"Thetford Reef (16-068)","Thetford Reef (16-068)__THE_16-068_15","Thetford Reef (16-068)__THEDNA1__2021-05-15",0.0295101271603511,0.0171880614387956,0.0506658419927728
18,200,90,0.18,0.693147180559945,4.51085950651685,-2.30754628670943,-1.05474906161454,0.498694851248286,0,"Thetford Reef (16-068)","Thetford Reef (16-068)__THE_16-068_15","Thetford Reef (16-068)__THEDNA1__2021-05-15",0.0170772386393008,0.0101915917524816,0.0286149687532977
18,200,183,0.18,0.693147180559945,5.21493575760899,-2.30754628670943,-1.05474906161454,0.981442141125023,0,"Thetford Reef (16-068)","Thetford Reef (16-068)__THE_16-068_15","Thetford Reef (16-068)__THEDNA1__2021-05-15",0.0119742427424269,0.00711140143460184,0.0201623393888172
18,200,270,0.18,0.693147180559945,5.6021188208797,-2.30754628670943,-1.05474906161454,1.24691278324678,0,"Thetford Reef (16-068)","Thetford Reef (16-068)__THE_16-068_15","Thetford Reef (16-068)__THEDNA1__2021-05-15",0.0125406587652704,0.00745819119140185,0.0210866305557117
18,200,365,0.18,0.693147180559945,5.90263333340137,-2.30754628670943,-1.05474906161454,1.45295945257192,0,"Thetford Reef (16-068)","Thetford Reef (16-068)__THE_16-068_15","Thetford Reef (16-068)__THEDNA1__2021-05-15",0.0140564150610547,0.00783311708249989,0.0252240330749135
18,500,30,0.18,1.25276296849537,3.43398720448515,-2.30754628670943,-0.146854464822377,-0.239658678703541,0,"Thetford Reef (16-068)","Thetford Reef (16-068)__THE_16-068_15","Thetford Reef (16-068)__THEDNA1__2021-05-15",0.0236001157994782,0.013886456277894,0.0401085384638713
18,500,90,0.18,1.25276296849537,4.51085950651685,-2.30754628670943,-0.146854464822377,0.498694851248286,0,"Thetford Reef (16-068)","Thetford Reef (16-068)__THE_16-068_15","Thetford Reef (16-068)__THEDNA1__2021-05-15",0.0136571695280362,0.00816809365419646,0.0228349829732541
18,500,183,0.18,1.25276296849537,5.21493575760899,-2.30754628670943,-0.146854464822377,0.981442141125023,0,"Thetford Reef (16-068)","Thetford Reef (16-068)__THE_16-068_15","Thetford Reef (16-068)__THEDNA1__2021-05-15",0.00957615376568153,0.005667906135666,0.0161792942135943
18,500,270,0.18,1.25276296849537,5.6021188208797,-2.30754628670943,-0.146854464822377,1.24691278324678,0,"Thetford Reef (16-068)","Thetford Reef (16-068)__THE_16-068_15","Thetford Reef (16-068)__THEDNA1__2021-05-15",0.0100291333024064,0.00594458703886146,0.016920185395536
18,500,365,0.18,1.25276296849537,5.90263333340137,-2.30754628670943,-0.146854464822377,1.45295945257192,0,"Thetford Reef (16-068)","Thetford Reef (16-068)__THE_16-068_15","Thetford Reef (16-068)__THEDNA1__2021-05-15",0.0112413281502944,0.00625157505735869,0.0202136993354746
18,1000,30,0.18,1.79175946922805,3.43398720448515,-2.30754628670943,0.727588360513993,-0.239658678703541,0,"Thetford Reef (16-068)","Thetford Reef (16-068)__THE_16-068_15","Thetford Reef (16-068)__THEDNA1__2021-05-15",0.0194673238655572,0.0116405841235822,0.0325565018441593
18,1000,90,0.18,1.79175946922805,4.51085950651685,-2.30754628670943,0.727588360513993,0.498694851248286,0,"Thetford Reef (16-068)","Thetford Reef (16-068)__THE_16-068_15","Thetford Reef (16-068)__THEDNA1__2021-05-15",0.0112655609213146,0.00684688059574958,0.0185358662382159
18,1000,183,0.18,1.79175946922805,5.21493575760899,-2.30754628670943,0.727588360513993,0.981442141125023,0,"Thetford Reef (16-068)","Thetford Reef (16-068)__THE_16-068_15","Thetford Reef (16-068)__THEDNA1__2021-05-15",0.00789920220421205,0.00473814312213275,0.0131691664550103
18,1000,270,0.18,1.79175946922805,5.6021188208797,-2.30754628670943,0.727588360513993,1.24691278324678,0,"Thetford Reef (16-068)","Thetford Reef (16-068)__THE_16-068_15","Thetford Reef (16-068)__THEDNA1__2021-05-15",0.00827285712272255,0.00497321917565557,0.0137617431598437
18,1000,365,0.18,1.79175946922805,5.90263333340137,-2.30754628670943,0.727588360513993,1.45295945257192,0,"Thetford Reef (16-068)","Thetford Reef (16-068)__THE_16-068_15","Thetford Reef (16-068)__THEDNA1__2021-05-15",0.00927277550839919,0.0052277664330502,0.0164476295431966
18,2000,30,0.18,2.39789527279837,3.43398720448515,-2.30754628670943,1.71095486454706,-0.239658678703541,0,"Thetford Reef (16-068)","Thetford Reef (16-068)__THE_16-068_15","Thetford Reef (16-068)__THEDNA1__2021-05-15",0.0213481695076887,0.0125914916077634,0.0361946269374484
18,2000,90,0.18,2.39789527279837,4.51085950651685,-2.30754628670943,1.71095486454706,0.498694851248286,0,"Thetford Reef (16-068)","Thetford Reef (16-068)__THE_16-068_15","Thetford Reef (16-068)__THEDNA1__2021-05-15",0.0123539889616222,0.00743638503178961,0.020523553125806
18,2000,183,0.18,2.39789527279837,5.21493575760899,-2.30754628670943,1.71095486454706,0.981442141125023,0,"Thetford Reef (16-068)","Thetford Reef (16-068)__THE_16-068_15","Thetford Reef (16-068)__THEDNA1__2021-05-15",0.0086623877424356,0.00515720503563318,0.0145499278934691
18,2000,270,0.18,2.39789527279837,5.6021188208797,-2.30754628670943,1.71095486454706,1.24691278324678,0,"Thetford Reef (16-068)","Thetford Reef (16-068)__THE_16-068_15","Thetford Reef (16-068)__THEDNA1__2021-05-15",0.00907214352565637,0.00542307296588351,0.0151765961232462
18,2000,365,0.18,2.39789527279837,5.90263333340137,-2.30754628670943,1.71095486454706,1.45295945257192,0,"Thetford Reef (16-068)","Thetford Reef (16-068)__THE_16-068_15","Thetford Reef (16-068)__THEDNA1__2021-05-15",0.0101686695473479,0.00571311218544001,0.0180990390188174
18,3000,30,0.18,2.77258872223978,3.43398720448515,-2.30754628670943,2.31884006995969,-0.239658678703541,0,"Thetford Reef (16-068)","Thetford Reef (16-068)__THE_16-068_15","Thetford Reef (16-068)__THEDNA1__2021-05-15",0.027191316182827,0.0156217757292254,0.0473292978064749
18,3000,90,0.18,2.77258872223978,4.51085950651685,-2.30754628670943,2.31884006995969,0.498694851248286,0,"Thetford Reef (16-068)","Thetford Reef (16-068)__THE_16-068_15","Thetford Reef (16-068)__THEDNA1__2021-05-15",0.0157353640954387,0.00925224452130598,0.0267612558926481
18,3000,183,0.18,2.77258872223978,5.21493575760899,-2.30754628670943,2.31884006995969,0.981442141125023,0,"Thetford Reef (16-068)","Thetford Reef (16-068)__THE_16-068_15","Thetford Reef (16-068)__THEDNA1__2021-05-15",0.0110333452204406,0.00643967909935931,0.0189038467406754
18,3000,270,0.18,2.77258872223978,5.6021188208797,-2.30754628670943,2.31884006995969,1.24691278324678,0,"Thetford Reef (16-068)","Thetford Reef (16-068)__THE_16-068_15","Thetford Reef (16-068)__THEDNA1__2021-05-15",0.0115552540920787,0.00678149695139733,0.0196894429193822
18,3000,365,0.18,2.77258872223978,5.90263333340137,-2.30754628670943,2.31884006995969,1.45295945257192,0,"Thetford Reef (16-068)","Thetford Reef (16-068)__THE_16-068_15","Thetford Reef (16-068)__THEDNA1__2021-05-15",0.0129519071281984,0.00716554771624193,0.0234108968219189
18,5000,30,0.18,3.25809653802148,3.43398720448515,-2.30754628670943,3.10650534344092,-0.239658678703541,0,"Thetford Reef (16-068)","Thetford Reef (16-068)__THE_16-068_15","Thetford Reef (16-068)__THEDNA1__2021-05-15",0.0412275939165595,0.0185501734375783,0.0916279573271004
18,5000,90,0.18,3.25809653802148,4.51085950651685,-2.30754628670943,3.10650534344092,0.498694851248286,0,"Thetford Reef (16-068)","Thetford Reef (16-068)__THE_16-068_15","Thetford Reef (16-068)__THEDNA1__2021-05-15",0.0238580286696703,0.0109487473504783,0.0519881876695185
18,5000,183,0.18,3.25809653802148,5.21493575760899,-2.30754628670943,3.10650534344092,0.981442141125023,0,"Thetford Reef (16-068)","Thetford Reef (16-068)__THE_16-068_15","Thetford Reef (16-068)__THEDNA1__2021-05-15",0.0167288068452096,0.00766546353752484,0.0365082916505133
18,5000,270,0.18,3.25809653802148,5.6021188208797,-2.30754628670943,3.10650534344092,1.24691278324678,0,"Thetford Reef (16-068)","Thetford Reef (16-068)__THE_16-068_15","Thetford Reef (16-068)__THEDNA1__2021-05-15",0.0175201273858069,0.00807149105200283,0.0380295117268
18,5000,365,0.18,3.25809653802148,5.90263333340137,-2.30754628670943,3.10650534344092,1.45295945257192,0,"Thetford Reef (16-068)","Thetford Reef (16-068)__THE_16-068_15","Thetford Reef (16-068)__THEDNA1__2021-05-15",0.0196377388992885,0.00868663286135431,0.0443947378957725
20,200,30,0.2,0.693147180559945,3.43398720448515,-2.23372069059736,-1.05474906161454,-0.239658678703541,0,"Thetford Reef (16-068)","Thetford Reef (16-068)__THE_16-068_15","Thetford Reef (16-068)__THEDNA1__2021-05-15",0.030006619238328,0.017639618650637,0.0510440285556559
20,200,90,0.2,0.693147180559945,4.51085950651685,-2.23372069059736,-1.05474906161454,0.498694851248286,0,"Thetford Reef (16-068)","Thetford Reef (16-068)__THE_16-068_15","Thetford Reef (16-068)__THEDNA1__2021-05-15",0.0175478572201005,0.0105605314798248,0.0291583140114974
20,200,183,0.2,0.693147180559945,5.21493575760899,-2.23372069059736,-1.05474906161454,0.981442141125023,0,"Thetford Reef (16-068)","Thetford Reef (16-068)__THE_16-068_15","Thetford Reef (16-068)__THEDNA1__2021-05-15",0.0123567213799096,0.00740172066327122,0.0206287929803112
20,200,270,0.2,0.693147180559945,5.6021188208797,-2.23372069059736,-1.05474906161454,1.24691278324678,0,"Thetford Reef (16-068)","Thetford Reef (16-068)__THE_16-068_15","Thetford Reef (16-068)__THEDNA1__2021-05-15",0.012860517870795,0.00771352181072405,0.0214419462294244
20,200,365,0.2,0.693147180559945,5.90263333340137,-2.23372069059736,-1.05474906161454,1.45295945257192,0,"Thetford Reef (16-068)","Thetford Reef (16-068)__THE_16-068_15","Thetford Reef (16-068)__THEDNA1__2021-05-15",0.0143060862120703,0.00805832206104918,0.0253978559254235
20,500,30,0.2,1.25276296849537,3.43398720448515,-2.23372069059736,-0.146854464822377,-0.239658678703541,0,"Thetford Reef (16-068)","Thetford Reef (16-068)__THE_16-068_15","Thetford Reef (16-068)__THEDNA1__2021-05-15",0.0241450561600299,0.0143293555799234,0.0406845746634837
20,500,90,0.2,1.25276296849537,4.51085950651685,-2.23372069059736,-0.146854464822377,0.498694851248286,0,"Thetford Reef (16-068)","Thetford Reef (16-068)__THE_16-068_15","Thetford Reef (16-068)__THEDNA1__2021-05-15",0.0141200178101478,0.00851239248851114,0.0234217234729225
20,500,183,0.2,1.25276296849537,5.21493575760899,-2.23372069059736,-0.146854464822377,0.981442141125023,0,"Thetford Reef (16-068)","Thetford Reef (16-068)__THE_16-068_15","Thetford Reef (16-068)__THEDNA1__2021-05-15",0.00994293056815498,0.00593444085146027,0.0166590030565094
20,500,270,0.2,1.25276296849537,5.6021188208797,-2.23372069059736,-0.146854464822377,1.24691278324678,0,"Thetford Reef (16-068)","Thetford Reef (16-068)__THE_16-068_15","Thetford Reef (16-068)__THEDNA1__2021-05-15",0.0103483142759643,0.00618482154704101,0.0173145833779731
20,500,365,0.2,1.25276296849537,5.90263333340137,-2.23372069059736,-0.146854464822377,1.45295945257192,0,"Thetford Reef (16-068)","Thetford Reef (16-068)__THE_16-068_15","Thetford Reef (16-068)__THEDNA1__2021-05-15",0.0115115019215312,0.00646970886559872,0.0204823245129367
20,1000,30,0.2,1.79175946922805,3.43398720448515,-2.23372069059736,0.727588360513993,-0.239658678703541,0,"Thetford Reef (16-068)","Thetford Reef (16-068)__THE_16-068_15","Thetford Reef (16-068)__THEDNA1__2021-05-15",0.0200794813112,0.0121024801420007,0.0333142930206189
20,1000,90,0.2,1.79175946922805,4.51085950651685,-2.23372069059736,0.727588360513993,0.498694851248286,0,"Thetford Reef (16-068)","Thetford Reef (16-068)__THE_16-068_15","Thetford Reef (16-068)__THEDNA1__2021-05-15",0.0117424714961741,0.00718882680790243,0.0191805478867411
20,1000,183,0.2,1.79175946922805,5.21493575760899,-2.23372069059736,0.727588360513993,0.981442141125023,0,"Thetford Reef (16-068)","Thetford Reef (16-068)__THE_16-068_15","Thetford Reef (16-068)__THEDNA1__2021-05-15",0.00826872744459916,0.00499845641774953,0.0136785935174464
20,1000,270,0.2,1.79175946922805,5.6021188208797,-2.23372069059736,0.727588360513993,1.24691278324678,0,"Thetford Reef (16-068)","Thetford Reef (16-068)__THE_16-068_15","Thetford Reef (16-068)__THEDNA1__2021-05-15",0.0086058521350895,0.00521335590968704,0.0142059533732218
20,1000,365,0.2,1.79175946922805,5.90263333340137,-2.23372069059736,0.727588360513993,1.45295945257192,0,"Thetford Reef (16-068)","Thetford Reef (16-068)__THE_16-068_15","Thetford Reef (16-068)__THEDNA1__2021-05-15",0.00957318078555021,0.00545164404510201,0.0168106702482101
20,2000,30,0.2,2.39789527279837,3.43398720448515,-2.23372069059736,1.71095486454706,-0.239658678703541,0,"Thetford Reef (16-068)","Thetford Reef (16-068)__THE_16-068_15","Thetford Reef (16-068)__THEDNA1__2021-05-15",0.0219763030946711,0.0130724486816335,0.0369447155212315
20,2000,90,0.2,2.39789527279837,4.51085950651685,-2.23372069059736,1.71095486454706,0.498694851248286,0,"Thetford Reef (16-068)","Thetford Reef (16-068)__THE_16-068_15","Thetford Reef (16-068)__THEDNA1__2021-05-15",0.0128517320084617,0.00779544289001738,0.0211876371807978
20,2000,183,0.2,2.39789527279837,5.21493575760899,-2.23372069059736,1.71095486454706,0.981442141125023,0,"Thetford Reef (16-068)","Thetford Reef (16-068)__THE_16-068_15","Thetford Reef (16-068)__THEDNA1__2021-05-15",0.00904983837547525,0.00543139867769317,0.0150789105131588
20,2000,270,0.2,2.39789527279837,5.6021188208797,-2.23372069059736,1.71095486454706,1.24691278324678,0,"Thetford Reef (16-068)","Thetford Reef (16-068)__THE_16-068_15","Thetford Reef (16-068)__THEDNA1__2021-05-15",0.00941880977787797,0.00567504083763281,0.0156323064749706
20,2000,365,0.2,2.39789527279837,5.90263333340137,-2.23372069059736,1.71095486454706,1.45295945257192,0,"Thetford Reef (16-068)","Thetford Reef (16-068)__THE_16-068_15","Thetford Reef (16-068)__THEDNA1__2021-05-15",0.0104775177835886,0.00594693767022416,0.018459648476739
20,3000,30,0.2,2.77258872223978,3.43398720448515,-2.23372069059736,2.31884006995969,-0.239658678703541,0,"Thetford Reef (16-068)","Thetford Reef (16-068)__THE_16-068_15","Thetford Reef (16-068)__THEDNA1__2021-05-15",0.027750829418755,0.0160982548465469,0.0478380135467933
20,3000,90,0.2,2.77258872223978,4.51085950651685,-2.23372069059736,2.31884006995969,0.498694851248286,0,"Thetford Reef (16-068)","Thetford Reef (16-068)__THE_16-068_15","Thetford Reef (16-068)__THEDNA1__2021-05-15",0.0162286723643184,0.00962673753718888,0.0273581580146933
20,3000,183,0.2,2.77258872223978,5.21493575760899,-2.23372069059736,2.31884006995969,0.981442141125023,0,"Thetford Reef (16-068)","Thetford Reef (16-068)__THE_16-068_15","Thetford Reef (16-068)__THEDNA1__2021-05-15",0.0114277874646721,0.00673062659187859,0.0194029968168634
20,3000,270,0.2,2.77258872223978,5.6021188208797,-2.23372069059736,2.31884006995969,1.24691278324678,0,"Thetford Reef (16-068)","Thetford Reef (16-068)__THE_16-068_15","Thetford Reef (16-068)__THEDNA1__2021-05-15",0.0118937103455301,0.00704228349974949,0.0200872835903867
20,3000,365,0.2,2.77258872223978,5.90263333340137,-2.23372069059736,2.31884006995969,1.45295945257192,0,"Thetford Reef (16-068)","Thetford Reef (16-068)__THE_16-068_15","Thetford Reef (16-068)__THEDNA1__2021-05-15",0.0132306060528827,0.00740034088470876,0.0236541720514898
20,5000,30,0.2,3.25809653802148,3.43398720448515,-2.23372069059736,3.10650534344092,-0.239658678703541,0,"Thetford Reef (16-068)","Thetford Reef (16-068)__THE_16-068_15","Thetford Reef (16-068)__THEDNA1__2021-05-15",0.0414363696173561,0.0189797666330883,0.0904633212967368
20,5000,90,0.2,3.25809653802148,4.51085950651685,-2.23372069059736,3.10650534344092,0.498694851248286,0,"Thetford Reef (16-068)","Thetford Reef (16-068)__THE_16-068_15","Thetford Reef (16-068)__THEDNA1__2021-05-15",0.0242319700193321,0.0113139363804504,0.0518995645081076
20,5000,183,0.2,3.25809653802148,5.21493575760899,-2.23372069059736,3.10650534344092,0.981442141125023,0,"Thetford Reef (16-068)","Thetford Reef (16-068)__THE_16-068_15","Thetford Reef (16-068)__THEDNA1__2021-05-15",0.0170634909014545,0.00795534511484343,0.0365996342761744
20,5000,270,0.2,3.25809653802148,5.6021188208797,-2.23372069059736,3.10650534344092,1.24691278324678,0,"Thetford Reef (16-068)","Thetford Reef (16-068)__THE_16-068_15","Thetford Reef (16-068)__THEDNA1__2021-05-15",0.0177591873223826,0.00832286813471566,0.0378942366076846
20,5000,365,0.2,3.25809653802148,5.90263333340137,-2.23372069059736,3.10650534344092,1.45295945257192,0,"Thetford Reef (16-068)","Thetford Reef (16-068)__THE_16-068_15","Thetford Reef (16-068)__THEDNA1__2021-05-15",0.0197553836822752,0.00890036636831964,0.0438493392612541
22,200,30,0.22,0.693147180559945,3.43398720448515,-2.1598950944853,-1.05474906161454,-0.239658678703541,0,"Thetford Reef (16-068)","Thetford Reef (16-068)__THE_16-068_15","Thetford Reef (16-068)__THEDNA1__2021-05-15",0.0305114645294969,0.0180992226031897,0.0514358814267902
22,200,90,0.22,0.693147180559945,4.51085950651685,-2.1598950944853,-1.05474906161454,0.498694851248286,0,"Thetford Reef (16-068)","Thetford Reef (16-068)__THE_16-068_15","Thetford Reef (16-068)__THEDNA1__2021-05-15",0.0180314452190405,0.0109405175673878,0.029718248216742
22,200,183,0.22,0.693147180559945,5.21493575760899,-2.1598950944853,-1.05474906161454,0.981442141125023,0,"Thetford Reef (16-068)","Thetford Reef (16-068)__THE_16-068_15","Thetford Reef (16-068)__THEDNA1__2021-05-15",0.0127514170662091,0.00770225766135832,0.0211105164674189
22,200,270,0.22,0.693147180559945,5.6021188208797,-2.1598950944853,-1.05474906161454,1.24691278324678,0,"Thetford Reef (16-068)","Thetford Reef (16-068)__THE_16-068_15","Thetford Reef (16-068)__THEDNA1__2021-05-15",0.0131885352277561,0.00797590092302215,0.0218078763932108
22,200,365,0.22,0.693147180559945,5.90263333340137,-2.1598950944853,-1.05474906161454,1.45295945257192,0,"Thetford Reef (16-068)","Thetford Reef (16-068)__THE_16-068_15","Thetford Reef (16-068)__THEDNA1__2021-05-15",0.0145601920417275,0.00828826607799099,0.0255782319603539
22,500,30,0.22,1.25276296849537,3.43398720448515,-2.1598950944853,-0.146854464822377,-0.239658678703541,0,"Thetford Reef (16-068)","Thetford Reef (16-068)__THE_16-068_15","Thetford Reef (16-068)__THEDNA1__2021-05-15",0.0247025795095416,0.0147834418500977,0.0412770882865273
22,500,90,0.22,1.25276296849537,4.51085950651685,-2.1598950944853,-0.146854464822377,0.498694851248286,0,"Thetford Reef (16-068)","Thetford Reef (16-068)__THE_16-068_15","Thetford Reef (16-068)__THEDNA1__2021-05-15",0.0145985522512261,0.00886945861350174,0.0240282679156262
22,500,183,0.22,1.25276296849537,5.21493575760899,-2.1598950944853,-0.146854464822377,0.981442141125023,0,"Thetford Reef (16-068)","Thetford Reef (16-068)__THE_16-068_15","Thetford Reef (16-068)__THEDNA1__2021-05-15",0.0103237553095112,0.00621227776438276,0.0171563358453998
22,500,270,0.22,1.25276296849537,5.6021188208797,-2.1598950944853,-0.146854464822377,1.24691278324678,0,"Thetford Reef (16-068)","Thetford Reef (16-068)__THE_16-068_15","Thetford Reef (16-068)__THEDNA1__2021-05-15",0.0106776533051397,0.00643348910732736,0.0177216869730777
22,500,365,0.22,1.25276296849537,5.90263333340137,-2.1598950944853,-0.146854464822377,1.45295945257192,0,"Thetford Reef (16-068)","Thetford Reef (16-068)__THE_16-068_15","Thetford Reef (16-068)__THEDNA1__2021-05-15",0.0117881690417467,0.00669412815763514,0.0207586299641278
22,1000,30,0.22,1.79175946922805,3.43398720448515,-2.1598950944853,0.727588360513993,-0.239658678703541,0,"Thetford Reef (16-068)","Thetford Reef (16-068)__THE_16-068_15","Thetford Reef (16-068)__THEDNA1__2021-05-15",0.020710888281885,0.0125801415758804,0.0340966666263218
22,1000,90,0.22,1.79175946922805,4.51085950651685,-2.1598950944853,0.727588360513993,0.498694851248286,0,"Thetford Reef (16-068)","Thetford Reef (16-068)__THE_16-068_15","Thetford Reef (16-068)__THEDNA1__2021-05-15",0.0122395713628053,0.00754634388321239,0.0198516141675525
22,1000,183,0.22,1.79175946922805,5.21493575760899,-2.1598950944853,0.727588360513993,0.981442141125023,0,"Thetford Reef (16-068)","Thetford Reef (16-068)__THE_16-068_15","Thetford Reef (16-068)__THEDNA1__2021-05-15",0.00865553910198795,0.00527201958087772,0.0142105612463544
22,1000,270,0.22,1.79175946922805,5.6021188208797,-2.1598950944853,0.727588360513993,1.24691278324678,0,"Thetford Reef (16-068)","Thetford Reef (16-068)__THE_16-068_15","Thetford Reef (16-068)__THEDNA1__2021-05-15",0.00895225070037848,0.005463998399314,0.0146674260762025
22,1000,365,0.22,1.79175946922805,5.90263333340137,-2.1598950944853,0.727588360513993,1.45295945257192,0,"Thetford Reef (16-068)","Thetford Reef (16-068)__THE_16-068_15","Thetford Reef (16-068)__THEDNA1__2021-05-15",0.00988331813595784,0.0056839710647903,0.0171851644322466
22,2000,30,0.22,2.39789527279837,3.43398720448515,-2.1598950944853,1.71095486454706,-0.239658678703541,0,"Thetford Reef (16-068)","Thetford Reef (16-068)__THE_16-068_15","Thetford Reef (16-068)__THEDNA1__2021-05-15",0.0226229184443616,0.0135689084786731,0.037718320507847
22,2000,90,0.22,2.39789527279837,4.51085950651685,-2.1598950944853,1.71095486454706,0.498694851248286,0,"Thetford Reef (16-068)","Thetford Reef (16-068)__THE_16-068_15","Thetford Reef (16-068)__THEDNA1__2021-05-15",0.0133695291561625,0.0081701362720306,0.0218777635899891
22,2000,183,0.22,2.39789527279837,5.21493575760899,-2.1598950944853,1.71095486454706,0.981442141125023,0,"Thetford Reef (16-068)","Thetford Reef (16-068)__THE_16-068_15","Thetford Reef (16-068)__THEDNA1__2021-05-15",0.00945461887153949,0.00571898497660353,0.0156303641943048
22,2000,270,0.22,2.39789527279837,5.6021188208797,-2.1598950944853,1.71095486454706,1.24691278324678,0,"Thetford Reef (16-068)","Thetford Reef (16-068)__THE_16-068_15","Thetford Reef (16-068)__THEDNA1__2021-05-15",0.00977872289839362,0.00593748333345927,0.0161050425160277
22,2000,365,0.22,2.39789527279837,5.90263333340137,-2.1598950944853,1.71095486454706,1.45295945257192,0,"Thetford Reef (16-068)","Thetford Reef (16-068)__THE_16-068_15","Thetford Reef (16-068)__THEDNA1__2021-05-15",0.0107957465226162,0.00618904819861687,0.0188313516457388
22,3000,30,0.22,2.77258872223978,3.43398720448515,-2.1598950944853,2.31884006995969,-0.239658678703541,0,"Thetford Reef (16-068)","Thetford Reef (16-068)__THE_16-068_15","Thetford Reef (16-068)__THEDNA1__2021-05-15",0.0283218557075662,0.0165851898668315,0.0483640836891693
22,3000,90,0.22,2.77258872223978,4.51085950651685,-2.1598950944853,2.31884006995969,0.498694851248286,0,"Thetford Reef (16-068)","Thetford Reef (16-068)__THE_16-068_15","Thetford Reef (16-068)__THEDNA1__2021-05-15",0.0167374459917795,0.0100139160358437,0.0279752793337789
22,3000,183,0.22,2.77258872223978,5.21493575760899,-2.1598950944853,2.31884006995969,0.981442141125023,0,"Thetford Reef (16-068)","Thetford Reef (16-068)__THE_16-068_15","Thetford Reef (16-068)__THEDNA1__2021-05-15",0.0118363310245903,0.00703298590969376,0.019920235007236
22,3000,270,0.22,2.77258872223978,5.6021188208797,-2.1598950944853,2.31884006995969,1.24691278324678,0,"Thetford Reef (16-068)","Thetford Reef (16-068)__THE_16-068_15","Thetford Reef (16-068)__THEDNA1__2021-05-15",0.0122420800664471,0.00731128726117473,0.0204982404602198
22,3000,365,0.22,2.77258872223978,5.90263333340137,-2.1598950944853,2.31884006995969,1.45295945257192,0,"Thetford Reef (16-068)","Thetford Reef (16-068)__THE_16-068_15","Thetford Reef (16-068)__THEDNA1__2021-05-15",0.013515302016447,0.00764097422323867,0.0239057721252663
22,5000,30,0.22,3.25809653802148,3.43398720448515,-2.1598950944853,3.10650534344092,-0.239658678703541,0,"Thetford Reef (16-068)","Thetford Reef (16-068)__THE_16-068_15","Thetford Reef (16-068)__THEDNA1__2021-05-15",0.0416462025540741,0.0194130897486402,0.0893420990492487
22,5000,90,0.22,3.25809653802148,4.51085950651685,-2.1598950944853,3.10650534344092,0.498694851248286,0,"Thetford Reef (16-068)","Thetford Reef (16-068)__THE_16-068_15","Thetford Reef (16-068)__THEDNA1__2021-05-15",0.0246117723785065,0.011687505427514,0.0518279408183563
22,5000,183,0.22,3.25809653802148,5.21493575760899,-2.1598950944853,3.10650534344092,0.981442141125023,0,"Thetford Reef (16-068)","Thetford Reef (16-068)__THE_16-068_15","Thetford Reef (16-068)__THEDNA1__2021-05-15",0.0174048707979072,0.00825349206417383,0.0367031948581834
22,5000,270,0.22,3.25809653802148,5.6021188208797,-2.1598950944853,3.10650534344092,1.24691278324678,0,"Thetford Reef (16-068)","Thetford Reef (16-068)__THE_16-068_15","Thetford Reef (16-068)__THEDNA1__2021-05-15",0.0180015092017521,0.00857924795493183,0.0377718810836422
22,5000,365,0.22,3.25809653802148,5.90263333340137,-2.1598950944853,3.10650534344092,1.45295945257192,0,"Thetford Reef (16-068)","Thetford Reef (16-068)__THE_16-068_15","Thetford Reef (16-068)__THEDNA1__2021-05-15",0.0198737332457375,0.0091164230165255,0.0433245882082009
24,200,30,0.24,0.693147180559945,3.43398720448515,-2.08606949837323,-1.05474906161454,-0.239658678703541,0,"Thetford Reef (16-068)","Thetford Reef (16-068)__THE_16-068_15","Thetford Reef (16-068)__THEDNA1__2021-05-15",0.0310248035721942,0.0185666799388661,0.0518422485798513
24,200,90,0.24,0.693147180559945,4.51085950651685,-2.08606949837323,-1.05474906161454,0.498694851248286,0,"Thetford Reef (16-068)","Thetford Reef (16-068)__THE_16-068_15","Thetford Reef (16-068)__THEDNA1__2021-05-15",0.0185283600504129,0.0113316650724865,0.0302956471058499
24,200,183,0.24,0.693147180559945,5.21493575760899,-2.08606949837323,-1.05474906161454,0.981442141125023,0,"Thetford Reef (16-068)","Thetford Reef (16-068)__THE_16-068_15","Thetford Reef (16-068)__THEDNA1__2021-05-15",0.0131587200356216,0.00801321124513616,0.0216083050451176
24,200,270,0.24,0.693147180559945,5.6021188208797,-2.08606949837323,-1.05474906161454,1.24691278324678,0,"Thetford Reef (16-068)","Thetford Reef (16-068)__THE_16-068_15","Thetford Reef (16-068)__THEDNA1__2021-05-15",0.0135249189186043,0.0082453673905929,0.0221849946872611
24,200,365,0.24,0.693147180559945,5.90263333340137,-2.08606949837323,-1.05474906161454,1.45295945257192,0,"Thetford Reef (16-068)","Thetford Reef (16-068)__THE_16-068_15","Thetford Reef (16-068)__THEDNA1__2021-05-15",0.0148188113191376,0.00852288478559704,0.0257655916319909
24,500,30,0.24,1.25276296849537,3.43398720448515,-2.08606949837323,-0.146854464822377,-0.239658678703541,0,"Thetford Reef (16-068)","Thetford Reef (16-068)__THE_16-068_15","Thetford Reef (16-068)__THEDNA1__2021-05-15",0.0252729763965258,0.0152487355805276,0.0418869704026469
24,500,90,0.24,1.25276296849537,4.51085950651685,-2.08606949837323,-0.146854464822377,0.498694851248286,0,"Thetford Reef (16-068)","Thetford Reef (16-068)__THE_16-068_15","Thetford Reef (16-068)__THEDNA1__2021-05-15",0.0150933044630167,0.00923959784584027,0.0246556011867857
24,500,183,0.24,1.25276296849537,5.21493575760899,-2.08606949837323,-0.146854464822377,0.981442141125023,0,"Thetford Reef (16-068)","Thetford Reef (16-068)__THE_16-068_15","Thetford Reef (16-068)__THEDNA1__2021-05-15",0.0107191660406453,0.00650177010910301,0.0176721906002265
24,500,270,0.24,1.25276296849537,5.6021188208797,-2.08606949837323,-0.146854464822377,1.24691278324678,0,"Thetford Reef (16-068)","Thetford Reef (16-068)__THE_16-068_15","Thetford Reef (16-068)__THEDNA1__2021-05-15",0.0110174736739078,0.00669076369241165,0.0181421332056489
24,500,365,0.24,1.25276296849537,5.90263333340137,-2.08606949837323,-0.146854464822377,1.45295945257192,0,"Thetford Reef (16-068)","Thetford Reef (16-068)__THE_16-068_15","Thetford Reef (16-068)__THEDNA1__2021-05-15",0.0120714855719116,0.00692488392426705,0.0210430623107223
24,1000,30,0.24,1.79175946922805,3.43398720448515,-2.08606949837323,0.727588360513993,-0.239658678703541,0,"Thetford Reef (16-068)","Thetford Reef (16-068)__THE_16-068_15","Thetford Reef (16-068)__THEDNA1__2021-05-15",0.0213621500862907,0.0130738662015297,0.0349048589969366
24,1000,90,0.24,1.79175946922805,4.51085950651685,-2.08606949837323,0.727588360513993,0.498694851248286,0,"Thetford Reef (16-068)","Thetford Reef (16-068)__THE_16-068_15","Thetford Reef (16-068)__THEDNA1__2021-05-15",0.0127577152045047,0.00791998955299512,0.0205504434254841
24,1000,183,0.24,1.79175946922805,5.21493575760899,-2.08606949837323,0.727588360513993,0.981442141125023,0,"Thetford Reef (16-068)","Thetford Reef (16-068)__THE_16-068_15","Thetford Reef (16-068)__THEDNA1__2021-05-15",0.00906044583619419,0.00555939412664132,0.01476629950685
24,1000,270,0.24,1.79175946922805,5.6021188208797,-2.08606949837323,0.727588360513993,1.24691278324678,0,"Thetford Reef (16-068)","Thetford Reef (16-068)__THE_16-068_15","Thetford Reef (16-068)__THEDNA1__2021-05-15",0.00931259233186835,0.00572549663270932,0.0151470486322747
24,1000,365,0.24,1.79175946922805,5.90263333340137,-2.08606949837323,0.727588360513993,1.45295945257192,0,"Thetford Reef (16-068)","Thetford Reef (16-068)__THE_16-068_15","Thetford Reef (16-068)__THEDNA1__2021-05-15",0.0102035028445292,0.0059249480824944,0.0175717101396919
24,2000,30,0.24,2.39789527279837,3.43398720448515,-2.08606949837323,1.71095486454706,-0.239658678703541,0,"Thetford Reef (16-068)","Thetford Reef (16-068)__THE_16-068_15","Thetford Reef (16-068)__THEDNA1__2021-05-15",0.0232885593512014,0.0140810990499385,0.0385166665422184
24,2000,90,0.24,2.39789527279837,4.51085950651685,-2.08606949837323,1.71095486454706,0.498694851248286,0,"Thetford Reef (16-068)","Thetford Reef (16-068)__THE_16-068_15","Thetford Reef (16-068)__THEDNA1__2021-05-15",0.0139081883857985,0.00856097489765266,0.0225952892617286
24,2000,183,0.24,2.39789527279837,5.21493575760899,-2.08606949837323,1.71095486454706,0.981442141125023,0,"Thetford Reef (16-068)","Thetford Reef (16-068)__THE_16-068_15","Thetford Reef (16-068)__THEDNA1__2021-05-15",0.00987750435944961,0.00602049144103087,0.0162055030434925
24,2000,270,0.24,2.39789527279837,5.6021188208797,-2.08606949837323,1.71095486454706,1.24691278324678,0,"Thetford Reef (16-068)","Thetford Reef (16-068)__THE_16-068_15","Thetford Reef (16-068)__THEDNA1__2021-05-15",0.0101523890787305,0.00621071276803296,0.0165956803760818
24,2000,365,0.24,2.39789527279837,5.90263333340137,-2.08606949837323,1.71095486454706,1.45295945257192,0,"Thetford Reef (16-068)","Thetford Reef (16-068)__THE_16-068_15","Thetford Reef (16-068)__THEDNA1__2021-05-15",0.0111236406740475,0.0064396052560304,0.0192147463898428
24,3000,30,0.24,2.77258872223978,3.43398720448515,-2.08606949837323,2.31884006995969,-0.239658678703541,0,"Thetford Reef (16-068)","Thetford Reef (16-068)__THE_16-068_15","Thetford Reef (16-068)__THEDNA1__2021-05-15",0.0289046319523011,0.0170824282043577,0.048908605866984
24,3000,90,0.24,2.77258872223978,4.51085950651685,-2.08606949837323,2.31884006995969,0.498694851248286,0,"Thetford Reef (16-068)","Thetford Reef (16-068)__THE_16-068_15","Thetford Reef (16-068)__THEDNA1__2021-05-15",0.0172621698213391,0.010413964549265,0.0286137431648719
24,3000,183,0.24,2.77258872223978,5.21493575760899,-2.08606949837323,2.31884006995969,0.981442141125023,0,"Thetford Reef (16-068)","Thetford Reef (16-068)__THE_16-068_15","Thetford Reef (16-068)__THEDNA1__2021-05-15",0.0122594800224262,0.00734702382235802,0.0204565622834785
24,3000,270,0.24,2.77258872223978,5.6021188208797,-2.08606949837323,2.31884006995969,1.24691278324678,0,"Thetford Reef (16-068)","Thetford Reef (16-068)__THE_16-068_15","Thetford Reef (16-068)__THEDNA1__2021-05-15",0.0126006536227466,0.00758859046478133,0.0209230518443865
24,3000,365,0.24,2.77258872223978,5.90263333340137,-2.08606949837323,2.31884006995969,1.45295945257192,0,"Thetford Reef (16-068)","Thetford Reef (16-068)__THE_16-068_15","Thetford Reef (16-068)__THEDNA1__2021-05-15",0.0138061240630757,0.00788740926162914,0.0241662446213254
24,5000,30,0.24,3.25809653802148,3.43398720448515,-2.08606949837323,3.10650534344092,-0.239658678703541,0,"Thetford Reef (16-068)","Thetford Reef (16-068)__THE_16-068_15","Thetford Reef (16-068)__THEDNA1__2021-05-15",0.0418570980805348,0.0198494992773086,0.0882650305303352
24,5000,90,0.24,3.25809653802148,4.51085950651685,-2.08606949837323,3.10650534344092,0.498694851248286,0,"Thetford Reef (16-068)","Thetford Reef (16-068)__THE_16-068_15","Thetford Reef (16-068)__THEDNA1__2021-05-15",0.0249975276103496,0.0120692105103403,0.0517744210439305
24,5000,183,0.24,3.25809653802148,5.21493575760899,-2.08606949837323,3.10650534344092,0.981442141125023,0,"Thetford Reef (16-068)","Thetford Reef (16-068)__THE_16-068_15","Thetford Reef (16-068)__THEDNA1__2021-05-15",0.0177530804945676,0.00855982038454563,0.0368199159430524
24,5000,270,0.24,3.25809653802148,5.6021188208797,-2.08606949837323,3.10650534344092,1.24691278324678,0,"Thetford Reef (16-068)","Thetford Reef (16-068)__THE_16-068_15","Thetford Reef (16-068)__THEDNA1__2021-05-15",0.0182471375327152,0.00884041081763271,0.0376631850042215
24,5000,365,0.24,3.25809653802148,5.90263333340137,-2.08606949837323,3.10650534344092,1.45295945257192,0,"Thetford Reef (16-068)","Thetford Reef (16-068)__THE_16-068_15","Thetford Reef (16-068)__THEDNA1__2021-05-15",0.0199927918118392,0.00933450516982079,0.042820879860225
26,200,30,0.26,0.693147180559945,3.43398720448515,-2.01224390226116,-1.05474906161454,-0.239658678703541,0,"Thetford Reef (16-068)","Thetford Reef (16-068)__THE_16-068_15","Thetford Reef (16-068)__THEDNA1__2021-05-15",0.0315467792692383,0.0190417618979184,0.0522640335278447
26,200,90,0.26,0.693147180559945,4.51085950651685,-2.01224390226116,-1.05474906161454,0.498694851248286,0,"Thetford Reef (16-068)","Thetford Reef (16-068)__THE_16-068_15","Thetford Reef (16-068)__THEDNA1__2021-05-15",0.0190389689782173,0.0117340686154952,0.0308914453827934
26,200,183,0.26,0.693147180559945,5.21493575760899,-2.01224390226116,-1.05474906161454,0.981442141125023,0,"Thetford Reef (16-068)","Thetford Reef (16-068)__THE_16-068_15","Thetford Reef (16-068)__THEDNA1__2021-05-15",0.0135790329872212,0.00833476764424028,0.0221230086714491
26,200,270,0.26,0.693147180559945,5.6021188208797,-2.01224390226116,-1.05474906161454,1.24691278324678,0,"Thetford Reef (16-068)","Thetford Reef (16-068)__THE_16-068_15","Thetford Reef (16-068)__THEDNA1__2021-05-15",0.0138698823330923,0.00852194449706748,0.0225739132659248
26,200,365,0.26,0.693147180559945,5.90263333340137,-2.01224390226116,-1.05474906161454,1.45295945257192,0,"Thetford Reef (16-068)","Thetford Reef (16-068)__THE_16-068_15","Thetford Reef (16-068)__THEDNA1__2021-05-15",0.0150820242125149,0.00876209474548479,0.0259603965665976
26,500,30,0.26,1.25276296849537,3.43398720448515,-2.01224390226116,-0.146854464822377,-0.239658678703541,0,"Thetford Reef (16-068)","Thetford Reef (16-068)__THE_16-068_15","Thetford Reef (16-068)__THEDNA1__2021-05-15",0.0258565440784285,0.0157252307569025,0.0425151708114842
26,500,90,0.26,1.25276296849537,4.51085950651685,-2.01224390226116,-0.146854464822377,0.498694851248286,0,"Thetford Reef (16-068)","Thetford Reef (16-068)__THE_16-068_15","Thetford Reef (16-068)__THEDNA1__2021-05-15",0.0156048240738521,0.00962310699536845,0.0253047726158583
26,500,183,0.26,1.25276296849537,5.21493575760899,-2.01224390226116,-0.146854464822377,0.981442141125023,0,"Thetford Reef (16-068)","Thetford Reef (16-068)__THE_16-068_15","Thetford Reef (16-068)__THEDNA1__2021-05-15",0.0111297214203698,0.00680326917978669,0.0182075257676226
26,500,270,0.26,1.25276296849537,5.6021188208797,-2.01224390226116,-0.146854464822377,1.24691278324678,0,"Thetford Reef (16-068)","Thetford Reef (16-068)__THE_16-068_15","Thetford Reef (16-068)__THEDNA1__2021-05-15",0.011368108954879,0.00695681078560563,0.018576601433145
26,500,365,0.26,1.25276296849537,5.90263333340137,-2.01224390226116,-0.146854464822377,1.45295945257192,0,"Thetford Reef (16-068)","Thetford Reef (16-068)__THE_16-068_15","Thetford Reef (16-068)__THEDNA1__2021-05-15",0.0123616113237614,0.00716201296670628,0.0213361013488952
26,1000,30,0.26,1.79175946922805,3.43398720448515,-2.01224390226116,0.727588360513993,-0.239658678703541,0,"Thetford Reef (16-068)","Thetford Reef (16-068)__THE_16-068_15","Thetford Reef (16-068)__THEDNA1__2021-05-15",0.0220338910672582,0.0135839342728506,0.0357401873280649
26,1000,90,0.26,1.79175946922805,4.51085950651685,-2.01224390226116,0.727588360513993,0.498694851248286,0,"Thetford Reef (16-068)","Thetford Reef (16-068)__THE_16-068_15","Thetford Reef (16-068)__THEDNA1__2021-05-15",0.0132977938863005,0.00831032683096514,0.0212785039432673
26,1000,183,0.26,1.79175946922805,5.21493575760899,-2.01224390226116,0.727588360513993,0.981442141125023,0,"Thetford Reef (16-068)","Thetford Reef (16-068)__THE_16-068_15","Thetford Reef (16-068)__THEDNA1__2021-05-15",0.00948429413619703,0.0058611535689089,0.0153471213822241
26,1000,270,0.26,1.79175946922805,5.6021188208797,-2.01224390226116,0.727588360513993,1.24691278324678,0,"Thetford Reef (16-068)","Thetford Reef (16-068)__THE_16-068_15","Thetford Reef (16-068)__THEDNA1__2021-05-15",0.00968743825906336,0.00599820140929257,0.0156457667256347
26,1000,365,0.26,1.79175946922805,5.90263333340137,-2.01224390226116,0.727588360513993,1.45295945257192,0,"Thetford Reef (16-068)","Thetford Reef (16-068)__THE_16-068_15","Thetford Reef (16-068)__THEDNA1__2021-05-15",0.0105340604102921,0.00617476737428597,0.0179709488635617
26,2000,30,0.26,2.39789527279837,3.43398720448515,-2.01224390226116,1.71095486454706,-0.239658678703541,0,"Thetford Reef (16-068)","Thetford Reef (16-068)__THE_16-068_15","Thetford Reef (16-068)__THEDNA1__2021-05-15",0.023973785609858,0.0146092246528871,0.0393410608792201
26,2000,90,0.26,2.39789527279837,4.51085950651685,-2.01224390226116,1.71095486454706,0.498694851248286,0,"Thetford Reef (16-068)","Thetford Reef (16-068)__THE_16-068_15","Thetford Reef (16-068)__THEDNA1__2021-05-15",0.0144685502320548,0.008968468255412,0.0233416610123103
26,2000,183,0.26,2.39789527279837,5.21493575760899,-2.01224390226116,1.71095486454706,0.981442141125023,0,"Thetford Reef (16-068)","Thetford Reef (16-068)__THE_16-068_15","Thetford Reef (16-068)__THEDNA1__2021-05-15",0.0103193046379309,0.00633645310344789,0.016805623977944
26,2000,270,0.26,2.39789527279837,5.6021188208797,-2.01224390226116,1.71095486454706,1.24691278324678,0,"Thetford Reef (16-068)","Thetford Reef (16-068)__THE_16-068_15","Thetford Reef (16-068)__THEDNA1__2021-05-15",0.0105403338530901,0.00649503856546041,0.0171051544367114
26,2000,365,0.26,2.39789527279837,5.90263333340137,-2.01224390226116,1.71095486454706,1.45295945257192,0,"Thetford Reef (16-068)","Thetford Reef (16-068)__THE_16-068_15","Thetford Reef (16-068)__THEDNA1__2021-05-15",0.0114614938009249,0.00669875883963041,0.0196104746108293
26,3000,30,0.26,2.77258872223978,3.43398720448515,-2.01224390226116,2.31884006995969,-0.239658678703541,0,"Thetford Reef (16-068)","Thetford Reef (16-068)__THE_16-068_15","Thetford Reef (16-068)__THEDNA1__2021-05-15",0.0294993999307321,0.0175897748640724,0.0494727535171989
26,3000,90,0.26,2.77258872223978,4.51085950651685,-2.01224390226116,2.31884006995969,0.498694851248286,0,"Thetford Reef (16-068)","Thetford Reef (16-068)__THE_16-068_15","Thetford Reef (16-068)__THEDNA1__2021-05-15",0.0178033438965002,0.0108270448665153,0.0292747520495927
26,3000,183,0.26,2.77258872223978,5.21493575760899,-2.01224390226116,2.31884006995969,0.981442141125023,0,"Thetford Reef (16-068)","Thetford Reef (16-068)__THE_16-068_15","Thetford Reef (16-068)__THEDNA1__2021-05-15",0.0126977566027872,0.00767299406759226,0.021013051922536
26,3000,270,0.26,2.77258872223978,5.6021188208797,-2.01224390226116,2.31884006995969,1.24691278324678,0,"Thetford Reef (16-068)","Thetford Reef (16-068)__THE_16-068_15","Thetford Reef (16-068)__THEDNA1__2021-05-15",0.0129697298872934,0.00787425776833002,0.0213625078449807
26,3000,365,0.26,2.77258872223978,5.90263333340137,-2.01224390226116,2.31884006995969,1.45295945257192,0,"Thetford Reef (16-068)","Thetford Reef (16-068)__THE_16-068_15","Thetford Reef (16-068)__THEDNA1__2021-05-15",0.0141032040137233,0.00813958562238166,0.0244361780415181
26,5000,30,0.26,3.25809653802148,3.43398720448515,-2.01224390226116,3.10650534344092,-0.239658678703541,0,"Thetford Reef (16-068)","Thetford Reef (16-068)__THE_16-068_15","Thetford Reef (16-068)__THEDNA1__2021-05-15",0.0420690615776712,0.0202882704221851,0.0872329629484148
26,5000,90,0.26,3.25809653802148,4.51085950651685,-2.01224390226116,3.10650534344092,0.498694851248286,0,"Thetford Reef (16-068)","Thetford Reef (16-068)__THE_16-068_15","Thetford Reef (16-068)__THEDNA1__2021-05-15",0.0253893290178442,0.0124587446530649,0.0517402070535066
26,5000,183,0.26,3.25809653802148,5.21493575760899,-2.01224390226116,3.10650534344092,0.981442141125023,0,"Thetford Reef (16-068)","Thetford Reef (16-068)__THE_16-068_15","Thetford Reef (16-068)__THEDNA1__2021-05-15",0.0181082566314996,0.00887419861915631,0.0369508247791984
26,5000,270,0.26,3.25809653802148,5.6021188208797,-2.01224390226116,3.10650534344092,1.24691278324678,0,"Thetford Reef (16-068)","Thetford Reef (16-068)__THE_16-068_15","Thetford Reef (16-068)__THEDNA1__2021-05-15",0.0184961174313883,0.00910609238924345,0.0375689533350021
26,5000,365,0.26,3.25809653802148,5.90263333340137,-2.01224390226116,3.10650534344092,1.45295945257192,0,"Thetford Reef (16-068)","Thetford Reef (16-068)__THE_16-068_15","Thetford Reef (16-068)__THEDNA1__2021-05-15",0.0201125636280378,0.0095542745185118,0.0423386636953026
28,200,30,0.28,0.693147180559945,3.43398720448515,-1.9384183061491,-1.05474906161454,-0.239658678703541,0,"Thetford Reef (16-068)","Thetford Reef (16-068)__THE_16-068_15","Thetford Reef (16-068)__THEDNA1__2021-05-15",0.0320775369277111,0.019524202319358,0.0527021979447764
28,200,90,0.28,0.693147180559945,4.51085950651685,-1.9384183061491,-1.05474906161454,0.498694851248286,0,"Thetford Reef (16-068)","Thetford Reef (16-068)__THE_16-068_15","Thetford Reef (16-068)__THEDNA1__2021-05-15",0.0195636493876014,0.0121478004183128,0.0315066402296189
28,200,183,0.28,0.693147180559945,5.21493575760899,-1.9384183061491,-1.05474906161454,0.981442141125023,0,"Thetford Reef (16-068)","Thetford Reef (16-068)__THE_16-068_15","Thetford Reef (16-068)__THEDNA1__2021-05-15",0.0140127714830077,0.00866709872341565,0.0226555357105258
28,200,270,0.28,0.693147180559945,5.6021188208797,-1.9384183061491,-1.05474906161454,1.24691278324678,0,"Thetford Reef (16-068)","Thetford Reef (16-068)__THE_16-068_15","Thetford Reef (16-068)__THEDNA1__2021-05-15",0.014223644303642,0.0088056386412174,0.0229752849872293
28,200,365,0.28,0.693147180559945,5.90263333340137,-1.9384183061491,-1.05474906161454,1.45295945257192,0,"Thetford Reef (16-068)","Thetford Reef (16-068)__THE_16-068_15","Thetford Reef (16-068)__THEDNA1__2021-05-15",0.0153499123140278,0.00900579191776536,0.0261631414760478
28,500,30,0.28,1.25276296849537,3.43398720448515,-1.9384183061491,-0.146854464822377,-0.239658678703541,0,"Thetford Reef (16-068)","Thetford Reef (16-068)__THE_16-068_15","Thetford Reef (16-068)__THEDNA1__2021-05-15",0.0264535866765428,0.0162128927801371,0.0431627012861455
28,500,90,0.28,1.25276296849537,4.51085950651685,-1.9384183061491,-0.146854464822377,0.498694851248286,0,"Thetford Reef (16-068)","Thetford Reef (16-068)__THE_16-068_15","Thetford Reef (16-068)__THEDNA1__2021-05-15",0.0161336793392428,0.0100202721245381,0.0259769002065409
28,500,183,0.28,1.25276296849537,5.21493575760899,-1.9384183061491,-0.146854464822377,0.981442141125023,0,"Thetford Reef (16-068)","Thetford Reef (16-068)__THE_16-068_15","Thetford Reef (16-068)__THEDNA1__2021-05-15",0.0115560015047198,0.00711712285649842,0.0187633645603228
28,500,270,0.28,1.25276296849537,5.6021188208797,-1.9384183061491,-0.146854464822377,1.24691278324678,0,"Thetford Reef (16-068)","Thetford Reef (16-068)__THE_16-068_15","Thetford Reef (16-068)__THEDNA1__2021-05-15",0.0117299033367385,0.00723178608941686,0.019025816110709
28,500,365,0.28,1.25276296849537,5.90263333340137,-1.9384183061491,-0.146854464822377,1.45295945257192,0,"Thetford Reef (16-068)","Thetford Reef (16-068)__THE_16-068_15","Thetford Reef (16-068)__THEDNA1__2021-05-15",0.0126587099499426,0.0074055363027646,0.0216382623817474
28,1000,30,0.28,1.79175946922805,3.43398720448515,-1.9384183061491,0.727588360513993,-0.239658678703541,0,"Thetford Reef (16-068)","Thetford Reef (16-068)__THE_16-068_15","Thetford Reef (16-068)__THEDNA1__2021-05-15",0.0227267552003283,0.014110606218841,0.0366040547036166
28,1000,90,0.28,1.79175946922805,4.51085950651685,-1.9384183061491,0.727588360513993,0.498694851248286,0,"Thetford Reef (16-068)","Thetford Reef (16-068)__THE_16-068_15","Thetford Reef (16-068)__THEDNA1__2021-05-15",0.0138607359866516,0.00871792268539087,0.0220373601630588
28,1000,183,0.28,1.79175946922805,5.21493575760899,-1.9384183061491,0.727588360513993,0.981442141125023,0,"Thetford Reef (16-068)","Thetford Reef (16-068)__THE_16-068_15","Thetford Reef (16-068)__THEDNA1__2021-05-15",0.00992797008979029,0.00617788250309377,0.0159544293784175
28,1000,270,0.28,1.79175946922805,5.6021188208797,-1.9384183061491,0.727588360513993,1.24691278324678,0,"Thetford Reef (16-068)","Thetford Reef (16-068)__THE_16-068_15","Thetford Reef (16-068)__THEDNA1__2021-05-15",0.0100773723018042,0.00628246323769385,0.0161645884212843
28,1000,365,0.28,1.79175946922805,5.90263333340137,-1.9384183061491,0.727588360513993,1.45295945257192,0,"Thetford Reef (16-068)","Thetford Reef (16-068)__THE_16-068_15","Thetford Reef (16-068)__THEDNA1__2021-05-15",0.0108753268772968,0.00643361121485609,0.0183835688446553
28,2000,30,0.28,2.39789527279837,3.43398720448515,-1.9384183061491,1.71095486454706,-0.239658678703541,0,"Thetford Reef (16-068)","Thetford Reef (16-068)__THE_16-068_15","Thetford Reef (16-068)__THEDNA1__2021-05-15",0.0246791734860055,0.0151534630820842,0.0401928985244599
28,2000,90,0.28,2.39789527279837,4.51085950651685,-1.9384183061491,1.71095486454706,0.498694851248286,0,"Thetford Reef (16-068)","Thetford Reef (16-068)__THE_16-068_15","Thetford Reef (16-068)__THEDNA1__2021-05-15",0.015051489094816,0.00939312389654797,0.0241184217802795
28,2000,183,0.28,2.39789527279837,5.21493575760899,-1.9384183061491,1.71095486454706,0.981442141125023,0,"Thetford Reef (16-068)","Thetford Reef (16-068)__THE_16-068_15","Thetford Reef (16-068)__THEDNA1__2021-05-15",0.0107808657263255,0.00666741126400133,0.01743211288564
28,2000,270,0.28,2.39789527279837,5.6021188208797,-1.9384183061491,1.71095486454706,1.24691278324678,0,"Thetford Reef (16-068)","Thetford Reef (16-068)__THE_16-068_15","Thetford Reef (16-068)__THEDNA1__2021-05-15",0.0109431028374741,0.006790765958514,0.0176344613322146
28,2000,365,0.28,2.39789527279837,5.90263333340137,-1.9384183061491,1.71095486454706,1.45295945257192,0,"Thetford Reef (16-068)","Thetford Reef (16-068)__THE_16-068_15","Thetford Reef (16-068)__THEDNA1__2021-05-15",0.0118096083825441,0.00696664564036293,0.0200192255137856
28,3000,30,0.28,2.77258872223978,3.43398720448515,-1.9384183061491,2.31884006995969,-0.239658678703541,0,"Thetford Reef (16-068)","Thetford Reef (16-068)__THE_16-068_15","Thetford Reef (16-068)__THEDNA1__2021-05-15",0.030106406395671,0.018106989780797,0.0500577797322535
28,3000,90,0.28,2.77258872223978,4.51085950651685,-1.9384183061491,2.31884006995969,0.498694851248286,0,"Thetford Reef (16-068)","Thetford Reef (16-068)__THE_16-068_15","Thetford Reef (16-068)__THEDNA1__2021-05-15",0.0183614839372762,0.0112532935655772,0.0299595927551508
28,3000,183,0.28,2.77258872223978,5.21493575760899,-1.9384183061491,2.31884006995969,0.981442141125023,0,"Thetford Reef (16-068)","Thetford Reef (16-068)__THE_16-068_15","Thetford Reef (16-068)__THEDNA1__2021-05-15",0.0131517015769579,0.00801113516154318,0.0215908545894559
28,3000,270,0.28,2.77258872223978,5.6021188208797,-1.9384183061491,2.31884006995969,1.24691278324678,0,"Thetford Reef (16-068)","Thetford Reef (16-068)__THE_16-068_15","Thetford Reef (16-068)__THEDNA1__2021-05-15",0.0133496164870123,0.0081683346133786,0.0218174534694532
28,3000,365,0.28,2.77258872223978,5.90263333340137,-1.9384183061491,2.31884006995969,1.45295945257192,0,"Thetford Reef (16-068)","Thetford Reef (16-068)__THE_16-068_15","Thetford Reef (16-068)__THEDNA1__2021-05-15",0.0144066765258654,0.00839741917361882,0.024716204375383
28,5000,30,0.28,3.25809653802148,3.43398720448515,-1.9384183061491,3.10650534344092,-0.239658678703541,0,"Thetford Reef (16-068)","Thetford Reef (16-068)__THE_16-068_15","Thetford Reef (16-068)__THEDNA1__2021-05-15",0.0422820984536652,0.0207285913326375,0.0862468568633774
28,5000,90,0.28,3.25809653802148,4.51085950651685,-1.9384183061491,3.10650534344092,0.498694851248286,0,"Thetford Reef (16-068)","Thetford Reef (16-068)__THE_16-068_15","Thetford Reef (16-068)__THEDNA1__2021-05-15",0.0257872713663672,0.0128557317078297,0.0517266056600778
28,5000,183,0.28,3.25809653802148,5.21493575760899,-1.9384183061491,3.10650534344092,0.981442141125023,0,"Thetford Reef (16-068)","Thetford Reef (16-068)__THE_16-068_15","Thetford Reef (16-068)__THEDNA1__2021-05-15",0.0184705385824498,0.00919644241143551,0.037097040383958
28,5000,270,0.28,3.25809653802148,5.6021188208797,-1.9384183061491,3.10650534344092,1.24691278324678,0,"Thetford Reef (16-068)","Thetford Reef (16-068)__THE_16-068_15","Thetford Reef (16-068)__THEDNA1__2021-05-15",0.0187484946294915,0.00937597973210664,0.0374900608699475
28,5000,365,0.28,3.25809653802148,5.90263333340137,-1.9384183061491,3.10650534344092,1.45295945257192,0,"Thetford Reef (16-068)","Thetford Reef (16-068)__THE_16-068_15","Thetford Reef (16-068)__THEDNA1__2021-05-15",0.0202330529672362,0.00977534896444107,0.041878446883496
30,200,30,0.3,0.693147180559945,3.43398720448515,-1.86459271003703,-1.05474906161454,-0.239658678703541,0,"Thetford Reef (16-068)","Thetford Reef (16-068)__THE_16-068_15","Thetford Reef (16-068)__THEDNA1__2021-05-15",0.0326172242994083,0.0200136957976433,0.0531577641508466
30,200,90,0.3,0.693147180559945,4.51085950651685,-1.86459271003703,-1.05474906161454,0.498694851248286,0,"Thetford Reef (16-068)","Thetford Reef (16-068)__THE_16-068_15","Thetford Reef (16-068)__THEDNA1__2021-05-15",0.0201027890637824,0.0125729083776886,0.0321422948456435
30,200,183,0.3,0.693147180559945,5.21493575760899,-1.86459271003703,-1.05474906161454,0.981442141125023,0,"Thetford Reef (16-068)","Thetford Reef (16-068)__THE_16-068_15","Thetford Reef (16-068)__THEDNA1__2021-05-15",0.0144603643587715,0.00901036018152931,0.0232068566822752
30,200,270,0.3,0.693147180559945,5.6021188208797,-1.86459271003703,-1.05474906161454,1.24691278324678,0,"Thetford Reef (16-068)","Thetford Reef (16-068)__THE_16-068_15","Thetford Reef (16-068)__THEDNA1__2021-05-15",0.0145864292441638,0.00909643807054128,0.0233898055969875
30,200,365,0.3,0.693147180559945,5.90263333340137,-1.86459271003703,-1.05474906161454,1.45295945257192,0,"Thetford Reef (16-068)","Thetford Reef (16-068)__THE_16-068_15","Thetford Reef (16-068)__THEDNA1__2021-05-15",0.0156225586650914,0.00925385016457985,0.0263743560683969
30,500,30,0.3,1.25276296849537,3.43398720448515,-1.86459271003703,-0.146854464822377,-0.239658678703541,0,"Thetford Reef (16-068)","Thetford Reef (16-068)__THE_16-068_15","Thetford Reef (16-068)__THEDNA1__2021-05-15",0.0270644153344989,0.0167116564439708,0.0438306388031644
30,500,90,0.3,1.25276296849537,4.51085950651685,-1.86459271003703,-0.146854464822377,0.498694851248286,0,"Thetford Reef (16-068)","Thetford Reef (16-068)__THE_16-068_15","Thetford Reef (16-068)__THEDNA1__2021-05-15",0.0166804577731618,0.0104313667685571,0.0266731750206423
30,500,183,0.3,1.25276296849537,5.21493575760899,-1.86459271003703,-0.146854464822377,0.981442141125023,0,"Thetford Reef (16-068)","Thetford Reef (16-068)__THE_16-068_15","Thetford Reef (16-068)__THEDNA1__2021-05-15",0.0119986085664891,0.00744367405176297,0.0193407995205981
30,500,270,0.3,1.25276296849537,5.6021188208797,-1.86459271003703,-0.146854464822377,1.24691278324678,0,"Thetford Reef (16-068)","Thetford Reef (16-068)__THE_16-068_15","Thetford Reef (16-068)__THEDNA1__2021-05-15",0.0121032119621071,0.00751583421002294,0.0194905496457519
30,500,365,0.3,1.25276296849537,5.90263333340137,-1.86459271003703,-0.146854464822377,1.45295945257192,0,"Thetford Reef (16-068)","Thetford Reef (16-068)__THE_16-068_15","Thetford Reef (16-068)__THEDNA1__2021-05-15",0.0129629490363249,0.00765545752478145,0.0219500986289064
30,1000,30,0.3,1.79175946922805,3.43398720448515,-1.86459271003703,0.727588360513993,-0.239658678703541,0,"Thetford Reef (16-068)","Thetford Reef (16-068)__THE_16-068_15","Thetford Reef (16-068)__THEDNA1__2021-05-15",0.023441406711099,0.0146541203370393,0.0374979552478669
30,1000,90,0.3,1.79175946922805,4.51085950651685,-1.86459271003703,0.727588360513993,0.498694851248286,0,"Thetford Reef (16-068)","Thetford Reef (16-068)__THE_16-068_15","Thetford Reef (16-068)__THEDNA1__2021-05-15",0.0144475093939892,0.00914334664617429,0.0228286792316622
30,1000,183,0.3,1.79175946922805,5.21493575760899,-1.86459271003703,0.727588360513993,0.981442141125023,0,"Thetford Reef (16-068)","Thetford Reef (16-068)__THE_16-068_15","Thetford Reef (16-068)__THEDNA1__2021-05-15",0.0103924012360179,0.00651017559469678,0.0165897220250656
30,1000,270,0.3,1.79175946922805,5.6021188208797,-1.86459271003703,0.727588360513993,1.24691278324678,0,"Thetford Reef (16-068)","Thetford Reef (16-068)__THE_16-068_15","Thetford Reef (16-068)__THEDNA1__2021-05-15",0.0104830017795633,0.00657863118094028,0.0167045884299931
30,1000,365,0.3,1.79175946922805,5.90263333340137,-1.86459271003703,0.727588360513993,1.45295945257192,0,"Thetford Reef (16-068)","Thetford Reef (16-068)__THE_16-068_15","Thetford Reef (16-068)__THEDNA1__2021-05-15",0.0112276491762377,0.0067016500950657,0.0188103085413973
30,2000,30,0.3,2.39789527279837,3.43398720448515,-1.86459271003703,1.71095486454706,-0.239658678703541,0,"Thetford Reef (16-068)","Thetford Reef (16-068)__THE_16-068_15","Thetford Reef (16-068)__THEDNA1__2021-05-15",0.0254053162009555,0.0157139630082158,0.0410736674722398
30,2000,90,0.3,2.39789527279837,4.51085950651685,-1.86459271003703,1.71095486454706,0.498694851248286,0,"Thetford Reef (16-068)","Thetford Reef (16-068)__THE_16-068_15","Thetford Reef (16-068)__THEDNA1__2021-05-15",0.0156579146035969,0.00983544566480759,0.0249272171377839
30,2000,183,0.3,2.39789527279837,5.21493575760899,-1.86459271003703,1.71095486454706,0.981442141125023,0,"Thetford Reef (16-068)","Thetford Reef (16-068)__THE_16-068_15","Thetford Reef (16-068)__THEDNA1__2021-05-15",0.0112630714846659,0.00701391213558743,0.0180864511582693
30,2000,270,0.3,2.39789527279837,5.6021188208797,-1.86459271003703,1.71095486454706,1.24691278324678,0,"Thetford Reef (16-068)","Thetford Reef (16-068)__THE_16-068_15","Thetford Reef (16-068)__THEDNA1__2021-05-15",0.0113612624970534,0.00709819464406695,0.0181846641293279
30,2000,365,0.3,2.39789527279837,5.90263333340137,-1.86459271003703,1.71095486454706,1.45295945257192,0,"Thetford Reef (16-068)","Thetford Reef (16-068)__THE_16-068_15","Thetford Reef (16-068)__THEDNA1__2021-05-15",0.0121682960852627,0.00724338714457979,0.0204417390183841
30,3000,30,0.3,2.77258872223978,3.43398720448515,-1.86459271003703,2.31884006995969,-0.239658678703541,0,"Thetford Reef (16-068)","Thetford Reef (16-068)__THE_16-068_15","Thetford Reef (16-068)__THEDNA1__2021-05-15",0.03072590317734,0.0186337853713872,0.0506650209416354
30,3000,90,0.3,2.77258872223978,4.51085950651685,-1.86459271003703,2.31884006995969,0.498694851248286,0,"Thetford Reef (16-068)","Thetford Reef (16-068)__THE_16-068_15","Thetford Reef (16-068)__THEDNA1__2021-05-15",0.0189371218316536,0.0116928195976736,0.0306696413359735
30,3000,183,0.3,2.77258872223978,5.21493575760899,-1.86459271003703,2.31884006995969,0.981442141125023,0,"Thetford Reef (16-068)","Thetford Reef (16-068)__THE_16-068_15","Thetford Reef (16-068)__THEDNA1__2021-05-15",0.0136218750902336,0.00836166818081005,0.0221912035925767
30,3000,270,0.3,2.77258872223978,5.6021188208797,-1.86459271003703,2.31884006995969,1.24691278324678,0,"Thetford Reef (16-068)","Thetford Reef (16-068)__THE_16-068_15","Thetford Reef (16-068)__THEDNA1__2021-05-15",0.0137406300592975,0.00847084563821031,0.022288791755903
30,3000,365,0.3,2.77258872223978,5.90263333340137,-1.86459271003703,2.31884006995969,1.45295945257192,0,"Thetford Reef (16-068)","Thetford Reef (16-068)__THE_16-068_15","Thetford Reef (16-068)__THEDNA1__2021-05-15",0.0147166791545355,0.00866080021499543,0.0250070016581782
30,5000,30,0.3,3.25809653802148,3.43398720448515,-1.86459271003703,3.10650534344092,-0.239658678703541,0,"Thetford Reef (16-068)","Thetford Reef (16-068)__THE_16-068_15","Thetford Reef (16-068)__THEDNA1__2021-05-15",0.0424962141440856,0.0211695575906937,0.0853077920425637
30,5000,90,0.3,3.25809653802148,4.51085950651685,-1.86459271003703,3.10650534344092,0.498694851248286,0,"Thetford Reef (16-068)","Thetford Reef (16-068)__THE_16-068_15","Thetford Reef (16-068)__THEDNA1__2021-05-15",0.0261914509066112,0.0132597201074103,0.0517350362629487
30,5000,183,0.3,3.25809653802148,5.21493575760899,-1.86459271003703,3.10650534344092,0.981442141125023,0,"Thetford Reef (16-068)","Thetford Reef (16-068)__THE_16-068_15","Thetford Reef (16-068)__THEDNA1__2021-05-15",0.0188400685095391,0.00952630888522918,0.0372597808574615
30,5000,270,0.3,3.25809653802148,5.6021188208797,-1.86459271003703,3.10650534344092,1.24691278324678,0,"Thetford Reef (16-068)","Thetford Reef (16-068)__THE_16-068_15","Thetford Reef (16-068)__THEDNA1__2021-05-15",0.0190043154827488,0.00964970736596014,0.0374274569446399
30,5000,365,0.3,3.25809653802148,5.90263333340137,-1.86459271003703,3.10650534344092,1.45295945257192,0,"Thetford Reef (16-068)","Thetford Reef (16-068)__THE_16-068_15","Thetford Reef (16-068)__THEDNA1__2021-05-15",0.0203542641279352,0.00999729958438545,0.0414407975566551
32,200,30,0.32,0.693147180559945,3.43398720448515,-1.79076711392496,-1.05474906161454,-0.239658678703541,0,"Thetford Reef (16-068)","Thetford Reef (16-068)__THE_16-068_15","Thetford Reef (16-068)__THEDNA1__2021-05-15",0.0331659916219704,0.0205098960584671,0.053631817398436
32,200,90,0.32,0.693147180559945,4.51085950651685,-1.79076711392496,-1.05474906161454,0.498694851248286,0,"Thetford Reef (16-068)","Thetford Reef (16-068)__THE_16-068_15","Thetford Reef (16-068)__THEDNA1__2021-05-15",0.0206567864786538,0.0130094142148813,0.0327995419760403
32,200,183,0.32,0.693147180559945,5.21493575760899,-1.79076711392496,-1.05474906161454,0.981442141125023,0,"Thetford Reef (16-068)","Thetford Reef (16-068)__THE_16-068_15","Thetford Reef (16-068)__THEDNA1__2021-05-15",0.0149222541480814,0.00936468975866702,0.023778008091923
32,200,270,0.32,0.693147180559945,5.6021188208797,-1.79076711392496,-1.05474906161454,1.24691278324678,0,"Thetford Reef (16-068)","Thetford Reef (16-068)__THE_16-068_15","Thetford Reef (16-068)__THEDNA1__2021-05-15",0.0149584672924166,0.00939431168467695,0.0238182158787924
32,200,365,0.32,0.693147180559945,5.90263333340137,-1.79076711392496,-1.05474906161454,1.45295945257192,0,"Thetford Reef (16-068)","Thetford Reef (16-068)__THE_16-068_15","Thetford Reef (16-068)__THEDNA1__2021-05-15",0.0159000477821088,0.00950611980013069,0.0265946069257267
32,500,30,0.32,1.25276296849537,3.43398720448515,-1.79076711392496,-0.146854464822377,-0.239658678703541,0,"Thetford Reef (16-068)","Thetford Reef (16-068)__THE_16-068_15","Thetford Reef (16-068)__THEDNA1__2021-05-15",0.0276893483804134,0.0172214240129926,0.0445201287160384
32,500,90,0.32,1.25276296849537,4.51085950651685,-1.79076711392496,-0.146854464822377,0.498694851248286,0,"Thetford Reef (16-068)","Thetford Reef (16-068)__THE_16-068_15","Thetford Reef (16-068)__THEDNA1__2021-05-15",0.0172457668007238,0.0108566501423165,0.0273948656948695
32,500,183,0.32,1.25276296849537,5.21493575760899,-1.79076711392496,-0.146854464822377,0.981442141125023,0,"Thetford Reef (16-068)","Thetford Reef (16-068)__THE_16-068_15","Thetford Reef (16-068)__THEDNA1__2021-05-15",0.0124581679461556,0.00778325909473246,0.0199409972976049
32,500,270,0.32,1.25276296849537,5.6021188208797,-1.79076711392496,-0.146854464822377,1.24691278324678,0,"Thetford Reef (16-068)","Thetford Reef (16-068)__THE_16-068_15","Thetford Reef (16-068)__THEDNA1__2021-05-15",0.0124884012761545,0.00780908733734942,0.0199716253253217
32,500,365,0.32,1.25276296849537,5.90263333340137,-1.79076711392496,-0.146854464822377,1.45295945257192,0,"Thetford Reef (16-068)","Thetford Reef (16-068)__THE_16-068_15","Thetford Reef (16-068)__THEDNA1__2021-05-15",0.0132745001965322,0.00791176113029448,0.0222722036934366
32,1000,30,0.32,1.79175946922805,3.43398720448515,-1.79076711392496,0.727588360513993,-0.239658678703541,0,"Thetford Reef (16-068)","Thetford Reef (16-068)__THE_16-068_15","Thetford Reef (16-068)__THEDNA1__2021-05-15",0.0241785307119962,0.0152146905236132,0.0384234793657907
32,1000,90,0.32,1.79175946922805,4.51085950651685,-1.79076711392496,0.727588360513993,0.498694851248286,0,"Thetford Reef (16-068)","Thetford Reef (16-068)__THE_16-068_15","Thetford Reef (16-068)__THEDNA1__2021-05-15",0.0150591229708453,0.00958716936765621,0.0236542378625447
32,1000,183,0.32,1.79175946922805,5.21493575760899,-1.79076711392496,0.727588360513993,0.981442141125023,0,"Thetford Reef (16-068)","Thetford Reef (16-068)__THE_16-068_15","Thetford Reef (16-068)__THEDNA1__2021-05-15",0.0108785585042659,0.0068586364855536,0.0172546008787612
32,1000,270,0.32,1.79175946922805,5.6021188208797,-1.79076711392496,0.727588360513993,1.24691278324678,0,"Thetford Reef (16-068)","Thetford Reef (16-068)__THE_16-068_15","Thetford Reef (16-068)__THEDNA1__2021-05-15",0.0109049584573404,0.00688705166424596,0.017266912570684
32,1000,365,0.32,1.79175946922805,5.90263333340137,-1.79076711392496,0.727588360513993,1.45295945257192,0,"Thetford Reef (16-068)","Thetford Reef (16-068)__THE_16-068_15","Thetford Reef (16-068)__THEDNA1__2021-05-15",0.0115913854771421,0.00697904086030899,0.0192519602577241
32,2000,30,0.32,2.39789527279837,3.43398720448515,-1.79076711392496,1.71095486454706,-0.239658678703541,0,"Thetford Reef (16-068)","Thetford Reef (16-068)__THE_16-068_15","Thetford Reef (16-068)__THEDNA1__2021-05-15",0.0261528244305478,0.0162908413756005,0.0419849539950386
32,2000,90,0.32,2.39789527279837,4.51085950651685,-1.79076711392496,1.71095486454706,0.498694851248286,0,"Thetford Reef (16-068)","Thetford Reef (16-068)__THE_16-068_15","Thetford Reef (16-068)__THEDNA1__2021-05-15",0.0162887730369466,0.0102959318888108,0.0257698020844039
32,2000,183,0.32,2.39789527279837,5.21493575760899,-1.79076711392496,1.71095486454706,0.981442141125023,0,"Thetford Reef (16-068)","Thetford Reef (16-068)__THE_16-068_15","Thetford Reef (16-068)__THEDNA1__2021-05-15",0.0117668453062101,0.00737650540632878,0.0187702225963919
32,2000,270,0.32,2.39789527279837,5.6021188208797,-1.79076711392496,1.71095486454706,1.24691278324678,0,"Thetford Reef (16-068)","Thetford Reef (16-068)__THE_16-068_15","Thetford Reef (16-068)__THEDNA1__2021-05-15",0.0117954009428596,0.00741761741446168,0.0187568966729879
32,2000,365,0.32,2.39789527279837,5.90263333340137,-1.79076711392496,1.71095486454706,1.45295945257192,0,"Thetford Reef (16-068)","Thetford Reef (16-068)__THE_16-068_15","Thetford Reef (16-068)__THEDNA1__2021-05-15",0.0125378780415343,0.00752908767663486,0.0208788092974696
32,3000,30,0.32,2.77258872223978,3.43398720448515,-1.79076711392496,2.31884006995969,-0.239658678703541,0,"Thetford Reef (16-068)","Thetford Reef (16-068)__THE_16-068_15","Thetford Reef (16-068)__THEDNA1__2021-05-15",0.0313581472878484,0.0191698243896006,0.051295900334895
32,3000,90,0.32,2.77258872223978,4.51085950651685,-1.79076711392496,2.31884006995969,0.498694851248286,0,"Thetford Reef (16-068)","Thetford Reef (16-068)__THE_16-068_15","Thetford Reef (16-068)__THEDNA1__2021-05-15",0.0195308061424632,0.0121457019827903,0.031406368204569
32,3000,183,0.32,2.77258872223978,5.21493575760899,-1.79076711392496,2.31884006995969,0.981442141125023,0,"Thetford Reef (16-068)","Thetford Reef (16-068)__THE_16-068_15","Thetford Reef (16-068)__THEDNA1__2021-05-15",0.0141088573131119,0.00872479455902288,0.0228154202755283
32,3000,270,0.32,2.77258872223978,5.6021188208797,-1.79076711392496,2.31884006995969,1.24691278324678,0,"Thetford Reef (16-068)","Thetford Reef (16-068)__THE_16-068_15","Thetford Reef (16-068)__THEDNA1__2021-05-15",0.0141430965159303,0.0087817931908217,0.0227774868654363
32,3000,365,0.32,2.77258872223978,5.90263333340137,-1.79076711392496,2.31884006995969,1.45295945257192,0,"Thetford Reef (16-068)","Thetford Reef (16-068)__THE_16-068_15","Thetford Reef (16-068)__THEDNA1__2021-05-15",0.0150333524146737,0.00892959174151665,0.0253092964791455
32,5000,30,0.32,3.25809653802148,3.43398720448515,-1.79076711392496,3.10650534344092,-0.239658678703541,0,"Thetford Reef (16-068)","Thetford Reef (16-068)__THE_16-068_15","Thetford Reef (16-068)__THEDNA1__2021-05-15",0.0427114141120267,0.0216101671687012,0.0844169728631801
32,5000,90,0.32,3.25809653802148,4.51085950651685,-1.79076711392496,3.10650534344092,0.498694851248286,0,"Thetford Reef (16-068)","Thetford Reef (16-068)__THE_16-068_15","Thetford Reef (16-068)__THEDNA1__2021-05-15",0.0266019653978638,0.0136701767003178,0.0517670384621065
32,5000,183,0.32,3.25809653802148,5.21493575760899,-1.79076711392496,3.10650534344092,0.981442141125023,0,"Thetford Reef (16-068)","Thetford Reef (16-068)__THE_16-068_15","Thetford Reef (16-068)__THEDNA1__2021-05-15",0.0192169914190477,0.00986349095724273,0.0374403708383372
32,5000,270,0.32,3.25809653802148,5.6021188208797,-1.79076711392496,3.10650534344092,1.24691278324678,0,"Thetford Reef (16-068)","Thetford Reef (16-068)__THE_16-068_15","Thetford Reef (16-068)__THEDNA1__2021-05-15",0.0192636269794021,0.00992685347164692,0.0373821700362
32,5000,365,0.32,3.25809653802148,5.90263333340137,-1.79076711392496,3.10650534344092,1.45295945257192,0,"Thetford Reef (16-068)","Thetford Reef (16-068)__THE_16-068_15","Thetford Reef (16-068)__THEDNA1__2021-05-15",0.0204762014343871,0.0102196477774745,0.0410263479046444
34,200,30,0.34,0.693147180559945,3.43398720448515,-1.7169415178129,-1.05474906161454,-0.239658678703541,0,"Thetford Reef (16-068)","Thetford Reef (16-068)__THE_16-068_15","Thetford Reef (16-068)__THEDNA1__2021-05-15",0.0337239916607055,0.021012414624907,0.0541255078882381
34,200,90,0.34,0.693147180559945,4.51085950651685,-1.7169415178129,-1.05474906161454,0.498694851248286,0,"Thetford Reef (16-068)","Thetford Reef (16-068)__THE_16-068_15","Thetford Reef (16-068)__THEDNA1__2021-05-15",0.0212260510852919,0.013457311749271,0.0334795873848897
34,200,183,0.34,0.693147180559945,5.21493575760899,-1.7169415178129,-1.05474906161454,0.981442141125023,0,"Thetford Reef (16-068)","Thetford Reef (16-068)__THE_16-068_15","Thetford Reef (16-068)__THEDNA1__2021-05-15",0.0153988975198167,0.00973020548807088,0.024370096306448
34,200,270,0.34,0.693147180559945,5.6021188208797,-1.7169415178129,-1.05474906161454,1.24691278324678,0,"Thetford Reef (16-068)","Thetford Reef (16-068)__THE_16-068_15","Thetford Reef (16-068)__THEDNA1__2021-05-15",0.0153399944559992,0.00969920794281374,0.0242613037371194
34,200,365,0.34,0.693147180559945,5.90263333340137,-1.7169415178129,-1.05474906161454,1.45295945257192,0,"Thetford Reef (16-068)","Thetford Reef (16-068)__THE_16-068_15","Thetford Reef (16-068)__THEDNA1__2021-05-15",0.0161824656826701,0.00976242622590942,0.0268244993110204
34,500,30,0.34,1.25276296849537,3.43398720448515,-1.7169415178129,-0.146854464822377,-0.239658678703541,0,"Thetford Reef (16-068)","Thetford Reef (16-068)__THE_16-068_15","Thetford Reef (16-068)__THEDNA1__2021-05-15",0.0283287114927841,0.0177420634519825,0.0452323878230593
34,500,90,0.34,1.25276296849537,4.51085950651685,-1.7169415178129,-0.146854464822377,0.498694851248286,0,"Thetford Reef (16-068)","Thetford Reef (16-068)__THE_16-068_15","Thetford Reef (16-068)__THEDNA1__2021-05-15",0.0178302344329827,0.0112963653653303,0.0281433230648543
34,500,183,0.34,1.25276296849537,5.21493575760899,-1.7169415178129,-0.146854464822377,0.981442141125023,0,"Thetford Reef (16-068)","Thetford Reef (16-068)__THE_16-068_15","Thetford Reef (16-068)__THEDNA1__2021-05-15",0.0129353289353977,0.00813620607539866,0.0205652036239432
34,500,270,0.34,1.25276296849537,5.6021188208797,-1.7169415178129,-0.146854464822377,1.24691278324678,0,"Thetford Reef (16-068)","Thetford Reef (16-068)__THE_16-068_15","Thetford Reef (16-068)__THEDNA1__2021-05-15",0.0128858493863065,0.00811166394435108,0.0204699202957254
34,500,365,0.34,1.25276296849537,5.90263333340137,-1.7169415178129,-0.146854464822377,1.45295945257192,0,"Thetford Reef (16-068)","Thetford Reef (16-068)__THE_16-068_15","Thetford Reef (16-068)__THEDNA1__2021-05-15",0.0135935391687453,0.00817441085218881,0.0226052140605013
34,1000,30,0.34,1.79175946922805,3.43398720448515,-1.7169415178129,0.727588360513993,-0.239658678703541,0,"Thetford Reef (16-068)","Thetford Reef (16-068)__THE_16-068_15","Thetford Reef (16-068)__THEDNA1__2021-05-15",0.024938833859068,0.0157925040873666,0.0393823190299332
34,1000,90,0.34,1.79175946922805,4.51085950651685,-1.7169415178129,0.727588360513993,0.498694851248286,0,"Thetford Reef (16-068)","Thetford Reef (16-068)__THE_16-068_15","Thetford Reef (16-068)__THEDNA1__2021-05-15",0.0156966282884293,0.0100499611726859,0.0245159295037627
34,1000,183,0.34,1.79175946922805,5.21493575760899,-1.7169415178129,0.727588360513993,0.981442141125023,0,"Thetford Reef (16-068)","Thetford Reef (16-068)__THE_16-068_15","Thetford Reef (16-068)__THEDNA1__2021-05-15",0.0113874582440662,0.00722387663425287,0.0179507779307147
34,1000,270,0.34,1.79175946922805,5.6021188208797,-1.7169415178129,0.727588360513993,1.24691278324678,0,"Thetford Reef (16-068)","Thetford Reef (16-068)__THE_16-068_15","Thetford Reef (16-068)__THEDNA1__2021-05-15",0.0113438995296319,0.00720806726450561,0.017852782419506
34,1000,365,0.34,1.79175946922805,5.90263333340137,-1.7169415178129,0.727588360513993,1.45295945257192,0,"Thetford Reef (16-068)","Thetford Reef (16-068)__THE_16-068_15","Thetford Reef (16-068)__THEDNA1__2021-05-15",0.011966905553485,0.00726592479164071,0.0197093739107768
34,2000,30,0.34,2.39789527279837,3.43398720448515,-1.7169415178129,1.71095486454706,-0.239658678703541,0,"Thetford Reef (16-068)","Thetford Reef (16-068)__THE_16-068_15","Thetford Reef (16-068)__THEDNA1__2021-05-15",0.0269223268187203,0.0168841809166307,0.0429284479308118
34,2000,90,0.34,2.39789527279837,4.51085950651685,-1.7169415178129,1.71095486454706,0.498694851248286,0,"Thetford Reef (16-068)","Thetford Reef (16-068)__THE_16-068_15","Thetford Reef (16-068)__THEDNA1__2021-05-15",0.0169450487990403,0.0107750735694896,0.0266480481038106
34,2000,183,0.34,2.39789527279837,5.21493575760899,-1.7169415178129,1.71095486454706,0.981442141125023,0,"Thetford Reef (16-068)","Thetford Reef (16-068)__THE_16-068_15","Thetford Reef (16-068)__THEDNA1__2021-05-15",0.0122931518856808,0.00775574274095191,0.0194851206817968
34,2000,270,0.34,2.39789527279837,5.6021188208797,-1.7169415178129,1.71095486454706,1.24691278324678,0,"Thetford Reef (16-068)","Thetford Reef (16-068)__THE_16-068_15","Thetford Reef (16-068)__THEDNA1__2021-05-15",0.0122461287589207,0.00774931878875326,0.0193523680814003
34,2000,365,0.34,2.39789527279837,5.90263333340137,-1.7169415178129,1.71095486454706,1.45295945257192,0,"Thetford Reef (16-068)","Thetford Reef (16-068)__THE_16-068_15","Thetford Reef (16-068)__THEDNA1__2021-05-15",0.0129186851374182,0.00782383241029308,0.0213312884182161
34,3000,30,0.34,2.77258872223978,3.43398720448515,-1.7169415178129,2.31884006995969,-0.239658678703541,0,"Thetford Reef (16-068)","Thetford Reef (16-068)__THE_16-068_15","Thetford Reef (16-068)__THEDNA1__2021-05-15",0.0320034010278202,0.0197147181839974,0.0519519309273644
34,3000,90,0.34,2.77258872223978,4.51085950651685,-1.7169415178129,2.31884006995969,0.498694851248286,0,"Thetford Reef (16-068)","Thetford Reef (16-068)__THE_16-068_15","Thetford Reef (16-068)__THEDNA1__2021-05-15",0.0201431026301406,0.0126119876834176,0.0321713431501249
34,3000,183,0.34,2.77258872223978,5.21493575760899,-1.7169415178129,2.31884006995969,0.981442141125023,0,"Thetford Reef (16-068)","Thetford Reef (16-068)__THE_16-068_15","Thetford Reef (16-068)__THEDNA1__2021-05-15",0.0146132491571933,0.00910069394892068,0.0234649195027086
34,3000,270,0.34,2.77258872223978,5.6021188208797,-1.7169415178129,2.31884006995969,1.24691278324678,0,"Thetford Reef (16-068)","Thetford Reef (16-068)__THE_16-068_15","Thetford Reef (16-068)__THEDNA1__2021-05-15",0.014557351314729,0.00910115598968325,0.023284567096824
34,3000,365,0.34,2.77258872223978,5.90263333340137,-1.7169415178129,2.31884006995969,1.45295945257192,0,"Thetford Reef (16-068)","Thetford Reef (16-068)__THE_16-068_15","Thetford Reef (16-068)__THEDNA1__2021-05-15",0.0153568398448179,0.00920362783863983,0.0256238663876961
34,5000,30,0.34,3.25809653802148,3.43398720448515,-1.7169415178129,3.10650534344092,-0.239658678703541,0,"Thetford Reef (16-068)","Thetford Reef (16-068)__THE_16-068_15","Thetford Reef (16-068)__THEDNA1__2021-05-15",0.0429277038482479,0.0220493161331642,0.0835757329866191
34,5000,90,0.34,3.25809653802148,4.51085950651685,-1.7169415178129,3.10650534344092,0.498694851248286,0,"Thetford Reef (16-068)","Thetford Reef (16-068)__THE_16-068_15","Thetford Reef (16-068)__THEDNA1__2021-05-15",0.0270189141316533,0.0140864808658419,0.0518242794496581
34,5000,183,0.34,3.25809653802148,5.21493575760899,-1.7169415178129,3.10650534344092,0.981442141125023,0,"Thetford Reef (16-068)","Thetford Reef (16-068)__THE_16-068_15","Thetford Reef (16-068)__THEDNA1__2021-05-15",0.0196014552183168,0.0102076117267143,0.0376402489595238
34,5000,270,0.34,3.25809653802148,5.6021188208797,-1.7169415178129,3.10650534344092,1.24691278324678,0,"Thetford Reef (16-068)","Thetford Reef (16-068)__THE_16-068_15","Thetford Reef (16-068)__THEDNA1__2021-05-15",0.0195264767488417,0.0102069363829964,0.0373553121050338
34,5000,365,0.34,3.25809653802148,5.90263333340137,-1.7169415178129,3.10650534344092,1.45295945257192,0,"Thetford Reef (16-068)","Thetford Reef (16-068)__THE_16-068_15","Thetford Reef (16-068)__THEDNA1__2021-05-15",0.0205988692367493,0.010441862730004,0.0406357969649859
36,200,30,0.36,0.693147180559945,3.43398720448515,-1.64311592170083,-1.05474906161454,-0.239658678703541,0,"Thetford Reef (16-068)","Thetford Reef (16-068)__THE_16-068_15","Thetford Reef (16-068)__THEDNA1__2021-05-15",0.0342913797511166,0.0215208198523262,0.0546400524377879
36,200,90,0.36,0.693147180559945,4.51085950651685,-1.64311592170083,-1.05474906161454,0.498694851248286,0,"Thetford Reef (16-068)","Thetford Reef (16-068)__THE_16-068_15","Thetford Reef (16-068)__THEDNA1__2021-05-15",0.021811003620578,0.0139165653492742,0.0341837132221477
36,200,183,0.36,0.693147180559945,5.21493575760899,-1.64311592170083,-1.05474906161454,0.981442141125023,0,"Thetford Reef (16-068)","Thetford Reef (16-068)__THE_16-068_15","Thetford Reef (16-068)__THEDNA1__2021-05-15",0.015890765729674,0.0101070040355806,0.024984301439519
36,200,270,0.36,0.693147180559945,5.6021188208797,-1.64311592170083,-1.05474906161454,1.24691278324678,0,"Thetford Reef (16-068)","Thetford Reef (16-068)__THE_16-068_15","Thetford Reef (16-068)__THEDNA1__2021-05-15",0.0157312527620649,0.0100110539130544,0.0247199061770379
36,200,365,0.36,0.693147180559945,5.90263333340137,-1.64311592170083,-1.05474906161454,1.45295945257192,0,"Thetford Reef (16-068)","Thetford Reef (16-068)__THE_16-068_15","Thetford Reef (16-068)__THEDNA1__2021-05-15",0.0164698999122168,0.0100225686967198,0.027064678858945
36,500,30,0.36,1.25276296849537,3.43398720448515,-1.64311592170083,-0.146854464822377,-0.239658678703541,0,"Thetford Reef (16-068)","Thetford Reef (16-068)__THE_16-068_15","Thetford Reef (16-068)__THEDNA1__2021-05-15",0.0289828378702143,0.0182734068635394,0.0459687072741305
36,500,90,0.36,1.25276296849537,4.51085950651685,-1.64311592170083,-0.146854464822377,0.498694851248286,0,"Thetford Reef (16-068)","Thetford Reef (16-068)__THE_16-068_15","Thetford Reef (16-068)__THEDNA1__2021-05-15",0.0184345099646008,0.0117507377410974,0.0289199848658379
36,500,183,0.36,1.25276296849537,5.21493575760899,-1.64311592170083,-0.146854464822377,0.981442141125023,0,"Thetford Reef (16-068)","Thetford Reef (16-068)__THE_16-068_15","Thetford Reef (16-068)__THEDNA1__2021-05-15",0.0134307656944513,0.00850283317659785,0.0212147484718058
36,500,270,0.36,1.25276296849537,5.6021188208797,-1.64311592170083,-0.146854464822377,1.24691278324678,0,"Thetford Reef (16-068)","Thetford Reef (16-068)__THE_16-068_15","Thetford Reef (16-068)__THEDNA1__2021-05-15",0.0132959464334018,0.00842366753302407,0.0209863685700837
36,500,365,0.36,1.25276296849537,5.90263333340137,-1.64311592170083,-0.146854464822377,1.45295945257192,0,"Thetford Reef (16-068)","Thetford Reef (16-068)__THE_16-068_15","Thetford Reef (16-068)__THEDNA1__2021-05-15",0.013920245914832,0.0084433480213586,0.0229498115959714
36,1000,30,0.36,1.79175946922805,3.43398720448515,-1.64311592170083,0.727588360513993,-0.239658678703541,0,"Thetford Reef (16-068)","Thetford Reef (16-068)__THE_16-068_15","Thetford Reef (16-068)__THEDNA1__2021-05-15",0.0257230450294327,0.0163877197012195,0.0403762730660439
36,1000,90,0.36,1.79175946922805,4.51085950651685,-1.64311592170083,0.727588360513993,0.498694851248286,0,"Thetford Reef (16-068)","Thetford Reef (16-068)__THE_16-068_15","Thetford Reef (16-068)__THEDNA1__2021-05-15",0.0163611214346363,0.0105322906082788,0.0254157717969255
36,1000,183,0.36,1.79175946922805,5.21493575760899,-1.64311592170083,0.727588360513993,0.981442141125023,0,"Thetford Reef (16-068)","Thetford Reef (16-068)__THE_16-068_15","Thetford Reef (16-068)__THEDNA1__2021-05-15",0.0119201643498541,0.00760651411205627,0.018680083417228
36,1000,270,0.36,1.79175946922805,5.6021188208797,-1.64311592170083,0.727588360513993,1.24691278324678,0,"Thetford Reef (16-068)","Thetford Reef (16-068)__THE_16-068_15","Thetford Reef (16-068)__THEDNA1__2021-05-15",0.0118005086440071,0.00754201550441135,0.0184635001314752
36,1000,365,0.36,1.79175946922805,5.90263333340137,-1.64311592170083,0.727588360513993,1.45295945257192,0,"Thetford Reef (16-068)","Thetford Reef (16-068)__THE_16-068_15","Thetford Reef (16-068)__THEDNA1__2021-05-15",0.0123545911581002,0.00756242565806655,0.020183460913893
36,2000,30,0.36,2.39789527279837,3.43398720448515,-1.64311592170083,1.71095486454706,-0.239658678703541,0,"Thetford Reef (16-068)","Thetford Reef (16-068)__THE_16-068_15","Thetford Reef (16-068)__THEDNA1__2021-05-15",0.0277144705061903,0.0174940278495086,0.0439059479066776
36,2000,90,0.36,2.39789527279837,4.51085950651685,-1.64311592170083,1.71095486454706,0.498694851248286,0,"Thetford Reef (16-068)","Thetford Reef (16-068)__THE_16-068_15","Thetford Reef (16-068)__THEDNA1__2021-05-15",0.0176277659557643,0.0112733526008318,0.0275639504585598
36,2000,183,0.36,2.39789527279837,5.21493575760899,-1.64311592170083,1.71095486454706,0.981442141125023,0,"Thetford Reef (16-068)","Thetford Reef (16-068)__THE_16-068_15","Thetford Reef (16-068)__THEDNA1__2021-05-15",0.0128429990665945,0.00815217624821493,0.0202329562073274
36,2000,270,0.36,2.39789527279837,5.6021188208797,-1.64311592170083,1.71095486454706,1.24691278324678,0,"Thetford Reef (16-068)","Thetford Reef (16-068)__THE_16-068_15","Thetford Reef (16-068)__THEDNA1__2021-05-15",0.0127140798610028,0.00809357367200495,0.0199723673698165
36,2000,365,0.36,2.39789527279837,5.90263333340137,-1.64311592170083,1.71095486454706,1.45295945257192,0,"Thetford Reef (16-068)","Thetford Reef (16-068)__THE_16-068_15","Thetford Reef (16-068)__THEDNA1__2021-05-15",0.013311058308821,0.00812768538390168,0.0218000900541473
36,3000,30,0.36,2.77258872223978,3.43398720448515,-1.64311592170083,2.31884006995969,-0.239658678703541,0,"Thetford Reef (16-068)","Thetford Reef (16-068)__THE_16-068_15","Thetford Reef (16-068)__THEDNA1__2021-05-15",0.0326619320952162,0.0202680254680754,0.0526347181610193
36,3000,90,0.36,2.77258872223978,4.51085950651685,-1.64311592170083,2.31884006995969,0.498694851248286,0,"Thetford Reef (16-068)","Thetford Reef (16-068)__THE_16-068_15","Thetford Reef (16-068)__THEDNA1__2021-05-15",0.0207745947918773,0.0130916897308855,0.0329662402362405
36,3000,183,0.36,2.77258872223978,5.21493575760899,-1.64311592170083,2.31884006995969,0.981442141125023,0,"Thetford Reef (16-068)","Thetford Reef (16-068)__THE_16-068_15","Thetford Reef (16-068)__THEDNA1__2021-05-15",0.015135673016677,0.00948952220878854,0.0241412151873776
36,3000,270,0.36,2.77258872223978,5.6021188208797,-1.64311592170083,2.31884006995969,1.24691278324678,0,"Thetford Reef (16-068)","Thetford Reef (16-068)__THE_16-068_15","Thetford Reef (16-068)__THEDNA1__2021-05-15",0.0149837397391545,0.0094288879846503,0.0238111277741565
36,3000,365,0.36,2.77258872223978,5.90263333340137,-1.64311592170083,2.31884006995969,1.45295945257192,0,"Thetford Reef (16-068)","Thetford Reef (16-068)__THE_16-068_15","Thetford Reef (16-068)__THEDNA1__2021-05-15",0.0156872880721667,0.00948271227051461,0.0259515421367719
36,5000,30,0.36,3.25809653802148,3.43398720448515,-1.64311592170083,3.10650534344092,-0.239658678703541,0,"Thetford Reef (16-068)","Thetford Reef (16-068)__THE_16-068_15","Thetford Reef (16-068)__THEDNA1__2021-05-15",0.0431450888713139,0.0224857954279387,0.0827855389718903
36,5000,90,0.36,3.25809653802148,4.51085950651685,-1.64311592170083,3.10650534344092,0.498694851248286,0,"Thetford Reef (16-068)","Thetford Reef (16-068)__THE_16-068_15","Thetford Reef (16-068)__THEDNA1__2021-05-15",0.0274423979557645,0.0145079191568909,0.0519085609327271
36,5000,183,0.36,3.25809653802148,5.21493575760899,-1.64311592170083,3.10650534344092,0.981442141125023,0,"Thetford Reef (16-068)","Thetford Reef (16-068)__THE_16-068_15","Thetford Reef (16-068)__THEDNA1__2021-05-15",0.0199936107737889,0.0105582191293562,0.0378609751205403
36,5000,270,0.36,3.25809653802148,5.6021188208797,-1.64311592170083,3.10650534344092,1.24691278324678,0,"Thetford Reef (16-068)","Thetford Reef (16-068)__THE_16-068_15","Thetford Reef (16-068)__THEDNA1__2021-05-15",0.0197929130703552,0.0104894115463732,0.0373480825000228
36,5000,365,0.36,3.25809653802148,5.90263333340137,-1.64311592170083,3.10650534344092,1.45295945257192,0,"Thetford Reef (16-068)","Thetford Reef (16-068)__THE_16-068_15","Thetford Reef (16-068)__THEDNA1__2021-05-15",0.0207222719112403,0.0106633593616015,0.0402699129422274
38,200,30,0.38,0.693147180559945,3.43398720448515,-1.56929032558876,-1.05474906161454,-0.239658678703541,0,"Thetford Reef (16-068)","Thetford Reef (16-068)__THE_16-068_15","Thetford Reef (16-068)__THEDNA1__2021-05-15",0.034868313842143,0.0220346364160874,0.0551767357189759
38,200,90,0.38,0.693147180559945,4.51085950651685,-1.56929032558876,-1.05474906161454,0.498694851248286,0,"Thetford Reef (16-068)","Thetford Reef (16-068)__THE_16-068_15","Thetford Reef (16-068)__THEDNA1__2021-05-15",0.0224120764161594,0.0143871086188199,0.0349132812291905
38,200,183,0.38,0.693147180559945,5.21493575760899,-1.56929032558876,-1.05474906161454,0.981442141125023,0,"Thetford Reef (16-068)","Thetford Reef (16-068)__THE_16-068_15","Thetford Reef (16-068)__THEDNA1__2021-05-15",0.0163983450860959,0.0104951591747873,0.0256218812010667
38,200,270,0.38,0.693147180559945,5.6021188208797,-1.56929032558876,-1.05474906161454,1.24691278324678,0,"Thetford Reef (16-068)","Thetford Reef (16-068)__THE_16-068_15","Thetford Reef (16-068)__THEDNA1__2021-05-15",0.0161324904108549,0.0103297545047949,0.0251949111409683
38,200,365,0.38,0.693147180559945,5.90263333340137,-1.56929032558876,-1.05474906161454,1.45295945257192,0,"Thetford Reef (16-068)","Thetford Reef (16-068)__THE_16-068_15","Thetford Reef (16-068)__THEDNA1__2021-05-15",0.0167624395711792,0.0102863192699995,0.0273158330985236
38,500,30,0.38,1.25276296849537,3.43398720448515,-1.56929032558876,-0.146854464822377,-0.239658678703541,0,"Thetford Reef (16-068)","Thetford Reef (16-068)__THE_16-068_15","Thetford Reef (16-068)__THEDNA1__2021-05-15",0.0296520684050559,0.0188152491963011,0.0467304552559933
38,500,90,0.38,1.25276296849537,4.51085950651685,-1.56929032558876,-0.146854464822377,0.498694851248286,0,"Thetford Reef (16-068)","Thetford Reef (16-068)__THE_16-068_15","Thetford Reef (16-068)__THEDNA1__2021-05-15",0.0190592646951596,0.0122199731322398,0.0297263804747477
38,500,183,0.38,1.25276296849537,5.21493575760899,-1.56929032558876,-0.146854464822377,0.981442141125023,0,"Thetford Reef (16-068)","Thetford Reef (16-068)__THE_16-068_15","Thetford Reef (16-068)__THEDNA1__2021-05-15",0.0139451782046007,0.00888344702699952,0.0218910513640731
38,500,270,0.38,1.25276296849537,5.6021188208797,-1.56929032558876,-0.146854464822377,1.24691278324678,0,"Thetford Reef (16-068)","Thetford Reef (16-068)__THE_16-068_15","Thetford Reef (16-068)__THEDNA1__2021-05-15",0.013719094974659,0.00874518545845091,0.0215219640358609
38,500,365,0.38,1.25276296849537,5.90263333340137,-1.56929032558876,-0.146854464822377,1.45295945257192,0,"Thetford Reef (16-068)","Thetford Reef (16-068)__THE_16-068_15","Thetford Reef (16-068)__THEDNA1__2021-05-15",0.0142548047218584,0.00871849000162317,0.0233067260065087
38,1000,30,0.38,1.79175946922805,3.43398720448515,-1.56929032558876,0.727588360513993,-0.239658678703541,0,"Thetford Reef (16-068)","Thetford Reef (16-068)__THE_16-068_15","Thetford Reef (16-068)__THEDNA1__2021-05-15",0.026531916020028,0.017000465550336,0.041407252384327
38,1000,90,0.38,1.79175946922805,4.51085950651685,-1.56929032558876,0.727588360513993,0.498694851248286,0,"Thetford Reef (16-068)","Thetford Reef (16-068)__THE_16-068_15","Thetford Reef (16-068)__THEDNA1__2021-05-15",0.0170537448985932,0.0110347230477989,0.0263559143085432
38,1000,183,0.38,1.79175946922805,5.21493575760899,-1.56929032558876,0.727588360513993,0.981442141125023,0,"Thetford Reef (16-068)","Thetford Reef (16-068)__THE_16-068_15","Thetford Reef (16-068)__THEDNA1__2021-05-15",0.0124777904851219,0.00800717238072553,0.0194444740274833
38,1000,270,0.38,1.79175946922805,5.6021188208797,-1.56929032558876,0.727588360513993,1.24691278324678,0,"Thetford Reef (16-068)","Thetford Reef (16-068)__THE_16-068_15","Thetford Reef (16-068)__THEDNA1__2021-05-15",0.0122754969658838,0.00788922767787205,0.0191004534172687
38,1000,365,0.38,1.79175946922805,5.90263333340137,-1.56929032558876,0.727588360513993,1.45295945257192,0,"Thetford Reef (16-068)","Thetford Reef (16-068)__THE_16-068_15","Thetford Reef (16-068)__THEDNA1__2021-05-15",0.012754836411269,0.00786864777539586,0.0206751981435654
38,2000,30,0.38,2.39789527279837,3.43398720448515,-1.56929032558876,1.71095486454706,-0.239658678703541,0,"Thetford Reef (16-068)","Thetford Reef (16-068)__THE_16-068_15","Thetford Reef (16-068)__THEDNA1__2021-05-15",0.0285299216746899,0.0181203898327622,0.0449193664306429
38,2000,90,0.38,2.39789527279837,4.51085950651685,-1.56929032558876,1.71095486454706,0.498694851248286,0,"Thetford Reef (16-068)","Thetford Reef (16-068)__THE_16-068_15","Thetford Reef (16-068)__THEDNA1__2021-05-15",0.018337989832688,0.0117912400676025,0.0285196356935971
38,2000,183,0.38,2.39789527279837,5.21493575760899,-1.56929032558876,1.71095486454706,0.981442141125023,0,"Thetford Reef (16-068)","Thetford Reef (16-068)__THE_16-068_15","Thetford Reef (16-068)__THEDNA1__2021-05-15",0.0134174397712172,0.00856635694733864,0.0210156652496452
38,2000,270,0.38,2.39789527279837,5.6021188208797,-1.56929032558876,1.71095486454706,1.24691278324678,0,"Thetford Reef (16-068)","Thetford Reef (16-068)__THE_16-068_15","Thetford Reef (16-068)__THEDNA1__2021-05-15",0.0131999123881664,0.00845064607486687,0.0206182681787455
38,2000,365,0.38,2.39789527279837,5.90263333340137,-1.56929032558876,1.71095486454706,1.45295945257192,0,"Thetford Reef (16-068)","Thetford Reef (16-068)__THE_16-068_15","Thetford Reef (16-068)__THEDNA1__2021-05-15",0.013715348846736,0.00844068756182807,0.0222861932288988
38,3000,30,0.38,2.77258872223978,3.43398720448515,-1.56929032558876,2.31884006995969,-0.239658678703541,0,"Thetford Reef (16-068)","Thetford Reef (16-068)__THE_16-068_15","Thetford Reef (16-068)__THEDNA1__2021-05-15",0.0333340136963928,0.0208292517179621,0.053345961926856
38,3000,90,0.38,2.77258872223978,4.51085950651685,-1.56929032558876,2.31884006995969,0.498694851248286,0,"Thetford Reef (16-068)","Thetford Reef (16-068)__THE_16-068_15","Thetford Reef (16-068)__THEDNA1__2021-05-15",0.0214258844176718,0.0135847856843875,0.0337928425037299
38,3000,183,0.38,2.77258872223978,5.21493575760899,-1.56929032558876,2.31884006995969,0.981442141125023,0,"Thetford Reef (16-068)","Thetford Reef (16-068)__THE_16-068_15","Thetford Reef (16-068)__THEDNA1__2021-05-15",0.0156767735363627,0.00989140957923336,0.0248459258047881
38,3000,270,0.38,2.77258872223978,5.6021188208797,-1.56929032558876,2.31884006995969,1.24691278324678,0,"Thetford Reef (16-068)","Thetford Reef (16-068)__THE_16-068_15","Thetford Reef (16-068)__THEDNA1__2021-05-15",0.0154226171861057,0.00976491747380367,0.024358333954922
38,3000,365,0.38,2.77258872223978,5.90263333340137,-1.56929032558876,2.31884006995969,1.45295945257192,0,"Thetford Reef (16-068)","Thetford Reef (16-068)__THE_16-068_15","Thetford Reef (16-068)__THEDNA1__2021-05-15",0.0160248468790398,0.00976661733117855,0.0262932096947104
38,5000,30,0.38,3.25809653802148,3.43398720448515,-1.56929032558876,3.10650534344092,-0.239658678703541,0,"Thetford Reef (16-068)","Thetford Reef (16-068)__THE_16-068_15","Thetford Reef (16-068)__THEDNA1__2021-05-15",0.0433635747277349,0.0229182891299751,0.0820479924353713
38,5000,90,0.38,3.25809653802148,4.51085950651685,-1.56929032558876,3.10650534344092,0.498694851248286,0,"Thetford Reef (16-068)","Thetford Reef (16-068)__THE_16-068_15","Thetford Reef (16-068)__THEDNA1__2021-05-15",0.0278725192986305,0.0149336807723609,0.0520218252884023
38,5000,183,0.38,3.25809653802148,5.21493575760899,-1.56929032558876,3.10650534344092,0.981442141125023,0,"Thetford Reef (16-068)","Thetford Reef (16-068)__THE_16-068_15","Thetford Reef (16-068)__THEDNA1__2021-05-15",0.0203936119702083,0.0109147810887455,0.038104237346571
38,5000,270,0.38,3.25809653802148,5.6021188208797,-1.56929032558876,3.10650534344092,1.24691278324678,0,"Thetford Reef (16-068)","Thetford Reef (16-068)__THE_16-068_15","Thetford Reef (16-068)__THEDNA1__2021-05-15",0.020062984881995,0.0107736691622601,0.0373617712139509
38,5000,365,0.38,3.25809653802148,5.90263333340137,-1.56929032558876,3.10650534344092,1.45295945257192,0,"Thetford Reef (16-068)","Thetford Reef (16-068)__THE_16-068_15","Thetford Reef (16-068)__THEDNA1__2021-05-15",0.0208464138602951,0.0108834969489787,0.0399295348610803
40,200,30,0.4,0.693147180559945,3.43398720448515,-1.4954647294767,-1.05474906161454,-0.239658678703541,0,"Thetford Reef (16-068)","Thetford Reef (16-068)__THE_16-068_15","Thetford Reef (16-068)__THEDNA1__2021-05-15",0.03545495454013,0.0225533453395952,0.0557369109777152
40,200,90,0.4,0.693147180559945,4.51085950651685,-1.4954647294767,-1.05474906161454,0.498694851248286,0,"Thetford Reef (16-068)","Thetford Reef (16-068)__THE_16-068_15","Thetford Reef (16-068)__THEDNA1__2021-05-15",0.0230297137179814,0.0148688433812369,0.0356697357241289
40,200,183,0.4,0.693147180559945,5.21493575760899,-1.4954647294767,-1.05474906161454,0.981442141125023,0,"Thetford Reef (16-068)","Thetford Reef (16-068)__THE_16-068_15","Thetford Reef (16-068)__THEDNA1__2021-05-15",0.0169221374310829,0.0108947204508898,0.0262841746630652
40,200,270,0.4,0.693147180559945,5.6021188208797,-1.4954647294767,-1.05474906161454,1.24691278324678,0,"Thetford Reef (16-068)","Thetford Reef (16-068)__THE_16-068_15","Thetford Reef (16-068)__THEDNA1__2021-05-15",0.0165439619331476,0.0106551919273017,0.0256872591608727
40,200,365,0.4,0.693147180559945,5.90263333340137,-1.4954647294767,-1.05474906161454,1.45295945257192,0,"Thetford Reef (16-068)","Thetford Reef (16-068)__THE_16-068_15","Thetford Reef (16-068)__THEDNA1__2021-05-15",0.0170601753425965,0.0105534219974411,0.0275786927492058
40,500,30,0.4,1.25276296849537,3.43398720448515,-1.4954647294767,-0.146854464822377,-0.239658678703541,0,"Thetford Reef (16-068)","Thetford Reef (16-068)__THE_16-068_15","Thetford Reef (16-068)__THEDNA1__2021-05-15",0.030336751861063,0.0193673472901813,0.0475190793912331
40,500,90,0.4,1.25276296849537,4.51085950651685,-1.4954647294767,-0.146854464822377,0.498694851248286,0,"Thetford Reef (16-068)","Thetford Reef (16-068)__THE_16-068_15","Thetford Reef (16-068)__THEDNA1__2021-05-15",0.019705192674918,0.0127042564771922,0.0305641356542781
40,500,183,0.4,1.25276296849537,5.21493575760899,-1.4954647294767,-0.146854464822377,0.981442141125023,0,"Thetford Reef (16-068)","Thetford Reef (16-068)__THE_16-068_15","Thetford Reef (16-068)__THEDNA1__2021-05-15",0.0144792932571529,0.00927834111361424,0.0225956268108112
40,500,270,0.4,1.25276296849537,5.6021188208797,-1.4954647294767,-0.146854464822377,1.24691278324678,0,"Thetford Reef (16-068)","Thetford Reef (16-068)__THE_16-068_15","Thetford Reef (16-068)__THEDNA1__2021-05-15",0.014155710378833,0.0090762878655726,0.0220777634311798
40,500,365,0.4,1.25276296849537,5.90263333340137,-1.4954647294767,-0.146854464822377,1.45295945257192,0,"Thetford Reef (16-068)","Thetford Reef (16-068)__THE_16-068_15","Thetford Reef (16-068)__THEDNA1__2021-05-15",0.0145974043060408,0.00899972874351636,0.0236767372158333
40,1000,30,0.4,1.79175946922805,3.43398720448515,-1.4954647294767,0.727588360513993,-0.239658678703541,0,"Thetford Reef (16-068)","Thetford Reef (16-068)__THE_16-068_15","Thetford Reef (16-068)__THEDNA1__2021-05-15",0.0273662222683339,0.0176308377405805,0.0424772850989436
40,1000,90,0.4,1.79175946922805,4.51085950651685,-1.4954647294767,0.727588360513993,0.498694851248286,0,"Thetford Reef (16-068)","Thetford Reef (16-068)__THE_16-068_15","Thetford Reef (16-068)__THEDNA1__2021-05-15",0.0177756895349856,0.0115578193787927,0.027338646511813
40,1000,183,0.4,1.79175946922805,5.21493575760899,-1.4954647294767,0.727588360513993,0.981442141125023,0,"Thetford Reef (16-068)","Thetford Reef (16-068)__THE_16-068_15","Thetford Reef (16-068)__THEDNA1__2021-05-15",0.0130615024106193,0.00842647908375235,0.0202460414992977
40,1000,270,0.4,1.79175946922805,5.6021188208797,-1.4954647294767,0.727588360513993,1.24691278324678,0,"Thetford Reef (16-068)","Thetford Reef (16-068)__THE_16-068_15","Thetford Reef (16-068)__THEDNA1__2021-05-15",0.0127696042861634,0.00825002773691941,0.0197651206547446
40,1000,365,0.4,1.79175946922805,5.90263333340137,-1.4954647294767,0.727588360513993,1.45295945257192,0,"Thetford Reef (16-068)","Thetford Reef (16-068)__THE_16-068_15","Thetford Reef (16-068)__THEDNA1__2021-05-15",0.0131680482013821,0.00818467411440357,0.021185631951891
40,2000,30,0.4,2.39789527279837,3.43398720448515,-1.4954647294767,1.71095486454706,-0.239658678703541,0,"Thetford Reef (16-068)","Thetford Reef (16-068)__THE_16-068_15","Thetford Reef (16-068)__THEDNA1__2021-05-15",0.0293693661072157,0.0187632342557459,0.045970734777536
40,2000,90,0.4,2.39789527279837,4.51085950651685,-1.4954647294767,1.71095486454706,0.498694851248286,0,"Thetford Reef (16-068)","Thetford Reef (16-068)__THE_16-068_15","Thetford Reef (16-068)__THEDNA1__2021-05-15",0.0190768286774197,0.0123291946685368,0.0295173693149915
40,2000,183,0.4,2.39789527279837,5.21493575760899,-1.4954647294767,1.71095486454706,0.981442141125023,0,"Thetford Reef (16-068)","Thetford Reef (16-068)__THE_16-068_15","Thetford Reef (16-068)__THEDNA1__2021-05-15",0.0140175740168435,0.00899883327209457,0.0218353174657662
40,2000,270,0.4,2.39789527279837,5.6021188208797,-1.4954647294767,1.71095486454706,1.24691278324678,0,"Thetford Reef (16-068)","Thetford Reef (16-068)__THE_16-068_15","Thetford Reef (16-068)__THEDNA1__2021-05-15",0.0137043096283905,0.00882078792928951,0.0212915335791238
40,2000,365,0.4,2.39789527279837,5.90263333340137,-1.4954647294767,1.71095486454706,1.45295945257192,0,"Thetford Reef (16-068)","Thetford Reef (16-068)__THE_16-068_15","Thetford Reef (16-068)__THEDNA1__2021-05-15",0.0141319187117529,0.00876285499238831,0.0227906460450466
40,3000,30,0.4,2.77258872223978,3.43398720448515,-1.4954647294767,2.31884006995969,-0.239658678703541,0,"Thetford Reef (16-068)","Thetford Reef (16-068)__THE_16-068_15","Thetford Reef (16-068)__THEDNA1__2021-05-15",0.0340199246594492,0.0213978493151308,0.0540874578930796
40,3000,90,0.4,2.77258872223978,4.51085950651685,-1.4954647294767,2.31884006995969,0.498694851248286,0,"Thetford Reef (16-068)","Thetford Reef (16-068)__THE_16-068_15","Thetford Reef (16-068)__THEDNA1__2021-05-15",0.0220975921638155,0.0140912165061069,0.0346530464014018
40,3000,183,0.4,2.77258872223978,5.21493575760899,-1.4954647294767,2.31884006995969,0.981442141125023,0,"Thetford Reef (16-068)","Thetford Reef (16-068)__THE_16-068_15","Thetford Reef (16-068)__THEDNA1__2021-05-15",0.0162372184071111,0.0103064591219602,0.0255807798275225
40,3000,270,0.4,2.77258872223978,5.6021188208797,-1.4954647294767,2.31884006995969,1.24691278324678,0,"Thetford Reef (16-068)","Thetford Reef (16-068)__THE_16-068_15","Thetford Reef (16-068)__THEDNA1__2021-05-15",0.0158743494621447,0.0101091465335915,0.0249274229044899
40,3000,365,0.4,2.77258872223978,5.90263333340137,-1.4954647294767,2.31884006995969,1.45295945257192,0,"Thetford Reef (16-068)","Thetford Reef (16-068)__THE_16-068_15","Thetford Reef (16-068)__THEDNA1__2021-05-15",0.0163696692707703,0.0100550830352904,0.0266498119502266
40,5000,30,0.4,3.25809653802148,3.43398720448515,-1.4954647294767,3.10650534344092,-0.239658678703541,0,"Thetford Reef (16-068)","Thetford Reef (16-068)__THE_16-068_15","Thetford Reef (16-068)__THEDNA1__2021-05-15",0.0435831669921088,0.023345374628066,0.0813648303068336
40,5000,90,0.4,3.25809653802148,4.51085950651685,-1.4954647294767,3.10650534344092,0.498694851248286,0,"Thetford Reef (16-068)","Thetford Reef (16-068)__THE_16-068_15","Thetford Reef (16-068)__THEDNA1__2021-05-15",0.0283093821941074,0.0153628542150251,0.0521661605971788
40,5000,183,0.4,3.25809653802148,5.21493575760899,-1.4954647294767,3.10650534344092,0.981442141125023,0,"Thetford Reef (16-068)","Thetford Reef (16-068)__THE_16-068_15","Thetford Reef (16-068)__THEDNA1__2021-05-15",0.0208016157710069,0.0112766814463634,0.0383718579568589
40,5000,270,0.4,3.25809653802148,5.6021188208797,-1.4954647294767,3.10650534344092,1.24691278324678,0,"Thetford Reef (16-068)","Thetford Reef (16-068)__THE_16-068_15","Thetford Reef (16-068)__THEDNA1__2021-05-15",0.0203367417895671,0.0110590327569662,0.0373977612422755
40,5000,365,0.4,3.25809653802148,5.90263333340137,-1.4954647294767,3.10650534344092,1.45295945257192,0,"Thetford Reef (16-068)","Thetford Reef (16-068)__THE_16-068_15","Thetford Reef (16-068)__THEDNA1__2021-05-15",0.0209712995127229,0.0111015786554238,0.0396155733254627
42,200,30,0.42,0.693147180559945,3.43398720448515,-1.42163913336463,-1.05474906161454,-0.239658678703541,0,"Thetford Reef (16-068)","Thetford Reef (16-068)__THE_16-068_15","Thetford Reef (16-068)__THEDNA1__2021-05-15",0.0360514651535393,0.0230763846505526,0.0563220001485689
42,200,90,0.42,0.693147180559945,4.51085950651685,-1.42163913336463,-1.05474906161454,0.498694851248286,0,"Thetford Reef (16-068)","Thetford Reef (16-068)__THE_16-068_15","Thetford Reef (16-068)__THEDNA1__2021-05-15",0.0236643720146242,0.0153616390241156,0.0364546063064889
42,200,183,0.42,0.693147180559945,5.21493575760899,-1.42163913336463,-1.05474906161454,0.981442141125023,0,"Thetford Reef (16-068)","Thetford Reef (16-068)__THE_16-068_15","Thetford Reef (16-068)__THEDNA1__2021-05-15",0.0174626606363626,0.0113057120897794,0.0269726058897646
42,200,270,0.42,0.693147180559945,5.6021188208797,-1.42163913336463,-1.05474906161454,1.24691278324678,0,"Thetford Reef (16-068)","Thetford Reef (16-068)__THE_16-068_15","Thetford Reef (16-068)__THEDNA1__2021-05-15",0.0169659283517239,0.010987225418381,0.0261979447836106
42,200,365,0.42,0.693147180559945,5.90263333340137,-1.42163913336463,-1.05474906161454,1.45295945257192,0,"Thetford Reef (16-068)","Thetford Reef (16-068)__THE_16-068_15","Thetford Reef (16-068)__THEDNA1__2021-05-15",0.0173631995202273,0.0108235924234549,0.0278540327263163
42,500,30,0.42,1.25276296849537,3.43398720448515,-1.42163913336463,-0.146854464822377,-0.239658678703541,0,"Thetford Reef (16-068)","Thetford Reef (16-068)__THE_16-068_15","Thetford Reef (16-068)__THEDNA1__2021-05-15",0.0310372450551473,0.0199294193273758,0.0483361087841646
42,500,90,0.42,1.25276296849537,4.51085950651685,-1.42163913336463,-0.146854464822377,0.498694851248286,0,"Thetford Reef (16-068)","Thetford Reef (16-068)__THE_16-068_15","Thetford Reef (16-068)__THEDNA1__2021-05-15",0.0203730114758445,0.0132037504977358,0.0314349772563535
42,500,183,0.42,1.25276296849537,5.21493575760899,-1.42163913336463,-0.146854464822377,0.981442141125023,0,"Thetford Reef (16-068)","Thetford Reef (16-068)__THE_16-068_15","Thetford Reef (16-068)__THEDNA1__2021-05-15",0.0150338654802897,0.00968779429727897,0.0233300898371601
42,500,270,0.42,1.25276296849537,5.6021188208797,-1.42163913336463,-0.146854464822377,1.24691278324678,0,"Thetford Reef (16-068)","Thetford Reef (16-068)__THE_16-068_15","Thetford Reef (16-068)__THEDNA1__2021-05-15",0.014606221233947,0.00941702677610925,0.0226548892561554
42,500,365,0.42,1.25276296849537,5.90263333340137,-1.42163913336463,-0.146854464822377,1.45295945257192,0,"Thetford Reef (16-068)","Thetford Reef (16-068)__THE_16-068_15","Thetford Reef (16-068)__THEDNA1__2021-05-15",0.0149482379191961,0.00928692951025641,0.0240606776052424
42,1000,30,0.42,1.79175946922805,3.43398720448515,-1.42163913336463,0.727588360513993,-0.239658678703541,0,"Thetford Reef (16-068)","Thetford Reef (16-068)__THE_16-068_15","Thetford Reef (16-068)__THEDNA1__2021-05-15",0.0282267635957588,0.0182788990338499,0.0435885214757948
42,1000,90,0.42,1.79175946922805,4.51085950651685,-1.42163913336463,0.727588360513993,0.498694851248286,0,"Thetford Reef (16-068)","Thetford Reef (16-068)__THE_16-068_15","Thetford Reef (16-068)__THEDNA1__2021-05-15",0.0185281966115408,0.012102134819058,0.0283664059943626
42,1000,183,0.42,1.79175946922805,5.21493575760899,-1.42163913336463,0.727588360513993,0.981442141125023,0,"Thetford Reef (16-068)","Thetford Reef (16-068)__THE_16-068_15","Thetford Reef (16-068)__THEDNA1__2021-05-15",0.0136725204214669,0.00886506488732762,0.0210870215899551
42,1000,270,0.42,1.79175946922805,5.6021188208797,-1.42163913336463,0.727588360513993,1.24691278324678,0,"Thetford Reef (16-068)","Thetford Reef (16-068)__THE_16-068_15","Thetford Reef (16-068)__THEDNA1__2021-05-15",0.0132836001734503,0.00862473127329125,0.020459076112264
42,1000,365,0.42,1.79175946922805,5.90263333340137,-1.42163913336463,0.727588360513993,1.45295945257192,0,"Thetford Reef (16-068)","Thetford Reef (16-068)__THE_16-068_15","Thetford Reef (16-068)__THEDNA1__2021-05-15",0.0135946465985817,0.00851056450841405,0.0217158821788625
42,2000,30,0.42,2.39789527279837,3.43398720448515,-1.42163913336463,1.71095486454706,-0.239658678703541,0,"Thetford Reef (16-068)","Thetford Reef (16-068)__THE_16-068_15","Thetford Reef (16-068)__THEDNA1__2021-05-15",0.0302335097647636,0.0194224869479615,0.0470622075919062
42,2000,90,0.42,2.39789527279837,4.51085950651685,-1.42163913336463,1.71095486454706,0.498694851248286,0,"Thetford Reef (16-068)","Thetford Reef (16-068)__THE_16-068_15","Thetford Reef (16-068)__THEDNA1__2021-05-15",0.0198454353889387,0.0128876613172943,0.0305595636074046
42,2000,183,0.42,2.39789527279837,5.21493575760899,-1.42163913336463,1.71095486454706,0.981442141125023,0,"Thetford Reef (16-068)","Thetford Reef (16-068)__THE_16-068_15","Thetford Reef (16-068)__THEDNA1__2021-05-15",0.0146445510222596,0.00945014965646643,0.0226941246900587
42,2000,270,0.42,2.39789527279837,5.6021188208797,-1.42163913336463,1.71095486454706,1.24691278324678,0,"Thetford Reef (16-068)","Thetford Reef (16-068)__THE_16-068_15","Thetford Reef (16-068)__THEDNA1__2021-05-15",0.0142279809795682,0.00920423803911722,0.021993720924494
42,2000,365,0.42,2.39789527279837,5.90263333340137,-1.42163913336463,1.71095486454706,1.45295945257192,0,"Thetford Reef (16-068)","Thetford Reef (16-068)__THE_16-068_15","Thetford Reef (16-068)__THEDNA1__2021-05-15",0.0145611408581211,0.00909417711996243,0.0233145693440068
42,3000,30,0.42,2.77258872223978,3.43398720448515,-1.42163913336463,2.31884006995969,-0.239658678703541,0,"Thetford Reef (16-068)","Thetford Reef (16-068)__THE_16-068_15","Thetford Reef (16-068)__THEDNA1__2021-05-15",0.0347199495499051,0.0219732185484845,0.0548610980265835
42,3000,90,0.42,2.77258872223978,4.51085950651685,-1.42163913336463,2.31884006995969,0.498694851248286,0,"Thetford Reef (16-068)","Thetford Reef (16-068)__THE_16-068_15","Thetford Reef (16-068)__THEDNA1__2021-05-15",0.0227903581443562,0.0146108859359302,0.0355488658679312
42,3000,183,0.42,2.77258872223978,5.21493575760899,-1.42163913336463,2.31884006995969,0.981442141125023,0,"Thetford Reef (16-068)","Thetford Reef (16-068)__THE_16-068_15","Thetford Reef (16-068)__THEDNA1__2021-05-15",0.0168176991897401,0.0107347454957168,0.0263476210171389
42,3000,270,0.42,2.77258872223978,5.6021188208797,-1.42163913336463,2.31884006995969,1.24691278324678,0,"Thetford Reef (16-068)","Thetford Reef (16-068)__THE_16-068_15","Thetford Reef (16-068)__THEDNA1__2021-05-15",0.0163393130883983,0.0104614508188499,0.0255197062839179
42,3000,365,0.42,2.77258872223978,5.90263333340137,-1.42163913336463,2.31884006995969,1.45295945257192,0,"Thetford Reef (16-068)","Thetford Reef (16-068)__THE_16-068_15","Thetford Reef (16-068)__THEDNA1__2021-05-15",0.0167219115450581,0.0103478167296915,0.0270223500304575
42,5000,30,0.42,3.25809653802148,3.43398720448515,-1.42163913336463,3.10650534344092,-0.239658678703541,0,"Thetford Reef (16-068)","Thetford Reef (16-068)__THE_16-068_15","Thetford Reef (16-068)__THEDNA1__2021-05-15",0.0438038712672632,0.0237655252230906,0.0807379226836814
42,5000,90,0.42,3.25809653802148,4.51085950651685,-1.42163913336463,3.10650534344092,0.498694851248286,0,"Thetford Reef (16-068)","Thetford Reef (16-068)__THE_16-068_15","Thetford Reef (16-068)__THEDNA1__2021-05-15",0.0287530923066371,0.0157944255408039,0.0523438041515448
42,5000,183,0.42,3.25809653802148,5.21493575760899,-1.42163913336463,3.10650534344092,0.981442141125023,0,"Thetford Reef (16-068)","Thetford Reef (16-068)__THE_16-068_15","Thetford Reef (16-068)__THEDNA1__2021-05-15",0.0212177822798982,0.0116432169978561,0.0386657987186922
42,5000,270,0.42,3.25809653802148,5.6021188208797,-1.42163913336463,3.10650534344092,1.24691278324678,0,"Thetford Reef (16-068)","Thetford Reef (16-068)__THE_16-068_15","Thetford Reef (16-068)__THEDNA1__2021-05-15",0.0206142340757423,0.0113447589615717,0.0374575297693785
42,5000,365,0.42,3.25809653802148,5.90263333340137,-1.42163913336463,3.10650534344092,1.45295945257192,0,"Thetford Reef (16-068)","Thetford Reef (16-068)__THE_16-068_15","Thetford Reef (16-068)__THEDNA1__2021-05-15",0.0210969333238645,0.0113168522226414,0.0393290101271377
44,200,30,0.44,0.693147180559945,3.43398720448515,-1.34781353725256,-1.05474906161454,-0.239658678703541,0,"Thetford Reef (16-068)","Thetford Reef (16-068)__THE_16-068_15","Thetford Reef (16-068)__THEDNA1__2021-05-15",0.0366580117384094,0.0236031507496956,0.0569334932807941
44,200,90,0.44,0.693147180559945,4.51085950651685,-1.34781353725256,-1.05474906161454,0.498694851248286,0,"Thetford Reef (16-068)","Thetford Reef (16-068)__THE_16-068_15","Thetford Reef (16-068)__THEDNA1__2021-05-15",0.0243165203746883,0.0158653322679893,0.0372695102217085
44,200,183,0.44,0.693147180559945,5.21493575760899,-1.34781353725256,-1.05474906161454,0.981442141125023,0,"Thetford Reef (16-068)","Thetford Reef (16-068)__THE_16-068_15","Thetford Reef (16-068)__THEDNA1__2021-05-15",0.018020449115408,0.0117281322106465,0.0276886873790713
44,200,270,0.44,0.693147180559945,5.6021188208797,-1.34781353725256,-1.05474906161454,1.24691278324678,0,"Thetford Reef (16-068)","Thetford Reef (16-068)__THE_16-068_15","Thetford Reef (16-068)__THEDNA1__2021-05-15",0.0173986573469506,0.0113256912859507,0.0267280177283402
44,200,365,0.44,0.693147180559945,5.90263333340137,-1.34781353725256,-1.05474906161454,1.45295945257192,0,"Thetford Reef (16-068)","Thetford Reef (16-068)__THE_16-068_15","Thetford Reef (16-068)__THEDNA1__2021-05-15",0.0176716060371592,0.0110965174589285,0.0281426727879648
44,500,30,0.44,1.25276296849537,3.43398720448515,-1.34781353725256,-0.146854464822377,-0.239658678703541,0,"Thetford Reef (16-068)","Thetford Reef (16-068)__THE_16-068_15","Thetford Reef (16-068)__THEDNA1__2021-05-15",0.0317539130433298,0.0205011447578579,0.0491831556468023
44,500,90,0.44,1.25276296849537,4.51085950651685,-1.34781353725256,-0.146854464822377,0.498694851248286,0,"Thetford Reef (16-068)","Thetford Reef (16-068)__THE_16-068_15","Thetford Reef (16-068)__THEDNA1__2021-05-15",0.0210634629887789,0.0137185946489143,0.0323407378404296
44,500,183,0.44,1.25276296849537,5.21493575760899,-1.34781353725256,-0.146854464822377,0.981442141125023,0,"Thetford Reef (16-068)","Thetford Reef (16-068)__THE_16-068_15","Thetford Reef (16-068)__THEDNA1__2021-05-15",0.015609678405249,0.0101120694787232,0.0240961615649483
44,500,270,0.44,1.25276296849537,5.6021188208797,-1.34781353725256,-0.146854464822377,1.24691278324678,0,"Thetford Reef (16-068)","Thetford Reef (16-068)__THE_16-068_15","Thetford Reef (16-068)__THEDNA1__2021-05-15",0.0150710697680008,0.00976743536480604,0.0232545325838927
44,500,365,0.44,1.25276296849537,5.90263333340137,-1.34781353725256,-0.146854464822377,1.45295945257192,0,"Thetford Reef (16-068)","Thetford Reef (16-068)__THE_16-068_15","Thetford Reef (16-068)__THEDNA1__2021-05-15",0.0153075034577498,0.00957992983524517,0.024459434060461
44,1000,30,0.44,1.79175946922805,3.43398720448515,-1.34781353725256,0.727588360513993,-0.239658678703541,0,"Thetford Reef (16-068)","Thetford Reef (16-068)__THE_16-068_15","Thetford Reef (16-068)__THEDNA1__2021-05-15",0.029114364974401,0.0189446779775445,0.044743238648203
44,1000,90,0.44,1.79175946922805,4.51085950651685,-1.34781353725256,0.727588360513993,0.498694851248286,0,"Thetford Reef (16-068)","Thetford Reef (16-068)__THE_16-068_15","Thetford Reef (16-068)__THEDNA1__2021-05-15",0.0193125599431883,0.0126682179059316,0.02944178686606
44,1000,183,0.44,1.79175946922805,5.21493575760899,-1.34781353725256,0.727588360513993,0.981442141125023,0,"Thetford Reef (16-068)","Thetford Reef (16-068)__THE_16-068_15","Thetford Reef (16-068)__THEDNA1__2021-05-15",0.0143121218982777,0.00932356241168187,0.021969803406315
44,1000,270,0.44,1.79175946922805,5.6021188208797,-1.34781353725256,0.727588360513993,1.24691278324678,0,"Thetford Reef (16-068)","Thetford Reef (16-068)__THE_16-068_15","Thetford Reef (16-068)__THEDNA1__2021-05-15",0.0138182851726492,0.00901364463012948,0.0211839952591868
44,1000,365,0.44,1.79175946922805,5.90263333340137,-1.34781353725256,0.727588360513993,1.45295945257192,0,"Thetford Reef (16-068)","Thetford Reef (16-068)__THE_16-068_15","Thetford Reef (16-068)__THEDNA1__2021-05-15",0.0140350652818032,0.00884635401738552,0.0222671461120988
44,2000,30,0.44,2.39789527279837,3.43398720448515,-1.34781353725256,1.71095486454706,-0.239658678703541,0,"Thetford Reef (16-068)","Thetford Reef (16-068)__THE_16-068_15","Thetford Reef (16-068)__THEDNA1__2021-05-15",0.0311230793800305,0.0200980313908472,0.0481960671300776
44,2000,90,0.44,2.39789527279837,4.51085950651685,-1.34781353725256,1.71095486454706,0.498694851248286,0,"Thetford Reef (16-068)","Thetford Reef (16-068)__THE_16-068_15","Thetford Reef (16-068)__THEDNA1__2021-05-15",0.0206450093166016,0.0134670699758285,0.0316487855522815
44,2000,183,0.44,2.39789527279837,5.21493575760899,-1.34781353725256,1.71095486454706,0.981442141125023,0,"Thetford Reef (16-068)","Thetford Reef (16-068)__THE_16-068_15","Thetford Reef (16-068)__THEDNA1__2021-05-15",0.015299571408424,0.00992084525025171,0.023594449805124
44,2000,270,0.44,2.39789527279837,5.6021188208797,-1.34781353725256,1.71095486454706,1.24691278324678,0,"Thetford Reef (16-068)","Thetford Reef (16-068)__THE_16-068_15","Thetford Reef (16-068)__THEDNA1__2021-05-15",0.0147716629472221,0.00960122120615146,0.0227264867188492
44,2000,365,0.44,2.39789527279837,5.90263333340137,-1.34781353725256,1.71095486454706,1.45295945257192,0,"Thetford Reef (16-068)","Thetford Reef (16-068)__THE_16-068_15","Thetford Reef (16-068)__THEDNA1__2021-05-15",0.0150033995676547,0.00943461531569408,0.0238591602364808
44,3000,30,0.44,2.77258872223978,3.43398720448515,-1.34781353725256,2.31884006995969,-0.239658678703541,0,"Thetford Reef (16-068)","Thetford Reef (16-068)__THE_16-068_15","Thetford Reef (16-068)__THEDNA1__2021-05-15",0.0354343787887586,0.0225547095804683,0.0556688702049407
44,3000,90,0.44,2.77258872223978,4.51085950651685,-1.34781353725256,2.31884006995969,0.498694851248286,0,"Thetford Reef (16-068)","Thetford Reef (16-068)__THE_16-068_15","Thetford Reef (16-068)__THEDNA1__2021-05-15",0.0235048425411044,0.0151436604452607,0.0364824359922183
44,3000,183,0.44,2.77258872223978,5.21493575760899,-1.34781353725256,2.31884006995969,0.981442141125023,0,"Thetford Reef (16-068)","Thetford Reef (16-068)__THE_16-068_15","Thetford Reef (16-068)__THEDNA1__2021-05-15",0.0174189321683768,0.0111763141451272,0.0271484135061469
44,3000,270,0.44,2.77258872223978,5.6021188208797,-1.34781353725256,2.31884006995969,1.24691278324678,0,"Thetford Reef (16-068)","Thetford Reef (16-068)__THE_16-068_15","Thetford Reef (16-068)__THEDNA1__2021-05-15",0.0168178956143903,0.0108216797855587,0.0261365720018786
44,3000,365,0.44,2.77258872223978,5.90263333340137,-1.34781353725256,2.31884006995969,1.45295945257192,0,"Thetford Reef (16-068)","Thetford Reef (16-068)__THE_16-068_15","Thetford Reef (16-068)__THEDNA1__2021-05-15",0.0170817333628139,0.0106444932087689,0.0274118841503792
44,5000,30,0.44,3.25809653802148,3.43398720448515,-1.34781353725256,3.10650534344092,-0.239658678703541,0,"Thetford Reef (16-068)","Thetford Reef (16-068)__THE_16-068_15","Thetford Reef (16-068)__THEDNA1__2021-05-15",0.044025693184398,0.02417711567834,0.0801692677552605
44,5000,90,0.44,3.25809653802148,4.51085950651685,-1.34781353725256,3.10650534344092,0.498694851248286,0,"Thetford Reef (16-068)","Thetford Reef (16-068)__THE_16-068_15","Thetford Reef (16-068)__THEDNA1__2021-05-15",0.0292037569568043,0.0162272786442136,0.0525571439975371
44,5000,183,0.44,3.25809653802148,5.21493575760899,-1.34781353725256,3.10650534344092,0.981442141125023,0,"Thetford Reef (16-068)","Thetford Reef (16-068)__THE_16-068_15","Thetford Reef (16-068)__THEDNA1__2021-05-15",0.0216422748037024,0.0120135960027601,0.0389881646237614
44,5000,270,0.44,3.25809653802148,5.6021188208797,-1.34781353725256,3.10650534344092,1.24691278324678,0,"Thetford Reef (16-068)","Thetford Reef (16-068)__THE_16-068_15","Thetford Reef (16-068)__THEDNA1__2021-05-15",0.0208955127092923,0.0116300387948019,0.0375426478868965
44,5000,365,0.44,3.25809653802148,5.90263333340137,-1.34781353725256,3.10650534344092,1.45295945257192,0,"Thetford Reef (16-068)","Thetford Reef (16-068)__THE_16-068_15","Thetford Reef (16-068)__THEDNA1__2021-05-15",0.0212233197757518,0.0115285121022505,0.0390708964269456
46,200,30,0.46,0.693147180559945,3.43398720448515,-1.2739879411405,-1.05474906161454,-0.239658678703541,0,"Thetford Reef (16-068)","Thetford Reef (16-068)__THE_16-068_15","Thetford Reef (16-068)__THEDNA1__2021-05-15",0.0372747631445829,0.0241330005677737,0.057572947200777
46,200,90,0.46,0.693147180559945,4.51085950651685,-1.2739879411405,-1.05474906161454,0.498694851248286,0,"Thetford Reef (16-068)","Thetford Reef (16-068)__THE_16-068_15","Thetford Reef (16-068)__THEDNA1__2021-05-15",0.024986640793477,0.0163797274179595,0.0381161543297542
46,200,183,0.46,0.693147180559945,5.21493575760899,-1.2739879411405,-1.05474906161454,0.981442141125023,0,"Thetford Reef (16-068)","Thetford Reef (16-068)__THE_16-068_15","Thetford Reef (16-068)__THEDNA1__2021-05-15",0.0185960543518096,0.0121619523998571,0.0284340232625411
46,200,270,0.46,0.693147180559945,5.6021188208797,-1.2739879411405,-1.05474906161454,1.24691278324678,0,"Thetford Reef (16-068)","Thetford Reef (16-068)__THE_16-068_15","Thetford Reef (16-068)__THEDNA1__2021-05-15",0.0178424234265872,0.0116704033020666,0.027278583738169
46,200,365,0.46,0.693147180559945,5.90263333340137,-1.2739879411405,-1.05474906161454,1.45295945257192,0,"Thetford Reef (16-068)","Thetford Reef (16-068)__THE_16-068_15","Thetford Reef (16-068)__THEDNA1__2021-05-15",0.0179854904949265,0.0113718557002399,0.0284454777540193
46,500,30,0.46,1.25276296849537,3.43398720448515,-1.2739879411405,-0.146854464822377,-0.239658678703541,0,"Thetford Reef (16-068)","Thetford Reef (16-068)__THE_16-068_15","Thetford Reef (16-068)__THEDNA1__2021-05-15",0.0324871293109865,0.021082164765073,0.050061916441203
46,500,90,0.46,1.25276296849537,4.51085950651685,-1.2739879411405,-0.146854464822377,0.498694851248286,0,"Thetford Reef (16-068)","Thetford Reef (16-068)__THE_16-068_15","Thetford Reef (16-068)__THEDNA1__2021-05-15",0.0217773142476112,0.0142489043634001,0.0332833601618786
46,500,183,0.46,1.25276296849537,5.21493575760899,-1.2739879411405,-0.146854464822377,0.981442141125023,0,"Thetford Reef (16-068)","Thetford Reef (16-068)__THE_16-068_15","Thetford Reef (16-068)__THEDNA1__2021-05-15",0.0162075455733424,0.010551412465762,0.0248956748079319
46,500,270,0.46,1.25276296849537,5.6021188208797,-1.2739879411405,-0.146854464822377,1.24691278324678,0,"Thetford Reef (16-068)","Thetford Reef (16-068)__THE_16-068_15","Thetford Reef (16-068)__THEDNA1__2021-05-15",0.0155507122830679,0.0101275274646349,0.0238779557355144
46,500,365,0.46,1.25276296849537,5.90263333340137,-1.2739879411405,-0.146854464822377,1.45295945257192,0,"Thetford Reef (16-068)","Thetford Reef (16-068)__THE_16-068_15","Thetford Reef (16-068)__THEDNA1__2021-05-15",0.0156754035743648,0.00987853877525618,0.0248739497621537
46,1000,30,0.46,1.79175946922805,3.43398720448515,-1.2739879411405,0.727588360513993,-0.239658678703541,0,"Thetford Reef (16-068)","Thetford Reef (16-068)__THE_16-068_15","Thetford Reef (16-068)__THEDNA1__2021-05-15",0.0300298773179221,0.0196281684934561,0.0459438450423993
46,1000,90,0.46,1.79175946922805,4.51085950651685,-1.2739879411405,0.727588360513993,0.498694851248286,0,"Thetford Reef (16-068)","Thetford Reef (16-068)__THE_16-068_15","Thetford Reef (16-068)__THEDNA1__2021-05-15",0.0201301281165659,0.0132566097047967,0.0305675483410161
46,1000,183,0.46,1.79175946922805,5.21493575760899,-1.2739879411405,0.727588360513993,0.981442141125023,0,"Thetford Reef (16-068)","Thetford Reef (16-068)__THE_16-068_15","Thetford Reef (16-068)__THEDNA1__2021-05-15",0.01498164397762,0.00980260529682801,0.0228969390764705
46,1000,270,0.46,1.79175946922805,5.6021188208797,-1.2739879411405,0.727588360513993,1.24691278324678,0,"Thetford Reef (16-068)","Thetford Reef (16-068)__THE_16-068_15","Thetford Reef (16-068)__THEDNA1__2021-05-15",0.014374492051808,0.00941706418043427,0.0219416601382833
46,1000,365,0.46,1.79175946922805,5.90263333340137,-1.2739879411405,0.727588360513993,1.45295945257192,0,"Thetford Reef (16-068)","Thetford Reef (16-068)__THE_16-068_15","Thetford Reef (16-068)__THEDNA1__2021-05-15",0.0144897519796525,0.00919205151159506,0.0228407023358174
46,2000,30,0.46,2.39789527279837,3.43398720448515,-1.2739879411405,1.71095486454706,-0.239658678703541,0,"Thetford Reef (16-068)","Thetford Reef (16-068)__THE_16-068_15","Thetford Reef (16-068)__THEDNA1__2021-05-15",0.0320388230685877,0.0207897085129672,0.0493747270665203
46,2000,90,0.46,2.39789527279837,4.51085950651685,-1.2739879411405,1.71095486454706,0.498694851248286,0,"Thetford Reef (16-068)","Thetford Reef (16-068)__THE_16-068_15","Thetford Reef (16-068)__THEDNA1__2021-05-15",0.021476798131631,0.0140678347753144,0.0327877648091386
46,2000,183,0.46,2.39789527279837,5.21493575760899,-1.2739879411405,1.71095486454706,0.981442141125023,0,"Thetford Reef (16-068)","Thetford Reef (16-068)__THE_16-068_15","Thetford Reef (16-068)__THEDNA1__2021-05-15",0.0159838894975796,0.0104114528161803,0.0245388158580318
46,2000,270,0.46,2.39789527279837,5.6021188208797,-1.2739879411405,1.71095486454706,1.24691278324678,0,"Thetford Reef (16-068)","Thetford Reef (16-068)__THE_16-068_15","Thetford Reef (16-068)__THEDNA1__2021-05-15",0.0153361201803459,0.0100119475727425,0.0234915914688101
46,2000,365,0.46,2.39789527279837,5.90263333340137,-1.2739879411405,1.71095486454706,1.45295945257192,0,"Thetford Reef (16-068)","Thetford Reef (16-068)__THE_16-068_15","Thetford Reef (16-068)__THEDNA1__2021-05-15",0.015459090793779,0.00978410169646015,0.0244256954378109
46,3000,30,0.46,2.77258872223978,3.43398720448515,-1.2739879411405,2.31884006995969,-0.239658678703541,0,"Thetford Reef (16-068)","Thetford Reef (16-068)__THE_16-068_15","Thetford Reef (16-068)__THEDNA1__2021-05-15",0.0361635087729745,0.0231416254645406,0.0565128568335406
46,3000,90,0.46,2.77258872223978,4.51085950651685,-1.2739879411405,2.31884006995969,0.498694851248286,0,"Thetford Reef (16-068)","Thetford Reef (16-068)__THE_16-068_15","Thetford Reef (16-068)__THEDNA1__2021-05-15",0.0242417262327632,0.0156893698407272,0.0374560161886654
46,3000,183,0.46,2.77258872223978,5.21493575760899,-1.2739879411405,2.31884006995969,0.981442141125023,0,"Thetford Reef (16-068)","Thetford Reef (16-068)__THE_16-068_15","Thetford Reef (16-068)__THEDNA1__2021-05-15",0.0180416592343152,0.0116311809749948,0.0279852466079694
46,3000,270,0.46,2.77258872223978,5.6021188208797,-1.2739879411405,2.31884006995969,1.24691278324678,0,"Thetford Reef (16-068)","Thetford Reef (16-068)__THE_16-068_15","Thetford Reef (16-068)__THEDNA1__2021-05-15",0.0173104959410663,0.0111896573820822,0.0267794856887667
46,3000,365,0.46,2.77258872223978,5.90263333340137,-1.2739879411405,2.31884006995969,1.45295945257192,0,"Thetford Reef (16-068)","Thetford Reef (16-068)__THE_16-068_15","Thetford Reef (16-068)__THEDNA1__2021-05-15",0.0174492978205295,0.0109447554141953,0.0278195339143559
46,5000,30,0.46,3.25809653802148,3.43398720448515,-1.2739879411405,3.10650534344092,-0.239658678703541,0,"Thetford Reef (16-068)","Thetford Reef (16-068)__THE_16-068_15","Thetford Reef (16-068)__THEDNA1__2021-05-15",0.0442486384032296,0.0245784312498029,0.0796609832678182
46,5000,90,0.46,3.25809653802148,4.51085950651685,-1.2739879411405,3.10650534344092,0.498694851248286,0,"Thetford Reef (16-068)","Thetford Reef (16-068)__THE_16-068_15","Thetford Reef (16-068)__THEDNA1__2021-05-15",0.0296614851472941,0.0166601980443874,0.0528087180475951
46,5000,183,0.46,3.25809653802148,5.21493575760899,-1.2739879411405,3.10650534344092,0.981442141125023,0,"Thetford Reef (16-068)","Thetford Reef (16-068)__THE_16-068_15","Thetford Reef (16-068)__THEDNA1__2021-05-15",0.0220752599164298,0.0123869385612383,0.0393412058975464
46,5000,270,0.46,3.25809653802148,5.6021188208797,-1.2739879411405,3.10650534344092,1.24691278324678,0,"Thetford Reef (16-068)","Thetford Reef (16-068)__THE_16-068_15","Thetford Reef (16-068)__THEDNA1__2021-05-15",0.0211806293544512,0.0119140007508098,0.0376547785444907
46,5000,365,0.46,3.25809653802148,5.90263333340137,-1.2739879411405,3.10650534344092,1.45295945257192,0,"Thetford Reef (16-068)","Thetford Reef (16-068)__THE_16-068_15","Thetford Reef (16-068)__THEDNA1__2021-05-15",0.0213504633772672,0.0117357033116828,0.0388423492242039
48,200,30,0.48,0.693147180559945,3.43398720448515,-1.20016234502843,-1.05474906161454,-0.239658678703541,0,"Thetford Reef (16-068)","Thetford Reef (16-068)__THE_16-068_15","Thetford Reef (16-068)__THEDNA1__2021-05-15",0.0379018910627105,0.0246652545724099,0.0582419833499905
48,200,90,0.48,0.693147180559945,4.51085950651685,-1.20016234502843,-1.05474906161454,0.498694851248286,0,"Thetford Reef (16-068)","Thetford Reef (16-068)__THE_16-068_15","Thetford Reef (16-068)__THEDNA1__2021-05-15",0.025675228549235,0.0169045971502107,0.0389963366294852
48,200,183,0.48,0.693147180559945,5.21493575760899,-1.20016234502843,-1.05474906161454,0.981442141125023,0,"Thetford Reef (16-068)","Thetford Reef (16-068)__THE_16-068_15","Thetford Reef (16-068)__THEDNA1__2021-05-15",0.0191900454445266,0.0126071177004754,0.0292103122150678
48,200,270,0.48,0.693147180559945,5.6021188208797,-1.20016234502843,-1.05474906161454,1.24691278324678,0,"Thetford Reef (16-068)","Thetford Reef (16-068)__THE_16-068_15","Thetford Reef (16-068)__THEDNA1__2021-05-15",0.0182975080999238,0.0120211534832057,0.0278508050940794
48,200,365,0.48,0.693147180559945,5.90263333340137,-1.20016234502843,-1.05474906161454,1.45295945257192,0,"Thetford Reef (16-068)","Thetford Reef (16-068)__THE_16-068_15","Thetford Reef (16-068)__THEDNA1__2021-05-15",0.0183049501931457,0.0116492382617098,0.0287633572295366
48,500,30,0.48,1.25276296849537,3.43398720448515,-1.20016234502843,-0.146854464822377,-0.239658678703541,0,"Thetford Reef (16-068)","Thetford Reef (16-068)__THE_16-068_15","Thetford Reef (16-068)__THEDNA1__2021-05-15",0.0332372759674877,0.021672083331008,0.0509741724810706
48,500,90,0.48,1.25276296849537,4.51085950651685,-1.20016234502843,-0.146854464822377,0.498694851248286,0,"Thetford Reef (16-068)","Thetford Reef (16-068)__THE_16-068_15","Thetford Reef (16-068)__THEDNA1__2021-05-15",0.0225153582813927,0.0147947706408183,0.0342649014876137
48,500,183,0.48,1.25276296849537,5.21493575760899,-1.20016234502843,-0.146854464822377,0.981442141125023,0,"Thetford Reef (16-068)","Thetford Reef (16-068)__THE_16-068_15","Thetford Reef (16-068)__THEDNA1__2021-05-15",0.0168283116853734,0.0110060510934624,0.0257305796398029
48,500,270,0.48,1.25276296849537,5.6021188208797,-1.20016234502843,-0.146854464822377,1.24691278324678,0,"Thetford Reef (16-068)","Thetford Reef (16-068)__THE_16-068_15","Thetford Reef (16-068)__THEDNA1__2021-05-15",0.0160456196032087,0.010497297339406,0.0245264947849372
48,500,365,0.48,1.25276296849537,5.90263333340137,-1.20016234502843,-0.146854464822377,1.45295945257192,0,"Thetford Reef (16-068)","Thetford Reef (16-068)__THE_16-068_15","Thetford Reef (16-068)__THEDNA1__2021-05-15",0.0160521457922525,0.0101825365263637,0.0253052256545892
48,1000,30,0.48,1.79175946922805,3.43398720448515,-1.20016234502843,0.727588360513993,-0.239658678703541,0,"Thetford Reef (16-068)","Thetford Reef (16-068)__THE_16-068_15","Thetford Reef (16-068)__THEDNA1__2021-05-15",0.0309741782972894,0.0203293299862146,0.0471928844601788
48,1000,90,0.48,1.79175946922805,4.51085950651685,-1.20016234502843,0.727588360513993,0.498694851248286,0,"Thetford Reef (16-068)","Thetford Reef (16-068)__THE_16-068_15","Thetford Reef (16-068)__THEDNA1__2021-05-15",0.0209823068086985,0.0138678432821239,0.0317466234696971
48,1000,183,0.48,1.79175946922805,5.21493575760899,-1.20016234502843,0.727588360513993,0.981442141125023,0,"Thetford Reef (16-068)","Thetford Reef (16-068)__THE_16-068_15","Thetford Reef (16-068)__THEDNA1__2021-05-15",0.0156824863474067,0.0103028274488757,0.0238711537446388
48,1000,270,0.48,1.79175946922805,5.6021188208797,-1.20016234502843,0.727588360513993,1.24691278324678,0,"Thetford Reef (16-068)","Thetford Reef (16-068)__THE_16-068_15","Thetford Reef (16-068)__THEDNA1__2021-05-15",0.0149530870991482,0.00983527580879814,0.022733964775517
48,1000,365,0.48,1.79175946922805,5.90263333340137,-1.20016234502843,0.727588360513993,1.45295945257192,0,"Thetford Reef (16-068)","Thetford Reef (16-068)__THE_16-068_15","Thetford Reef (16-068)__THEDNA1__2021-05-15",0.0149591689255663,0.00954763854245304,0.023437914406648
48,2000,30,0.48,2.39789527279837,3.43398720448515,-1.20016234502843,1.71095486454706,-0.239658678703541,0,"Thetford Reef (16-068)","Thetford Reef (16-068)__THE_16-068_15","Thetford Reef (16-068)__THEDNA1__2021-05-15",0.032981510958035,0.0214973171426112,0.0506007357968786
48,2000,90,0.48,2.39789527279837,4.51085950651685,-1.20016234502843,1.71095486454706,0.498694851248286,0,"Thetford Reef (16-068)","Thetford Reef (16-068)__THE_16-068_15","Thetford Reef (16-068)__THEDNA1__2021-05-15",0.0223420997740076,0.0146903534780031,0.0339794017250268
48,2000,183,0.48,2.39789527279837,5.21493575760899,-1.20016234502843,1.71095486454706,0.981442141125023,0,"Thetford Reef (16-068)","Thetford Reef (16-068)__THE_16-068_15","Thetford Reef (16-068)__THEDNA1__2021-05-15",0.0166988157152014,0.010922497861657,0.0255299153931769
48,2000,270,0.48,2.39789527279837,5.6021188208797,-1.20016234502843,1.71095486454706,1.24691278324678,0,"Thetford Reef (16-068)","Thetford Reef (16-068)__THE_16-068_15","Thetford Reef (16-068)__THEDNA1__2021-05-15",0.0159221465468275,0.0104366122207447,0.0242909044905151
48,2000,365,0.48,2.39789527279837,5.90263333340137,-1.20016234502843,1.71095486454706,1.45295945257192,0,"Thetford Reef (16-068)","Thetford Reef (16-068)__THE_16-068_15","Thetford Reef (16-068)__THEDNA1__2021-05-15",0.0159286225160277,0.0101425383049177,0.0250155343396718
48,3000,30,0.48,2.77258872223978,3.43398720448515,-1.20016234502843,2.31884006995969,-0.239658678703541,0,"Thetford Reef (16-068)","Thetford Reef (16-068)__THE_16-068_15","Thetford Reef (16-068)__THEDNA1__2021-05-15",0.0369076419984509,0.0237332262755734,0.0573952324083217
48,3000,90,0.48,2.77258872223978,4.51085950651685,-1.20016234502843,2.31884006995969,0.498694851248286,0,"Thetford Reef (16-068)","Thetford Reef (16-068)__THE_16-068_15","Thetford Reef (16-068)__THEDNA1__2021-05-15",0.0250017114437827,0.0162478085746468,0.0384719928380719
48,3000,183,0.48,2.77258872223978,5.21493575760899,-1.20016234502843,2.31884006995969,0.981442141125023,0,"Thetford Reef (16-068)","Thetford Reef (16-068)__THE_16-068_15","Thetford Reef (16-068)__THEDNA1__2021-05-15",0.0186866488014738,0.0120993325751735,0.0288603393005434
48,3000,270,0.48,2.77258872223978,5.6021188208797,-1.20016234502843,2.31884006995969,1.24691278324678,0,"Thetford Reef (16-068)","Thetford Reef (16-068)__THE_16-068_15","Thetford Reef (16-068)__THEDNA1__2021-05-15",0.0178175246532791,0.0115651832438728,0.0274499917619896
48,3000,365,0.48,2.77258872223978,5.90263333340137,-1.20016234502843,2.31884006995969,1.45295945257192,0,"Thetford Reef (16-068)","Thetford Reef (16-068)__THE_16-068_15","Thetford Reef (16-068)__THEDNA1__2021-05-15",0.0178247715242044,0.011248215792105,0.0282464779981455
48,5000,30,0.48,3.25809653802148,3.43398720448515,-1.20016234502843,3.10650534344092,-0.239658678703541,0,"Thetford Reef (16-068)","Thetford Reef (16-068)__THE_16-068_15","Thetford Reef (16-068)__THEDNA1__2021-05-15",0.044472712612135,0.0249676806863395,0.0792152940406547
48,5000,90,0.48,3.25809653802148,4.51085950651685,-1.20016234502843,3.10650534344092,0.498694851248286,0,"Thetford Reef (16-068)","Thetford Reef (16-068)__THE_16-068_15","Thetford Reef (16-068)__THEDNA1__2021-05-15",0.030126387589257,0.0170918746264423,0.0531012103127658
48,5000,183,0.48,3.25809653802148,5.21493575760899,-1.20016234502843,3.10650534344092,0.981442141125023,0,"Thetford Reef (16-068)","Thetford Reef (16-068)__THE_16-068_15","Thetford Reef (16-068)__THEDNA1__2021-05-15",0.0225169075246455,0.0127622792562265,0.0397273178477172
48,5000,270,0.48,3.25809653802148,5.6021188208797,-1.20016234502843,3.10650534344092,1.24691278324678,0,"Thetford Reef (16-068)","Thetford Reef (16-068)__THE_16-068_15","Thetford Reef (16-068)__THEDNA1__2021-05-15",0.0214696363804052,0.0121957159752529,0.0377956724510598
48,5000,365,0.48,3.25809653802148,5.90263333340137,-1.20016234502843,3.10650534344092,1.45295945257192,0,"Thetford Reef (16-068)","Thetford Reef (16-068)__THE_16-068_15","Thetford Reef (16-068)__THEDNA1__2021-05-15",0.0214783686643048,0.0119375272868549,0.0386445458422347
50,200,30,0.5,0.693147180559945,3.43398720448515,-1.12633674891636,-1.05474906161454,-0.239658678703541,0,"Thetford Reef (16-068)","Thetford Reef (16-068)__THE_16-068_15","Thetford Reef (16-068)__THEDNA1__2021-05-15",0.0385395700720461,0.025199200666185,0.0589422847579163
50,200,90,0.5,0.693147180559945,4.51085950651685,-1.12633674891636,-1.05474906161454,0.498694851248286,0,"Thetford Reef (16-068)","Thetford Reef (16-068)__THE_16-068_15","Thetford Reef (16-068)__THEDNA1__2021-05-15",0.0263827925692016,0.017439683874391,0.0399119473015003
50,200,183,0.5,0.693147180559945,5.21493575760899,-1.12633674891636,-1.05474906161454,0.981442141125023,0,"Thetford Reef (16-068)","Thetford Reef (16-068)__THE_16-068_15","Thetford Reef (16-068)__THEDNA1__2021-05-15",0.019803009670552,0.0130635470651821,0.030019350032212
50,200,270,0.5,0.693147180559945,5.6021188208797,-1.12633674891636,-1.05474906161454,1.24691278324678,0,"Thetford Reef (16-068)","Thetford Reef (16-068)__THE_16-068_15","Thetford Reef (16-068)__THEDNA1__2021-05-15",0.0187642000563605,0.0123777132821679,0.0284459007676621
50,200,365,0.5,0.693147180559945,5.90263333340137,-1.12633674891636,-1.05474906161454,1.45295945257192,0,"Thetford Reef (16-068)","Thetford Reef (16-068)__THE_16-068_15","Thetford Reef (16-068)__THEDNA1__2021-05-15",0.0186300841596767,0.0119282701837632,0.0290972647709708
50,500,30,0.5,1.25276296849537,3.43398720448515,-1.12633674891636,-0.146854464822377,-0.239658678703541,0,"Thetford Reef (16-068)","Thetford Reef (16-068)__THE_16-068_15","Thetford Reef (16-068)__THEDNA1__2021-05-15",0.0340047439453305,0.0222704689493248,0.0519217899460778
50,500,90,0.5,1.25276296849537,4.51085950651685,-1.12633674891636,-0.146854464822377,0.498694851248286,0,"Thetford Reef (16-068)","Thetford Reef (16-068)__THE_16-068_15","Thetford Reef (16-068)__THEDNA1__2021-05-15",0.0232784149953242,0.0153562600285136,0.0352875377004793
50,500,183,0.5,1.25276296849537,5.21493575760899,-1.12633674891636,-0.146854464822377,0.981442141125023,0,"Thetford Reef (16-068)","Thetford Reef (16-068)__THE_16-068_15","Thetford Reef (16-068)__THEDNA1__2021-05-15",0.017472853795078,0.0114761946483485,0.026602948895443
50,500,270,0.5,1.25276296849537,5.6021188208797,-1.12633674891636,-0.146854464822377,1.24691278324678,0,"Thetford Reef (16-068)","Thetford Reef (16-068)__THE_16-068_15","Thetford Reef (16-068)__THEDNA1__2021-05-15",0.0165562775366378,0.0108767197591495,0.0252015618623986
50,500,365,0.5,1.25276296849537,5.90263333340137,-1.12633674891636,-0.146854464822377,1.45295945257192,0,"Thetford Reef (16-068)","Thetford Reef (16-068)__THE_16-068_15","Thetford Reef (16-068)__THEDNA1__2021-05-15",0.0164379426222314,0.0104916744698801,0.0257543215267965
50,1000,30,0.5,1.79175946922805,3.43398720448515,-1.12633674891636,0.727588360513993,-0.239658678703541,0,"Thetford Reef (16-068)","Thetford Reef (16-068)__THE_16-068_15","Thetford Reef (16-068)__THEDNA1__2021-05-15",0.0319481731821693,0.0210480880227807,0.04849303977507
50,1000,90,0.5,1.79175946922805,4.51085950651685,-1.12633674891636,0.727588360513993,0.498694851248286,0,"Thetford Reef (16-068)","Thetford Reef (16-068)__THE_16-068_15","Thetford Reef (16-068)__THEDNA1__2021-05-15",0.0218705612038331,0.0145024434857007,0.0329821280008594
50,1000,183,0.5,1.79175946922805,5.21493575760899,-1.12633674891636,0.727588360513993,0.981442141125023,0,"Thetford Reef (16-068)","Thetford Reef (16-068)__THE_16-068_15","Thetford Reef (16-068)__THEDNA1__2021-05-15",0.01641611417305,0.0108248625136014,0.0248953558720955
50,1000,270,0.5,1.79175946922805,5.6021188208797,-1.12633674891636,0.727588360513993,1.24691278324678,0,"Thetford Reef (16-068)","Thetford Reef (16-068)__THE_16-068_15","Thetford Reef (16-068)__THEDNA1__2021-05-15",0.0155549714723024,0.0102685546312571,0.0235629206049734
50,1000,365,0.5,1.79175946922805,5.90263333340137,-1.12633674891636,0.727588360513993,1.45295945257192,0,"Thetford Reef (16-068)","Thetford Reef (16-068)__THE_16-068_15","Thetford Reef (16-068)__THEDNA1__2021-05-15",0.0154437933277168,0.00991306857009225,0.024060234292015
50,2000,30,0.5,2.39789527279837,3.43398720448515,-1.12633674891636,1.71095486454706,-0.239658678703541,0,"Thetford Reef (16-068)","Thetford Reef (16-068)__THE_16-068_15","Thetford Reef (16-068)__THEDNA1__2021-05-15",0.0339519358356671,0.0222206151802093,0.0518767791818803
50,2000,90,0.5,2.39789527279837,4.51085950651685,-1.12633674891636,1.71095486454706,0.498694851248286,0,"Thetford Reef (16-068)","Thetford Reef (16-068)__THE_16-068_15","Thetford Reef (16-068)__THEDNA1__2021-05-15",0.0232422644778012,0.0153350073290155,0.0352267753425808
50,2000,183,0.5,2.39789527279837,5.21493575760899,-1.12633674891636,1.71095486454706,0.981442141125023,0,"Thetford Reef (16-068)","Thetford Reef (16-068)__THE_16-068_15","Thetford Reef (16-068)__THEDNA1__2021-05-15",0.0174457190993771,0.0114544980576592,0.0265706199749942
50,2000,270,0.5,2.39789527279837,5.6021188208797,-1.12633674891636,1.71095486454706,1.24691278324678,0,"Thetford Reef (16-068)","Thetford Reef (16-068)__THE_16-068_15","Thetford Reef (16-068)__THEDNA1__2021-05-15",0.0165305662499663,0.0108753950634941,0.0251264086453084
50,2000,365,0.5,2.39789527279837,5.90263333340137,-1.12633674891636,1.71095486454706,1.45295945257192,0,"Thetford Reef (16-068)","Thetford Reef (16-068)__THE_16-068_15","Thetford Reef (16-068)__THEDNA1__2021-05-15",0.0164124151053053,0.010509796723597,0.0256301217495539
50,3000,30,0.5,2.77258872223978,3.43398720448515,-1.12633674891636,2.31884006995969,-0.239658678703541,0,"Thetford Reef (16-068)","Thetford Reef (16-068)__THE_16-068_15","Thetford Reef (16-068)__THEDNA1__2021-05-15",0.0376670871855164,0.0243287343803699,0.0583182599990111
50,3000,90,0.5,2.77258872223978,4.51085950651685,-1.12633674891636,2.31884006995969,0.498694851248286,0,"Thetford Reef (16-068)","Thetford Reef (16-068)__THE_16-068_15","Thetford Reef (16-068)__THEDNA1__2021-05-15",0.0257855224135548,0.0168187377998004,0.0395328813644879
50,3000,183,0.5,2.77258872223978,5.21493575760899,-1.12633674891636,2.31884006995969,0.981442141125023,0,"Thetford Reef (16-068)","Thetford Reef (16-068)__THE_16-068_15","Thetford Reef (16-068)__THEDNA1__2021-05-15",0.0193546967545792,0.0125807270488756,0.029776044341984
50,3000,270,0.5,2.77258872223978,5.6021188208797,-1.12633674891636,2.31884006995969,1.24691278324678,0,"Thetford Reef (16-068)","Thetford Reef (16-068)__THE_16-068_15","Thetford Reef (16-068)__THEDNA1__2021-05-15",0.0183394043620134,0.0119480344121315,0.028149714066101
50,3000,365,0.5,2.77258872223978,5.90263333340137,-1.12633674891636,2.31884006995969,1.45295945257192,0,"Thetford Reef (16-068)","Thetford Reef (16-068)__THE_16-068_15","Thetford Reef (16-068)__THEDNA1__2021-05-15",0.0182083246648629,0.011554458367249,0.0286939531532529
50,5000,30,0.5,3.25809653802148,3.43398720448515,-1.12633674891636,3.10650534344092,-0.239658678703541,0,"Thetford Reef (16-068)","Thetford Reef (16-068)__THE_16-068_15","Thetford Reef (16-068)__THEDNA1__2021-05-15",0.0446979215282972,0.0253430135956414,0.0788345151380665
50,5000,90,0.5,3.25809653802148,4.51085950651685,-1.12633674891636,3.10650534344092,0.498694851248286,0,"Thetford Reef (16-068)","Thetford Reef (16-068)__THE_16-068_15","Thetford Reef (16-068)__THEDNA1__2021-05-15",0.0305985767290866,0.0175209147436712,0.0534374438517256
50,5000,183,0.5,3.25809653802148,5.21493575760899,-1.12633674891636,3.10650534344092,0.981442141125023,0,"Thetford Reef (16-068)","Thetford Reef (16-068)__THE_16-068_15","Thetford Reef (16-068)__THEDNA1__2021-05-15",0.0229673909341421,0.0131385724339039,0.0401490381832124
50,5000,270,0.5,3.25809653802148,5.6021188208797,-1.12633674891636,3.10650534344092,1.24691278324678,0,"Thetford Reef (16-068)","Thetford Reef (16-068)__THE_16-068_15","Thetford Reef (16-068)__THEDNA1__2021-05-15",0.0217625868709112,0.0124742057669072,0.0379671616905981
50,5000,365,0.5,3.25809653802148,5.90263333340137,-1.12633674891636,3.10650534344092,1.45295945257192,0,"Thetford Reef (16-068)","Thetford Reef (16-068)__THE_16-068_15","Thetford Reef (16-068)__THEDNA1__2021-05-15",0.0216070401999321,0.012133049964794,0.0384787161971775
52,200,30,0.52,0.693147180559945,3.43398720448515,-1.0525111528043,-1.05474906161454,-0.239658678703541,0,"Thetford Reef (16-068)","Thetford Reef (16-068)__THE_16-068_15","Thetford Reef (16-068)__THEDNA1__2021-05-15",0.039187977689046,0.0257340989907269,0.059675592135965
52,200,90,0.52,0.693147180559945,4.51085950651685,-1.0525111528043,-1.05474906161454,0.498694851248286,0,"Thetford Reef (16-068)","Thetford Reef (16-068)__THE_16-068_15","Thetford Reef (16-068)__THEDNA1__2021-05-15",0.027109855805753,0.0179847016979965,0.0408649692472016
52,200,183,0.52,0.693147180559945,5.21493575760899,-1.0525111528043,-1.05474906161454,0.981442141125023,0,"Thetford Reef (16-068)","Thetford Reef (16-068)__THE_16-068_15","Thetford Reef (16-068)__THEDNA1__2021-05-15",0.0204355530655518,0.013531134310213,0.0308630318435152
52,200,270,0.52,0.693147180559945,5.6021188208797,-1.0525111528043,-1.05474906161454,1.24691278324678,0,"Thetford Reef (16-068)","Thetford Reef (16-068)__THE_16-068_15","Thetford Reef (16-068)__THEDNA1__2021-05-15",0.0192427953485419,0.0127398352057967,0.0290651462004297
52,200,365,0.52,0.693147180559945,5.90263333340137,-1.0525111528043,-1.05474906161454,1.45295945257192,0,"Thetford Reef (16-068)","Thetford Reef (16-068)__THE_16-068_15","Thetford Reef (16-068)__THEDNA1__2021-05-15",0.0189609931813198,0.0122085324682526,0.0294481964443278
52,500,30,0.52,1.25276296849537,3.43398720448515,-1.0525111528043,-0.146854464822377,-0.239658678703541,0,"Thetford Reef (16-068)","Thetford Reef (16-068)__THE_16-068_15","Thetford Reef (16-068)__THEDNA1__2021-05-15",0.0347899332038699,0.0228768570205601,0.0529067192771264
52,500,90,0.52,1.25276296849537,4.51085950651685,-1.0525111528043,-0.146854464822377,0.498694851248286,0,"Thetford Reef (16-068)","Thetford Reef (16-068)__THE_16-068_15","Thetford Reef (16-068)__THEDNA1__2021-05-15",0.0240673320816023,0.015933415033534,0.0363535671610288
52,500,183,0.52,1.25276296849537,5.21493575760899,-1.0525111528043,-0.146854464822377,0.981442141125023,0,"Thetford Reef (16-068)","Thetford Reef (16-068)__THE_16-068_15","Thetford Reef (16-068)__THEDNA1__2021-05-15",0.0181420825482764,0.0119620336444744,0.0275149835697473
52,500,270,0.52,1.25276296849537,5.6021188208797,-1.0525111528043,-0.146854464822377,1.24691278324678,0,"Thetford Reef (16-068)","Thetford Reef (16-068)__THE_16-068_15","Thetford Reef (16-068)__THEDNA1__2021-05-15",0.0170831873526008,0.0112657504084086,0.0259046472311545
52,500,365,0.52,1.25276296849537,5.90263333340137,-1.0525111528043,-0.146854464822377,1.45295945257192,0,"Thetford Reef (16-068)","Thetford Reef (16-068)__THE_16-068_15","Thetford Reef (16-068)__THEDNA1__2021-05-15",0.0168330116825992,0.0108056757123294,0.026222356643853
52,1000,30,0.52,1.79175946922805,3.43398720448515,-1.0525111528043,0.727588360513993,-0.239658678703541,0,"Thetford Reef (16-068)","Thetford Reef (16-068)__THE_16-068_15","Thetford Reef (16-068)__THEDNA1__2021-05-15",0.0329527957087792,0.0217843356221519,0.0498471362110455
52,1000,90,0.52,1.79175946922805,4.51085950651685,-1.0525111528043,0.727588360513993,0.498694851248286,0,"Thetford Reef (16-068)","Thetford Reef (16-068)__THE_16-068_15","Thetford Reef (16-068)__THEDNA1__2021-05-15",0.0227964185125877,0.0151609270699137,0.0342773693590501
52,1000,183,0.52,1.79175946922805,5.21493575760899,-1.0525111528043,0.727588360513993,0.981442141125023,0,"Thetford Reef (16-068)","Thetford Reef (16-068)__THE_16-068_15","Thetford Reef (16-068)__THEDNA1__2021-05-15",0.0171840611605044,0.0113693436225362,0.0259726478301377
52,1000,270,0.52,1.79175946922805,5.6021188208797,-1.0525111528043,0.727588360513993,1.24691278324678,0,"Thetford Reef (16-068)","Thetford Reef (16-068)__THE_16-068_15","Thetford Reef (16-068)__THEDNA1__2021-05-15",0.0161810826018612,0.0107171649846546,0.0244306618908222
52,1000,365,0.52,1.79175946922805,5.90263333340137,-1.0525111528043,0.727588360513993,1.45295945257192,0,"Thetford Reef (16-068)","Thetford Reef (16-068)__THE_16-068_15","Thetford Reef (16-068)__THEDNA1__2021-05-15",0.0159441178541407,0.0102882666164355,0.0247092055080126
52,2000,30,0.52,2.39789527279837,3.43398720448515,-1.0525111528043,1.71095486454706,-0.239658678703541,0,"Thetford Reef (16-068)","Thetford Reef (16-068)__THE_16-068_15","Thetford Reef (16-068)__THEDNA1__2021-05-15",0.034950913815197,0.0229593215364169,0.0532056826931817
52,2000,90,0.52,2.39789527279837,4.51085950651685,-1.0525111528043,1.71095486454706,0.498694851248286,0,"Thetford Reef (16-068)","Thetford Reef (16-068)__THE_16-068_15","Thetford Reef (16-068)__THEDNA1__2021-05-15",0.0241786968781026,0.0160021613399425,0.036533151385241
52,2000,183,0.52,2.39789527279837,5.21493575760899,-1.0525111528043,1.71095486454706,0.981442141125023,0,"Thetford Reef (16-068)","Thetford Reef (16-068)__THE_16-068_15","Thetford Reef (16-068)__THEDNA1__2021-05-15",0.0182260299224278,0.0120079629943019,0.0276639898782889
52,2000,270,0.52,2.39789527279837,5.6021188208797,-1.0525111528043,1.71095486454706,1.24691278324678,0,"Thetford Reef (16-068)","Thetford Reef (16-068)__THE_16-068_15","Thetford Reef (16-068)__THEDNA1__2021-05-15",0.0171622349876543,0.0113284610621697,0.026000204984158
52,2000,365,0.52,2.39789527279837,5.90263333340137,-1.0525111528043,1.71095486454706,1.45295945257192,0,"Thetford Reef (16-068)","Thetford Reef (16-068)__THE_16-068_15","Thetford Reef (16-068)__THEDNA1__2021-05-15",0.0169109017002449,0.010885718192417,0.0262709902332909
52,3000,30,0.52,2.77258872223978,3.43398720448515,-1.0525111528043,2.31884006995969,-0.239658678703541,0,"Thetford Reef (16-068)","Thetford Reef (16-068)__THE_16-068_15","Thetford Reef (16-068)__THEDNA1__2021-05-15",0.0384421594070096,0.0249273408330255,0.0592842866703233
52,3000,90,0.52,2.77258872223978,4.51085950651685,-1.0525111528043,2.31884006995969,0.498694851248286,0,"Thetford Reef (16-068)","Thetford Reef (16-068)__THE_16-068_15","Thetford Reef (16-068)__THEDNA1__2021-05-15",0.0265939060865882,0.0174018881817273,0.0406413277430951
52,3000,183,0.52,2.77258872223978,5.21493575760899,-1.0525111528043,2.31884006995969,0.981442141125023,0,"Thetford Reef (16-068)","Thetford Reef (16-068)__THE_16-068_15","Thetford Reef (16-068)__THEDNA1__2021-05-15",0.0200466274312476,0.0130752954802154,0.0307348519943831
52,3000,270,0.52,2.77258872223978,5.6021188208797,-1.0525111528043,2.31884006995969,1.24691278324678,0,"Thetford Reef (16-068)","Thetford Reef (16-068)__THE_16-068_15","Thetford Reef (16-068)__THEDNA1__2021-05-15",0.0188765700566346,0.0123379675790176,0.0288803560895244
52,3000,365,0.52,2.77258872223978,5.90263333340137,-1.0525111528043,2.31884006995969,1.45295945257192,0,"Thetford Reef (16-068)","Thetford Reef (16-068)__THE_16-068_15","Thetford Reef (16-068)__THEDNA1__2021-05-15",0.0186001310956973,0.0118630415735879,0.0291632524956659
52,5000,30,0.52,3.25809653802148,3.43398720448515,-1.0525111528043,3.10650534344092,-0.239658678703541,0,"Thetford Reef (16-068)","Thetford Reef (16-068)__THE_16-068_15","Thetford Reef (16-068)__THEDNA1__2021-05-15",0.0449242708978507,0.0257025424125932,0.078521030460965
52,5000,90,0.52,3.25809653802148,4.51085950651685,-1.0525111528043,3.10650534344092,0.498694851248286,0,"Thetford Reef (16-068)","Thetford Reef (16-068)__THE_16-068_15","Thetford Reef (16-068)__THEDNA1__2021-05-15",0.0310781667756167,0.0179458529874509,0.0538203701327792
52,5000,183,0.52,3.25809653802148,5.21493575760899,-1.0525111528043,3.10650534344092,0.981442141125023,0,"Thetford Reef (16-068)","Thetford Reef (16-068)__THE_16-068_15","Thetford Reef (16-068)__THEDNA1__2021-05-15",0.0234268869179456,0.0135147004310041,0.0406090415002587
52,5000,270,0.52,3.25809653802148,5.6021188208797,-1.0525111528043,3.10650534344092,1.24691278324678,0,"Thetford Reef (16-068)","Thetford Reef (16-068)__THE_16-068_15","Thetford Reef (16-068)__THEDNA1__2021-05-15",0.0220595346340477,0.0127484515617809,0.0381711508972286
52,5000,365,0.52,3.25809653802148,5.90263333340137,-1.0525111528043,3.10650534344092,1.45295945257192,0,"Thetford Reef (16-068)","Thetford Reef (16-068)__THE_16-068_15","Thetford Reef (16-068)__THEDNA1__2021-05-15",0.0217364825745528,0.0123213122568544,0.0383461326898029
54,200,30,0.54,0.693147180559945,3.43398720448515,-0.978685556692231,-1.05474906161454,-0.239658678703541,0,"Thetford Reef (16-068)","Thetford Reef (16-068)__THE_16-068_15","Thetford Reef (16-068)__THEDNA1__2021-05-15",0.0398472944167857,0.0262691876191112,0.0604436991109253
54,200,90,0.54,0.693147180559945,4.51085950651685,-0.978685556692231,-1.05474906161454,0.498694851248286,0,"Thetford Reef (16-068)","Thetford Reef (16-068)__THE_16-068_15","Thetford Reef (16-068)__THEDNA1__2021-05-15",0.0278569556229113,0.018539339000388,0.0418574781204771
54,200,183,0.54,0.693147180559945,5.21493575760899,-0.978685556692231,-1.05474906161454,0.981442141125023,0,"Thetford Reef (16-068)","Thetford Reef (16-068)__THE_16-068_15","Thetford Reef (16-068)__THEDNA1__2021-05-15",0.0210883010230508,0.014009749594267,0.031743353944084
54,200,270,0.54,0.693147180559945,5.6021188208797,-0.978685556692231,-1.05474906161454,1.24691278324678,0,"Thetford Reef (16-068)","Thetford Reef (16-068)__THE_16-068_15","Thetford Reef (16-068)__THEDNA1__2021-05-15",0.0197335975801616,0.0131072548590353,0.0297098727112431
54,200,365,0.54,0.693147180559945,5.90263333340137,-0.978685556692231,-1.05474906161454,1.45295945257192,0,"Thetford Reef (16-068)","Thetford Reef (16-068)__THE_16-068_15","Thetford Reef (16-068)__THEDNA1__2021-05-15",0.0192977798350588,0.0124895847760954,0.0298171887407473
54,500,30,0.54,1.25276296849537,3.43398720448515,-0.978685556692231,-0.146854464822377,-0.239658678703541,0,"Thetford Reef (16-068)","Thetford Reef (16-068)__THE_16-068_15","Thetford Reef (16-068)__THEDNA1__2021-05-15",0.0355932529377547,0.0234907529445412,0.0539309939396975
54,500,90,0.54,1.25276296849537,4.51085950651685,-0.978685556692231,-0.146854464822377,0.498694851248286,0,"Thetford Reef (16-068)","Thetford Reef (16-068)__THE_16-068_15","Thetford Reef (16-068)__THEDNA1__2021-05-15",0.0248829859611349,0.0165262549960838,0.0374654143052229
54,500,183,0.54,1.25276296849537,5.21493575760899,-0.978685556692231,-0.146854464822377,0.981442141125023,0,"Thetford Reef (16-068)","Thetford Reef (16-068)__THE_16-068_15","Thetford Reef (16-068)__THEDNA1__2021-05-15",0.018836943469486,0.0124637399932056,0.0284690180849443
54,500,270,0.54,1.25276296849537,5.6021188208797,-0.978685556692231,-0.146854464822377,1.24691278324678,0,"Thetford Reef (16-068)","Thetford Reef (16-068)__THE_16-068_15","Thetford Reef (16-068)__THEDNA1__2021-05-15",0.017626866273427,0.0116643266501246,0.0266373211194288
54,500,365,0.54,1.25276296849537,5.90263333340137,-0.978685556692231,-0.146854464822377,1.45295945257192,0,"Thetford Reef (16-068)","Thetford Reef (16-068)__THE_16-068_15","Thetford Reef (16-068)__THEDNA1__2021-05-15",0.0172375758218858,0.0111242361760699,0.0267105098734281
54,1000,30,0.54,1.79175946922805,3.43398720448515,-0.978685556692231,0.727588360513993,-0.239658678703541,0,"Thetford Reef (16-068)","Thetford Reef (16-068)__THE_16-068_15","Thetford Reef (16-068)__THEDNA1__2021-05-15",0.0339890089750291,0.0225379351785173,0.0512581441890814
54,1000,90,0.54,1.79175946922805,4.51085950651685,-0.978685556692231,0.727588360513993,0.498694851248286,0,"Thetford Reef (16-068)","Thetford Reef (16-068)__THE_16-068_15","Thetford Reef (16-068)__THEDNA1__2021-05-15",0.0237614705977445,0.0158438031969409,0.0356358557316901
54,1000,183,0.54,1.79175946922805,5.21493575760899,-0.978685556692231,0.727588360513993,0.981442141125023,0,"Thetford Reef (16-068)","Thetford Reef (16-068)__THE_16-068_15","Thetford Reef (16-068)__THEDNA1__2021-05-15",0.0179879327625981,0.011936903453221,0.0271063367765146
54,1000,270,0.54,1.79175946922805,5.6021188208797,-0.978685556692231,0.727588360513993,1.24691278324678,0,"Thetford Reef (16-068)","Thetford Reef (16-068)__THE_16-068_15","Thetford Reef (16-068)__THEDNA1__2021-05-15",0.0168323956514143,0.0111813607116141,0.0253394511341946
54,1000,365,0.54,1.79175946922805,5.90263333340137,-0.978685556692231,0.727588360513993,1.45295945257192,0,"Thetford Reef (16-068)","Thetford Reef (16-068)__THE_16-068_15","Thetford Reef (16-068)__THEDNA1__2021-05-15",0.0164606511335847,0.0106731294077346,0.0253864658986735
54,2000,30,0.54,2.39789527279837,3.43398720448515,-0.978685556692231,1.71095486454706,-0.239658678703541,0,"Thetford Reef (16-068)","Thetford Reef (16-068)__THE_16-068_15","Thetford Reef (16-068)__THEDNA1__2021-05-15",0.0359792850230958,0.0237131188603265,0.0545904129439068
54,2000,90,0.54,2.39789527279837,4.51085950651685,-0.978685556692231,1.71095486454706,0.498694851248286,0,"Thetford Reef (16-068)","Thetford Reef (16-068)__THE_16-068_15","Thetford Reef (16-068)__THEDNA1__2021-05-15",0.0251528582028457,0.0166921650361715,0.0379019902092684
54,2000,183,0.54,2.39789527279837,5.21493575760899,-0.978685556692231,1.71095486454706,0.981442141125023,0,"Thetford Reef (16-068)","Thetford Reef (16-068)__THE_16-068_15","Thetford Reef (16-068)__THEDNA1__2021-05-15",0.0190412424297889,0.0125833943168501,0.0288132839312272
54,2000,270,0.54,2.39789527279837,5.6021188208797,-0.978685556692231,1.71095486454706,1.24691278324678,0,"Thetford Reef (16-068)","Thetford Reef (16-068)__THE_16-068_15","Thetford Reef (16-068)__THEDNA1__2021-05-15",0.0178180411558538,0.0117959607904224,0.0269145172887888
54,2000,365,0.54,2.39789527279837,5.90263333340137,-0.978685556692231,1.71095486454706,1.45295945257192,0,"Thetford Reef (16-068)","Thetford Reef (16-068)__THE_16-068_15","Thetford Reef (16-068)__THEDNA1__2021-05-15",0.0174245285949966,0.0112701142909605,0.0269397620041329
54,3000,30,0.54,2.77258872223978,3.43398720448515,-0.978685556692231,2.31884006995969,-0.239658678703541,0,"Thetford Reef (16-068)","Thetford Reef (16-068)__THE_16-068_15","Thetford Reef (16-068)__THEDNA1__2021-05-15",0.0392331802189944,0.025528212830752,0.0602957379077425
54,3000,90,0.54,2.77258872223978,4.51085950651685,-0.978685556692231,2.31884006995969,0.498694851248286,0,"Thetford Reef (16-068)","Thetford Reef (16-068)__THE_16-068_15","Thetford Reef (16-068)__THEDNA1__2021-05-15",0.0274276328243208,0.0179969634531426,0.041800109463155
54,3000,183,0.54,2.77258872223978,5.21493575760899,-0.978685556692231,2.31884006995969,0.981442141125023,0,"Thetford Reef (16-068)","Thetford Reef (16-068)__THE_16-068_15","Thetford Reef (16-068)__THEDNA1__2021-05-15",0.020763294639177,0.0135829440551973,0.0317393933539995
54,3000,270,0.54,2.77258872223978,5.6021188208797,-0.978685556692231,2.31884006995969,1.24691278324678,0,"Thetford Reef (16-068)","Thetford Reef (16-068)__THE_16-068_15","Thetford Reef (16-068)__THEDNA1__2021-05-15",0.0194294694674541,0.01273472184132,0.0296437007804798
54,3000,365,0.54,2.77258872223978,5.90263333340137,-0.978685556692231,2.31884006995969,1.45295945257192,0,"Thetford Reef (16-068)","Thetford Reef (16-068)__THE_16-068_15","Thetford Reef (16-068)__THEDNA1__2021-05-15",0.0190003684108701,0.0121735018540409,0.0296557230678002
54,5000,30,0.54,3.25809653802148,3.43398720448515,-0.978685556692231,3.10650534344092,-0.239658678703541,0,"Thetford Reef (16-068)","Thetford Reef (16-068)__THE_16-068_15","Thetford Reef (16-068)__THEDNA1__2021-05-15",0.0451517664960284,0.0260443689754429,0.0782772667532906
54,5000,90,0.54,3.25809653802148,4.51085950651685,-0.978685556692231,3.10650534344092,0.498694851248286,0,"Thetford Reef (16-068)","Thetford Reef (16-068)__THE_16-068_15","Thetford Reef (16-068)__THEDNA1__2021-05-15",0.0315652737277457,0.0183651687773042,0.0542530546595811
54,5000,183,0.54,3.25809653802148,5.21493575760899,-0.978685556692231,3.10650534344092,0.981442141125023,0,"Thetford Reef (16-068)","Thetford Reef (16-068)__THE_16-068_15","Thetford Reef (16-068)__THEDNA1__2021-05-15",0.0238955757856835,0.0138894849475557,0.0411101307417327
54,5000,270,0.54,3.25809653802148,5.6021188208797,-0.978685556692231,3.10650534344092,1.24691278324678,0,"Thetford Reef (16-068)","Thetford Reef (16-068)__THE_16-068_15","Thetford Reef (16-068)__THEDNA1__2021-05-15",0.0223605342120973,0.0130174074392264,0.0384096059514662
54,5000,365,0.54,3.25809653802148,5.90263333340137,-0.978685556692231,3.10650534344092,1.45295945257192,0,"Thetford Reef (16-068)","Thetford Reef (16-068)__THE_16-068_15","Thetford Reef (16-068)__THEDNA1__2021-05-15",0.0218667004060705,0.0125013429626562,0.03824809767056
56,200,30,0.56,0.693147180559945,3.43398720448515,-0.904859960580164,-1.05474906161454,-0.239658678703541,0,"Thetford Reef (16-068)","Thetford Reef (16-068)__THE_16-068_15","Thetford Reef (16-068)__THEDNA1__2021-05-15",0.0405177037952085,0.0268036890815229,0.0612484466538581
56,200,90,0.56,0.693147180559945,4.51085950651685,-0.904859960580164,-1.05474906161454,0.498694851248286,0,"Thetford Reef (16-068)","Thetford Reef (16-068)__THE_16-068_15","Thetford Reef (16-068)__THEDNA1__2021-05-15",0.028624644193503,0.0191032616024494,0.0428916418701811
56,200,183,0.56,0.693147180559945,5.21493575760899,-0.904859960580164,-1.05474906161454,0.981442141125023,0,"Thetford Reef (16-068)","Thetford Reef (16-068)__THE_16-068_15","Thetford Reef (16-068)__THEDNA1__2021-05-15",0.0217618989127563,0.0144992414293881,0.0326624152439545
56,200,270,0.56,0.693147180559945,5.6021188208797,-0.904859960580164,-1.05474906161454,1.24691278324678,0,"Thetford Reef (16-068)","Thetford Reef (16-068)__THE_16-068_15","Thetford Reef (16-068)__THEDNA1__2021-05-15",0.0202369180985584,0.0134796934000538,0.0303814665492411
56,200,365,0.56,0.693147180559945,5.90263333340137,-0.904859960580164,-1.05474906161454,1.45295945257192,0,"Thetford Reef (16-068)","Thetford Reef (16-068)__THE_16-068_15","Thetford Reef (16-068)__THEDNA1__2021-05-15",0.0196405485198577,0.0127709688004215,0.0302053158369747
56,500,30,0.56,1.25276296849537,3.43398720448515,-0.904859960580164,-0.146854464822377,-0.239658678703541,0,"Thetford Reef (16-068)","Thetford Reef (16-068)__THE_16-068_15","Thetford Reef (16-068)__THEDNA1__2021-05-15",0.0364151217901753,0.0241116359025184,0.0549967285651818
56,500,90,0.56,1.25276296849537,4.51085950651685,-0.904859960580164,-0.146854464822377,0.498694851248286,0,"Thetford Reef (16-068)","Thetford Reef (16-068)__THE_16-068_15","Thetford Reef (16-068)__THEDNA1__2021-05-15",0.0257262827571712,0.0171347774424652,0.0386256329692196
56,500,183,0.56,1.25276296849537,5.21493575760899,-0.904859960580164,-0.146854464822377,0.981442141125023,0,"Thetford Reef (16-068)","Thetford Reef (16-068)__THE_16-068_15","Thetford Reef (16-068)__THEDNA1__2021-05-15",0.0195584182978112,0.0129814675996903,0.0294675254068565
56,500,270,0.56,1.25276296849537,5.6021188208797,-0.904859960580164,-0.146854464822377,1.24691278324678,0,"Thetford Reef (16-068)","Thetford Reef (16-068)__THE_16-068_15","Thetford Reef (16-068)__THEDNA1__2021-05-15",0.0181878479822431,0.0120723686581622,0.0274012352995473
56,500,365,0.56,1.25276296849537,5.90263333340137,-0.904859960580164,-0.146854464822377,1.45295945257192,0,"Thetford Reef (16-068)","Thetford Reef (16-068)__THE_16-068_15","Thetford Reef (16-068)__THEDNA1__2021-05-15",0.0176518632445564,0.0114470262850286,0.0272200192649197
56,1000,30,0.56,1.79175946922805,3.43398720448515,-0.904859960580164,0.727588360513993,-0.239658678703541,0,"Thetford Reef (16-068)","Thetford Reef (16-068)__THE_16-068_15","Thetford Reef (16-068)__THEDNA1__2021-05-15",0.0350578063638113,0.0233087210219366,0.0527291817464282
56,1000,90,0.56,1.79175946922805,4.51085950651685,-0.904859960580164,0.727588360513993,0.498694851248286,0,"Thetford Reef (16-068)","Thetford Reef (16-068)__THE_16-068_15","Thetford Reef (16-068)__THEDNA1__2021-05-15",0.0247673767112019,0.0165515743355986,0.0370613052702336
56,1000,183,0.56,1.79175946922805,5.21493575760899,-0.904859960580164,0.727588360513993,0.981442141125023,0,"Thetford Reef (16-068)","Thetford Reef (16-068)__THE_16-068_15","Thetford Reef (16-068)__THEDNA1__2021-05-15",0.0188294095353564,0.0125281746393574,0.0282999458146407
56,1000,270,0.56,1.79175946922805,5.6021188208797,-0.904859960580164,0.727588360513993,1.24691278324678,0,"Thetford Reef (16-068)","Thetford Reef (16-068)__THE_16-068_15","Thetford Reef (16-068)__THEDNA1__2021-05-15",0.0175099250363607,0.0116613857600826,0.0262916844607325
56,1000,365,0.56,1.79175946922805,5.90263333340137,-0.904859960580164,0.727588360513993,1.45295945257192,0,"Thetford Reef (16-068)","Thetford Reef (16-068)__THE_16-068_15","Thetford Reef (16-068)__THEDNA1__2021-05-15",0.0169939182725759,0.0110675260615322,0.0260937500078501
56,2000,30,0.56,2.39789527279837,3.43398720448515,-0.904859960580164,1.71095486454706,-0.239658678703541,0,"Thetford Reef (16-068)","Thetford Reef (16-068)__THE_16-068_15","Thetford Reef (16-068)__THEDNA1__2021-05-15",0.0370379143051277,0.0244816570565247,0.0560340786126802
56,2000,90,0.56,2.39789527279837,4.51085950651685,-0.904859960580164,1.71095486454706,0.498694851248286,0,"Thetford Reef (16-068)","Thetford Reef (16-068)__THE_16-068_15","Thetford Reef (16-068)__THEDNA1__2021-05-15",0.0261662685529358,0.0174053536872706,0.0393369547258952
56,2000,183,0.56,2.39789527279837,5.21493575760899,-0.904859960580164,1.71095486454706,0.981442141125023,0,"Thetford Reef (16-068)","Thetford Reef (16-068)__THE_16-068_15","Thetford Reef (16-068)__THEDNA1__2021-05-15",0.0198929177013934,0.0131812862774625,0.0300219695061954
56,2000,270,0.56,2.39789527279837,5.6021188208797,-0.904859960580164,1.71095486454706,1.24691278324678,0,"Thetford Reef (16-068)","Thetford Reef (16-068)__THE_16-068_15","Thetford Reef (16-068)__THEDNA1__2021-05-15",0.0184989070980604,0.0122780313616233,0.0278716965076577
56,2000,365,0.56,2.39789527279837,5.90263333340137,-0.904859960580164,1.71095486454706,1.45295945257192,0,"Thetford Reef (16-068)","Thetford Reef (16-068)__THE_16-068_15","Thetford Reef (16-068)__THEDNA1__2021-05-15",0.0179537556387935,0.0116627682338765,0.0276381503150535
56,3000,30,0.56,2.77258872223978,3.43398720448515,-0.904859960580164,2.31884006995969,-0.239658678703541,0,"Thetford Reef (16-068)","Thetford Reef (16-068)__THE_16-068_15","Thetford Reef (16-068)__THEDNA1__2021-05-15",0.0400404777941643,0.026130502112489,0.0613551111679057
56,3000,90,0.56,2.77258872223978,4.51085950651685,-0.904859960580164,2.31884006995969,0.498694851248286,0,"Thetford Reef (16-068)","Thetford Reef (16-068)__THE_16-068_15","Thetford Reef (16-068)__THEDNA1__2021-05-15",0.0282874971392467,0.0186036446636089,0.043012136001939
56,3000,183,0.56,2.77258872223978,5.21493575760899,-0.904859960580164,2.31884006995969,0.981442141125023,0,"Thetford Reef (16-068)","Thetford Reef (16-068)__THE_16-068_15","Thetford Reef (16-068)__THEDNA1__2021-05-15",0.021505582709702,0.0141035568250685,0.0327924433120144
56,3000,270,0.56,2.77258872223978,5.6021188208797,-0.904859960580164,2.31884006995969,1.24691278324678,0,"Thetford Reef (16-068)","Thetford Reef (16-068)__THE_16-068_15","Thetford Reef (16-068)__THEDNA1__2021-05-15",0.0199985634389151,0.0131380219220969,0.0304416100073365
56,3000,365,0.56,2.77258872223978,5.90263333340137,-0.904859960580164,2.31884006995969,1.45295945257192,0,"Thetford Reef (16-068)","Thetford Reef (16-068)__THE_16-068_15","Thetford Reef (16-068)__THEDNA1__2021-05-15",0.0194092180260117,0.0124853580093083,0.030172762695343
56,5000,30,0.56,3.25809653802148,3.43398720448515,-0.904859960580164,3.10650534344092,-0.239658678703541,0,"Thetford Reef (16-068)","Thetford Reef (16-068)__THE_16-068_15","Thetford Reef (16-068)__THEDNA1__2021-05-15",0.0453804141273087,0.0263666154133094,0.0781056633202343
56,5000,90,0.56,3.25809653802148,4.51085950651685,-0.904859960580164,3.10650534344092,0.498694851248286,0,"Thetford Reef (16-068)","Thetford Reef (16-068)__THE_16-068_15","Thetford Reef (16-068)__THEDNA1__2021-05-15",0.0320600154024928,0.0187773067122081,0.0547386589227849
56,5000,183,0.56,3.25809653802148,5.21493575760899,-0.904859960580164,3.10650534344092,0.981442141125023,0,"Thetford Reef (16-068)","Thetford Reef (16-068)__THE_16-068_15","Thetford Reef (16-068)__THEDNA1__2021-05-15",0.0243736414543387,0.0142617016056601,0.0416552255944608
56,5000,270,0.56,3.25809653802148,5.6021188208797,-0.904859960580164,3.10650534344092,1.24691278324678,0,"Thetford Reef (16-068)","Thetford Reef (16-068)__THE_16-068_15","Thetford Reef (16-068)__THEDNA1__2021-05-15",0.0226656408915653,0.0132800150361215,0.0386845403132492
56,5000,365,0.56,3.25809653802148,5.90263333340137,-0.904859960580164,3.10650534344092,1.45295945257192,0,"Thetford Reef (16-068)","Thetford Reef (16-068)__THE_16-068_15","Thetford Reef (16-068)__THEDNA1__2021-05-15",0.0219976983400536,0.0126721740255347,0.038185928577443
58,200,30,0.58,0.693147180559945,3.43398720448515,-0.831034364468098,-1.05474906161454,-0.239658678703541,0,"Thetford Reef (16-068)","Thetford Reef (16-068)__THE_16-068_15","Thetford Reef (16-068)__THEDNA1__2021-05-15",0.0411993924522186,0.0273368176285706,0.0620917168009318
58,200,90,0.58,0.693147180559945,4.51085950651685,-0.831034364468098,-1.05474906161454,0.498694851248286,0,"Thetford Reef (16-068)","Thetford Reef (16-068)__THE_16-068_15","Thetford Reef (16-068)__THEDNA1__2021-05-15",0.0294134889072638,0.0196761164941042,0.0439697198355664
58,200,183,0.58,0.693147180559945,5.21493575760899,-0.831034364468098,-1.05474906161454,0.981442141125023,0,"Thetford Reef (16-068)","Thetford Reef (16-068)__THE_16-068_15","Thetford Reef (16-068)__THEDNA1__2021-05-15",0.0224570127186334,0.0149994392112145,0.0336224183546679
58,200,270,0.58,0.693147180559945,5.6021188208797,-0.831034364468098,-1.05474906161454,1.24691278324678,0,"Thetford Reef (16-068)","Thetford Reef (16-068)__THE_16-068_15","Thetford Reef (16-068)__THEDNA1__2021-05-15",0.0207530761922229,0.0138568603740454,0.0310813676268914
58,200,365,0.58,0.693147180559945,5.90263333340137,-0.831034364468098,-1.05474906161454,1.45295945257192,0,"Thetford Reef (16-068)","Thetford Reef (16-068)__THE_16-068_15","Thetford Reef (16-068)__THEDNA1__2021-05-15",0.019989405489023,0.0130522123011114,0.0306136862155207
58,500,30,0.58,1.25276296849537,3.43398720448515,-0.831034364468098,-0.146854464822377,-0.239658678703541,0,"Thetford Reef (16-068)","Thetford Reef (16-068)__THE_16-068_15","Thetford Reef (16-068)__THEDNA1__2021-05-15",0.037255968071036,0.024738963295842,0.0561061165058337
58,500,90,0.58,1.25276296849537,4.51085950651685,-0.831034364468098,-0.146854464822377,0.498694851248286,0,"Thetford Reef (16-068)","Thetford Reef (16-068)__THE_16-068_15","Thetford Reef (16-068)__THEDNA1__2021-05-15",0.0265981593019288,0.0177589599209082,0.0398369094474875
58,500,183,0.58,1.25276296849537,5.21493575760899,-0.831034364468098,-0.146854464822377,0.981442141125023,0,"Thetford Reef (16-068)","Thetford Reef (16-068)__THE_16-068_15","Thetford Reef (16-068)__THEDNA1__2021-05-15",0.0203075263740012,0.0135153534073509,0.0305131220028961
58,500,270,0.58,1.25276296849537,5.6021188208797,-0.831034364468098,-0.146854464822377,1.24691278324678,0,"Thetford Reef (16-068)","Thetford Reef (16-068)__THE_16-068_15","Thetford Reef (16-068)__THEDNA1__2021-05-15",0.0187666831468433,0.0124897809199426,0.0281981244179926
58,500,365,0.58,1.25276296849537,5.90263333340137,-0.831034364468098,-0.146854464822377,1.45295945257192,0,"Thetford Reef (16-068)","Thetford Reef (16-068)__THE_16-068_15","Thetford Reef (16-068)__THEDNA1__2021-05-15",0.0180761076397361,0.0117736932728658,0.0277521810557404
58,1000,30,0.58,1.79175946922805,3.43398720448515,-0.831034364468098,0.727588360513993,-0.239658678703541,0,"Thetford Reef (16-068)","Thetford Reef (16-068)__THE_16-068_15","Thetford Reef (16-068)__THEDNA1__2021-05-15",0.0361602124953228,0.024096502598912,0.0542635165555494
58,1000,90,0.58,1.79175946922805,4.51085950651685,-0.831034364468098,0.727588360513993,0.498694851248286,0,"Thetford Reef (16-068)","Thetford Reef (16-068)__THE_16-068_15","Thetford Reef (16-068)__THEDNA1__2021-05-15",0.0258158663467914,0.0172847375686132,0.0385576554222956
58,1000,183,0.58,1.79175946922805,5.21493575760899,-0.831034364468098,0.727588360513993,0.981442141125023,0,"Thetford Reef (16-068)","Thetford Reef (16-068)__THE_16-068_15","Thetford Reef (16-068)__THEDNA1__2021-05-15",0.0197102506513351,0.0131437905583833,0.0295572254451871
58,1000,270,0.58,1.79175946922805,5.6021188208797,-0.831034364468098,0.727588360513993,1.24691278324678,0,"Thetford Reef (16-068)","Thetford Reef (16-068)__THE_16-068_15","Thetford Reef (16-068)__THEDNA1__2021-05-15",0.0182147260038538,0.0121574751076064,0.0272898969941455
58,1000,365,0.58,1.79175946922805,5.90263333340137,-0.831034364468098,0.727588360513993,1.45295945257192,0,"Thetford Reef (16-068)","Thetford Reef (16-068)__THE_16-068_15","Thetford Reef (16-068)__THEDNA1__2021-05-15",0.0175444613892436,0.0114712993592929,0.0268328910089253
58,2000,30,0.58,2.39789527279837,3.43398720448515,-0.831034364468098,1.71095486454706,-0.239658678703541,0,"Thetford Reef (16-068)","Thetford Reef (16-068)__THE_16-068_15","Thetford Reef (16-068)__THEDNA1__2021-05-15",0.0381276919536725,0.0252645575605961,0.0575399307993992
58,2000,90,0.58,2.39789527279837,4.51085950651685,-0.831034364468098,1.71095486454706,0.498694851248286,0,"Thetford Reef (16-068)","Thetford Reef (16-068)__THE_16-068_15","Thetford Reef (16-068)__THEDNA1__2021-05-15",0.027220509274246,0.0181420500249644,0.0408419183129644
58,2000,183,0.58,2.39789527279837,5.21493575760899,-0.831034364468098,1.71095486454706,0.981442141125023,0,"Thetford Reef (16-068)","Thetford Reef (16-068)__THE_16-068_15","Thetford Reef (16-068)__THEDNA1__2021-05-15",0.0207826866410417,0.0138021267268035,0.0312937326666444
58,2000,270,0.58,2.39789527279837,5.6021188208797,-0.831034364468098,1.71095486454706,1.24691278324678,0,"Thetford Reef (16-068)","Thetford Reef (16-068)__THE_16-068_15","Thetford Reef (16-068)__THEDNA1__2021-05-15",0.0192057904025125,0.0127747977217764,0.0288742250968457
58,2000,365,0.58,2.39789527279837,5.90263333340137,-0.831034364468098,1.71095486454706,1.45295945257192,0,"Thetford Reef (16-068)","Thetford Reef (16-068)__THE_16-068_15","Thetford Reef (16-068)__THEDNA1__2021-05-15",0.018499056647654,0.0120634368097376,0.0283679603292549
58,3000,30,0.58,2.77258872223978,3.43398720448515,-0.831034364468098,2.31884006995969,-0.239658678703541,0,"Thetford Reef (16-068)","Thetford Reef (16-068)__THE_16-068_15","Thetford Reef (16-068)__THEDNA1__2021-05-15",0.0408643870579925,0.0267333541284853,0.0624649687278145
58,3000,90,0.58,2.77258872223978,4.51085950651685,-0.831034364468098,2.31884006995969,0.498694851248286,0,"Thetford Reef (16-068)","Thetford Reef (16-068)__THE_16-068_15","Thetford Reef (16-068)__THEDNA1__2021-05-15",0.0291743184520594,0.0192215950451239,0.0442804488984429
58,3000,183,0.58,2.77258872223978,5.21493575760899,-0.831034364468098,2.31884006995969,0.981442141125023,0,"Thetford Reef (16-068)","Thetford Reef (16-068)__THE_16-068_15","Thetford Reef (16-068)__THEDNA1__2021-05-15",0.0222744075890148,0.0146369990732745,0.0338969231983811
58,3000,270,0.58,2.77258872223978,5.6021188208797,-0.831034364468098,2.31884006995969,1.24691278324678,0,"Thetford Reef (16-068)","Thetford Reef (16-068)__THE_16-068_15","Thetford Reef (16-068)__THEDNA1__2021-05-15",0.0205843263137084,0.0135475817970192,0.03127602373159
58,3000,365,0.58,2.77258872223978,5.90263333340137,-0.831034364468098,2.31884006995969,1.45295945257192,0,"Thetford Reef (16-068)","Thetford Reef (16-068)__THE_16-068_15","Thetford Reef (16-068)__THEDNA1__2021-05-15",0.0198268652604514,0.0127981162381979,0.030715816198232
58,5000,30,0.58,3.25809653802148,3.43398720448515,-0.831034364468098,3.10650534344092,-0.239658678703541,0,"Thetford Reef (16-068)","Thetford Reef (16-068)__THE_16-068_15","Thetford Reef (16-068)__THEDNA1__2021-05-15",0.0456102196255642,0.0266674586885953,0.078008638115257
58,5000,90,0.58,3.25809653802148,4.51085950651685,-0.831034364468098,3.10650534344092,0.498694851248286,0,"Thetford Reef (16-068)","Thetford Reef (16-068)__THE_16-068_15","Thetford Reef (16-068)__THEDNA1__2021-05-15",0.032562511463495,0.0191807003631951,0.0552804190010096
58,5000,183,0.58,3.25809653802148,5.21493575760899,-0.831034364468098,3.10650534344092,0.981442141125023,0,"Thetford Reef (16-068)","Thetford Reef (16-068)__THE_16-068_15","Thetford Reef (16-068)__THEDNA1__2021-05-15",0.0248612715204202,0.0146300975326424,0.0422473479915633
58,5000,270,0.58,3.25809653802148,5.6021188208797,-0.831034364468098,3.10650534344092,1.24691278324678,0,"Thetford Reef (16-068)","Thetford Reef (16-068)__THE_16-068_15","Thetford Reef (16-068)__THEDNA1__2021-05-15",0.0229749107133345,0.0135352205728525,0.0389979992896749
58,5000,365,0.58,3.25809653802148,5.90263333340137,-0.831034364468098,3.10650534344092,1.45295945257192,0,"Thetford Reef (16-068)","Thetford Reef (16-068)__THE_16-068_15","Thetford Reef (16-068)__THEDNA1__2021-05-15",0.0221294810499008,0.0128328578469102,0.0381609410296576
60,200,30,0.6,0.693147180559945,3.43398720448515,-0.757208768356032,-1.05474906161454,-0.239658678703541,0,"Thetford Reef (16-068)","Thetford Reef (16-068)__THE_16-068_15","Thetford Reef (16-068)__THEDNA1__2021-05-15",0.0418925501556348,0.0278677870952586,0.0629754258041167
60,200,90,0.6,0.693147180559945,4.51085950651685,-0.757208768356032,-1.05474906161454,0.498694851248286,0,"Thetford Reef (16-068)","Thetford Reef (16-068)__THE_16-068_15","Thetford Reef (16-068)__THEDNA1__2021-05-15",0.0302240727901903,0.0202575360572266,0.0450940614616774
60,200,183,0.6,0.693147180559945,5.21493575760899,-0.757208768356032,-1.05474906161454,0.981442141125023,0,"Thetford Reef (16-068)","Thetford Reef (16-068)__THE_16-068_15","Thetford Reef (16-068)__THEDNA1__2021-05-15",0.0231743296973614,0.015510156234651,0.0346256703541251
60,200,270,0.6,0.693147180559945,5.6021188208797,-0.757208768356032,-1.05474906161454,1.24691278324678,0,"Thetford Reef (16-068)","Thetford Reef (16-068)__THE_16-068_15","Thetford Reef (16-068)__THEDNA1__2021-05-15",0.0212823992933434,0.014238456875729,0.0318110679854212
60,200,365,0.6,0.693147180559945,5.90263333340137,-0.757208768356032,-1.05474906161454,1.45295945257192,0,"Thetford Reef (16-068)","Thetford Reef (16-068)__THE_16-068_15","Thetford Reef (16-068)__THEDNA1__2021-05-15",0.0203444588831412,0.0133328337548878,0.0310434386910502
60,500,30,0.6,1.25276296849537,3.43398720448515,-0.757208768356032,-0.146854464822377,-0.239658678703541,0,"Thetford Reef (16-068)","Thetford Reef (16-068)__THE_16-068_15","Thetford Reef (16-068)__THEDNA1__2021-05-15",0.0381162299801654,0.0253721757804742,0.0572614268666284
60,500,90,0.6,1.25276296849537,4.51085950651685,-0.757208768356032,-0.146854464822377,0.498694851248286,0,"Thetford Reef (16-068)","Thetford Reef (16-068)__THE_16-068_15","Thetford Reef (16-068)__THEDNA1__2021-05-15",0.0274995841773361,0.01839876230722,0.0411020653073841
60,500,183,0.6,1.25276296849537,5.21493575760899,-0.757208768356032,-0.146854464822377,0.981442141125023,0,"Thetford Reef (16-068)","Thetford Reef (16-068)__THE_16-068_15","Thetford Reef (16-068)__THEDNA1__2021-05-15",0.0210853260806323,0.0140655188975897,0.0316085726494442
60,500,270,0.6,1.25276296849537,5.6021188208797,-0.757208768356032,-0.146854464822377,1.24691278324678,0,"Thetford Reef (16-068)","Thetford Reef (16-068)__THE_16-068_15","Thetford Reef (16-068)__THEDNA1__2021-05-15",0.0193639399602336,0.0129164540975647,0.0290298070934365
60,500,365,0.6,1.25276296849537,5.90263333340137,-0.757208768356032,-0.146854464822377,1.45295945257192,0,"Thetford Reef (16-068)","Thetford Reef (16-068)__THE_16-068_15","Thetford Reef (16-068)__THEDNA1__2021-05-15",0.0185105483130281,0.0121038641188644,0.0283083481014073
60,1000,30,0.6,1.79175946922805,3.43398720448515,-0.757208768356032,0.727588360513993,-0.239658678703541,0,"Thetford Reef (16-068)","Thetford Reef (16-068)__THE_16-068_15","Thetford Reef (16-068)__THEDNA1__2021-05-15",0.0372972842093349,0.0249010682319759,0.0558645675933525
60,1000,90,0.6,1.79175946922805,4.51085950651685,-0.757208768356032,0.727588360513993,0.498694851248286,0,"Thetford Reef (16-068)","Thetford Reef (16-068)__THE_16-068_15","Thetford Reef (16-068)__THEDNA1__2021-05-15",0.0269087422138642,0.0180437863066862,0.040129072425552
60,1000,183,0.6,1.79175946922805,5.21493575760899,-0.757208768356032,0.727588360513993,0.981442141125023,0,"Thetford Reef (16-068)","Thetford Reef (16-068)__THE_16-068_15","Thetford Reef (16-068)__THEDNA1__2021-05-15",0.020632297577307,0.0137843865137227,0.0308821653321142
60,1000,270,0.6,1.79175946922805,5.6021188208797,-0.757208768356032,0.727588360513993,1.24691278324678,0,"Thetford Reef (16-068)","Thetford Reef (16-068)__THE_16-068_15","Thetford Reef (16-068)__THEDNA1__2021-05-15",0.0189478962763409,0.012669856010341,0.028336768232089
60,1000,365,0.6,1.79175946922805,5.90263333340137,-0.757208768356032,0.727588360513993,1.45295945257192,0,"Thetford Reef (16-068)","Thetford Reef (16-068)__THE_16-068_15","Thetford Reef (16-068)__THEDNA1__2021-05-15",0.0181128401644364,0.0118842676276121,0.027605822176216
60,2000,30,0.6,2.39789527279837,3.43398720448515,-0.757208768356032,1.71095486454706,-0.239658678703541,0,"Thetford Reef (16-068)","Thetford Reef (16-068)__THE_16-068_15","Thetford Reef (16-068)__THEDNA1__2021-05-15",0.0392495344564498,0.0260614183116263,0.0591113628823798
60,2000,90,0.6,2.39789527279837,4.51085950651685,-0.757208768356032,1.71095486454706,0.498694851248286,0,"Thetford Reef (16-068)","Thetford Reef (16-068)__THE_16-068_15","Thetford Reef (16-068)__THEDNA1__2021-05-15",0.0283172254251812,0.018902566436854,0.0424209727530514
60,2000,183,0.6,2.39789527279837,5.21493575760899,-0.757208768356032,1.71095486454706,0.981442141125023,0,"Thetford Reef (16-068)","Thetford Reef (16-068)__THE_16-068_15","Thetford Reef (16-068)__THEDNA1__2021-05-15",0.0217122530994778,0.0144463985562148,0.0326324884933333
60,2000,270,0.6,2.39789527279837,5.6021188208797,-0.757208768356032,1.71095486454706,1.24691278324678,0,"Thetford Reef (16-068)","Thetford Reef (16-068)__THE_16-068_15","Thetford Reef (16-068)__THEDNA1__2021-05-15",0.019939685248969,0.0132863742985423,0.0299247212892062
60,2000,365,0.6,2.39789527279837,5.90263333340137,-0.757208768356032,1.71095486454706,1.45295945257192,0,"Thetford Reef (16-068)","Thetford Reef (16-068)__THE_16-068_15","Thetford Reef (16-068)__THEDNA1__2021-05-15",0.0190609198285885,0.0124718529708491,0.0291310894669041
60,3000,30,0.6,2.77258872223978,3.43398720448515,-0.757208768356032,2.31884006995969,-0.239658678703541,0,"Thetford Reef (16-068)","Thetford Reef (16-068)__THE_16-068_15","Thetford Reef (16-068)__THEDNA1__2021-05-15",0.0417052498276833,0.0273359177581622,0.0636279300580692
60,3000,90,0.6,2.77258872223978,4.51085950651685,-0.757208768356032,2.31884006995969,0.498694851248286,0,"Thetford Reef (16-068)","Thetford Reef (16-068)__THE_16-068_15","Thetford Reef (16-068)__THEDNA1__2021-05-15",0.0300889418725306,0.0198504653830606,0.0456082215473449
60,3000,183,0.6,2.77258872223978,5.21493575760899,-0.757208768356032,2.31884006995969,0.981442141125023,0,"Thetford Reef (16-068)","Thetford Reef (16-068)__THE_16-068_15","Thetford Reef (16-068)__THEDNA1__2021-05-15",0.0230707179683965,0.0151831212189214,0.035055903190313
60,3000,270,0.6,2.77258872223978,5.6021188208797,-0.757208768356032,2.31884006995969,1.24691278324678,0,"Thetford Reef (16-068)","Thetford Reef (16-068)__THE_16-068_15","Thetford Reef (16-068)__THEDNA1__2021-05-15",0.02118724632814,0.0139631086406759,0.0321489589833595
60,3000,365,0.6,2.77258872223978,5.90263333340137,-0.757208768356032,2.31884006995969,1.45295945257192,0,"Thetford Reef (16-068)","Thetford Reef (16-068)__THE_16-068_15","Thetford Reef (16-068)__THEDNA1__2021-05-15",0.0202534994212166,0.0131112757719218,0.0312863710550338
60,5000,30,0.6,3.25809653802148,3.43398720448515,-0.757208768356032,3.10650534344092,-0.239658678703541,0,"Thetford Reef (16-068)","Thetford Reef (16-068)__THE_16-068_15","Thetford Reef (16-068)__THEDNA1__2021-05-15",0.0458411888542095,0.0269451677461752,0.0779885512446139
60,5000,90,0.6,3.25809653802148,4.51085950651685,-0.757208768356032,3.10650534344092,0.498694851248286,0,"Thetford Reef (16-068)","Thetford Reef (16-068)__THE_16-068_15","Thetford Reef (16-068)__THEDNA1__2021-05-15",0.0330728834499498,0.0195737988938045,0.0558816214281318
60,5000,183,0.6,3.25809653802148,5.21493575760899,-0.757208768356032,3.10650534344092,0.981442141125023,0,"Thetford Reef (16-068)","Thetford Reef (16-068)__THE_16-068_15","Thetford Reef (16-068)__THEDNA1__2021-05-15",0.0253586573335777,0.0149934115722069,0.0428896051218821
60,5000,270,0.6,3.25809653802148,5.6021188208797,-0.757208768356032,3.10650534344092,1.24691278324678,0,"Thetford Reef (16-068)","Thetford Reef (16-068)__THE_16-068_15","Thetford Reef (16-068)__THEDNA1__2021-05-15",0.0232884004829585,0.0137819934974319,0.0393520427328399
60,5000,365,0.6,3.25809653802148,5.90263333340137,-0.757208768356032,3.10650534344092,1.45295945257192,0,"Thetford Reef (16-068)","Thetford Reef (16-068)__THE_16-068_15","Thetford Reef (16-068)__THEDNA1__2021-05-15",0.0222620532370082,0.0129824861715615,0.0381744303655035
62,200,30,0.62,0.693147180559945,3.43398720448515,-0.683383172243965,-1.05474906161454,-0.239658678703541,0,"Thetford Reef (16-068)","Thetford Reef (16-068)__THE_16-068_15","Thetford Reef (16-068)__THEDNA1__2021-05-15",0.0425973698660177,0.0283958191893089,0.0639015168889895
62,200,90,0.62,0.693147180559945,4.51085950651685,-0.683383172243965,-1.05474906161454,0.498694851248286,0,"Thetford Reef (16-068)","Thetford Reef (16-068)__THE_16-068_15","Thetford Reef (16-068)__THEDNA1__2021-05-15",0.031056994935447,0.0208471426974913,0.046267104725889
62,200,183,0.62,0.693147180559945,5.21493575760899,-0.683383172243965,-1.05474906161454,0.981442141125023,0,"Thetford Reef (16-068)","Thetford Reef (16-068)__THE_16-068_15","Thetford Reef (16-068)__THEDNA1__2021-05-15",0.0239145590578213,0.0160311931392212,0.0356745832929193
62,200,270,0.62,0.693147180559945,5.6021188208797,-0.683383172243965,-1.05474906161454,1.24691278324678,0,"Thetford Reef (16-068)","Thetford Reef (16-068)__THE_16-068_15","Thetford Reef (16-068)__THEDNA1__2021-05-15",0.021825223185517,0.0146241789737944,0.0325721100617819
62,200,365,0.62,0.693147180559945,5.90263333340137,-0.683383172243965,-1.05474906161454,1.45295945257192,0,"Thetford Reef (16-068)","Thetford Reef (16-068)__THE_16-068_15","Thetford Reef (16-068)__THEDNA1__2021-05-15",0.0207058187636001,0.0136123475406429,0.031495737924041
62,500,30,0.62,1.25276296849537,3.43398720448515,-0.683383172243965,-0.146854464822377,-0.239658678703541,0,"Thetford Reef (16-068)","Thetford Reef (16-068)__THE_16-068_15","Thetford Reef (16-068)__THEDNA1__2021-05-15",0.0389963558356802,0.0260107028087714,0.058465001105244
62,500,90,0.62,1.25276296849537,4.51085950651685,-0.683383172243965,-0.146854464822377,0.498694851248286,0,"Thetford Reef (16-068)","Thetford Reef (16-068)__THE_16-068_15","Thetford Reef (16-068)__THEDNA1__2021-05-15",0.0284315587910459,0.0190541295496851,0.0424240600013167
62,500,183,0.62,1.25276296849537,5.21493575760899,-0.683383172243965,-0.146854464822377,0.981442141125023,0,"Thetford Reef (16-068)","Thetford Reef (16-068)__THE_16-068_15","Thetford Reef (16-068)__THEDNA1__2021-05-15",0.0218929163374512,0.0146320720358706,0.032756795113066
62,500,270,0.62,1.25276296849537,5.6021188208797,-0.683383172243965,-0.146854464822377,1.24691278324678,0,"Thetford Reef (16-068)","Thetford Reef (16-068)__THE_16-068_15","Thetford Reef (16-068)__THEDNA1__2021-05-15",0.0199802046983781,0.013352267221836,0.0298981868140143
62,500,365,0.62,1.25276296849537,5.90263333340137,-0.683383172243965,-0.146854464822377,1.45295945257192,0,"Thetford Reef (16-068)","Thetford Reef (16-068)__THE_16-068_15","Thetford Reef (16-068)__THEDNA1__2021-05-15",0.0189554303214998,0.0124371490905986,0.0288899277524009
62,1000,30,0.62,1.79175946922805,3.43398720448515,-0.683383172243965,0.727588360513993,-0.239658678703541,0,"Thetford Reef (16-068)","Thetford Reef (16-068)__THE_16-068_15","Thetford Reef (16-068)__THEDNA1__2021-05-15",0.0384701115783496,0.0257221893939112,0.0575359065352733
62,1000,90,0.62,1.79175946922805,4.51085950651685,-0.683383172243965,0.727588360513993,0.498694851248286,0,"Thetford Reef (16-068)","Thetford Reef (16-068)__THE_16-068_15","Thetford Reef (16-068)__THEDNA1__2021-05-15",0.0280478833367601,0.0188292123944856,0.0417799610090382
62,1000,183,0.62,1.79175946922805,5.21493575760899,-0.683383172243965,0.727588360513993,0.981442141125023,0,"Thetford Reef (16-068)","Thetford Reef (16-068)__THE_16-068_15","Thetford Reef (16-068)__THEDNA1__2021-05-15",0.0215974779239915,0.0144506013170111,0.0322790064194904
62,1000,270,0.62,1.79175946922805,5.6021188208797,-0.683383172243965,0.727588360513993,1.24691278324678,0,"Thetford Reef (16-068)","Thetford Reef (16-068)__THE_16-068_15","Thetford Reef (16-068)__THEDNA1__2021-05-15",0.0197105777612583,0.0131987495657506,0.0294351274525842
62,1000,365,0.62,1.79175946922805,5.90263333340137,-0.683383172243965,0.727588360513993,1.45295945257192,0,"Thetford Reef (16-068)","Thetford Reef (16-068)__THE_16-068_15","Thetford Reef (16-068)__THEDNA1__2021-05-15",0.0186996324106911,0.0123062272283961,0.0284145779047623
62,2000,30,0.62,2.39789527279837,3.43398720448515,-0.683383172243965,1.71095486454706,-0.239658678703541,0,"Thetford Reef (16-068)","Thetford Reef (16-068)__THE_16-068_15","Thetford Reef (16-068)__THEDNA1__2021-05-15",0.0404043852672717,0.0268718193290769,0.0607519099780359
62,2000,90,0.62,2.39789527279837,4.51085950651685,-0.683383172243965,1.71095486454706,0.498694851248286,0,"Thetford Reef (16-068)","Thetford Reef (16-068)__THE_16-068_15","Thetford Reef (16-068)__THEDNA1__2021-05-15",0.0294581283436601,0.0196872076069319,0.044078436253499
62,2000,183,0.62,2.39789527279837,5.21493575760899,-0.683383172243965,1.71095486454706,0.981442141125023,0,"Thetford Reef (16-068)","Thetford Reef (16-068)__THE_16-068_15","Thetford Reef (16-068)__THEDNA1__2021-05-15",0.0226833971371545,0.0151145815860081,0.0340423916304892
62,2000,270,0.62,2.39789527279837,5.6021188208797,-0.683383172243965,1.71095486454706,1.24691278324678,0,"Thetford Reef (16-068)","Thetford Reef (16-068)__THE_16-068_15","Thetford Reef (16-068)__THEDNA1__2021-05-15",0.0207016238069503,0.013812866983582,0.0310259433290623
62,2000,365,0.62,2.39789527279837,5.90263333340137,-0.683383172243965,1.71095486454706,1.45295945257192,0,"Thetford Reef (16-068)","Thetford Reef (16-068)__THE_16-068_15","Thetford Reef (16-068)__THEDNA1__2021-05-15",0.0196398482166902,0.0128877290547171,0.0299295272531702
62,3000,30,0.62,2.77258872223978,3.43398720448515,-0.683383172243965,2.31884006995969,-0.239658678703541,0,"Thetford Reef (16-068)","Thetford Reef (16-068)__THE_16-068_15","Thetford Reef (16-068)__THEDNA1__2021-05-15",0.0425634149539823,0.02793735531045,0.0648466639885285
62,3000,90,0.62,2.77258872223978,4.51085950651685,-0.683383172243965,2.31884006995969,0.498694851248286,0,"Thetford Reef (16-068)","Thetford Reef (16-068)__THE_16-068_15","Thetford Reef (16-068)__THEDNA1__2021-05-15",0.0310322390048711,0.0204898997543876,0.0469987588616304
62,3000,183,0.62,2.77258872223978,5.21493575760899,-0.683383172243965,2.31884006995969,0.981442141125023,0,"Thetford Reef (16-068)","Thetford Reef (16-068)__THE_16-068_15","Thetford Reef (16-068)__THEDNA1__2021-05-15",0.0238954964548548,0.0157417631627372,0.0362726045946109
62,3000,270,0.62,2.77258872223978,5.6021188208797,-0.683383172243965,2.31884006995969,1.24691278324678,0,"Thetford Reef (16-068)","Thetford Reef (16-068)__THE_16-068_15","Thetford Reef (16-068)__THEDNA1__2021-05-15",0.0218078260190781,0.0143843069896243,0.0330625087480006
62,3000,365,0.62,2.77258872223978,5.90263333340137,-0.683383172243965,2.31884006995969,1.45295945257192,0,"Thetford Reef (16-068)","Thetford Reef (16-068)__THE_16-068_15","Thetford Reef (16-068)__THEDNA1__2021-05-15",0.0206893138888402,0.0134243349653578,0.0318859526595213
62,5000,30,0.62,3.25809653802148,3.43398720448515,-0.683383172243965,3.10650534344092,-0.239658678703541,0,"Thetford Reef (16-068)","Thetford Reef (16-068)__THE_16-068_15","Thetford Reef (16-068)__THEDNA1__2021-05-15",0.046073327706352,0.0271981418381195,0.0780476673212197
62,5000,90,0.62,3.25809653802148,4.51085950651685,-0.683383172243965,3.10650534344092,0.498694851248286,0,"Thetford Reef (16-068)","Thetford Reef (16-068)__THE_16-068_15","Thetford Reef (16-068)__THEDNA1__2021-05-15",0.0335912548060126,0.0199550955967506,0.0565455772422459
62,5000,183,0.62,3.25809653802148,5.21493575760899,-0.683383172243965,3.10650534344092,0.981442141125023,0,"Thetford Reef (16-068)","Thetford Reef (16-068)__THE_16-068_15","Thetford Reef (16-068)__THEDNA1__2021-05-15",0.0258659940716878,0.0153503964806849,0.043585170595329
62,5000,270,0.62,3.25809653802148,5.6021188208797,-0.683383172243965,3.10650534344092,1.24691278324678,0,"Thetford Reef (16-068)","Thetford Reef (16-068)__THE_16-068_15","Thetford Reef (16-068)__THEDNA1__2021-05-15",0.0236061677810955,0.0140193460620169,0.039748726855314
62,5000,365,0.62,3.25809653802148,5.90263333340137,-0.683383172243965,3.10650534344092,1.45295945257192,0,"Thetford Reef (16-068)","Thetford Reef (16-068)__THE_16-068_15","Thetford Reef (16-068)__THEDNA1__2021-05-15",0.0223954196309365,0.0131202098480763,0.0382276523206127
64,200,30,0.64,0.693147180559945,3.43398720448515,-0.609557576131898,-1.05474906161454,-0.239658678703541,0,"Thetford Reef (16-068)","Thetford Reef (16-068)__THE_16-068_15","Thetford Reef (16-068)__THEDNA1__2021-05-15",0.0433140477903862,0.0289201519935363,0.0648719528309246
64,200,90,0.64,0.693147180559945,4.51085950651685,-0.609557576131898,-1.05474906161454,0.498694851248286,0,"Thetford Reef (16-068)","Thetford Reef (16-068)__THE_16-068_15","Thetford Reef (16-068)__THEDNA1__2021-05-15",0.0319128709461499,0.0214445537771463,0.0474913743885392
64,200,183,0.64,0.693147180559945,5.21493575760899,-0.609557576131898,-1.05474906161454,0.981442141125023,0,"Thetford Reef (16-068)","Thetford Reef (16-068)__THE_16-068_15","Thetford Reef (16-068)__THEDNA1__2021-05-15",0.0246784326622894,0.0165623417075793,0.0367716745264619
64,200,270,0.64,0.693147180559945,5.6021188208797,-0.609557576131898,-1.05474906161454,1.24691278324678,0,"Thetford Reef (16-068)","Thetford Reef (16-068)__THE_16-068_15","Thetford Reef (16-068)__THEDNA1__2021-05-15",0.0223818922167585,0.0150137213157294,0.0333660848411889
64,200,365,0.64,0.693147180559945,5.90263333340137,-0.609557576131898,-1.05474906161454,1.45295945257192,0,"Thetford Reef (16-068)","Thetford Reef (16-068)__THE_16-068_15","Thetford Reef (16-068)__THEDNA1__2021-05-15",0.0210735971467066,0.0138902695447596,0.0319717695377067
64,500,30,0.64,1.25276296849537,3.43398720448515,-0.609557576131898,-0.146854464822377,-0.239658678703541,0,"Thetford Reef (16-068)","Thetford Reef (16-068)__THE_16-068_15","Thetford Reef (16-068)__THEDNA1__2021-05-15",0.0398968043076224,0.0266539685636179,0.0597192493178456
64,500,90,0.64,1.25276296849537,4.51085950651685,-0.609557576131898,-0.146854464822377,0.498694851248286,0,"Thetford Reef (16-068)","Thetford Reef (16-068)__THE_16-068_15","Thetford Reef (16-068)__THEDNA1__2021-05-15",0.0293951184889155,0.0197249948050827,0.04380599333566
64,500,183,0.64,1.25276296849537,5.21493575760899,-0.609557576131898,-0.146854464822377,0.981442141125023,0,"Thetford Reef (16-068)","Thetford Reef (16-068)__THE_16-068_15","Thetford Reef (16-068)__THEDNA1__2021-05-15",0.0227314381539915,0.0152151096382277,0.0339608647479275
64,500,270,0.64,1.25276296849537,5.6021188208797,-0.609557576131898,-0.146854464822377,1.24691278324678,0,"Thetford Reef (16-068)","Thetford Reef (16-068)__THE_16-068_15","Thetford Reef (16-068)__THEDNA1__2021-05-15",0.020616082295696,0.0137970901795997,0.0308052526793907
64,500,365,0.64,1.25276296849537,5.90263333340137,-0.609557576131898,-0.146854464822377,1.45295945257192,0,"Thetford Reef (16-068)","Thetford Reef (16-068)__THE_16-068_15","Thetford Reef (16-068)__THEDNA1__2021-05-15",0.0194110046119134,0.0127731458431911,0.0294983792300917
64,1000,30,0.64,1.79175946922805,3.43398720448515,-0.609557576131898,0.727588360513993,-0.239658678703541,0,"Thetford Reef (16-068)","Thetford Reef (16-068)__THE_16-068_15","Thetford Reef (16-068)__THEDNA1__2021-05-15",0.039679818952616,0.0265596254099239,0.0592812589715244
64,1000,90,0.64,1.79175946922805,4.51085950651685,-0.609557576131898,0.727588360513993,0.498694851248286,0,"Thetford Reef (16-068)","Thetford Reef (16-068)__THE_16-068_15","Thetford Reef (16-068)__THEDNA1__2021-05-15",0.0292352482854878,0.0196415085803279,0.0435149743625167
64,1000,183,0.64,1.79175946922805,5.21493575760899,-0.609557576131898,0.727588360513993,0.981442141125023,0,"Thetford Reef (16-068)","Thetford Reef (16-068)__THE_16-068_15","Thetford Reef (16-068)__THEDNA1__2021-05-15",0.0226078094758743,0.0151430792625501,0.0337522534509511
64,1000,270,0.64,1.79175946922805,5.6021188208797,-0.609557576131898,0.727588360513993,1.24691278324678,0,"Thetford Reef (16-068)","Thetford Reef (16-068)__THE_16-068_15","Thetford Reef (16-068)__THEDNA1__2021-05-15",0.0205039583295437,0.0137443725666144,0.0305879591914482
64,1000,365,0.64,1.79175946922805,5.90263333340137,-0.609557576131898,0.727588360513993,1.45295945257192,0,"Thetford Reef (16-068)","Thetford Reef (16-068)__THE_16-068_15","Thetford Reef (16-068)__THEDNA1__2021-05-15",0.0193054346596367,0.0127369556326889,0.0292612943112545
64,2000,30,0.64,2.39789527279837,3.43398720448515,-0.609557576131898,1.71095486454706,-0.239658678703541,0,"Thetford Reef (16-068)","Thetford Reef (16-068)__THE_16-068_15","Thetford Reef (16-068)__THEDNA1__2021-05-15",0.0415932155994746,0.0276953287722203,0.0624652481338169
64,2000,90,0.64,2.39789527279837,4.51085950651685,-0.609557576131898,1.71095486454706,0.498694851248286,0,"Thetford Reef (16-068)","Thetford Reef (16-068)__THE_16-068_15","Thetford Reef (16-068)__THEDNA1__2021-05-15",0.0306449983175213,0.0204962735571191,0.0458188616220285
64,2000,183,0.64,2.39789527279837,5.21493575760899,-0.609557576131898,1.71095486454706,0.981442141125023,0,"Thetford Reef (16-068)","Thetford Reef (16-068)__THE_16-068_15","Thetford Reef (16-068)__THEDNA1__2021-05-15",0.0236979784329357,0.0158071548794129,0.0355278471105068
64,2000,270,0.64,2.39789527279837,5.6021188208797,-0.609557576131898,1.71095486454706,1.24691278324678,0,"Thetford Reef (16-068)","Thetford Reef (16-068)__THE_16-068_15","Thetford Reef (16-068)__THEDNA1__2021-05-15",0.0214926776874099,0.0143543754123246,0.0321807937235829
64,2000,365,0.64,2.39789527279837,5.90263333340137,-0.609557576131898,1.71095486454706,1.45295945257192,0,"Thetford Reef (16-068)","Thetford Reef (16-068)__THE_16-068_15","Thetford Reef (16-068)__THEDNA1__2021-05-15",0.0202363601255015,0.0133107605885171,0.0307653547222736
64,3000,30,0.64,2.77258872223978,3.43398720448515,-0.609557576131898,2.31884006995969,-0.239658678703541,0,"Thetford Reef (16-068)","Thetford Reef (16-068)__THE_16-068_15","Thetford Reef (16-068)__THEDNA1__2021-05-15",0.0434392384659051,0.0285368525097734,0.0661238809659022
64,3000,90,0.64,2.77258872223978,4.51085950651685,-0.609557576131898,2.31884006995969,0.498694851248286,0,"Thetford Reef (16-068)","Thetford Reef (16-068)__THE_16-068_15","Thetford Reef (16-068)__THEDNA1__2021-05-15",0.0320051087783384,0.0211395414736549,0.0484554969742291
64,3000,183,0.64,2.77258872223978,5.21493575760899,-0.609557576131898,2.31884006995969,0.981442141125023,0,"Thetford Reef (16-068)","Thetford Reef (16-068)__THE_16-068_15","Thetford Reef (16-068)__THEDNA1__2021-05-15",0.0247497607836113,0.0163127589581889,0.0375504021371252
64,3000,270,0.64,2.77258872223978,5.6021188208797,-0.609557576131898,2.31884006995969,1.24691278324678,0,"Thetford Reef (16-068)","Thetford Reef (16-068)__THE_16-068_15","Thetford Reef (16-068)__THEDNA1__2021-05-15",0.0224465826428199,0.0148108830051719,0.0340188408864618
64,3000,365,0.64,2.77258872223978,5.90263333340137,-0.609557576131898,2.31884006995969,1.45295945257192,0,"Thetford Reef (16-068)","Thetford Reef (16-068)__THE_16-068_15","Thetford Reef (16-068)__THEDNA1__2021-05-15",0.0211345062050143,0.0137367976727735,0.0325161193438183
64,5000,30,0.64,3.25809653802148,3.43398720448515,-0.609557576131898,3.10650534344092,-0.239658678703541,0,"Thetford Reef (16-068)","Thetford Reef (16-068)__THE_16-068_15","Thetford Reef (16-068)__THEDNA1__2021-05-15",0.0463066421049412,0.0274249482694383,0.0781881184229865
64,5000,90,0.64,3.25809653802148,4.51085950651685,-0.609557576131898,3.10650534344092,0.498694851248286,0,"Thetford Reef (16-068)","Thetford Reef (16-068)__THE_16-068_15","Thetford Reef (16-068)__THEDNA1__2021-05-15",0.0341177509106536,0.0203231571684768,0.0572755953984803
64,5000,183,0.64,3.25809653802148,5.21493575760899,-0.609557576131898,3.10650534344092,0.981442141125023,0,"Thetford Reef (16-068)","Thetford Reef (16-068)__THE_16-068_15","Thetford Reef (16-068)__THEDNA1__2021-05-15",0.0263834808174444,0.0156998422352325,0.0443372646434845
64,5000,270,0.64,3.25809653802148,5.6021188208797,-0.609557576131898,3.10650534344092,1.24691278324678,0,"Thetford Reef (16-068)","Thetford Reef (16-068)__THE_16-068_15","Thetford Reef (16-068)__THEDNA1__2021-05-15",0.0239282709740845,0.0142463529844454,0.0401900860124941
64,5000,365,0.64,3.25809653802148,5.90263333340137,-0.609557576131898,3.10650534344092,1.45295945257192,0,"Thetford Reef (16-068)","Thetford Reef (16-068)__THE_16-068_15","Thetford Reef (16-068)__THEDNA1__2021-05-15",0.0225295849895804,0.0132452585850897,0.0383218037263625
66,200,30,0.66,0.693147180559945,3.43398720448515,-0.535731980019832,-1.05474906161454,-0.239658678703541,0,"Thetford Reef (16-068)","Thetford Reef (16-068)__THE_16-068_15","Thetford Reef (16-068)__THEDNA1__2021-05-15",0.0440427834368369,0.0294400484465445,0.0658887085864085
66,200,90,0.66,0.693147180559945,4.51085950651685,-0.535731980019832,-1.05474906161454,0.498694851248286,0,"Thetford Reef (16-068)","Thetford Reef (16-068)__THE_16-068_15","Thetford Reef (16-068)__THEDNA1__2021-05-15",0.032792333390351,0.022049386723291,0.0487694801981969
66,200,183,0.66,0.693147180559945,5.21493575760899,-0.535731980019832,-1.05474906161454,0.981442141125023,0,"Thetford Reef (16-068)","Thetford Reef (16-068)__THE_16-068_15","Thetford Reef (16-068)__THEDNA1__2021-05-15",0.0254667057500258,0.0171033889224846,0.0379195669757466
66,200,270,0.66,0.693147180559945,5.6021188208797,-0.535731980019832,-1.05474906161454,1.24691278324678,0,"Thetford Reef (16-068)","Thetford Reef (16-068)__THE_16-068_15","Thetford Reef (16-068)__THEDNA1__2021-05-15",0.0229527595179425,0.0154067808199212,0.0341946299909259
66,200,365,0.66,0.693147180559945,5.90263333340137,-0.535731980019832,-1.05474906161454,1.45295945257192,0,"Thetford Reef (16-068)","Thetford Reef (16-068)__THE_16-068_15","Thetford Reef (16-068)__THEDNA1__2021-05-15",0.02144790803841,0.0141661230386815,0.0324727349867002
66,500,30,0.66,1.25276296849537,3.43398720448515,-0.535731980019832,-0.146854464822377,-0.239658678703541,0,"Thetford Reef (16-068)","Thetford Reef (16-068)__THE_16-068_15","Thetford Reef (16-068)__THEDNA1__2021-05-15",0.0408180446569913,0.0273013981470974,0.0610266463513433
66,500,90,0.66,1.25276296849537,4.51085950651685,-0.535731980019832,-0.146854464822377,0.498694851248286,0,"Thetford Reef (16-068)","Thetford Reef (16-068)__THE_16-068_15","Thetford Reef (16-068)__THEDNA1__2021-05-15",0.0303913337051892,0.0204112829011829,0.0452511078726288
66,500,183,0.66,1.25276296849537,5.21493575760899,-0.535731980019832,-0.146854464822377,0.981442141125023,0,"Thetford Reef (16-068)","Thetford Reef (16-068)__THE_16-068_15","Thetford Reef (16-068)__THEDNA1__2021-05-15",0.023602076241657,0.0158147201150776,0.0352240190697964
66,500,270,0.66,1.25276296849537,5.6021188208797,-0.535731980019832,-0.146854464822377,1.24691278324678,0,"Thetford Reef (16-068)","Thetford Reef (16-068)__THE_16-068_15","Thetford Reef (16-068)__THEDNA1__2021-05-15",0.0212721969388737,0.0142507864415593,0.0317530800466276
66,500,365,0.66,1.25276296849537,5.90263333340137,-0.535731980019832,-0.146854464822377,1.45295945257192,0,"Thetford Reef (16-068)","Thetford Reef (16-068)__THE_16-068_15","Thetford Reef (16-068)__THEDNA1__2021-05-15",0.0198775281622786,0.0131114439945025,0.0301352105845737
66,1000,30,0.66,1.79175946922805,3.43398720448515,-0.535731980019832,0.727588360513993,-0.239658678703541,0,"Thetford Reef (16-068)","Thetford Reef (16-068)__THE_16-068_15","Thetford Reef (16-068)__THEDNA1__2021-05-15",0.0409275660380065,0.0274131284815447,0.0611045055628394
66,1000,90,0.66,1.79175946922805,4.51085950651685,-0.535731980019832,0.727588360513993,0.498694851248286,0,"Thetford Reef (16-068)","Thetford Reef (16-068)__THE_16-068_15","Thetford Reef (16-068)__THEDNA1__2021-05-15",0.030472878543171,0.0204811713086247,0.0453390244490468
66,1000,183,0.66,1.79175946922805,5.21493575760899,-0.535731980019832,0.727588360513993,0.981442141125023,0,"Thetford Reef (16-068)","Thetford Reef (16-068)__THE_16-068_15","Thetford Reef (16-068)__THEDNA1__2021-05-15",0.0236654044095429,0.0158624724728289,0.0353066879596817
66,1000,270,0.66,1.79175946922805,5.6021188208797,-0.535731980019832,0.727588360513993,1.24691278324678,0,"Thetford Reef (16-068)","Thetford Reef (16-068)__THE_16-068_15","Thetford Reef (16-068)__THEDNA1__2021-05-15",0.0213292736657368,0.0143069396129972,0.0317984088431185
66,1000,365,0.66,1.79175946922805,5.90263333340137,-0.535731980019832,0.727588360513993,1.45295945257192,0,"Thetford Reef (16-068)","Thetford Reef (16-068)__THE_16-068_15","Thetford Reef (16-068)__THEDNA1__2021-05-15",0.0199308627684263,0.0131762150253493,0.0301482094766674
66,2000,30,0.66,2.39789527279837,3.43398720448515,-0.535731980019832,1.71095486454706,-0.239658678703541,0,"Thetford Reef (16-068)","Thetford Reef (16-068)__THE_16-068_15","Thetford Reef (16-068)__THEDNA1__2021-05-15",0.0428170252426957,0.0285315093352956,0.064255193410526
66,2000,90,0.66,2.39789527279837,4.51085950651685,-0.535731980019832,1.71095486454706,0.498694851248286,0,"Thetford Reef (16-068)","Thetford Reef (16-068)__THE_16-068_15","Thetford Reef (16-068)__THEDNA1__2021-05-15",0.0318796873625204,0.0213300630285804,0.0476470446885351
66,2000,183,0.66,2.39789527279837,5.21493575760899,-0.535731980019832,1.71095486454706,0.981442141125023,0,"Thetford Reef (16-068)","Thetford Reef (16-068)__THE_16-068_15","Thetford Reef (16-068)__THEDNA1__2021-05-15",0.0247579398452632,0.0165245994457698,0.0370935215339567
66,2000,270,0.66,2.39789527279837,5.6021188208797,-0.535731980019832,1.71095486454706,1.24691278324678,0,"Thetford Reef (16-068)","Thetford Reef (16-068)__THE_16-068_15","Thetford Reef (16-068)__THEDNA1__2021-05-15",0.0223139594498764,0.0149109954931509,0.0333923235748704
66,2000,365,0.66,2.39789527279837,5.90263333340137,-0.535731980019832,1.71095486454706,1.45295945257192,0,"Thetford Reef (16-068)","Thetford Reef (16-068)__THE_16-068_15","Thetford Reef (16-068)__THEDNA1__2021-05-15",0.0208509896110592,0.013740630597847,0.031640743462576
66,3000,30,0.66,2.77258872223978,3.43398720448515,-0.535731980019832,2.31884006995969,-0.239658678703541,0,"Thetford Reef (16-068)","Thetford Reef (16-068)__THE_16-068_15","Thetford Reef (16-068)__THEDNA1__2021-05-15",0.0443330837184439,0.0291336281556531,0.0674623257180959
66,3000,90,0.66,2.77258872223978,4.51085950651685,-0.535731980019832,2.31884006995969,0.498694851248286,0,"Thetford Reef (16-068)","Thetford Reef (16-068)__THE_16-068_15","Thetford Reef (16-068)__THEDNA1__2021-05-15",0.0330084783038854,0.0217990390738888,0.049982003162844
66,3000,183,0.66,2.77258872223978,5.21493575760899,-0.535731980019832,2.31884006995969,0.981442141125023,0,"Thetford Reef (16-068)","Thetford Reef (16-068)__THE_16-068_15","Thetford Reef (16-068)__THEDNA1__2021-05-15",0.0256345650739361,0.016895941672712,0.0388928264111595
66,3000,270,0.66,2.77258872223978,5.6021188208797,-0.535731980019832,2.31884006995969,1.24691278324678,0,"Thetford Reef (16-068)","Thetford Reef (16-068)__THE_16-068_15","Thetford Reef (16-068)__THEDNA1__2021-05-15",0.023104048606228,0.0152425487111075,0.0350201972200332
66,3000,365,0.66,2.77258872223978,5.90263333340137,-0.535731980019832,2.31884006995969,1.45295945257192,0,"Thetford Reef (16-068)","Thetford Reef (16-068)__THE_16-068_15","Thetford Reef (16-068)__THEDNA1__2021-05-15",0.0215892781621298,0.0140481797076356,0.0331784573704221
66,5000,30,0.66,3.25809653802148,3.43398720448515,-0.535731980019832,3.10650534344092,-0.239658678703541,0,"Thetford Reef (16-068)","Thetford Reef (16-068)__THE_16-068_15","Thetford Reef (16-068)__THEDNA1__2021-05-15",0.0465411380029206,0.0276243576021402,0.0784118696189727
66,5000,90,0.66,3.25809653802148,4.51085950651685,-0.535731980019832,3.10650534344092,0.498694851248286,0,"Thetford Reef (16-068)","Thetford Reef (16-068)__THE_16-068_15","Thetford Reef (16-068)__THEDNA1__2021-05-15",0.0346524991079836,0.0206766523480353,0.0580749569232325
66,5000,183,0.66,3.25809653802148,5.21493575760899,-0.535731980019832,3.10650534344092,0.981442141125023,0,"Thetford Reef (16-068)","Thetford Reef (16-068)__THE_16-068_15","Thetford Reef (16-068)__THEDNA1__2021-05-15",0.026911320636479,0.0160405993992294,0.0451491344166461
66,5000,270,0.66,3.25809653802148,5.6021188208797,-0.535731980019832,3.10650534344092,1.24691278324678,0,"Thetford Reef (16-068)","Thetford Reef (16-068)__THE_16-068_15","Thetford Reef (16-068)__THEDNA1__2021-05-15",0.0242547692246658,0.0144621702423191,0.0406781154062432
66,5000,365,0.66,3.25809653802148,5.90263333340137,-0.535731980019832,3.10650534344092,1.45295945257192,0,"Thetford Reef (16-068)","Thetford Reef (16-068)__THE_16-068_15","Thetford Reef (16-068)__THEDNA1__2021-05-15",0.0226645540993374,0.0133569596940119,0.0384580042382012
68,200,30,0.68,0.693147180559945,3.43398720448515,-0.461906383907765,-1.05474906161454,-0.239658678703541,0,"Thetford Reef (16-068)","Thetford Reef (16-068)__THE_16-068_15","Thetford Reef (16-068)__THEDNA1__2021-05-15",0.0447837796700833,0.0299548045520116,0.0669537642302487
68,200,90,0.68,0.693147180559945,4.51085950651685,-0.461906383907765,-1.05474906161454,0.498694851248286,0,"Thetford Reef (16-068)","Thetford Reef (16-068)__THE_16-068_15","Thetford Reef (16-068)__THEDNA1__2021-05-15",0.0336960322685621,0.0226612641745581,0.0501041151940112
68,200,183,0.68,0.693147180559945,5.21493575760899,-0.461906383907765,-1.05474906161454,0.981442141125023,0,"Thetford Reef (16-068)","Thetford Reef (16-068)__THE_16-068_15","Thetford Reef (16-068)__THEDNA1__2021-05-15",0.026280157683978,0.017654121173472,0.039120989434045
68,200,270,0.68,0.693147180559945,5.6021188208797,-0.461906383907765,-1.05474906161454,1.24691278324678,0,"Thetford Reef (16-068)","Thetford Reef (16-068)__THE_16-068_15","Thetford Reef (16-068)__THEDNA1__2021-05-15",0.023538187226817,0.0158030603547039,0.0350594280784212
68,200,365,0.68,0.693147180559945,5.90263333340137,-0.461906383907765,-1.05474906161454,1.45295945257192,0,"Thetford Reef (16-068)","Thetford Reef (16-068)__THE_16-068_15","Thetford Reef (16-068)__THEDNA1__2021-05-15",0.0218288674696425,0.0144394446540341,0.0329998463530999
68,500,30,0.68,1.25276296849537,3.43398720448515,-0.461906383907765,-0.146854464822377,-0.239658678703541,0,"Thetford Reef (16-068)","Thetford Reef (16-068)__THE_16-068_15","Thetford Reef (16-068)__THEDNA1__2021-05-15",0.0417605569802948,0.0279524238683609,0.0623897279004274
68,500,90,0.68,1.25276296849537,4.51085950651685,-0.461906383907765,-0.146854464822377,0.498694851248286,0,"Thetford Reef (16-068)","Thetford Reef (16-068)__THE_16-068_15","Thetford Reef (16-068)__THEDNA1__2021-05-15",0.0314213111516615,0.021112914046771,0.0467627913561522
68,500,183,0.68,1.25276296849537,5.21493575760899,-0.461906383907765,-0.146854464822377,0.981442141125023,0,"Thetford Reef (16-068)","Thetford Reef (16-068)__THE_16-068_15","Thetford Reef (16-068)__THEDNA1__2021-05-15",0.0245060606875493,0.0164309865331342,0.0365496623839843
68,500,270,0.68,1.25276296849537,5.6021188208797,-0.461906383907765,-0.146854464822377,1.24691278324678,0,"Thetford Reef (16-068)","Thetford Reef (16-068)__THE_16-068_15","Thetford Reef (16-068)__THEDNA1__2021-05-15",0.0219491926795761,0.0147132159663975,0.0327438311505405
68,500,365,0.68,1.25276296849537,5.90263333340137,-0.461906383907765,-0.146854464822377,1.45295945257192,0,"Thetford Reef (16-068)","Thetford Reef (16-068)__THE_16-068_15","Thetford Reef (16-068)__THEDNA1__2021-05-15",0.0203552641268077,0.0134516300661803,0.0308019753467514
68,1000,30,0.68,1.79175946922805,3.43398720448515,-0.461906383907765,0.727588360513993,-0.239658678703541,0,"Thetford Reef (16-068)","Thetford Reef (16-068)__THE_16-068_15","Thetford Reef (16-068)__THEDNA1__2021-05-15",0.0422145490077885,0.0282824489106946,0.0630096832688741
68,1000,90,0.68,1.79175946922805,4.51085950651685,-0.461906383907765,0.727588360513993,0.498694851248286,0,"Thetford Reef (16-068)","Thetford Reef (16-068)__THE_16-068_15","Thetford Reef (16-068)__THEDNA1__2021-05-15",0.0317629020160502,0.021348703782926,0.0472572927489901
68,1000,183,0.68,1.79175946922805,5.21493575760899,-0.461906383907765,0.727588360513993,0.981442141125023,0,"Thetford Reef (16-068)","Thetford Reef (16-068)__THE_16-068_15","Thetford Reef (16-068)__THEDNA1__2021-05-15",0.0247724737093553,0.0166094435809912,0.0369473818125387
68,1000,270,0.68,1.79175946922805,5.6021188208797,-0.461906383907765,0.727588360513993,1.24691278324678,0,"Thetford Reef (16-068)","Thetford Reef (16-068)__THE_16-068_15","Thetford Reef (16-068)__THEDNA1__2021-05-15",0.0221878091925491,0.0148866654389757,0.0330697884481269
68,1000,365,0.68,1.79175946922805,5.90263333340137,-0.461906383907765,0.727588360513993,1.45295945257192,0,"Thetford Reef (16-068)","Thetford Reef (16-068)__THE_16-068_15","Thetford Reef (16-068)__THEDNA1__2021-05-15",0.0205765525458166,0.0136237563604445,0.0310776634188822
68,2000,30,0.68,2.39789527279837,3.43398720448515,-0.461906383907765,1.71095486454706,-0.239658678703541,0,"Thetford Reef (16-068)","Thetford Reef (16-068)__THE_16-068_15","Thetford Reef (16-068)__THEDNA1__2021-05-15",0.0440768434036825,0.0293799248127521,0.0661257010293475
68,2000,90,0.68,2.39789527279837,4.51085950651685,-0.461906383907765,1.71095486454706,0.498694851248286,0,"Thetford Reef (16-068)","Thetford Reef (16-068)__THE_16-068_15","Thetford Reef (16-068)__THEDNA1__2021-05-15",0.0331641221122523,0.0221888771285102,0.0495680330783024
68,2000,183,0.68,2.39789527279837,5.21493575760899,-0.461906383907765,1.71095486454706,0.981442141125023,0,"Thetford Reef (16-068)","Thetford Reef (16-068)__THE_16-068_15","Thetford Reef (16-068)__THEDNA1__2021-05-15",0.0258653111326061,0.017267401281738,0.03874435469882
68,2000,270,0.68,2.39789527279837,5.6021188208797,-0.461906383907765,1.71095486454706,1.24691278324678,0,"Thetford Reef (16-068)","Thetford Reef (16-068)__THE_16-068_15","Thetford Reef (16-068)__THEDNA1__2021-05-15",0.023166624167188,0.0154828221277092,0.0346637370678846
68,2000,365,0.68,2.39789527279837,5.90263333340137,-0.461906383907765,1.71095486454706,1.45295945257192,0,"Thetford Reef (16-068)","Thetford Reef (16-068)__THE_16-068_15","Thetford Reef (16-068)__THEDNA1__2021-05-15",0.021484286950034,0.0141770143125912,0.0325579544164993
68,3000,30,0.68,2.77258872223978,3.43398720448515,-0.461906383907765,2.31884006995969,-0.239658678703541,0,"Thetford Reef (16-068)","Thetford Reef (16-068)__THE_16-068_15","Thetford Reef (16-068)__THEDNA1__2021-05-15",0.0452453215433138,0.0297269431469303,0.0688647706371805
68,3000,90,0.68,2.77258872223978,4.51085950651685,-0.461906383907765,2.31884006995969,0.498694851248286,0,"Thetford Reef (16-068)","Thetford Reef (16-068)__THE_16-068_15","Thetford Reef (16-068)__THEDNA1__2021-05-15",0.0340433037576646,0.0224680521456884,0.0515819761865303
68,3000,183,0.68,2.77258872223978,5.21493575760899,-0.461906383907765,2.31884006995969,0.981442141125023,0,"Thetford Reef (16-068)","Thetford Reef (16-068)__THE_16-068_15","Thetford Reef (16-068)__THEDNA1__2021-05-15",0.0265510011298777,0.0174911482935862,0.0403035666478951
68,3000,270,0.68,2.77258872223978,5.6021188208797,-0.461906383907765,2.31884006995969,1.24691278324678,0,"Thetford Reef (16-068)","Thetford Reef (16-068)__THE_16-068_15","Thetford Reef (16-068)__THEDNA1__2021-05-15",0.0237807719104938,0.0156790260807444,0.0360688929112413
68,3000,365,0.68,2.77258872223978,5.90263333340137,-0.461906383907765,2.31884006995969,1.45295945257192,0,"Thetford Reef (16-068)","Thetford Reef (16-068)__THE_16-068_15","Thetford Reef (16-068)__THEDNA1__2021-05-15",0.0220538358947432,0.0143580151691975,0.0338745761124201
68,5000,30,0.68,3.25809653802148,3.43398720448515,-0.461906383907765,3.10650534344092,-0.239658678703541,0,"Thetford Reef (16-068)","Thetford Reef (16-068)__THE_16-068_15","Thetford Reef (16-068)__THEDNA1__2021-05-15",0.0467768213833793,0.027795374310904,0.0787206890707064
68,5000,90,0.68,3.25809653802148,4.51085950651685,-0.461906383907765,3.10650534344092,0.498694851248286,0,"Thetford Reef (16-068)","Thetford Reef (16-068)__THE_16-068_15","Thetford Reef (16-068)__THEDNA1__2021-05-15",0.0351956287380552,0.0210143784597025,0.0589468912745826
68,5000,183,0.68,3.25809653802148,5.21493575760899,-0.461906383907765,3.10650534344092,0.981442141125023,0,"Thetford Reef (16-068)","Thetford Reef (16-068)__THE_16-068_15","Thetford Reef (16-068)__THEDNA1__2021-05-15",0.027449720657046,0.0163716013882114,0.0460240355407393
68,5000,270,0.68,3.25809653802148,5.6021188208797,-0.461906383907765,3.10650534344092,1.24691278324678,0,"Thetford Reef (16-068)","Thetford Reef (16-068)__THE_16-068_15","Thetford Reef (16-068)__THEDNA1__2021-05-15",0.0245857225028481,0.0146660520209281,0.0412147556905231
68,5000,365,0.68,3.25809653802148,5.90263333340137,-0.461906383907765,3.10650534344092,1.45295945257192,0,"Thetford Reef (16-068)","Thetford Reef (16-068)__THE_16-068_15","Thetford Reef (16-068)__THEDNA1__2021-05-15",0.0228003317752796,0.0134547547606484,0.0386372801519403
70,200,30,0.7,0.693147180559945,3.43398720448515,-0.388080787795699,-1.05474906161454,-0.239658678703541,0,"Thetford Reef (16-068)","Thetford Reef (16-068)__THE_16-068_15","Thetford Reef (16-068)__THEDNA1__2021-05-15",0.045537242767929,0.0304637570663537,0.0680690984499604
70,200,90,0.7,0.693147180559945,4.51085950651685,-0.388080787795699,-1.05474906161454,0.498694851248286,0,"Thetford Reef (16-068)","Thetford Reef (16-068)__THE_16-068_15","Thetford Reef (16-068)__THEDNA1__2021-05-15",0.0346246354941632,0.0232798190242845,0.0514980542526151
70,200,183,0.7,0.693147180559945,5.21493575760899,-0.388080787795699,-1.05474906161454,0.981442141125023,0,"Thetford Reef (16-068)","Thetford Reef (16-068)__THE_16-068_15","Thetford Reef (16-068)__THEDNA1__2021-05-15",0.0271195927213338,0.0182143284957575,0.0403787770459025
70,200,270,0.7,0.693147180559945,5.6021188208797,-0.388080787795699,-1.05474906161454,1.24691278324678,0,"Thetford Reef (16-068)","Thetford Reef (16-068)__THE_16-068_15","Thetford Reef (16-068)__THEDNA1__2021-05-15",0.0241385467177306,0.0162022723019129,0.035962204978821
70,200,365,0.7,0.693147180559945,5.90263333340137,-0.388080787795699,-1.05474906161454,1.45295945257192,0,"Thetford Reef (16-068)","Thetford Reef (16-068)__THE_16-068_15","Thetford Reef (16-068)__THEDNA1__2021-05-15",0.0222165935322864,0.0147097902622432,0.0335543212635557
70,500,30,0.7,1.25276296849537,3.43398720448515,-0.388080787795699,-0.146854464822377,-0.239658678703541,0,"Thetford Reef (16-068)","Thetford Reef (16-068)__THE_16-068_15","Thetford Reef (16-068)__THEDNA1__2021-05-15",0.0427248324597476,0.0286064914648377,0.0638110867583061
70,500,90,0.7,1.25276296849537,4.51085950651685,-0.388080787795699,-0.146854464822377,0.498694851248286,0,"Thetford Reef (16-068)","Thetford Reef (16-068)__THE_16-068_15","Thetford Reef (16-068)__THEDNA1__2021-05-15",0.0324861950471409,0.0218298076991956,0.0483445792644234
70,500,183,0.7,1.25276296849537,5.21493575760899,-0.388080787795699,-0.146854464822377,0.981442141125023,0,"Thetford Reef (16-068)","Thetford Reef (16-068)__THE_16-068_15","Thetford Reef (16-068)__THEDNA1__2021-05-15",0.0254446686924051,0.017063989922383,0.0379413705593567
70,500,270,0.7,1.25276296849537,5.6021188208797,-0.388080787795699,-0.146854464822377,1.24691278324678,0,"Thetford Reef (16-068)","Thetford Reef (16-068)__THE_16-068_15","Thetford Reef (16-068)__THEDNA1__2021-05-15",0.0226477340666564,0.0151842382082657,0.0337797557782502
70,500,365,0.7,1.25276296849537,5.90263333340137,-0.388080787795699,-0.146854464822377,1.45295945257192,0,"Thetford Reef (16-068)","Thetford Reef (16-068)__THE_16-068_15","Thetford Reef (16-068)__THEDNA1__2021-05-15",0.020844481984354,0.0137932926546573,0.0315002690129503
70,1000,30,0.7,1.79175946922805,3.43398720448515,-0.388080787795699,0.727588360513993,-0.239658678703541,0,"Thetford Reef (16-068)","Thetford Reef (16-068)__THE_16-068_15","Thetford Reef (16-068)__THEDNA1__2021-05-15",0.0435420016493552,0.0291673403924586,0.0650009867928395
70,1000,90,0.7,1.79175946922805,4.51085950651685,-0.388080787795699,0.727588360513993,0.498694851248286,0,"Thetford Reef (16-068)","Thetford Reef (16-068)__THE_16-068_15","Thetford Reef (16-068)__THEDNA1__2021-05-15",0.0331075366920759,0.022244619238352,0.0492752415346964
70,1000,183,0.7,1.79175946922805,5.21493575760899,-0.388080787795699,0.727588360513993,0.981442141125023,0,"Thetford Reef (16-068)","Thetford Reef (16-068)__THE_16-068_15","Thetford Reef (16-068)__THEDNA1__2021-05-15",0.0259313317896753,0.0173846687044525,0.0386797114065224
70,1000,270,0.7,1.79175946922805,5.6021188208797,-0.388080787795699,0.727588360513993,1.24691278324678,0,"Thetford Reef (16-068)","Thetford Reef (16-068)__THE_16-068_15","Thetford Reef (16-068)__THEDNA1__2021-05-15",0.0230809020729005,0.0154837674028132,0.0344055827396396
70,1000,365,0.7,1.79175946922805,5.90263333340137,-0.388080787795699,0.727588360513993,1.45295945257192,0,"Thetford Reef (16-068)","Thetford Reef (16-068)__THE_16-068_15","Thetford Reef (16-068)__THEDNA1__2021-05-15",0.021243160398529,0.0140793237621614,0.032052097909023
70,2000,30,0.7,2.39789527279837,3.43398720448515,-0.388080787795699,1.71095486454706,-0.239658678703541,0,"Thetford Reef (16-068)","Thetford Reef (16-068)__THE_16-068_15","Thetford Reef (16-068)__THEDNA1__2021-05-15",0.0453737295718405,0.0302401466580554,0.0680808647702142
70,2000,90,0.7,2.39789527279837,4.51085950651685,-0.388080787795699,1.71095486454706,0.498694851248286,0,"Thetford Reef (16-068)","Thetford Reef (16-068)__THE_16-068_15","Thetford Reef (16-068)__THEDNA1__2021-05-15",0.0345003068245091,0.0230730231583391,0.0515871354532524
70,2000,183,0.7,2.39789527279837,5.21493575760899,-0.388080787795699,1.71095486454706,0.981442141125023,0,"Thetford Reef (16-068)","Thetford Reef (16-068)__THE_16-068_15","Thetford Reef (16-068)__THEDNA1__2021-05-15",0.027022212840319,0.0180360546866201,0.0404855717880027
70,2000,270,0.7,2.39789527279837,5.6021188208797,-0.388080787795699,1.71095486454706,1.24691278324678,0,"Thetford Reef (16-068)","Thetford Reef (16-068)__THE_16-068_15","Thetford Reef (16-068)__THEDNA1__2021-05-15",0.024051871050017,0.0160699520563805,0.0359983961978876
70,2000,365,0.7,2.39789527279837,5.90263333340137,-0.388080787795699,1.71095486454706,1.45295945257192,0,"Thetford Reef (16-068)","Thetford Reef (16-068)__THE_16-068_15","Thetford Reef (16-068)__THEDNA1__2021-05-15",0.0221368191323919,0.0146195841382982,0.0335193365737744
70,3000,30,0.7,2.77258872223978,3.43398720448515,-0.388080787795699,2.31884006995969,-0.239658678703541,0,"Thetford Reef (16-068)","Thetford Reef (16-068)__THE_16-068_15","Thetford Reef (16-068)__THEDNA1__2021-05-15",0.0461763304028,0.0303161085837206,0.0703340101708682
70,3000,90,0.7,2.77258872223978,4.51085950651685,-0.388080787795699,2.31884006995969,0.498694851248286,0,"Thetford Reef (16-068)","Thetford Reef (16-068)__THE_16-068_15","Thetford Reef (16-068)__THEDNA1__2021-05-15",0.0351105712922308,0.0231462568640112,0.053259247216925
70,3000,183,0.7,2.77258872223978,5.21493575760899,-0.388080787795699,2.31884006995969,0.981442141125023,0,"Thetford Reef (16-068)","Thetford Reef (16-068)__THE_16-068_15","Thetford Reef (16-068)__THEDNA1__2021-05-15",0.0275001997874943,0.0180982245308954,0.0417864739748968
70,3000,270,0.7,2.77258872223978,5.6021188208797,-0.388080787795699,2.31884006995969,1.24691278324678,0,"Thetford Reef (16-068)","Thetford Reef (16-068)__THE_16-068_15","Thetford Reef (16-068)__THEDNA1__2021-05-15",0.0244773166078989,0.0161200508539851,0.037167316266574
70,3000,365,0.7,2.77258872223978,5.90263333340137,-0.388080787795699,2.31884006995969,1.45295945257192,0,"Thetford Reef (16-068)","Thetford Reef (16-068)__THE_16-068_15","Thetford Reef (16-068)__THEDNA1__2021-05-15",0.0225283899730107,0.0146658624150741,0.034606103644774
70,5000,30,0.7,3.25809653802148,3.43398720448515,-0.388080787795699,3.10650534344092,-0.239658678703541,0,"Thetford Reef (16-068)","Thetford Reef (16-068)__THE_16-068_15","Thetford Reef (16-068)__THEDNA1__2021-05-15",0.0470136982597043,0.0279372610352453,0.0791161245644677
70,5000,90,0.7,3.25809653802148,4.51085950651685,-0.388080787795699,3.10650534344092,0.498694851248286,0,"Thetford Reef (16-068)","Thetford Reef (16-068)__THE_16-068_15","Thetford Reef (16-068)__THEDNA1__2021-05-15",0.0357472711681455,0.0213352844453576,0.0598945563271823
70,5000,183,0.7,3.25809653802148,5.21493575760899,-0.388080787795699,3.10650534344092,0.981442141125023,0,"Thetford Reef (16-068)","Thetford Reef (16-068)__THE_16-068_15","Thetford Reef (16-068)__THEDNA1__2021-05-15",0.0279988921513011,0.0166918844807667,0.0469652160966897
70,5000,270,0.7,3.25809653802148,5.6021188208797,-0.388080787795699,3.10650534344092,1.24691278324678,0,"Thetford Reef (16-068)","Thetford Reef (16-068)__THE_16-068_15","Thetford Reef (16-068)__THEDNA1__2021-05-15",0.0249211915969232,0.0148573649022004,0.0418018803939166
70,5000,365,0.7,3.25809653802148,5.90263333340137,-0.388080787795699,3.10650534344092,1.45295945257192,0,"Thetford Reef (16-068)","Thetford Reef (16-068)__THE_16-068_15","Thetford Reef (16-068)__THEDNA1__2021-05-15",0.0229369228613249,0.013538213241217,0.0388605513129791
72,200,30,0.72,0.693147180559945,3.43398720448515,-0.314255191683632,-1.05474906161454,-0.239658678703541,0,"Thetford Reef (16-068)","Thetford Reef (16-068)__THE_16-068_15","Thetford Reef (16-068)__THEDNA1__2021-05-15",0.0463033824786913,0.030966290428573,0.0692366828346244
72,200,90,0.72,0.693147180559945,4.51085950651685,-0.314255191683632,-1.05474906161454,0.498694851248286,0,"Thetford Reef (16-068)","Thetford Reef (16-068)__THE_16-068_15","Thetford Reef (16-068)__THEDNA1__2021-05-15",0.0355788293870489,0.0239046992209388,0.0529541530246042
72,200,183,0.72,0.693147180559945,5.21493575760899,-0.314255191683632,-1.05474906161454,0.981442141125023,0,"Thetford Reef (16-068)","Thetford Reef (16-068)__THE_16-068_15","Thetford Reef (16-068)__THEDNA1__2021-05-15",0.0279858408086877,0.0187838087214545,0.0416958720876799
72,200,270,0.72,0.693147180559945,5.6021188208797,-0.314255191683632,-1.05474906161454,1.24691278324678,0,"Thetford Reef (16-068)","Thetford Reef (16-068)__THE_16-068_15","Thetford Reef (16-068)__THEDNA1__2021-05-15",0.0247542188372192,0.016604141905876,0.0369047285740243
72,200,365,0.72,0.693147180559945,5.90263333340137,-0.314255191683632,-1.05474906161454,1.45295945257192,0,"Thetford Reef (16-068)","Thetford Reef (16-068)__THE_16-068_15","Thetford Reef (16-068)__THEDNA1__2021-05-15",0.0226112064157818,0.0149767405583735,0.0341373781287307
72,500,30,0.72,1.25276296849537,3.43398720448515,-0.314255191683632,-0.146854464822377,-0.239658678703541,0,"Thetford Reef (16-068)","Thetford Reef (16-068)__THE_16-068_15","Thetford Reef (16-068)__THEDNA1__2021-05-15",0.0437113736192466,0.0292630660886187,0.0652933693925015
72,500,90,0.72,1.25276296849537,4.51085950651685,-0.314255191683632,-0.146854464822377,0.498694851248286,0,"Thetford Reef (16-068)","Thetford Reef (16-068)__THE_16-068_15","Thetford Reef (16-068)__THEDNA1__2021-05-15",0.033587168388582,0.022561886492498,0.0500001575993241
72,500,183,0.72,1.25276296849537,5.21493575760899,-0.314255191683632,-0.146854464822377,0.981442141125023,0,"Thetford Reef (16-068)","Thetford Reef (16-068)__THE_16-068_15","Thetford Reef (16-068)__THEDNA1__2021-05-15",0.0264192263750983,0.0177138127445357,0.0394028960520654
72,500,270,0.72,1.25276296849537,5.6021188208797,-0.314255191683632,-0.146854464822377,1.24691278324678,0,"Thetford Reef (16-068)","Thetford Reef (16-068)__THE_16-068_15","Thetford Reef (16-068)__THEDNA1__2021-05-15",0.0233685067984878,0.0156637151493994,0.0348631920832593
72,500,365,0.72,1.25276296849537,5.90263333340137,-0.314255191683632,-0.146854464822377,1.45295945257192,0,"Thetford Reef (16-068)","Thetford Reef (16-068)__THE_16-068_15","Thetford Reef (16-068)__THEDNA1__2021-05-15",0.021345457690418,0.0141360276764908,0.0322317255201167
72,1000,30,0.72,1.79175946922805,3.43398720448515,-0.314255191683632,0.727588360513993,-0.239658678703541,0,"Thetford Reef (16-068)","Thetford Reef (16-068)__THE_16-068_15","Thetford Reef (16-068)__THEDNA1__2021-05-15",0.0449111965470167,0.030067565241503,0.067082770390089
72,1000,90,0.72,1.79175946922805,4.51085950651685,-0.314255191683632,0.727588360513993,0.498694851248286,0,"Thetford Reef (16-068)","Thetford Reef (16-068)__THE_16-068_15","Thetford Reef (16-068)__THEDNA1__2021-05-15",0.0345090944543818,0.0231694443559372,0.0513986257834572
72,1000,183,0.72,1.79175946922805,5.21493575760899,-0.314255191683632,0.727588360513993,0.981442141125023,0,"Thetford Reef (16-068)","Thetford Reef (16-068)__THE_16-068_15","Thetford Reef (16-068)__THEDNA1__2021-05-15",0.0271444013333347,0.0181888406542843,0.0405093726285182
72,1000,270,0.72,1.79175946922805,5.6021188208797,-0.314255191683632,0.727588360513993,1.24691278324678,0,"Thetford Reef (16-068)","Thetford Reef (16-068)__THE_16-068_15","Thetford Reef (16-068)__THEDNA1__2021-05-15",0.024009943292541,0.0160984680835029,0.035809455528367
72,1000,365,0.72,1.79175946922805,5.90263333340137,-0.314255191683632,0.727588360513993,1.45295945257192,0,"Thetford Reef (16-068)","Thetford Reef (16-068)__THE_16-068_15","Thetford Reef (16-068)__THEDNA1__2021-05-15",0.0219313639985518,0.014542659145441,0.0330740562662337
72,2000,30,0.72,2.39789527279837,3.43398720448515,-0.314255191683632,1.71095486454706,-0.239658678703541,0,"Thetford Reef (16-068)","Thetford Reef (16-068)__THE_16-068_15","Thetford Reef (16-068)__THEDNA1__2021-05-15",0.0467087744102498,0.0311117603576531,0.070124916810467
72,2000,90,0.72,2.39789527279837,4.51085950651685,-0.314255191683632,1.71095486454706,0.498694851248286,0,"Thetford Reef (16-068)","Thetford Reef (16-068)__THE_16-068_15","Thetford Reef (16-068)__THEDNA1__2021-05-15",0.0358903265087645,0.0239828185335839,0.053709931345306
72,2000,183,0.72,2.39789527279837,5.21493575760899,-0.314255191683632,1.71095486454706,0.981442141125023,0,"Thetford Reef (16-068)","Thetford Reef (16-068)__THE_16-068_15","Thetford Reef (16-068)__THEDNA1__2021-05-15",0.028230860361351,0.0188310657782842,0.0423226962364057
72,2000,270,0.72,2.39789527279837,5.6021188208797,-0.314255191683632,1.71095486454706,1.24691278324678,0,"Thetford Reef (16-068)","Thetford Reef (16-068)__THE_16-068_15","Thetford Reef (16-068)__THEDNA1__2021-05-15",0.0249709451334733,0.0166724867583894,0.0373998258265324
72,2000,365,0.72,2.39789527279837,5.90263333340137,-0.314255191683632,1.71095486454706,1.45295945257192,0,"Thetford Reef (16-068)","Thetford Reef (16-068)__THE_16-068_15","Thetford Reef (16-068)__THEDNA1__2021-05-15",0.0228091703690196,0.0150680147434177,0.0345273257149043
72,3000,30,0.72,2.77258872223978,3.43398720448515,-0.314255191683632,2.31884006995969,-0.239658678703541,0,"Thetford Reef (16-068)","Thetford Reef (16-068)__THE_16-068_15","Thetford Reef (16-068)__THEDNA1__2021-05-15",0.0471264965467715,0.0309004927002565,0.0718728564724287
72,3000,90,0.72,2.77258872223978,4.51085950651685,-0.314255191683632,2.31884006995969,0.498694851248286,0,"Thetford Reef (16-068)","Thetford Reef (16-068)__THE_16-068_15","Thetford Reef (16-068)__THEDNA1__2021-05-15",0.0362112979763098,0.0238333510480303,0.0550177815317108
72,3000,183,0.72,2.77258872223978,5.21493575760899,-0.314255191683632,2.31884006995969,0.981442141125023,0,"Thetford Reef (16-068)","Thetford Reef (16-068)__THE_16-068_15","Thetford Reef (16-068)__THEDNA1__2021-05-15",0.0284833323102489,0.0187170293765179,0.0433455653231979
72,3000,270,0.72,2.77258872223978,5.6021188208797,-0.314255191683632,2.31884006995969,1.24691278324678,0,"Thetford Reef (16-068)","Thetford Reef (16-068)__THE_16-068_15","Thetford Reef (16-068)__THEDNA1__2021-05-15",0.0251942632719563,0.0165653759782582,0.0383179290738554
72,3000,365,0.72,2.77258872223978,5.90263333340137,-0.314255191683632,2.31884006995969,1.45295945257192,0,"Thetford Reef (16-068)","Thetford Reef (16-068)__THE_16-068_15","Thetford Reef (16-068)__THEDNA1__2021-05-15",0.0230131554981337,0.0149713094702127,0.0353746829584278
72,5000,30,0.72,3.25809653802148,3.43398720448515,-0.314255191683632,3.10650534344092,-0.239658678703541,0,"Thetford Reef (16-068)","Thetford Reef (16-068)__THE_16-068_15","Thetford Reef (16-068)__THEDNA1__2021-05-15",0.0472517746757346,0.0280495549241034,0.0795994879793182
72,5000,90,0.72,3.25809653802148,4.51085950651685,-0.314255191683632,3.10650534344092,0.498694851248286,0,"Thetford Reef (16-068)","Thetford Reef (16-068)__THE_16-068_15","Thetford Reef (16-068)__THEDNA1__2021-05-15",0.0363075598245313,0.0216384891601724,0.0609210232125753
72,5000,183,0.72,3.25809653802148,5.21493575760899,-0.314255191683632,3.10650534344092,0.981442141125023,0,"Thetford Reef (16-068)","Thetford Reef (16-068)__THE_16-068_15","Thetford Reef (16-068)__THEDNA1__2021-05-15",0.0285590506182059,0.0170006045326449,0.0479759040713568
72,5000,270,0.72,3.25809653802148,5.6021188208797,-0.314255191683632,3.10650534344092,1.24691278324678,0,"Thetford Reef (16-068)","Thetford Reef (16-068)__THE_16-068_15","Thetford Reef (16-068)__THEDNA1__2021-05-15",0.0252612381246314,0.0150355985400459,0.0424412869158305
72,5000,365,0.72,3.25809653802148,5.90263333340137,-0.314255191683632,3.10650534344092,1.45295945257192,0,"Thetford Reef (16-068)","Thetford Reef (16-068)__THE_16-068_15","Thetford Reef (16-068)__THEDNA1__2021-05-15",0.0230743322304096,0.0136070421386767,0.0391286219630314
74,200,30,0.74,0.693147180559945,3.43398720448515,-0.240429595571566,-1.05474906161454,-0.239658678703541,0,"Thetford Reef (16-068)","Thetford Reef (16-068)__THE_16-068_15","Thetford Reef (16-068)__THEDNA1__2021-05-15",0.0470824120795902,0.0314618427242882,0.0704584771673604
74,200,90,0.74,0.693147180559945,4.51085950651685,-0.240429595571566,-1.05474906161454,0.498694851248286,0,"Thetford Reef (16-068)","Thetford Reef (16-068)__THE_16-068_15","Thetford Reef (16-068)__THEDNA1__2021-05-15",0.0365593191808798,0.0245355721967459,0.0544753473956771
74,200,183,0.74,0.693147180559945,5.21493575760899,-0.240429595571566,-1.05474906161454,0.981442141125023,0,"Thetford Reef (16-068)","Thetford Reef (16-068)__THE_16-068_15","Thetford Reef (16-068)__THEDNA1__2021-05-15",0.0288797584026067,0.0193623714272683,0.043075325175218
74,200,270,0.74,0.693147180559945,5.6021188208797,-0.240429595571566,-1.05474906161454,1.24691278324678,0,"Thetford Reef (16-068)","Thetford Reef (16-068)__THE_16-068_15","Thetford Reef (16-068)__THEDNA1__2021-05-15",0.0253855941456008,0.0170084103175269,0.0378888078365025
74,200,365,0.74,0.693147180559945,5.90263333340137,-0.240429595571566,-1.05474906161454,1.45295945257192,0,"Thetford Reef (16-068)","Thetford Reef (16-068)__THE_16-068_15","Thetford Reef (16-068)__THEDNA1__2021-05-15",0.0230128284443829,0.0152399061544107,0.0347502319006949
74,500,30,0.74,1.25276296849537,3.43398720448515,-0.240429595571566,-0.146854464822377,-0.239658678703541,0,"Thetford Reef (16-068)","Thetford Reef (16-068)__THE_16-068_15","Thetford Reef (16-068)__THEDNA1__2021-05-15",0.0447206945862568,0.0299216378962667,0.0668392730107462
74,500,90,0.74,1.25276296849537,4.51085950651685,-0.240429595571566,-0.146854464822377,0.498694851248286,0,"Thetford Reef (16-068)","Thetford Reef (16-068)__THE_16-068_15","Thetford Reef (16-068)__THEDNA1__2021-05-15",0.0347254542652955,0.0233090801269332,0.0517333660257913
74,500,183,0.74,1.25276296849537,5.21493575760899,-0.240429595571566,-0.146854464822377,0.981442141125023,0,"Thetford Reef (16-068)","Thetford Reef (16-068)__THE_16-068_15","Thetford Reef (16-068)__THEDNA1__2021-05-15",0.0274311106462559,0.0183805424329769,0.0409381732900941
74,500,270,0.74,1.25276296849537,5.6021188208797,-0.240429595571566,-0.146854464822377,1.24691278324678,0,"Thetford Reef (16-068)","Thetford Reef (16-068)__THE_16-068_15","Thetford Reef (16-068)__THEDNA1__2021-05-15",0.0241122183960539,0.0161515142781789,0.0359965676261379
74,500,365,0.74,1.25276296849537,5.90263333340137,-0.240429595571566,-0.146854464822377,1.45295945257192,0,"Thetford Reef (16-068)","Thetford Reef (16-068)__THE_16-068_15","Thetford Reef (16-068)__THEDNA1__2021-05-15",0.0218584738328073,0.014479443521085,0.0329980138811106
74,1000,30,0.74,1.79175946922805,3.43398720448515,-0.240429595571566,0.727588360513993,-0.239658678703541,0,"Thetford Reef (16-068)","Thetford Reef (16-068)__THE_16-068_15","Thetford Reef (16-068)__THEDNA1__2021-05-15",0.046323446301983,0.030982899420134,0.0692595501858754
74,1000,90,0.74,1.79175946922805,4.51085950651685,-0.240429595571566,0.727588360513993,0.498694851248286,0,"Thetford Reef (16-068)","Thetford Reef (16-068)__THE_16-068_15","Thetford Reef (16-068)__THEDNA1__2021-05-15",0.0359699850561964,0.0241237227483251,0.0536335058415819
74,1000,183,0.74,1.79175946922805,5.21493575760899,-0.240429595571566,0.727588360513993,0.981442141125023,0,"Thetford Reef (16-068)","Thetford Reef (16-068)__THE_16-068_15","Thetford Reef (16-068)__THEDNA1__2021-05-15",0.0284142183564406,0.0190226723181079,0.0424423966993818
74,1000,270,0.74,1.79175946922805,5.6021188208797,-0.240429595571566,0.727588360513993,1.24691278324678,0,"Thetford Reef (16-068)","Thetford Reef (16-068)__THE_16-068_15","Thetford Reef (16-068)__THEDNA1__2021-05-15",0.0249763798265008,0.0167309979235645,0.0372852565093578
74,1000,365,0.74,1.79175946922805,5.90263333340137,-0.240429595571566,0.727588360513993,1.45295945257192,0,"Thetford Reef (16-068)","Thetford Reef (16-068)__THE_16-068_15","Thetford Reef (16-068)__THEDNA1__2021-05-15",0.0226418629720594,0.015013506916386,0.0341461832802032
74,2000,30,0.74,2.39789527279837,3.43398720448515,-0.240429595571566,1.71095486454706,-0.239658678703541,0,"Thetford Reef (16-068)","Thetford Reef (16-068)__THE_16-068_15","Thetford Reef (16-068)__THEDNA1__2021-05-15",0.0480831006728971,0.0319943714491944,0.0722622281857071
74,2000,90,0.74,2.39789527279837,4.51085950651685,-0.240429595571566,1.71095486454706,0.498694851248286,0,"Thetford Reef (16-068)","Thetford Reef (16-068)__THE_16-068_15","Thetford Reef (16-068)__THEDNA1__2021-05-15",0.037336350179664,0.0249185947042333,0.0559422817090755
74,2000,183,0.74,2.39789527279837,5.21493575760899,-0.240429595571566,1.71095486454706,0.981442141125023,0,"Thetford Reef (16-068)","Thetford Reef (16-068)__THE_16-068_15","Thetford Reef (16-068)__THEDNA1__2021-05-15",0.0294935681785819,0.0196529561302784,0.0442615634074758
74,2000,270,0.74,2.39789527279837,5.6021188208797,-0.240429595571566,1.71095486454706,1.24691278324678,0,"Thetford Reef (16-068)","Thetford Reef (16-068)__THE_16-068_15","Thetford Reef (16-068)__THEDNA1__2021-05-15",0.0259251390281544,0.0172905353350202,0.0388717191576964
74,2000,365,0.74,2.39789527279837,5.90263333340137,-0.240429595571566,1.71095486454706,1.45295945257192,0,"Thetford Reef (16-068)","Thetford Reef (16-068)__THE_16-068_15","Thetford Reef (16-068)__THEDNA1__2021-05-15",0.0235019426147676,0.0155219881029545,0.0355844433718319
74,3000,30,0.74,2.77258872223978,3.43398720448515,-0.240429595571566,2.31884006995969,-0.239658678703541,0,"Thetford Reef (16-068)","Thetford Reef (16-068)__THE_16-068_15","Thetford Reef (16-068)__THEDNA1__2021-05-15",0.0480962141729262,0.0314795264368653,0.0734841365040032
74,3000,90,0.74,2.77258872223978,4.51085950651685,-0.240429595571566,2.31884006995969,0.498694851248286,0,"Thetford Reef (16-068)","Thetford Reef (16-068)__THE_16-068_15","Thetford Reef (16-068)__THEDNA1__2021-05-15",0.0373465327640297,0.0245290586237496,0.0568616811141829
74,3000,183,0.74,2.77258872223978,5.21493575760899,-0.240429595571566,2.31884006995969,0.981442141125023,0,"Thetford Reef (16-068)","Thetford Reef (16-068)__THE_16-068_15","Thetford Reef (16-068)__THEDNA1__2021-05-15",0.0295016118342895,0.0193474392926544,0.0449850281298743
74,3000,270,0.74,2.77258872223978,5.6021188208797,-0.240429595571566,2.31884006995969,1.24691278324678,0,"Thetford Reef (16-068)","Thetford Reef (16-068)__THE_16-068_15","Thetford Reef (16-068)__THEDNA1__2021-05-15",0.0259322094813207,0.0170147745860825,0.0395232675684792
74,3000,365,0.74,2.77258872223978,5.90263333340137,-0.240429595571566,2.31884006995969,1.45295945257192,0,"Thetford Reef (16-068)","Thetford Reef (16-068)__THE_16-068_15","Thetford Reef (16-068)__THEDNA1__2021-05-15",0.0235083521998578,0.015273978688237,0.0361819689835085
74,5000,30,0.74,3.25809653802148,3.43398720448515,-0.240429595571566,3.10650534344092,-0.239658678703541,0,"Thetford Reef (16-068)","Thetford Reef (16-068)__THE_16-068_15","Thetford Reef (16-068)__THEDNA1__2021-05-15",0.0474910567059151,0.0281320750906001,0.0801718486738311
74,5000,90,0.74,3.25809653802148,4.51085950651685,-0.240429595571566,3.10650534344092,0.498694851248286,0,"Thetford Reef (16-068)","Thetford Reef (16-068)__THE_16-068_15","Thetford Reef (16-068)__THEDNA1__2021-05-15",0.0368766302247598,0.0219232940188824,0.0620292669323508
74,5000,183,0.74,3.25809653802148,5.21493575760899,-0.240429595571566,3.10650534344092,0.981442141125023,0,"Thetford Reef (16-068)","Thetford Reef (16-068)__THE_16-068_15","Thetford Reef (16-068)__THEDNA1__2021-05-15",0.0291304158680915,0.0172970495713288,0.0490592991104419
74,5000,270,0.74,3.25809653802148,5.6021188208797,-0.240429595571566,3.10650534344092,1.24691278324678,0,"Thetford Reef (16-068)","Thetford Reef (16-068)__THE_16-068_15","Thetford Reef (16-068)__THEDNA1__2021-05-15",0.0256059245444794,0.0152003723034772,0.0431346916172301
74,5000,365,0.74,3.25809653802148,5.90263333340137,-0.240429595571566,3.10650534344092,1.45295945257192,0,"Thetford Reef (16-068)","Thetford Reef (16-068)__THE_16-068_15","Thetford Reef (16-068)__THEDNA1__2021-05-15",0.0232125647846629,0.0136610911716496,0.0394421761125769
76,200,30,0.76,0.693147180559945,3.43398720448515,-0.166603999459499,-1.05474906161454,-0.239658678703541,0,"Thetford Reef (16-068)","Thetford Reef (16-068)__THE_16-068_15","Thetford Reef (16-068)__THEDNA1__2021-05-15",0.0478745484361211,0.0319499105165599,0.0717364258899741
76,200,90,0.76,0.693147180559945,4.51085950651685,-0.166603999459499,-1.05474906161454,0.498694851248286,0,"Thetford Reef (16-068)","Thetford Reef (16-068)__THE_16-068_15","Thetford Reef (16-068)__THEDNA1__2021-05-15",0.0375668295443127,0.0251721288124248,0.0560646535907942
76,200,183,0.76,0.693147180559945,5.21493575760899,-0.166603999459499,-1.05474906161454,0.981442141125023,0,"Thetford Reef (16-068)","Thetford Reef (16-068)__THE_16-068_15","Thetford Reef (16-068)__THEDNA1__2021-05-15",0.0298022293164056,0.0199498415732354,0.0445202970142476
76,200,270,0.76,0.693147180559945,5.6021188208797,-0.166603999459499,-1.05474906161454,1.24691278324678,0,"Thetford Reef (16-068)","Thetford Reef (16-068)__THE_16-068_15","Thetford Reef (16-068)__THEDNA1__2021-05-15",0.026033073164734,0.0174148372568811,0.0389162923777888
76,200,365,0.76,0.693147180559945,5.90263333340137,-0.166603999459499,-1.05474906161454,1.45295945257192,0,"Thetford Reef (16-068)","Thetford Reef (16-068)__THE_16-068_15","Thetford Reef (16-068)__THEDNA1__2021-05-15",0.0234215841150768,0.0154989320057864,0.0353940905253867
76,500,30,0.76,1.25276296849537,3.43398720448515,-0.166603999459499,-0.146854464822377,-0.239658678703541,0,"Thetford Reef (16-068)","Thetford Reef (16-068)__THE_16-068_15","Thetford Reef (16-068)__THEDNA1__2021-05-15",0.0457533213597449,0.0305817270952923,0.0684515432671667
76,500,90,0.76,1.25276296849537,4.51085950651685,-0.166603999459499,-0.146854464822377,0.498694851248286,0,"Thetford Reef (16-068)","Thetford Reef (16-068)__THE_16-068_15","Thetford Reef (16-068)__THEDNA1__2021-05-15",0.0359023172176987,0.0240713291233392,0.0535482014722024
76,500,183,0.76,1.25276296849537,5.21493575760899,-0.166603999459499,-0.146854464822377,0.981442141125023,0,"Thetford Reef (16-068)","Thetford Reef (16-068)__THE_16-068_15","Thetford Reef (16-068)__THEDNA1__2021-05-15",0.0284817511536364,0.0190642749124455,0.0425513245325736
76,500,270,0.76,1.25276296849537,5.6021188208797,-0.166603999459499,-0.146854464822377,1.24691278324678,0,"Thetford Reef (16-068)","Thetford Reef (16-068)__THE_16-068_15","Thetford Reef (16-068)__THEDNA1__2021-05-15",0.0248795988974624,0.0166475114355776,0.0371824007266185
76,500,365,0.76,1.25276296849537,5.90263333340137,-0.166603999459499,-0.146854464822377,1.45295945257192,0,"Thetford Reef (16-068)","Thetford Reef (16-068)__THE_16-068_15","Thetford Reef (16-068)__THEDNA1__2021-05-15",0.022383819791037,0.0148231659424259,0.0338008351511189
76,1000,30,0.76,1.79175946922805,3.43398720448515,-0.166603999459499,0.727588360513993,-0.239658678703541,0,"Thetford Reef (16-068)","Thetford Reef (16-068)__THE_16-068_15","Thetford Reef (16-068)__THEDNA1__2021-05-15",0.0477801047907117,0.0319131372455604,0.0715360071385329
76,1000,90,0.76,1.79175946922805,4.51085950651685,-0.166603999459499,0.727588360513993,0.498694851248286,0,"Thetford Reef (16-068)","Thetford Reef (16-068)__THE_16-068_15","Thetford Reef (16-068)__THEDNA1__2021-05-15",0.0374927202640263,0.025108018446494,0.0559862609545284
76,1000,183,0.76,1.79175946922805,5.21493575760899,-0.166603999459499,0.727588360513993,0.981442141125023,0,"Thetford Reef (16-068)","Thetford Reef (16-068)__THE_16-068_15","Thetford Reef (16-068)__THEDNA1__2021-05-15",0.0297434375101137,0.019886900150523,0.044485167030658
76,1000,270,0.76,1.79175946922805,5.6021188208797,-0.166603999459499,0.727588360513993,1.24691278324678,0,"Thetford Reef (16-068)","Thetford Reef (16-068)__THE_16-068_15","Thetford Reef (16-068)__THEDNA1__2021-05-15",0.0259817168927439,0.0173815978578718,0.0388370285755391
76,1000,365,0.76,1.79175946922805,5.90263333340137,-0.166603999459499,0.727588360513993,1.45295945257192,0,"Thetford Reef (16-068)","Thetford Reef (16-068)__THE_16-068_15","Thetford Reef (16-068)__THEDNA1__2021-05-15",0.0233753796106512,0.0154916186062608,0.0352712254174153
76,2000,30,0.76,2.39789527279837,3.43398720448515,-0.166603999459499,1.71095486454706,-0.239658678703541,0,"Thetford Reef (16-068)","Thetford Reef (16-068)__THE_16-068_15","Thetford Reef (16-068)__THEDNA1__2021-05-15",0.0494978641488955,0.0328876110295401,0.0744973100387821
76,2000,90,0.76,2.39789527279837,4.51085950651685,-0.166603999459499,1.71095486454706,0.498694851248286,0,"Thetford Reef (16-068)","Thetford Reef (16-068)__THE_16-068_15","Thetford Reef (16-068)__THEDNA1__2021-05-15",0.0388406342415993,0.0258807009876745,0.0582903403199223
76,2000,183,0.76,2.39789527279837,5.21493575760899,-0.166603999459499,1.71095486454706,0.981442141125023,0,"Thetford Reef (16-068)","Thetford Reef (16-068)__THE_16-068_15","Thetford Reef (16-068)__THEDNA1__2021-05-15",0.0308127542969091,0.0205022664489445,0.0463083352138645
76,2000,270,0.76,2.39789527279837,5.6021188208797,-0.166603999459499,1.71095486454706,1.24691278324678,0,"Thetford Reef (16-068)","Thetford Reef (16-068)__THE_16-068_15","Thetford Reef (16-068)__THEDNA1__2021-05-15",0.0269157947381084,0.0179242173069307,0.040417943722645
76,2000,365,0.76,2.39789527279837,5.90263333340137,-0.166603999459499,1.71095486454706,1.45295945257192,0,"Thetford Reef (16-068)","Thetford Reef (16-068)__THE_16-068_15","Thetford Reef (16-068)__THEDNA1__2021-05-15",0.0242157561073788,0.0159811983387901,0.0366932961734613
76,3000,30,0.76,2.77258872223978,3.43398720448515,-0.166603999459499,2.31884006995969,-0.239658678703541,0,"Thetford Reef (16-068)","Thetford Reef (16-068)__THE_16-068_15","Thetford Reef (16-068)__THEDNA1__2021-05-15",0.0490858855903316,0.0320527075249919,0.0751706907227248
76,3000,90,0.76,2.77258872223978,4.51085950651685,-0.166603999459499,2.31884006995969,0.498694851248286,0,"Thetford Reef (16-068)","Thetford Reef (16-068)__THE_16-068_15","Thetford Reef (16-068)__THEDNA1__2021-05-15",0.0385173574945374,0.0252331333897716,0.0587951882727089
76,3000,183,0.76,2.77258872223978,5.21493575760899,-0.166603999459499,2.31884006995969,0.981442141125023,0,"Thetford Reef (16-068)","Thetford Reef (16-068)__THE_16-068_15","Thetford Reef (16-068)__THEDNA1__2021-05-15",0.0305562948653983,0.0199893519247444,0.0467092259627175
76,3000,270,0.76,2.77258872223978,5.6021188208797,-0.166603999459499,2.31884006995969,1.24691278324678,0,"Thetford Reef (16-068)","Thetford Reef (16-068)__THE_16-068_15","Thetford Reef (16-068)__THEDNA1__2021-05-15",0.0266917703178737,0.0174680424451428,0.0407859440998914
76,3000,365,0.76,2.77258872223978,5.90263333340137,-0.166603999459499,2.31884006995969,1.45295945257192,0,"Thetford Reef (16-068)","Thetford Reef (16-068)__THE_16-068_15","Thetford Reef (16-068)__THEDNA1__2021-05-15",0.0240142045360697,0.0155735305191574,0.0370296265699547
76,5000,30,0.76,3.25809653802148,3.43398720448515,-0.166603999459499,3.10650534344092,-0.239658678703541,0,"Thetford Reef (16-068)","Thetford Reef (16-068)__THE_16-068_15","Thetford Reef (16-068)__THEDNA1__2021-05-15",0.0477315504554512,0.0281849208286182,0.0808340361406288
76,5000,90,0.76,3.25809653802148,4.51085950651685,-0.166603999459499,3.10650534344092,0.498694851248286,0,"Thetford Reef (16-068)","Thetford Reef (16-068)__THE_16-068_15","Thetford Reef (16-068)__THEDNA1__2021-05-15",0.037454620010427,0.0221891894843263,0.0632221632573106
76,5000,183,0.76,3.25809653802148,5.21493575760899,-0.166603999459499,3.10650534344092,0.981442141125023,0,"Thetford Reef (16-068)","Thetford Reef (16-068)__THE_16-068_15","Thetford Reef (16-068)__THEDNA1__2021-05-15",0.0297132121089139,0.017580647747861,0.050218569104584
76,5000,270,0.76,3.25809653802148,5.6021188208797,-0.166603999459499,3.10650534344092,1.24691278324678,0,"Thetford Reef (16-068)","Thetford Reef (16-068)__THE_16-068_15","Thetford Reef (16-068)__THEDNA1__2021-05-15",0.0259553141672125,0.0153514376553725,0.0438837292403645
76,5000,365,0.76,3.25809653802148,5.90263333340137,-0.166603999459499,3.10650534344092,1.45295945257192,0,"Thetford Reef (16-068)","Thetford Reef (16-068)__THE_16-068_15","Thetford Reef (16-068)__THEDNA1__2021-05-15",0.0233516254555813,0.0137003531722502,0.0398017777032377
78,200,30,0.78,0.693147180559945,3.43398720448515,-0.0927784033474326,-1.05474906161454,-0.239658678703541,0,"Thetford Reef (16-068)","Thetford Reef (16-068)__THE_16-068_15","Thetford Reef (16-068)__THEDNA1__2021-05-15",0.0486800120624245,0.032430052426248,0.0730724558582519
78,200,90,0.78,0.693147180559945,4.51085950651685,-0.0927784033474326,-1.05474906161454,0.498694851248286,0,"Thetford Reef (16-068)","Thetford Reef (16-068)__THE_16-068_15","Thetford Reef (16-068)__THEDNA1__2021-05-15",0.0386021051165943,0.0258140867284804,0.057725169017448
78,200,183,0.78,0.693147180559945,5.21493575760899,-0.0927784033474326,-1.05474906161454,0.981442141125023,0,"Thetford Reef (16-068)","Thetford Reef (16-068)__THE_16-068_15","Thetford Reef (16-068)__THEDNA1__2021-05-15",0.0307541655939703,0.0205460627429515,0.0460340607937555
78,200,270,0.78,0.693147180559945,5.6021188208797,-0.0927784033474326,-1.05474906161454,1.24691278324678,0,"Thetford Reef (16-068)","Thetford Reef (16-068)__THE_16-068_15","Thetford Reef (16-068)__THEDNA1__2021-05-15",0.0266970666320937,0.0178232032344733,0.0399890725242866
78,200,365,0.78,0.693147180559945,5.90263333340137,-0.0927784033474326,-1.05474906161454,1.45295945257192,0,"Thetford Reef (16-068)","Thetford Reef (16-068)__THE_16-068_15","Thetford Reef (16-068)__THEDNA1__2021-05-15",0.023837600136176,0.0157535010255464,0.0360701522366842
78,500,30,0.78,1.25276296849537,3.43398720448515,-0.0927784033474326,-0.146854464822377,-0.239658678703541,0,"Thetford Reef (16-068)","Thetford Reef (16-068)__THE_16-068_15","Thetford Reef (16-068)__THEDNA1__2021-05-15",0.0468097920842982,0.0312428883231509,0.0701329727364413
78,500,90,0.78,1.25276296849537,4.51085950651685,-0.0927784033474326,-0.146854464822377,0.498694851248286,0,"Thetford Reef (16-068)","Thetford Reef (16-068)__THE_16-068_15","Thetford Reef (16-068)__THEDNA1__2021-05-15",0.0371190646421135,0.0248485883531629,0.0554488222961777
78,500,183,0.78,1.25276296849537,5.21493575760899,-0.0927784033474326,-0.146854464822377,0.981442141125023,0,"Thetford Reef (16-068)","Thetford Reef (16-068)__THE_16-068_15","Thetford Reef (16-068)__THEDNA1__2021-05-15",0.0295726323020169,0.0197651180096875,0.0442466663159639
78,500,270,0.78,1.25276296849537,5.6021188208797,-0.0927784033474326,-0.146854464822377,1.24691278324678,0,"Thetford Reef (16-068)","Thetford Reef (16-068)__THE_16-068_15","Thetford Reef (16-068)__THEDNA1__2021-05-15",0.0256714015745608,0.0171515934594516,0.0384233022057319
78,500,365,0.78,1.25276296849537,5.90263333340137,-0.0927784033474326,-0.146854464822377,1.45295945257192,0,"Thetford Reef (16-068)","Thetford Reef (16-068)__THE_16-068_15","Thetford Reef (16-068)__THEDNA1__2021-05-15",0.0229217918995615,0.0151668425306236,0.0346419198871448
78,1000,30,0.78,1.79175946922805,3.43398720448515,-0.0927784033474326,0.727588360513993,-0.239658678703541,0,"Thetford Reef (16-068)","Thetford Reef (16-068)__THE_16-068_15","Thetford Reef (16-068)__THEDNA1__2021-05-15",0.049282568462823,0.0328580956692975,0.0739169907695618
78,1000,90,0.78,1.79175946922805,4.51085950651685,-0.0927784033474326,0.727588360513993,0.498694851248286,0,"Thetford Reef (16-068)","Thetford Reef (16-068)__THE_16-068_15","Thetford Reef (16-068)__THEDNA1__2021-05-15",0.0390799181762343,0.0261229193206684,0.0584636037769645
78,1000,183,0.78,1.79175946922805,5.21493575760899,-0.0927784033474326,0.727588360513993,0.981442141125023,0,"Thetford Reef (16-068)","Thetford Reef (16-068)__THE_16-068_15","Thetford Reef (16-068)__THEDNA1__2021-05-15",0.0311348376302425,0.0207822877047257,0.0466444372262799
78,1000,270,0.78,1.79175946922805,5.6021188208797,-0.0927784033474326,0.727588360513993,1.24691278324678,0,"Thetford Reef (16-068)","Thetford Reef (16-068)__THE_16-068_15","Thetford Reef (16-068)__THEDNA1__2021-05-15",0.0270275202965342,0.0180505218710722,0.0404690157213818
78,1000,365,0.78,1.79175946922805,5.90263333340137,-0.0927784033474326,0.727588360513993,1.45295945257192,0,"Thetford Reef (16-068)","Thetford Reef (16-068)__THE_16-068_15","Thetford Reef (16-068)__THEDNA1__2021-05-15",0.0241326596056309,0.0159767572953786,0.0364520314650899
78,2000,30,0.78,2.39789527279837,3.43398720448515,-0.0927784033474326,1.71095486454706,-0.239658678703541,0,"Thetford Reef (16-068)","Thetford Reef (16-068)__THE_16-068_15","Thetford Reef (16-068)__THEDNA1__2021-05-15",0.0509542546344878,0.0337911406222761,0.0768348157991638
78,2000,90,0.78,2.39789527279837,4.51085950651685,-0.0927784033474326,1.71095486454706,0.498694851248286,0,"Thetford Reef (16-068)","Thetford Reef (16-068)__THE_16-068_15","Thetford Reef (16-068)__THEDNA1__2021-05-15",0.0404055260096467,0.0268695082333999,0.0607605661381938
78,2000,183,0.78,2.39789527279837,5.21493575760899,-0.0927784033474326,1.71095486454706,0.981442141125023,0,"Thetford Reef (16-068)","Thetford Reef (16-068)__THE_16-068_15","Thetford Reef (16-068)__THEDNA1__2021-05-15",0.0321909448735728,0.0213795602117053,0.048469515817545
78,2000,270,0.78,2.39789527279837,5.6021188208797,-0.0927784033474326,1.71095486454706,1.24691278324678,0,"Thetford Reef (16-068)","Thetford Reef (16-068)__THE_16-068_15","Thetford Reef (16-068)__THEDNA1__2021-05-15",0.0279443055482645,0.0185736652624066,0.0420425479593029
78,2000,365,0.78,2.39789527279837,5.90263333340137,-0.0927784033474326,1.71095486454706,1.45295945257192,0,"Thetford Reef (16-068)","Thetford Reef (16-068)__THE_16-068_15","Thetford Reef (16-068)__THEDNA1__2021-05-15",0.0249512499227865,0.0164453562063949,0.0378565757345691
78,3000,30,0.78,2.77258872223978,3.43398720448515,-0.0927784033474326,2.31884006995969,-0.239658678703541,0,"Thetford Reef (16-068)","Thetford Reef (16-068)__THE_16-068_15","Thetford Reef (16-068)__THEDNA1__2021-05-15",0.0500959213863326,0.0326196030300066,0.0769353734083472
78,3000,90,0.78,2.77258872223978,4.51085950651685,-0.0927784033474326,2.31884006995969,0.498694851248286,0,"Thetford Reef (16-068)","Thetford Reef (16-068)__THE_16-068_15","Thetford Reef (16-068)__THEDNA1__2021-05-15",0.0397248879229538,0.0259453620211836,0.0608226903599493
78,3000,183,0.78,2.77258872223978,5.21493575760899,-0.0927784033474326,2.31884006995969,0.981442141125023,0,"Thetford Reef (16-068)","Thetford Reef (16-068)__THE_16-068_15","Thetford Reef (16-068)__THEDNA1__2021-05-15",0.0316486828294565,0.0206426892598338,0.0485227051684833
78,3000,270,0.78,2.77258872223978,5.6021188208797,-0.0927784033474326,2.31884006995969,1.24691278324678,0,"Thetford Reef (16-068)","Thetford Reef (16-068)__THE_16-068_15","Thetford Reef (16-068)__THEDNA1__2021-05-15",0.0274735788793976,0.0179249998422211,0.0421086495445657
78,3000,365,0.78,2.77258872223978,5.90263333340137,-0.0927784033474326,2.31884006995969,1.45295945257192,0,"Thetford Reef (16-068)","Thetford Reef (16-068)__THE_16-068_15","Thetford Reef (16-068)__THEDNA1__2021-05-15",0.0245309417945372,0.0158696662846096,0.0379193295268324
78,5000,30,0.78,3.25809653802148,3.43398720448515,-0.0927784033474326,3.10650534344092,-0.239658678703541,0,"Thetford Reef (16-068)","Thetford Reef (16-068)__THE_16-068_15","Thetford Reef (16-068)__THEDNA1__2021-05-15",0.0479732620604652,0.0282084609097023,0.0815866516109887
78,5000,90,0.78,3.25809653802148,4.51085950651685,-0.0927784033474326,3.10650534344092,0.498694851248286,0,"Thetford Reef (16-068)","Thetford Reef (16-068)__THE_16-068_15","Thetford Reef (16-068)__THEDNA1__2021-05-15",0.0380416689804692,0.0224358553347141,0.0645024919812374
78,5000,183,0.78,3.25809653802148,5.21493575760899,-0.0927784033474326,3.10650534344092,0.981442141125023,0,"Thetford Reef (16-068)","Thetford Reef (16-068)__THE_16-068_15","Thetford Reef (16-068)__THEDNA1__2021-05-15",0.0303076680342342,0.0178509704652016,0.0514568517977194
78,5000,270,0.78,3.25809653802148,5.6021188208797,-0.0927784033474326,3.10650534344092,1.24691278324678,0,"Thetford Reef (16-068)","Thetford Reef (16-068)__THE_16-068_15","Thetford Reef (16-068)__THEDNA1__2021-05-15",0.026309471167443,0.0154886763362121,0.0446899565905574
78,5000,365,0.78,3.25809653802148,5.90263333340137,-0.0927784033474326,3.10650534344092,1.45295945257192,0,"Thetford Reef (16-068)","Thetford Reef (16-068)__THE_16-068_15","Thetford Reef (16-068)__THEDNA1__2021-05-15",0.0234915192042045,0.013724959800195,0.0402078754732432
80,200,30,0.8,0.693147180559945,3.43398720448515,-0.018952807235366,-1.05474906161454,-0.239658678703541,0,"Thetford Reef (16-068)","Thetford Reef (16-068)__THE_16-068_15","Thetford Reef (16-068)__THEDNA1__2021-05-15",0.0494990271826742,0.0329018914004093,0.0744684754506436
80,200,90,0.8,0.693147180559945,4.51085950651685,-0.018952807235366,-1.05474906161454,0.498694851248286,0,"Thetford Reef (16-068)","Thetford Reef (16-068)__THE_16-068_15","Thetford Reef (16-068)__THEDNA1__2021-05-15",0.039665911057916,0.026461193139831,0.0594600739180634
80,200,183,0.8,0.693147180559945,5.21493575760899,-0.018952807235366,-1.05474906161454,0.981442141125023,0,"Thetford Reef (16-068)","Thetford Reef (16-068)__THE_16-068_15","Thetford Reef (16-068)__THEDNA1__2021-05-15",0.031736508411493,0.0211508999158153,0.0476200053029254
80,200,270,0.8,0.693147180559945,5.6021188208797,-0.018952807235366,-1.05474906161454,1.24691278324678,0,"Thetford Reef (16-068)","Thetford Reef (16-068)__THE_16-068_15","Thetford Reef (16-068)__THEDNA1__2021-05-15",0.027377995761329,0.0182333112922009,0.0411090799633285
80,200,365,0.8,0.693147180559945,5.90263333340137,-0.018952807235366,-1.05474906161454,1.45295945257192,0,"Thetford Reef (16-068)","Thetford Reef (16-068)__THE_16-068_15","Thetford Reef (16-068)__THEDNA1__2021-05-15",0.0242610054665962,0.0160033367807835,0.0367796037984395
80,500,30,0.8,1.25276296849537,3.43398720448515,-0.018952807235366,-0.146854464822377,-0.239658678703541,0,"Thetford Reef (16-068)","Thetford Reef (16-068)__THE_16-068_15","Thetford Reef (16-068)__THEDNA1__2021-05-15",0.0478906573305753,0.0319047142632813,0.0718864002550921
80,500,90,0.8,1.25276296849537,4.51085950651685,-0.018952807235366,-0.146854464822377,0.498694851248286,0,"Thetford Reef (16-068)","Thetford Reef (16-068)__THE_16-068_15","Thetford Reef (16-068)__THEDNA1__2021-05-15",0.0383770482431752,0.0256408302664414,0.0574395531094245
80,500,183,0.8,1.25276296849537,5.21493575760899,-0.018952807235366,-0.146854464822377,0.981442141125023,0,"Thetford Reef (16-068)","Thetford Reef (16-068)__THE_16-068_15","Thetford Reef (16-068)__THEDNA1__2021-05-15",0.0307052953504453,0.0204831946737942,0.0460287165929393
80,500,270,0.8,1.25276296849537,5.6021188208797,-0.018952807235366,-0.146854464822377,1.24691278324678,0,"Thetford Reef (16-068)","Thetford Reef (16-068)__THE_16-068_15","Thetford Reef (16-068)__THEDNA1__2021-05-15",0.026488403672359,0.01766366056604,0.0397219775870695
80,500,365,0.8,1.25276296849537,5.90263333340137,-0.018952807235366,-0.146854464822377,1.45295945257192,0,"Thetford Reef (16-068)","Thetford Reef (16-068)__THE_16-068_15","Thetford Reef (16-068)__THEDNA1__2021-05-15",0.0234726936149294,0.0155101466233924,0.0355230262433096
80,1000,30,0.8,1.79175946922805,3.43398720448515,-0.018952807235366,0.727588360513993,-0.239658678703541,0,"Thetford Reef (16-068)","Thetford Reef (16-068)__THE_16-068_15","Thetford Reef (16-068)__THEDNA1__2021-05-15",0.0508322776798302,0.0338176180417035,0.0764075237626997
80,1000,90,0.8,1.79175946922805,4.51085950651685,-0.018952807235366,0.727588360513993,0.498694851248286,0,"Thetford Reef (16-068)","Thetford Reef (16-068)__THE_16-068_15","Thetford Reef (16-068)__THEDNA1__2021-05-15",0.0407343077244392,0.0271690403749561,0.0610725959728339
80,1000,183,0.8,1.79175946922805,5.21493575760899,-0.018952807235366,0.727588360513993,0.981442141125023,0,"Thetford Reef (16-068)","Thetford Reef (16-068)__THE_16-068_15","Thetford Reef (16-068)__THEDNA1__2021-05-15",0.0325913275468563,0.021709629141856,0.0489273503626357
80,1000,270,0.8,1.79175946922805,5.6021188208797,-0.018952807235366,0.727588360513993,1.24691278324678,0,"Thetford Reef (16-068)","Thetford Reef (16-068)__THE_16-068_15","Thetford Reef (16-068)__THEDNA1__2021-05-15",0.0281154188691654,0.0187380394315736,0.0421856716160319
80,1000,365,0.8,1.79175946922805,5.90263333340137,-0.018952807235366,0.727588360513993,1.45295945257192,0,"Thetford Reef (16-068)","Thetford Reef (16-068)__THE_16-068_15","Thetford Reef (16-068)__THEDNA1__2021-05-15",0.0249144728060749,0.0164687016943032,0.0376915537561387
80,2000,30,0.8,2.39789527279837,3.43398720448515,-0.018952807235366,1.71095486454706,-0.239658678703541,0,"Thetford Reef (16-068)","Thetford Reef (16-068)__THE_16-068_15","Thetford Reef (16-068)__THEDNA1__2021-05-15",0.0524534969336483,0.0347046563045085,0.079279544405424
80,2000,90,0.8,2.39789527279837,4.51085950651685,-0.018952807235366,1.71095486454706,0.498694851248286,0,"Thetford Reef (16-068)","Thetford Reef (16-068)__THE_16-068_15","Thetford Reef (16-068)__THEDNA1__2021-05-15",0.0420334673723653,0.0278854122494848,0.0633597367518333
80,2000,183,0.8,2.39789527279837,5.21493575760899,-0.018952807235366,1.71095486454706,0.981442141125023,0,"Thetford Reef (16-068)","Thetford Reef (16-068)__THE_16-068_15","Thetford Reef (16-068)__THEDNA1__2021-05-15",0.0336307790555858,0.0222854271939083,0.0507519685417921
80,2000,270,0.8,2.39789527279837,5.6021188208797,-0.018952807235366,1.71095486454706,1.24691278324678,0,"Thetford Reef (16-068)","Thetford Reef (16-068)__THE_16-068_15","Thetford Reef (16-068)__THEDNA1__2021-05-15",0.0290121179839866,0.0192390273020922,0.0437497684628383
80,2000,365,0.8,2.39789527279837,5.90263333340137,-0.018952807235366,1.71095486454706,1.45295945257192,0,"Thetford Reef (16-068)","Thetford Reef (16-068)__THE_16-068_15","Thetford Reef (16-068)__THEDNA1__2021-05-15",0.025709082547278,0.0169141930962386,0.0390770592284265
80,3000,30,0.8,2.77258872223978,3.43398720448515,-0.018952807235366,2.31884006995969,-0.239658678703541,0,"Thetford Reef (16-068)","Thetford Reef (16-068)__THE_16-068_15","Thetford Reef (16-068)__THEDNA1__2021-05-15",0.0511267405968922,0.0331798503668114,0.0787810546209254
80,3000,90,0.8,2.77258872223978,4.51085950651685,-0.018952807235366,2.31884006995969,0.498694851248286,0,"Thetford Reef (16-068)","Thetford Reef (16-068)__THE_16-068_15","Thetford Reef (16-068)__THEDNA1__2021-05-15",0.0409702747836489,0.0266655662822495,0.0629487256366674
80,3000,183,0.8,2.77258872223978,5.21493575760899,-0.018952807235366,2.31884006995969,0.981442141125023,0,"Thetford Reef (16-068)","Thetford Reef (16-068)__THE_16-068_15","Thetford Reef (16-068)__THEDNA1__2021-05-15",0.0327801236783383,0.0213074001803438,0.0504302026184509
80,3000,270,0.8,2.77258872223978,5.6021188208797,-0.018952807235366,2.31884006995969,1.24691278324678,0,"Thetford Reef (16-068)","Thetford Reef (16-068)__THE_16-068_15","Thetford Reef (16-068)__THEDNA1__2021-05-15",0.0282782868072652,0.0183854928881594,0.0434941564862233
80,3000,365,0.8,2.77258872223978,5.90263333340137,-0.018952807235366,2.31884006995969,1.45295945257192,0,"Thetford Reef (16-068)","Thetford Reef (16-068)__THE_16-068_15","Thetford Reef (16-068)__THEDNA1__2021-05-15",0.0250587981968383,0.0161621299138303,0.0388527607696384
80,5000,30,0.8,3.25809653802148,3.43398720448515,-0.018952807235366,3.10650534344092,-0.239658678703541,0,"Thetford Reef (16-068)","Thetford Reef (16-068)__THE_16-068_15","Thetford Reef (16-068)__THEDNA1__2021-05-15",0.0482161976881529,0.0282033148943718,0.0824300876762177
80,5000,90,0.8,3.25809653802148,4.51085950651685,-0.018952807235366,3.10650534344092,0.498694851248286,0,"Thetford Reef (16-068)","Thetford Reef (16-068)__THE_16-068_15","Thetford Reef (16-068)__THEDNA1__2021-05-15",0.0386379191249763,0.0226631550756894,0.0658729461684538
80,5000,183,0.8,3.25809653802148,5.21493575760899,-0.018952807235366,3.10650534344092,0.981442141125023,0,"Thetford Reef (16-068)","Thetford Reef (16-068)__THE_16-068_15","Thetford Reef (16-068)__THEDNA1__2021-05-15",0.0309140169129604,0.0181077308444282,0.0527772612651169
80,5000,270,0.8,3.25809653802148,5.6021188208797,-0.018952807235366,3.10650534344092,1.24691278324678,0,"Thetford Reef (16-068)","Thetford Reef (16-068)__THE_16-068_15","Thetford Reef (16-068)__THEDNA1__2021-05-15",0.0266684605954378,0.015612094701739,0.0455548601336115
80,5000,365,0.8,3.25809653802148,5.90263333340137,-0.018952807235366,3.10650534344092,1.45295945257192,0,"Thetford Reef (16-068)","Thetford Reef (16-068)__THE_16-068_15","Thetford Reef (16-068)__THEDNA1__2021-05-15",0.023632251021293,0.013735172993433,0.0406608121062927
82,200,30,0.82,0.693147180559945,3.43398720448515,0.0548727888767002,-1.05474906161454,-0.239658678703541,0,"Thetford Reef (16-068)","Thetford Reef (16-068)__THE_16-068_15","Thetford Reef (16-068)__THEDNA1__2021-05-15",0.0503318217934945,0.0333651156643766,0.0759263750359733
82,200,90,0.82,0.693147180559945,4.51085950651685,0.0548727888767002,-1.05474906161454,0.498694851248286,0,"Thetford Reef (16-068)","Thetford Reef (16-068)__THE_16-068_15","Thetford Reef (16-068)__THEDNA1__2021-05-15",0.0407590336149343,0.027113226838751,0.0612726338736253
82,200,183,0.82,0.693147180559945,5.21493575760899,0.0548727888767002,-1.05474906161454,0.981442141125023,0,"Thetford Reef (16-068)","Thetford Reef (16-068)__THE_16-068_15","Thetford Reef (16-068)__THEDNA1__2021-05-15",0.0327502290080093,0.0217642417244842,0.0492816388301013
82,200,270,0.82,0.693147180559945,5.6021188208797,0.0548727888767002,-1.05474906161454,1.24691278324678,0,"Thetford Reef (16-068)","Thetford Reef (16-068)__THE_16-068_15","Thetford Reef (16-068)__THEDNA1__2021-05-15",0.0280762925094651,0.0186449882448745,0.0422782889816916
82,200,365,0.82,0.693147180559945,5.90263333340137,0.0548727888767002,-1.05474906161454,1.45295945257192,0,"Thetford Reef (16-068)","Thetford Reef (16-068)__THE_16-068_15","Thetford Reef (16-068)__THEDNA1__2021-05-15",0.0246919313558311,0.016248205212364,0.0375236197544536
82,500,30,0.82,1.25276296849537,3.43398720448515,0.0548727888767002,-0.146854464822377,-0.239658678703541,0,"Thetford Reef (16-068)","Thetford Reef (16-068)__THE_16-068_15","Thetford Reef (16-068)__THEDNA1__2021-05-15",0.04899648038223,0.0325668384353414,0.0737147111965608
82,500,90,0.82,1.25276296849537,4.51085950651685,0.0548727888767002,-0.146854464822377,0.498694851248286,0,"Thetford Reef (16-068)","Thetford Reef (16-068)__THE_16-068_15","Thetford Reef (16-068)__THEDNA1__2021-05-15",0.0396776655354626,0.0264480477547995,0.0595248903412295
82,500,183,0.82,1.25276296849537,5.21493575760899,0.0548727888767002,-0.146854464822377,0.981442141125023,0,"Thetford Reef (16-068)","Thetford Reef (16-068)__THE_16-068_15","Thetford Reef (16-068)__THEDNA1__2021-05-15",0.0318813405898189,0.0212186459362574,0.0479022026597476
82,500,270,0.82,1.25276296849537,5.6021188208797,0.0548727888767002,-0.146854464822377,1.24691278324678,0,"Thetford Reef (16-068)","Thetford Reef (16-068)__THE_16-068_15","Thetford Reef (16-068)__THEDNA1__2021-05-15",0.0273314071719845,0.0181836284206109,0.0410812298140719
82,500,365,0.82,1.25276296849537,5.90263333340137,0.0548727888767002,-0.146854464822377,1.45295945257192,0,"Thetford Reef (16-068)","Thetford Reef (16-068)__THE_16-068_15","Thetford Reef (16-068)__THEDNA1__2021-05-15",0.0240368356869554,0.0158527805456209,0.0364459388167897
82,1000,30,0.82,1.79175946922805,3.43398720448515,0.0548727888767002,0.727588360513993,-0.239658678703541,0,"Thetford Reef (16-068)","Thetford Reef (16-068)__THE_16-068_15","Thetford Reef (16-068)__THEDNA1__2021-05-15",0.052430718095965,0.0347915772978891,0.0790128075114701
82,1000,90,0.82,1.79175946922805,4.51085950651685,0.0548727888767002,0.727588360513993,0.498694851248286,0,"Thetford Reef (16-068)","Thetford Reef (16-068)__THE_16-068_15","Thetford Reef (16-068)__THEDNA1__2021-05-15",0.0424587333654749,0.0282470268640061,0.0638206650094436
82,1000,183,0.82,1.79175946922805,5.21493575760899,0.0548727888767002,0.727588360513993,0.981442141125023,0,"Thetford Reef (16-068)","Thetford Reef (16-068)__THE_16-068_15","Thetford Reef (16-068)__THEDNA1__2021-05-15",0.0341159521652596,0.0226697526604404,0.0513414596787077
82,1000,270,0.82,1.79175946922805,5.6021188208797,0.0548727888767002,0.727588360513993,1.24691278324678,0,"Thetford Reef (16-068)","Thetford Reef (16-068)__THE_16-068_15","Thetford Reef (16-068)__THEDNA1__2021-05-15",0.0292471070048549,0.0194444377576717,0.0439916689190943
82,1000,365,0.82,1.79175946922805,5.90263333340137,0.0548727888767002,0.727588360513993,1.45295945257192,0,"Thetford Reef (16-068)","Thetford Reef (16-068)__THE_16-068_15","Thetford Reef (16-068)__THEDNA1__2021-05-15",0.0257216140014593,0.0169672497686554,0.0389928501000957
82,2000,30,0.82,2.39789527279837,3.43398720448515,0.0548727888767002,1.71095486454706,-0.239658678703541,0,"Thetford Reef (16-068)","Thetford Reef (16-068)__THE_16-068_15","Thetford Reef (16-068)__THEDNA1__2021-05-15",0.0539968518881251,0.0356278920264055,0.0818364446503653
82,2000,90,0.82,2.39789527279837,4.51085950651685,0.0548727888767002,1.71095486454706,0.498694851248286,0,"Thetford Reef (16-068)","Thetford Reef (16-068)__THE_16-068_15","Thetford Reef (16-068)__THEDNA1__2021-05-15",0.0437269986021684,0.0289288369342205,0.0660949629983993
82,2000,183,0.82,2.39789527279837,5.21493575760899,0.0548727888767002,1.71095486454706,0.981442141125023,0,"Thetford Reef (16-068)","Thetford Reef (16-068)__THE_16-068_15","Thetford Reef (16-068)__THEDNA1__2021-05-15",0.0351350140335319,0.023220486821086,0.0531629341214109
82,2000,270,0.82,2.39789527279837,5.6021188208797,0.0548727888767002,1.71095486454706,1.24691278324678,0,"Thetford Reef (16-068)","Thetford Reef (16-068)__THE_16-068_15","Thetford Reef (16-068)__THEDNA1__2021-05-15",0.0301207338455056,0.0199204692365664,0.0455440379750897
82,2000,365,0.82,2.39789527279837,5.90263333340137,0.0548727888767002,1.71095486454706,1.45295945257192,0,"Thetford Reef (16-068)","Thetford Reef (16-068)__THE_16-068_15","Thetford Reef (16-068)__THEDNA1__2021-05-15",0.0264899324670361,0.0173874644443275,0.0403576107577354
82,3000,30,0.82,2.77258872223978,3.43398720448515,0.0548727888767002,2.31884006995969,-0.239658678703541,0,"Thetford Reef (16-068)","Thetford Reef (16-068)__THE_16-068_15","Thetford Reef (16-068)__THEDNA1__2021-05-15",0.0521787708804385,0.0337331568676974,0.0807106237127915
82,3000,90,0.82,2.77258872223978,4.51085950651685,0.0548727888767002,2.31884006995969,0.498694851248286,0,"Thetford Reef (16-068)","Thetford Reef (16-068)__THE_16-068_15","Thetford Reef (16-068)__THEDNA1__2021-05-15",0.0422547048868522,0.0273936044528522,0.065177990291419
82,3000,183,0.82,2.77258872223978,5.21493575760899,0.0548727888767002,2.31884006995969,0.981442141125023,0,"Thetford Reef (16-068)","Thetford Reef (16-068)__THE_16-068_15","Thetford Reef (16-068)__THEDNA1__2021-05-15",0.0339520135532166,0.0219834623924328,0.0524366545969847
82,3000,270,0.82,2.77258872223978,5.6021188208797,0.0548727888767002,2.31884006995969,1.24691278324678,0,"Thetford Reef (16-068)","Thetford Reef (16-068)__THE_16-068_15","Thetford Reef (16-068)__THEDNA1__2021-05-15",0.0291065648295867,0.0188493942553698,0.044945323160058
82,3000,365,0.82,2.77258872223978,5.90263333340137,0.0548727888767002,2.31884006995969,1.45295945257192,0,"Thetford Reef (16-068)","Thetford Reef (16-068)__THE_16-068_15","Thetford Reef (16-068)__THEDNA1__2021-05-15",0.0255980130045274,0.0164507086458942,0.0398316135726769
82,5000,30,0.82,3.25809653802148,3.43398720448515,0.0548727888767002,3.10650534344092,-0.239658678703541,0,"Thetford Reef (16-068)","Thetford Reef (16-068)__THE_16-068_15","Thetford Reef (16-068)__THEDNA1__2021-05-15",0.0484603635369401,0.0281703278831109,0.0833645545013462
82,5000,90,0.82,3.25809653802148,4.51085950651685,0.0548727888767002,3.10650534344092,0.498694851248286,0,"Thetford Reef (16-068)","Thetford Reef (16-068)__THE_16-068_15","Thetford Reef (16-068)__THEDNA1__2021-05-15",0.0392435146595345,0.0228711252274766,0.0673361466703411
82,5000,183,0.82,3.25809653802148,5.21493575760899,0.0548727888767002,3.10650534344092,0.981442141125023,0,"Thetford Reef (16-068)","Thetford Reef (16-068)__THE_16-068_15","Thetford Reef (16-068)__THEDNA1__2021-05-15",0.0315324966808832,0.0183507779908889,0.0541828988080821
82,5000,270,0.82,3.25809653802148,5.6021188208797,0.0548727888767002,3.10650534344092,1.24691278324678,0,"Thetford Reef (16-068)","Thetford Reef (16-068)__THE_16-068_15","Thetford Reef (16-068)__THEDNA1__2021-05-15",0.0270323483890664,0.0157218147898981,0.0464798669360611
82,5000,365,0.82,3.25809653802148,5.90263333340137,0.0548727888767002,3.10650534344092,1.45295945257192,0,"Thetford Reef (16-068)","Thetford Reef (16-068)__THE_16-068_15","Thetford Reef (16-068)__THEDNA1__2021-05-15",0.0237738259275051,0.0137313728493639,0.0411608369703178
84,200,30,0.84,0.693147180559945,3.43398720448515,0.128698384988767,-1.05474906161454,-0.239658678703541,0,"Thetford Reef (16-068)","Thetford Reef (16-068)__THE_16-068_15","Thetford Reef (16-068)__THEDNA1__2021-05-15",0.0511786277274313,0.033819478407434,0.077448028751598
84,200,90,0.84,0.693147180559945,4.51085950651685,0.128698384988767,-1.05474906161454,0.498694851248286,0,"Thetford Reef (16-068)","Thetford Reef (16-068)__THE_16-068_15","Thetford Reef (16-068)__THEDNA1__2021-05-15",0.0418822807018776,0.0277699995991449,0.0631662031728977
84,200,183,0.84,0.693147180559945,5.21493575760899,0.128698384988767,-1.05474906161454,0.981442141125023,0,"Thetford Reef (16-068)","Thetford Reef (16-068)__THE_16-068_15","Thetford Reef (16-068)__THEDNA1__2021-05-15",0.0337963296456591,0.0223860021742883,0.0510225938792202
84,200,270,0.84,0.693147180559945,5.6021188208797,0.128698384988767,-1.05474906161454,1.24691278324678,0,"Thetford Reef (16-068)","Thetford Reef (16-068)__THE_16-068_15","Thetford Reef (16-068)__THEDNA1__2021-05-15",0.0287923998509226,0.0190580854241813,0.0434987182985102
84,200,365,0.84,0.693147180559945,5.90263333340137,0.128698384988767,-1.05474906161454,1.45295945257192,0,"Thetford Reef (16-068)","Thetford Reef (16-068)__THE_16-068_15","Thetford Reef (16-068)__THEDNA1__2021-05-15",0.0251305113846386,0.0164879153675052,0.0383033626978771
84,500,30,0.84,1.25276296849537,3.43398720448515,0.128698384988767,-0.146854464822377,-0.239658678703541,0,"Thetford Reef (16-068)","Thetford Reef (16-068)__THE_16-068_15","Thetford Reef (16-068)__THEDNA1__2021-05-15",0.0501278375294627,0.0332289371310824,0.0756208387125848
84,500,90,0.84,1.25276296849537,4.51085950651685,0.128698384988767,-0.146854464822377,0.498694851248286,0,"Thetford Reef (16-068)","Thetford Reef (16-068)__THE_16-068_15","Thetford Reef (16-068)__THEDNA1__2021-05-15",0.0410223613960203,0.0272702566034529,0.06170950860406
84,500,183,0.84,1.25276296849537,5.21493575760899,0.128698384988767,-0.146854464822377,0.981442141125023,0,"Thetford Reef (16-068)","Thetford Reef (16-068)__THE_16-068_15","Thetford Reef (16-068)__THEDNA1__2021-05-15",0.033102429603866,0.021971633554995,0.0498720699549349
84,500,270,0.84,1.25276296849537,5.6021188208797,0.128698384988767,-0.146854464822377,1.24691278324678,0,"Thetford Reef (16-068)","Thetford Reef (16-068)__THE_16-068_15","Thetford Reef (16-068)__THEDNA1__2021-05-15",0.0282012395779181,0.0187114298634544,0.0425039625263738
84,500,365,0.84,1.25276296849537,5.90263333340137,0.128698384988767,-0.146854464822377,1.45295945257192,0,"Thetford Reef (16-068)","Thetford Reef (16-068)__THE_16-068_15","Thetford Reef (16-068)__THEDNA1__2021-05-15",0.024614536334007,0.016194478099521,0.0374124683249949
84,1000,30,0.84,1.79175946922805,3.43398720448515,0.128698384988767,0.727588360513993,-0.239658678703541,0,"Thetford Reef (16-068)","Thetford Reef (16-068)__THE_16-068_15","Thetford Reef (16-068)__THEDNA1__2021-05-15",0.0540794220824244,0.0357798785260603,0.0817382286705889
84,1000,90,0.84,1.79175946922805,4.51085950651685,0.128698384988767,0.727588360513993,0.498694851248286,0,"Thetford Reef (16-068)","Thetford Reef (16-068)__THE_16-068_15","Thetford Reef (16-068)__THEDNA1__2021-05-15",0.0442561599719763,0.029357557190444,0.0667156222419857
84,1000,183,0.84,1.79175946922805,5.21493575760899,0.128698384988767,0.727588360513993,0.981442141125023,0,"Thetford Reef (16-068)","Thetford Reef (16-068)__THE_16-068_15","Thetford Reef (16-068)__THEDNA1__2021-05-15",0.0357118988316431,0.0236635237965109,0.0538947508041704
84,1000,270,0.84,1.79175946922805,5.6021188208797,0.128698384988767,0.727588360513993,1.24691278324678,0,"Thetford Reef (16-068)","Thetford Reef (16-068)__THE_16-068_15","Thetford Reef (16-068)__THEDNA1__2021-05-15",0.0304243472997499,0.0201700238805728,0.0458919094045966
84,1000,365,0.84,1.79175946922805,5.90263333340137,0.128698384988767,0.727588360513993,1.45295945257192,0,"Thetford Reef (16-068)","Thetford Reef (16-068)__THE_16-068_15","Thetford Reef (16-068)__THEDNA1__2021-05-15",0.0265549037296404,0.0174722218187774,0.040359086520561
84,2000,30,0.84,2.39789527279837,3.43398720448515,0.128698384988767,1.71095486454706,-0.239658678703541,0,"Thetford Reef (16-068)","Thetford Reef (16-068)__THE_16-068_15","Thetford Reef (16-068)__THEDNA1__2021-05-15",0.0555856174377911,0.0365606220918094,0.0845106206940789
84,2000,90,0.84,2.39789527279837,4.51085950651685,0.128698384988767,1.71095486454706,0.498694851248286,0,"Thetford Reef (16-068)","Thetford Reef (16-068)__THE_16-068_15","Thetford Reef (16-068)__THEDNA1__2021-05-15",0.0454887623192158,0.0300002370713416,0.0689737048548454
84,2000,183,0.84,2.39789527279837,5.21493575760899,0.128698384988767,1.71095486454706,0.981442141125023,0,"Thetford Reef (16-068)","Thetford Reef (16-068)__THE_16-068_15","Thetford Reef (16-068)__THEDNA1__2021-05-15",0.0367065303214094,0.0241853912954018,0.0557100504093441
84,2000,270,0.84,2.39789527279837,5.6021188208797,0.128698384988767,1.71095486454706,1.24691278324678,0,"Thetford Reef (16-068)","Thetford Reef (16-068)__THE_16-068_15","Thetford Reef (16-068)__THEDNA1__2021-05-15",0.0312717123200916,0.0206181765052973,0.047429994169432
84,2000,365,0.84,2.39789527279837,5.90263333340137,0.128698384988767,1.71095486454706,1.45295945257192,0,"Thetford Reef (16-068)","Thetford Reef (16-068)__THE_16-068_15","Thetford Reef (16-068)__THEDNA1__2021-05-15",0.0272944987755866,0.0178649524776566,0.0417011836075267
84,3000,30,0.84,2.77258872223978,3.43398720448515,0.128698384988767,2.31884006995969,-0.239658678703541,0,"Thetford Reef (16-068)","Thetford Reef (16-068)__THE_16-068_15","Thetford Reef (16-068)__THEDNA1__2021-05-15",0.0532524486952879,0.0342792980361774,0.0827269942649182
84,3000,90,0.84,2.77258872223978,4.51085950651685,0.128698384988767,2.31884006995969,0.498694851248286,0,"Thetford Reef (16-068)","Thetford Reef (16-068)__THE_16-068_15","Thetford Reef (16-068)__THEDNA1__2021-05-15",0.0435794022496415,0.028129372004205,0.0675153465975764
84,3000,183,0.84,2.77258872223978,5.21493575760899,0.128698384988767,2.31884006995969,0.981442141125023,0,"Thetford Reef (16-068)","Thetford Reef (16-068)__THE_16-068_15","Thetford Reef (16-068)__THEDNA1__2021-05-15",0.0351657985073299,0.0226708837356423,0.0545472068525471
84,3000,270,0.84,2.77258872223978,5.6021188208797,0.128698384988767,2.31884006995969,1.24691278324678,0,"Thetford Reef (16-068)","Thetford Reef (16-068)__THE_16-068_15","Thetford Reef (16-068)__THEDNA1__2021-05-15",0.0299591033202646,0.0193166033807209,0.0464650981367714
84,3000,365,0.84,2.77258872223978,5.90263333340137,0.128698384988767,2.31884006995969,1.45295945257192,0,"Thetford Reef (16-068)","Thetford Reef (16-068)__THE_16-068_15","Thetford Reef (16-068)__THEDNA1__2021-05-15",0.0261488306275848,0.0167352327519279,0.040857593875493
84,5000,30,0.84,3.25809653802148,3.43398720448515,0.128698384988767,3.10650534344092,-0.239658678703541,0,"Thetford Reef (16-068)","Thetford Reef (16-068)__THE_16-068_15","Thetford Reef (16-068)__THEDNA1__2021-05-15",0.0487057658366416,0.0281105404501407,0.0843901108888815
84,5000,90,0.84,3.25809653802148,4.51085950651685,0.128698384988767,3.10650534344092,0.498694851248286,0,"Thetford Reef (16-068)","Thetford Reef (16-068)__THE_16-068_15","Thetford Reef (16-068)__THEDNA1__2021-05-15",0.0398586020601091,0.0230599604801052,0.0688946609234987
84,5000,183,0.84,3.25809653802148,5.21493575760899,0.128698384988767,3.10650534344092,0.981442141125023,0,"Thetford Reef (16-068)","Thetford Reef (16-068)__THE_16-068_15","Thetford Reef (16-068)__THEDNA1__2021-05-15",0.0321633500340443,0.018580087750954,0.0556768675841879
84,5000,270,0.84,3.25809653802148,5.6021188208797,0.128698384988767,3.10650534344092,1.24691278324678,0,"Thetford Reef (16-068)","Thetford Reef (16-068)__THE_16-068_15","Thetford Reef (16-068)__THEDNA1__2021-05-15",0.0274012013859125,0.0158180628448851,0.0474663582231321
84,5000,365,0.84,3.25809653802148,5.90263333340137,0.128698384988767,3.10650534344092,1.45295945257192,0,"Thetford Reef (16-068)","Thetford Reef (16-068)__THE_16-068_15","Thetford Reef (16-068)__THEDNA1__2021-05-15",0.0239162489735772,0.0137140428165782,0.0417081215667989
86,200,30,0.86,0.693147180559945,3.43398720448515,0.202523981100833,-1.05474906161454,-0.239658678703541,0,"Thetford Reef (16-068)","Thetford Reef (16-068)__THE_16-068_15","Thetford Reef (16-068)__THEDNA1__2021-05-15",0.0520396807174889,0.0342647962996932,0.0790352974957692
86,200,90,0.86,0.693147180559945,4.51085950651685,0.202523981100833,-1.05474906161454,0.498694851248286,0,"Thetford Reef (16-068)","Thetford Reef (16-068)__THE_16-068_15","Thetford Reef (16-068)__THEDNA1__2021-05-15",0.0430364824976654,0.028431356901204,0.0651442290358442
86,200,183,0.86,0.693147180559945,5.21493575760899,0.202523981100833,-1.05474906161454,0.981442141125023,0,"Thetford Reef (16-068)","Thetford Reef (16-068)__THE_16-068_15","Thetford Reef (16-068)__THEDNA1__2021-05-15",0.0348758446006202,0.0230161218240947,0.0528466327169545
86,200,270,0.86,0.693147180559945,5.6021188208797,0.202523981100833,-1.05474906161454,1.24691278324678,0,"Thetford Reef (16-068)","Thetford Reef (16-068)__THE_16-068_15","Thetford Reef (16-068)__THEDNA1__2021-05-15",0.0295267720585236,0.0194724789453851,0.0447724334760485
86,200,365,0.86,0.693147180559945,5.90263333340137,0.202523981100833,-1.05474906161454,1.45295945257192,0,"Thetford Reef (16-068)","Thetford Reef (16-068)__THE_16-068_15","Thetford Reef (16-068)__THEDNA1__2021-05-15",0.0255768815064486,0.0167223191813051,0.0391199845250087
86,500,30,0.86,1.25276296849537,3.43398720448515,0.202523981100833,-0.146854464822377,-0.239658678703541,0,"Thetford Reef (16-068)","Thetford Reef (16-068)__THE_16-068_15","Thetford Reef (16-068)__THEDNA1__2021-05-15",0.0512853183693485,0.0338907305008672,0.0776077659399564
86,500,90,0.86,1.25276296849537,4.51085950651685,0.202523981100833,-0.146854464822377,0.498694851248286,0,"Thetford Reef (16-068)","Thetford Reef (16-068)__THE_16-068_15","Thetford Reef (16-068)__THEDNA1__2021-05-15",0.042412629669496,0.0281074975041185,0.0639982679076369
86,500,183,0.86,1.25276296849537,5.21493575760899,0.202523981100833,-0.146854464822377,0.981442141125023,0,"Thetford Reef (16-068)","Thetford Reef (16-068)__THE_16-068_15","Thetford Reef (16-068)__THEDNA1__2021-05-15",0.034370287616727,0.0227423423026136,0.0519434917977105
86,500,270,0.86,1.25276296849537,5.6021188208797,0.202523981100833,-0.146854464822377,1.24691278324678,0,"Thetford Reef (16-068)","Thetford Reef (16-068)__THE_16-068_15","Thetford Reef (16-068)__THEDNA1__2021-05-15",0.0290987547302853,0.0192470162723815,0.0439931839236987
86,500,365,0.86,1.25276296849537,5.90263333340137,0.202523981100833,-0.146854464822377,1.45295945257192,0,"Thetford Reef (16-068)","Thetford Reef (16-068)__THE_16-068_15","Thetford Reef (16-068)__THEDNA1__2021-05-15",0.0252061214225031,0.0165350062655292,0.0384244521570271
86,1000,30,0.86,1.79175946922805,3.43398720448515,0.202523981100833,0.727588360513993,-0.239658678703541,0,"Thetford Reef (16-068)","Thetford Reef (16-068)__THE_16-068_15","Thetford Reef (16-068)__THEDNA1__2021-05-15",0.0557799701964046,0.03678246090409,0.0845893667426101
86,1000,90,0.86,1.79175946922805,4.51085950651685,0.202523981100833,0.727588360513993,0.498694851248286,0,"Thetford Reef (16-068)","Thetford Reef (16-068)__THE_16-068_15","Thetford Reef (16-068)__THEDNA1__2021-05-15",0.0461296779300014,0.0305013455532826,0.0697656823764826
86,1000,183,0.86,1.79175946922805,5.21493575760899,0.202523981100833,0.727588360513993,0.981442141125023,0,"Thetford Reef (16-068)","Thetford Reef (16-068)__THE_16-068_15","Thetford Reef (16-068)__THEDNA1__2021-05-15",0.0373825039964793,0.0246918485549202,0.0565956656480598
86,1000,270,0.86,1.79175946922805,5.6021188208797,0.202523981100833,0.727588360513993,1.24691278324678,0,"Thetford Reef (16-068)","Thetford Reef (16-068)__THE_16-068_15","Thetford Reef (16-068)__THEDNA1__2021-05-15",0.0316489732971588,0.0209151264791707,0.0478915349501625
86,1000,365,0.86,1.79175946922805,5.90263333340137,0.202523981100833,0.727588360513993,1.45295945257192,0,"Thetford Reef (16-068)","Thetford Reef (16-068)__THE_16-068_15","Thetford Reef (16-068)__THEDNA1__2021-05-15",0.0274151891110126,0.0179834629543696,0.0417935408713906
86,2000,30,0.86,2.39789527279837,3.43398720448515,0.202523981100833,1.71095486454706,-0.239658678703541,0,"Thetford Reef (16-068)","Thetford Reef (16-068)__THE_16-068_15","Thetford Reef (16-068)__THEDNA1__2021-05-15",0.0572211297121926,0.0375026628019059,0.0873073387571074
86,2000,90,0.86,2.39789527279837,4.51085950651685,0.202523981100833,1.71095486454706,0.498694851248286,0,"Thetford Reef (16-068)","Thetford Reef (16-068)__THE_16-068_15","Thetford Reef (16-068)__THEDNA1__2021-05-15",0.0473215076150114,0.0311001007629387,0.0720037886702329
86,2000,183,0.86,2.39789527279837,5.21493575760899,0.202523981100833,1.71095486454706,0.981442141125023,0,"Thetford Reef (16-068)","Thetford Reef (16-068)__THE_16-068_15","Thetford Reef (16-068)__THEDNA1__2021-05-15",0.0383483372726322,0.0251808284584761,0.0584013736482342
86,2000,270,0.86,2.39789527279837,5.6021188208797,0.202523981100833,1.71095486454706,1.24691278324678,0,"Thetford Reef (16-068)","Thetford Reef (16-068)__THE_16-068_15","Thetford Reef (16-068)__THEDNA1__2021-05-15",0.0324666721749373,0.0213323557981491,0.0494124892763277
86,2000,365,0.86,2.39789527279837,5.90263333340137,0.202523981100833,1.71095486454706,1.45295945257192,0,"Thetford Reef (16-068)","Thetford Reef (16-068)__THE_16-068_15","Thetford Reef (16-068)__THEDNA1__2021-05-15",0.0281235017996954,0.0183464682542688,0.0431108234301955
86,3000,30,0.86,2.77258872223978,3.43398720448515,0.202523981100833,2.31884006995969,-0.239658678703541,0,"Thetford Reef (16-068)","Thetford Reef (16-068)__THE_16-068_15","Thetford Reef (16-068)__THEDNA1__2021-05-15",0.05434821948072,0.0348181146617147,0.0848331102767138
86,3000,90,0.86,2.77258872223978,4.51085950651685,0.202523981100833,2.31884006995969,0.498694851248286,0,"Thetford Reef (16-068)","Thetford Reef (16-068)__THE_16-068_15","Thetford Reef (16-068)__THEDNA1__2021-05-15",0.0449456292623877,0.0288728015845943,0.069965832164686
86,3000,183,0.86,2.77258872223978,5.21493575760899,0.202523981100833,2.31884006995969,0.981442141125023,0,"Thetford Reef (16-068)","Thetford Reef (16-068)__THE_16-068_15","Thetford Reef (16-068)__THEDNA1__2021-05-15",0.0364229762903405,0.0233697029045609,0.0567672258078984
86,3000,270,0.86,2.77258872223978,5.6021188208797,0.202523981100833,2.31884006995969,1.24691278324678,0,"Thetford Reef (16-068)","Thetford Reef (16-068)__THE_16-068_15","Thetford Reef (16-068)__THEDNA1__2021-05-15",0.0308366128744239,0.019787046183818,0.0480565257054252
86,3000,365,0.86,2.77258872223978,5.90263333340137,0.202523981100833,2.31884006995969,1.45295945257192,0,"Thetford Reef (16-068)","Thetford Reef (16-068)__THE_16-068_15","Thetford Reef (16-068)__THEDNA1__2021-05-15",0.0267115007352011,0.0170155743715293,0.0419324235519487
86,5000,30,0.86,3.25809653802148,3.43398720448515,0.202523981100833,3.10650534344092,-0.239658678703541,0,"Thetford Reef (16-068)","Thetford Reef (16-068)__THE_16-068_15","Thetford Reef (16-068)__THEDNA1__2021-05-15",0.0489524108486196,0.0280251556294732,0.0855066983239836
86,5000,90,0.86,3.25809653802148,4.51085950651685,0.202523981100833,3.10650534344092,0.498694851248286,0,"Thetford Reef (16-068)","Thetford Reef (16-068)__THE_16-068_15","Thetford Reef (16-068)__THEDNA1__2021-05-15",0.0404833300984711,0.0232299958536239,0.0705510248985305
86,5000,183,0.86,3.25809653802148,5.21493575760899,0.202523981100833,3.10650534344092,0.981442141125023,0,"Thetford Reef (16-068)","Thetford Reef (16-068)__THE_16-068_15","Thetford Reef (16-068)__THEDNA1__2021-05-15",0.0328068245239718,0.0187957507894536,0.0572622901528673
86,5000,270,0.86,3.25809653802148,5.6021188208797,0.202523981100833,3.10650534344092,1.24691278324678,0,"Thetford Reef (16-068)","Thetford Reef (16-068)__THE_16-068_15","Thetford Reef (16-068)__THEDNA1__2021-05-15",0.02777508733555,0.0159011560969906,0.0485156847585084
86,5000,365,0.86,3.25809653802148,5.90263333340137,0.202523981100833,3.10650534344092,1.45295945257192,0,"Thetford Reef (16-068)","Thetford Reef (16-068)__THE_16-068_15","Thetford Reef (16-068)__THEDNA1__2021-05-15",0.0240595252405028,0.0136837531622694,0.0423027767260886
88,200,30,0.88,0.693147180559945,3.43398720448515,0.2763495772129,-1.05474906161454,-0.239658678703541,0,"Thetford Reef (16-068)","Thetford Reef (16-068)__THE_16-068_15","Thetford Reef (16-068)__THEDNA1__2021-05-15",0.0529152204627529,0.0347009469761014,0.0806900329996793
88,200,90,0.88,0.693147180559945,4.51085950651685,0.2763495772129,-1.05474906161454,0.498694851248286,0,"Thetford Reef (16-068)","Thetford Reef (16-068)__THE_16-068_15","Thetford Reef (16-068)__THEDNA1__2021-05-15",0.0442224920594838,0.0290971780380625,0.0672102566576359
88,200,183,0.88,0.693147180559945,5.21493575760899,0.2763495772129,-1.05474906161454,0.981442141125023,0,"Thetford Reef (16-068)","Thetford Reef (16-068)__THE_16-068_15","Thetford Reef (16-068)__THEDNA1__2021-05-15",0.0359898411856934,0.0236545684486435,0.0547576537438674
88,200,270,0.88,0.693147180559945,5.6021188208797,0.2763495772129,-1.05474906161454,1.24691278324678,0,"Thetford Reef (16-068)","Thetford Reef (16-068)__THE_16-068_15","Thetford Reef (16-068)__THEDNA1__2021-05-15",0.0302798749916663,0.019888069532899,0.0461015498761325
88,200,365,0.88,0.693147180559945,5.90263333340137,0.2763495772129,-1.05474906161454,1.45295945257192,0,"Thetford Reef (16-068)","Thetford Reef (16-068)__THE_16-068_15","Thetford Reef (16-068)__THEDNA1__2021-05-15",0.026031180089506,0.0169513103842346,0.0399746285975925
88,500,30,0.88,1.25276296849537,3.43398720448515,0.2763495772129,-0.146854464822377,-0.239658678703541,0,"Thetford Reef (16-068)","Thetford Reef (16-068)__THE_16-068_15","Thetford Reef (16-068)__THEDNA1__2021-05-15",0.0524695261131012,0.0345519828265951,0.0796785291411512
88,500,90,0.88,1.25276296849537,4.51085950651685,0.2763495772129,-0.146854464822377,0.498694851248286,0,"Thetford Reef (16-068)","Thetford Reef (16-068)__THE_16-068_15","Thetford Reef (16-068)__THEDNA1__2021-05-15",0.0438500148276768,0.0289598376184601,0.0663962217509739
88,500,183,0.88,1.25276296849537,5.21493575760899,0.2763495772129,-0.146854464822377,0.981442141125023,0,"Thetford Reef (16-068)","Thetford Reef (16-068)__THE_16-068_15","Thetford Reef (16-068)__THEDNA1__2021-05-15",0.0356867059304484,0.0235309818758073,0.0541218801190635
88,500,270,0.88,1.25276296849537,5.6021188208797,0.2763495772129,-0.146854464822377,1.24691278324678,0,"Thetford Reef (16-068)","Thetford Reef (16-068)__THE_16-068_15","Thetford Reef (16-068)__THEDNA1__2021-05-15",0.0300248336429972,0.0197903585575286,0.0455520112315859
88,500,365,0.88,1.25276296849537,5.90263333340137,0.2763495772129,-0.146854464822377,1.45295945257192,0,"Thetford Reef (16-068)","Thetford Reef (16-068)__THE_16-068_15","Thetford Reef (16-068)__THEDNA1__2021-05-15",0.0258119246507268,0.0168741661120111,0.0394837558047125
88,1000,30,0.88,1.79175946922805,3.43398720448515,0.2763495772129,0.727588360513993,-0.239658678703541,0,"Thetford Reef (16-068)","Thetford Reef (16-068)__THE_16-068_15","Thetford Reef (16-068)__THEDNA1__2021-05-15",0.057533992696327,0.0377992990132845,0.0875720027087712
88,1000,90,0.88,1.79175946922805,4.51085950651685,0.2763495772129,0.727588360513993,0.498694851248286,0,"Thetford Reef (16-068)","Thetford Reef (16-068)__THE_16-068_15","Thetford Reef (16-068)__THEDNA1__2021-05-15",0.0480825084524528,0.0316791443291773,0.0729794843906454
88,1000,183,0.88,1.79175946922805,5.21493575760899,0.2763495772129,0.727588360513993,0.981442141125023,0,"Thetford Reef (16-068)","Thetford Reef (16-068)__THE_16-068_15","Thetford Reef (16-068)__THEDNA1__2021-05-15",0.0391312601896307,0.0257556763432781,0.0594531280646495
88,1000,270,0.88,1.79175946922805,5.6021188208797,0.2763495772129,0.727588360513993,1.24691278324678,0,"Thetford Reef (16-068)","Thetford Reef (16-068)__THE_16-068_15","Thetford Reef (16-068)__THEDNA1__2021-05-15",0.0329228923432816,0.0216800974717801,0.0499959394397643
88,1000,365,0.88,1.79175946922805,5.90263333340137,0.2763495772129,0.727588360513993,1.45295945257192,0,"Thetford Reef (16-068)","Thetford Reef (16-068)__THE_16-068_15","Thetford Reef (16-068)__THEDNA1__2021-05-15",0.0283033447096876,0.0185008449345557,0.0432996073741017
88,2000,30,0.88,2.39789527279837,3.43398720448515,0.2763495772129,1.71095486454706,-0.239658678703541,0,"Thetford Reef (16-068)","Thetford Reef (16-068)__THE_16-068_15","Thetford Reef (16-068)__THEDNA1__2021-05-15",0.0589047641542162,0.0384538732943764,0.0902320349760777
88,2000,90,0.88,2.39789527279837,4.51085950651685,0.2763495772129,1.71095486454706,0.498694851248286,0,"Thetford Reef (16-068)","Thetford Reef (16-068)__THE_16-068_15","Thetford Reef (16-068)__THEDNA1__2021-05-15",0.049228094342141,0.0322289514894475,0.0751934258038836
88,2000,183,0.88,2.39789527279837,5.21493575760899,0.2763495772129,1.71095486454706,0.981442141125023,0,"Thetford Reef (16-068)","Thetford Reef (16-068)__THE_16-068_15","Thetford Reef (16-068)__THEDNA1__2021-05-15",0.0400635788427493,0.0262075243667341,0.0612454014056581
88,2000,270,0.88,2.39789527279837,5.6021188208797,0.2763495772129,1.71095486454706,1.24691278324678,0,"Thetford Reef (16-068)","Thetford Reef (16-068)__THE_16-068_15","Thetford Reef (16-068)__THEDNA1__2021-05-15",0.0337072940338357,0.0220632363729182,0.0514966005838596
88,2000,365,0.88,2.39789527279837,5.90263333340137,0.2763495772129,1.71095486454706,1.45295945257192,0,"Thetford Reef (16-068)","Thetford Reef (16-068)__THE_16-068_15","Thetford Reef (16-068)__THEDNA1__2021-05-15",0.0289776837442757,0.0188318529913046,0.0445896723796104
88,3000,30,0.88,2.77258872223978,3.43398720448515,0.2763495772129,2.31884006995969,-0.239658678703541,0,"Thetford Reef (16-068)","Thetford Reef (16-068)__THE_16-068_15","Thetford Reef (16-068)__THEDNA1__2021-05-15",0.0554665378417777,0.0353495089970032,0.0870319534116915
88,3000,90,0.88,2.77258872223978,4.51085950651685,0.2763495772129,2.31884006995969,0.498694851248286,0,"Thetford Reef (16-068)","Thetford Reef (16-068)__THE_16-068_15","Thetford Reef (16-068)__THEDNA1__2021-05-15",0.0463546878917692,0.0296238623948538,0.0725346702230365
88,3000,183,0.88,2.77258872223978,5.21493575760899,0.2763495772129,2.31884006995969,0.981442141125023,0,"Thetford Reef (16-068)","Thetford Reef (16-068)__THE_16-068_15","Thetford Reef (16-068)__THEDNA1__2021-05-15",0.0377250981964817,0.0240799896326279,0.0591023109082158
88,3000,270,0.88,2.77258872223978,5.6021188208797,0.2763495772129,2.31884006995969,1.24691278324678,0,"Thetford Reef (16-068)","Thetford Reef (16-068)__THE_16-068_15","Thetford Reef (16-068)__THEDNA1__2021-05-15",0.031739824900697,0.0202606743631427,0.0497227519020565
88,3000,365,0.88,2.77258872223978,5.90263333340137,0.2763495772129,2.31884006995969,1.45295945257192,0,"Thetford Reef (16-068)","Thetford Reef (16-068)__THE_16-068_15","Thetford Reef (16-068)__THEDNA1__2021-05-15",0.0272862783689439,0.0172916455880094,0.0430578445202338
88,5000,30,0.88,3.25809653802148,3.43398720448515,0.2763495772129,3.10650534344092,-0.239658678703541,0,"Thetford Reef (16-068)","Thetford Reef (16-068)__THE_16-068_15","Thetford Reef (16-068)__THEDNA1__2021-05-15",0.0492003048659442,0.0279155047696093,0.0867141761855997
88,5000,90,0.88,3.25809653802148,4.51085950651685,0.2763495772129,3.10650534344092,0.498694851248286,0,"Thetford Reef (16-068)","Thetford Reef (16-068)__THE_16-068_15","Thetford Reef (16-068)__THEDNA1__2021-05-15",0.0411178498781824,0.0233816870272028,0.0723077670416927
88,5000,183,0.88,3.25809653802148,5.21493575760899,0.2763495772129,3.10650534344092,0.981442141125023,0,"Thetford Reef (16-068)","Thetford Reef (16-068)__THE_16-068_15","Thetford Reef (16-068)__THEDNA1__2021-05-15",0.0334631726548213,0.018997958866357,0.0589423280681681
88,5000,270,0.88,3.25809653802148,5.6021188208797,0.2763495772129,3.10650534344092,1.24691278324678,0,"Thetford Reef (16-068)","Thetford Reef (16-068)__THE_16-068_15","Thetford Reef (16-068)__THEDNA1__2021-05-15",0.0281540749119872,0.0159714885908612,0.0496291832561765
88,5000,365,0.88,3.25809653802148,5.90263333340137,0.2763495772129,3.10650534344092,1.45295945257192,0,"Thetford Reef (16-068)","Thetford Reef (16-068)__THE_16-068_15","Thetford Reef (16-068)__THEDNA1__2021-05-15",0.0242036598397149,0.0136411436688037,0.0429448705958833
90,200,30,0.9,0.693147180559945,3.43398720448515,0.350175173324967,-1.05474906161454,-0.239658678703541,0,"Thetford Reef (16-068)","Thetford Reef (16-068)__THE_16-068_15","Thetford Reef (16-068)__THEDNA1__2021-05-15",0.0538054906951176,0.0351278656507539,0.0824140828174755
90,200,90,0.9,0.693147180559945,4.51085950651685,0.350175173324967,-1.05474906161454,0.498694851248286,0,"Thetford Reef (16-068)","Thetford Reef (16-068)__THE_16-068_15","Thetford Reef (16-068)__THEDNA1__2021-05-15",0.045441185953271,0.0297673756640908,0.0693679350219207
90,200,183,0.9,0.693147180559945,5.21493575760899,0.350175173324967,-1.05474906161454,0.981442141125023,0,"Thetford Reef (16-068)","Thetford Reef (16-068)__THE_16-068_15","Thetford Reef (16-068)__THEDNA1__2021-05-15",0.0371394208055507,0.0243013372195951,0.056759698666276
90,200,270,0.9,0.693147180559945,5.6021188208797,0.350175173324967,-1.05474906161454,1.24691278324678,0,"Thetford Reef (16-068)","Thetford Reef (16-068)__THE_16-068_15","Thetford Reef (16-068)__THEDNA1__2021-05-15",0.0310521863918498,0.020304781953156,0.0474882361179115
90,200,365,0.9,0.693147180559945,5.90263333340137,0.350175173324967,-1.05474906161454,1.45295945257192,0,"Thetford Reef (16-068)","Thetford Reef (16-068)__THE_16-068_15","Thetford Reef (16-068)__THEDNA1__2021-05-15",0.0264935479597639,0.0171748226451124,0.0408684327052459
90,500,30,0.9,1.25276296849537,3.43398720448515,0.350175173324967,-0.146854464822377,-0.239658678703541,0,"Thetford Reef (16-068)","Thetford Reef (16-068)__THE_16-068_15","Thetford Reef (16-068)__THEDNA1__2021-05-15",0.0536810779004312,0.0352125020430192,0.0818362217212409
90,500,90,0.9,1.25276296849537,4.51085950651685,0.350175173324967,-0.146854464822377,0.498694851248286,0,"Thetford Reef (16-068)","Thetford Reef (16-068)__THE_16-068_15","Thetford Reef (16-068)__THEDNA1__2021-05-15",0.0453361136852688,0.0298273716981889,0.0689086261062828
90,500,183,0.9,1.25276296849537,5.21493575760899,0.350175173324967,-0.146854464822377,0.981442141125023,0,"Thetford Reef (16-068)","Thetford Reef (16-068)__THE_16-068_15","Thetford Reef (16-068)__THEDNA1__2021-05-15",0.0370535444558371,0.024337788418937,0.0564128972241538
90,500,270,0.9,1.25276296849537,5.6021188208797,0.350175173324967,-0.146854464822377,1.24691278324678,0,"Thetford Reef (16-068)","Thetford Reef (16-068)__THE_16-068_15","Thetford Reef (16-068)__THEDNA1__2021-05-15",0.0309803853685672,0.0203414477977214,0.0471836757702393
90,500,365,0.9,1.25276296849537,5.90263333340137,0.350175173324967,-0.146854464822377,1.45295945257192,0,"Thetford Reef (16-068)","Thetford Reef (16-068)__THE_16-068_15","Thetford Reef (16-068)__THEDNA1__2021-05-15",0.0264322877370571,0.0172117929469094,0.0405922751435396
90,1000,30,0.9,1.79175946922805,3.43398720448515,0.350175173324967,0.727588360513993,-0.239658678703541,0,"Thetford Reef (16-068)","Thetford Reef (16-068)__THE_16-068_15","Thetford Reef (16-068)__THEDNA1__2021-05-15",0.0593431711047125,0.0388304035586945,0.0906921286934361
90,1000,90,0.9,1.79175946922805,4.51085950651685,0.350175173324967,0.727588360513993,0.498694851248286,0,"Thetford Reef (16-068)","Thetford Reef (16-068)__THE_16-068_15","Thetford Reef (16-068)__THEDNA1__2021-05-15",0.050118009117436,0.0328917461796409,0.0763661139842476
90,1000,183,0.9,1.79175946922805,5.21493575760899,0.350175173324967,0.727588360513993,0.981442141125023,0,"Thetford Reef (16-068)","Thetford Reef (16-068)__THE_16-068_15","Thetford Reef (16-068)__THEDNA1__2021-05-15",0.0409618233217546,0.0268560026910738,0.0624765714072673
90,1000,270,0.9,1.79175946922805,5.6021188208797,0.350175173324967,0.727588360513993,1.24691278324678,0,"Thetford Reef (16-068)","Thetford Reef (16-068)__THE_16-068_15","Thetford Reef (16-068)__THEDNA1__2021-05-15",0.0342480885578872,0.0224653133599909,0.0522107816202464
90,1000,365,0.9,1.79175946922805,5.90263333340137,0.350175173324967,0.727588360513993,1.45295945257192,0,"Thetford Reef (16-068)","Thetford Reef (16-068)__THE_16-068_15","Thetford Reef (16-068)__THEDNA1__2021-05-15",0.0292202734225754,0.0190242673732793,0.0448808020901406
90,2000,30,0.9,2.39789527279837,3.43398720448515,0.350175173324967,1.71095486454706,-0.239658678703541,0,"Thetford Reef (16-068)","Thetford Reef (16-068)__THE_16-068_15","Thetford Reef (16-068)__THEDNA1__2021-05-15",0.0606379366768164,0.0394141556360855,0.0932903243791724
90,2000,90,0.9,2.39789527279837,4.51085950651685,0.350175173324967,1.71095486454706,0.498694851248286,0,"Thetford Reef (16-068)","Thetford Reef (16-068)__THE_16-068_15","Thetford Reef (16-068)__THEDNA1__2021-05-15",0.0512114975768435,0.0333873498001827,0.0785512327201453
90,2000,183,0.9,2.39789527279837,5.21493575760899,0.350175173324967,1.71095486454706,0.981442141125023,0,"Thetford Reef (16-068)","Thetford Reef (16-068)__THE_16-068_15","Thetford Reef (16-068)__THEDNA1__2021-05-15",0.041855539609919,0.0272662455690122,0.0642510972624887
90,2000,270,0.9,2.39789527279837,5.6021188208797,0.350175173324967,1.71095486454706,1.24691278324678,0,"Thetford Reef (16-068)","Thetford Reef (16-068)__THE_16-068_15","Thetford Reef (16-068)__THEDNA1__2021-05-15",0.0349953227408546,0.0228110710736595,0.0536876418376836
90,2000,365,0.9,2.39789527279837,5.90263333340137,0.350175173324967,1.71095486454706,1.45295945257192,0,"Thetford Reef (16-068)","Thetford Reef (16-068)__THE_16-068_15","Thetford Reef (16-068)__THEDNA1__2021-05-15",0.0298578093568829,0.01932097870539,0.0461409741807368
90,3000,30,0.9,2.77258872223978,3.43398720448515,0.350175173324967,2.31884006995969,-0.239658678703541,0,"Thetford Reef (16-068)","Thetford Reef (16-068)__THE_16-068_15","Thetford Reef (16-068)__THEDNA1__2021-05-15",0.0566078677378705,0.0358734402118229,0.0893265510892412
90,3000,90,0.9,2.77258872223978,4.51085950651685,0.350175173324967,2.31884006995969,0.498694851248286,0,"Thetford Reef (16-068)","Thetford Reef (16-068)__THE_16-068_15","Thetford Reef (16-068)__THEDNA1__2021-05-15",0.047807920921501,0.0303825590455792,0.0752272808688594
90,3000,183,0.9,2.77258872223978,5.21493575760899,0.350175173324967,2.31884006995969,0.981442141125023,0,"Thetford Reef (16-068)","Thetford Reef (16-068)__THE_16-068_15","Thetford Reef (16-068)__THEDNA1__2021-05-15",0.0390737709787768,0.0248018444023228,0.0615583080732056
90,3000,270,0.9,2.77258872223978,5.6021188208797,0.350175173324967,2.31884006995969,1.24691278324678,0,"Thetford Reef (16-068)","Thetford Reef (16-068)__THE_16-068_15","Thetford Reef (16-068)__THEDNA1__2021-05-15",0.0326694922308558,0.0207374643401157,0.0514670311238251
90,3000,365,0.9,2.77258872223978,5.90263333340137,0.350175173324967,2.31884006995969,1.45295945257192,0,"Thetford Reef (16-068)","Thetford Reef (16-068)__THE_16-068_15","Thetford Reef (16-068)__THEDNA1__2021-05-15",0.0278734240583616,0.0175633958862476,0.0442356235530506
90,5000,30,0.9,3.25809653802148,3.43398720448515,0.350175173324967,3.10650534344092,-0.239658678703541,0,"Thetford Reef (16-068)","Thetford Reef (16-068)__THE_16-068_15","Thetford Reef (16-068)__THEDNA1__2021-05-15",0.0494494542135531,0.0277830138755096,0.0880123565058483
90,5000,90,0.9,3.25809653802148,4.51085950651685,0.350175173324967,3.10650534344092,0.498694851248286,0,"Thetford Reef (16-068)","Thetford Reef (16-068)__THE_16-068_15","Thetford Reef (16-068)__THEDNA1__2021-05-15",0.0417623148711425,0.0235155899283748,0.0741674331245231
90,5000,183,0.9,3.25809653802148,5.21493575760899,0.350175173324967,3.10650534344092,0.981442141125023,0,"Thetford Reef (16-068)","Thetford Reef (16-068)__THE_16-068_15","Thetford Reef (16-068)__THEDNA1__2021-05-15",0.0341326519824604,0.0191869901595092,0.0607202026826684
90,5000,270,0.9,3.25809653802148,5.6021188208797,0.350175173324967,3.10650534344092,1.24691278324678,0,"Thetford Reef (16-068)","Thetford Reef (16-068)__THE_16-068_15","Thetford Reef (16-068)__THEDNA1__2021-05-15",0.0285382337262808,0.0160295167859001,0.050808193103626
90,5000,365,0.9,3.25809653802148,5.90263333340137,0.350175173324967,3.10650534344092,1.45295945257192,0,"Thetford Reef (16-068)","Thetford Reef (16-068)__THE_16-068_15","Thetford Reef (16-068)__THEDNA1__2021-05-15",0.0243486579132675,0.0135869064212727,0.0436344465616619
92,200,30,0.92,0.693147180559945,3.43398720448515,0.424000769437033,-1.05474906161454,-0.239658678703541,0,"Thetford Reef (16-068)","Thetford Reef (16-068)__THE_16-068_15","Thetford Reef (16-068)__THEDNA1__2021-05-15",0.054710739247136,0.0355455410403215,0.0842092960569279
92,200,90,0.92,0.693147180559945,4.51085950651685,0.424000769437033,-1.05474906161454,0.498694851248286,0,"Thetford Reef (16-068)","Thetford Reef (16-068)__THE_16-068_15","Thetford Reef (16-068)__THEDNA1__2021-05-15",0.0466934649015766,0.030441894857418,0.0716210234194238
92,200,183,0.92,0.693147180559945,5.21493575760899,0.424000769437033,-1.05474906161454,0.981442141125023,0,"Thetford Reef (16-068)","Thetford Reef (16-068)__THE_16-068_15","Thetford Reef (16-068)__THEDNA1__2021-05-15",0.0383257200456914,0.0249564504557612,0.0588569604329139
92,200,270,0.92,0.693147180559945,5.6021188208797,0.424000769437033,-1.05474906161454,1.24691278324678,0,"Thetford Reef (16-068)","Thetford Reef (16-068)__THE_16-068_15","Thetford Reef (16-068)__THEDNA1__2021-05-15",0.031844196185736,0.0207225641116516,0.048934717984319
92,200,365,0.92,0.693147180559945,5.90263333340137,0.424000769437033,-1.05474906161454,1.45295945257192,0,"Thetford Reef (16-068)","Thetford Reef (16-068)__THE_16-068_15","Thetford Reef (16-068)__THEDNA1__2021-05-15",0.0269641284445368,0.0173928270815521,0.0418025326972087
92,500,30,0.92,1.25276296849537,3.43398720448515,0.424000769437033,-0.146854464822377,-0.239658678703541,0,"Thetford Reef (16-068)","Thetford Reef (16-068)__THE_16-068_15","Thetford Reef (16-068)__THEDNA1__2021-05-15",0.0549206051211627,0.035872138589979,0.0840839990431262
92,500,90,0.92,1.25276296849537,4.51085950651685,0.424000769437033,-0.146854464822377,0.498694851248286,0,"Thetford Reef (16-068)","Thetford Reef (16-068)__THE_16-068_15","Thetford Reef (16-068)__THEDNA1__2021-05-15",0.0468725771738243,0.0307102227823686,0.0715409492951475
92,500,183,0.92,1.25276296849537,5.21493575760899,0.424000769437033,-0.146854464822377,0.981442141125023,0,"Thetford Reef (16-068)","Thetford Reef (16-068)__THE_16-068_15","Thetford Reef (16-068)__THEDNA1__2021-05-15",0.0384727343402481,0.0251630256695549,0.0588224686114023
92,500,270,0.92,1.25276296849537,5.6021188208797,0.424000769437033,-0.146854464822377,1.24691278324678,0,"Thetford Reef (16-068)","Thetford Reef (16-068)__THE_16-068_15","Thetford Reef (16-068)__THEDNA1__2021-05-15",0.0319663478904499,0.0209002955392292,0.0488915286166789
92,500,365,0.92,1.25276296849537,5.90263333340137,0.424000769437033,-0.146854464822377,1.45295945257192,0,"Thetford Reef (16-068)","Thetford Reef (16-068)__THE_16-068_15","Thetford Reef (16-068)__THEDNA1__2021-05-15",0.0270675606127227,0.0175477557743537,0.0417519395040931
92,1000,30,0.92,1.79175946922805,3.43398720448515,0.424000769437033,0.727588360513993,-0.239658678703541,0,"Thetford Reef (16-068)","Thetford Reef (16-068)__THE_16-068_15","Thetford Reef (16-068)__THEDNA1__2021-05-15",0.0612092398202013,0.0398758215420632,0.0939559586356065
92,1000,90,0.92,1.79175946922805,4.51085950651685,0.424000769437033,0.727588360513993,0.498694851248286,0,"Thetford Reef (16-068)","Thetford Reef (16-068)__THE_16-068_15","Thetford Reef (16-068)__THEDNA1__2021-05-15",0.0522396796410747,0.034139985887586,0.0799351276238936
92,1000,183,0.92,1.79175946922805,5.21493575760899,0.424000769437033,0.727588360513993,0.981442141125023,0,"Thetford Reef (16-068)","Thetford Reef (16-068)__THE_16-068_15","Thetford Reef (16-068)__THEDNA1__2021-05-15",0.0428780203272692,0.0279938717472535,0.0656759680756231
92,1000,270,0.92,1.79175946922805,5.6021188208797,0.424000769437033,0.727588360513993,1.24691278324678,0,"Thetford Reef (16-068)","Thetford Reef (16-068)__THE_16-068_15","Thetford Reef (16-068)__THEDNA1__2021-05-15",0.0356266259245672,0.0232711763288646,0.054541998944622
92,1000,365,0.92,1.79175946922805,5.90263333340137,0.424000769437033,0.727588360513993,1.45295945257192,0,"Thetford Reef (16-068)","Thetford Reef (16-068)__THE_16-068_15","Thetford Reef (16-068)__THEDNA1__2021-05-15",0.0301669073972669,0.0195536583364181,0.0465407693158037
92,2000,30,0.92,2.39789527279837,3.43398720448515,0.424000769437033,1.71095486454706,-0.239658678703541,0,"Thetford Reef (16-068)","Thetford Reef (16-068)__THE_16-068_15","Thetford Reef (16-068)__THEDNA1__2021-05-15",0.0624221048537789,0.0403834542471964,0.0964880109196376
92,2000,90,0.92,2.39789527279837,4.51085950651685,0.424000769437033,1.71095486454706,0.498694851248286,0,"Thetford Reef (16-068)","Thetford Reef (16-068)__THE_16-068_15","Thetford Reef (16-068)__THEDNA1__2021-05-15",0.0532748122613795,0.0345758946501185,0.0820862525816237
92,2000,183,0.92,2.39789527279837,5.21493575760899,0.424000769437033,1.71095486454706,0.981442141125023,0,"Thetford Reef (16-068)","Thetford Reef (16-068)__THE_16-068_15","Thetford Reef (16-068)__THEDNA1__2021-05-15",0.0437276510646666,0.0283578010886243,0.0674279173359559
92,2000,270,0.92,2.39789527279837,5.6021188208797,0.424000769437033,1.71095486454706,1.24691278324678,0,"Thetford Reef (16-068)","Thetford Reef (16-068)__THE_16-068_15","Thetford Reef (16-068)__THEDNA1__2021-05-15",0.0363325698143326,0.0235761370642866,0.0559911755566178
92,2000,365,0.92,2.39789527279837,5.90263333340137,0.424000769437033,1.71095486454706,1.45295945257192,0,"Thetford Reef (16-068)","Thetford Reef (16-068)__THE_16-068_15","Thetford Reef (16-068)__THEDNA1__2021-05-15",0.0307646666123918,0.0198137482159759,0.0477680800954399
92,3000,30,0.92,2.77258872223978,3.43398720448515,0.424000769437033,2.31884006995969,-0.239658678703541,0,"Thetford Reef (16-068)","Thetford Reef (16-068)__THE_16-068_15","Thetford Reef (16-068)__THEDNA1__2021-05-15",0.0577726826752585,0.0363899193368301,0.0917199852135438
92,3000,90,0.92,2.77258872223978,4.51085950651685,0.424000769437033,2.31884006995969,0.498694851248286,0,"Thetford Reef (16-068)","Thetford Reef (16-068)__THE_16-068_15","Thetford Reef (16-068)__THEDNA1__2021-05-15",0.0493067132319606,0.0311489299940484,0.0780492931925211
92,3000,183,0.92,2.77258872223978,5.21493575760899,0.424000769437033,2.31884006995969,0.981442141125023,0,"Thetford Reef (16-068)","Thetford Reef (16-068)__THE_16-068_15","Thetford Reef (16-068)__THEDNA1__2021-05-15",0.0404706588316924,0.0255353977547514,0.0641413242120531
92,3000,270,0.92,2.77258872223978,5.6021188208797,0.424000769437033,2.31884006995969,1.24691278324678,0,"Thetford Reef (16-068)","Thetford Reef (16-068)__THE_16-068_15","Thetford Reef (16-068)__THEDNA1__2021-05-15",0.0336263897473019,0.0212174159241589,0.0532927332658807
92,3000,365,0.92,2.77258872223978,5.90263333340137,0.424000769437033,2.31884006995969,1.45295945257192,0,"Thetford Reef (16-068)","Thetford Reef (16-068)__THE_16-068_15","Thetford Reef (16-068)__THEDNA1__2021-05-15",0.0284732039390728,0.0178308091450349,0.0454675576392326
92,5000,30,0.92,3.25809653802148,3.43398720448515,0.424000769437033,3.10650534344092,-0.239658678703541,0,"Thetford Reef (16-068)","Thetford Reef (16-068)__THE_16-068_15","Thetford Reef (16-068)__THEDNA1__2021-05-15",0.0496998652484133,0.0276291717619237,0.0894010369545168
92,5000,90,0.92,3.25809653802148,4.51085950651685,0.424000769437033,3.10650534344092,0.498694851248286,0,"Thetford Reef (16-068)","Thetford Reef (16-068)__THE_16-068_15","Thetford Reef (16-068)__THEDNA1__2021-05-15",0.0424168809547086,0.0236323405282161,0.0761326110622755
92,5000,183,0.92,3.25809653802148,5.21493575760899,0.424000769437033,3.10650534344092,0.981442141125023,0,"Thetford Reef (16-068)","Thetford Reef (16-068)__THE_16-068_15","Thetford Reef (16-068)__THEDNA1__2021-05-15",0.0348155252155359,0.0193631943873288,0.0625992164199325
92,5000,270,0.92,3.25809653802148,5.6021188208797,0.424000769437033,3.10650534344092,1.24691278324678,0,"Thetford Reef (16-068)","Thetford Reef (16-068)__THE_16-068_15","Thetford Reef (16-068)__THEDNA1__2021-05-15",0.0289276343393215,0.0160757455401056,0.0520540727882156
92,5000,365,0.92,3.25809653802148,5.90263333340137,0.424000769437033,3.10650534344092,1.45295945257192,0,"Thetford Reef (16-068)","Thetford Reef (16-068)__THE_16-068_15","Thetford Reef (16-068)__THEDNA1__2021-05-15",0.0244945246340195,0.0135217694008825,0.0443715403849017
94,200,30,0.94,0.693147180559945,3.43398720448515,0.497826365549099,-1.05474906161454,-0.239658678703541,0,"Thetford Reef (16-068)","Thetford Reef (16-068)__THE_16-068_15","Thetford Reef (16-068)__THEDNA1__2021-05-15",0.0556312181210109,0.0359540107799307,0.0860775296689572
94,200,90,0.94,0.693147180559945,4.51085950651685,0.497826365549099,-1.05474906161454,0.498694851248286,0,"Thetford Reef (16-068)","Thetford Reef (16-068)__THE_16-068_15","Thetford Reef (16-068)__THEDNA1__2021-05-15",0.047980254449275,0.0311207117770797,0.0739733986004996
94,200,183,0.94,0.693147180559945,5.21493575760899,0.497826365549099,-1.05474906161454,0.981442141125023,0,"Thetford Reef (16-068)","Thetford Reef (16-068)__THE_16-068_15","Thetford Reef (16-068)__THEDNA1__2021-05-15",0.039549911796179,0.0256199570019912,0.0610537918921555
94,200,270,0.94,0.693147180559945,5.6021188208797,0.497826365549099,-1.05474906161454,1.24691278324678,0,"Thetford Reef (16-068)","Thetford Reef (16-068)__THE_16-068_15","Thetford Reef (16-068)__THEDNA1__2021-05-15",0.0326564067959414,0.0211413858756675,0.0504432827201464
94,200,365,0.94,0.693147180559945,5.90263333340137,0.497826365549099,-1.05474906161454,1.45295945257192,0,"Thetford Reef (16-068)","Thetford Reef (16-068)__THE_16-068_15","Thetford Reef (16-068)__THEDNA1__2021-05-15",0.0274430674169304,0.0176053292818551,0.0427780666406729
94,500,30,0.94,1.25276296849537,3.43398720448515,0.497826365549099,-0.146854464822377,-0.239658678703541,0,"Thetford Reef (16-068)","Thetford Reef (16-068)__THE_16-068_15","Thetford Reef (16-068)__THEDNA1__2021-05-15",0.0561887537442769,0.0365307836923529,0.0864250839490175
94,500,90,0.94,1.25276296849537,4.51085950651685,0.497826365549099,-0.146854464822377,0.498694851248286,0,"Thetford Reef (16-068)","Thetford Reef (16-068)__THE_16-068_15","Thetford Reef (16-068)__THEDNA1__2021-05-15",0.0484611121757885,0.0316085425042662,0.0742988827465669
94,500,183,0.94,1.25276296849537,5.21493575760899,0.497826365549099,-0.146854464822377,0.981442141125023,0,"Thetford Reef (16-068)","Thetford Reef (16-068)__THE_16-068_15","Thetford Reef (16-068)__THEDNA1__2021-05-15",0.0399462806960194,0.0260069857462081,0.0613567968628517
94,500,270,0.94,1.25276296849537,5.6021188208797,0.497826365549099,-0.146854464822377,1.24691278324678,0,"Thetford Reef (16-068)","Thetford Reef (16-068)__THE_16-068_15","Thetford Reef (16-068)__THEDNA1__2021-05-15",0.0329836890437793,0.0214669337869778,0.0506790468416444
94,500,365,0.94,1.25276296849537,5.90263333340137,0.497826365549099,-0.146854464822377,1.45295945257192,0,"Thetford Reef (16-068)","Thetford Reef (16-068)__THE_16-068_15","Thetford Reef (16-068)__THEDNA1__2021-05-15",0.0277181016191898,0.0178819561422443,0.0429647154517241
94,1000,30,0.94,1.79175946922805,3.43398720448515,0.497826365549099,0.727588360513993,-0.239658678703541,0,"Thetford Reef (16-068)","Thetford Reef (16-068)__THE_16-068_15","Thetford Reef (16-068)__THEDNA1__2021-05-15",0.063133987780262,0.0409356359461086,0.0973699399292505
94,1000,90,0.94,1.79175946922805,4.51085950651685,0.497826365549099,0.727588360513993,0.498694851248286,0,"Thetford Reef (16-068)","Thetford Reef (16-068)__THE_16-068_15","Thetford Reef (16-068)__THEDNA1__2021-05-15",0.0544511678947098,0.0354247419354126,0.0836965782419425
94,1000,183,0.94,1.79175946922805,5.21493575760899,0.497826365549099,0.727588360513993,0.981442141125023,0,"Thetford Reef (16-068)","Thetford Reef (16-068)__THE_16-068_15","Thetford Reef (16-068)__THEDNA1__2021-05-15",0.044883857164856,0.0291703785592393,0.0690618611583673
94,1000,270,0.94,1.79175946922805,5.6021188208797,0.497826365549099,0.727588360513993,1.24691278324678,0,"Thetford Reef (16-068)","Thetford Reef (16-068)__THE_16-068_15","Thetford Reef (16-068)__THEDNA1__2021-05-15",0.0370606515053739,0.0240981151154562,0.0569958224293581
94,1000,365,0.94,1.79175946922805,5.90263333340137,0.497826365549099,0.727588360513993,1.45295945257192,0,"Thetford Reef (16-068)","Thetford Reef (16-068)__THE_16-068_15","Thetford Reef (16-068)__THEDNA1__2021-05-15",0.0311442089796524,0.0200889743789854,0.0482832888663006
94,2000,30,0.94,2.39789527279837,3.43398720448515,0.497826365549099,1.71095486454706,-0.239658678703541,0,"Thetford Reef (16-068)","Thetford Reef (16-068)__THE_16-068_15","Thetford Reef (16-068)__THEDNA1__2021-05-15",0.0642587691455193,0.0413617547482307,0.0998310984925941
94,2000,90,0.94,2.39789527279837,4.51085950651685,0.497826365549099,1.71095486454706,0.498694851248286,0,"Thetford Reef (16-068)","Thetford Reef (16-068)__THE_16-068_15","Thetford Reef (16-068)__THEDNA1__2021-05-15",0.0554212580334421,0.0357952244085773,0.0858079783758352
94,2000,183,0.94,2.39789527279837,5.21493575760899,0.497826365549099,1.71095486454706,0.981442141125023,0,"Thetford Reef (16-068)","Thetford Reef (16-068)__THE_16-068_15","Thetford Reef (16-068)__THEDNA1__2021-05-15",0.0456834981809696,0.0294830441228627,0.0707858387130484
94,2000,270,0.94,2.39789527279837,5.6021188208797,0.497826365549099,1.71095486454706,1.24691278324678,0,"Thetford Reef (16-068)","Thetford Reef (16-068)__THE_16-068_15","Thetford Reef (16-068)__THEDNA1__2021-05-15",0.0377209159946476,0.0243587362997624,0.0584130262738276
94,2000,365,0.94,2.39789527279837,5.90263333340137,0.497826365549099,1.71095486454706,1.45295945257192,0,"Thetford Reef (16-068)","Thetford Reef (16-068)__THE_16-068_15","Thetford Reef (16-068)__THEDNA1__2021-05-15",0.0316990674184686,0.0203100945825071,0.0494744557253845
94,3000,30,0.94,2.77258872223978,3.43398720448515,0.497826365549099,2.31884006995969,-0.239658678703541,0,"Thetford Reef (16-068)","Thetford Reef (16-068)__THE_16-068_15","Thetford Reef (16-068)__THEDNA1__2021-05-15",0.0589614659034969,0.0368990038991308,0.0942154013423413
94,3000,90,0.94,2.77258872223978,4.51085950651685,0.497826365549099,2.31884006995969,0.498694851248286,0,"Thetford Reef (16-068)","Thetford Reef (16-068)__THE_16-068_15","Thetford Reef (16-068)__THEDNA1__2021-05-15",0.0508524931199301,0.0319230456591305,0.0810065582126846
94,3000,183,0.94,2.77258872223978,5.21493575760899,0.497826365549099,2.31884006995969,0.981442141125023,0,"Thetford Reef (16-068)","Thetford Reef (16-068)__THE_16-068_15","Thetford Reef (16-068)__THEDNA1__2021-05-15",0.0419174854446697,0.0262808092753992,0.0668577427579012
94,3000,270,0.94,2.77258872223978,5.6021188208797,0.497826365549099,2.31884006995969,1.24691278324678,0,"Thetford Reef (16-068)","Thetford Reef (16-068)__THE_16-068_15","Thetford Reef (16-068)__THEDNA1__2021-05-15",0.0346113150289336,0.0217005507708715,0.0552033513195469
94,3000,365,0.94,2.77258872223978,5.90263333340137,0.497826365549099,2.31884006995969,1.45295945257192,0,"Thetford Reef (16-068)","Thetford Reef (16-068)__THE_16-068_15","Thetford Reef (16-068)__THEDNA1__2021-05-15",0.0290858898733981,0.0180939003139419,0.0467554797500229
94,5000,30,0.94,3.25809653802148,3.43398720448515,0.497826365549099,3.10650534344092,-0.239658678703541,0,"Thetford Reef (16-068)","Thetford Reef (16-068)__THE_16-068_15","Thetford Reef (16-068)__THEDNA1__2021-05-15",0.0499515443596836,0.0274555010009015,0.0908800310668344
94,5000,90,0.94,3.25809653802148,4.51085950651685,0.497826365549099,3.10650534344092,0.498694851248286,0,"Thetford Reef (16-068)","Thetford Reef (16-068)__THE_16-068_15","Thetford Reef (16-068)__THEDNA1__2021-05-15",0.0430817064493989,0.0237326356000298,0.0782059549504837
94,5000,183,0.94,3.25809653802148,5.21493575760899,0.497826365549099,3.10650534344092,0.981442141125023,0,"Thetford Reef (16-068)","Thetford Reef (16-068)__THE_16-068_15","Thetford Reef (16-068)__THEDNA1__2021-05-15",0.0355120603185619,0.0195269783537699,0.0645827739049913
94,5000,270,0.94,3.25809653802148,5.6021188208797,0.497826365549099,3.10650534344092,1.24691278324678,0,"Thetford Reef (16-068)","Thetford Reef (16-068)__THE_16-068_15","Thetford Reef (16-068)__THEDNA1__2021-05-15",0.0293223482747945,0.0161107149530806,0.053368215554204
94,5000,365,0.94,3.25809653802148,5.90263333340137,0.497826365549099,3.10650534344092,1.45295945257192,0,"Thetford Reef (16-068)","Thetford Reef (16-068)__THE_16-068_15","Thetford Reef (16-068)__THEDNA1__2021-05-15",0.0246412652058189,0.0134464814234603,0.0451561960204791
96,200,30,0.96,0.693147180559945,3.43398720448515,0.571651961661166,-1.05474906161454,-0.239658678703541,0,"Thetford Reef (16-068)","Thetford Reef (16-068)__THE_16-068_15","Thetford Reef (16-068)__THEDNA1__2021-05-15",0.056567183558747,0.0363533565096116,0.0880206551195063
96,200,90,0.96,0.693147180559945,4.51085950651685,0.571651961661166,-1.05474906161454,0.498694851248286,0,"Thetford Reef (16-068)","Thetford Reef (16-068)__THE_16-068_15","Thetford Reef (16-068)__THEDNA1__2021-05-15",0.0493025056476254,0.0318038319981554,0.0764290624876623
96,200,183,0.96,0.693147180559945,5.21493575760899,0.571651961661166,-1.05474906161454,0.981442141125023,0,"Thetford Reef (16-068)","Thetford Reef (16-068)__THE_16-068_15","Thetford Reef (16-068)__THEDNA1__2021-05-15",0.040813206411275,0.026291931301047,0.0633547151214034
96,200,270,0.96,0.693147180559945,5.6021188208797,0.571651961661166,-1.05474906161454,1.24691278324678,0,"Thetford Reef (16-068)","Thetford Reef (16-068)__THE_16-068_15","Thetford Reef (16-068)__THEDNA1__2021-05-15",0.0334893334597561,0.0215612376852946,0.0520162836636999
96,200,365,0.96,0.693147180559945,5.90263333340137,0.571651961661166,-1.05474906161454,1.45295945257192,0,"Thetford Reef (16-068)","Thetford Reef (16-068)__THE_16-068_15","Thetford Reef (16-068)__THEDNA1__2021-05-15",0.0279305133410599,0.0178123659844106,0.0437961793608935
96,500,30,0.96,1.25276296849537,3.43398720448515,0.571651961661166,-0.146854464822377,-0.239658678703541,0,"Thetford Reef (16-068)","Thetford Reef (16-068)__THE_16-068_15","Thetford Reef (16-068)__THEDNA1__2021-05-15",0.0574861846545539,0.0371883671725212,0.0888627728882733
96,500,90,0.96,1.25276296849537,4.51085950651685,0.571651961661166,-0.146854464822377,0.498694851248286,0,"Thetford Reef (16-068)","Thetford Reef (16-068)__THE_16-068_15","Thetford Reef (16-068)__THEDNA1__2021-05-15",0.0501034834207037,0.0325225110489292,0.0771883526186514
96,500,183,0.96,1.25276296849537,5.21493575760899,0.571651961661166,-0.146854464822377,0.981442141125023,0,"Thetford Reef (16-068)","Thetford Reef (16-068)__THE_16-068_15","Thetford Reef (16-068)__THEDNA1__2021-05-15",0.0414762654334093,0.0268699896088362,0.064022376612193
96,500,270,0.96,1.25276296849537,5.6021188208797,0.571651961661166,-0.146854464822377,1.24691278324678,0,"Thetford Reef (16-068)","Thetford Reef (16-068)__THE_16-068_15","Thetford Reef (16-068)__THEDNA1__2021-05-15",0.0340334074654099,0.0220414147249654,0.0525498402965347
96,500,365,0.96,1.25276296849537,5.90263333340137,0.571651961661166,-0.146854464822377,1.45295945257192,0,"Thetford Reef (16-068)","Thetford Reef (16-068)__THE_16-068_15","Thetford Reef (16-068)__THEDNA1__2021-05-15",0.028384277710294,0.0182143264821088,0.0442326111770572
96,1000,30,0.96,1.79175946922805,3.43398720448515,0.571651961661166,0.727588360513993,-0.239658678703541,0,"Thetford Reef (16-068)","Thetford Reef (16-068)__THE_16-068_15","Thetford Reef (16-068)__THEDNA1__2021-05-15",0.0651192601761862,0.042009964997202,0.100940765986743
96,1000,90,0.96,1.79175946922805,4.51085950651685,0.571651961661166,0.727588360513993,0.498694851248286,0,"Thetford Reef (16-068)","Thetford Reef (16-068)__THE_16-068_15","Thetford Reef (16-068)__THEDNA1__2021-05-15",0.0567562761768286,0.036746937844045,0.0876610426461009
96,1000,183,0.96,1.79175946922805,5.21493575760899,0.571651961661166,0.727588360513993,0.981442141125023,0,"Thetford Reef (16-068)","Thetford Reef (16-068)__THE_16-068_15","Thetford Reef (16-068)__THEDNA1__2021-05-15",0.0469835271922291,0.0303866711447242,0.0726453982704914
96,1000,270,0.96,1.79175946922805,5.6021188208797,0.571651961661166,0.727588360513993,1.24691278324678,0,"Thetford Reef (16-068)","Thetford Reef (16-068)__THE_16-068_15","Thetford Reef (16-068)__THEDNA1__2021-05-15",0.0385523987848552,0.0249465856638708,0.0595787925487149
96,1000,365,0.96,1.79175946922805,5.90263333340137,0.571651961661166,0.727588360513993,1.45295945257192,0,"Thetford Reef (16-068)","Thetford Reef (16-068)__THE_16-068_15","Thetford Reef (16-068)__THEDNA1__2021-05-15",0.0321531716922413,0.0206302000873199,0.0501122841996172
96,2000,30,0.96,2.39789527279837,3.43398720448515,0.571651961661166,1.71095486454706,-0.239658678703541,0,"Thetford Reef (16-068)","Thetford Reef (16-068)__THE_16-068_15","Thetford Reef (16-068)__THEDNA1__2021-05-15",0.0661494741609498,0.0423490823291212,0.103325802853612
96,2000,90,0.96,2.39789527279837,4.51085950651685,0.571651961661166,1.71095486454706,0.498694851248286,0,"Thetford Reef (16-068)","Thetford Reef (16-068)__THE_16-068_15","Thetford Reef (16-068)__THEDNA1__2021-05-15",0.0576541842501432,0.0370460175729655,0.0897263776059744
96,2000,183,0.96,2.39789527279837,5.21493575760899,0.571651961661166,1.71095486454706,0.981442141125023,0,"Thetford Reef (16-068)","Thetford Reef (16-068)__THE_16-068_15","Thetford Reef (16-068)__THEDNA1__2021-05-15",0.0477268262812543,0.0306428734816316,0.0743353898663077
96,2000,270,0.96,2.39789527279837,5.6021188208797,0.571651961661166,1.71095486454706,1.24691278324678,0,"Thetford Reef (16-068)","Thetford Reef (16-068)__THE_16-068_15","Thetford Reef (16-068)__THEDNA1__2021-05-15",0.0391623138893401,0.0251591957629605,0.0609592947094559
96,2000,365,0.96,2.39789527279837,5.90263333340137,0.571651961661166,1.71095486454706,1.45295945257192,0,"Thetford Reef (16-068)","Thetford Reef (16-068)__THE_16-068_15","Thetford Reef (16-068)__THEDNA1__2021-05-15",0.0326618483424709,0.0208099800599742,0.0512636885798098
96,3000,30,0.96,2.77258872223978,3.43398720448515,0.571651961661166,2.31884006995969,-0.239658678703541,0,"Thetford Reef (16-068)","Thetford Reef (16-068)__THE_16-068_15","Thetford Reef (16-068)__THEDNA1__2021-05-15",0.060174710615923,0.0374007924318136,0.0968160181181084
96,3000,90,0.96,2.77258872223978,4.51085950651685,0.571651961661166,2.31884006995969,0.498694851248286,0,"Thetford Reef (16-068)","Thetford Reef (16-068)__THE_16-068_15","Thetford Reef (16-068)__THEDNA1__2021-05-15",0.0524467336597142,0.0327050063081509,0.0841051625447161
96,3000,183,0.96,2.77258872223978,5.21493575760899,0.571651961661166,2.31884006995969,0.981442141125023,0,"Thetford Reef (16-068)","Thetford Reef (16-068)__THE_16-068_15","Thetford Reef (16-068)__THEDNA1__2021-05-15",0.043416036129072,0.0270382663322766,0.0697142401808043
96,3000,270,0.96,2.77258872223978,5.6021188208797,0.571651961661166,2.31884006995969,1.24691278324678,0,"Thetford Reef (16-068)","Thetford Reef (16-068)__THE_16-068_15","Thetford Reef (16-068)__THEDNA1__2021-05-15",0.0356250890159328,0.0221869107012716,0.0572025093750614
96,3000,365,0.96,2.77258872223978,5.90263333340137,0.571651961661166,2.31884006995969,1.45295945257192,0,"Thetford Reef (16-068)","Thetford Reef (16-068)__THE_16-068_15","Thetford Reef (16-068)__THEDNA1__2021-05-15",0.0297117595735871,0.0183527119148453,0.0481012648732618
96,5000,30,0.96,3.25809653802148,3.43398720448515,0.571651961661166,3.10650534344092,-0.239658678703541,0,"Thetford Reef (16-068)","Thetford Reef (16-068)__THE_16-068_15","Thetford Reef (16-068)__THEDNA1__2021-05-15",0.0502044979688773,0.0272635323024766,0.0924491950765324
96,5000,90,0.96,3.25809653802148,4.51085950651685,0.571651961661166,3.10650534344092,0.498694851248286,0,"Thetford Reef (16-068)","Thetford Reef (16-068)__THE_16-068_15","Thetford Reef (16-068)__THEDNA1__2021-05-15",0.0437569521571845,0.0238172149959851,0.0803902077723568
96,5000,183,0.96,3.25809653802148,5.21493575760899,0.571651961661166,3.10650534344092,0.981442141125023,0,"Thetford Reef (16-068)","Thetford Reef (16-068)__THE_16-068_15","Thetford Reef (16-068)__THEDNA1__2021-05-15",0.0362225306170716,0.0196787923892143,0.0666744024914769
96,5000,270,0.96,3.25809653802148,5.6021188208797,0.571651961661166,3.10650534344092,1.24691278324678,0,"Thetford Reef (16-068)","Thetford Reef (16-068)__THE_16-068_15","Thetford Reef (16-068)__THEDNA1__2021-05-15",0.0297224480323167,0.0161349884033872,0.0547520639586151
96,5000,365,0.96,3.25809653802148,5.90263333340137,0.571651961661166,3.10650534344092,1.45295945257192,0,"Thetford Reef (16-068)","Thetford Reef (16-068)__THE_16-068_15","Thetford Reef (16-068)__THEDNA1__2021-05-15",0.024788884863689,0.0133617987822555,0.0459884797547823
98,200,30,0.98,0.693147180559945,3.43398720448515,0.645477557773233,-1.05474906161454,-0.239658678703541,0,"Thetford Reef (16-068)","Thetford Reef (16-068)__THE_16-068_15","Thetford Reef (16-068)__THEDNA1__2021-05-15",0.0575188961134838,0.0367436987963353,0.0900405652803717
98,200,90,0.98,0.693147180559945,4.51085950651685,0.645477557773233,-1.05474906161454,0.498694851248286,0,"Thetford Reef (16-068)","Thetford Reef (16-068)__THE_16-068_15","Thetford Reef (16-068)__THEDNA1__2021-05-15",0.0506611957571821,0.0324912886070263,0.0789921503757318
98,200,183,0.98,0.693147180559945,5.21493575760899,0.645477557773233,-1.05474906161454,0.981442141125023,0,"Thetford Reef (16-068)","Thetford Reef (16-068)__THE_16-068_15","Thetford Reef (16-068)__THEDNA1__2021-05-15",0.0421168529061111,0.0269724722239317,0.0657644313798251
98,200,270,0.98,0.693147180559945,5.6021188208797,0.645477557773233,-1.05474906161454,1.24691278324678,0,"Thetford Reef (16-068)","Thetford Reef (16-068)__THE_16-068_15","Thetford Reef (16-068)__THEDNA1__2021-05-15",0.0343435045559921,0.0219821290134912,0.0536561451560749
98,200,365,0.98,0.693147180559945,5.90263333340137,0.645477557773233,-1.05474906161454,1.45295945257192,0,"Thetford Reef (16-068)","Thetford Reef (16-068)__THE_16-068_15","Thetford Reef (16-068)__THEDNA1__2021-05-15",0.0284266173180718,0.0180140015542852,0.0448580272247102
98,500,30,0.98,1.25276296849537,3.43398720448515,0.645477557773233,-0.146854464822377,-0.239658678703541,0,"Thetford Reef (16-068)","Thetford Reef (16-068)__THE_16-068_15","Thetford Reef (16-068)__THEDNA1__2021-05-15",0.0588135739969863,0.0378448549022803,0.0914004425497367
98,500,90,0.98,1.25276296849537,4.51085950651685,0.645477557773233,-0.146854464822377,0.498694851248286,0,"Thetford Reef (16-068)","Thetford Reef (16-068)__THE_16-068_15","Thetford Reef (16-068)__THEDNA1__2021-05-15",0.0518015154456755,0.0334523368085109,0.0802155322609886
98,500,183,0.98,1.25276296849537,5.21493575760899,0.645477557773233,-0.146854464822377,0.981442141125023,0,"Thetford Reef (16-068)","Thetford Reef (16-068)__THE_16-068_15","Thetford Reef (16-068)__THEDNA1__2021-05-15",0.0430648502020377,0.0277523872292697,0.0668260105915492
98,500,270,0.98,1.25276296849537,5.6021188208797,0.645477557773233,-0.146854464822377,1.24691278324678,0,"Thetford Reef (16-068)","Thetford Reef (16-068)__THE_16-068_15","Thetford Reef (16-068)__THEDNA1__2021-05-15",0.035116533574193,0.0226238102067418,0.0545076589221007
98,500,365,0.98,1.25276296849537,5.90263333340137,0.645477557773233,-0.146854464822377,1.45295945257192,0,"Thetford Reef (16-068)","Thetford Reef (16-068)__THE_16-068_15","Thetford Reef (16-068)__THEDNA1__2021-05-15",0.0290664646592287,0.0185448280501266,0.0455576813924907
98,1000,30,0.98,1.79175946922805,3.43398720448515,0.645477557773233,0.727588360513993,-0.239658678703541,0,"Thetford Reef (16-068)","Thetford Reef (16-068)__THE_16-068_15","Thetford Reef (16-068)__THEDNA1__2021-05-15",0.0671669602220118,0.0430989610778025,0.104675389676361
98,1000,90,0.98,1.79175946922805,4.51085950651685,0.645477557773233,0.727588360513993,0.498694851248286,0,"Thetford Reef (16-068)","Thetford Reef (16-068)__THE_16-068_15","Thetford Reef (16-068)__THEDNA1__2021-05-15",0.0591589677505044,0.0381075432977262,0.0918396506949333
98,1000,183,0.98,1.79175946922805,5.21493575760899,0.645477557773233,0.727588360513993,0.981442141125023,0,"Thetford Reef (16-068)","Thetford Reef (16-068)__THE_16-068_15","Thetford Reef (16-068)__THEDNA1__2021-05-15",0.0491814199326737,0.031643952374292,0.0764383676850391
98,1000,270,0.98,1.79175946922805,5.6021188208797,0.645477557773233,0.727588360513993,1.24691278324678,0,"Thetford Reef (16-068)","Thetford Reef (16-068)__THE_16-068_15","Thetford Reef (16-068)__THEDNA1__2021-05-15",0.0401041911486901,0.025817071589649,0.0622977761868049
98,1000,365,0.98,1.79175946922805,5.90263333340137,0.645477557773233,0.727588360513993,1.45295945257192,0,"Thetford Reef (16-068)","Thetford Reef (16-068)__THE_16-068_15","Thetford Reef (16-068)__THEDNA1__2021-05-15",0.0331948212441735,0.0211773472019201,0.0520318313208146
98,2000,30,0.98,2.39789527279837,3.43398720448515,0.645477557773233,1.71095486454706,-0.239658678703541,0,"Thetford Reef (16-068)","Thetford Reef (16-068)__THE_16-068_15","Thetford Reef (16-068)__THEDNA1__2021-05-15",0.0680958099564732,0.0433454997412815,0.106978564356287
98,2000,90,0.98,2.39789527279837,4.51085950651685,0.645477557773233,1.71095486454706,0.498694851248286,0,"Thetford Reef (16-068)","Thetford Reef (16-068)__THE_16-068_15","Thetford Reef (16-068)__THEDNA1__2021-05-15",0.0599770752144188,0.0383289932257043,0.0938519185748835
98,2000,183,0.98,2.39789527279837,5.21493575760899,0.645477557773233,1.71095486454706,0.981442141125023,0,"Thetford Reef (16-068)","Thetford Reef (16-068)__THE_16-068_15","Thetford Reef (16-068)__THEDNA1__2021-05-15",0.0498615482084496,0.0318382347934188,0.0780876831229807
98,2000,270,0.98,2.39789527279837,5.6021188208797,0.645477557773233,1.71095486454706,1.24691278324678,0,"Thetford Reef (16-068)","Thetford Reef (16-068)__THE_16-068_15","Thetford Reef (16-068)__THEDNA1__2021-05-15",0.0406587907193141,0.0259778674990115,0.0636363728785623
98,2000,365,0.98,2.39789527279837,5.90263333340137,0.645477557773233,1.71095486454706,1.45295945257192,0,"Thetford Reef (16-068)","Thetford Reef (16-068)__THE_16-068_15","Thetford Reef (16-068)__THEDNA1__2021-05-15",0.0336538713604245,0.0213133946645722,0.053139496329349
98,3000,30,0.98,2.77258872223978,3.43398720448515,0.645477557773233,2.31884006995969,-0.239658678703541,0,"Thetford Reef (16-068)","Thetford Reef (16-068)__THE_16-068_15","Thetford Reef (16-068)__THEDNA1__2021-05-15",0.0614129201542685,0.037895419014574,0.0995251368093877
98,3000,90,0.98,2.77258872223978,4.51085950651685,0.645477557773233,2.31884006995969,0.498694851248286,0,"Thetford Reef (16-068)","Thetford Reef (16-068)__THE_16-068_15","Thetford Reef (16-068)__THEDNA1__2021-05-15",0.0540909541069277,0.0334949398018755,0.0873514427404324
98,3000,183,0.98,2.77258872223978,5.21493575760899,0.645477557773233,2.31884006995969,0.981442141125023,0,"Thetford Reef (16-068)","Thetford Reef (16-068)__THE_16-068_15","Thetford Reef (16-068)__THEDNA1__2021-05-15",0.0449681600211679,0.0278079826386653,0.0727178034438824
98,3000,270,0.98,2.77258872223978,5.6021188208797,0.645477557773233,2.31884006995969,1.24691278324678,0,"Thetford Reef (16-068)","Thetford Reef (16-068)__THE_16-068_15","Thetford Reef (16-068)__THEDNA1__2021-05-15",0.0366685566940229,0.0226765559435475,0.0592939709791058
98,3000,365,0.98,2.77258872223978,5.90263333340137,0.645477557773233,2.31884006995969,1.45295945257192,0,"Thetford Reef (16-068)","Thetford Reef (16-068)__THE_16-068_15","Thetford Reef (16-068)__THEDNA1__2021-05-15",0.0303510967276968,0.0186073104924888,0.0495068361946162
98,5000,30,0.98,3.25809653802148,3.43398720448515,0.645477557773233,3.10650534344092,-0.239658678703541,0,"Thetford Reef (16-068)","Thetford Reef (16-068)__THE_16-068_15","Thetford Reef (16-068)__THEDNA1__2021-05-15",0.0504587325300259,0.0270547826543273,0.0941084510294323
98,5000,90,0.98,3.25809653802148,4.51085950651685,0.645477557773233,3.10650534344092,0.498694851248286,0,"Thetford Reef (16-068)","Thetford Reef (16-068)__THE_16-068_15","Thetford Reef (16-068)__THEDNA1__2021-05-15",0.0444427814003837,0.0238868458005537,0.0826882224256039
98,5000,183,0.98,3.25809653802148,5.21493575760899,0.645477557773233,3.10650534344092,0.981442141125023,0,"Thetford Reef (16-068)","Thetford Reef (16-068)__THE_16-068_15","Thetford Reef (16-068)__THEDNA1__2021-05-15",0.0369472149048722,0.0198191180132497,0.0688777718723003
98,5000,270,0.98,3.25809653802148,5.6021188208797,0.645477557773233,3.10650534344092,1.24691278324678,0,"Thetford Reef (16-068)","Thetford Reef (16-068)__THE_16-068_15","Thetford Reef (16-068)__THEDNA1__2021-05-15",0.0301280071007533,0.0161491419838649,0.0562071231257952
98,5000,365,0.98,3.25809653802148,5.90263333340137,0.645477557773233,3.10650534344092,1.45295945257192,0,"Thetford Reef (16-068)","Thetford Reef (16-068)__THE_16-068_15","Thetford Reef (16-068)__THEDNA1__2021-05-15",0.0249373888740145,0.0132684737880586,0.0468684924722462
100,200,30,1,0.693147180559945,3.43398720448515,0.719303153885299,-1.05474906161454,-0.239658678703541,0,"Thetford Reef (16-068)","Thetford Reef (16-068)__THE_16-068_15","Thetford Reef (16-068)__THEDNA1__2021-05-15",0.0584866207220274,0.0371251920378842,0.0921391813944467
100,200,90,1,0.693147180559945,4.51085950651685,0.719303153885299,-1.05474906161454,0.498694851248286,0,"Thetford Reef (16-068)","Thetford Reef (16-068)__THE_16-068_15","Thetford Reef (16-068)__THEDNA1__2021-05-15",0.0520573289700773,0.0331831401342541,0.0816669395522765
100,200,183,1,0.693147180559945,5.21493575760899,0.719303153885299,-1.05474906161454,0.981442141125023,0,"Thetford Reef (16-068)","Thetford Reef (16-068)__THE_16-068_15","Thetford Reef (16-068)__THEDNA1__2021-05-15",0.0434621401915866,0.027661701722142,0.0682878316383947
100,200,270,1,0.693147180559945,5.6021188208797,0.719303153885299,-1.05474906161454,1.24691278324678,0,"Thetford Reef (16-068)","Thetford Reef (16-068)__THE_16-068_15","Thetford Reef (16-068)__THEDNA1__2021-05-15",0.0352194619401671,0.0224040867316558,0.0553653676765249
100,200,365,1,0.693147180559945,5.90263333340137,0.719303153885299,-1.05474906161454,1.45295945257192,0,"Thetford Reef (16-068)","Thetford Reef (16-068)__THE_16-068_15","Thetford Reef (16-068)__THEDNA1__2021-05-15",0.028931533132983,0.0182103243837445,0.0459647830420897
100,500,30,1,1.25276296849537,3.43398720448515,0.719303153885299,-0.146854464822377,-0.239658678703541,0,"Thetford Reef (16-068)","Thetford Reef (16-068)__THE_16-068_15","Thetford Reef (16-068)__THEDNA1__2021-05-15",0.0601716135291466,0.0385002459982579,0.0940415568997872
100,500,90,1,1.25276296849537,4.51085950651685,0.719303153885299,-0.146854464822377,0.498694851248286,0,"Thetford Reef (16-068)","Thetford Reef (16-068)__THE_16-068_15","Thetford Reef (16-068)__THEDNA1__2021-05-15",0.0535570946222821,0.034398255785369,0.0833868554928331
100,500,183,1,1.25276296849537,5.21493575760899,0.719303153885299,-0.146854464822377,0.981442141125023,0,"Thetford Reef (16-068)","Thetford Reef (16-068)__THE_16-068_15","Thetford Reef (16-068)__THEDNA1__2021-05-15",0.0447142794449877,0.0286545575137858,0.0697748267556582
100,500,270,1,1.25276296849537,5.6021188208797,0.719303153885299,-0.146854464822377,1.24691278324678,0,"Thetford Reef (16-068)","Thetford Reef (16-068)__THE_16-068_15","Thetford Reef (16-068)__THEDNA1__2021-05-15",0.036234130582451,0.0232142110585384,0.0565564005494474
100,500,365,1,1.25276296849537,5.90263333340137,0.719303153885299,-0.146854464822377,1.45295945257192,0,"Thetford Reef (16-068)","Thetford Reef (16-068)__THE_16-068_15","Thetford Reef (16-068)__THEDNA1__2021-05-15",0.0297650472705103,0.0188734485787966,0.0469420326294287
100,1000,30,1,1.79175946922805,3.43398720448515,0.719303153885299,0.727588360513993,-0.239658678703541,0,"Thetford Reef (16-068)","Thetford Reef (16-068)__THE_16-068_15","Thetford Reef (16-068)__THEDNA1__2021-05-15",0.0692790509790697,0.0442028093606986,0.108581037585089
100,1000,90,1,1.79175946922805,4.51085950651685,0.719303153885299,0.727588360513993,0.498694851248286,0,"Thetford Reef (16-068)","Thetford Reef (16-068)__THE_16-068_15","Thetford Reef (16-068)__THEDNA1__2021-05-15",0.0616633736575912,0.039507575083034,0.0962441162952721
100,1000,183,1,1.79175946922805,5.21493575760899,0.719303153885299,0.727588360513993,0.981442141125023,0,"Thetford Reef (16-068)","Thetford Reef (16-068)__THE_16-068_15","Thetford Reef (16-068)__THEDNA1__2021-05-15",0.0514821302516866,0.0329434816879309,0.0804532368605902
100,1000,270,1,1.79175946922805,5.6021188208797,0.719303153885299,0.727588360513993,1.24691278324678,0,"Thetford Reef (16-068)","Thetford Reef (16-068)__THE_16-068_15","Thetford Reef (16-068)__THEDNA1__2021-05-15",0.0417184455023454,0.0267100844792516,0.0651599846673688
100,1000,365,1,1.79175946922805,5.90263333340137,0.719303153885299,0.727588360513993,1.45295945257192,0,"Thetford Reef (16-068)","Thetford Reef (16-068)__THE_16-068_15","Thetford Reef (16-068)__THEDNA1__2021-05-15",0.0342702165739538,0.0217304534017832,0.0540461684029714
100,2000,30,1,2.39789527279837,3.43398720448515,0.719303153885299,1.71095486454706,-0.239658678703541,0,"Thetford Reef (16-068)","Thetford Reef (16-068)__THE_16-068_15","Thetford Reef (16-068)__THEDNA1__2021-05-15",0.0700994133731981,0.0443511050109792,0.110796061429587
100,2000,90,1,2.39789527279837,4.51085950651685,0.719303153885299,1.71095486454706,0.498694851248286,0,"Thetford Reef (16-068)","Thetford Reef (16-068)__THE_16-068_15","Thetford Reef (16-068)__THEDNA1__2021-05-15",0.0623935556120043,0.0396449112751903,0.0981955982921943
100,2000,183,1,2.39789527279837,5.21493575760899,0.719303153885299,1.71095486454706,0.981442141125023,0,"Thetford Reef (16-068)","Thetford Reef (16-068)__THE_16-068_15","Thetford Reef (16-068)__THEDNA1__2021-05-15",0.0520917518188305,0.0330701215111354,0.0820544492599132
100,2000,270,1,2.39789527279837,5.6021188208797,0.719303153885299,1.71095486454706,1.24691278324678,0,"Thetford Reef (16-068)","Thetford Reef (16-068)__THE_16-068_15","Thetford Reef (16-068)__THEDNA1__2021-05-15",0.0422124511699744,0.0268151284807704,0.0664509601382405
100,2000,365,1,2.39789527279837,5.90263333340137,0.719303153885299,1.71095486454706,1.45295945257192,0,"Thetford Reef (16-068)","Thetford Reef (16-068)__THE_16-068_15","Thetford Reef (16-068)__THEDNA1__2021-05-15",0.0346760246287495,0.0218203544424801,0.0551057356663622
100,3000,30,1,2.77258872223978,3.43398720448515,0.719303153885299,2.31884006995969,-0.239658678703541,0,"Thetford Reef (16-068)","Thetford Reef (16-068)__THE_16-068_15","Thetford Reef (16-068)__THEDNA1__2021-05-15",0.0626766082174819,0.0383830479747545,0.102346150838034
100,3000,90,1,2.77258872223978,4.51085950651685,0.719303153885299,2.31884006995969,0.498694851248286,0,"Thetford Reef (16-068)","Thetford Reef (16-068)__THE_16-068_15","Thetford Reef (16-068)__THEDNA1__2021-05-15",0.0557867213462936,0.0342929992736429,0.0907520002474959
100,3000,183,1,2.77258872223978,5.21493575760899,0.719303153885299,2.31884006995969,0.981442141125023,0,"Thetford Reef (16-068)","Thetford Reef (16-068)__THE_16-068_15","Thetford Reef (16-068)__THEDNA1__2021-05-15",0.0465757723638733,0.0285901967061609,0.075875748375802
100,3000,270,1,2.77258872223978,5.6021188208797,0.719303153885299,2.31884006995969,1.24691278324678,0,"Thetford Reef (16-068)","Thetford Reef (16-068)__THE_16-068_15","Thetford Reef (16-068)__THEDNA1__2021-05-15",0.0377425877987681,0.0231695633507699,0.0614816478058652
100,3000,365,1,2.77258872223978,5.90263333340137,0.719303153885299,2.31884006995969,1.45295945257192,0,"Thetford Reef (16-068)","Thetford Reef (16-068)__THE_16-068_15","Thetford Reef (16-068)__THEDNA1__2021-05-15",0.0310041911281793,0.0188577831190959,0.0509741713244796
100,5000,30,1,3.25809653802148,3.43398720448515,0.719303153885299,3.10650534344092,-0.239658678703541,0,"Thetford Reef (16-068)","Thetford Reef (16-068)__THE_16-068_15","Thetford Reef (16-068)__THEDNA1__2021-05-15",0.0507142545298444,0.0268307372843528,0.0958578061146963
100,5000,90,1,3.25809653802148,4.51085950651685,0.719303153885299,3.10650534344092,0.498694851248286,0,"Thetford Reef (16-068)","Thetford Reef (16-068)__THE_16-068_15","Thetford Reef (16-068)__THEDNA1__2021-05-15",0.0451393600611643,0.0239423085468307,0.0851029808903349
100,5000,183,1,3.25809653802148,5.21493575760899,0.719303153885299,3.10650534344092,0.981442141125023,0,"Thetford Reef (16-068)","Thetford Reef (16-068)__THE_16-068_15","Thetford Reef (16-068)__THEDNA1__2021-05-15",0.0376863975534454,0.0199484570113585,0.0711967125952475
100,5000,270,1,3.25809653802148,5.6021188208797,0.719303153885299,3.10650534344092,1.24691278324678,0,"Thetford Reef (16-068)","Thetford Reef (16-068)__THE_16-068_15","Thetford Reef (16-068)__THEDNA1__2021-05-15",0.0305390999717155,0.0161537554250961,0.057734972614078
100,5000,365,1,3.25809653802148,5.90263333340137,0.719303153885299,3.10650534344092,1.45295945257192,0,"Thetford Reef (16-068)","Thetford Reef (16-068)__THE_16-068_15","Thetford Reef (16-068)__THEDNA1__2021-05-15",0.0250867825347299,0.0131672452592777,0.0477963799984199
