ReefName,Year,LOD_sample_positive,Conc_mean
Bait Reef (19-137),2019,1,35.93495563
Bait Reef (19-137),2019,1,37.34695762
Bait Reef (19-137),2019,0,0
Bait Reef (19-137),2019,0,0
Bait Reef (19-137),2019,0,0
Bait Reef (19-137),2019,0,0
Bait Reef (19-137),2019,0,0
Bait Reef (19-137),2019,0,0
Bait Reef (19-137),2019,0,0
Elizabeth Reef (19-082),2019,0,0
Elizabeth Reef (19-082),2019,0,0
Elizabeth Reef (19-082),2019,0,0
Elizabeth Reef (19-082),2019,0,0
Elizabeth Reef (19-082),2019,0,0
Elizabeth Reef (19-082),2019,0,0
Elizabeth Reef (19-082),2019,1,31.15194663
Elizabeth Reef (19-082),2019,0,0
Elizabeth Reef (19-082),2019,0,0
Elizabeth Reef (19-082),2019,0,0
Elizabeth Reef (19-082),2019,0,0
Elizabeth Reef (19-082),2019,0,0
Elizabeth Reef (19-082),2019,0,0
Elizabeth Reef (19-082),2019,0,0
Elizabeth Reef (19-082),2019,0,0
Elizabeth Reef (19-082),2019,0,0
Elizabeth Reef (19-082),2019,0,0
Elizabeth Reef (19-082),2019,0,0
Bowden Reef (19-019),2019,1,188.6711486
Bowden Reef (19-019),2019,1,517.27231
Bowden Reef (19-019),2019,1,393.5359731
Bowden Reef (19-019),2019,1,888.4515613
Bowden Reef (19-019),2019,1,522
Bowden Reef (19-019),2019,1,283.5
Bowden Reef (19-019),2019,1,544.5
Bowden Reef (19-019),2019,1,432
Bowden Reef (19-019),2019,1,454.5
Bowden Reef (19-019),2019,1,445.5
Bowden Reef (19-019),2019,0,0
Bowden Reef (19-019),2019,0,0
Bowden Reef (19-019),2019,1,31.5
Bowden Reef (19-019),2019,1,36
Bowden Reef (19-019),2019,1,36
Bowden Reef (19-019),2019,1,594
Bowden Reef (19-019),2019,0,0
Bowden Reef (19-019),2019,1,126
Bowden Reef (19-019),2019,0,0
Bowden Reef (19-019),2019,1,1255.5
Bowden Reef (19-019),2019,1,306
Bowden Reef (19-019),2019,1,387
Bowden Reef (19-019),2019,1,274.5
Bowden Reef (19-019),2019,1,279
Bowden Reef (19-019),2019,1,148.5
Bowden Reef (19-019),2019,1,355.5
Bowden Reef (19-019),2019,1,103.5
Bowden Reef (19-019),2019,1,342
Bowden Reef (19-019),2019,1,108
Bowden Reef (19-019),2019,1,108
Bowden Reef (19-019),2019,1,31.5
Bowden Reef (19-019),2019,0,0
Bowden Reef (19-019),2019,1,99
Bowden Reef (19-019),2019,1,112.5
Bowden Reef (19-019),2019,0,0
Bowden Reef (19-019),2019,0,0
Bowden Reef (19-019),2019,1,72
Bowden Reef (19-019),2019,1,36
Bowden Reef (19-019),2019,1,72
Bowden Reef (19-019),2019,1,40.5
Bowden Reef (19-019),2019,0,0
Bowden Reef (19-019),2019,1,34.7371649
Bowden Reef (19-019),2019,1,44.73839141
Bowden Reef (19-019),2019,0,0
Bowden Reef (19-019),2019,0,0
Bowden Reef (19-019),2019,0,0
Bowden Reef (19-019),2019,0,0
Bowden Reef (19-019),2019,0,0
Bowden Reef (19-019),2019,1,69.25017424
Bowden Reef (19-019),2019,0,0
Bowden Reef (19-019),2019,1,226.8379536
Bowden Reef (19-019),2019,1,30.49519099
Bowden Reef (19-019),2019,1,104.2957563
Bowden Reef (19-019),2019,1,126.1131361
Bowden Reef (19-019),2019,1,65.28937966
Bowden Reef (19-019),2019,1,229.942302
Bowden Reef (19-019),2019,0,0
Bowden Reef (19-019),2019,1,103.8812812
Bowden Reef (19-019),2019,1,66.57070778
Bowden Reef (19-019),2019,1,246.8542971
Davies Reef (18-096),2019,1,571.3811159
Davies Reef (18-096),2019,1,243.73524
Davies Reef (18-096),2019,1,230.9374988
Davies Reef (18-096),2019,1,66.55918434
Davies Reef (18-096),2019,1,156.2719479
Davies Reef (18-096),2019,1,285.0791618
Davies Reef (18-096),2019,1,135.772723
Davies Reef (18-096),2019,1,191.8853804
Davies Reef (18-096),2019,1,661.5
Davies Reef (18-096),2019,1,211.5
Davies Reef (18-096),2019,1,171
Davies Reef (18-096),2019,1,238.5
Davies Reef (18-096),2019,1,378
Davies Reef (18-096),2019,1,112.5
Davies Reef (18-096),2019,1,166.5
Davies Reef (18-096),2019,1,265.5
Davies Reef (18-096),2019,1,292.5
Davies Reef (18-096),2019,1,112.5
Davies Reef (18-096),2019,1,333
Davies Reef (18-096),2019,1,189
Davies Reef (18-096),2019,1,108
Davies Reef (18-096),2019,1,252
Davies Reef (18-096),2019,1,202.5
Davies Reef (18-096),2019,1,198
Davies Reef (18-096),2019,1,135
Davies Reef (18-096),2019,1,49.5
Davies Reef (18-096),2019,1,180
Davies Reef (18-096),2019,1,189
Davies Reef (18-096),2019,1,85.5
Davies Reef (18-096),2019,1,198
Davies Reef (18-096),2019,1,252
Davies Reef (18-096),2019,1,225
Davies Reef (18-096),2019,1,306
Davies Reef (18-096),2019,1,261
Davies Reef (18-096),2019,1,319.5
Davies Reef (18-096),2019,1,36
Davies Reef (18-096),2019,1,148.5
Davies Reef (18-096),2019,1,207
Davies Reef (18-096),2019,1,337.5
Davies Reef (18-096),2019,0,0
Davies Reef (18-096),2019,1,72
Davies Reef (18-096),2019,1,31.5
Davies Reef (18-096),2019,1,99
Davies Reef (18-096),2019,1,103.5
Davies Reef (18-096),2019,1,171
Davies Reef (18-096),2019,1,85.5
Davies Reef (18-096),2019,1,103.5
Davies Reef (18-096),2019,1,153
Davies Reef (18-096),2019,1,184.5
Davies Reef (18-096),2019,1,72
Davies Reef (18-096),2019,1,130.5
Davies Reef (18-096),2019,1,31.5
Davies Reef (18-096),2019,1,108
Davies Reef (18-096),2019,1,346.5
Davies Reef (18-096),2019,1,247.5
Davies Reef (18-096),2019,1,139.5
Davies Reef (18-096),2019,1,121.5
Davies Reef (18-096),2019,1,112.5
Davies Reef (18-096),2019,1,189
Davies Reef (18-096),2019,1,78.52749601
Davies Reef (18-096),2019,1,401.1223197
Davies Reef (18-096),2019,1,36.47467978
Davies Reef (18-096),2019,1,117.9299545
Davies Reef (18-096),2019,1,38.49287778
Davies Reef (18-096),2019,1,115.2877808
Davies Reef (18-096),2019,1,77.14876011
Davies Reef (18-096),2019,1,37.08533831
Davies Reef (18-096),2019,1,112.7647609
Davies Reef (18-096),2019,1,72.94402197
Davies Reef (18-096),2019,1,79.4076696
Davies Reef (18-096),2019,1,179.0161952
Davies Reef (18-096),2019,1,233.793468
Davies Reef (18-096),2019,1,133.5380942
Davies Reef (18-096),2019,1,108.1262123
Davies Reef (18-096),2019,1,190.2070552
Davies Reef (18-096),2019,1,204.1826516
Davies Reef (18-096),2019,1,41.38130844
Davies Reef (18-096),2019,0,0
Davies Reef (18-096),2019,1,188.0475551
Lizard Island Reef (Lagoon) (14-116d),2019,0,0
Lizard Island Reef (Lagoon) (14-116d),2019,1,21
Lizard Island Reef (Lagoon) (14-116d),2019,0,0
Lizard Island Reef (Lagoon) (14-116d),2019,0,0
Lizard Island Reef (Lagoon) (14-116d),2019,0,0
Lizard Island Reef (Lagoon) (14-116d),2019,0,0
Lizard Island Reef (Lagoon) (14-116d),2019,0,0
Lizard Island Reef (Lagoon) (14-116d),2019,0,0
Lizard Island Reef (Lagoon) (14-116d),2019,1,24
Lizard Island Reef (Lagoon) (14-116d),2019,0,0
Lizard Island Reef (Lagoon) (14-116d),2019,1,24
Lizard Island Reef (Lagoon) (14-116d),2019,0,0
Lizard Island Reef (Lagoon) (14-116d),2019,0,0
Lizard Island Reef (Lagoon) (14-116d),2019,0,0
Lizard Island Reef (Lagoon) (14-116d),2019,1,24
Lizard Island Reef (Lagoon) (14-116d),2019,0,0
Lizard Island Reef (Lagoon) (14-116d),2019,0,0
Lizard Island Reef (Lagoon) (14-116d),2019,0,0
Lizard Island Reef (Lagoon) (14-116d),2019,0,0
Lizard Island Reef (Lagoon) (14-116d),2019,0,0
Lizard Island Reef (Lagoon) (14-116d),2019,0,0
Lizard Island Reef (Lagoon) (14-116d),2019,0,0
Lizard Island Reef (Lagoon) (14-116d),2019,0,0
Lizard Island Reef (Lagoon) (14-116d),2019,1,42
Lizard Island Reef (Lagoon) (14-116d),2019,1,24
Lizard Island Reef (Lagoon) (14-116d),2019,1,24
Lizard Island Reef (Lagoon) (14-116d),2019,1,24
Lizard Island Reef (Lagoon) (14-116d),2019,0,0
Lizard Island Reef (Lagoon) (14-116d),2019,1,42
Lizard Island Reef (Lagoon) (14-116d),2019,0,0
Lizard Island Reef (Lagoon) (14-116d),2019,1,39
Lizard Island Reef (Lagoon) (14-116d),2019,1,108
Lizard Island Reef (Lagoon) (14-116d),2019,1,66
Lizard Island Reef (Lagoon) (14-116d),2019,1,21
Lizard Island Reef (Lagoon) (14-116d),2019,1,45
Lizard Island Reef (Lagoon) (14-116d),2019,1,363
Lizard Island Reef (Lagoon) (14-116d),2019,0,0
Lizard Island Reef (Lagoon) (14-116d),2019,1,231
Lizard Island Reef (Lagoon) (14-116d),2019,1,129
Lizard Island Reef (Lagoon) (14-116d),2019,1,165
Lizard Island Reef (Lagoon) (14-116d),2019,0,0
Lizard Island Reef (Lagoon) (14-116d),2019,0,0
Lizard Island Reef (Lagoon) (14-116d),2019,0,0
Lizard Island Reef (Lagoon) (14-116d),2019,0,0
Lizard Island Reef (Lagoon) (14-116d),2019,0,0
Lizard Island Reef (Lagoon) (14-116d),2019,1,21
Lizard Island Reef (Lagoon) (14-116d),2019,0,0
Lizard Island Reef (Lagoon) (14-116d),2019,0,0
Lizard Island Reef (Lagoon) (14-116d),2019,0,0
Lizard Island Reef (Lagoon) (14-116d),2019,1,21
Lizard Island Reef (Lagoon) (14-116d),2019,0,0
Lizard Island Reef (Lagoon) (14-116d),2019,0,0
Lizard Island Reef (Lagoon) (14-116d),2019,0,0
Lizard Island Reef (Lagoon) (14-116d),2019,0,0
Lizard Island Reef (Lagoon) (14-116d),2019,0,0
Lizard Island Reef (Lagoon) (14-116d),2019,0,0
Lizard Island Reef (Lagoon) (14-116d),2019,0,0
Lizard Island Reef (Lagoon) (14-116d),2019,1,21
Lizard Island Reef (Lagoon) (14-116d),2019,0,0
Lizard Island Reef (Lagoon) (14-116d),2019,0,0
Lizard Island Reef (North East) (14-116b),2019,0,0
Lizard Island Reef (North East) (14-116b),2019,0,0
Lizard Island Reef (North East) (14-116b),2019,0,0
Lizard Island Reef (North East) (14-116b),2019,0,0
Lizard Island Reef (North East) (14-116b),2019,0,0
Lizard Island Reef (North East) (14-116b),2019,0,0
Lizard Island Reef (North East) (14-116b),2019,0,0
Lizard Island Reef (North East) (14-116b),2019,0,0
Lizard Island Reef (North East) (14-116b),2019,0,0
Lizard Island Reef (North East) (14-116b),2019,0,0
Lizard Island Reef (North East) (14-116b),2019,0,0
Lizard Island Reef (North East) (14-116b),2019,0,0
Lizard Island Reef (North East) (14-116b),2019,1,18
Lizard Island Reef (North East) (14-116b),2019,0,0
Lizard Island Reef (North East) (14-116b),2019,1,21
Lizard Island Reef (North East) (14-116b),2019,0,0
Lizard Island Reef (North East) (14-116b),2019,0,0
Lizard Island Reef (North East) (14-116b),2019,0,0
Lizard Island Reef (North West) (14-116a),2019,0,0
Lizard Island Reef (North West) (14-116a),2019,1,27
Lizard Island Reef (North West) (14-116a),2019,0,0
Lizard Island Reef (North West) (14-116a),2019,0,0
Lizard Island Reef (North West) (14-116a),2019,0,0
Lizard Island Reef (North West) (14-116a),2019,0,0
Lizard Island Reef (North West) (14-116a),2019,0,0
Lizard Island Reef (North West) (14-116a),2019,0,0
Lizard Island Reef (North West) (14-116a),2019,0,0
Lizard Island Reef (North West) (14-116a),2019,1,21
Lizard Island Reef (North West) (14-116a),2019,1,42
Lizard Island Reef (North West) (14-116a),2019,1,174
Lizard Island Reef (North West) (14-116a),2019,0,0
Lizard Island Reef (North West) (14-116a),2019,0,0
Lizard Island Reef (North West) (14-116a),2019,1,24
Lizard Island Reef (North West) (14-116a),2019,0,0
Lizard Island Reef (North West) (14-116a),2019,0,0
Lizard Island Reef (North West) (14-116a),2019,0,0
Lizard Island Reef (North West) (14-116a),2019,0,0
Lizard Island Reef (North West) (14-116a),2019,1,21
Lizard Island Reef (North West) (14-116a),2019,1,21
Lizard Island Reef (North West) (14-116a),2019,0,0
Lizard Island Reef (North West) (14-116a),2019,0,0
Lizard Island Reef (North West) (14-116a),2019,0,0
Lizard Island Reef (North West) (14-116a),2019,1,66
Lizard Island Reef (North West) (14-116a),2019,0,0
Lizard Island Reef (North West) (14-116a),2019,1,21
Lizard Island Reef (North West) (14-116a),2019,0,0
Lizard Island Reef (North West) (14-116a),2019,0,0
Lizard Island Reef (North West) (14-116a),2019,0,0
Lizard Island Reef (North East) (14-116b),2019,1,24
Lizard Island Reef (North East) (14-116b),2019,1,21
Lizard Island Reef (North East) (14-116b),2019,0,0
Lizard Island Reef (North East) (14-116b),2019,0,0
Lizard Island Reef (North East) (14-116b),2019,0,0
Lizard Island Reef (North East) (14-116b),2019,0,0
Lizard Island Reef (North East) (14-116b),2019,1,24
Lizard Island Reef (North East) (14-116b),2019,0,0
Lizard Island Reef (North East) (14-116b),2019,0,0
Lizard Island Reef (North East) (14-116b),2019,0,0
Lizard Island Reef (North East) (14-116b),2019,0,0
Lizard Island Reef (North East) (14-116b),2019,0,0
Lizard Island Reef (Lagoon) (14-116d),2019,0,0
Lizard Island Reef (Lagoon) (14-116d),2019,0,0
Lizard Island Reef (Lagoon) (14-116d),2019,0,0
Lizard Island Reef (Lagoon) (14-116d),2019,0,0
Lizard Island Reef (Lagoon) (14-116d),2019,0,0
Lizard Island Reef (Lagoon) (14-116d),2019,0,0
Lizard Island Reef (Lagoon) (14-116d),2019,0,0
Lizard Island Reef (Lagoon) (14-116d),2019,0,0
Lizard Island Reef (Lagoon) (14-116d),2019,0,0
Lizard Island Reef (Lagoon) (14-116d),2019,0,0
Lizard Island Reef (Lagoon) (14-116d),2019,0,0
Lizard Island Reef (Lagoon) (14-116d),2019,0,0
Lizard Island Reef (Lagoon) (14-116d),2019,0,0
Lizard Island Reef (Lagoon) (14-116d),2019,0,0
Lizard Island Reef (Lagoon) (14-116d),2019,0,0
Lizard Island Reef (Lagoon) (14-116d),2019,0,0
Lizard Island Reef (Lagoon) (14-116d),2019,0,0
Lizard Island Reef (Lagoon) (14-116d),2019,0,0
Lizard Island Reef (Lagoon) (14-116d),2019,1,21
Lizard Island Reef (Lagoon) (14-116d),2019,0,0
Lizard Island Reef (Lagoon) (14-116d),2019,0,0
Lizard Island Reef (Lagoon) (14-116d),2019,0,0
Lizard Island Reef (Lagoon) (14-116d),2019,0,0
Lizard Island Reef (Lagoon) (14-116d),2019,0,0
Lizard Island Reef (Lagoon) (14-116d),2019,0,0
Lizard Island Reef (Lagoon) (14-116d),2019,0,0
Lizard Island Reef (Lagoon) (14-116d),2019,0,0
Lizard Island Reef (Lagoon) (14-116d),2019,0,0
Lizard Island Reef (Lagoon) (14-116d),2019,0,0
Lizard Island Reef (Lagoon) (14-116d),2019,0,0
Elizabeth Reef (19-082),2020,0,0
Elizabeth Reef (19-082),2020,0,0
Elizabeth Reef (19-082),2020,0,0
Elizabeth Reef (19-082),2020,0,0
Elizabeth Reef (19-082),2020,1,10.5
Elizabeth Reef (19-082),2020,0,0
Elizabeth Reef (19-082),2020,0,0
Elizabeth Reef (19-082),2020,0,0
Elizabeth Reef (19-082),2020,0,0
Elizabeth Reef (19-082),2020,0,0
Elizabeth Reef (19-082),2020,0,0
Elizabeth Reef (19-082),2020,0,0
Elizabeth Reef (19-082),2020,0,0
Elizabeth Reef (19-082),2020,0,0
Elizabeth Reef (19-082),2020,0,0
Elizabeth Reef (19-082),2020,0,0
Elizabeth Reef (19-082),2020,0,0
Elizabeth Reef (19-082),2020,0,0
Elizabeth Reef (19-082),2020,0,0
Elizabeth Reef (19-082),2020,0,0
Elizabeth Reef (19-082),2020,0,0
Elizabeth Reef (19-082),2020,1,12
Elizabeth Reef (19-082),2020,0,0
Elizabeth Reef (19-082),2020,0,0
Elizabeth Reef (19-082),2020,0,0
Elizabeth Reef (19-082),2020,0,0
Elizabeth Reef (19-082),2020,0,0
Elizabeth Reef (19-082),2020,0,0
Elizabeth Reef (19-082),2020,0,0
Elizabeth Reef (19-082),2020,0,0
Elizabeth Reef (19-082),2020,0,0
Elizabeth Reef (19-082),2020,0,0
Elizabeth Reef (19-082),2020,0,0
Elizabeth Reef (19-082),2020,0,0
Elizabeth Reef (19-082),2020,0,0
Elizabeth Reef (19-082),2020,1,10.5
Elizabeth Reef (19-082),2020,1,10.5
Elizabeth Reef (19-082),2020,0,0
Elizabeth Reef (19-082),2020,0,0
Elizabeth Reef (19-082),2020,0,0
Elizabeth Reef (19-082),2020,0,0
Elizabeth Reef (19-082),2020,0,0
Elizabeth Reef (19-082),2020,0,0
Elizabeth Reef (19-082),2020,0,0
Elizabeth Reef (19-082),2020,0,0
Elizabeth Reef (19-082),2020,0,0
Elizabeth Reef (19-082),2020,0,0
Elizabeth Reef (19-082),2020,0,0
Elizabeth Reef (19-082),2020,0,0
Elizabeth Reef (19-082),2020,0,0
Elizabeth Reef (19-082),2020,0,0
Elizabeth Reef (19-082),2020,0,0
Elizabeth Reef (19-082),2020,0,0
Elizabeth Reef (19-082),2020,0,0
Elizabeth Reef (19-082),2020,0,0
Elizabeth Reef (19-082),2020,0,0
Elizabeth Reef (19-082),2020,0,0
Elizabeth Reef (19-082),2020,0,0
Elizabeth Reef (19-082),2020,0,0
Elizabeth Reef (19-082),2020,0,0
Elizabeth Reef (19-082),2020,0,0
Bowden Reef (19-019),2020,1,60
Bowden Reef (19-019),2020,1,60
Bowden Reef (19-019),2020,1,127.5
Bowden Reef (19-019),2020,1,142.5
Bowden Reef (19-019),2020,1,99
Bowden Reef (19-019),2020,1,61.5
Bowden Reef (19-019),2020,1,147
Bowden Reef (19-019),2020,1,84
Bowden Reef (19-019),2020,1,106.5
Bowden Reef (19-019),2020,1,141
Bowden Reef (19-019),2020,1,112.5
Bowden Reef (19-019),2020,1,135
Bowden Reef (19-019),2020,1,466.5
Bowden Reef (19-019),2020,1,82.5
Bowden Reef (19-019),2020,1,151.5
Bowden Reef (19-019),2020,1,10.5
Bowden Reef (19-019),2020,1,21
Bowden Reef (19-019),2020,1,21
Bowden Reef (19-019),2020,1,19.5
Bowden Reef (19-019),2020,1,46.5
Bowden Reef (19-019),2020,0,0
Bowden Reef (19-019),2020,1,82.5
Bowden Reef (19-019),2020,1,31.5
Bowden Reef (19-019),2020,1,21
Bowden Reef (19-019),2020,1,13.5
Bowden Reef (19-019),2020,1,22.5
Bowden Reef (19-019),2020,0,0
Bowden Reef (19-019),2020,1,12
Bowden Reef (19-019),2020,1,10.5
Bowden Reef (19-019),2020,1,27
Bowden Reef (19-019),2020,1,10.5
Bowden Reef (19-019),2020,1,36
Bowden Reef (19-019),2020,1,9
Bowden Reef (19-019),2020,1,19.5
Bowden Reef (19-019),2020,1,31.5
Bowden Reef (19-019),2020,0,0
Bowden Reef (19-019),2020,0,0
Bowden Reef (19-019),2020,1,36
Bowden Reef (19-019),2020,1,10.5
Bowden Reef (19-019),2020,1,10.5
Bowden Reef (19-019),2020,0,0
Bowden Reef (19-019),2020,1,70.5
Bowden Reef (19-019),2020,1,36
Bowden Reef (19-019),2020,1,46.5
Bowden Reef (19-019),2020,1,40.5
Bowden Reef (19-019),2020,1,241.5
Bowden Reef (19-019),2020,1,283.5
Bowden Reef (19-019),2020,1,240
Bowden Reef (19-019),2020,1,190.5
Bowden Reef (19-019),2020,1,205.5
Bowden Reef (19-019),2020,1,193.5
Bowden Reef (19-019),2020,1,99
Bowden Reef (19-019),2020,1,175.5
Bowden Reef (19-019),2020,1,114
Bowden Reef (19-019),2020,1,87
Bowden Reef (19-019),2020,1,60
Bowden Reef (19-019),2020,1,250.5
Bowden Reef (19-019),2020,1,229.5
Bowden Reef (19-019),2020,1,262.5
Bowden Reef (19-019),2020,1,297
Davies Reef (18-096),2020,1,10.5
Davies Reef (18-096),2020,1,66
Davies Reef (18-096),2020,1,46.5
Davies Reef (18-096),2020,1,22.5
Davies Reef (18-096),2020,1,27
Davies Reef (18-096),2020,1,39
Davies Reef (18-096),2020,1,30
Davies Reef (18-096),2020,1,21
Davies Reef (18-096),2020,1,73.5
Davies Reef (18-096),2020,1,42
Davies Reef (18-096),2020,0,0
Davies Reef (18-096),2020,1,51
Davies Reef (18-096),2020,1,25.5
Davies Reef (18-096),2020,1,24
Davies Reef (18-096),2020,1,33
Davies Reef (18-096),2020,0,0
Davies Reef (18-096),2020,0,0
Davies Reef (18-096),2020,1,21
Davies Reef (18-096),2020,1,10.5
Davies Reef (18-096),2020,1,39
Davies Reef (18-096),2020,0,0
Davies Reef (18-096),2020,1,51
Davies Reef (18-096),2020,1,10.5
Davies Reef (18-096),2020,1,10.5
Davies Reef (18-096),2020,0,0
Davies Reef (18-096),2020,1,13.5
Davies Reef (18-096),2020,0,0
Davies Reef (18-096),2020,0,0
Davies Reef (18-096),2020,1,10.5
Davies Reef (18-096),2020,1,40.5
Davies Reef (18-096),2020,1,54
Davies Reef (18-096),2020,1,22.5
Davies Reef (18-096),2020,1,36
Davies Reef (18-096),2020,1,63
Davies Reef (18-096),2020,1,55.5
Davies Reef (18-096),2020,1,28.5
Davies Reef (18-096),2020,1,103.5
Davies Reef (18-096),2020,1,111
Davies Reef (18-096),2020,1,342
Davies Reef (18-096),2020,1,187.5
Davies Reef (18-096),2020,1,58.5
Davies Reef (18-096),2020,1,250.5
Davies Reef (18-096),2020,1,49.5
Davies Reef (18-096),2020,1,99
Davies Reef (18-096),2020,1,12
Davies Reef (18-096),2020,1,21
Davies Reef (18-096),2020,1,33
Davies Reef (18-096),2020,1,43.5
Davies Reef (18-096),2020,1,43.5
Davies Reef (18-096),2020,1,40.5
Davies Reef (18-096),2020,1,45
Davies Reef (18-096),2020,1,60
Davies Reef (18-096),2020,1,55.5
Davies Reef (18-096),2020,1,27
Davies Reef (18-096),2020,1,45
Davies Reef (18-096),2020,1,51
Davies Reef (18-096),2020,1,52.5
Davies Reef (18-096),2020,1,39
Davies Reef (18-096),2020,1,10.5
Davies Reef (18-096),2020,1,22.5
Keeper Reef (18-079),2020,1,21
Keeper Reef (18-079),2020,0,0
Keeper Reef (18-079),2020,1,21
Keeper Reef (18-079),2020,0,0
Keeper Reef (18-079),2020,0,0
Keeper Reef (18-079),2020,1,19.5
Keeper Reef (18-079),2020,1,33
Keeper Reef (18-079),2020,0,0
Keeper Reef (18-079),2020,1,42
Keeper Reef (18-079),2020,1,31.5
Keeper Reef (18-079),2020,1,21
Keeper Reef (18-079),2020,0,0
Keeper Reef (18-079),2020,1,10.5
Keeper Reef (18-079),2020,1,31.5
Keeper Reef (18-079),2020,1,24
Keeper Reef (18-079),2020,1,69
Keeper Reef (18-079),2020,1,42
Keeper Reef (18-079),2020,1,57
Keeper Reef (18-079),2020,1,10.5
Keeper Reef (18-079),2020,1,27
Keeper Reef (18-079),2020,0,0
Keeper Reef (18-079),2020,1,19.5
Keeper Reef (18-079),2020,1,52.5
Keeper Reef (18-079),2020,1,63
Keeper Reef (18-079),2020,1,145.5
Keeper Reef (18-079),2020,1,31.5
Keeper Reef (18-079),2020,1,22.5
Keeper Reef (18-079),2020,1,36
Keeper Reef (18-079),2020,1,67.5
Keeper Reef (18-079),2020,1,10.5
Lizard Island Reef (Lagoon) (14-116d),2020,0,0
Lizard Island Reef (Lagoon) (14-116d),2020,0,0
Lizard Island Reef (Lagoon) (14-116d),2020,0,0
Lizard Island Reef (Lagoon) (14-116d),2020,0,0
Lizard Island Reef (Lagoon) (14-116d),2020,0,0
Lizard Island Reef (Lagoon) (14-116d),2020,1,28.39811001
Lizard Island Reef (Lagoon) (14-116d),2020,0,0
Lizard Island Reef (Lagoon) (14-116d),2020,1,19.32441835
Lizard Island Reef (Lagoon) (14-116d),2020,1,12.24852253
Lizard Island Reef (Lagoon) (14-116d),2020,1,10.46588905
Lizard Island Reef (Lagoon) (14-116d),2020,0,0
Lizard Island Reef (Lagoon) (14-116d),2020,1,10.79627961
Lizard Island Reef (Lagoon) (14-116d),2020,0,0
Lizard Island Reef (Lagoon) (14-116d),2020,0,0
Lizard Island Reef (Lagoon) (14-116d),2020,1,11.092849
Lizard Island Reef (Lagoon) (14-116d),2020,0,0
Lizard Island Reef (Lagoon) (14-116d),2020,0,0
Lizard Island Reef (Lagoon) (14-116d),2020,0,0
Lizard Island Reef (Lagoon) (14-116d),2020,0,0
Lizard Island Reef (Lagoon) (14-116d),2020,1,9.783539198
Lizard Island Reef (Lagoon) (14-116d),2020,1,10.43741466
Lizard Island Reef (Lagoon) (14-116d),2020,1,9.567653679
Lizard Island Reef (Lagoon) (14-116d),2020,1,10.51578156
Lizard Island Reef (Lagoon) (14-116d),2020,1,18.73559703
Lizard Island Reef (Lagoon) (14-116d),2020,0,0
Lizard Island Reef (Lagoon) (14-116d),2020,0,0
Lizard Island Reef (Lagoon) (14-116d),2020,0,0
Lizard Island Reef (Lagoon) (14-116d),2020,1,12.50810421
Lizard Island Reef (Lagoon) (14-116d),2020,0,0
Lizard Island Reef (Lagoon) (14-116d),2020,0,0
Lizard Island Reef (Lagoon) (14-116d),2020,0,0
Lizard Island Reef (Lagoon) (14-116d),2020,1,10.64968397
Lizard Island Reef (Lagoon) (14-116d),2020,0,0
Lizard Island Reef (Lagoon) (14-116d),2020,1,10.18912719
Lizard Island Reef (Lagoon) (14-116d),2020,0,0
Lizard Island Reef (Lagoon) (14-116d),2020,1,12.65339607
Lizard Island Reef (Lagoon) (14-116d),2020,1,23.22134199
Lizard Island Reef (Lagoon) (14-116d),2020,1,10.33714602
Lizard Island Reef (Lagoon) (14-116d),2020,0,0
Lizard Island Reef (Lagoon) (14-116d),2020,1,10.36751099
Lizard Island Reef (Lagoon) (14-116d),2020,0,0
Lizard Island Reef (Lagoon) (14-116d),2020,0,0
Lizard Island Reef (Lagoon) (14-116d),2020,0,0
Lizard Island Reef (Lagoon) (14-116d),2020,0,0
Lizard Island Reef (Lagoon) (14-116d),2020,0,0
Lizard Island Reef (Lagoon) (14-116d),2020,0,0
Lizard Island Reef (Lagoon) (14-116d),2020,0,0
Lizard Island Reef (Lagoon) (14-116d),2020,0,0
Lizard Island Reef (Lagoon) (14-116d),2020,0,0
Lizard Island Reef (Lagoon) (14-116d),2020,0,0
Lizard Island Reef (Lagoon) (14-116d),2020,0,0
Lizard Island Reef (Lagoon) (14-116d),2020,0,0
Lizard Island Reef (Lagoon) (14-116d),2020,0,0
Lizard Island Reef (Lagoon) (14-116d),2020,0,0
Lizard Island Reef (Lagoon) (14-116d),2020,0,0
Lizard Island Reef (Lagoon) (14-116d),2020,0,0
Lizard Island Reef (Lagoon) (14-116d),2020,0,0
Lizard Island Reef (Lagoon) (14-116d),2020,0,0
Lizard Island Reef (Lagoon) (14-116d),2020,0,0
Lizard Island Reef (Lagoon) (14-116d),2020,0,0
Lizard Island Reef (North East) (14-116b),2020,0,0
Lizard Island Reef (North East) (14-116b),2020,0,0
Lizard Island Reef (North East) (14-116b),2020,1,10.52205159
Lizard Island Reef (North East) (14-116b),2020,1,9.569729035
Lizard Island Reef (North East) (14-116b),2020,0,0
Lizard Island Reef (North East) (14-116b),2020,1,19.28324192
Lizard Island Reef (North East) (14-116b),2020,0,0
Lizard Island Reef (North East) (14-116b),2020,0,0
Lizard Island Reef (North East) (14-116b),2020,1,18.90823834
Lizard Island Reef (North East) (14-116b),2020,1,9.820015485
Lizard Island Reef (North East) (14-116b),2020,1,11.03458423
Lizard Island Reef (North East) (14-116b),2020,0,0
Lizard Island Reef (North East) (14-116b),2020,0,0
Lizard Island Reef (North East) (14-116b),2020,0,0
Lizard Island Reef (North East) (14-116b),2020,0,0
Lizard Island Reef (North West) (14-116a),2020,0,0
Lizard Island Reef (North West) (14-116a),2020,1,52.53471975
Lizard Island Reef (North West) (14-116a),2020,1,37.30822719
Lizard Island Reef (North West) (14-116a),2020,1,41.54269558
Lizard Island Reef (North West) (14-116a),2020,1,20.92130149
Lizard Island Reef (North West) (14-116a),2020,0,0
Lizard Island Reef (North West) (14-116a),2020,1,38.85962142
Lizard Island Reef (North West) (14-116a),2020,0,0
Lizard Island Reef (North West) (14-116a),2020,1,20.5844615
Lizard Island Reef (North West) (14-116a),2020,1,279.7554478
Lizard Island Reef (North West) (14-116a),2020,1,10.44668275
Lizard Island Reef (North West) (14-116a),2020,1,35.22198583
Lizard Island Reef (North West) (14-116a),2020,1,9.79331215
Lizard Island Reef (North West) (14-116a),2020,1,20.80039939
Lizard Island Reef (North West) (14-116a),2020,1,21.10639737
Lizard Island Reef (North West) (14-116a),2020,0,0
Lizard Island Reef (North West) (14-116a),2020,0,0
Lizard Island Reef (North West) (14-116a),2020,0,0
Lizard Island Reef (North West) (14-116a),2020,1,9.806918129
Lizard Island Reef (North West) (14-116a),2020,0,0
Lizard Island Reef (North West) (14-116a),2020,0,0
Lizard Island Reef (North West) (14-116a),2020,1,9.829313966
Lizard Island Reef (North West) (14-116a),2020,0,0
Lizard Island Reef (North West) (14-116a),2020,0,0
Lizard Island Reef (North West) (14-116a),2020,0,0
Lizard Island Reef (North West) (14-116a),2020,0,0
Lizard Island Reef (North West) (14-116a),2020,1,10.71369264
Lizard Island Reef (North West) (14-116a),2020,0,0
Lizard Island Reef (North West) (14-116a),2020,1,24.11294507
Lizard Island Reef (North West) (14-116a),2020,0,0
Lizard Island Reef (North East) (14-116b),2020,0,0
Lizard Island Reef (North East) (14-116b),2020,1,10.10684621
Lizard Island Reef (North East) (14-116b),2020,0,0
Lizard Island Reef (North East) (14-116b),2020,0,0
Lizard Island Reef (North East) (14-116b),2020,0,0
Lizard Island Reef (North East) (14-116b),2020,0,0
Lizard Island Reef (North East) (14-116b),2020,1,21.91401216
Lizard Island Reef (North East) (14-116b),2020,1,10.58834118
Lizard Island Reef (North East) (14-116b),2020,0,0
Lizard Island Reef (North East) (14-116b),2020,0,0
Lizard Island Reef (North East) (14-116b),2020,0,0
Lizard Island Reef (North East) (14-116b),2020,0,0
Lizard Island Reef (North East) (14-116b),2020,0,0
Lizard Island Reef (North East) (14-116b),2020,0,0
Lizard Island Reef (North East) (14-116b),2020,1,9.484861373
Lizard Island Reef (Lagoon) (14-116d),2020,0,0
Lizard Island Reef (Lagoon) (14-116d),2020,0,0
Lizard Island Reef (Lagoon) (14-116d),2020,0,0
Lizard Island Reef (Lagoon) (14-116d),2020,1,10.54153629
Lizard Island Reef (Lagoon) (14-116d),2020,0,0
Lizard Island Reef (Lagoon) (14-116d),2020,0,0
Lizard Island Reef (Lagoon) (14-116d),2020,0,0
Lizard Island Reef (Lagoon) (14-116d),2020,0,0
Lizard Island Reef (Lagoon) (14-116d),2020,0,0
Lizard Island Reef (Lagoon) (14-116d),2020,1,9.851812326
Lizard Island Reef (Lagoon) (14-116d),2020,0,0
Lizard Island Reef (Lagoon) (14-116d),2020,0,0
Lizard Island Reef (Lagoon) (14-116d),2020,0,0
Lizard Island Reef (Lagoon) (14-116d),2020,0,0
Lizard Island Reef (Lagoon) (14-116d),2020,0,0
Lizard Island Reef (Lagoon) (14-116d),2020,1,18.75115752
Lizard Island Reef (Lagoon) (14-116d),2020,0,0
Lizard Island Reef (Lagoon) (14-116d),2020,0,0
Lizard Island Reef (Lagoon) (14-116d),2020,0,0
Lizard Island Reef (Lagoon) (14-116d),2020,0,0
Lizard Island Reef (Lagoon) (14-116d),2020,0,0
Lizard Island Reef (Lagoon) (14-116d),2020,0,0
Lizard Island Reef (Lagoon) (14-116d),2020,0,0
Lizard Island Reef (Lagoon) (14-116d),2020,0,0
Lizard Island Reef (Lagoon) (14-116d),2020,1,10.51766179
Lizard Island Reef (Lagoon) (14-116d),2020,0,0
Lizard Island Reef (Lagoon) (14-116d),2020,0,0
Lizard Island Reef (Lagoon) (14-116d),2020,0,0
Lizard Island Reef (Lagoon) (14-116d),2020,0,0
Lizard Island Reef (Lagoon) (14-116d),2020,0,0
Moore Reef (16-071),2020,1,20.03752481
Moore Reef (16-071),2020,1,9.817283985
Moore Reef (16-071),2020,1,10.77123864
Moore Reef (16-071),2020,1,130.710187
Moore Reef (16-071),2020,0,0
Moore Reef (16-071),2020,1,10.91109459
Moore Reef (16-071),2020,0,0
Moore Reef (16-071),2020,1,21.89325581
Moore Reef (16-071),2020,1,24.09319251
Moore Reef (16-071),2020,1,34.83883009
Moore Reef (16-071),2020,1,30.64330571
Moore Reef (16-071),2020,1,44.49731159
Moore Reef (16-071),2020,1,28.62372687
Moore Reef (16-071),2020,1,9.225531969
Moore Reef (16-071),2020,0,0
Moore Reef (16-071),2020,0,0
Moore Reef (16-071),2020,0,0
Moore Reef (16-071),2020,1,29.13646547
Moore Reef (16-071),2020,1,11.64783923
Moore Reef (16-071),2020,0,0
Moore Reef (16-071),2020,1,23.00040254
Moore Reef (16-071),2020,0,0
Moore Reef (16-071),2020,1,11.59427012
Moore Reef (16-071),2020,0,0
Moore Reef (16-071),2020,1,30.01362421
Moore Reef (16-071),2020,0,0
Moore Reef (16-071),2020,0,0
Moore Reef (16-071),2020,1,19.66574786
Moore Reef (16-071),2020,1,10.86139949
Moore Reef (16-071),2020,0,0
Moore Reef (16-071),2020,0,0
Moore Reef (16-071),2020,0,0
Thetford Reef (16-068),2020,1,26.46727987
Thetford Reef (16-068),2020,1,12.2120749
Thetford Reef (16-068),2020,1,9.321532276
Thetford Reef (16-068),2020,1,19.65151319
Thetford Reef (16-068),2020,1,32.25268916
Thetford Reef (16-068),2020,1,9.546433057
Thetford Reef (16-068),2020,1,148.8532033
Thetford Reef (16-068),2020,1,9.681557442
Thetford Reef (16-068),2020,1,10.00201708
Thetford Reef (16-068),2020,1,17.46295651
Thetford Reef (16-068),2020,1,11.66940574
Thetford Reef (16-068),2020,0,0
Thetford Reef (16-068),2020,1,18.47655595
Thetford Reef (16-068),2020,1,41.59712901
Thetford Reef (16-068),2020,1,31.84834489
Thetford Reef (16-068),2020,0,0
Thetford Reef (16-068),2020,0,0
Thetford Reef (16-068),2020,0,0
Thetford Reef (16-068),2020,0,0
Thetford Reef (16-068),2020,1,9.318086875
Thetford Reef (16-068),2020,0,0
Thetford Reef (16-068),2020,0,0
Thetford Reef (16-068),2020,0,0
Thetford Reef (16-068),2020,0,0
Thetford Reef (16-068),2020,0,0
Thetford Reef (16-068),2020,0,0
Thetford Reef (16-068),2020,0,0
Thetford Reef (16-068),2020,0,0
Thetford Reef (16-068),2020,0,0
Thetford Reef (16-068),2020,0,0
Elford Reef (16-073),2020,0,0
Elford Reef (16-073),2020,0,0
Elford Reef (16-073),2020,1,25.36431312
Elford Reef (16-073),2020,0,0
Elford Reef (16-073),2020,1,10.40234539
Elford Reef (16-073),2020,1,9.383988103
Elford Reef (16-073),2020,0,0
Elford Reef (16-073),2020,1,9.627156285
Elford Reef (16-073),2020,0,0
Elford Reef (16-073),2020,1,39.06379007
Elford Reef (16-073),2020,1,9.884923024
Elford Reef (16-073),2020,1,11.52235241
Elford Reef (16-073),2020,1,10.87277584
Elford Reef (16-073),2020,0,0
Elford Reef (16-073),2020,1,22.00915334
Elford Reef (16-073),2020,1,18.77746206
Elford Reef (16-073),2020,1,10.42323548
Elford Reef (16-073),2020,1,41.05712214
Elford Reef (16-073),2020,1,9.966429745
Elford Reef (16-073),2020,0,0
Elford Reef (16-073),2020,1,34.6281039
Elford Reef (16-073),2020,1,43.34780551
Elford Reef (16-073),2020,1,23.25653512
Elford Reef (16-073),2020,1,22.70010143
Elford Reef (16-073),2020,1,37.20624247
Elford Reef (16-073),2020,0,0
Elford Reef (16-073),2020,1,40.42279097
Elford Reef (16-073),2020,1,54.78658467
Elford Reef (16-073),2020,1,29.05789654
Elford Reef (16-073),2020,1,9.992954969
Kelso Reef (18-030),2020,1,39.41858315
Kelso Reef (18-030),2020,1,44.70084127
Kelso Reef (18-030),2020,1,46.12203404
Kelso Reef (18-030),2020,1,25.4819494
Kelso Reef (18-030),2020,1,63.56928043
Kelso Reef (18-030),2020,1,27.99121082
Kelso Reef (18-030),2020,1,10.75286161
Kelso Reef (18-030),2020,1,19.50198744
Kelso Reef (18-030),2020,1,20.94898861
Kelso Reef (18-030),2020,1,49.22321528
Kelso Reef (18-030),2020,1,10.98786391
Kelso Reef (18-030),2020,0,0
Kelso Reef (18-030),2020,1,10.56109329
Kelso Reef (18-030),2020,1,13.66558937
Kelso Reef (18-030),2020,1,23.07538023
Kelso Reef (18-030),2020,1,60.19840559
Kelso Reef (18-030),2020,1,10.1650637
Kelso Reef (18-030),2020,0,0
Kelso Reef (18-030),2020,1,19.13167697
Kelso Reef (18-030),2020,1,28.54048712
Kelso Reef (18-030),2020,1,27.4114876
Kelso Reef (18-030),2020,1,32.96042305
Kelso Reef (18-030),2020,1,25.09893166
Kelso Reef (18-030),2020,1,67.99266268
Kelso Reef (18-030),2020,1,11.01323608
Kelso Reef (18-030),2020,1,34.89686429
Kelso Reef (18-030),2020,1,54.86581708
Kelso Reef (18-030),2020,0,0
Kelso Reef (18-030),2020,1,38.90873959
Kelso Reef (18-030),2020,1,11.32637517
Rib Reef (18-032),2020,1,9.799838305
Rib Reef (18-032),2020,1,23.5090373
Rib Reef (18-032),2020,1,12.6009917
Rib Reef (18-032),2020,1,23.95094849
Rib Reef (18-032),2020,1,25.34344718
Rib Reef (18-032),2020,1,45.36251573
Rib Reef (18-032),2020,1,37.63478803
Rib Reef (18-032),2020,0,0
Rib Reef (18-032),2020,1,48.88517393
Rib Reef (18-032),2020,1,53.05952359
Rib Reef (18-032),2020,1,61.74729478
Rib Reef (18-032),2020,1,32.61602419
Rib Reef (18-032),2020,1,11.37749191
Rib Reef (18-032),2020,1,103.2035675
Rib Reef (18-032),2020,1,9.290615087
Rib Reef (18-032),2020,0,0
Rib Reef (18-032),2020,0,0
Rib Reef (18-032),2020,1,20.66521324
Rib Reef (18-032),2020,0,0
Rib Reef (18-032),2020,1,10.19442467
Rib Reef (18-032),2020,0,0
Rib Reef (18-032),2020,0,0
Rib Reef (18-032),2020,1,61.1325432
Rib Reef (18-032),2020,1,35.88195073
Rib Reef (18-032),2020,1,54.52091419
Rib Reef (18-032),2020,0,0
Rib Reef (18-032),2020,1,19.83707154
Rib Reef (18-032),2020,1,10.34078042
Rib Reef (18-032),2020,1,53.38222343
Rib Reef (18-032),2020,1,20.17549712
Moore Reef (16-071),2021,0,0
Moore Reef (16-071),2021,0,0
Moore Reef (16-071),2021,0,0
Moore Reef (16-071),2021,1,16.1073171
Moore Reef (16-071),2021,0,0
Moore Reef (16-071),2021,0,0
Moore Reef (16-071),2021,1,16.45413411
Moore Reef (16-071),2021,0,0
Moore Reef (16-071),2021,0,0
Moore Reef (16-071),2021,0,0
Moore Reef (16-071),2021,1,10.04242927
Moore Reef (16-071),2021,1,8.44862182
Moore Reef (16-071),2021,1,42.96814536
Moore Reef (16-071),2021,1,16.05035341
Moore Reef (16-071),2021,1,42.54913324
Moore Reef (16-071),2021,1,16.03005333
Moore Reef (16-071),2021,1,24.81481945
Moore Reef (16-071),2021,1,8.039112966
Moore Reef (16-071),2021,1,40.05794647
Moore Reef (16-071),2021,1,32.78500905
Moore Reef (16-071),2021,1,73.08563178
Moore Reef (16-071),2021,1,35.99053461
Moore Reef (16-071),2021,0,0
Moore Reef (16-071),2021,1,17.3358798
Moore Reef (16-071),2021,1,962.6860361
Moore Reef (16-071),2021,1,714.0592845
Moore Reef (16-071),2021,1,5732.436753
Moore Reef (16-071),2021,1,429.3660922
Moore Reef (16-071),2021,1,635.7565681
Moore Reef (16-071),2021,1,271.4485233
Moore Reef (16-071),2021,1,568.2626219
Moore Reef (16-071),2021,1,2563.973896
Moore Reef (16-071),2021,1,450.1695656
Moore Reef (16-071),2021,1,556.2761772
Moore Reef (16-071),2021,1,322.5917614
Moore Reef (16-071),2021,1,485.8559475
Thetford Reef (16-068),2021,1,28.66876592
Thetford Reef (16-068),2021,0,0
Thetford Reef (16-068),2021,1,9.739801213
Thetford Reef (16-068),2021,0,0
Thetford Reef (16-068),2021,0,0
Thetford Reef (16-068),2021,0,0
Thetford Reef (16-068),2021,1,9.318086875
Thetford Reef (16-068),2021,1,18.10511833
Thetford Reef (16-068),2021,1,19.07687027
Thetford Reef (16-068),2021,1,16.98465721
Thetford Reef (16-068),2021,1,37.80634972
Thetford Reef (16-068),2021,1,33.51848472
Thetford Reef (16-068),2021,0,0
Thetford Reef (16-068),2021,0,0
Thetford Reef (16-068),2021,0,0
Thetford Reef (16-068),2021,1,17.22840851
Thetford Reef (16-068),2021,1,8.048646018
Thetford Reef (16-068),2021,0,0
Thetford Reef (16-068),2021,0,0
Thetford Reef (16-068),2021,1,9.281819239
Thetford Reef (16-068),2021,0,0
Thetford Reef (16-068),2021,0,0
Thetford Reef (16-068),2021,0,0
Thetford Reef (16-068),2021,0,0
Thetford Reef (16-068),2021,0,0
Thetford Reef (16-068),2021,1,8.320355891
Thetford Reef (16-068),2021,0,0
Thetford Reef (16-068),2021,0,0
Thetford Reef (16-068),2021,0,0
Thetford Reef (16-068),2021,0,0
Thetford Reef (16-068),2021,0,0
Thetford Reef (16-068),2021,0,0
Thetford Reef (16-068),2021,1,7.976973139
Thetford Reef (16-068),2021,0,0
Thetford Reef (16-068),2021,1,8.364922535
Thetford Reef (16-068),2021,1,40.75182326
Green Island Reef (16-049),2021,0,0
Green Island Reef (16-049),2021,0,0
Green Island Reef (16-049),2021,0,0
Green Island Reef (16-049),2021,1,8.713521208
Green Island Reef (16-049),2021,0,0
Green Island Reef (16-049),2021,0,0
Green Island Reef (16-049),2021,0,0
Green Island Reef (16-049),2021,0,0
Green Island Reef (16-049),2021,1,7.950737233
Green Island Reef (16-049),2021,1,8.511785278
Green Island Reef (16-049),2021,0,0
Green Island Reef (16-049),2021,0,0
Green Island Reef (16-049),2021,1,7.785524376
Green Island Reef (16-049),2021,1,17.67994819
Green Island Reef (16-049),2021,1,8.937708642
Green Island Reef (16-049),2021,0,0
Green Island Reef (16-049),2021,0,0
Green Island Reef (16-049),2021,1,35.72704687
Green Island Reef (16-049),2021,0,0
Green Island Reef (16-049),2021,1,8.016835356
Green Island Reef (16-049),2021,0,0
Green Island Reef (16-049),2021,1,25.26491629
Green Island Reef (16-049),2021,1,16.99856363
Green Island Reef (16-049),2021,1,24.58892109
Green Island Reef (16-049),2021,1,27.04461014
Green Island Reef (16-049),2021,1,8.497030997
Green Island Reef (16-049),2021,1,16.84260297
Green Island Reef (16-049),2021,1,7.826614404
Green Island Reef (16-049),2021,1,24.9823287
Green Island Reef (16-049),2021,1,50.84776416
Green Island Reef (16-049),2021,0,0
Green Island Reef (16-049),2021,1,17.13674848
Green Island Reef (16-049),2021,0,0
Green Island Reef (16-049),2021,1,8.687782807
Green Island Reef (16-049),2021,1,40.00915787
Batt Reef (16-029),2021,1,9.055578616
Batt Reef (16-029),2021,1,16.15321737
Batt Reef (16-029),2021,1,36.14348978
Batt Reef (16-029),2021,1,35.75174004
Batt Reef (16-029),2021,1,43.50079098
Batt Reef (16-029),2021,1,17.32311656
Batt Reef (16-029),2021,0,0
Batt Reef (16-029),2021,1,25.24417768
Batt Reef (16-029),2021,1,17.01956051
Batt Reef (16-029),2021,1,34.23375273
Batt Reef (16-029),2021,1,48.75712917
Batt Reef (16-029),2021,1,15.77602256
Batt Reef (16-029),2021,1,23.70684328
Batt Reef (16-029),2021,1,7.923605876
Batt Reef (16-029),2021,1,18.30987636
Batt Reef (16-029),2021,1,18.33174969
Batt Reef (16-029),2021,1,16.53198938
Batt Reef (16-029),2021,0,0
Batt Reef (16-029),2021,1,25.27403251
Batt Reef (16-029),2021,1,40.80331878
Batt Reef (16-029),2021,1,8.924149196
Batt Reef (16-029),2021,0,0
Batt Reef (16-029),2021,1,19.23280349
Batt Reef (16-029),2021,1,25.74006046
Batt Reef (16-029),2021,1,56.82770121
Batt Reef (16-029),2021,1,54.99399324
Batt Reef (16-029),2021,1,101.5547834
Batt Reef (16-029),2021,1,56.08282321
Batt Reef (16-029),2021,1,108.1431742
Batt Reef (16-029),2021,1,116.2693583
Batt Reef (16-029),2021,1,59.09468864
Batt Reef (16-029),2021,1,118.8062745
Batt Reef (16-029),2021,1,107.1466596
Batt Reef (16-029),2021,1,89.3265256
Batt Reef (16-029),2021,1,57.99482169
Batt Reef (16-029),2021,1,468.3209159
Tongue Reef (16-026),2021,1,15.99189745
Tongue Reef (16-026),2021,1,41.7274647
Tongue Reef (16-026),2021,1,57.04520814
Tongue Reef (16-026),2021,1,23.50365872
Tongue Reef (16-026),2021,1,24.58819166
Tongue Reef (16-026),2021,1,40.67764972
Tongue Reef (16-026),2021,1,31.45110751
Tongue Reef (16-026),2021,1,25.55482706
Tongue Reef (16-026),2021,1,54.48639742
Tongue Reef (16-026),2021,1,17.86953454
Tongue Reef (16-026),2021,1,46.83461112
Tongue Reef (16-026),2021,1,44.17438094
Tongue Reef (16-026),2021,0,0
Tongue Reef (16-026),2021,0,0
Tongue Reef (16-026),2021,0,0
Tongue Reef (16-026),2021,0,0
Tongue Reef (16-026),2021,0,0
Tongue Reef (16-026),2021,0,0
Tongue Reef (16-026),2021,0,0
Tongue Reef (16-026),2021,0,0
Tongue Reef (16-026),2021,0,0
Tongue Reef (16-026),2021,0,0
Tongue Reef (16-026),2021,0,0
Tongue Reef (16-026),2021,0,0
Tongue Reef (16-026),2021,1,16.33381973
Tongue Reef (16-026),2021,1,44.77244429
Tongue Reef (16-026),2021,1,7.465704421
Tongue Reef (16-026),2021,0,0
Tongue Reef (16-026),2021,1,16.81397979
Tongue Reef (16-026),2021,1,9.158976944
Tongue Reef (16-026),2021,0,0
Tongue Reef (16-026),2021,1,8.096280975
Tongue Reef (16-026),2021,0,0
Tongue Reef (16-026),2021,1,16.29071941
Tongue Reef (16-026),2021,0,0
Tongue Reef (16-026),2021,1,8.08034013
Rudder Reef (16-023),2021,0,0
Rudder Reef (16-023),2021,1,8.932279922
Rudder Reef (16-023),2021,1,16.23688534
Rudder Reef (16-023),2021,1,8.376437084
Rudder Reef (16-023),2021,1,16.96848238
Rudder Reef (16-023),2021,0,0
Rudder Reef (16-023),2021,0,0
Rudder Reef (16-023),2021,1,33.98060024
Rudder Reef (16-023),2021,0,0
Rudder Reef (16-023),2021,1,8.195926353
Rudder Reef (16-023),2021,0,0
Rudder Reef (16-023),2021,0,0
Rudder Reef (16-023),2021,1,7.857280361
Rudder Reef (16-023),2021,0,0
Rudder Reef (16-023),2021,1,8.225724859
Rudder Reef (16-023),2021,0,0
Rudder Reef (16-023),2021,0,0
Rudder Reef (16-023),2021,0,0
Rudder Reef (16-023),2021,1,8.947678452
Rudder Reef (16-023),2021,0,0
Rudder Reef (16-023),2021,0,0
Rudder Reef (16-023),2021,1,8.284809665
Rudder Reef (16-023),2021,0,0
Rudder Reef (16-023),2021,0,0
Rudder Reef (16-023),2021,1,9.890463124
Rudder Reef (16-023),2021,0,0
Rudder Reef (16-023),2021,0,0
Rudder Reef (16-023),2021,0,0
Rudder Reef (16-023),2021,1,9.523764175
Rudder Reef (16-023),2021,1,9.131016391
Rudder Reef (16-023),2021,0,0
Rudder Reef (16-023),2021,0,0
Rudder Reef (16-023),2021,0,0
Rudder Reef (16-023),2021,0,0
Rudder Reef (16-023),2021,1,8.275873485
Rudder Reef (16-023),2021,0,0
Undine Reef (West) (16-020a),2021,0,0
Undine Reef (West) (16-020a),2021,0,0
Undine Reef (West) (16-020a),2021,1,15.57223701
Undine Reef (West) (16-020a),2021,1,16.40296793
Undine Reef (West) (16-020a),2021,1,7.47740888
Undine Reef (West) (16-020a),2021,1,8.619884639
Undine Reef (West) (16-020a),2021,1,16.75073531
Undine Reef (West) (16-020a),2021,1,8.593440056
Undine Reef (West) (16-020a),2021,1,18.71572684
Undine Reef (West) (16-020a),2021,1,7.481847169
Undine Reef (West) (16-020a),2021,0,0
Undine Reef (West) (16-020a),2021,1,9.776493077
Undine Reef (West) (16-020a),2021,0,0
Undine Reef (West) (16-020a),2021,0,0
Undine Reef (West) (16-020a),2021,0,0
Undine Reef (West) (16-020a),2021,0,0
Undine Reef (West) (16-020a),2021,0,0
Undine Reef (West) (16-020a),2021,0,0
Undine Reef (West) (16-020a),2021,0,0
Undine Reef (West) (16-020a),2021,0,0
Undine Reef (West) (16-020a),2021,0,0
Undine Reef (West) (16-020a),2021,1,8.601817566
Undine Reef (West) (16-020a),2021,1,8.379619092
Undine Reef (West) (16-020a),2021,0,0
Undine Reef (West) (16-020a),2021,0,0
Undine Reef (West) (16-020a),2021,1,8.655822846
Undine Reef (West) (16-020a),2021,1,24.62827182
Undine Reef (West) (16-020a),2021,0,0
Undine Reef (West) (16-020a),2021,0,0
Undine Reef (West) (16-020a),2021,1,16.73315938
Undine Reef (West) (16-020a),2021,1,25.84576687
Undine Reef (West) (16-020a),2021,0,0
Undine Reef (West) (16-020a),2021,1,8.075533155
Undine Reef (West) (16-020a),2021,0,0
Undine Reef (West) (16-020a),2021,0,0
Undine Reef (West) (16-020a),2021,0,0
Cairns Reef (15-086),2021,0,0
Cairns Reef (15-086),2021,0,0
Cairns Reef (15-086),2021,0,0
Cairns Reef (15-086),2021,0,0
Cairns Reef (15-086),2021,0,0
Cairns Reef (15-086),2021,1,16.65209609
Cairns Reef (15-086),2021,0,0
Cairns Reef (15-086),2021,0,0
Cairns Reef (15-086),2021,0,0
Cairns Reef (15-086),2021,0,0
Cairns Reef (15-086),2021,0,0
Cairns Reef (15-086),2021,0,0
Cairns Reef (15-086),2021,0,0
Cairns Reef (15-086),2021,0,0
Cairns Reef (15-086),2021,0,0
Cairns Reef (15-086),2021,0,0
Cairns Reef (15-086),2021,0,0
Cairns Reef (15-086),2021,0,0
Cairns Reef (15-086),2021,0,0
Cairns Reef (15-086),2021,0,0
Cairns Reef (15-086),2021,0,0
Cairns Reef (15-086),2021,1,8.727310812
Cairns Reef (15-086),2021,0,0
Cairns Reef (15-086),2021,0,0
Cairns Reef (15-086),2021,0,0
Cairns Reef (15-086),2021,1,7.952170347
Cairns Reef (15-086),2021,0,0
Cairns Reef (15-086),2021,0,0
Cairns Reef (15-086),2021,0,0
Cairns Reef (15-086),2021,0,0
Cairns Reef (15-086),2021,1,7.645542459
Cairns Reef (15-086),2021,0,0
Cairns Reef (15-086),2021,0,0
Cairns Reef (15-086),2021,0,0
Cairns Reef (15-086),2021,0,0
Cairns Reef (15-086),2021,0,0
Osterlund Reef (15-078),2021,0,0
Osterlund Reef (15-078),2021,1,8.600140757
Osterlund Reef (15-078),2021,0,0
Osterlund Reef (15-078),2021,0,0
Osterlund Reef (15-078),2021,0,0
Osterlund Reef (15-078),2021,0,0
Osterlund Reef (15-078),2021,0,0
Osterlund Reef (15-078),2021,0,0
Osterlund Reef (15-078),2021,0,0
Osterlund Reef (15-078),2021,0,0
Osterlund Reef (15-078),2021,0,0
Osterlund Reef (15-078),2021,0,0
Osterlund Reef (15-078),2021,0,0
Osterlund Reef (15-078),2021,0,0
Osterlund Reef (15-078),2021,0,0
Osterlund Reef (15-078),2021,0,0
Osterlund Reef (15-078),2021,0,0
Osterlund Reef (15-078),2021,0,0
Osterlund Reef (15-078),2021,0,0
Osterlund Reef (15-078),2021,0,0
Osterlund Reef (15-078),2021,0,0
Osterlund Reef (15-078),2021,0,0
Osterlund Reef (15-078),2021,0,0
Osterlund Reef (15-078),2021,0,0
Osterlund Reef (15-078),2021,0,0
Osterlund Reef (15-078),2021,0,0
Osterlund Reef (15-078),2021,0,0
Osterlund Reef (15-078),2021,0,0
Osterlund Reef (15-078),2021,0,0
Osterlund Reef (15-078),2021,0,0
Osterlund Reef (15-078),2021,0,0
Osterlund Reef (15-078),2021,0,0
Osterlund Reef (15-078),2021,0,0
Osterlund Reef (15-078),2021,0,0
Osterlund Reef (15-078),2021,0,0
Osterlund Reef (15-078),2021,0,0
Davie Reef (13-130),2021,0,0
Davie Reef (13-130),2021,0,0
Davie Reef (13-130),2021,0,0
Davie Reef (13-130),2021,0,0
Davie Reef (13-130),2021,0,0
Davie Reef (13-130),2021,0,0
Davie Reef (13-130),2021,0,0
Davie Reef (13-130),2021,0,0
Davie Reef (13-130),2021,0,0
Davie Reef (13-130),2021,1,8.292206295
Davie Reef (13-130),2021,0,0
Davie Reef (13-130),2021,0,0
Davie Reef (13-130),2021,0,0
Davie Reef (13-130),2021,0,0
Davie Reef (13-130),2021,0,0
Davie Reef (13-130),2021,0,0
Davie Reef (13-130),2021,0,0
Davie Reef (13-130),2021,0,0
Davie Reef (13-130),2021,0,0
Davie Reef (13-130),2021,0,0
Davie Reef (13-130),2021,0,0
Davie Reef (13-130),2021,0,0
Davie Reef (13-130),2021,0,0
Davie Reef (13-130),2021,0,0
Davie Reef (13-130),2021,0,0
Davie Reef (13-130),2021,0,0
Davie Reef (13-130),2021,0,0
Davie Reef (13-130),2021,0,0
Davie Reef (13-130),2021,0,0
Davie Reef (13-130),2021,0,0
Davie Reef (13-130),2021,1,7.796186886
Davie Reef (13-130),2021,0,0
Davie Reef (13-130),2021,0,0
Davie Reef (13-130),2021,0,0
Davie Reef (13-130),2021,0,0
Davie Reef (13-130),2021,0,0
Corbett Reef (14-016),2021,1,9.182328916
Corbett Reef (14-016),2021,0,0
Corbett Reef (14-016),2021,0,0
Corbett Reef (14-016),2021,0,0
Corbett Reef (14-016),2021,0,0
Corbett Reef (14-016),2021,0,0
Corbett Reef (14-016),2021,0,0
Corbett Reef (14-016),2021,0,0
Corbett Reef (14-016),2021,0,0
Corbett Reef (14-016),2021,1,32.67368797
Corbett Reef (14-016),2021,0,0
Corbett Reef (14-016),2021,0,0
Corbett Reef (14-016),2021,0,0
Corbett Reef (14-016),2021,1,8.742876379
Corbett Reef (14-016),2021,0,0
Corbett Reef (14-016),2021,0,0
Corbett Reef (14-016),2021,0,0
Corbett Reef (14-016),2021,0,0
Corbett Reef (14-016),2021,0,0
Corbett Reef (14-016),2021,0,0
Corbett Reef (14-016),2021,0,0
Corbett Reef (14-016),2021,0,0
Corbett Reef (14-016),2021,0,0
Corbett Reef (14-016),2021,0,0
Corbett Reef (14-016),2021,0,0
Corbett Reef (14-016),2021,0,0
Corbett Reef (14-016),2021,0,0
Corbett Reef (14-016),2021,0,0
Corbett Reef (14-016),2021,1,308.4267342
Corbett Reef (14-016),2021,0,0
Corbett Reef (14-016),2021,1,10.17326771
Corbett Reef (14-016),2021,0,0
Corbett Reef (14-016),2021,0,0
Corbett Reef (14-016),2021,0,0
Corbett Reef (14-016),2021,0,0
Corbett Reef (14-016),2021,0,0
U/N Reef (13-124),2021,0,0
U/N Reef (13-124),2021,0,0
U/N Reef (13-124),2021,0,0
U/N Reef (13-124),2021,0,0
U/N Reef (13-124),2021,0,0
U/N Reef (13-124),2021,0,0
U/N Reef (13-124),2021,1,8.295714574
U/N Reef (13-124),2021,0,0
U/N Reef (13-124),2021,0,0
U/N Reef (13-124),2021,0,0
U/N Reef (13-124),2021,0,0
U/N Reef (13-124),2021,0,0
U/N Reef (13-124),2021,1,8.218063579
U/N Reef (13-124),2021,0,0
U/N Reef (13-124),2021,1,27.09512224
U/N Reef (13-124),2021,0,0
U/N Reef (13-124),2021,1,17.46196204
U/N Reef (13-124),2021,1,8.555527514
U/N Reef (13-124),2021,1,7.967968767
U/N Reef (13-124),2021,1,8.397962656
U/N Reef (13-124),2021,1,17.43005466
U/N Reef (13-124),2021,1,23.91988154
U/N Reef (13-124),2021,1,7.976973139
U/N Reef (13-124),2021,1,16.88461205
U/N Reef (13-124),2021,1,17.54267989
U/N Reef (13-124),2021,0,0
U/N Reef (13-124),2021,0,0
U/N Reef (13-124),2021,1,17.65642752
U/N Reef (13-124),2021,0,0
U/N Reef (13-124),2021,0,0
U/N Reef (13-124),2021,0,0
U/N Reef (13-124),2021,0,0
U/N Reef (13-124),2021,0,0
U/N Reef (13-124),2021,0,0
U/N Reef (13-124),2021,0,0
U/N Reef (13-124),2021,1,8.710080614
Clack Reef (14-017),2021,0,0
Clack Reef (14-017),2021,0,0
Clack Reef (14-017),2021,0,0
Clack Reef (14-017),2021,0,0
Clack Reef (14-017),2021,0,0
Clack Reef (14-017),2021,0,0
Clack Reef (14-017),2021,1,16.87535902
Clack Reef (14-017),2021,0,0
Clack Reef (14-017),2021,1,16.11309244
Clack Reef (14-017),2021,0,0
Clack Reef (14-017),2021,0,0
Clack Reef (14-017),2021,1,8.336077294
Clack Reef (14-017),2021,1,7.913301866
Clack Reef (14-017),2021,0,0
Clack Reef (14-017),2021,0,0
Clack Reef (14-017),2021,0,0
Clack Reef (14-017),2021,0,0
Clack Reef (14-017),2021,1,8.071101021
Clack Reef (14-017),2021,1,16.88836518
Clack Reef (14-017),2021,0,0
Clack Reef (14-017),2021,0,0
Clack Reef (14-017),2021,1,7.967249295
Clack Reef (14-017),2021,0,0
Clack Reef (14-017),2021,0,0
Clack Reef (14-017),2021,0,0
Clack Reef (14-017),2021,0,0
Clack Reef (14-017),2021,0,0
Clack Reef (14-017),2021,0,0
Clack Reef (14-017),2021,1,27.11108774
Clack Reef (14-017),2021,0,0
Clack Reef (14-017),2021,1,8.491307026
Clack Reef (14-017),2021,1,22.99908568
Clack Reef (14-017),2021,0,0
Clack Reef (14-017),2021,0,0
Clack Reef (14-017),2021,1,15.45547279
Clack Reef (14-017),2021,1,15.76208806
Bowden Reef (19-019),2021,1,96.86616275
Bowden Reef (19-019),2021,1,229.8603926
Bowden Reef (19-019),2021,1,170.0928091
Bowden Reef (19-019),2021,1,238.4923514
Bowden Reef (19-019),2021,1,243.5818327
Bowden Reef (19-019),2021,1,350.6255776
Bowden Reef (19-019),2021,1,200.6662843
Bowden Reef (19-019),2021,1,215.3750405
Bowden Reef (19-019),2021,1,364.4558115
Bowden Reef (19-019),2021,1,195.0484755
Bowden Reef (19-019),2021,1,142.913588
Bowden Reef (19-019),2021,1,104.3627515
Bowden Reef (19-019),2021,0,0
Bowden Reef (19-019),2021,1,14.86005544
Bowden Reef (19-019),2021,1,22.19254427
Bowden Reef (19-019),2021,1,8.021937326
Bowden Reef (19-019),2021,1,31.70328783
Bowden Reef (19-019),2021,1,22.28552353
Bowden Reef (19-019),2021,1,29.34451692
Bowden Reef (19-019),2021,1,36.61616275
Bowden Reef (19-019),2021,1,51.90902564
Bowden Reef (19-019),2021,1,7.664137077
Bowden Reef (19-019),2021,1,45.56367046
Bowden Reef (19-019),2021,1,7.656489067
Bowden Reef (19-019),2021,1,94.13117582
Bowden Reef (19-019),2021,1,127.6447814
Bowden Reef (19-019),2021,1,154.5771505
Bowden Reef (19-019),2021,1,290.9612948
Bowden Reef (19-019),2021,1,251.5140776
Bowden Reef (19-019),2021,1,386.3271255
Bowden Reef (19-019),2021,1,198.0134369
Bowden Reef (19-019),2021,1,59.65371078
Bowden Reef (19-019),2021,1,82.06160003
Bowden Reef (19-019),2021,1,83.66618483
Bowden Reef (19-019),2021,1,384.3369695
Bowden Reef (19-019),2021,1,227.008041
Davies Reef (18-096),2021,1,83.47864418
Davies Reef (18-096),2021,1,62.09649665
Davies Reef (18-096),2021,1,933.8502601
Davies Reef (18-096),2021,1,37.55633811
Davies Reef (18-096),2021,1,46.09205803
Davies Reef (18-096),2021,1,95.44830465
Davies Reef (18-096),2021,1,50.83141339
Davies Reef (18-096),2021,1,36.5858685
Davies Reef (18-096),2021,1,127.2038931
Davies Reef (18-096),2021,1,31.01158502
Davies Reef (18-096),2021,1,30.72083528
Davies Reef (18-096),2021,1,90.77225191
Davies Reef (18-096),2021,1,114.7169596
Davies Reef (18-096),2021,1,211.0568252
Davies Reef (18-096),2021,1,81.27485849
Davies Reef (18-096),2021,1,37.06381815
Davies Reef (18-096),2021,1,119.1642781
Davies Reef (18-096),2021,1,149.8721623
Davies Reef (18-096),2021,1,29.62034135
Davies Reef (18-096),2021,1,127.1650983
Davies Reef (18-096),2021,1,394.4545814
Davies Reef (18-096),2021,1,239.2697858
Davies Reef (18-096),2021,1,138.7746292
Davies Reef (18-096),2021,1,78.06784343
Davies Reef (18-096),2021,0,0
Davies Reef (18-096),2021,1,14.77483158
Davies Reef (18-096),2021,1,38.47997896
Davies Reef (18-096),2021,1,7.774548462
Davies Reef (18-096),2021,1,15.14202278
Davies Reef (18-096),2021,1,7.690523098
Davies Reef (18-096),2021,0,0
Davies Reef (18-096),2021,1,7.386024412
Davies Reef (18-096),2021,1,15.17178252
Davies Reef (18-096),2021,1,7.708663897
Davies Reef (18-096),2021,1,38.82339355
Davies Reef (18-096),2021,0,0
Lizard Island Reef (North West) (14-116a),2021,1,23.86882663
Lizard Island Reef (North West) (14-116a),2021,1,29.9261238
Lizard Island Reef (North West) (14-116a),2021,1,22.64519409
Lizard Island Reef (North West) (14-116a),2021,1,7.478676425
Lizard Island Reef (North West) (14-116a),2021,1,38.65520721
Lizard Island Reef (North West) (14-116a),2021,1,23.40173886
Lizard Island Reef (North West) (14-116a),2021,1,22.56032069
Lizard Island Reef (North West) (14-116a),2021,1,22.68888595
Lizard Island Reef (North West) (14-116a),2021,1,37.36647301
Lizard Island Reef (North West) (14-116a),2021,0,0
Lizard Island Reef (North West) (14-116a),2021,1,7.253954918
Lizard Island Reef (North West) (14-116a),2021,0,0
Lizard Island Reef (North West) (14-116a),2021,1,14.77545011
Lizard Island Reef (North West) (14-116a),2021,1,15.34593577
Lizard Island Reef (North West) (14-116a),2021,1,29.76058041
Lizard Island Reef (Lagoon) (14-116d),2021,0,0
Lizard Island Reef (Lagoon) (14-116d),2021,1,7.616832694
Lizard Island Reef (Lagoon) (14-116d),2021,0,0
Lizard Island Reef (Lagoon) (14-116d),2021,0,0
Lizard Island Reef (Lagoon) (14-116d),2021,1,14.88167729
Lizard Island Reef (Lagoon) (14-116d),2021,0,0
Lizard Island Reef (Lagoon) (14-116d),2021,1,7.361683176
Lizard Island Reef (Lagoon) (14-116d),2021,0,0
Lizard Island Reef (Lagoon) (14-116d),2021,0,0
Lizard Island Reef (Lagoon) (14-116d),2021,0,0
Lizard Island Reef (Lagoon) (14-116d),2021,1,15.05639228
Lizard Island Reef (Lagoon) (14-116d),2021,0,0
Lizard Island Reef (Lagoon) (14-116d),2021,0,0
Lizard Island Reef (Lagoon) (14-116d),2021,1,7.509226964
Lizard Island Reef (Lagoon) (14-116d),2021,0,0
Lizard Island Reef (Lagoon) (14-116d),2021,1,7.364140808
Lizard Island Reef (Lagoon) (14-116d),2021,0,0
Lizard Island Reef (Lagoon) (14-116d),2021,0,0
Lizard Island Reef (Lagoon) (14-116d),2021,1,7.541639277
Lizard Island Reef (Lagoon) (14-116d),2021,0,0
Lizard Island Reef (Lagoon) (14-116d),2021,1,22.61102663
Lizard Island Reef (Lagoon) (14-116d),2021,1,7.529733034
Lizard Island Reef (Lagoon) (14-116d),2021,1,14.9576698
Lizard Island Reef (Lagoon) (14-116d),2021,1,7.500928241
Lizard Island Reef (Lagoon) (14-116d),2021,0,0
Lizard Island Reef (Lagoon) (14-116d),2021,1,99.03464497
Lizard Island Reef (Lagoon) (14-116d),2021,1,7.453721706
Lizard Island Reef (Lagoon) (14-116d),2021,1,23.25643096
Lizard Island Reef (Lagoon) (14-116d),2021,0,0
Lizard Island Reef (Lagoon) (14-116d),2021,1,7.621108949
Yonge Reef (14-138),2021,0,0
Yonge Reef (14-138),2021,0,0
Yonge Reef (14-138),2021,0,0
Yonge Reef (14-138),2021,0,0
Yonge Reef (14-138),2021,0,0
Yonge Reef (14-138),2021,0,0
Yonge Reef (14-138),2021,0,0
Yonge Reef (14-138),2021,0,0
Yonge Reef (14-138),2021,0,0
Yonge Reef (14-138),2021,0,0
Yonge Reef (14-138),2021,0,0
Yonge Reef (14-138),2021,0,0
Yonge Reef (14-138),2021,0,0
Yonge Reef (14-138),2021,0,0
Yonge Reef (14-138),2021,0,0
Yonge Reef (14-138),2021,0,0
Yonge Reef (14-138),2021,0,0
Yonge Reef (14-138),2021,0,0
Yonge Reef (14-138),2021,0,0
Yonge Reef (14-138),2021,0,0
Yonge Reef (14-138),2021,0,0
Yonge Reef (14-138),2021,0,0
Yonge Reef (14-138),2021,0,0
Yonge Reef (14-138),2021,0,0
Yonge Reef (14-138),2021,0,0
Yonge Reef (14-138),2021,0,0
Yonge Reef (14-138),2021,0,0
Yonge Reef (14-138),2021,0,0
Yonge Reef (14-138),2021,0,0
Yonge Reef (14-138),2021,0,0
Yonge Reef (14-138),2021,0,0
Yonge Reef (14-138),2021,0,0
Yonge Reef (14-138),2021,0,0
Yonge Reef (14-138),2021,0,0
Yonge Reef (14-138),2021,0,0
Yonge Reef (14-138),2021,0,0
Lizard Island Reef (Lagoon) (14-116d),2021,0,0
Lizard Island Reef (Lagoon) (14-116d),2021,0,0
Lizard Island Reef (Lagoon) (14-116d),2021,0,0
Lizard Island Reef (Lagoon) (14-116d),2021,0,0
Lizard Island Reef (Lagoon) (14-116d),2021,0,0
Lizard Island Reef (Lagoon) (14-116d),2021,1,7.653168604
Lizard Island Reef (Lagoon) (14-116d),2021,0,0
Lizard Island Reef (Lagoon) (14-116d),2021,1,7.717766428
Lizard Island Reef (Lagoon) (14-116d),2021,0,0
Lizard Island Reef (Lagoon) (14-116d),2021,0,0
Lizard Island Reef (Lagoon) (14-116d),2021,0,0
Lizard Island Reef (Lagoon) (14-116d),2021,0,0
Lizard Island Reef (Lagoon) (14-116d),2021,0,0
Lizard Island Reef (Lagoon) (14-116d),2021,0,0
Lizard Island Reef (Lagoon) (14-116d),2021,0,0
Eyrie Reef (14-118),2021,1,7.542606298
Eyrie Reef (14-118),2021,1,7.699246887
Eyrie Reef (14-118),2021,1,7.77283627
Eyrie Reef (14-118),2021,1,7.776946798
Eyrie Reef (14-118),2021,1,7.486925957
Eyrie Reef (14-118),2021,1,15.60926879
Eyrie Reef (14-118),2021,0,0
Eyrie Reef (14-118),2021,0,0
Eyrie Reef (14-118),2021,1,7.616832694
Eyrie Reef (14-118),2021,1,7.317724628
Eyrie Reef (14-118),2021,0,0
Eyrie Reef (14-118),2021,0,0
Eyrie Reef (14-118),2021,0,0
Eyrie Reef (14-118),2021,0,0
Eyrie Reef (14-118),2021,0,0
Eyrie Reef (14-118),2021,1,15.11137081
Eyrie Reef (14-118),2021,0,0
Eyrie Reef (14-118),2021,1,7.592255395
Eyrie Reef (14-118),2021,1,7.535198799
Eyrie Reef (14-118),2021,0,0
Eyrie Reef (14-118),2021,1,7.713381046
Eyrie Reef (14-118),2021,1,7.679479025
Eyrie Reef (14-118),2021,1,15.46563151
Eyrie Reef (14-118),2021,1,7.629346026
Eyrie Reef (14-118),2021,1,44.28141029
Eyrie Reef (14-118),2021,1,22.59236374
Eyrie Reef (14-118),2021,1,15.12558824
Eyrie Reef (14-118),2021,1,38.13079398
Eyrie Reef (14-118),2021,1,7.533912023
Eyrie Reef (14-118),2021,1,70.45819344
Eyrie Reef (14-118),2021,1,22.41797825
Eyrie Reef (14-118),2021,1,22.53535236
Eyrie Reef (14-118),2021,1,15.20577212
Eyrie Reef (14-118),2021,1,30.18707219
Eyrie Reef (14-118),2021,0,0
Eyrie Reef (14-118),2021,1,7.531982683
Lizard Island Reef (Lagoon) (14-116d),2021,0,0
Lizard Island Reef (Lagoon) (14-116d),2021,1,134.3079777
Lizard Island Reef (Lagoon) (14-116d),2021,0,0
Lizard Island Reef (Lagoon) (14-116d),2021,1,22.41513074
Lizard Island Reef (Lagoon) (14-116d),2021,1,7.520106887
Lizard Island Reef (Lagoon) (14-116d),2021,0,0
Lizard Island Reef (Lagoon) (14-116d),2021,0,0
Lizard Island Reef (Lagoon) (14-116d),2021,1,38.20623037
Lizard Island Reef (Lagoon) (14-116d),2021,0,0
Lizard Island Reef (Lagoon) (14-116d),2021,1,10.91716962
Lizard Island Reef (Lagoon) (14-116d),2021,0,0
Lizard Island Reef (Lagoon) (14-116d),2021,0,0
Lizard Island Reef (Lagoon) (14-116d),2021,1,11.69415117
Lizard Island Reef (Lagoon) (14-116d),2021,0,0
Lizard Island Reef (Lagoon) (14-116d),2021,0,0
Lizard Island Reef (North East) (14-116b),2021,0,0
Lizard Island Reef (North East) (14-116b),2021,0,0
Lizard Island Reef (North East) (14-116b),2021,1,20.58326103
Lizard Island Reef (North East) (14-116b),2021,0,0
Lizard Island Reef (North East) (14-116b),2021,0,0
Lizard Island Reef (North East) (14-116b),2021,0,0
Lizard Island Reef (North East) (14-116b),2021,0,0
Lizard Island Reef (North East) (14-116b),2021,0,0
Lizard Island Reef (North East) (14-116b),2021,0,0
Lizard Island Reef (North East) (14-116b),2021,0,0
Lizard Island Reef (North East) (14-116b),2021,0,0
Lizard Island Reef (North East) (14-116b),2021,0,0
Lizard Island Reef (North East) (14-116b),2021,1,13.3039759
Lizard Island Reef (North East) (14-116b),2021,0,0
Lizard Island Reef (North East) (14-116b),2021,1,9.51503455
Lizard Island Reef (North West) (14-116a),2021,1,80.71709668
Lizard Island Reef (North West) (14-116a),2021,1,16.15587186
Lizard Island Reef (North West) (14-116a),2021,1,112.9593113
Lizard Island Reef (North West) (14-116a),2021,1,70.24272307
Lizard Island Reef (North West) (14-116a),2021,1,32.75422906
Lizard Island Reef (North West) (14-116a),2021,1,26.17698672
Lizard Island Reef (North West) (14-116a),2021,1,19.22753009
Lizard Island Reef (North West) (14-116a),2021,1,188.032815
Lizard Island Reef (North West) (14-116a),2021,1,208.0584115
Lizard Island Reef (North West) (14-116a),2021,1,14.19543807
Lizard Island Reef (North West) (14-116a),2021,1,25.41204644
Lizard Island Reef (North West) (14-116a),2021,1,61.07955234
Lizard Island Reef (North West) (14-116a),2021,1,366.2362766
Lizard Island Reef (North West) (14-116a),2021,1,29.67305249
Lizard Island Reef (North West) (14-116a),2021,1,54.61393924
North Direction Reef (14-143),2021,0,0
North Direction Reef (14-143),2021,0,0
North Direction Reef (14-143),2021,0,0
North Direction Reef (14-143),2021,1,7.62703785
North Direction Reef (14-143),2021,1,22.7423295
North Direction Reef (14-143),2021,1,39.16955341
North Direction Reef (14-143),2021,1,7.454036548
North Direction Reef (14-143),2021,0,0
North Direction Reef (14-143),2021,1,7.379846869
North Direction Reef (14-143),2021,1,7.97589154
North Direction Reef (14-143),2021,1,47.07297119
North Direction Reef (14-143),2021,1,7.430184133
North Direction Reef (14-143),2021,0,0
North Direction Reef (14-143),2021,0,0
North Direction Reef (14-143),2021,0,0
North Direction Reef (14-143),2021,0,0
North Direction Reef (14-143),2021,0,0
North Direction Reef (14-143),2021,0,0
North Direction Reef (14-143),2021,0,0
North Direction Reef (14-143),2021,0,0
North Direction Reef (14-143),2021,0,0
North Direction Reef (14-143),2021,1,7.568809945
North Direction Reef (14-143),2021,0,0
North Direction Reef (14-143),2021,0,0
North Direction Reef (14-143),2021,0,0
North Direction Reef (14-143),2021,1,7.567836193
North Direction Reef (14-143),2021,0,0
North Direction Reef (14-143),2021,0,0
North Direction Reef (14-143),2021,1,14.97353429
North Direction Reef (14-143),2021,0,0
North Direction Reef (14-143),2021,0,0
North Direction Reef (14-143),2021,0,0
North Direction Reef (14-143),2021,0,0
North Direction Reef (14-143),2021,0,0
North Direction Reef (14-143),2021,0,0
North Direction Reef (14-143),2021,0,0
Lizard Island Reef (Lagoon) (14-116d),2021,0,0
Lizard Island Reef (Lagoon) (14-116d),2021,0,0
Lizard Island Reef (Lagoon) (14-116d),2021,0,0
Lizard Island Reef (Lagoon) (14-116d),2021,0,0
Lizard Island Reef (Lagoon) (14-116d),2021,1,7.576283708
Lizard Island Reef (Lagoon) (14-116d),2021,0,0
Lizard Island Reef (Lagoon) (14-116d),2021,0,0
Lizard Island Reef (Lagoon) (14-116d),2021,0,0
Lizard Island Reef (Lagoon) (14-116d),2021,1,8.10520557
Lizard Island Reef (Lagoon) (14-116d),2021,0,0
Lizard Island Reef (Lagoon) (14-116d),2021,1,8.137722822
Lizard Island Reef (Lagoon) (14-116d),2021,1,7.703279929
Lizard Island Reef (Lagoon) (14-116d),2021,0,0
Lizard Island Reef (Lagoon) (14-116d),2021,0,0
Lizard Island Reef (Lagoon) (14-116d),2021,0,0
Lizard Island Reef (North East) (14-116b),2021,0,0
Lizard Island Reef (North East) (14-116b),2021,1,15.4914268
Lizard Island Reef (North East) (14-116b),2021,1,23.30003589
Lizard Island Reef (North East) (14-116b),2021,1,7.829392323
Lizard Island Reef (North East) (14-116b),2021,1,24.08223283
Lizard Island Reef (North East) (14-116b),2021,0,0
Lizard Island Reef (North East) (14-116b),2021,0,0
Lizard Island Reef (North East) (14-116b),2021,1,7.801701552
Lizard Island Reef (North East) (14-116b),2021,0,0
Lizard Island Reef (North East) (14-116b),2021,1,15.15484463
Lizard Island Reef (North East) (14-116b),2021,0,0
Lizard Island Reef (North East) (14-116b),2021,1,7.83251984
Lizard Island Reef (North East) (14-116b),2021,1,7.786898544
Lizard Island Reef (North East) (14-116b),2021,1,8.06004194
Lizard Island Reef (North East) (14-116b),2021,0,0
Lizard Island Reef (Lagoon) (14-116d),2021,1,32.11900227
Lizard Island Reef (Lagoon) (14-116d),2021,1,8.276261614
Lizard Island Reef (Lagoon) (14-116d),2021,1,15.96014028
Lizard Island Reef (Lagoon) (14-116d),2021,1,24.5283982
Lizard Island Reef (Lagoon) (14-116d),2021,1,16.07445937
Lizard Island Reef (Lagoon) (14-116d),2021,1,23.39062741
Lizard Island Reef (Lagoon) (14-116d),2021,1,38.88366432
Lizard Island Reef (Lagoon) (14-116d),2021,1,16.45336706
Lizard Island Reef (Lagoon) (14-116d),2021,1,15.94709817
Lizard Island Reef (Lagoon) (14-116d),2021,0,0
Lizard Island Reef (Lagoon) (14-116d),2021,1,32.79370055
Lizard Island Reef (Lagoon) (14-116d),2021,1,32.71140095
Lizard Island Reef (Lagoon) (14-116d),2021,1,25.01053425
Lizard Island Reef (Lagoon) (14-116d),2021,1,8.412775643
Lizard Island Reef (Lagoon) (14-116d),2021,1,7.769756225
McSweeney Reef (11-016),2021,1,1249.053622
McSweeney Reef (11-016),2021,1,2557.42274
McSweeney Reef (11-016),2021,1,1002.043137
McSweeney Reef (11-016),2021,1,1094.696511
McSweeney Reef (11-016),2021,1,2197.995275
McSweeney Reef (11-016),2021,1,1337.173208
McSweeney Reef (11-016),2021,1,2291.938604
McSweeney Reef (11-016),2021,1,1962.962351
McSweeney Reef (11-016),2021,1,3564.981501
McSweeney Reef (11-016),2021,1,2166.12333
McSweeney Reef (11-016),2021,1,2365.917417
McSweeney Reef (11-016),2021,1,2078.42823
McSweeney Reef (11-016),2021,1,657.3564968
McSweeney Reef (11-016),2021,1,936.1470858
McSweeney Reef (11-016),2021,1,369.8001725
McSweeney Reef (11-016),2021,1,425.5877085
McSweeney Reef (11-016),2021,1,906.7890526
McSweeney Reef (11-016),2021,1,741.1693293
McSweeney Reef (11-016),2021,1,668.9693295
McSweeney Reef (11-016),2021,1,707.8386797
McSweeney Reef (11-016),2021,1,549.3970068
McSweeney Reef (11-016),2021,1,551.0420966
McSweeney Reef (11-016),2021,1,418.1350194
McSweeney Reef (11-016),2021,1,387.9289513
McSweeney Reef (11-016),2021,1,189.9350248
McSweeney Reef (11-016),2021,1,7.785867872
McSweeney Reef (11-016),2021,1,158.6557166
McSweeney Reef (11-016),2021,1,420.002637
McSweeney Reef (11-016),2021,1,331.3578104
McSweeney Reef (11-016),2021,1,268.8382024
McSweeney Reef (11-016),2021,1,422.6086031
McSweeney Reef (11-016),2021,1,403.6596031
McSweeney Reef (11-016),2021,1,23.38138818
McSweeney Reef (11-016),2021,1,313.5243627
McSweeney Reef (11-016),2021,1,309.9245374
McSweeney Reef (11-016),2021,1,335.5038628
U/N Reef (11-049),2021,0,0
U/N Reef (11-049),2021,0,0
U/N Reef (11-049),2021,0,0
U/N Reef (11-049),2021,1,7.909400456
U/N Reef (11-049),2021,0,0
U/N Reef (11-049),2021,0,0
U/N Reef (11-049),2021,1,7.873054865
U/N Reef (11-049),2021,0,0
U/N Reef (11-049),2021,0,0
U/N Reef (11-049),2021,0,0
U/N Reef (11-049),2021,0,0
U/N Reef (11-049),2021,0,0
U/N Reef (11-049),2021,0,0
U/N Reef (11-049),2021,1,7.59421574
U/N Reef (11-049),2021,0,0
U/N Reef (11-049),2021,0,0
U/N Reef (11-049),2021,0,0
U/N Reef (11-049),2021,0,0
U/N Reef (11-049),2021,1,7.454036548
U/N Reef (11-049),2021,1,7.729936629
U/N Reef (11-049),2021,0,0
U/N Reef (11-049),2021,0,0
U/N Reef (11-049),2021,1,7.788616938
U/N Reef (11-049),2021,0,0
U/N Reef (11-049),2021,0,0
U/N Reef (11-049),2021,0,0
U/N Reef (11-049),2021,0,0
U/N Reef (11-049),2021,1,7.671800381
U/N Reef (11-049),2021,0,0
U/N Reef (11-049),2021,0,0
U/N Reef (11-049),2021,0,0
U/N Reef (11-049),2021,0,0
U/N Reef (11-049),2021,1,7.531982683
U/N Reef (11-049),2021,0,0
U/N Reef (11-049),2021,0,0
U/N Reef (11-049),2021,0,0
U/N Reef (11-162),2021,1,16.29159789
U/N Reef (11-162),2021,0,0
U/N Reef (11-162),2021,1,7.588337738
U/N Reef (11-162),2021,0,0
U/N Reef (11-162),2021,1,15.33260249
U/N Reef (11-162),2021,0,0
U/N Reef (11-162),2021,0,0
U/N Reef (11-162),2021,1,15.99465938
U/N Reef (11-162),2021,0,0
U/N Reef (11-162),2021,1,8.035818322
U/N Reef (11-162),2021,1,16.31418955
U/N Reef (11-162),2021,0,0
U/N Reef (11-162),2021,0,0
U/N Reef (11-162),2021,0,0
U/N Reef (11-162),2021,0,0
U/N Reef (11-162),2021,1,137.9554893
U/N Reef (11-162),2021,1,7.781747912
U/N Reef (11-162),2021,0,0
U/N Reef (11-162),2021,0,0
U/N Reef (11-162),2021,0,0
U/N Reef (11-162),2021,1,7.912237463
U/N Reef (11-162),2021,1,176.6576176
U/N Reef (11-162),2021,0,0
U/N Reef (11-162),2021,1,7.847845964
U/N Reef (11-162),2021,0,0
U/N Reef (11-162),2021,0,0
U/N Reef (11-162),2021,0,0
U/N Reef (11-162),2021,0,0
U/N Reef (11-162),2021,0,0
U/N Reef (11-162),2021,0,0
U/N Reef (11-162),2021,0,0
U/N Reef (11-162),2021,0,0
U/N Reef (11-162),2021,0,0
U/N Reef (11-162),2021,0,0
U/N Reef (11-162),2021,0,0
U/N Reef (11-162),2021,0,0
Mer Island,2022,0,0
Mer Island,2022,1,7.453406891
Mer Island,2022,1,14.84130931
Mer Island,2022,1,7.551643805
Mer Island,2022,0,0
Mer Island,2022,0,0
Mer Island,2022,1,7.611576194
Mer Island,2022,1,7.447116167
Mer Island,2022,1,23.43763067
Mer Island,2022,1,15.73733342
Mer Island,2022,1,3518.94152
Mer Island,2022,1,637.2611179
Mer Island,2022,1,1808.461776
Mer Island,2022,1,2979.213778
Mer Island,2022,1,1739.688928
Mer Island,2022,1,3952.690035
Mer Island,2022,1,892.1131099
Mer Island,2022,1,835.8847778
Mer Island,2022,1,859.3427407
Mer Island,2022,1,1422.983836
Mer Island,2022,1,1729.586043
Mer Island,2022,1,3034.899954
Mer Island,2022,1,198.5168801
Mer Island,2022,1,971.1259795
Mer Island,2022,1,126.9327744
Mer Island,2022,1,478.520131
Mer Island,2022,1,373.1191234
Mer Island,2022,1,432.4702097
Mer Island,2022,1,615.0616347
Mer Island,2022,1,232.3849999
Mer Island,2022,1,559.5277898
Mer Island,2022,1,370.933347
Mer Island,2022,1,332.1448539
Mer Island,2022,1,2955.774106
Mer Island,2022,1,262.1001419
Mer Island,2022,1,75.96788098
Mer Island,2022,1,365.4797358
Mer Island,2022,1,51.74965768
Mer Island,2022,1,196.5805767
Mer Island,2022,1,344.5822066
Mer Island,2022,1,99.29456019
Mer Island,2022,1,1764.583587
Mer Island,2022,1,369.9389784
Mer Island,2022,1,1246.84732
Mer Island,2022,1,532.2223087
Mer Island,2022,1,36.56301868
Erub Island,2022,1,269.5736647
Erub Island,2022,1,147.4893091
Erub Island,2022,1,298.936444
Erub Island,2022,1,119.8075977
Erub Island,2022,1,661.2954825
Erub Island,2022,1,152.0740391
Erub Island,2022,1,42.1586117
Erub Island,2022,1,401.3459166
Erub Island,2022,1,218.1662498
Erub Island,2022,1,255.6785091
Erub Island,2022,1,198.3427021
Erub Island,2022,1,219.3658246
Erub Island,2022,1,49.25928465
Erub Island,2022,1,31.37541409
Erub Island,2022,1,52.64894357
Erub Island,2022,1,54.20139876
Erub Island,2022,1,47.35189267
Erub Island,2022,1,75.87051004
Erub Island,2022,1,20.92742754
Erub Island,2022,1,65.9865553
Erub Island,2022,1,8.224958088
Erub Island,2022,1,39.15584784
Erub Island,2022,0,0
Erub Island,2022,1,30.5148725
Erub Island,2022,1,431.2262494
Erub Island,2022,1,1055.008064
Erub Island,2022,1,544.7592525
Erub Island,2022,1,883.0957156
Erub Island,2022,1,641.5154097
Erub Island,2022,1,921.6556158
Erub Island,2022,1,472.1740627
Erub Island,2022,1,445.2829539
Erub Island,2022,1,762.7703254
Erub Island,2022,1,959.577536
Erub Island,2022,1,553.6923996
Erub Island,2022,1,1213.702721
Erub Island,2022,1,47.04324436
Erub Island,2022,1,55.78800123
Erub Island,2022,1,47.07424149
Erub Island,2022,1,30.26695819
Erub Island,2022,1,31.5826792
Erub Island,2022,1,30.84425084
Erub Island,2022,1,31.69311586
Erub Island,2022,1,54.85457058
Erub Island,2022,1,41.39013257
Erub Island,2022,1,15.86403971
Erub Island,2022,1,44.5155057
Erub Island,2022,1,22.66644951
Ugar Island,2022,0,0
Ugar Island,2022,1,7.609606876
Ugar Island,2022,1,22.73127872
Ugar Island,2022,1,15.37401127
Ugar Island,2022,1,7.956472791
Ugar Island,2022,1,15.13210327
Ugar Island,2022,1,15.31179476
Ugar Island,2022,1,47.06848235
Ugar Island,2022,1,8.071470179
Ugar Island,2022,1,15.61272126
Ugar Island,2022,1,46.39302508
Ugar Island,2022,1,89.48610209
Ugar Island,2022,0,0
Ugar Island,2022,1,7.927877457
Ugar Island,2022,0,0
Ugar Island,2022,0,0
Ugar Island,2022,0,0
Ugar Island,2022,1,8.222658634
Ugar Island,2022,0,0
Ugar Island,2022,1,7.548413639
Ugar Island,2022,0,0
Ugar Island,2022,0,0
Ugar Island,2022,0,0
Ugar Island,2022,1,8.171637066
Ugar Island,2022,1,7.632975984
Ugar Island,2022,1,56.99170402
Ugar Island,2022,1,15.14023997
Ugar Island,2022,1,7.738750116
Ugar Island,2022,1,24.27847898
Ugar Island,2022,1,7.989613504
Ugar Island,2022,1,7.809296969
Ugar Island,2022,0,0
Ugar Island,2022,1,23.2764431
Ugar Island,2022,1,14.89140444
Ugar Island,2022,1,7.800666958
Ugar Island,2022,1,22.79949831
Rudder Reef (16-023),2022,0,0
Rudder Reef (16-023),2022,0,0
Rudder Reef (16-023),2022,0,0
Rudder Reef (16-023),2022,0,0
Rudder Reef (16-023),2022,0,0
Rudder Reef (16-023),2022,0,0
Rudder Reef (16-023),2022,0,0
Rudder Reef (16-023),2022,0,0
Rudder Reef (16-023),2022,0,0
Rudder Reef (16-023),2022,0,0
Rudder Reef (16-023),2022,1,8.11489597
Rudder Reef (16-023),2022,0,0
Rudder Reef (16-023),2022,0,0
Rudder Reef (16-023),2022,0,0
Rudder Reef (16-023),2022,0,0
Rudder Reef (16-023),2022,0,0
Rudder Reef (16-023),2022,0,0
Rudder Reef (16-023),2022,0,0
Rudder Reef (16-023),2022,0,0
Rudder Reef (16-023),2022,0,0
Rudder Reef (16-023),2022,0,0
Rudder Reef (16-023),2022,0,0
Rudder Reef (16-023),2022,0,0
Rudder Reef (16-023),2022,1,7.793088444
Rudder Reef (16-023),2022,0,0
Rudder Reef (16-023),2022,0,0
Rudder Reef (16-023),2022,0,0
Rudder Reef (16-023),2022,0,0
Rudder Reef (16-023),2022,0,0
Rudder Reef (16-023),2022,0,0
Rudder Reef (16-023),2022,0,0
Rudder Reef (16-023),2022,0,0
Rudder Reef (16-023),2022,0,0
Rudder Reef (16-023),2022,0,0
Rudder Reef (16-023),2022,0,0
Rudder Reef (16-023),2022,0,0
Undine Reef (West) (16-020a),2022,0,0
Undine Reef (West) (16-020a),2022,0,0
Undine Reef (West) (16-020a),2022,0,0
Undine Reef (West) (16-020a),2022,0,0
Undine Reef (West) (16-020a),2022,0,0
Undine Reef (West) (16-020a),2022,0,0
Undine Reef (West) (16-020a),2022,0,0
Undine Reef (West) (16-020a),2022,0,0
Undine Reef (West) (16-020a),2022,1,8.084782027
Undine Reef (West) (16-020a),2022,0,0
Undine Reef (West) (16-020a),2022,0,0
Undine Reef (West) (16-020a),2022,0,0
Undine Reef (West) (16-020a),2022,0,0
Undine Reef (West) (16-020a),2022,0,0
Undine Reef (West) (16-020a),2022,0,0
Undine Reef (West) (16-020a),2022,0,0
Undine Reef (West) (16-020a),2022,0,0
Undine Reef (West) (16-020a),2022,0,0
Undine Reef (West) (16-020a),2022,0,0
Undine Reef (West) (16-020a),2022,0,0
Undine Reef (West) (16-020a),2022,0,0
Undine Reef (West) (16-020a),2022,0,0
Undine Reef (West) (16-020a),2022,0,0
Undine Reef (West) (16-020a),2022,0,0
Undine Reef (West) (16-020a),2022,0,0
Undine Reef (West) (16-020a),2022,0,0
Undine Reef (West) (16-020a),2022,0,0
Undine Reef (West) (16-020a),2022,0,0
Undine Reef (West) (16-020a),2022,0,0
Undine Reef (West) (16-020a),2022,0,0
Undine Reef (West) (16-020a),2022,0,0
Undine Reef (West) (16-020a),2022,0,0
Undine Reef (West) (16-020a),2022,0,0
Undine Reef (West) (16-020a),2022,0,0
Undine Reef (West) (16-020a),2022,0,0
Undine Reef (West) (16-020a),2022,0,0
Cairns Reef (15-086),2022,1,7.526842318
Cairns Reef (15-086),2022,0,0
Cairns Reef (15-086),2022,0,0
Cairns Reef (15-086),2022,0,0
Cairns Reef (15-086),2022,0,0
Cairns Reef (15-086),2022,0,0
Cairns Reef (15-086),2022,0,0
Cairns Reef (15-086),2022,1,7.651841082
Cairns Reef (15-086),2022,0,0
Cairns Reef (15-086),2022,0,0
Cairns Reef (15-086),2022,1,23.06873817
Cairns Reef (15-086),2022,0,0
Cairns Reef (15-086),2022,0,0
Cairns Reef (15-086),2022,0,0
Cairns Reef (15-086),2022,0,0
Cairns Reef (15-086),2022,0,0
Cairns Reef (15-086),2022,0,0
Cairns Reef (15-086),2022,0,0
Cairns Reef (15-086),2022,1,7.773178071
Cairns Reef (15-086),2022,0,0
Cairns Reef (15-086),2022,0,0
Cairns Reef (15-086),2022,0,0
Cairns Reef (15-086),2022,0,0
Cairns Reef (15-086),2022,0,0
Cairns Reef (15-086),2022,0,0
Cairns Reef (15-086),2022,0,0
Cairns Reef (15-086),2022,0,0
Cairns Reef (15-086),2022,0,0
Cairns Reef (15-086),2022,0,0
Cairns Reef (15-086),2022,0,0
Cairns Reef (15-086),2022,0,0
Cairns Reef (15-086),2022,0,0
Cairns Reef (15-086),2022,0,0
Cairns Reef (15-086),2022,0,0
Cairns Reef (15-086),2022,0,0
Cairns Reef (15-086),2022,0,0
Osterlund Reef (15-078),2022,0,0
Osterlund Reef (15-078),2022,0,0
Osterlund Reef (15-078),2022,0,0
Osterlund Reef (15-078),2022,0,0
Osterlund Reef (15-078),2022,0,0
Osterlund Reef (15-078),2022,0,0
Osterlund Reef (15-078),2022,0,0
Osterlund Reef (15-078),2022,0,0
Osterlund Reef (15-078),2022,0,0
Osterlund Reef (15-078),2022,0,0
Osterlund Reef (15-078),2022,0,0
Osterlund Reef (15-078),2022,0,0
Osterlund Reef (15-078),2022,0,0
Osterlund Reef (15-078),2022,0,0
Osterlund Reef (15-078),2022,0,0
Osterlund Reef (15-078),2022,0,0
Osterlund Reef (15-078),2022,0,0
Osterlund Reef (15-078),2022,0,0
Osterlund Reef (15-078),2022,0,0
Osterlund Reef (15-078),2022,0,0
Osterlund Reef (15-078),2022,0,0
Osterlund Reef (15-078),2022,1,8.190981299
Osterlund Reef (15-078),2022,0,0
Osterlund Reef (15-078),2022,0,0
Osterlund Reef (15-078),2022,0,0
Osterlund Reef (15-078),2022,0,0
Osterlund Reef (15-078),2022,0,0
Osterlund Reef (15-078),2022,0,0
Osterlund Reef (15-078),2022,0,0
Osterlund Reef (15-078),2022,0,0
Osterlund Reef (15-078),2022,0,0
Osterlund Reef (15-078),2022,0,0
Osterlund Reef (15-078),2022,0,0
Osterlund Reef (15-078),2022,0,0
Osterlund Reef (15-078),2022,0,0
Osterlund Reef (15-078),2022,0,0
Yonge Reef (14-138),2022,0,0
Yonge Reef (14-138),2022,0,0
Yonge Reef (14-138),2022,0,0
Yonge Reef (14-138),2022,0,0
Yonge Reef (14-138),2022,0,0
Yonge Reef (14-138),2022,0,0
Yonge Reef (14-138),2022,0,0
Yonge Reef (14-138),2022,0,0
Yonge Reef (14-138),2022,1,7.682153396
Yonge Reef (14-138),2022,0,0
Yonge Reef (14-138),2022,0,0
Yonge Reef (14-138),2022,0,0
Yonge Reef (14-138),2022,0,0
Yonge Reef (14-138),2022,0,0
Yonge Reef (14-138),2022,0,0
Yonge Reef (14-138),2022,0,0
Yonge Reef (14-138),2022,0,0
Yonge Reef (14-138),2022,0,0
Yonge Reef (14-138),2022,0,0
Yonge Reef (14-138),2022,0,0
Yonge Reef (14-138),2022,0,0
Yonge Reef (14-138),2022,0,0
Yonge Reef (14-138),2022,0,0
Yonge Reef (14-138),2022,0,0
Yonge Reef (14-138),2022,0,0
Yonge Reef (14-138),2022,0,0
Yonge Reef (14-138),2022,0,0
Yonge Reef (14-138),2022,0,0
Yonge Reef (14-138),2022,0,0
Yonge Reef (14-138),2022,0,0
Yonge Reef (14-138),2022,0,0
Yonge Reef (14-138),2022,1,7.758142613
Yonge Reef (14-138),2022,0,0
Yonge Reef (14-138),2022,0,0
Yonge Reef (14-138),2022,0,0
Yonge Reef (14-138),2022,0,0
Ribbon No 9 Reef (14-154),2022,0,0
Ribbon No 9 Reef (14-154),2022,0,0
Ribbon No 9 Reef (14-154),2022,0,0
Ribbon No 9 Reef (14-154),2022,0,0
Ribbon No 9 Reef (14-154),2022,0,0
Ribbon No 9 Reef (14-154),2022,0,0
Ribbon No 9 Reef (14-154),2022,0,0
Ribbon No 9 Reef (14-154),2022,0,0
Ribbon No 9 Reef (14-154),2022,0,0
Ribbon No 9 Reef (14-154),2022,0,0
Ribbon No 9 Reef (14-154),2022,0,0
Ribbon No 9 Reef (14-154),2022,0,0
Ribbon No 9 Reef (14-154),2022,0,0
Ribbon No 9 Reef (14-154),2022,0,0
Ribbon No 9 Reef (14-154),2022,0,0
Ribbon No 9 Reef (14-154),2022,0,0
Ribbon No 9 Reef (14-154),2022,0,0
Ribbon No 9 Reef (14-154),2022,0,0
Ribbon No 9 Reef (14-154),2022,0,0
Ribbon No 9 Reef (14-154),2022,0,0
Ribbon No 9 Reef (14-154),2022,0,0
Ribbon No 9 Reef (14-154),2022,0,0
Ribbon No 9 Reef (14-154),2022,0,0
Ribbon No 9 Reef (14-154),2022,0,0
Ribbon No 9 Reef (14-154),2022,0,0
Ribbon No 9 Reef (14-154),2022,0,0
Ribbon No 9 Reef (14-154),2022,0,0
Ribbon No 9 Reef (14-154),2022,0,0
Ribbon No 9 Reef (14-154),2022,0,0
Ribbon No 9 Reef (14-154),2022,0,0
Ribbon No 9 Reef (14-154),2022,0,0
Ribbon No 9 Reef (14-154),2022,0,0
Ribbon No 9 Reef (14-154),2022,0,0
Ribbon No 9 Reef (14-154),2022,0,0
Ribbon No 9 Reef (14-154),2022,0,0
Ribbon No 9 Reef (14-154),2022,0,0
Ribbon No 5 Reef (15-038),2022,0,0
Ribbon No 5 Reef (15-038),2022,0,0
Ribbon No 5 Reef (15-038),2022,0,0
Ribbon No 5 Reef (15-038),2022,0,0
Ribbon No 5 Reef (15-038),2022,0,0
Ribbon No 5 Reef (15-038),2022,0,0
Ribbon No 5 Reef (15-038),2022,0,0
Ribbon No 5 Reef (15-038),2022,0,0
Ribbon No 5 Reef (15-038),2022,0,0
Ribbon No 5 Reef (15-038),2022,0,0
Ribbon No 5 Reef (15-038),2022,0,0
Ribbon No 5 Reef (15-038),2022,0,0
Ribbon No 5 Reef (15-038),2022,0,0
Ribbon No 5 Reef (15-038),2022,0,0
Ribbon No 5 Reef (15-038),2022,0,0
Ribbon No 5 Reef (15-038),2022,0,0
Ribbon No 5 Reef (15-038),2022,0,0
Ribbon No 5 Reef (15-038),2022,0,0
Ribbon No 5 Reef (15-038),2022,0,0
Ribbon No 5 Reef (15-038),2022,0,0
Ribbon No 5 Reef (15-038),2022,0,0
Ribbon No 5 Reef (15-038),2022,0,0
Ribbon No 5 Reef (15-038),2022,0,0
Ribbon No 5 Reef (15-038),2022,0,0
Ribbon No 5 Reef (15-038),2022,0,0
Ribbon No 5 Reef (15-038),2022,0,0
Ribbon No 5 Reef (15-038),2022,0,0
Ribbon No 5 Reef (15-038),2022,0,0
Ribbon No 5 Reef (15-038),2022,0,0
Ribbon No 5 Reef (15-038),2022,0,0
Ribbon No 5 Reef (15-038),2022,0,0
Ribbon No 5 Reef (15-038),2022,0,0
Ribbon No 5 Reef (15-038),2022,0,0
Ribbon No 5 Reef (15-038),2022,0,0
Ribbon No 5 Reef (15-038),2022,0,0
Ribbon No 5 Reef (15-038),2022,0,0
Tongue Reef (16-026),2022,0,0
Tongue Reef (16-026),2022,1,7.750646397
Tongue Reef (16-026),2022,1,38.32275588
Tongue Reef (16-026),2022,1,7.601739652
Tongue Reef (16-026),2022,0,0
Tongue Reef (16-026),2022,1,15.33772163
Tongue Reef (16-026),2022,0,0
Tongue Reef (16-026),2022,0,0
Tongue Reef (16-026),2022,0,0
Tongue Reef (16-026),2022,0,0
Tongue Reef (16-026),2022,0,0
Tongue Reef (16-026),2022,1,8.211944997
Tongue Reef (16-026),2022,0,0
Tongue Reef (16-026),2022,0,0
Tongue Reef (16-026),2022,0,0
Tongue Reef (16-026),2022,1,8.025585674
Tongue Reef (16-026),2022,0,0
Tongue Reef (16-026),2022,0,0
Tongue Reef (16-026),2022,1,7.743164152
Tongue Reef (16-026),2022,1,15.02580643
Tongue Reef (16-026),2022,0,0
Tongue Reef (16-026),2022,1,46.1488612
Tongue Reef (16-026),2022,0,0
Tongue Reef (16-026),2022,0,0
Tongue Reef (16-026),2022,1,7.659147866
Tongue Reef (16-026),2022,0,0
Tongue Reef (16-026),2022,1,8.206979558
Tongue Reef (16-026),2022,0,0
Tongue Reef (16-026),2022,0,0
Tongue Reef (16-026),2022,0,0
Tongue Reef (16-026),2022,0,0
Tongue Reef (16-026),2022,0,0
Tongue Reef (16-026),2022,0,0
Tongue Reef (16-026),2022,0,0
Tongue Reef (16-026),2022,0,0
Tongue Reef (16-026),2022,0,0
Batt Reef (16-029),2022,0,0
Batt Reef (16-029),2022,1,44.59205568
Batt Reef (16-029),2022,1,7.293830439
Batt Reef (16-029),2022,1,30.35606816
Batt Reef (16-029),2022,0,0
Batt Reef (16-029),2022,1,7.803426683
Batt Reef (16-029),2022,0,0
Batt Reef (16-029),2022,1,14.98752348
Batt Reef (16-029),2022,1,7.560054772
Batt Reef (16-029),2022,1,30.24155237
Batt Reef (16-029),2022,0,0
Batt Reef (16-029),2022,0,0
Batt Reef (16-029),2022,0,0
Batt Reef (16-029),2022,1,15.42575173
Batt Reef (16-029),2022,0,0
Batt Reef (16-029),2022,1,7.506032847
Batt Reef (16-029),2022,1,15.2451111
Batt Reef (16-029),2022,0,0
Batt Reef (16-029),2022,1,15.55166636
Batt Reef (16-029),2022,1,8.008103818
Batt Reef (16-029),2022,0,0
Batt Reef (16-029),2022,1,15.83360061
Batt Reef (16-029),2022,1,23.36791568
Batt Reef (16-029),2022,0,0
Batt Reef (16-029),2022,1,70.14656514
Batt Reef (16-029),2022,1,70.1929003
Batt Reef (16-029),2022,1,22.72195537
Batt Reef (16-029),2022,1,7.484703138
Batt Reef (16-029),2022,1,52.60015726
Batt Reef (16-029),2022,1,52.93171406
Batt Reef (16-029),2022,1,48.38906452
Batt Reef (16-029),2022,1,64.39697742
Batt Reef (16-029),2022,1,31.96497951
Batt Reef (16-029),2022,1,38.75872381
Batt Reef (16-029),2022,1,8.0446098
Batt Reef (16-029),2022,1,31.06329739
Green Island Reef (16-049),2022,0,0
Green Island Reef (16-049),2022,0,0
Green Island Reef (16-049),2022,0,0
Green Island Reef (16-049),2022,0,0
Green Island Reef (16-049),2022,1,7.945367508
Green Island Reef (16-049),2022,0,0
Green Island Reef (16-049),2022,1,15.48938714
Green Island Reef (16-049),2022,0,0
Green Island Reef (16-049),2022,0,0
Green Island Reef (16-049),2022,1,7.602067105
Green Island Reef (16-049),2022,0,0
Green Island Reef (16-049),2022,1,7.605999336
Green Island Reef (16-049),2022,1,47.04621099
Green Island Reef (16-049),2022,1,7.629016042
Green Island Reef (16-049),2022,1,38.22182827
Green Island Reef (16-049),2022,1,71.90079466
Green Island Reef (16-049),2022,1,30.78941144
Green Island Reef (16-049),2022,1,38.0059395
Green Island Reef (16-049),2022,1,15.24664499
Green Island Reef (16-049),2022,1,37.08741982
Green Island Reef (16-049),2022,1,14.87807315
Green Island Reef (16-049),2022,1,23.65287412
Green Island Reef (16-049),2022,1,30.55546414
Green Island Reef (16-049),2022,1,157.7123031
Green Island Reef (16-049),2022,1,23.23784251
Green Island Reef (16-049),2022,1,64.75588828
Green Island Reef (16-049),2022,1,47.5936085
Green Island Reef (16-049),2022,1,38.63320872
Green Island Reef (16-049),2022,1,7.88536761
Green Island Reef (16-049),2022,1,37.92848289
Green Island Reef (16-049),2022,1,7.499015518
Green Island Reef (16-049),2022,1,22.70167898
Green Island Reef (16-049),2022,1,15.32129589
Green Island Reef (16-049),2022,1,30.07050287
Green Island Reef (16-049),2022,1,22.84864392
Green Island Reef (16-049),2022,1,23.07895068
Thetford Reef (16-068),2022,1,8.238397166
Thetford Reef (16-068),2022,1,8.135096915
Thetford Reef (16-068),2022,0,0
Thetford Reef (16-068),2022,0,0
Thetford Reef (16-068),2022,0,0
Thetford Reef (16-068),2022,0,0
Thetford Reef (16-068),2022,0,0
Thetford Reef (16-068),2022,0,0
Thetford Reef (16-068),2022,0,0
Thetford Reef (16-068),2022,0,0
Thetford Reef (16-068),2022,1,7.584424317
Thetford Reef (16-068),2022,1,22.84359634
Thetford Reef (16-068),2022,0,0
Thetford Reef (16-068),2022,0,0
Thetford Reef (16-068),2022,0,0
Thetford Reef (16-068),2022,0,0
Thetford Reef (16-068),2022,0,0
Thetford Reef (16-068),2022,0,0
Thetford Reef (16-068),2022,0,0
Thetford Reef (16-068),2022,1,15.26298076
Thetford Reef (16-068),2022,0,0
Thetford Reef (16-068),2022,0,0
Thetford Reef (16-068),2022,0,0
Thetford Reef (16-068),2022,0,0
Thetford Reef (16-068),2022,0,0
Thetford Reef (16-068),2022,0,0
Thetford Reef (16-068),2022,0,0
Thetford Reef (16-068),2022,0,0
Thetford Reef (16-068),2022,0,0
Thetford Reef (16-068),2022,0,0
Thetford Reef (16-068),2022,0,0
Thetford Reef (16-068),2022,0,0
Thetford Reef (16-068),2022,0,0
Thetford Reef (16-068),2022,0,0
Thetford Reef (16-068),2022,0,0
Thetford Reef (16-068),2022,0,0
Moore Reef (16-071),2022,0,0
Moore Reef (16-071),2022,1,7.684494741
Moore Reef (16-071),2022,0,0
Moore Reef (16-071),2022,0,0
Moore Reef (16-071),2022,0,0
Moore Reef (16-071),2022,0,0
Moore Reef (16-071),2022,0,0
Moore Reef (16-071),2022,0,0
Moore Reef (16-071),2022,0,0
Moore Reef (16-071),2022,0,0
Moore Reef (16-071),2022,0,0
Moore Reef (16-071),2022,0,0
Moore Reef (16-071),2022,0,0
Moore Reef (16-071),2022,0,0
Moore Reef (16-071),2022,0,0
Moore Reef (16-071),2022,0,0
Moore Reef (16-071),2022,0,0
Moore Reef (16-071),2022,0,0
Moore Reef (16-071),2022,0,0
Moore Reef (16-071),2022,1,7.733662985
Moore Reef (16-071),2022,1,7.835997641
Moore Reef (16-071),2022,0,0
Moore Reef (16-071),2022,0,0
Moore Reef (16-071),2022,1,15.4778542
Moore Reef (16-071),2022,0,0
Moore Reef (16-071),2022,1,29.10571117
Moore Reef (16-071),2022,0,0
Moore Reef (16-071),2022,1,125.9588733
Moore Reef (16-071),2022,1,7.522351295
Moore Reef (16-071),2022,1,7.887835242
Moore Reef (16-071),2022,0,0
Moore Reef (16-071),2022,1,7.721143216
Moore Reef (16-071),2022,1,7.512743399
Moore Reef (16-071),2022,1,15.68775214
Moore Reef (16-071),2022,1,63.25060129
Moore Reef (16-071),2022,1,22.0706692
Elford Reef (16-073),2022,1,7.541316748
Elford Reef (16-073),2022,1,7.674803585
Elford Reef (16-073),2022,1,7.604032941
Elford Reef (16-073),2022,0,0
Elford Reef (16-073),2022,1,22.66543675
Elford Reef (16-073),2022,1,39.64517824
Elford Reef (16-073),2022,1,7.883606292
Elford Reef (16-073),2022,1,7.591928914
Elford Reef (16-073),2022,1,7.455296628
Elford Reef (16-073),2022,1,7.530696876
Elford Reef (16-073),2022,1,29.74250447
Elford Reef (16-073),2022,0,0
Elford Reef (16-073),2022,0,0
Elford Reef (16-073),2022,1,7.723846659
Elford Reef (16-073),2022,1,7.828697562
Elford Reef (16-073),2022,0,0
Elford Reef (16-073),2022,1,7.566862553
Elford Reef (16-073),2022,0,0
Elford Reef (16-073),2022,0,0
Elford Reef (16-073),2022,0,0
Elford Reef (16-073),2022,0,0
Elford Reef (16-073),2022,0,0
Elford Reef (16-073),2022,0,0
Elford Reef (16-073),2022,0,0
Elford Reef (16-073),2022,0,0
Elford Reef (16-073),2022,0,0
Elford Reef (16-073),2022,0,0
Elford Reef (16-073),2022,1,7.55973123
Elford Reef (16-073),2022,0,0
Elford Reef (16-073),2022,0,0
Elford Reef (16-073),2022,0,0
Elford Reef (16-073),2022,0,0
Elford Reef (16-073),2022,0,0
Elford Reef (16-073),2022,0,0
Elford Reef (16-073),2022,0,0
Elford Reef (16-073),2022,0,0
Bowden Reef (19-019),2022,1,57.27880597
Bowden Reef (19-019),2022,1,15.16917385
Bowden Reef (19-019),2022,1,7.688847743
Bowden Reef (19-019),2022,1,47.36077935
Bowden Reef (19-019),2022,1,15.25935307
Bowden Reef (19-019),2022,1,7.790680043
Bowden Reef (19-019),2022,1,56.31297156
Bowden Reef (19-019),2022,1,7.750986703
Bowden Reef (19-019),2022,1,30.74025046
Bowden Reef (19-019),2022,1,47.27130197
Bowden Reef (19-019),2022,1,8.046811447
Bowden Reef (19-019),2022,1,23.83718714
Bowden Reef (19-019),2022,1,195.900017
Bowden Reef (19-019),2022,1,316.2386477
Bowden Reef (19-019),2022,1,132.1265638
Bowden Reef (19-019),2022,1,337.1015042
Bowden Reef (19-019),2022,1,64.21636865
Bowden Reef (19-019),2022,1,307.2664976
Bowden Reef (19-019),2022,1,79.88089845
Bowden Reef (19-019),2022,1,354.5841426
Bowden Reef (19-019),2022,1,276.7730176
Bowden Reef (19-019),2022,1,308.4907115
Bowden Reef (19-019),2022,1,149.1924897
Bowden Reef (19-019),2022,1,187.9279286
Bowden Reef (19-019),2022,1,23.46466184
Bowden Reef (19-019),2022,1,41.38756245
Bowden Reef (19-019),2022,1,17.22084358
Bowden Reef (19-019),2022,1,23.985154
Bowden Reef (19-019),2022,1,32.72870723
Bowden Reef (19-019),2022,1,30.97733147
Bowden Reef (19-019),2022,1,23.07374887
Bowden Reef (19-019),2022,0,0
Bowden Reef (19-019),2022,1,45.38894892
Bowden Reef (19-019),2022,1,22.28316274
Bowden Reef (19-019),2022,1,14.47132565
Bowden Reef (19-019),2022,1,15.32661058
Davies Reef (18-096),2022,1,15.34228809
Davies Reef (18-096),2022,1,16.19198564
Davies Reef (18-096),2022,1,7.607638277
Davies Reef (18-096),2022,1,14.95513469
Davies Reef (18-096),2022,1,23.45279753
Davies Reef (18-096),2022,1,60.75324118
Davies Reef (18-096),2022,1,14.91852533
Davies Reef (18-096),2022,0,0
Davies Reef (18-096),2022,1,68.938685950000007
Davies Reef (18-096),2022,1,7.574982382
Davies Reef (18-096),2022,1,44.7251603
Davies Reef (18-096),2022,1,7.497422956
Davies Reef (18-096),2022,1,46.59280702
Davies Reef (18-096),2022,1,72.79524878
Davies Reef (18-096),2022,1,237.187618
Davies Reef (18-096),2022,1,71.648785470000007
Davies Reef (18-096),2022,1,141.345267
Davies Reef (18-096),2022,1,128.57645
Davies Reef (18-096),2022,1,149.4541571
Davies Reef (18-096),2022,1,51.90366805
Davies Reef (18-096),2022,1,103.010568
Davies Reef (18-096),2022,1,139.3127605
Davies Reef (18-096),2022,1,116.6254207
Davies Reef (18-096),2022,1,99.99782592
Davies Reef (18-096),2022,1,15.92036001
Davies Reef (18-096),2022,0,0
Davies Reef (18-096),2022,0,0
Davies Reef (18-096),2022,1,60.87436527
Davies Reef (18-096),2022,0,0
Davies Reef (18-096),2022,1,15.44317827
Davies Reef (18-096),2022,0,0
Davies Reef (18-096),2022,1,7.506352477
Davies Reef (18-096),2022,1,7.659147866
Davies Reef (18-096),2022,1,59.5551163
Davies Reef (18-096),2022,1,16.21997841
Davies Reef (18-096),2022,0,0
North Direction Reef (14-143),2022,0,0
North Direction Reef (14-143),2022,1,7.618147507
North Direction Reef (14-143),2022,1,7.737053744
North Direction Reef (14-143),2022,0,0
North Direction Reef (14-143),2022,1,7.451832667
North Direction Reef (14-143),2022,1,7.659480348
North Direction Reef (14-143),2022,1,7.748604007
North Direction Reef (14-143),2022,0,0
North Direction Reef (14-143),2022,0,0
North Direction Reef (14-143),2022,0,0
North Direction Reef (14-143),2022,1,7.979498059
North Direction Reef (14-143),2022,1,7.506032847
North Direction Reef (14-143),2022,0,0
North Direction Reef (14-143),2022,0,0
North Direction Reef (14-143),2022,0,0
North Direction Reef (14-143),2022,0,0
North Direction Reef (14-143),2022,0,0
North Direction Reef (14-143),2022,0,0
North Direction Reef (14-143),2022,0,0
North Direction Reef (14-143),2022,0,0
North Direction Reef (14-143),2022,0,0
North Direction Reef (14-143),2022,0,0
North Direction Reef (14-143),2022,0,0
North Direction Reef (14-143),2022,0,0
North Direction Reef (14-143),2022,0,0
North Direction Reef (14-143),2022,0,0
North Direction Reef (14-143),2022,0,0
North Direction Reef (14-143),2022,1,7.423932105
North Direction Reef (14-143),2022,0,0
North Direction Reef (14-143),2022,0,0
North Direction Reef (14-143),2022,1,7.706980594
North Direction Reef (14-143),2022,1,8.208125085
North Direction Reef (14-143),2022,0,0
North Direction Reef (14-143),2022,0,0
North Direction Reef (14-143),2022,1,16.26034118
North Direction Reef (14-143),2022,0,0
Lizard Island Reef (Lagoon) (14-116d),2022,0,0
Lizard Island Reef (Lagoon) (14-116d),2022,0,0
Lizard Island Reef (Lagoon) (14-116d),2022,0,0
Lizard Island Reef (Lagoon) (14-116d),2022,0,0
Lizard Island Reef (Lagoon) (14-116d),2022,1,15.3146401
Lizard Island Reef (Lagoon) (14-116d),2022,0,0
Lizard Island Reef (Lagoon) (14-116d),2022,0,0
Lizard Island Reef (Lagoon) (14-116d),2022,0,0
Lizard Island Reef (Lagoon) (14-116d),2022,0,0
Lizard Island Reef (Lagoon) (14-116d),2022,0,0
Lizard Island Reef (Lagoon) (14-116d),2022,0,0
Lizard Island Reef (Lagoon) (14-116d),2022,0,0
Lizard Island Reef (Lagoon) (14-116d),2022,0,0
Lizard Island Reef (Lagoon) (14-116d),2022,1,8.042776957
Lizard Island Reef (Lagoon) (14-116d),2022,0,0
Lizard Island Reef (Lagoon) (14-116d),2022,1,7.726213709
Lizard Island Reef (Lagoon) (14-116d),2022,1,8.086264506
Lizard Island Reef (Lagoon) (14-116d),2022,0,0
Lizard Island Reef (Lagoon) (14-116d),2022,1,15.77602364
Lizard Island Reef (Lagoon) (14-116d),2022,1,23.56000878
Lizard Island Reef (Lagoon) (14-116d),2022,1,29.40631807
Lizard Island Reef (Lagoon) (14-116d),2022,1,15.0646694
Lizard Island Reef (Lagoon) (14-116d),2022,1,7.916851714
Lizard Island Reef (Lagoon) (14-116d),2022,1,113.4506196
Lizard Island Reef (Lagoon) (14-116d),2022,1,7.515303232
Lizard Island Reef (Lagoon) (14-116d),2022,1,15.39834458
Lizard Island Reef (Lagoon) (14-116d),2022,1,15.22545107
Lizard Island Reef (Lagoon) (14-116d),2022,1,46.58490457
Lizard Island Reef (Lagoon) (14-116d),2022,1,39.57366161
Lizard Island Reef (Lagoon) (14-116d),2022,1,7.838085853
Eyrie Reef (14-118),2022,1,23.05549309
Eyrie Reef (14-118),2022,1,7.677139901
Eyrie Reef (14-118),2022,0,0
Eyrie Reef (14-118),2022,0,0
Eyrie Reef (14-118),2022,1,52.65502911
Eyrie Reef (14-118),2022,0,0
Eyrie Reef (14-118),2022,0,0
Eyrie Reef (14-118),2022,1,15.55069014
Eyrie Reef (14-118),2022,0,0
Eyrie Reef (14-118),2022,1,8.089971542
Eyrie Reef (14-118),2022,1,7.847147807
Eyrie Reef (14-118),2022,1,94.93088946
Eyrie Reef (14-118),2022,0,0
Eyrie Reef (14-118),2022,0,0
Eyrie Reef (14-118),2022,0,0
Eyrie Reef (14-118),2022,0,0
Eyrie Reef (14-118),2022,0,0
Eyrie Reef (14-118),2022,1,15.15940055
Eyrie Reef (14-118),2022,0,0
Eyrie Reef (14-118),2022,0,0
Eyrie Reef (14-118),2022,0,0
Eyrie Reef (14-118),2022,1,8.221509308
Eyrie Reef (14-118),2022,1,7.584424317
Eyrie Reef (14-118),2022,1,7.549705356
Eyrie Reef (14-118),2022,0,0
Eyrie Reef (14-118),2022,1,7.997941598
Eyrie Reef (14-118),2022,1,16.06688127
Eyrie Reef (14-118),2022,0,0
Eyrie Reef (14-118),2022,1,7.348195463
Eyrie Reef (14-118),2022,0,0
Eyrie Reef (14-118),2022,0,0
Eyrie Reef (14-118),2022,1,7.64057748
Eyrie Reef (14-118),2022,0,0
Eyrie Reef (14-118),2022,0,0
Eyrie Reef (14-118),2022,1,7.485972717
Eyrie Reef (14-118),2022,0,0
Lizard Island Reef (Lagoon) (14-116d),2022,0,0
Lizard Island Reef (Lagoon) (14-116d),2022,1,22.65202403
Lizard Island Reef (Lagoon) (14-116d),2022,0,0
Lizard Island Reef (Lagoon) (14-116d),2022,1,15.00859894
Lizard Island Reef (Lagoon) (14-116d),2022,1,7.353094406
Lizard Island Reef (Lagoon) (14-116d),2022,1,7.710347883
Lizard Island Reef (Lagoon) (14-116d),2022,1,15.40026683
Lizard Island Reef (Lagoon) (14-116d),2022,1,39.23073448
Lizard Island Reef (Lagoon) (14-116d),2022,1,31.58169016
Lizard Island Reef (Lagoon) (14-116d),2022,1,7.872001268
Lizard Island Reef (Lagoon) (14-116d),2022,0,0
Lizard Island Reef (Lagoon) (14-116d),2022,1,246.1629868
Lizard Island Reef (Lagoon) (14-116d),2022,1,15.80903772
Lizard Island Reef (Lagoon) (14-116d),2022,1,22.50841912
Lizard Island Reef (Lagoon) (14-116d),2022,0,0
Lizard Island Reef (North West) (14-116a),2022,0,0
Lizard Island Reef (North West) (14-116a),2022,1,22.84167185
Lizard Island Reef (North West) (14-116a),2022,0,0
Lizard Island Reef (North West) (14-116a),2022,0,0
Lizard Island Reef (North West) (14-116a),2022,1,7.747243345
Lizard Island Reef (North West) (14-116a),2022,1,16.78043325
Lizard Island Reef (North West) (14-116a),2022,0,0
Lizard Island Reef (North West) (14-116a),2022,1,8.346328139
Lizard Island Reef (North West) (14-116a),2022,0,0
Lizard Island Reef (North West) (14-116a),2022,0,0
Lizard Island Reef (North West) (14-116a),2022,1,7.575958595
Lizard Island Reef (North West) (14-116a),2022,0,0
Lizard Island Reef (North West) (14-116a),2022,1,15.06043486
Lizard Island Reef (North West) (14-116a),2022,1,15.71089011
Lizard Island Reef (North West) (14-116a),2022,1,7.924317755
Lizard Island Reef (North East) (14-116b),2022,0,0
Lizard Island Reef (North East) (14-116b),2022,1,15.74437078
Lizard Island Reef (North East) (14-116b),2022,1,7.835301943
Lizard Island Reef (North East) (14-116b),2022,0,0
Lizard Island Reef (North East) (14-116b),2022,0,0
Lizard Island Reef (North East) (14-116b),2022,0,0
Lizard Island Reef (North East) (14-116b),2022,1,16.75804518
Lizard Island Reef (North East) (14-116b),2022,1,8.60937126
Lizard Island Reef (North East) (14-116b),2022,0,0
Lizard Island Reef (North East) (14-116b),2022,1,7.723170519
Lizard Island Reef (North East) (14-116b),2022,0,0
Lizard Island Reef (North East) (14-116b),2022,1,7.528769039
Lizard Island Reef (North East) (14-116b),2022,0,0
Lizard Island Reef (North East) (14-116b),2022,0,0
Lizard Island Reef (North East) (14-116b),2022,1,16.19078815
Lizard Island Reef (Lagoon) (14-116d),2022,1,7.951812074
Lizard Island Reef (Lagoon) (14-116d),2022,1,23.55191857
Lizard Island Reef (Lagoon) (14-116d),2022,0,0
Lizard Island Reef (Lagoon) (14-116d),2022,0,0
Lizard Island Reef (Lagoon) (14-116d),2022,1,16.89221878
Lizard Island Reef (Lagoon) (14-116d),2022,1,16.53817445
Lizard Island Reef (Lagoon) (14-116d),2022,1,15.19660614
Lizard Island Reef (Lagoon) (14-116d),2022,0,0
Lizard Island Reef (Lagoon) (14-116d),2022,0,0
Lizard Island Reef (Lagoon) (14-116d),2022,1,15.8919381
Lizard Island Reef (Lagoon) (14-116d),2022,0,0
Lizard Island Reef (Lagoon) (14-116d),2022,1,7.915431261
Lizard Island Reef (Lagoon) (14-116d),2022,1,8.015014417
Lizard Island Reef (Lagoon) (14-116d),2022,1,7.867789082
Lizard Island Reef (Lagoon) (14-116d),2022,1,16.21080972
Lizard Island Reef (Lagoon) (14-116d),2022,1,79.40308079
Lizard Island Reef (Lagoon) (14-116d),2022,1,97.77200818
Lizard Island Reef (Lagoon) (14-116d),2022,1,32.27079995
Lizard Island Reef (Lagoon) (14-116d),2022,1,8.232632093
Lizard Island Reef (Lagoon) (14-116d),2022,1,15.08166678
Lizard Island Reef (Lagoon) (14-116d),2022,1,16.02369603
Lizard Island Reef (Lagoon) (14-116d),2022,1,42.37022884
Lizard Island Reef (Lagoon) (14-116d),2022,1,47.92323634
Lizard Island Reef (Lagoon) (14-116d),2022,1,53.91554385
Lizard Island Reef (Lagoon) (14-116d),2022,1,7.868140563
Lizard Island Reef (Lagoon) (14-116d),2022,1,33.21840595
Lizard Island Reef (Lagoon) (14-116d),2022,1,24.63583276
Lizard Island Reef (Lagoon) (14-116d),2022,1,34.94162858
Lizard Island Reef (Lagoon) (14-116d),2022,1,41.97954275
Lizard Island Reef (Lagoon) (14-116d),2022,1,23.66202045
Lizard Island Reef (Lagoon) (14-116d),2022,0,0
Lizard Island Reef (Lagoon) (14-116d),2022,0,0
Lizard Island Reef (Lagoon) (14-116d),2022,0,0
Lizard Island Reef (Lagoon) (14-116d),2022,0,0
Lizard Island Reef (Lagoon) (14-116d),2022,0,0
Lizard Island Reef (Lagoon) (14-116d),2022,0,0
Lizard Island Reef (Lagoon) (14-116d),2022,0,0
Lizard Island Reef (Lagoon) (14-116d),2022,0,0
Lizard Island Reef (Lagoon) (14-116d),2022,0,0
Lizard Island Reef (Lagoon) (14-116d),2022,0,0
Lizard Island Reef (Lagoon) (14-116d),2022,0,0
Lizard Island Reef (Lagoon) (14-116d),2022,0,0
Lizard Island Reef (Lagoon) (14-116d),2022,0,0
Lizard Island Reef (Lagoon) (14-116d),2022,0,0
Lizard Island Reef (Lagoon) (14-116d),2022,0,0
Lizard Island Reef (North West) (14-116a),2022,1,53.40018086
Lizard Island Reef (North West) (14-116a),2022,1,46.2656809
Lizard Island Reef (North West) (14-116a),2022,1,15.24979211
Lizard Island Reef (North West) (14-116a),2022,1,50.42434484
Lizard Island Reef (North West) (14-116a),2022,1,15.51548894
Lizard Island Reef (North West) (14-116a),2022,1,72.55517542
Lizard Island Reef (North West) (14-116a),2022,1,63.98128085
Lizard Island Reef (North West) (14-116a),2022,1,68.03552583
Lizard Island Reef (North West) (14-116a),2022,1,76.85612887
Lizard Island Reef (North West) (14-116a),2022,1,56.13321215
Lizard Island Reef (North West) (14-116a),2022,1,7.780718431
Lizard Island Reef (North West) (14-116a),2022,1,56.26924038
Lizard Island Reef (North West) (14-116a),2022,1,62.65097111
Lizard Island Reef (North West) (14-116a),2022,1,38.90874088
Lizard Island Reef (North West) (14-116a),2022,1,47.44895697
Lizard Island Reef (North East) (14-116b),2022,0,0
Lizard Island Reef (North East) (14-116b),2022,0,0
Lizard Island Reef (North East) (14-116b),2022,1,16.2145067
Lizard Island Reef (North East) (14-116b),2022,1,30.72794303
Lizard Island Reef (North East) (14-116b),2022,1,7.483116165
Lizard Island Reef (North East) (14-116b),2022,0,0
Lizard Island Reef (North East) (14-116b),2022,0,0
Lizard Island Reef (North East) (14-116b),2022,0,0
Lizard Island Reef (North East) (14-116b),2022,0,0
Lizard Island Reef (North East) (14-116b),2022,0,0
Lizard Island Reef (North East) (14-116b),2022,0,0
Lizard Island Reef (North East) (14-116b),2022,1,7.975170761
Lizard Island Reef (North East) (14-116b),2022,0,0
Lizard Island Reef (North East) (14-116b),2022,0,0
Lizard Island Reef (North East) (14-116b),2022,0,0
Corbett Reef (14-016),2022,1,30.77258195
Corbett Reef (14-016),2022,1,70.89762673
Corbett Reef (14-016),2022,1,30.23785801
Corbett Reef (14-016),2022,1,96.46238953
Corbett Reef (14-016),2022,1,37.97529958
Corbett Reef (14-016),2022,1,121.0844145
Corbett Reef (14-016),2022,1,22.52349123
Corbett Reef (14-016),2022,1,131.9520194
Corbett Reef (14-016),2022,1,149.5669091
Corbett Reef (14-016),2022,1,76.58026715
Corbett Reef (14-016),2022,1,31.75199142
Corbett Reef (14-016),2022,1,90.46177273
Corbett Reef (14-016),2022,1,151.1746015
Corbett Reef (14-016),2022,1,66.13621819
Corbett Reef (14-016),2022,1,732.0592729
Corbett Reef (14-016),2022,1,8.131723073
Corbett Reef (14-016),2022,1,179.4652426
Corbett Reef (14-016),2022,1,41.20030835
Corbett Reef (14-016),2022,1,45.13754587
Corbett Reef (14-016),2022,1,30.81648279
Corbett Reef (14-016),2022,0,0
Corbett Reef (14-016),2022,1,8.147115176
Corbett Reef (14-016),2022,1,566.3007274
Corbett Reef (14-016),2022,1,306.4876293
Corbett Reef (14-016),2022,1,67.10183788
Corbett Reef (14-016),2022,1,70.60540872
Corbett Reef (14-016),2022,1,140.5074863
Corbett Reef (14-016),2022,1,170.5890246
Corbett Reef (14-016),2022,1,87.58356967
Corbett Reef (14-016),2022,1,22.22708674
Corbett Reef (14-016),2022,1,172.4969592
Corbett Reef (14-016),2022,1,71.21937166
Corbett Reef (14-016),2022,1,545.3242257
Corbett Reef (14-016),2022,1,257.4241139
Corbett Reef (14-016),2022,1,153.8336886
Corbett Reef (14-016),2022,1,60.89888405
U/N Reef (13-124),2022,1,95.95231566
U/N Reef (13-124),2022,1,76.5724055
U/N Reef (13-124),2022,1,156.8827346
U/N Reef (13-124),2022,0,0
U/N Reef (13-124),2022,1,66.70219554
U/N Reef (13-124),2022,1,8.050849165
U/N Reef (13-124),2022,1,16.05670328
U/N Reef (13-124),2022,1,15.84685599
U/N Reef (13-124),2022,1,183.3357909
U/N Reef (13-124),2022,1,8.064093416
U/N Reef (13-124),2022,0,0
U/N Reef (13-124),2022,0,0
U/N Reef (13-124),2022,1,61.21349961
U/N Reef (13-124),2022,1,76.11453099
U/N Reef (13-124),2022,1,22.44540836
U/N Reef (13-124),2022,1,38.91835743
U/N Reef (13-124),2022,1,136.3382426
U/N Reef (13-124),2022,1,104.3843044
U/N Reef (13-124),2022,1,15.82709961
U/N Reef (13-124),2022,1,71.39562359
U/N Reef (13-124),2022,1,248.7958179
U/N Reef (13-124),2022,1,151.3860347
U/N Reef (13-124),2022,1,296.8034238
U/N Reef (13-124),2022,1,240.3312992
U/N Reef (13-124),2022,1,1819.854506
U/N Reef (13-124),2022,1,432.4242941
U/N Reef (13-124),2022,1,198.1539404
U/N Reef (13-124),2022,1,240.5377033
U/N Reef (13-124),2022,1,1003.91684
U/N Reef (13-124),2022,1,224.9747695
U/N Reef (13-124),2022,1,1111.437445
U/N Reef (13-124),2022,1,238.1754618
U/N Reef (13-124),2022,1,300.019559
U/N Reef (13-124),2022,1,144.6202784
U/N Reef (13-124),2022,1,496.3942302
U/N Reef (13-124),2022,1,403.5758079
U/N Reef (13-093a),2022,1,16.0194797
U/N Reef (13-093a),2022,1,201.2423184
U/N Reef (13-093a),2022,1,112.8182341
U/N Reef (13-093a),2022,1,298.2960151
U/N Reef (13-093a),2022,1,40.9238804
U/N Reef (13-093a),2022,1,325.7073812
U/N Reef (13-093a),2022,1,84.5397622
U/N Reef (13-093a),2022,1,115.2567564
U/N Reef (13-093a),2022,1,816.8608993
U/N Reef (13-093a),2022,1,298.9621149
U/N Reef (13-093a),2022,1,534.5611581
U/N Reef (13-093a),2022,1,90.98061253
U/N Reef (13-093a),2022,1,97.59595824
U/N Reef (13-093a),2022,1,214.2719516
U/N Reef (13-093a),2022,1,151.0752532
U/N Reef (13-093a),2022,1,129.6975649
U/N Reef (13-093a),2022,1,125.4095781
U/N Reef (13-093a),2022,1,124.2382156
U/N Reef (13-093a),2022,1,191.9762299
U/N Reef (13-093a),2022,1,156.776361
U/N Reef (13-093a),2022,1,37.00190249
U/N Reef (13-093a),2022,1,185.3312304
U/N Reef (13-093a),2022,1,107.3006051
U/N Reef (13-093a),2022,1,150.6626132
U/N Reef (13-093a),2022,1,536.0042548
U/N Reef (13-093a),2022,1,1850.574819
U/N Reef (13-093a),2022,1,679.0461811
U/N Reef (13-093a),2022,1,460.6037188
U/N Reef (13-093a),2022,1,833.9002044
U/N Reef (13-093a),2022,1,670.6593852
U/N Reef (13-093a),2022,1,997.3363128
U/N Reef (13-093a),2022,1,415.169527
U/N Reef (13-093a),2022,1,770.1386805
U/N Reef (13-093a),2022,1,750.0607954
U/N Reef (13-093a),2022,1,675.644221
U/N Reef (13-093a),2022,1,1682.88914
U/N Reef (11-164),2022,1,130.3376983
U/N Reef (11-164),2022,1,613.5145823
U/N Reef (11-164),2022,1,330.1371557
U/N Reef (11-164),2022,1,939.1658925
U/N Reef (11-164),2022,1,159.4359647
U/N Reef (11-164),2022,1,763.5069363
U/N Reef (11-164),2022,1,451.9758087
U/N Reef (11-164),2022,1,1834.818972
U/N Reef (11-164),2022,1,485.1671425
U/N Reef (11-164),2022,1,112.2515094
U/N Reef (11-164),2022,1,386.2861298
U/N Reef (11-164),2022,1,349.6855804
U/N Reef (11-160),2022,1,7.92680913
U/N Reef (11-160),2022,1,126.8171689
U/N Reef (11-160),2022,1,39.14043491
U/N Reef (11-160),2022,1,7.43926768
U/N Reef (11-160),2022,1,102.9720424
U/N Reef (11-160),2022,1,278.5703655
U/N Reef (11-160),2022,1,244.5368452
U/N Reef (11-160),2022,1,526.7654746
U/N Reef (11-160),2022,1,192.6465663
U/N Reef (11-160),2022,1,228.3156251
U/N Reef (11-160),2022,1,31.29176134
U/N Reef (11-160),2022,1,181.8606156
U/N Reef (11-160),2022,1,195.2583511
U/N Reef (11-160),2022,1,319.6208695
U/N Reef (11-160),2022,1,341.0235398
U/N Reef (11-160),2022,1,245.552034
U/N Reef (11-160),2022,1,111.3199712
U/N Reef (11-160),2022,1,7828.050655
U/N Reef (11-160),2022,1,524.5825816
U/N Reef (11-160),2022,1,101.6859761
U/N Reef (11-160),2022,1,14.96087856
U/N Reef (11-160),2022,1,7.851686871
U/N Reef (11-160),2022,1,760.0064591
U/N Reef (11-160),2022,1,340.4107988
U/N Reef (11-049),2022,1,79.13999872
U/N Reef (11-049),2022,1,124.0042251
U/N Reef (11-049),2022,1,131.6705341
U/N Reef (11-049),2022,1,153.6354589
U/N Reef (11-049),2022,1,465.8814421
U/N Reef (11-049),2022,1,238.5948053
U/N Reef (11-049),2022,1,464.6417969
U/N Reef (11-049),2022,1,210.0520145
U/N Reef (11-049),2022,1,258.6016142
U/N Reef (11-049),2022,1,156.3000942
U/N Reef (11-049),2022,1,316.7842766
U/N Reef (11-049),2022,1,456.9874378
U/N Reef (11-049),2022,1,81.19217243
U/N Reef (11-049),2022,1,566.4486834
U/N Reef (11-049),2022,1,191.4970554
U/N Reef (11-049),2022,1,145.7794269
U/N Reef (11-049),2022,1,172.4336965
U/N Reef (11-049),2022,1,149.9895087
U/N Reef (11-049),2022,1,163.6431899
U/N Reef (11-049),2022,1,166.4820825
U/N Reef (11-049),2022,1,264.093416
U/N Reef (11-049),2022,1,96.13171869
U/N Reef (11-049),2022,1,70.10882838
U/N Reef (11-049),2022,1,56.05164272
U/N Reef (11-049),2022,1,458.4520641
U/N Reef (11-049),2022,1,292.1310097
U/N Reef (11-049),2022,1,428.4907315
U/N Reef (11-049),2022,1,419.0079442
U/N Reef (11-049),2022,1,635.0228075
U/N Reef (11-049),2022,1,980.7843993
U/N Reef (11-049),2022,1,597.8912458
U/N Reef (11-049),2022,1,375.0131539
U/N Reef (11-049),2022,1,733.9645403
U/N Reef (11-049),2022,1,804.6432268
U/N Reef (11-049),2022,1,283.7583669
U/N Reef (11-049),2022,1,499.6214051
Monsoon Reef (11-029),2022,1,151.7119972
Monsoon Reef (11-029),2022,0,0
Monsoon Reef (11-029),2022,1,71.17303521
Monsoon Reef (11-029),2022,1,141.8112768
Monsoon Reef (11-029),2022,1,7.807914885
Monsoon Reef (11-029),2022,1,95.25602404
Monsoon Reef (11-029),2022,1,422.5890746
Monsoon Reef (11-029),2022,1,165.8384451
Monsoon Reef (11-029),2022,1,92.11764726
Monsoon Reef (11-029),2022,1,129.458189
Monsoon Reef (11-029),2022,1,326.881275
Monsoon Reef (11-029),2022,1,1521.109573
Monsoon Reef (11-029),2022,1,358.498282
Monsoon Reef (11-029),2022,1,247.9679881
Monsoon Reef (11-029),2022,1,393.4846901
Monsoon Reef (11-029),2022,1,139.8045975
Monsoon Reef (11-029),2022,1,254.643421
Monsoon Reef (11-029),2022,1,568.1267424
Monsoon Reef (11-029),2022,1,369.8140358
Monsoon Reef (11-029),2022,1,181.530913
Monsoon Reef (11-029),2022,1,696.8382497
Monsoon Reef (11-029),2022,1,629.2365763
Monsoon Reef (11-029),2022,1,241.1898097
Monsoon Reef (11-029),2022,1,619.4932963
Monsoon Reef (11-029),2022,1,215.3783333
Monsoon Reef (11-029),2022,1,31.75653394
Monsoon Reef (11-029),2022,1,122.3311775
Monsoon Reef (11-029),2022,1,17.08604373
Monsoon Reef (11-029),2022,1,80.01428923
Monsoon Reef (11-029),2022,1,946.0237864
Monsoon Reef (11-029),2022,1,86.30791268
Monsoon Reef (11-029),2022,1,289.4522405
Monsoon Reef (11-029),2022,1,193.5135221
Monsoon Reef (11-029),2022,1,46.65135634
Monsoon Reef (11-029),2022,1,129.4887981
Monsoon Reef (11-029),2022,1,586.6768625
McSweeney Reef (11-016),2022,1,36398.22602
McSweeney Reef (11-016),2022,1,78.51223264
McSweeney Reef (11-016),2022,1,61.47461584
McSweeney Reef (11-016),2022,1,691.5029847
McSweeney Reef (11-016),2022,1,108.8157933
McSweeney Reef (11-016),2022,1,486.7982506
McSweeney Reef (11-016),2022,1,83.84464812
McSweeney Reef (11-016),2022,1,99.0479382
McSweeney Reef (11-016),2022,1,106.9192551
McSweeney Reef (11-016),2022,1,346.07285
McSweeney Reef (11-016),2022,1,217.0403522
McSweeney Reef (11-016),2022,1,6400.319857
McSweeney Reef (11-016),2022,1,87.00107094
McSweeney Reef (11-016),2022,1,233.064981
McSweeney Reef (11-016),2022,1,140.2870955
McSweeney Reef (11-016),2022,1,516.3630599
McSweeney Reef (11-016),2022,1,30.51974404
McSweeney Reef (11-016),2022,1,76.39108616
McSweeney Reef (11-016),2022,1,30.8563832
McSweeney Reef (11-016),2022,1,521.9755943
McSweeney Reef (11-016),2022,1,95.28658343
McSweeney Reef (11-016),2022,1,53.69920705
McSweeney Reef (11-016),2022,1,208.8079212
McSweeney Reef (11-016),2022,1,141.6981985
McSweeney Reef (11-016),2022,1,76.57299619
McSweeney Reef (11-016),2022,1,71.48678966
McSweeney Reef (11-016),2022,1,74.25527289
McSweeney Reef (11-016),2022,1,79.61727709
McSweeney Reef (11-016),2022,1,88.84877324
McSweeney Reef (11-016),2022,1,92.93947219
McSweeney Reef (11-016),2022,1,166.9144148
McSweeney Reef (11-016),2022,1,16.20095641
McSweeney Reef (11-016),2022,1,49.862083
McSweeney Reef (11-016),2022,1,95.38142504
McSweeney Reef (11-016),2022,1,44.94919062
McSweeney Reef (11-016),2022,1,757.8223268
Davies Reef (18-096),2022,1,73.25470448
Davies Reef (18-096),2022,1,28.41945067
Davies Reef (18-096),2022,1,26.91551931
Davies Reef (18-096),2022,1,12.0857846
Davies Reef (18-096),2022,1,79.01091725
Davies Reef (18-096),2022,1,53.61810476
Davies Reef (18-096),2022,0,NA
Davies Reef (18-096),2022,1,60.08931175
Davies Reef (18-096),2022,1,24.96754155
Davies Reef (18-096),2022,0,0
Davies Reef (18-096),2022,1,47.13436849
Davies Reef (18-096),2022,1,46.71223015
Davies Reef (18-096),2022,1,77.83750445
Davies Reef (18-096),2022,1,98.51749688
Davies Reef (18-096),2022,1,80.15656024
Davies Reef (18-096),2022,1,127.5264233
Davies Reef (18-096),2022,1,110.8967498
Davies Reef (18-096),2022,1,74.16866049
Davies Reef (18-096),2022,1,65.0262326
Davies Reef (18-096),2022,1,87.12193072
Davies Reef (18-096),2022,1,208.0045044
Davies Reef (18-096),2022,1,158.8707894
Davies Reef (18-096),2022,1,100.0029981
Davies Reef (18-096),2022,1,128.8351044
Davies Reef (18-096),2022,1,23.74203578
Davies Reef (18-096),2022,1,16.17438197
Davies Reef (18-096),2022,1,57.92680643
Davies Reef (18-096),2022,1,67.31961295
Davies Reef (18-096),2022,1,7.889950834
Davies Reef (18-096),2022,1,8.335683122
Davies Reef (18-096),2022,1,31.62849247
Davies Reef (18-096),2022,1,7.829392143
Davies Reef (18-096),2022,1,30.23871817
Davies Reef (18-096),2022,1,24.50538129
Davies Reef (18-096),2022,1,7.678810693
Davies Reef (18-096),2022,1,15.23893923
Davies Reef (18-096),2023,1,17.30913791
Davies Reef (18-096),2023,1,32.81545748
Davies Reef (18-096),2023,1,55.84429306
Davies Reef (18-096),2023,1,16.21700118
Davies Reef (18-096),2023,1,24.07041875
Davies Reef (18-096),2023,1,22.5754501
Davies Reef (18-096),2023,1,8.23109626
Davies Reef (18-096),2023,1,25.23796459
Davies Reef (18-096),2023,1,37.52885045
Davies Reef (18-096),2023,1,15.12432194
Davies Reef (18-096),2023,1,7.77831794
Davies Reef (18-096),2023,1,17.09057184
Davies Reef (18-096),2023,0,0
Davies Reef (18-096),2023,0,0
Davies Reef (18-096),2023,1,7.931440629
Davies Reef (18-096),2023,0,0
Davies Reef (18-096),2023,0,0
Davies Reef (18-096),2023,0,0
Davies Reef (18-096),2023,0,0
Davies Reef (18-096),2023,0,0
Davies Reef (18-096),2023,0,0
Davies Reef (18-096),2023,0,0
Davies Reef (18-096),2023,0,0
Davies Reef (18-096),2023,0,0
Shrimp Reef (18-118),2023,0,0
Shrimp Reef (18-118),2023,0,0
Shrimp Reef (18-118),2023,0,0
Shrimp Reef (18-118),2023,1,15.43076454
Shrimp Reef (18-118),2023,0,0
Shrimp Reef (18-118),2023,1,7.769072102
Shrimp Reef (18-118),2023,0,0
Shrimp Reef (18-118),2023,1,8.121618532
Shrimp Reef (18-118),2023,1,14.90901773
Shrimp Reef (18-118),2023,1,7.378921129
Shrimp Reef (18-118),2023,0,0
Shrimp Reef (18-118),2023,1,8.183763687
Prawn Reef (19-024),2023,0,0
Prawn Reef (19-024),2023,0,0
Prawn Reef (19-024),2023,1,7.642893448
Prawn Reef (19-024),2023,0,0
Prawn Reef (19-024),2023,1,7.722494727
Prawn Reef (19-024),2023,0,0
Prawn Reef (19-024),2023,0,0
Prawn Reef (19-024),2023,0,0
Prawn Reef (19-024),2023,0,0
Prawn Reef (19-024),2023,0,0
Prawn Reef (19-024),2023,0,0
Prawn Reef (19-024),2023,1,8.305475386
Prawn Reef (19-024),2023,1,16.19397975
Prawn Reef (19-024),2023,1,39.41245481
Prawn Reef (19-024),2023,1,23.20912586
Prawn Reef (19-024),2023,1,32.31023484
Prawn Reef (19-024),2023,0,0
Prawn Reef (19-024),2023,0,0
Prawn Reef (19-024),2023,0,0
Prawn Reef (19-024),2023,0,0
Prawn Reef (19-024),2023,1,23.74435972
Prawn Reef (19-024),2023,1,15.99201464
Prawn Reef (19-024),2023,1,15.53640104
Prawn Reef (19-024),2023,1,7.901609164
Darley Reef (19-043),2023,1,38.06839172
Darley Reef (19-043),2023,0,0
Darley Reef (19-043),2023,1,15.52694692
Darley Reef (19-043),2023,1,15.77142934
Darley Reef (19-043),2023,1,7.815868559
Darley Reef (19-043),2023,1,15.7311426
Darley Reef (19-043),2023,1,8.316826744
Darley Reef (19-043),2023,1,31.67818202
Darley Reef (19-043),2023,1,37.4687224
Darley Reef (19-043),2023,1,14.9477297
Darley Reef (19-043),2023,1,39.13679907
Darley Reef (19-043),2023,1,7.42768223
Darley Reef (19-043),2023,0,0
Darley Reef (19-043),2023,0,0
Darley Reef (19-043),2023,0,0
Darley Reef (19-043),2023,1,18.72665023
Darley Reef (19-043),2023,0,0
Darley Reef (19-043),2023,0,0
Darley Reef (19-043),2023,1,16.20780569
Darley Reef (19-043),2023,0,0
Darley Reef (19-043),2023,1,22.71573403
Darley Reef (19-043),2023,0,0
Darley Reef (19-043),2023,1,29.86026189
Darley Reef (19-043),2023,1,7.329273731
Darley Reef (19-043),2023,1,15.51548162
Darley Reef (19-043),2023,1,50.03080515
Darley Reef (19-043),2023,0,0
Darley Reef (19-043),2023,0,0
Darley Reef (19-043),2023,1,23.38244406
Darley Reef (19-043),2023,1,44.2312925
Darley Reef (19-043),2023,0,0
Darley Reef (19-043),2023,1,29.82887493
Darley Reef (19-043),2023,0,0
Darley Reef (19-043),2023,0,0
Darley Reef (19-043),2023,1,7.790336089
Darley Reef (19-043),2023,1,16.21037064
Darley Reef (19-043),2023,0,0
Darley Reef (19-043),2023,0,0
Darley Reef (19-043),2023,0,0
Darley Reef (19-043),2023,0,0
Darley Reef (19-043),2023,0,0
Darley Reef (19-043),2023,0,0
Darley Reef (19-043),2023,0,0
Darley Reef (19-043),2023,0,0
Darley Reef (19-043),2023,0,0
Darley Reef (19-043),2023,0,0
Darley Reef (19-043),2023,0,0
Darley Reef (19-043),2023,0,0
Faith Reef (19-044),2023,1,8.138098101
Faith Reef (19-044),2023,1,66.79695235
Faith Reef (19-044),2023,0,0
Faith Reef (19-044),2023,1,15.01685643
Faith Reef (19-044),2023,0,0
Faith Reef (19-044),2023,1,1588.978659
Faith Reef (19-044),2023,1,7.726552169
Faith Reef (19-044),2023,1,113.6808634
Faith Reef (19-044),2023,1,31.8413809
Faith Reef (19-044),2023,1,7.444288805
Faith Reef (19-044),2023,0,0
Faith Reef (19-044),2023,1,15.95969969
Banfield Reef (North) (18-105a),2023,1,30.91700772
Banfield Reef (North) (18-105a),2023,1,7.853783496
Banfield Reef (North) (18-105a),2023,1,15.66885087
Banfield Reef (North) (18-105a),2023,1,23.18341516
Banfield Reef (North) (18-105a),2023,1,8.546825924
Banfield Reef (North) (18-105a),2023,1,25.10555582
Banfield Reef (North) (18-105a),2023,1,199.4638925
Banfield Reef (North) (18-105a),2023,1,47.07539062
Banfield Reef (North) (18-105a),2023,1,15.26927268
Banfield Reef (North) (18-105a),2023,1,90.99544178
Banfield Reef (North) (18-105a),2023,1,31.36747041
Banfield Reef (North) (18-105a),2023,1,23.06352852
Banfield Reef (North) (18-105a),2023,1,23.71119765
Banfield Reef (North) (18-105a),2023,1,8.024855654
Banfield Reef (North) (18-105a),2023,1,8.05195119
Banfield Reef (North) (18-105a),2023,0,0
Banfield Reef (North) (18-105a),2023,1,8.003019808
Banfield Reef (North) (18-105a),2023,1,8.585078848
Banfield Reef (North) (18-105a),2023,1,15.8008166
Banfield Reef (North) (18-105a),2023,1,24.21773361
Banfield Reef (North) (18-105a),2023,0,0
Banfield Reef (North) (18-105a),2023,1,8.142979871
Banfield Reef (North) (18-105a),2023,0,0
Banfield Reef (North) (18-105a),2023,0,0
Lynchs Reef (18-091),2023,1,25.30150555
Lynchs Reef (18-091),2023,1,45.35741669
Lynchs Reef (18-091),2023,1,22.42470822
Lynchs Reef (18-091),2023,1,30.79274821
Lynchs Reef (18-091),2023,1,48.35738915
Lynchs Reef (18-091),2023,1,62.73911139
Lynchs Reef (18-091),2023,1,30.70294953
Lynchs Reef (18-091),2023,1,126.9190206
Lynchs Reef (18-091),2023,1,57.18355945
Lynchs Reef (18-091),2023,1,40.69676945
Lynchs Reef (18-091),2023,1,32.17262376
Lynchs Reef (18-091),2023,1,61.71495568
Lynchs Reef (18-091),2023,1,8.078860451
Lynchs Reef (18-091),2023,1,7.691863932
Lynchs Reef (18-091),2023,1,15.45479602
Lynchs Reef (18-091),2023,1,15.865377
Lynchs Reef (18-091),2023,1,22.88878101
Lynchs Reef (18-091),2023,1,8.407164587
Lynchs Reef (18-091),2023,1,7.832867497
Lynchs Reef (18-091),2023,0,0
Lynchs Reef (18-091),2023,1,16.71797714
Lynchs Reef (18-091),2023,0,0
Lynchs Reef (18-091),2023,1,15.78801954
Lynchs Reef (18-091),2023,0,0
Lynchs Reef (18-091),2023,0,0
Lynchs Reef (18-091),2023,1,22.71195205
Lynchs Reef (18-091),2023,1,7.732985178
Lynchs Reef (18-091),2023,1,7.836345757
Lynchs Reef (18-091),2023,0,0
Lynchs Reef (18-091),2023,0,0
Lynchs Reef (18-091),2023,0,0
Lynchs Reef (18-091),2023,1,39.45891221
Lynchs Reef (18-091),2023,0,0
Lynchs Reef (18-091),2023,0,0
Lynchs Reef (18-091),2023,0,0
Lynchs Reef (18-091),2023,0,0
Lynchs Reef (18-091),2023,1,7.501247083
Lynchs Reef (18-091),2023,1,22.19523175
Lynchs Reef (18-091),2023,1,15.61479347
Lynchs Reef (18-091),2023,1,8.206216758
Lynchs Reef (18-091),2023,0,0
Lynchs Reef (18-091),2023,0,0
Lynchs Reef (18-091),2023,1,8.147491321
Lynchs Reef (18-091),2023,1,7.991784447
Lynchs Reef (18-091),2023,0,0
Lynchs Reef (18-091),2023,0,0
Lynchs Reef (18-091),2023,0,0
Lynchs Reef (18-091),2023,0,0
Rudder Reef (16-023),2023,1,277564.6088
Rudder Reef (16-023),2023,1,2280.146384
Rudder Reef (16-023),2023,0,0
Rudder Reef (16-023),2023,1,30.85329272
Rudder Reef (16-023),2023,0,0
Rudder Reef (16-023),2023,0,0
Rudder Reef (16-023),2023,1,15.85335173
Rudder Reef (16-023),2023,1,60.16843691
Rudder Reef (16-023),2023,0,0
Rudder Reef (16-023),2023,0,0
Rudder Reef (16-023),2023,1,8.146739379
Rudder Reef (16-023),2023,0,0
Rudder Reef (16-023),2023,0,0
Rudder Reef (16-023),2023,0,0
Rudder Reef (16-023),2023,0,0
Rudder Reef (16-023),2023,0,0
Rudder Reef (16-023),2023,0,0
Rudder Reef (16-023),2023,0,0
Rudder Reef (16-023),2023,0,0
Rudder Reef (16-023),2023,0,0
Rudder Reef (16-023),2023,0,0
Rudder Reef (16-023),2023,0,0
Rudder Reef (16-023),2023,0,0
Rudder Reef (16-023),2023,0,0
Rudder Reef (16-023),2023,0,0
Rudder Reef (16-023),2023,0,0
Rudder Reef (16-023),2023,0,0
Rudder Reef (16-023),2023,1,7.761896029
Rudder Reef (16-023),2023,0,0
Rudder Reef (16-023),2023,0,0
Rudder Reef (16-023),2023,0,0
Rudder Reef (16-023),2023,0,0
Rudder Reef (16-023),2023,0,0
Rudder Reef (16-023),2023,0,0
Rudder Reef (16-023),2023,0,0
Rudder Reef (16-023),2023,0,0
Undine Reef (West) (16-020a),2023,0,0
Undine Reef (West) (16-020a),2023,1,7.409904711
Undine Reef (West) (16-020a),2023,0,0
Undine Reef (West) (16-020a),2023,0,0
Undine Reef (West) (16-020a),2023,0,0
Undine Reef (West) (16-020a),2023,0,0
Undine Reef (West) (16-020a),2023,0,0
Undine Reef (West) (16-020a),2023,0,0
Undine Reef (West) (16-020a),2023,0,0
Undine Reef (West) (16-020a),2023,0,0
Undine Reef (West) (16-020a),2023,0,0
Undine Reef (West) (16-020a),2023,0,0
Undine Reef (West) (16-020a),2023,0,0
Undine Reef (West) (16-020a),2023,0,0
Undine Reef (West) (16-020a),2023,0,0
Undine Reef (West) (16-020a),2023,0,0
Undine Reef (West) (16-020a),2023,1,7.823838294
Undine Reef (West) (16-020a),2023,0,0
Undine Reef (West) (16-020a),2023,0,0
Undine Reef (West) (16-020a),2023,0,0
Undine Reef (West) (16-020a),2023,0,0
Undine Reef (West) (16-020a),2023,0,0
Undine Reef (West) (16-020a),2023,0,0
Undine Reef (West) (16-020a),2023,0,0
Undine Reef (West) (16-020a),2023,0,0
Undine Reef (West) (16-020a),2023,0,0
Undine Reef (West) (16-020a),2023,0,0
Undine Reef (West) (16-020a),2023,0,0
Undine Reef (West) (16-020a),2023,0,0
Undine Reef (West) (16-020a),2023,0,0
Undine Reef (West) (16-020a),2023,0,0
Undine Reef (West) (16-020a),2023,0,0
Undine Reef (West) (16-020a),2023,0,0
Undine Reef (West) (16-020a),2023,0,0
Undine Reef (West) (16-020a),2023,0,0
Undine Reef (West) (16-020a),2023,0,0
Cairns Reef (15-086),2023,0,0
Cairns Reef (15-086),2023,0,0
Cairns Reef (15-086),2023,1,8.154268004
Cairns Reef (15-086),2023,0,0
Cairns Reef (15-086),2023,1,8.024855889
Cairns Reef (15-086),2023,0,0
Cairns Reef (15-086),2023,1,7.798598707
Cairns Reef (15-086),2023,0,0
Cairns Reef (15-086),2023,0,0
Cairns Reef (15-086),2023,0,0
Cairns Reef (15-086),2023,1,7.935721055
Cairns Reef (15-086),2023,0,0
Cairns Reef (15-086),2023,1,7.816214673
Cairns Reef (15-086),2023,0,0
Cairns Reef (15-086),2023,0,0
Cairns Reef (15-086),2023,0,0
Cairns Reef (15-086),2023,0,0
Cairns Reef (15-086),2023,1,16.3444804
Cairns Reef (15-086),2023,1,7.575958595
Cairns Reef (15-086),2023,1,15.40756859
Cairns Reef (15-086),2023,0,0
Cairns Reef (15-086),2023,1,15.32927379
Cairns Reef (15-086),2023,0,0
Cairns Reef (15-086),2023,0,0
Cairns Reef (15-086),2023,1,8.669856191
Cairns Reef (15-086),2023,1,8.317218907
Cairns Reef (15-086),2023,1,8.582156338
Cairns Reef (15-086),2023,1,22.23030701
Cairns Reef (15-086),2023,1,7.629016042
Cairns Reef (15-086),2023,0,0
Cairns Reef (15-086),2023,1,7.574007288
Cairns Reef (15-086),2023,1,15.04780166
Cairns Reef (15-086),2023,1,8.688210323
Cairns Reef (15-086),2023,0,0
Cairns Reef (15-086),2023,0,0
Cairns Reef (15-086),2023,0,0
Osterlund Reef (15-078),2023,0,0
Osterlund Reef (15-078),2023,0,0
Osterlund Reef (15-078),2023,0,0
Osterlund Reef (15-078),2023,1,23.47567901
Osterlund Reef (15-078),2023,0,0
Osterlund Reef (15-078),2023,0,0
Osterlund Reef (15-078),2023,0,0
Osterlund Reef (15-078),2023,0,0
Osterlund Reef (15-078),2023,1,8.31643492
Osterlund Reef (15-078),2023,1,25.29379427
Osterlund Reef (15-078),2023,0,0
Osterlund Reef (15-078),2023,0,0
Osterlund Reef (15-078),2023,0,0
Osterlund Reef (15-078),2023,0,0
Osterlund Reef (15-078),2023,0,0
Osterlund Reef (15-078),2023,0,0
Osterlund Reef (15-078),2023,0,0
Osterlund Reef (15-078),2023,0,0
Osterlund Reef (15-078),2023,1,15.01046978
Osterlund Reef (15-078),2023,0,0
Osterlund Reef (15-078),2023,1,8.460773528
Osterlund Reef (15-078),2023,1,8.383998089
Osterlund Reef (15-078),2023,0,0
Osterlund Reef (15-078),2023,0,0
Osterlund Reef (15-078),2023,0,0
Osterlund Reef (15-078),2023,0,0
Osterlund Reef (15-078),2023,0,0
Osterlund Reef (15-078),2023,0,0
Osterlund Reef (15-078),2023,0,0
Osterlund Reef (15-078),2023,0,0
Osterlund Reef (15-078),2023,0,0
Osterlund Reef (15-078),2023,0,0
Osterlund Reef (15-078),2023,1,7.987444103
Osterlund Reef (15-078),2023,0,0
Osterlund Reef (15-078),2023,0,0
Osterlund Reef (15-078),2023,0,0
Davie Reef (13-130),2023,1,7.711021788
Davie Reef (13-130),2023,0,0
Davie Reef (13-130),2023,0,0
Davie Reef (13-130),2023,0,0
Davie Reef (13-130),2023,0,0
Davie Reef (13-130),2023,0,0
Davie Reef (13-130),2023,0,0
Davie Reef (13-130),2023,0,0
Davie Reef (13-130),2023,0,0
Davie Reef (13-130),2023,0,0
Davie Reef (13-130),2023,0,0
Davie Reef (13-130),2023,0,0
Davie Reef (13-130),2023,0,0
Davie Reef (13-130),2023,0,0
Davie Reef (13-130),2023,0,0
Davie Reef (13-130),2023,0,0
Davie Reef (13-130),2023,0,0
Davie Reef (13-130),2023,0,0
Davie Reef (13-130),2023,0,0
Davie Reef (13-130),2023,0,0
Davie Reef (13-130),2023,0,0
Davie Reef (13-130),2023,0,0
Davie Reef (13-130),2023,0,0
Davie Reef (13-130),2023,0,0
Davie Reef (13-130),2023,0,0
Davie Reef (13-130),2023,1,24.269912389999998
Davie Reef (13-130),2023,0,0
Davie Reef (13-130),2023,0,0
Davie Reef (13-130),2023,1,16.42163638
Davie Reef (13-130),2023,0,0
Davie Reef (13-130),2023,1,8.480697311
Davie Reef (13-130),2023,0,0
Davie Reef (13-130),2023,0,0
Davie Reef (13-130),2023,1,8.312126063
Davie Reef (13-130),2023,0,0
Davie Reef (13-130),2023,1,7.605015859
Corbett Reef (14-016),2023,1,87.14915067
Corbett Reef (14-016),2023,1,66.37818441
Corbett Reef (14-016),2023,1,23.74263927
Corbett Reef (14-016),2023,1,147.1813247
Corbett Reef (14-016),2023,1,76.73757523
Corbett Reef (14-016),2023,1,24.54271987
Corbett Reef (14-016),2023,1,52.76418999
Corbett Reef (14-016),2023,1,45.79296559
Corbett Reef (14-016),2023,1,62.30002306
Corbett Reef (14-016),2023,1,60.02527513
Corbett Reef (14-016),2023,1,70.24051175
Corbett Reef (14-016),2023,1,85.44166535
Corbett Reef (14-016),2023,1,15.28942846
Corbett Reef (14-016),2023,1,56.03995174
Corbett Reef (14-016),2023,1,23.40152431
Corbett Reef (14-016),2023,1,31.66980743
Corbett Reef (14-016),2023,1,8.370080218
Corbett Reef (14-016),2023,1,46.55316621
Corbett Reef (14-016),2023,1,30.65870181
Corbett Reef (14-016),2023,1,15.64927194
Corbett Reef (14-016),2023,1,236.8097842
Corbett Reef (14-016),2023,1,52.46623456
Corbett Reef (14-016),2023,1,14.94310386
Corbett Reef (14-016),2023,1,23.52052554
Corbett Reef (14-016),2023,1,7.896659151
Corbett Reef (14-016),2023,1,16.07371755
Corbett Reef (14-016),2023,1,7.765311375
Corbett Reef (14-016),2023,1,15.56177996
Corbett Reef (14-016),2023,1,22.64540847
Corbett Reef (14-016),2023,1,70.41767165
Corbett Reef (14-016),2023,1,84.13788825
Corbett Reef (14-016),2023,1,15.62101319
Corbett Reef (14-016),2023,0,0
Corbett Reef (14-016),2023,0,0
Corbett Reef (14-016),2023,0,0
Corbett Reef (14-016),2023,0,0
U/N Reef (13-124),2023,1,55.78940213
U/N Reef (13-124),2023,1,23.96710385
U/N Reef (13-124),2023,1,8.1063224
U/N Reef (13-124),2023,1,7.677139901
U/N Reef (13-124),2023,1,7.770098001
U/N Reef (13-124),2023,1,7.820371538
U/N Reef (13-124),2023,0,0
U/N Reef (13-124),2023,1,9.009347297
U/N Reef (13-124),2023,1,7.561027072
U/N Reef (13-124),2023,1,7.513383217
U/N Reef (13-124),2023,0,0
U/N Reef (13-124),2023,1,7.730614208
U/N Reef (13-124),2023,1,48.78649861
U/N Reef (13-124),2023,1,117.512624
U/N Reef (13-124),2023,1,77.32623965
U/N Reef (13-124),2023,1,220.5002457
U/N Reef (13-124),2023,1,96.31309211
U/N Reef (13-124),2023,1,52.34694332
U/N Reef (13-124),2023,1,96.66817747
U/N Reef (13-124),2023,1,214.5994484
U/N Reef (13-124),2023,1,300.2598703
U/N Reef (13-124),2023,1,99.82742742
U/N Reef (13-124),2023,1,156.0371429
U/N Reef (13-124),2023,1,195.5741465
U/N Reef (13-124),2023,1,7.974089496
U/N Reef (13-124),2023,0,0
U/N Reef (13-124),2023,0,0
U/N Reef (13-124),2023,1,7.759166323
U/N Reef (13-124),2023,1,7.636609487
U/N Reef (13-124),2023,0,0
U/N Reef (13-124),2023,1,7.956472971
U/N Reef (13-124),2023,0,0
U/N Reef (13-124),2023,1,16.0690181
U/N Reef (13-124),2023,1,8.2883114
U/N Reef (13-124),2023,0,0
U/N Reef (13-124),2023,0,0
U/N Reef (13-093a),2023,1,7.851337641
U/N Reef (13-093a),2023,1,15.41025974
U/N Reef (13-093a),2023,1,16.1204014
U/N Reef (13-093a),2023,1,7.478993386
U/N Reef (13-093a),2023,1,15.29011019
U/N Reef (13-093a),2023,1,16.52346365
U/N Reef (13-093a),2023,1,23.52052554
U/N Reef (13-093a),2023,1,16.8827394
U/N Reef (13-093a),2023,1,24.47243035
U/N Reef (13-093a),2023,1,15.88322595
U/N Reef (13-093a),2023,1,7.329273596
U/N Reef (13-093a),2023,1,7.579862885
U/N Reef (13-093a),2023,1,15.48909321
U/N Reef (13-093a),2023,1,7.437072694
U/N Reef (13-093a),2023,0,0
U/N Reef (13-093a),2023,1,55.41650802
U/N Reef (13-093a),2023,1,7.903378643
U/N Reef (13-093a),2023,1,64.52768594
U/N Reef (13-093a),2023,1,70.57092637
U/N Reef (13-093a),2023,1,54.05042097
U/N Reef (13-093a),2023,1,31.49995096
U/N Reef (13-093a),2023,1,53.35608423
U/N Reef (13-093a),2023,1,7.502203993
U/N Reef (13-093a),2023,1,54.27853726
U/N Reef (13-093a),2023,1,7.596504316
U/N Reef (13-093a),2023,1,22.83669859
U/N Reef (13-093a),2023,1,15.62032253
U/N Reef (13-093a),2023,0,0
U/N Reef (13-093a),2023,1,31.94079883
U/N Reef (13-093a),2023,1,16.62936397
U/N Reef (13-093a),2023,1,15.79721477
U/N Reef (13-093a),2023,1,31.6680707
U/N Reef (13-093a),2023,1,23.03242162
U/N Reef (13-093a),2023,1,30.15197217
U/N Reef (13-093a),2023,1,7.719792053
U/N Reef (13-093a),2023,1,7.927164808
Hedge Reef (13-108),2023,1,32.99696669
Hedge Reef (13-108),2023,0,0
Hedge Reef (13-108),2023,1,48.04266393
Hedge Reef (13-108),2023,1,23.83609526
Hedge Reef (13-108),2023,1,105.0873712
Hedge Reef (13-108),2023,1,170.4419598
Hedge Reef (13-108),2023,1,24.11813289
Hedge Reef (13-108),2023,1,15.18222392
Hedge Reef (13-108),2023,1,97.01090455
Hedge Reef (13-108),2023,1,14.89328966
Hedge Reef (13-108),2023,1,49.29742366
Hedge Reef (13-108),2023,0,0
Hedge Reef (13-108),2023,1,37.56034914
Hedge Reef (13-108),2023,0,0
Hedge Reef (13-108),2023,1,55.55605665
Hedge Reef (13-108),2023,1,15.75701572
Hedge Reef (13-108),2023,0,0
Hedge Reef (13-108),2023,1,15.42544495
Hedge Reef (13-108),2023,1,7.451518066
Hedge Reef (13-108),2023,1,22.97925297
Hedge Reef (13-108),2023,1,53.55328023
Hedge Reef (13-108),2023,1,31.97352849
Hedge Reef (13-108),2023,1,69.16935146
Hedge Reef (13-108),2023,1,15.31738099
Hedge Reef (13-108),2023,1,38.19051515
Hedge Reef (13-108),2023,1,54.53136563
Hedge Reef (13-108),2023,1,31.08864538
Hedge Reef (13-108),2023,1,96.05297819
Hedge Reef (13-108),2023,1,89.36112151
Hedge Reef (13-108),2023,1,83.89758468
Hedge Reef (13-108),2023,1,60.95925719
Hedge Reef (13-108),2023,1,91.39120337
Hedge Reef (13-108),2023,1,50.33143088
Hedge Reef (13-108),2023,1,30.64689115
Hedge Reef (13-108),2023,1,15.38994648
Hedge Reef (13-108),2023,1,37.84240857
Yonge Reef (14-138),2023,0,0
Yonge Reef (14-138),2023,0,0
Yonge Reef (14-138),2023,0,0
Yonge Reef (14-138),2023,0,0
Yonge Reef (14-138),2023,0,0
Yonge Reef (14-138),2023,0,0
Yonge Reef (14-138),2023,0,0
Yonge Reef (14-138),2023,0,0
Yonge Reef (14-138),2023,0,0
Yonge Reef (14-138),2023,0,0
Yonge Reef (14-138),2023,0,0
Yonge Reef (14-138),2023,0,0
Yonge Reef (14-138),2023,0,0
Yonge Reef (14-138),2023,0,0
Yonge Reef (14-138),2023,0,0
Yonge Reef (14-138),2023,0,0
Yonge Reef (14-138),2023,0,0
Yonge Reef (14-138),2023,0,0
Yonge Reef (14-138),2023,0,0
Yonge Reef (14-138),2023,0,0
Yonge Reef (14-138),2023,0,0
Yonge Reef (14-138),2023,0,0
Yonge Reef (14-138),2023,0,0
Yonge Reef (14-138),2023,1,7.483750954
Yonge Reef (14-138),2023,0,0
Yonge Reef (14-138),2023,0,0
Yonge Reef (14-138),2023,0,0
Yonge Reef (14-138),2023,0,0
Yonge Reef (14-138),2023,0,0
Yonge Reef (14-138),2023,0,0
Yonge Reef (14-138),2023,0,0
Yonge Reef (14-138),2023,0,0
Yonge Reef (14-138),2023,0,0
Yonge Reef (14-138),2023,0,0
Yonge Reef (14-138),2023,0,0
Yonge Reef (14-138),2023,0,0
Ribbon No 9 Reef (14-154),2023,0,0
Ribbon No 9 Reef (14-154),2023,0,0
Ribbon No 9 Reef (14-154),2023,0,0
Ribbon No 9 Reef (14-154),2023,0,0
Ribbon No 9 Reef (14-154),2023,0,0
Ribbon No 9 Reef (14-154),2023,0,0
Ribbon No 9 Reef (14-154),2023,0,0
Ribbon No 9 Reef (14-154),2023,0,0
Ribbon No 9 Reef (14-154),2023,1,7.582794316
Ribbon No 9 Reef (14-154),2023,0,0
Ribbon No 9 Reef (14-154),2023,0,0
Ribbon No 9 Reef (14-154),2023,0,0
Ribbon No 9 Reef (14-154),2023,0,0
Ribbon No 9 Reef (14-154),2023,0,0
Ribbon No 9 Reef (14-154),2023,0,0
Ribbon No 9 Reef (14-154),2023,0,0
Ribbon No 9 Reef (14-154),2023,0,0
Ribbon No 9 Reef (14-154),2023,0,0
Ribbon No 9 Reef (14-154),2023,0,0
Ribbon No 9 Reef (14-154),2023,0,0
Ribbon No 9 Reef (14-154),2023,0,0
Ribbon No 9 Reef (14-154),2023,0,0
Ribbon No 9 Reef (14-154),2023,0,0
Ribbon No 9 Reef (14-154),2023,0,0
Ribbon No 9 Reef (14-154),2023,0,0
Ribbon No 9 Reef (14-154),2023,0,0
Ribbon No 9 Reef (14-154),2023,0,0
Ribbon No 9 Reef (14-154),2023,0,0
Ribbon No 9 Reef (14-154),2023,0,0
Ribbon No 9 Reef (14-154),2023,0,0
Ribbon No 9 Reef (14-154),2023,0,0
Ribbon No 9 Reef (14-154),2023,0,0
Ribbon No 9 Reef (14-154),2023,0,0
Ribbon No 9 Reef (14-154),2023,0,0
Ribbon No 9 Reef (14-154),2023,0,0
Ribbon No 9 Reef (14-154),2023,0,0
Ribbon No 5 Reef (15-038),2023,0,0
Ribbon No 5 Reef (15-038),2023,0,0
Ribbon No 5 Reef (15-038),2023,0,0
Ribbon No 5 Reef (15-038),2023,0,0
Ribbon No 5 Reef (15-038),2023,0,0
Ribbon No 5 Reef (15-038),2023,0,0
Ribbon No 5 Reef (15-038),2023,0,0
Ribbon No 5 Reef (15-038),2023,1,7.502841577
Ribbon No 5 Reef (15-038),2023,1,8.001205511
Ribbon No 5 Reef (15-038),2023,0,0
Ribbon No 5 Reef (15-038),2023,0,0
Ribbon No 5 Reef (15-038),2023,0,0
Ribbon No 5 Reef (15-038),2023,0,0
Ribbon No 5 Reef (15-038),2023,0,0
Ribbon No 5 Reef (15-038),2023,0,0
Ribbon No 5 Reef (15-038),2023,0,0
Ribbon No 5 Reef (15-038),2023,0,0
Ribbon No 5 Reef (15-038),2023,0,0
Ribbon No 5 Reef (15-038),2023,0,0
Ribbon No 5 Reef (15-038),2023,0,0
Ribbon No 5 Reef (15-038),2023,0,0
Ribbon No 5 Reef (15-038),2023,0,0
Ribbon No 5 Reef (15-038),2023,0,0
Ribbon No 5 Reef (15-038),2023,0,0
Ribbon No 5 Reef (15-038),2023,0,0
Ribbon No 5 Reef (15-038),2023,0,0
Ribbon No 5 Reef (15-038),2023,0,0
Ribbon No 5 Reef (15-038),2023,0,0
Ribbon No 5 Reef (15-038),2023,0,0
Ribbon No 5 Reef (15-038),2023,0,0
Ribbon No 5 Reef (15-038),2023,0,0
Ribbon No 5 Reef (15-038),2023,0,0
Ribbon No 5 Reef (15-038),2023,0,0
Ribbon No 5 Reef (15-038),2023,0,0
Ribbon No 5 Reef (15-038),2023,0,0
Ribbon No 5 Reef (15-038),2023,0,0
Tongue Reef (16-026),2023,1,22.70522732
Tongue Reef (16-026),2023,1,22.55263254
Tongue Reef (16-026),2023,1,110.7635826
Tongue Reef (16-026),2023,1,15.58294483
Tongue Reef (16-026),2023,1,60.07694677
Tongue Reef (16-026),2023,0,0
Tongue Reef (16-026),2023,1,23.62090554
Tongue Reef (16-026),2023,1,30.43363094
Tongue Reef (16-026),2023,1,30.4346351
Tongue Reef (16-026),2023,0,0
Tongue Reef (16-026),2023,1,53.53029259
Tongue Reef (16-026),2023,1,7.652836852
Tongue Reef (16-026),2023,0,0
Tongue Reef (16-026),2023,0,0
Tongue Reef (16-026),2023,0,0
Tongue Reef (16-026),2023,0,0
Tongue Reef (16-026),2023,0,0
Tongue Reef (16-026),2023,0,0
Tongue Reef (16-026),2023,0,0
Tongue Reef (16-026),2023,0,0
Tongue Reef (16-026),2023,0,0
Tongue Reef (16-026),2023,0,0
Tongue Reef (16-026),2023,0,0
Tongue Reef (16-026),2023,0,0
Tongue Reef (16-026),2023,1,7.626378536
Tongue Reef (16-026),2023,0,0
Tongue Reef (16-026),2023,0,0
Tongue Reef (16-026),2023,0,0
Tongue Reef (16-026),2023,0,0
Tongue Reef (16-026),2023,0,0
Tongue Reef (16-026),2023,1,7.484703138
Tongue Reef (16-026),2023,1,7.799632475
Tongue Reef (16-026),2023,0,0
Tongue Reef (16-026),2023,1,8.06298852
Tongue Reef (16-026),2023,1,7.558760047
Tongue Reef (16-026),2023,1,15.72764553
Batt Reef (16-029),2023,1,23.69807661
Batt Reef (16-029),2023,1,33.22535008
Batt Reef (16-029),2023,1,7.829739712
Batt Reef (16-029),2023,0,0
Batt Reef (16-029),2023,1,17.4847221
Batt Reef (16-029),2023,1,15.16991258
Batt Reef (16-029),2023,1,14.9787331
Batt Reef (16-029),2023,1,15.05039334
Batt Reef (16-029),2023,1,362.4483168
Batt Reef (16-029),2023,1,14.9453368
Batt Reef (16-029),2023,1,7.542605884
Batt Reef (16-029),2023,1,15.10231867
Batt Reef (16-029),2023,1,164.6398991
Batt Reef (16-029),2023,1,170.6936404
Batt Reef (16-029),2023,1,79.19478714
Batt Reef (16-029),2023,1,131.0052529
Batt Reef (16-029),2023,1,113.5844842
Batt Reef (16-029),2023,1,22.80325592
Batt Reef (16-029),2023,1,143.7865466
Batt Reef (16-029),2023,1,85.41721925
Batt Reef (16-029),2023,1,153.5325006
Batt Reef (16-029),2023,1,60.10196954
Batt Reef (16-029),2023,1,78.23610306
Batt Reef (16-029),2023,1,68.70141551
Batt Reef (16-029),2023,1,34.43477154
Batt Reef (16-029),2023,1,8.178074844
Batt Reef (16-029),2023,1,8.465644531
Batt Reef (16-029),2023,1,31.50285445
Batt Reef (16-029),2023,0,0
Batt Reef (16-029),2023,1,15.26430063
Batt Reef (16-029),2023,1,23.7786781
Batt Reef (16-029),2023,1,23.9981778
Batt Reef (16-029),2023,1,7.804806903
Batt Reef (16-029),2023,0,0
Batt Reef (16-029),2023,1,7.85063915
Batt Reef (16-029),2023,1,16.24135673
Green Island Reef (16-049),2023,1,15.38607404
Green Island Reef (16-049),2023,1,7.944294624
Green Island Reef (16-049),2023,0,0
Green Island Reef (16-049),2023,1,7.62769673
Green Island Reef (16-049),2023,1,7.834606245
Green Island Reef (16-049),2023,1,15.99987186
Green Island Reef (16-049),2023,1,16.61397479
Green Island Reef (16-049),2023,1,7.805842347
Green Island Reef (16-049),2023,1,8.568404987
Green Island Reef (16-049),2023,1,15.06107301
Green Island Reef (16-049),2023,1,30.89610301
Green Island Reef (16-049),2023,0,0
Green Island Reef (16-049),2023,1,15.16086571
Green Island Reef (16-049),2023,1,15.10942988
Green Island Reef (16-049),2023,1,14.44112845
Green Island Reef (16-049),2023,1,30.4651469
Green Island Reef (16-049),2023,0,0
Green Island Reef (16-049),2023,1,7.606326789
Green Island Reef (16-049),2023,1,23.13407511
Green Island Reef (16-049),2023,1,38.72069567
Green Island Reef (16-049),2023,1,16.28477331
Green Island Reef (16-049),2023,1,15.1626572
Green Island Reef (16-049),2023,1,15.30202366
Green Island Reef (16-049),2023,0,0
Green Island Reef (16-049),2023,0,0
Green Island Reef (16-049),2023,1,7.535842806
Green Island Reef (16-049),2023,0,0
Green Island Reef (16-049),2023,1,7.610591501
Green Island Reef (16-049),2023,1,7.636939734
Green Island Reef (16-049),2023,0,0
Green Island Reef (16-049),2023,0,0
Green Island Reef (16-049),2023,1,7.616174966
Green Island Reef (16-049),2023,0,0
Green Island Reef (16-049),2023,1,7.679813169
Green Island Reef (16-049),2023,1,31.0035903
Green Island Reef (16-049),2023,0,0
Thetford Reef (16-068),2023,0,0
Thetford Reef (16-068),2023,0,0
Thetford Reef (16-068),2023,0,0
Thetford Reef (16-068),2023,0,0
Thetford Reef (16-068),2023,0,0
Thetford Reef (16-068),2023,0,0
Thetford Reef (16-068),2023,0,0
Thetford Reef (16-068),2023,0,0
Thetford Reef (16-068),2023,0,0
Thetford Reef (16-068),2023,0,0
Thetford Reef (16-068),2023,0,0
Thetford Reef (16-068),2023,0,0
Thetford Reef (16-068),2023,1,16.37135781
Thetford Reef (16-068),2023,0,0
Thetford Reef (16-068),2023,0,0
Thetford Reef (16-068),2023,1,16.74532369
Thetford Reef (16-068),2023,1,8.046077192
Thetford Reef (16-068),2023,0,0
Thetford Reef (16-068),2023,0,0
Thetford Reef (16-068),2023,1,7.741126791
Thetford Reef (16-068),2023,0,0
Thetford Reef (16-068),2023,0,0
Thetford Reef (16-068),2023,0,0
Thetford Reef (16-068),2023,1,7.64918793
Thetford Reef (16-068),2023,0,0
Thetford Reef (16-068),2023,0,0
Thetford Reef (16-068),2023,0,0
Thetford Reef (16-068),2023,0,0
Thetford Reef (16-068),2023,1,7.866737992
Thetford Reef (16-068),2023,0,0
Thetford Reef (16-068),2023,0,0
Thetford Reef (16-068),2023,0,0
Thetford Reef (16-068),2023,0,0
Thetford Reef (16-068),2023,0,0
Thetford Reef (16-068),2023,0,0
Thetford Reef (16-068),2023,0,0
Moore Reef (16-071),2023,0,0
Moore Reef (16-071),2023,0,0
Moore Reef (16-071),2023,0,0
Moore Reef (16-071),2023,1,7.750646397
Moore Reef (16-071),2023,1,23.9198897
Moore Reef (16-071),2023,1,23.74842782
Moore Reef (16-071),2023,1,7.68148452
Moore Reef (16-071),2023,0,0
Moore Reef (16-071),2023,0,0
Moore Reef (16-071),2023,1,8.251494169
Moore Reef (16-071),2023,1,17.26802476
Moore Reef (16-071),2023,1,15.39185531
Moore Reef (16-071),2023,1,104.730121
Moore Reef (16-071),2023,1,32.14645609
Moore Reef (16-071),2023,1,84.26216841
Moore Reef (16-071),2023,1,110.7341632
Moore Reef (16-071),2023,1,93.67175661
Moore Reef (16-071),2023,1,54.10537161
Moore Reef (16-071),2023,1,119.1498667
Moore Reef (16-071),2023,1,86.27787754
Moore Reef (16-071),2023,1,230.840081
Moore Reef (16-071),2023,1,110.1372018
Moore Reef (16-071),2023,1,143.8432887
Moore Reef (16-071),2023,1,55.50674871
Moore Reef (16-071),2023,0,0
Moore Reef (16-071),2023,0,0
Moore Reef (16-071),2023,1,8.058937825
Moore Reef (16-071),2023,0,0
Moore Reef (16-071),2023,1,7.700590789
Moore Reef (16-071),2023,0,0
Moore Reef (16-071),2023,1,38.29517104
Moore Reef (16-071),2023,1,7.623413578
Moore Reef (16-071),2023,1,39.76996019
Moore Reef (16-071),2023,0,0
Moore Reef (16-071),2023,1,25.27726237
Moore Reef (16-071),2023,0,0
Elford Reef (16-073),2023,0,0
Elford Reef (16-073),2023,0,0
Elford Reef (16-073),2023,0,0
Elford Reef (16-073),2023,0,0
Elford Reef (16-073),2023,0,0
Elford Reef (16-073),2023,0,0
Elford Reef (16-073),2023,0,0
Elford Reef (16-073),2023,1,8.020114526
Elford Reef (16-073),2023,0,0
Elford Reef (16-073),2023,1,8.069255389
Elford Reef (16-073),2023,0,0
Elford Reef (16-073),2023,0,0
Elford Reef (16-073),2023,0,0
Elford Reef (16-073),2023,0,0
Elford Reef (16-073),2023,0,0
Elford Reef (16-073),2023,0,0
Elford Reef (16-073),2023,0,0
Elford Reef (16-073),2023,0,0
Elford Reef (16-073),2023,0,0
Elford Reef (16-073),2023,0,0
Elford Reef (16-073),2023,0,0
Elford Reef (16-073),2023,0,0
Elford Reef (16-073),2023,0,0
Elford Reef (16-073),2023,0,0
Elford Reef (16-073),2023,0,0
Elford Reef (16-073),2023,0,0
Elford Reef (16-073),2023,0,0
Elford Reef (16-073),2023,0,0
Elford Reef (16-073),2023,0,0
Elford Reef (16-073),2023,0,0
Elford Reef (16-073),2023,0,0
Elford Reef (16-073),2023,0,0
Elford Reef (16-073),2023,0,0
Elford Reef (16-073),2023,0,0
Elford Reef (16-073),2023,0,0
Elford Reef (16-073),2023,0,0
Rib Reef (18-032),2023,0,0
Rib Reef (18-032),2023,0,0
Rib Reef (18-032),2023,0,0
Rib Reef (18-032),2023,0,0
Rib Reef (18-032),2023,0,0
Rib Reef (18-032),2023,0,0
Rib Reef (18-032),2023,0,0
Rib Reef (18-032),2023,0,0
Rib Reef (18-032),2023,0,0
Rib Reef (18-032),2023,0,0
Rib Reef (18-032),2023,0,0
Rib Reef (18-032),2023,0,0
Rib Reef (18-032),2023,1,7.6611422
Rib Reef (18-032),2023,1,47.45681249
Rib Reef (18-032),2023,1,62.00982481
Rib Reef (18-032),2023,1,23.77954256
Rib Reef (18-032),2023,1,54.08960357
Rib Reef (18-032),2023,1,39.89715166
Rib Reef (18-032),2023,1,16.06766917
Rib Reef (18-032),2023,1,23.6106528
Rib Reef (18-032),2023,1,15.94026871
Rib Reef (18-032),2023,1,39.78722803
Rib Reef (18-032),2023,1,31.57745227
Rib Reef (18-032),2023,1,64.79706019
Rib Reef (18-032),2023,1,193.5399771
Rib Reef (18-032),2023,1,234.7450465
Rib Reef (18-032),2023,1,101.6542017
Rib Reef (18-032),2023,1,110.9148413
Rib Reef (18-032),2023,1,104.237102
Rib Reef (18-032),2023,1,104.2520285
Rib Reef (18-032),2023,1,158.718802
Rib Reef (18-032),2023,1,120.3328863
Rib Reef (18-032),2023,1,186.8562788
Rib Reef (18-032),2023,1,40.81233256
Rib Reef (18-032),2023,1,272.2365975
Rib Reef (18-032),2023,1,157.8600481
Bowden Reef (19-019),2023,1,78.05631012
Bowden Reef (19-019),2023,1,39.08630647
Bowden Reef (19-019),2023,1,62.95525879
Bowden Reef (19-019),2023,1,54.26317826
Bowden Reef (19-019),2023,1,30.25385141
Bowden Reef (19-019),2023,1,80.09924814
Bowden Reef (19-019),2023,1,71.94828764
Bowden Reef (19-019),2023,1,168.2536438
Bowden Reef (19-019),2023,1,97.5123547
Bowden Reef (19-019),2023,1,454.2495847
Bowden Reef (19-019),2023,1,56.29453138
Bowden Reef (19-019),2023,1,30.29147834
Bowden Reef (19-019),2023,1,15.77401087
Bowden Reef (19-019),2023,1,30.95775638
Bowden Reef (19-019),2023,1,23.30738325
Bowden Reef (19-019),2023,1,95.1306358
Bowden Reef (19-019),2023,1,45.46110258
Bowden Reef (19-019),2023,1,8.194784448
Bowden Reef (19-019),2023,1,49.05936755
Bowden Reef (19-019),2023,1,50.21394286
Bowden Reef (19-019),2023,1,39.09319192
Bowden Reef (19-019),2023,1,15.87623097
Bowden Reef (19-019),2023,1,31.55437633
Bowden Reef (19-019),2023,1,31.92052245
Bowden Reef (19-019),2023,1,16.30934626
Bowden Reef (19-019),2023,1,46.72244824
Bowden Reef (19-019),2023,1,8.09628088
Bowden Reef (19-019),2023,1,32.67271444
Bowden Reef (19-019),2023,1,24.03300013
Bowden Reef (19-019),2023,1,23.8877289
Bowden Reef (19-019),2023,1,8.013559319
Bowden Reef (19-019),2023,1,17.06368234
Bowden Reef (19-019),2023,0,0
Bowden Reef (19-019),2023,1,15.48276879
Bowden Reef (19-019),2023,1,32.57016856
Bowden Reef (19-019),2023,1,23.80696759
Davies Reef (18-096),2023,1,76.6272828
Davies Reef (18-096),2023,1,73.45068455
Davies Reef (18-096),2023,1,82.30797574
Davies Reef (18-096),2023,1,105.5348553
Davies Reef (18-096),2023,1,61.2858139
Davies Reef (18-096),2023,1,92.75216013
Davies Reef (18-096),2023,1,62.07602285
Davies Reef (18-096),2023,1,67.9717809
Davies Reef (18-096),2023,1,7.909754477
Davies Reef (18-096),2023,1,79.42027599
Davies Reef (18-096),2023,1,54.81072888
Davies Reef (18-096),2023,1,31.74226284
Davies Reef (18-096),2023,1,96.94647789
Davies Reef (18-096),2023,1,122.6631381
Davies Reef (18-096),2023,1,161.913456
Davies Reef (18-096),2023,1,83.86396319
Davies Reef (18-096),2023,1,96.06973976
Davies Reef (18-096),2023,1,105.6790665
Davies Reef (18-096),2023,1,48.00176024
Davies Reef (18-096),2023,1,84.44475532
Davies Reef (18-096),2023,1,142.0507818
Davies Reef (18-096),2023,1,23.58734831
Davies Reef (18-096),2023,1,32.15867411
Davies Reef (18-096),2023,1,48.63823839
Davies Reef (18-096),2023,1,15.82695879
Davies Reef (18-096),2023,1,22.95452803
Davies Reef (18-096),2023,1,8.213473298
Davies Reef (18-096),2023,1,40.20968378
Davies Reef (18-096),2023,1,23.22949469
Davies Reef (18-096),2023,0,0
Davies Reef (18-096),2023,1,23.8159854
Davies Reef (18-096),2023,1,40.13588391
Davies Reef (18-096),2023,1,16.87664017
Davies Reef (18-096),2023,1,8.032891899
Davies Reef (18-096),2023,1,31.78906571
Davies Reef (18-096),2023,1,7.897012308
Lizard Island Reef (Lagoon) (14-116d),2023,1,115.306583
Lizard Island Reef (Lagoon) (14-116d),2023,1,24.70506839
Lizard Island Reef (Lagoon) (14-116d),2023,1,208.9999169
Lizard Island Reef (Lagoon) (14-116d),2023,1,271.2097675
Lizard Island Reef (Lagoon) (14-116d),2023,1,31.89275712
Lizard Island Reef (Lagoon) (14-116d),2023,1,16.3538944
Lizard Island Reef (Lagoon) (14-116d),2023,1,75.97264498
Lizard Island Reef (Lagoon) (14-116d),2023,1,136.2432718
Lizard Island Reef (Lagoon) (14-116d),2023,1,157.2103187
Lizard Island Reef (Lagoon) (14-116d),2023,1,159.6210837
Lizard Island Reef (Lagoon) (14-116d),2023,1,45.17329708
Lizard Island Reef (Lagoon) (14-116d),2023,1,51.65059492
Lizard Island Reef (Lagoon) (14-116d),2023,1,59.4591178
Lizard Island Reef (Lagoon) (14-116d),2023,1,15.28016143
Lizard Island Reef (Lagoon) (14-116d),2023,1,7.710684277
Lizard Island Reef (Lagoon) (14-116d),2023,1,16.29084684
Lizard Island Reef (Lagoon) (14-116d),2023,0,0
Lizard Island Reef (Lagoon) (14-116d),2023,1,7.87797533
Lizard Island Reef (Lagoon) (14-116d),2023,1,32.38584548
Lizard Island Reef (Lagoon) (14-116d),2023,0,0
Lizard Island Reef (Lagoon) (14-116d),2023,1,29.92995121
Lizard Island Reef (Lagoon) (14-116d),2023,1,23.45978916
Lizard Island Reef (Lagoon) (14-116d),2023,0,0
Lizard Island Reef (Lagoon) (14-116d),2023,0,0
Lizard Island Reef (Lagoon) (14-116d),2023,0,0
Lizard Island Reef (Lagoon) (14-116d),2023,0,0
Lizard Island Reef (Lagoon) (14-116d),2023,1,8.092939295
Lizard Island Reef (Lagoon) (14-116d),2023,0,0
Lizard Island Reef (Lagoon) (14-116d),2023,0,0
Lizard Island Reef (Lagoon) (14-116d),2023,1,8.181107976
Lizard Island Reef (North East) (14-116b),2023,1,16.02659114
Lizard Island Reef (North East) (14-116b),2023,1,16.20408408
Lizard Island Reef (North East) (14-116b),2023,0,0
Lizard Island Reef (North East) (14-116b),2023,1,64.50918764
Lizard Island Reef (North East) (14-116b),2023,1,71.6266416
Lizard Island Reef (North East) (14-116b),2023,1,30.60537502
Lizard Island Reef (North East) (14-116b),2023,1,16.37474075
Lizard Island Reef (North East) (14-116b),2023,1,15.76265618
Lizard Island Reef (North East) (14-116b),2023,1,15.68873394
Lizard Island Reef (North East) (14-116b),2023,1,16.89117774
Lizard Island Reef (North East) (14-116b),2023,0,0
Lizard Island Reef (North East) (14-116b),2023,1,7.978415675
Lizard Island Reef (North East) (14-116b),2023,1,23.78605474
Lizard Island Reef (North East) (14-116b),2023,1,16.6362321
Lizard Island Reef (North East) (14-116b),2023,1,8.009921573
Lizard Island Reef (North West) (14-116a),2023,1,73.78590032
Lizard Island Reef (North West) (14-116a),2023,1,63.95220794
Lizard Island Reef (North West) (14-116a),2023,1,15.50793741
Lizard Island Reef (North West) (14-116a),2023,1,39.68835287
Lizard Island Reef (North West) (14-116a),2023,1,23.85672983
Lizard Island Reef (North West) (14-116a),2023,1,16.21521581
Lizard Island Reef (North West) (14-116a),2023,0,0
Lizard Island Reef (North West) (14-116a),2023,1,8.003019914
Lizard Island Reef (North West) (14-116a),2023,1,32.03477561
Lizard Island Reef (North West) (14-116a),2023,1,70.88621333
Lizard Island Reef (North West) (14-116a),2023,1,70.17955184
Lizard Island Reef (North West) (14-116a),2023,1,15.6776363
Lizard Island Reef (North West) (14-116a),2023,1,38.86464704
Lizard Island Reef (North West) (14-116a),2023,1,31.47957455
Lizard Island Reef (North West) (14-116a),2023,1,31.01391234
Lizard Island Reef (Lagoon) (14-116d),2023,0,0
Lizard Island Reef (Lagoon) (14-116d),2023,1,7.662473246
Lizard Island Reef (Lagoon) (14-116d),2023,1,8.120496757
Lizard Island Reef (Lagoon) (14-116d),2023,0,0
Lizard Island Reef (Lagoon) (14-116d),2023,1,7.59225525
Lizard Island Reef (Lagoon) (14-116d),2023,1,7.791712135
Lizard Island Reef (Lagoon) (14-116d),2023,0,0
Lizard Island Reef (Lagoon) (14-116d),2023,0,0
Lizard Island Reef (Lagoon) (14-116d),2023,0,0
Lizard Island Reef (Lagoon) (14-116d),2023,1,55.63135967
Lizard Island Reef (Lagoon) (14-116d),2023,1,30.95585313
Lizard Island Reef (Lagoon) (14-116d),2023,1,7.837389596
Lizard Island Reef (Lagoon) (14-116d),2023,0,0
Lizard Island Reef (Lagoon) (14-116d),2023,1,7.564591616
Lizard Island Reef (Lagoon) (14-116d),2023,1,15.53917006
Lizard Island Reef (North West) (14-116a),2023,1,16.48102663
Lizard Island Reef (North West) (14-116a),2023,0,0
Lizard Island Reef (North West) (14-116a),2023,1,8.141476661
Lizard Island Reef (North West) (14-116a),2023,0,0
Lizard Island Reef (North West) (14-116a),2023,1,7.839478366
Lizard Island Reef (North West) (14-116a),2023,1,7.869895175
Lizard Island Reef (North West) (14-116a),2023,1,23.84011466
Lizard Island Reef (North West) (14-116a),2023,0,0
Lizard Island Reef (North West) (14-116a),2023,1,7.598793693
Lizard Island Reef (North West) (14-116a),2023,0,0
Lizard Island Reef (North West) (14-116a),2023,1,15.66541269
Lizard Island Reef (North West) (14-116a),2023,1,7.971207798
Lizard Island Reef (North West) (14-116a),2023,1,7.701598853
Lizard Island Reef (North West) (14-116a),2023,1,15.16461186
Lizard Island Reef (North West) (14-116a),2023,1,7.640246116
Lizard Island Reef (North East) (14-116b),2023,1,7.92004969
Lizard Island Reef (North East) (14-116b),2023,1,16.62881244
Lizard Island Reef (North East) (14-116b),2023,0,0
Lizard Island Reef (North East) (14-116b),2023,1,7.554229908
Lizard Island Reef (North East) (14-116b),2023,0,0
Lizard Island Reef (North East) (14-116b),2023,1,61.19835377
Lizard Island Reef (North East) (14-116b),2023,1,30.75777255
Lizard Island Reef (North East) (14-116b),2023,1,14.716921
Lizard Island Reef (North East) (14-116b),2023,1,46.36336751
Lizard Island Reef (North East) (14-116b),2023,1,7.428932749
Lizard Island Reef (North East) (14-116b),2023,1,16.00172538
Lizard Island Reef (North East) (14-116b),2023,0,0
Lizard Island Reef (North East) (14-116b),2023,1,38.55173886
Lizard Island Reef (North East) (14-116b),2023,0,0
Lizard Island Reef (North East) (14-116b),2023,1,15.47648124
Lizard Island Reef (Lagoon) (14-116d),2023,1,114.3753201
Lizard Island Reef (Lagoon) (14-116d),2023,1,45.38491331
Lizard Island Reef (Lagoon) (14-116d),2023,1,82.87412971
Lizard Island Reef (Lagoon) (14-116d),2023,1,136.8438676
Lizard Island Reef (Lagoon) (14-116d),2023,1,30.71580101
Lizard Island Reef (Lagoon) (14-116d),2023,1,23.67636357
Lizard Island Reef (Lagoon) (14-116d),2023,1,22.92612176
Lizard Island Reef (Lagoon) (14-116d),2023,1,45.43669
Lizard Island Reef (Lagoon) (14-116d),2023,1,15.91357179
Lizard Island Reef (Lagoon) (14-116d),2023,1,39.91307616
Lizard Island Reef (Lagoon) (14-116d),2023,1,54.16314974
Lizard Island Reef (Lagoon) (14-116d),2023,1,46.43332623
Lizard Island Reef (Lagoon) (14-116d),2023,1,30.46076484
Lizard Island Reef (Lagoon) (14-116d),2023,1,62.46718951
Lizard Island Reef (Lagoon) (14-116d),2023,1,60.75242758
Eyrie Reef (14-118),2023,1,22.97644615
Eyrie Reef (14-118),2023,1,30.68033326
Eyrie Reef (14-118),2023,1,38.25042844
Eyrie Reef (14-118),2023,1,7.837389596
Eyrie Reef (14-118),2023,1,71.24737501
Eyrie Reef (14-118),2023,1,15.62170498
Eyrie Reef (14-118),2023,0,0
Eyrie Reef (14-118),2023,1,171.102646
Eyrie Reef (14-118),2023,1,30.93898483
Eyrie Reef (14-118),2023,1,22.28304595
Eyrie Reef (14-118),2023,1,15.62988572
Eyrie Reef (14-118),2023,1,22.5092629
Eyrie Reef (14-118),2023,1,7.498059981
Eyrie Reef (14-118),2023,0,0
Eyrie Reef (14-118),2023,1,7.652836852
Eyrie Reef (14-118),2023,0,0
Eyrie Reef (14-118),2023,1,7.934293896
Eyrie Reef (14-118),2023,1,8.600140549
Eyrie Reef (14-118),2023,0,0
Eyrie Reef (14-118),2023,1,7.820024528
Eyrie Reef (14-118),2023,1,7.663803734
Eyrie Reef (14-118),2023,1,7.870245539
Eyrie Reef (14-118),2023,1,7.808951475
Eyrie Reef (14-118),2023,1,7.892420702
Eyrie Reef (14-118),2023,1,17.12879855
Eyrie Reef (14-118),2023,1,31.57522045
Eyrie Reef (14-118),2023,1,16.26180355
Eyrie Reef (14-118),2023,0,0
Eyrie Reef (14-118),2023,1,16.37474075
Eyrie Reef (14-118),2023,1,16.16623253
Eyrie Reef (14-118),2023,0,0
Eyrie Reef (14-118),2023,1,15.47376774
Eyrie Reef (14-118),2023,0,0
Eyrie Reef (14-118),2023,0,0
Eyrie Reef (14-118),2023,1,15.35595059
Eyrie Reef (14-118),2023,1,8.28558784
Lizard Island Reef (Lagoon) (14-116d),2023,1,7.574333064
Lizard Island Reef (Lagoon) (14-116d),2023,1,23.05594403
Lizard Island Reef (Lagoon) (14-116d),2023,1,7.938933559
Lizard Island Reef (Lagoon) (14-116d),2023,1,23.52718413
Lizard Island Reef (Lagoon) (14-116d),2023,1,8.208506741
Lizard Island Reef (Lagoon) (14-116d),2023,1,16.52026791
Lizard Island Reef (Lagoon) (14-116d),2023,0,0
Lizard Island Reef (Lagoon) (14-116d),2023,1,8.256899379
Lizard Island Reef (Lagoon) (14-116d),2023,1,23.29572514
Lizard Island Reef (Lagoon) (14-116d),2023,1,23.31979126
Lizard Island Reef (Lagoon) (14-116d),2023,1,23.48463703
Lizard Island Reef (Lagoon) (14-116d),2023,1,48.06689881
Lizard Island Reef (Lagoon) (14-116d),2023,1,16.19195882
Lizard Island Reef (Lagoon) (14-116d),2023,1,16.3013801
Lizard Island Reef (Lagoon) (14-116d),2023,1,32.60909803
Lizard Island Reef (Lagoon) (14-116d),2023,1,31.29406571
Lizard Island Reef (Lagoon) (14-116d),2023,0,0
Lizard Island Reef (Lagoon) (14-116d),2023,1,15.34526758
Lizard Island Reef (Lagoon) (14-116d),2023,0,0
Lizard Island Reef (Lagoon) (14-116d),2023,0,0
Lizard Island Reef (Lagoon) (14-116d),2023,0,0
Lizard Island Reef (Lagoon) (14-116d),2023,0,0
Lizard Island Reef (Lagoon) (14-116d),2023,0,0
Lizard Island Reef (Lagoon) (14-116d),2023,0,0
Lizard Island Reef (Lagoon) (14-116d),2023,0,0
Lizard Island Reef (Lagoon) (14-116d),2023,1,7.545831241
Lizard Island Reef (Lagoon) (14-116d),2023,1,7.601084746
Lizard Island Reef (Lagoon) (14-116d),2023,0,0
Lizard Island Reef (Lagoon) (14-116d),2023,0,0
Lizard Island Reef (Lagoon) (14-116d),2023,0,0
North Direction Reef (14-143),2023,1,16.28284659
North Direction Reef (14-143),2023,1,30.94360661
North Direction Reef (14-143),2023,1,23.06462266
North Direction Reef (14-143),2023,1,7.629675977
North Direction Reef (14-143),2023,1,22.69864082
North Direction Reef (14-143),2023,1,15.22873566
North Direction Reef (14-143),2023,1,61.76527888
North Direction Reef (14-143),2023,1,55.7928443
North Direction Reef (14-143),2023,1,23.81875534
North Direction Reef (14-143),2023,1,16.72310717
North Direction Reef (14-143),2023,1,96.61402032
North Direction Reef (14-143),2023,1,16.42054338
North Direction Reef (14-143),2023,1,8.37047752
North Direction Reef (14-143),2023,0,0
North Direction Reef (14-143),2023,0,0
North Direction Reef (14-143),2023,1,7.687843032
North Direction Reef (14-143),2023,0,0
North Direction Reef (14-143),2023,1,23.41034766
North Direction Reef (14-143),2023,1,7.630005665
North Direction Reef (14-143),2023,1,15.69394693
North Direction Reef (14-143),2023,0,0
North Direction Reef (14-143),2023,1,8.0910841
North Direction Reef (14-143),2023,1,16.22607596
North Direction Reef (14-143),2023,1,15.84390868
North Direction Reef (14-143),2023,1,15.49686994
North Direction Reef (14-143),2023,1,22.6339275
North Direction Reef (14-143),2023,1,7.782433927
North Direction Reef (14-143),2023,1,7.816561125
North Direction Reef (14-143),2023,0,0
North Direction Reef (14-143),2023,0,0
North Direction Reef (14-143),2023,0,0
North Direction Reef (14-143),2023,0,0
North Direction Reef (14-143),2023,1,8.043510094
North Direction Reef (14-143),2023,1,8.276649937
North Direction Reef (14-143),2023,1,16.39147103
North Direction Reef (14-143),2023,1,8.441751078
Bait Reef (19-137),2023,0,0
Bait Reef (19-137),2023,0,0
Bait Reef (19-137),2023,0,0
Bait Reef (19-137),2023,0,0
Bait Reef (19-137),2023,0,0
Bait Reef (19-137),2023,1,15.82566574
Bait Reef (19-137),2023,0,0
Bait Reef (19-137),2023,0,0
Bait Reef (19-137),2023,0,0
Bait Reef (19-137),2023,0,0
Bait Reef (19-137),2023,0,0
Bait Reef (19-137),2023,0,0
Bait Reef (19-137),2023,0,0
Bait Reef (19-137),2023,0,0
Bait Reef (19-137),2023,0,0
Bait Reef (19-137),2023,1,17.1476746
Bait Reef (19-137),2023,0,0
Bait Reef (19-137),2023,0,0
Bait Reef (19-137),2023,0,0
Bait Reef (19-137),2023,0,0
Bait Reef (19-137),2023,0,0
Bait Reef (19-137),2023,0,0
Bait Reef (19-137),2023,0,0
Bait Reef (19-137),2023,0,0
Bait Reef (19-137),2023,0,0
Bait Reef (19-137),2023,1,26.24447644
Bait Reef (19-137),2023,0,0
Bait Reef (19-137),2023,0,0
Bait Reef (19-137),2023,0,0
Bait Reef (19-137),2023,1,119.0542728
Bait Reef (19-137),2023,1,7.960061543
Bait Reef (19-137),2023,0,0
Bait Reef (19-137),2023,1,9.129126929
Bait Reef (19-137),2023,0,0
Bait Reef (19-137),2023,0,0
Bait Reef (19-137),2023,1,16.47256427
Jacqueline Reef (19-061),2023,1,9.594703093
Jacqueline Reef (19-061),2023,1,9.247770533
Jacqueline Reef (19-061),2023,1,17.47828871
Jacqueline Reef (19-061),2023,0,0
Jacqueline Reef (19-061),2023,1,17.27394126
Jacqueline Reef (19-061),2023,0,0
Jacqueline Reef (19-061),2023,0,0
Jacqueline Reef (19-061),2023,0,0
Jacqueline Reef (19-061),2023,1,8.58173836
Jacqueline Reef (19-061),2023,1,22.78994992
Jacqueline Reef (19-061),2023,0,0
Jacqueline Reef (19-061),2023,0,0
Jacqueline Reef (19-061),2023,0,0
Jacqueline Reef (19-061),2023,1,7.600102387
Jacqueline Reef (19-061),2023,0,0
Jacqueline Reef (19-061),2023,1,30.78377098
Jacqueline Reef (19-061),2023,1,7.512104139
Jacqueline Reef (19-061),2023,1,46.36053219
Jacqueline Reef (19-061),2023,1,23.10100682
Jacqueline Reef (19-061),2023,0,0
Jacqueline Reef (19-061),2023,1,7.470128685
Jacqueline Reef (19-061),2023,0,0
Jacqueline Reef (19-061),2023,1,18.91431883
Jacqueline Reef (19-061),2023,0,0
Jacqueline Reef (19-061),2023,0,0
Jacqueline Reef (19-061),2023,0,0
Jacqueline Reef (19-061),2023,1,56.61712065
Jacqueline Reef (19-061),2023,0,0
Jacqueline Reef (19-061),2023,0,0
Jacqueline Reef (19-061),2023,0,0
Jacqueline Reef (19-061),2023,0,0
Jacqueline Reef (19-061),2023,1,7.826961391
Jacqueline Reef (19-061),2023,0,0
Jacqueline Reef (19-061),2023,0,0
Jacqueline Reef (19-061),2023,0,0
Cobham Reef (North) (19-074a),2023,0,0
Cobham Reef (North) (19-074a),2023,1,15.74084312
Cobham Reef (North) (19-074a),2023,0,0
Cobham Reef (North) (19-074a),2023,0,0
Cobham Reef (North) (19-074a),2023,1,23.36500771
Cobham Reef (North) (19-074a),2023,1,15.68507608
Cobham Reef (North) (19-074a),2023,0,0
Cobham Reef (North) (19-074a),2023,0,0
Cobham Reef (North) (19-074a),2023,0,0
Cobham Reef (North) (19-074a),2023,0,0
Cobham Reef (North) (19-074a),2023,0,0
Cobham Reef (North) (19-074a),2023,1,16.49884544
Cobham Reef (North) (19-074a),2023,0,0
Cobham Reef (North) (19-074a),2023,1,8.039478958
Cobham Reef (North) (19-074a),2023,1,15.57964012
Cobham Reef (North) (19-074a),2023,0,0
Cobham Reef (North) (19-074a),2023,0,0
Cobham Reef (North) (19-074a),2023,1,7.942864113
Cobham Reef (North) (19-074a),2023,0,0
Cobham Reef (North) (19-074a),2023,0,0
Cobham Reef (North) (19-074a),2023,0,0
Cobham Reef (North) (19-074a),2023,0,0
Cobham Reef (North) (19-074a),2023,0,0
Cobham Reef (North) (19-074a),2023,1,8.75589028
Cobham Reef (North) (19-074a),2023,0,0
Cobham Reef (North) (19-074a),2023,0,0
Cobham Reef (North) (19-074a),2023,0,0
Cobham Reef (North) (19-074a),2023,1,9.583760798
Cobham Reef (North) (19-074a),2023,0,0
Cobham Reef (North) (19-074a),2023,0,0
Cobham Reef (North) (19-074a),2023,0,0
Cobham Reef (North) (19-074a),2023,1,8.767200261
Cobham Reef (North) (19-074a),2023,0,0
Cobham Reef (North) (19-074a),2023,1,8.807016537
Cobham Reef (North) (19-074a),2023,0,0
Cobham Reef (North) (19-074a),2023,0,0
Gould Reef (No 1) (19-072a),2023,0,0
Gould Reef (No 1) (19-072a),2023,0,0
Gould Reef (No 1) (19-072a),2023,0,0
Gould Reef (No 1) (19-072a),2023,0,0
Gould Reef (No 1) (19-072a),2023,0,0
Gould Reef (No 1) (19-072a),2023,0,0
Gould Reef (No 1) (19-072a),2023,0,0
Gould Reef (No 1) (19-072a),2023,0,0
Gould Reef (No 1) (19-072a),2023,1,7.895599119
Gould Reef (No 1) (19-072a),2023,0,0
Gould Reef (No 1) (19-072a),2023,0,0
Gould Reef (No 1) (19-072a),2023,0,0
Gould Reef (No 1) (19-072a),2023,0,0
Gould Reef (No 1) (19-072a),2023,0,0
Gould Reef (No 1) (19-072a),2023,0,0
Gould Reef (No 1) (19-072a),2023,0,0
Gould Reef (No 1) (19-072a),2023,0,0
Gould Reef (No 1) (19-072a),2023,0,0
Gould Reef (No 1) (19-072a),2023,0,0
Gould Reef (No 1) (19-072a),2023,0,0
Gould Reef (No 1) (19-072a),2023,0,0
Gould Reef (No 1) (19-072a),2023,0,0
Gould Reef (No 1) (19-072a),2023,0,0
Gould Reef (No 1) (19-072a),2023,0,0
Gould Reef (No 1) (19-072a),2023,0,0
Gould Reef (No 1) (19-072a),2023,0,0
Gould Reef (No 1) (19-072a),2023,0,0
Gould Reef (No 1) (19-072a),2023,1,8.028506488
Gould Reef (No 1) (19-072a),2023,0,0
Gould Reef (No 1) (19-072a),2023,0,0
Gould Reef (No 1) (19-072a),2023,0,0
Gould Reef (No 1) (19-072a),2023,0,0
Gould Reef (No 1) (19-072a),2023,0,0
Gould Reef (No 1) (19-072a),2023,0,0
Gould Reef (No 1) (19-072a),2023,0,0
Gould Reef (No 1) (19-072a),2023,0,0
Wallaby Reef (19-071),2023,1,8.833909035
Wallaby Reef (19-071),2023,0,0
Wallaby Reef (19-071),2023,0,0
Wallaby Reef (19-071),2023,0,0
Wallaby Reef (19-071),2023,0,0
Wallaby Reef (19-071),2023,1,16.8764675
Wallaby Reef (19-071),2023,0,0
Wallaby Reef (19-071),2023,1,24.27922636
Wallaby Reef (19-071),2023,1,35.20475104
Wallaby Reef (19-071),2023,0,0
Wallaby Reef (19-071),2023,0,0
Wallaby Reef (19-071),2023,0,0
Wallaby Reef (19-071),2023,0,0
Wallaby Reef (19-071),2023,0,0
Wallaby Reef (19-071),2023,0,0
Wallaby Reef (19-071),2023,1,8.429653756
Wallaby Reef (19-071),2023,0,0
Wallaby Reef (19-071),2023,0,0
Wallaby Reef (19-071),2023,1,8.737681434
Wallaby Reef (19-071),2023,1,8.233784325
Wallaby Reef (19-071),2023,0,0
Wallaby Reef (19-071),2023,0,0
Wallaby Reef (19-071),2023,0,0
Wallaby Reef (19-071),2023,1,9.144738503
Wallaby Reef (19-071),2023,0,0
Wallaby Reef (19-071),2023,0,0
Wallaby Reef (19-071),2023,0,0
Wallaby Reef (19-071),2023,0,0
Wallaby Reef (19-071),2023,0,0
Wallaby Reef (19-071),2023,1,8.296884969
Wallaby Reef (19-071),2023,0,0
Wallaby Reef (19-071),2023,1,8.324673213
Wallaby Reef (19-071),2023,0,0
Wallaby Reef (19-071),2023,0,0
Wallaby Reef (19-071),2023,1,8.606432565
Wallaby Reef (19-071),2023,1,17.21074618
U/N Reef (19-065),2023,0,0
U/N Reef (19-065),2023,1,17.35122018
U/N Reef (19-065),2023,0,0
U/N Reef (19-065),2023,0,0
U/N Reef (19-065),2023,1,8.165586926
U/N Reef (19-065),2023,0,0
U/N Reef (19-065),2023,0,0
U/N Reef (19-065),2023,0,0
U/N Reef (19-065),2023,1,73.57293963
U/N Reef (19-065),2023,0,0
U/N Reef (19-065),2023,0,0
U/N Reef (19-065),2023,0,0
U/N Reef (19-065),2023,0,0
U/N Reef (19-065),2023,0,0
U/N Reef (19-065),2023,0,0
U/N Reef (19-065),2023,0,0
U/N Reef (19-065),2023,0,0
U/N Reef (19-065),2023,1,8.072946779
U/N Reef (19-065),2023,0,0
U/N Reef (19-065),2023,0,0
U/N Reef (19-065),2023,1,8.219211549
U/N Reef (19-065),2023,1,8.840990067
U/N Reef (19-065),2023,0,0
U/N Reef (19-065),2023,1,45.31155713
U/N Reef (19-065),2023,1,8.946317062
U/N Reef (19-065),2023,0,0
U/N Reef (19-065),2023,1,8.248794638
U/N Reef (19-065),2023,1,8.10893029
U/N Reef (19-065),2023,0,0
U/N Reef (19-065),2023,1,9.240023419
U/N Reef (19-065),2023,0,0
U/N Reef (19-065),2023,0,0
U/N Reef (19-065),2023,1,8.066673763
U/N Reef (19-065),2023,1,18.01455617
U/N Reef (19-065),2023,1,8.561753668
U/N Reef (19-065),2023,1,17.11810827
Showers Reef (19-076),2023,0,0
Showers Reef (19-076),2023,1,16.57745708
Showers Reef (19-076),2023,0,0
Showers Reef (19-076),2023,0,0
Showers Reef (19-076),2023,1,26.71539411
Showers Reef (19-076),2023,0,0
Showers Reef (19-076),2023,0,0
Showers Reef (19-076),2023,0,0
Showers Reef (19-076),2023,0,0
Showers Reef (19-076),2023,0,0
Showers Reef (19-076),2023,1,8.500305377
Showers Reef (19-076),2023,0,0
Showers Reef (19-076),2023,0,0
Showers Reef (19-076),2023,0,0
Showers Reef (19-076),2023,0,0
Showers Reef (19-076),2023,0,0
Showers Reef (19-076),2023,0,0
Showers Reef (19-076),2023,0,0
Showers Reef (19-076),2023,0,0
Showers Reef (19-076),2023,0,0
Showers Reef (19-076),2023,0,0
Showers Reef (19-076),2023,0,0
Showers Reef (19-076),2023,0,0
Showers Reef (19-076),2023,0,0
Showers Reef (19-076),2023,0,0
Showers Reef (19-076),2023,1,8.448622003
Showers Reef (19-076),2023,1,16.6168157
Showers Reef (19-076),2023,1,8.208506741
Showers Reef (19-076),2023,1,9.018094651
Showers Reef (19-076),2023,1,8.374846727
Showers Reef (19-076),2023,1,50.40076263
Showers Reef (19-076),2023,0,0
Showers Reef (19-076),2023,1,18.44576038
Showers Reef (19-076),2023,1,8.623675816
Showers Reef (19-076),2023,1,16.99757148
Showers Reef (19-076),2023,1,8.543515205
Seagull Reef (19-107),2023,1,8.281699196
Seagull Reef (19-107),2023,0,0
Seagull Reef (19-107),2023,0,0
Seagull Reef (19-107),2023,0,0
Seagull Reef (19-107),2023,0,0
Seagull Reef (19-107),2023,0,0
Seagull Reef (19-107),2023,0,0
Seagull Reef (19-107),2023,0,0
Seagull Reef (19-107),2023,0,0
Seagull Reef (19-107),2023,0,0
Seagull Reef (19-107),2023,0,0
Seagull Reef (19-107),2023,0,0
Seagull Reef (19-107),2023,0,0
Seagull Reef (19-107),2023,0,0
Seagull Reef (19-107),2023,0,0
Seagull Reef (19-107),2023,0,0
Seagull Reef (19-107),2023,1,28.13374344
Seagull Reef (19-107),2023,0,0
Seagull Reef (19-107),2023,0,0
Seagull Reef (19-107),2023,0,0
Seagull Reef (19-107),2023,0,0
Seagull Reef (19-107),2023,0,0
Seagull Reef (19-107),2023,0,0
Seagull Reef (19-107),2023,0,0
Seagull Reef (19-107),2023,0,0
Seagull Reef (19-107),2023,0,0
Seagull Reef (19-107),2023,1,9
Seagull Reef (19-107),2023,0,0
Seagull Reef (19-107),2023,0,0
Seagull Reef (19-107),2023,0,0
Seagull Reef (19-107),2023,0,0
Seagull Reef (19-107),2023,0,0
Seagull Reef (19-107),2023,0,0
Seagull Reef (19-107),2023,1,7.5
Seagull Reef (19-107),2023,0,0
Seagull Reef (19-107),2023,0,0
McSweeney Reef (11-016),2023,1,141.7681396
McSweeney Reef (11-016),2023,1,23.57362378
McSweeney Reef (11-016),2023,1,114.9414673
McSweeney Reef (11-016),2023,1,48.31711035
McSweeney Reef (11-016),2023,1,86.79403514
McSweeney Reef (11-016),2023,1,71.31213024
McSweeney Reef (11-016),2023,1,101.6147822
McSweeney Reef (11-016),2023,1,127.126164
McSweeney Reef (11-016),2023,1,76.24603137
McSweeney Reef (11-016),2023,1,66.00421295
McSweeney Reef (11-016),2023,1,32.37367608
McSweeney Reef (11-016),2023,1,89.43947107
McSweeney Reef (11-016),2023,1,466.1211312
McSweeney Reef (11-016),2023,1,392.7215159
McSweeney Reef (11-016),2023,1,667.5649524
McSweeney Reef (11-016),2023,1,798.767817
McSweeney Reef (11-016),2023,1,726.6315222
McSweeney Reef (11-016),2023,1,604.3430328
McSweeney Reef (11-016),2023,1,576.2204289
McSweeney Reef (11-016),2023,1,747.7049589
McSweeney Reef (11-016),2023,1,824.559617
McSweeney Reef (11-016),2023,1,832.9926252
McSweeney Reef (11-016),2023,1,212.2224927
McSweeney Reef (11-016),2023,1,570.1328874
McSweeney Reef (11-016),2023,1,16.32777415
McSweeney Reef (11-016),2023,1,15.61959162
McSweeney Reef (11-016),2023,1,16.10868014
McSweeney Reef (11-016),2023,0,0
McSweeney Reef (11-016),2023,1,24.12431203
McSweeney Reef (11-016),2023,1,15.97958878
McSweeney Reef (11-016),2023,1,15.88283591
McSweeney Reef (11-016),2023,1,7.690858282
McSweeney Reef (11-016),2023,0,0
McSweeney Reef (11-016),2023,1,33.45096856
McSweeney Reef (11-016),2023,1,8.289869316
McSweeney Reef (11-016),2023,1,72.90854976
Monsoon Reef (11-029),2023,1,409.7830832
Monsoon Reef (11-029),2023,1,374.0896404
Monsoon Reef (11-029),2023,1,536.335659
Monsoon Reef (11-029),2023,1,307.8618586
Monsoon Reef (11-029),2023,1,366.3937211
Monsoon Reef (11-029),2023,1,375.7076025
Monsoon Reef (11-029),2023,1,271.301651
Monsoon Reef (11-029),2023,1,243.699351
Monsoon Reef (11-029),2023,1,382.1370184
Monsoon Reef (11-029),2023,1,242.1805143
Monsoon Reef (11-029),2023,1,250.6138623
Monsoon Reef (11-029),2023,1,627.2975743
Monsoon Reef (11-029),2023,1,260.1141661
Monsoon Reef (11-029),2023,1,388.5043502
Monsoon Reef (11-029),2023,1,302.0000428
Monsoon Reef (11-029),2023,1,76.6288206
Monsoon Reef (11-029),2023,1,318.8603818
Monsoon Reef (11-029),2023,1,308.0798328
Monsoon Reef (11-029),2023,1,223.6302406
Monsoon Reef (11-029),2023,1,150.8108899
Monsoon Reef (11-029),2023,1,313.0178422
Monsoon Reef (11-029),2023,1,325.0104189
Monsoon Reef (11-029),2023,1,309.2061281
Monsoon Reef (11-029),2023,1,665.9998298
Monsoon Reef (11-029),2023,1,7.759507187
Monsoon Reef (11-029),2023,1,22.57399186
Monsoon Reef (11-029),2023,1,418.6905026
Monsoon Reef (11-029),2023,1,70.15053704
Monsoon Reef (11-029),2023,0,0
Monsoon Reef (11-029),2023,1,57.88836256
Monsoon Reef (11-029),2023,1,97.47473001
Monsoon Reef (11-029),2023,1,49.30300042
Monsoon Reef (11-029),2023,1,30.68316299
Monsoon Reef (11-029),2023,1,15.85078072
Monsoon Reef (11-029),2023,1,76.24629736
Monsoon Reef (11-029),2023,1,32.19697494
U/N Reef (11-049),2023,0,0
U/N Reef (11-049),2023,1,23.98309149
U/N Reef (11-049),2023,1,7.892773859
U/N Reef (11-049),2023,1,57.90980458
U/N Reef (11-049),2023,1,7.764969952
U/N Reef (11-049),2023,0,0
U/N Reef (11-049),2023,1,8.140725642
U/N Reef (11-049),2023,1,24.01068863
U/N Reef (11-049),2023,1,8.019385301
U/N Reef (11-049),2023,1,7.962934859
U/N Reef (11-049),2023,0,0
U/N Reef (11-049),2023,1,16.99283458
U/N Reef (11-049),2023,1,7.866036147
U/N Reef (11-049),2023,0,0
U/N Reef (11-049),2023,0,0
U/N Reef (11-049),2023,1,8.565909415
U/N Reef (11-049),2023,1,15.66956118
U/N Reef (11-049),2023,1,7.894892246
U/N Reef (11-049),2023,1,7.965451106
U/N Reef (11-049),2023,1,30.96866123
U/N Reef (11-049),2023,1,7.757119462
U/N Reef (11-049),2023,0,0
U/N Reef (11-049),2023,0,0
U/N Reef (11-049),2023,0,0
U/N Reef (11-049),2023,1,30.5357242
U/N Reef (11-049),2023,1,64.84237388
U/N Reef (11-049),2023,0,0
U/N Reef (11-049),2023,1,15.79918116
U/N Reef (11-049),2023,0,0
U/N Reef (11-049),2023,0,0
U/N Reef (11-049),2023,1,7.663803734
U/N Reef (11-049),2023,1,7.735018618
U/N Reef (11-049),2023,1,7.391593046
U/N Reef (11-049),2023,0,0
U/N Reef (11-049),2023,1,15.98088462
U/N Reef (11-049),2023,1,7.898072898
U/N Reef (11-160),2023,1,23.55167326
U/N Reef (11-160),2023,0,0
U/N Reef (11-160),2023,1,23.80355839
U/N Reef (11-160),2023,1,71.18795402
U/N Reef (11-160),2023,1,16.01830926
U/N Reef (11-160),2023,1,38.80029358
U/N Reef (11-160),2023,1,31.67623244
U/N Reef (11-160),2023,1,2421.095109
U/N Reef (11-160),2023,1,15.64807333
U/N Reef (11-160),2023,1,31.78713843
U/N Reef (11-160),2023,1,211.3442659
U/N Reef (11-160),2023,1,32.65652508
U/N Reef (11-160),2023,1,15.99881183
U/N Reef (11-160),2023,1,8.137347735
U/N Reef (11-160),2023,1,15.97230937
U/N Reef (11-160),2023,1,8.356208727
U/N Reef (11-160),2023,0,0
U/N Reef (11-160),2023,0,0
U/N Reef (11-160),2023,0,0
U/N Reef (11-160),2023,1,7.475825027
U/N Reef (11-160),2023,1,7.99214635
U/N Reef (11-160),2023,1,8.164453693
U/N Reef (11-160),2023,1,8.273545839
U/N Reef (11-160),2023,1,45.60373239
U/N Reef (11-160),2023,1,31.19007144
U/N Reef (11-160),2023,1,8.044243231
U/N Reef (11-160),2023,1,15.06297905
U/N Reef (11-160),2023,1,30.30260559
U/N Reef (11-160),2023,1,15.20839334
U/N Reef (11-160),2023,1,15.33859894
U/N Reef (11-160),2023,1,71.48439065
U/N Reef (11-160),2023,1,101.6849175
U/N Reef (11-160),2023,1,15.61588068
U/N Reef (11-160),2023,1,25.14436785
U/N Reef (11-160),2023,1,40.64830765
U/N Reef (11-160),2023,1,7.684160583
Davies Reef (18-096),2024,1,835.6693268
Davies Reef (18-096),2024,1,1044.651353
Davies Reef (18-096),2024,1,907.8648806
Davies Reef (18-096),2024,1,987.0087504
Davies Reef (18-096),2024,1,1007.206357
Davies Reef (18-096),2024,1,943.2396412
Davies Reef (18-096),2024,1,823.147738
Davies Reef (18-096),2024,1,560.6839478
Davies Reef (18-096),2024,1,692.1862721
Davies Reef (18-096),2024,1,890.057981
Davies Reef (18-096),2024,1,819.1502094
Davies Reef (18-096),2024,1,644.4055438
Davies Reef (18-096),2024,1,217.129612
Davies Reef (18-096),2024,1,72.8858918
Davies Reef (18-096),2024,1,225.0856698
Davies Reef (18-096),2024,1,166.2009448
Davies Reef (18-096),2024,1,147.3522127
Davies Reef (18-096),2024,1,100.6831996
Davies Reef (18-096),2024,1,64.76033404
Davies Reef (18-096),2024,1,106.8208694
Davies Reef (18-096),2024,1,57.72347823
Davies Reef (18-096),2024,1,180.6638852
Davies Reef (18-096),2024,1,90.64204842
Davies Reef (18-096),2024,1,93.14165711
Davies Reef (18-096),2024,1,339.8028553
Davies Reef (18-096),2024,1,188.3946061
Davies Reef (18-096),2024,1,127.026169
Davies Reef (18-096),2024,1,755.1771998
Davies Reef (18-096),2024,1,1122.203028
Davies Reef (18-096),2024,1,300.1737267
Davies Reef (18-096),2024,1,353.426975
Davies Reef (18-096),2024,1,274.5717108
Davies Reef (18-096),2024,1,1209.028888
Davies Reef (18-096),2024,1,623.7020016
Davies Reef (18-096),2024,1,810.4940057
Davies Reef (18-096),2024,1,376.1795998
Davies Reef (18-096),2024,1,143.6884314
Davies Reef (18-096),2024,1,122.6594299
Davies Reef (18-096),2024,1,132.8336522
Davies Reef (18-096),2024,1,39.40648176
Davies Reef (18-096),2024,1,196.2908238
Davies Reef (18-096),2024,1,16.15995672
Davies Reef (18-096),2024,1,40.44839479
Davies Reef (18-096),2024,1,39.83444721
Davies Reef (18-096),2024,1,80.12919724
Davies Reef (18-096),2024,1,76.53600723
Davies Reef (18-096),2024,1,39.43760879
Davies Reef (18-096),2024,1,77.5151968
Davies Reef (18-096),2024,1,53.17605771
Davies Reef (18-096),2024,1,78.97881567
Davies Reef (18-096),2024,1,115.2163491
Davies Reef (18-096),2024,1,30.69850188
Davies Reef (18-096),2024,1,64.19125423
Davies Reef (18-096),2024,1,72.70577699
Davies Reef (18-096),2024,1,31.48461934
Davies Reef (18-096),2024,1,40.40171765
Davies Reef (18-096),2024,1,38.19609582
Davies Reef (18-096),2024,1,55.76791763
Davies Reef (18-096),2024,1,189.4036934
Davies Reef (18-096),2024,1,70.3308776
Davies Reef (18-096),2024,1,16.04642831
Davies Reef (18-096),2024,1,15.5480694
Davies Reef (18-096),2024,1,23.55191857
Davies Reef (18-096),2024,1,61.84464991
Davies Reef (18-096),2024,1,23.19765408
Davies Reef (18-096),2024,1,30.89512344
Davies Reef (18-096),2024,1,22.89064117
Davies Reef (18-096),2024,1,23.08069356
Davies Reef (18-096),2024,1,15.69534391
Davies Reef (18-096),2024,1,29.78336234
Davies Reef (18-096),2024,1,22.58052751
Davies Reef (18-096),2024,1,91.6661337
Lizard Island Reef (North East) (14-116b),2024,1,16.34819518
Lizard Island Reef (North East) (14-116b),2024,0,0
Lizard Island Reef (North East) (14-116b),2024,0,0
Lizard Island Reef (North East) (14-116b),2024,1,7.267397849
Lizard Island Reef (North East) (14-116b),2024,0,0
Lizard Island Reef (North East) (14-116b),2024,0,0
Lizard Island Reef (North East) (14-116b),2024,1,7.795498101
Lizard Island Reef (North East) (14-116b),2024,0,0
Lizard Island Reef (North East) (14-116b),2024,0,0
Lizard Island Reef (North East) (14-116b),2024,1,16.19962256
Lizard Island Reef (North West) (14-116a),2024,1,41.54701267
Lizard Island Reef (North West) (14-116a),2024,1,7.830087111
Lizard Island Reef (North West) (14-116a),2024,1,132.2677459
Lizard Island Reef (North West) (14-116a),2024,1,23.79291445
Lizard Island Reef (North West) (14-116a),2024,1,41.13969769
Lizard Island Reef (North West) (14-116a),2024,1,47.55322157
Lizard Island Reef (North West) (14-116a),2024,1,54.83630116
Lizard Island Reef (North West) (14-116a),2024,1,103.0498771
Lizard Island Reef (North West) (14-116a),2024,1,15.5528655
Lizard Island Reef (North West) (14-116a),2024,1,39.75081877
Lizard Island Reef (Lagoon) (14-116d),2024,1,39.8619491
Lizard Island Reef (Lagoon) (14-116d),2024,1,40.70961215
Lizard Island Reef (Lagoon) (14-116d),2024,1,16.31677814
Lizard Island Reef (Lagoon) (14-116d),2024,1,78.06004919
Lizard Island Reef (Lagoon) (14-116d),2024,1,16.25746079
Lizard Island Reef (Lagoon) (14-116d),2024,1,49.75869656
Lizard Island Reef (Lagoon) (14-116d),2024,1,46.33395482
Lizard Island Reef (Lagoon) (14-116d),2024,1,39.04817947
Lizard Island Reef (Lagoon) (14-116d),2024,1,71.40277142
Lizard Island Reef (Lagoon) (14-116d),2024,1,85.3644039
Lizard Island Reef (Lagoon) (14-116d),2024,1,32.73779754
Lizard Island Reef (Lagoon) (14-116d),2024,1,31.121855
Lizard Island Reef (Lagoon) (14-116d),2024,1,7.892068078
Lizard Island Reef (Lagoon) (14-116d),2024,1,42.87041404
Lizard Island Reef (Lagoon) (14-116d),2024,1,32.16199185
Lizard Island Reef (Lagoon) (14-116d),2024,0,0
Lizard Island Reef (Lagoon) (14-116d),2024,1,75.74793857
Lizard Island Reef (Lagoon) (14-116d),2024,1,23.4473359
Lizard Island Reef (Lagoon) (14-116d),2024,1,8.908831475
Lizard Island Reef (Lagoon) (14-116d),2024,1,41.30850236
Lizard Island Reef (Lagoon) (14-116d),2024,0,0
Lizard Island Reef (Lagoon) (14-116d),2024,1,8.993277527
Lizard Island Reef (Lagoon) (14-116d),2024,0,0
Lizard Island Reef (Lagoon) (14-116d),2024,1,8.257672411
Lizard Island Reef (Lagoon) (14-116d),2024,1,7.904794655
Lizard Island Reef (Lagoon) (14-116d),2024,1,7.630995579
Lizard Island Reef (Lagoon) (14-116d),2024,1,8.119376487
Lizard Island Reef (Lagoon) (14-116d),2024,1,7.659812412
Lizard Island Reef (Lagoon) (14-116d),2024,0,0
Lizard Island Reef (Lagoon) (14-116d),2024,0,0
Lizard Island Reef (North West) (14-116a),2024,1,74.961321
Lizard Island Reef (North West) (14-116a),2024,1,17.33332564
Lizard Island Reef (North West) (14-116a),2024,1,31.96602235
Lizard Island Reef (North West) (14-116a),2024,1,40.07989723
Lizard Island Reef (North West) (14-116a),2024,1,22.79876703
Lizard Island Reef (North West) (14-116a),2024,1,38.87949361
Lizard Island Reef (North West) (14-116a),2024,1,62.11502483
Lizard Island Reef (North West) (14-116a),2024,1,24.05001048
Lizard Island Reef (North West) (14-116a),2024,1,86.67876197
Lizard Island Reef (North West) (14-116a),2024,1,23.72676003
Lizard Island Reef (North East) (14-116b),2024,0,0
Lizard Island Reef (North East) (14-116b),2024,0,0
Lizard Island Reef (North East) (14-116b),2024,1,8.421608164
Lizard Island Reef (North East) (14-116b),2024,0,0
Lizard Island Reef (North East) (14-116b),2024,1,17.08551184
Lizard Island Reef (North East) (14-116b),2024,0,0
Lizard Island Reef (North East) (14-116b),2024,0,0
Lizard Island Reef (North East) (14-116b),2024,1,16.48641521
Lizard Island Reef (North East) (14-116b),2024,1,25.33773078
Lizard Island Reef (North East) (14-116b),2024,1,24.67316144
Lizard Island Reef (Lagoon) (14-116d),2024,1,57.28371208
Lizard Island Reef (Lagoon) (14-116d),2024,1,56.96664725
Lizard Island Reef (Lagoon) (14-116d),2024,1,64.99268055
Lizard Island Reef (Lagoon) (14-116d),2024,1,91.64704278
Lizard Island Reef (Lagoon) (14-116d),2024,1,106.7202061
Lizard Island Reef (Lagoon) (14-116d),2024,1,77.3105295
Lizard Island Reef (Lagoon) (14-116d),2024,1,57.22000734
Lizard Island Reef (Lagoon) (14-116d),2024,1,160.6175361
Lizard Island Reef (Lagoon) (14-116d),2024,1,80.79604162
Lizard Island Reef (Lagoon) (14-116d),2024,1,83.91887627
Lizard Island Reef (Lagoon) (14-116d),2024,0,0
Lizard Island Reef (Lagoon) (14-116d),2024,0,0
Lizard Island Reef (Lagoon) (14-116d),2024,1,11.49757881
Lizard Island Reef (Lagoon) (14-116d),2024,1,7.69891099
Lizard Island Reef (Lagoon) (14-116d),2024,1,8.494985836
Lizard Island Reef (Lagoon) (14-116d),2024,0,0
Lizard Island Reef (Lagoon) (14-116d),2024,0,0
Lizard Island Reef (Lagoon) (14-116d),2024,0,0
Lizard Island Reef (Lagoon) (14-116d),2024,1,8.85651995
Lizard Island Reef (Lagoon) (14-116d),2024,1,8.657946193
Lizard Island Reef (Lagoon) (14-116d),2024,1,8.158791848
Lizard Island Reef (Lagoon) (14-116d),2024,1,31.96554991
Lizard Island Reef (Lagoon) (14-116d),2024,1,7.718103972
Lizard Island Reef (Lagoon) (14-116d),2024,1,31.21306424
Lizard Island Reef (Lagoon) (14-116d),2024,1,31.12537156
Lizard Island Reef (Lagoon) (14-116d),2024,1,78.64241874
Lizard Island Reef (Lagoon) (14-116d),2024,1,7.900547904
Lizard Island Reef (Lagoon) (14-116d),2024,1,16.57406266
Lizard Island Reef (Lagoon) (14-116d),2024,1,52.30124747
Lizard Island Reef (Lagoon) (14-116d),2024,1,25.41420248
Davies Reef (18-096),2024,1,46.8520157
Davies Reef (18-096),2024,1,95.2736333
Davies Reef (18-096),2024,1,0
Davies Reef (18-096),2024,1,0
Davies Reef (18-096),2024,1,24.24657103
Davies Reef (18-096),2024,1,117.9136081
Davies Reef (18-096),2024,1,0
Davies Reef (18-096),2024,1,24.68753122
Davies Reef (18-096),2024,1,141.6486315
Davies Reef (18-096),2024,1,73.94879088
Davies Reef (18-096),2024,1,91.9924451
Davies Reef (18-096),2024,1,0
Davies Reef (18-096),2024,1,24.10416082
Davies Reef (18-096),2024,1,48.99012521
Davies Reef (18-096),2024,1,144.6120501
Davies Reef (18-096),2024,1,48.02574366
Davies Reef (18-096),2024,1,121.2314855
Davies Reef (18-096),2024,1,47.20333982
Davies Reef (18-096),2024,1,99.92212281
Davies Reef (18-096),2024,1,100.856192
Davies Reef (18-096),2024,1,71.18779868
Davies Reef (18-096),2024,1,49.98459108
Davies Reef (18-096),2024,1,164.8318224
Davies Reef (18-096),2024,1,49.44308996
Davies Reef (18-096),2024,1,47.57841658
Davies Reef (18-096),2024,1,72.24998698
Davies Reef (18-096),2024,1,72.87989706
Davies Reef (18-096),2024,1,24.97284282
Davies Reef (18-096),2024,1,25.74772127
Davies Reef (18-096),2024,1,0
Davies Reef (18-096),2024,1,51.31983161
Davies Reef (18-096),2024,1,25.76902639
Davies Reef (18-096),2024,1,123.7354819
Davies Reef (18-096),2024,1,73.88359811
Davies Reef (18-096),2024,0,0
Davies Reef (18-096),2024,1,23.82966522
U/N Reef (21-444),2025,1,16.99691992
U/N Reef (21-444),2025,1,7.595849968
U/N Reef (21-444),2025,0,0
U/N Reef (21-444),2025,1,17.22672656
U/N Reef (21-444),2025,1,7.84679912
U/N Reef (21-444),2025,0,0
U/N Reef (21-444),2025,1,16.06314518
U/N Reef (21-444),2025,1,16.02930464
U/N Reef (21-444),2025,0,0
U/N Reef (21-444),2025,0,0
U/N Reef (21-444),2025,1,16.46493003
U/N Reef (21-444),2025,0,0
U/N Reef (21-444),2025,0,0
U/N Reef (21-444),2025,0,0
U/N Reef (21-444),2025,0,0
U/N Reef (21-444),2025,1,8.142979816
U/N Reef (21-444),2025,1,15.98514263
U/N Reef (21-444),2025,1,23.45036119
U/N Reef (21-444),2025,0,0
U/N Reef (21-444),2025,1,7.560702972
U/N Reef (21-444),2025,0,0
U/N Reef (21-444),2025,0,0
U/N Reef (21-444),2025,0,0
U/N Reef (21-444),2025,0,0
U/N Reef (21-443),2025,0,0
U/N Reef (21-443),2025,1,25.15916526
U/N Reef (21-443),2025,1,8.558432199
U/N Reef (21-443),2025,1,15.95502868
U/N Reef (21-443),2025,1,16.38301704
U/N Reef (21-443),2025,1,24.10826962
U/N Reef (21-443),2025,0,0
U/N Reef (21-443),2025,0,0
U/N Reef (21-443),2025,0,0
U/N Reef (21-443),2025,0,0
U/N Reef (21-443),2025,1,16.41202793
U/N Reef (21-443),2025,0,0
U/N Reef (21-443),2025,1,16.26132466
U/N Reef (21-443),2025,0,0
U/N Reef (21-443),2025,1,16.41586907
U/N Reef (21-443),2025,1,8.464425802
U/N Reef (21-443),2025,0,0
U/N Reef (21-443),2025,0,0
U/N Reef (21-443),2025,0,0
U/N Reef (21-443),2025,0,0
U/N Reef (21-443),2025,0,0
U/N Reef (21-443),2025,0,0
U/N Reef (21-443),2025,0,0
U/N Reef (21-443),2025,0,0
U/N Reef (21-453),2025,0,0
U/N Reef (21-453),2025,0,0
U/N Reef (21-453),2025,0,0
U/N Reef (21-453),2025,0,0
U/N Reef (21-453),2025,0,0
U/N Reef (21-453),2025,0,0
U/N Reef (21-453),2025,0,0
U/N Reef (21-453),2025,0,0
U/N Reef (21-453),2025,0,0
U/N Reef (21-453),2025,0,0
U/N Reef (21-453),2025,0,0
U/N Reef (21-453),2025,0,0
U/N Reef (21-453),2025,0,0
U/N Reef (21-453),2025,0,0
U/N Reef (21-453),2025,0,0
U/N Reef (21-453),2025,0,0
U/N Reef (21-453),2025,0,0
U/N Reef (21-453),2025,0,0
U/N Reef (21-453),2025,0,0
U/N Reef (21-453),2025,0,0
U/N Reef (21-453),2025,1,16.49412028
U/N Reef (21-453),2025,0,0
U/N Reef (21-453),2025,0,0
U/N Reef (21-453),2025,1,15.78274816
U/N Reef (21-488),2025,0,0
U/N Reef (21-488),2025,0,0
U/N Reef (21-488),2025,0,0
U/N Reef (21-488),2025,0,0
U/N Reef (21-488),2025,0,0
U/N Reef (21-488),2025,0,0
U/N Reef (21-488),2025,0,0
U/N Reef (21-488),2025,0,0
U/N Reef (21-488),2025,0,0
U/N Reef (21-488),2025,0,0
U/N Reef (21-488),2025,0,0
U/N Reef (21-488),2025,0,0
U/N Reef (21-488),2025,0,0
U/N Reef (21-488),2025,1,7.979498059
U/N Reef (21-488),2025,0,0
U/N Reef (21-488),2025,0,0
U/N Reef (21-488),2025,0,0
U/N Reef (21-488),2025,0,0
U/N Reef (21-488),2025,0,0
U/N Reef (21-488),2025,0,0
U/N Reef (21-488),2025,0,0
U/N Reef (21-488),2025,0,0
U/N Reef (21-488),2025,0,0
U/N Reef (21-488),2025,0,0
U/N Reef (21-489),2025,1,8.156906068
U/N Reef (21-489),2025,0,0
U/N Reef (21-489),2025,0,0
U/N Reef (21-489),2025,0,0
U/N Reef (21-489),2025,0,0
U/N Reef (21-489),2025,0,0
U/N Reef (21-489),2025,0,0
U/N Reef (21-489),2025,0,0
U/N Reef (21-489),2025,0,0
U/N Reef (21-489),2025,0,0
U/N Reef (21-489),2025,0,0
U/N Reef (21-489),2025,0,0
U/N Reef (21-489),2025,0,0
U/N Reef (21-489),2025,0,0
U/N Reef (21-489),2025,0,0
U/N Reef (21-489),2025,0,0
U/N Reef (21-489),2025,0,0
U/N Reef (21-489),2025,0,0
U/N Reef (21-489),2025,0,0
U/N Reef (21-489),2025,0,0
U/N Reef (21-489),2025,0,0
U/N Reef (21-489),2025,0,0
U/N Reef (21-489),2025,0,0
U/N Reef (21-489),2025,0,0
U/N Reef (21-476),2025,0,0
U/N Reef (21-476),2025,0,0
U/N Reef (21-476),2025,0,0
U/N Reef (21-476),2025,0,0
U/N Reef (21-476),2025,0,0
U/N Reef (21-476),2025,0,0
U/N Reef (21-476),2025,0,0
U/N Reef (21-476),2025,0,0
U/N Reef (21-476),2025,0,0
U/N Reef (21-476),2025,0,0
U/N Reef (21-476),2025,0,0
U/N Reef (21-476),2025,0,0
U/N Reef (21-476),2025,0,0
U/N Reef (21-476),2025,1,7.650513947
U/N Reef (21-476),2025,0,0
U/N Reef (21-476),2025,0,0
U/N Reef (21-476),2025,1,8.168610558
U/N Reef (21-476),2025,0,0
U/N Reef (21-476),2025,0,0
U/N Reef (21-476),2025,0,0
U/N Reef (21-476),2025,0,0
U/N Reef (21-476),2025,0,0
U/N Reef (21-476),2025,0,0
U/N Reef (21-476),2025,0,0
U/N Reef (21-263),2025,0,0
U/N Reef (21-263),2025,0,0
U/N Reef (21-263),2025,0,0
U/N Reef (21-263),2025,0,0
U/N Reef (21-263),2025,1,15.99008068
U/N Reef (21-263),2025,0,0
U/N Reef (21-263),2025,0,0
U/N Reef (21-263),2025,1,7.887130044
U/N Reef (21-263),2025,0,0
U/N Reef (21-263),2025,0,0
U/N Reef (21-263),2025,0,0
U/N Reef (21-263),2025,0,0
U/N Reef (21-263),2025,1,8.040944673
U/N Reef (21-263),2025,1,7.697903551
U/N Reef (21-263),2025,0,0
U/N Reef (21-263),2025,0,0
U/N Reef (21-263),2025,0,0
U/N Reef (21-263),2025,0,0
U/N Reef (21-263),2025,0,0
U/N Reef (21-263),2025,0,0
U/N Reef (21-263),2025,0,0
U/N Reef (21-263),2025,0,0
U/N Reef (21-263),2025,0,0
U/N Reef (21-263),2025,0,0
U/N Reef (21-270),2025,0,0
U/N Reef (21-270),2025,0,0
U/N Reef (21-270),2025,0,0
U/N Reef (21-270),2025,0,0
U/N Reef (21-270),2025,1,7.737732679
U/N Reef (21-270),2025,0,0
U/N Reef (21-270),2025,0,0
U/N Reef (21-270),2025,0,0
U/N Reef (21-270),2025,0,0
U/N Reef (21-270),2025,0,0
U/N Reef (21-270),2025,0,0
U/N Reef (21-270),2025,0,0
U/N Reef (21-270),2025,0,0
U/N Reef (21-270),2025,0,0
U/N Reef (21-270),2025,0,0
U/N Reef (21-270),2025,0,0
U/N Reef (21-270),2025,0,0
U/N Reef (21-270),2025,1,8.194023371
U/N Reef (21-270),2025,0,0
U/N Reef (21-270),2025,0,0
U/N Reef (21-270),2025,0,0
U/N Reef (21-270),2025,1,7.74758365
U/N Reef (21-270),2025,0,0
U/N Reef (21-270),2025,0,0
U/N Reef (21-477),2025,0,0
U/N Reef (21-477),2025,0,0
U/N Reef (21-477),2025,1,8.160678484
U/N Reef (21-477),2025,0,0
U/N Reef (21-477),2025,0,0
U/N Reef (21-477),2025,0,0
U/N Reef (21-477),2025,0,0
U/N Reef (21-477),2025,0,0
U/N Reef (21-477),2025,0,0
U/N Reef (21-477),2025,0,0
U/N Reef (21-477),2025,0,0
U/N Reef (21-477),2025,1,8.786407113
U/N Reef (21-477),2025,0,0
U/N Reef (21-477),2025,0,0
U/N Reef (21-477),2025,0,0
U/N Reef (21-477),2025,0,0
U/N Reef (21-477),2025,0,0
U/N Reef (21-477),2025,0,0
U/N Reef (21-477),2025,0,0
U/N Reef (21-477),2025,0,0
U/N Reef (21-477),2025,0,0
U/N Reef (21-477),2025,0,0
U/N Reef (21-477),2025,0,0
U/N Reef (21-477),2025,0,0
U/N Reef (21-067),2025,1,7.893480174
U/N Reef (21-067),2025,0,0
U/N Reef (21-067),2025,1,7.913301699
U/N Reef (21-067),2025,1,31.78576548
U/N Reef (21-067),2025,0,0
U/N Reef (21-067),2025,0,0
U/N Reef (21-067),2025,1,8.508502319
U/N Reef (21-067),2025,0,0
U/N Reef (21-067),2025,0,0
U/N Reef (21-067),2025,0,0
U/N Reef (21-067),2025,1,8.372065611
U/N Reef (21-067),2025,1,7.741805725
U/N Reef (21-067),2025,0,0
U/N Reef (21-067),2025,0,0
U/N Reef (21-067),2025,0,0
U/N Reef (21-067),2025,0,0
U/N Reef (21-067),2025,0,0
U/N Reef (21-067),2025,0,0
U/N Reef (21-067),2025,1,82.25675225
U/N Reef (21-067),2025,1,7.571732998
U/N Reef (21-067),2025,1,8.32428094
U/N Reef (21-067),2025,1,110.3695482
U/N Reef (21-067),2025,1,40.32805748
U/N Reef (21-067),2025,1,121.533367
U/N Reef (21-071),2025,0,0
U/N Reef (21-071),2025,1,8.343960531
U/N Reef (21-071),2025,0,0
U/N Reef (21-071),2025,1,8.136596717
U/N Reef (21-071),2025,0,0
U/N Reef (21-071),2025,0,0
U/N Reef (21-071),2025,0,0
U/N Reef (21-071),2025,0,0
U/N Reef (21-071),2025,0,0
U/N Reef (21-071),2025,0,0
U/N Reef (21-071),2025,0,0
U/N Reef (21-071),2025,0,0
U/N Reef (21-071),2025,0,0
U/N Reef (21-071),2025,0,0
U/N Reef (21-071),2025,0,0
U/N Reef (21-071),2025,0,0
U/N Reef (21-071),2025,0,0
U/N Reef (21-071),2025,0,0
U/N Reef (21-071),2025,0,0
U/N Reef (21-071),2025,1,8.331747539
U/N Reef (21-071),2025,0,0
U/N Reef (21-071),2025,0,0
U/N Reef (21-071),2025,0,0
U/N Reef (21-071),2025,0,0
U/N Reef (21-069),2025,0,0
U/N Reef (21-069),2025,0,0
U/N Reef (21-069),2025,0,0
U/N Reef (21-069),2025,0,0
U/N Reef (21-069),2025,0,0
U/N Reef (21-069),2025,1,8.340411074
U/N Reef (21-069),2025,0,0
U/N Reef (21-069),2025,0,0
U/N Reef (21-069),2025,0,0
U/N Reef (21-069),2025,0,0
U/N Reef (21-069),2025,0,0
U/N Reef (21-069),2025,0,0
U/N Reef (21-069),2025,0,0
U/N Reef (21-069),2025,0,0
U/N Reef (21-069),2025,0,0
U/N Reef (21-069),2025,0,0
U/N Reef (21-069),2025,0,0
U/N Reef (21-069),2025,0,0
U/N Reef (21-069),2025,0,0
U/N Reef (21-069),2025,0,0
U/N Reef (21-069),2025,0,0
U/N Reef (21-069),2025,0,0
U/N Reef (21-069),2025,0,0
U/N Reef (21-069),2025,0,0
U/N Reef (20-383),2025,0,0
U/N Reef (20-383),2025,0,0
U/N Reef (20-383),2025,0,0
U/N Reef (20-383),2025,0,0
U/N Reef (20-383),2025,0,0
U/N Reef (20-383),2025,0,0
U/N Reef (20-383),2025,0,0
U/N Reef (20-383),2025,0,0
U/N Reef (20-383),2025,0,0
U/N Reef (20-383),2025,0,0
U/N Reef (20-383),2025,1,8.061882667
U/N Reef (20-383),2025,0,0
U/N Reef (20-383),2025,1,8.318787441
U/N Reef (20-383),2025,0,0
U/N Reef (20-383),2025,1,8.120123483
U/N Reef (20-383),2025,1,15.41279387
U/N Reef (20-383),2025,1,7.888893038
U/N Reef (20-383),2025,1,7.822798379
U/N Reef (20-383),2025,0,0
U/N Reef (20-383),2025,0,0
U/N Reef (20-383),2025,0,0
U/N Reef (20-383),2025,0,0
U/N Reef (20-383),2025,0,0
U/N Reef (20-383),2025,0,0
U/N Reef (20-387),2025,0,0
U/N Reef (20-387),2025,0,0
U/N Reef (20-387),2025,1,8.065567911
U/N Reef (20-387),2025,0,0
U/N Reef (20-387),2025,0,0
U/N Reef (20-387),2025,1,23.67832214
U/N Reef (20-387),2025,1,7.669799589
U/N Reef (20-387),2025,1,7.752688788
U/N Reef (20-387),2025,1,23.99345376
U/N Reef (20-387),2025,0,0
U/N Reef (20-387),2025,1,7.6958891
U/N Reef (20-387),2025,0,0
U/N Reef (20-387),2025,0,0
U/N Reef (20-387),2025,0,0
U/N Reef (20-387),2025,0,0
U/N Reef (20-387),2025,0,0
U/N Reef (20-387),2025,0,0
U/N Reef (20-387),2025,0,0
U/N Reef (20-387),2025,0,0
U/N Reef (20-387),2025,0,0
U/N Reef (20-387),2025,0,0
U/N Reef (20-387),2025,0,0
U/N Reef (20-387),2025,0,0
U/N Reef (20-387),2025,0,0
U/N Reef (20-386),2025,0,0
U/N Reef (20-386),2025,1,8.141476661
U/N Reef (20-386),2025,1,25.02809633
U/N Reef (20-386),2025,0,0
U/N Reef (20-386),2025,1,7.901255228
U/N Reef (20-386),2025,0,0
U/N Reef (20-386),2025,0,0
U/N Reef (20-386),2025,0,0
U/N Reef (20-386),2025,1,8.218063787
U/N Reef (20-386),2025,0,0
U/N Reef (20-386),2025,1,39.08876069
U/N Reef (20-386),2025,0,0
U/N Reef (20-386),2025,0,0
U/N Reef (20-386),2025,1,40.79387672
U/N Reef (20-386),2025,1,8.58675018
U/N Reef (20-386),2025,1,7.960780151
U/N Reef (20-386),2025,1,32.10245278
U/N Reef (20-386),2025,0,0
U/N Reef (20-386),2025,0,0
U/N Reef (20-386),2025,0,0
U/N Reef (20-386),2025,0,0
U/N Reef (20-386),2025,0,0
U/N Reef (20-386),2025,0,0
U/N Reef (20-386),2025,1,8.879693784
U/N Reef (21-092),2025,1,39.34736811
U/N Reef (21-092),2025,1,15.9138998
U/N Reef (21-092),2025,1,160.5213806
U/N Reef (21-092),2025,1,47.31092937
U/N Reef (21-092),2025,1,40.41046277
U/N Reef (21-092),2025,1,79.79517952
U/N Reef (21-092),2025,1,87.61871606
U/N Reef (21-092),2025,1,93.27354133
U/N Reef (21-092),2025,1,75.13074428
U/N Reef (21-092),2025,1,57.64084607
U/N Reef (21-092),2025,1,106.3324459
U/N Reef (21-092),2025,1,79.8431173
U/N Reef (21-092),2025,1,7.85798002
U/N Reef (21-092),2025,1,34.26114544
U/N Reef (21-092),2025,1,7.986358926
U/N Reef (21-092),2025,1,32.58175068
U/N Reef (21-092),2025,0,0
U/N Reef (21-092),2025,1,24.23658147
U/N Reef (21-092),2025,0,0
U/N Reef (21-092),2025,1,8.235321008
U/N Reef (21-092),2025,1,8.219211549
U/N Reef (21-092),2025,0,0
U/N Reef (21-092),2025,0,0
U/N Reef (21-092),2025,0,0
U/N Reef (21-094),2025,0,0
U/N Reef (21-094),2025,0,0
U/N Reef (21-094),2025,0,0
U/N Reef (21-094),2025,1,9.057902545
U/N Reef (21-094),2025,0,0
U/N Reef (21-094),2025,0,0
U/N Reef (21-094),2025,1,7.901255228
U/N Reef (21-094),2025,1,8.154268004
U/N Reef (21-094),2025,1,24.64174479
U/N Reef (21-094),2025,1,57.15476274
U/N Reef (21-094),2025,1,25.34029987
U/N Reef (21-094),2025,1,8.477437869
U/N Reef (21-094),2025,1,33.53159074
U/N Reef (21-094),2025,1,23.82834814
U/N Reef (21-094),2025,1,25.75715035
U/N Reef (21-094),2025,1,16.5080063
U/N Reef (21-094),2025,1,8.433682658
U/N Reef (21-094),2025,0,0
U/N Reef (21-094),2025,1,8.043143526
U/N Reef (21-094),2025,1,7.877272367
U/N Reef (21-094),2025,0,0
U/N Reef (21-094),2025,1,8.329781145
U/N Reef (21-094),2025,1,8.41879528
U/N Reef (21-094),2025,0,0
U/N Reef (21-093),2025,1,75.67921579
U/N Reef (21-093),2025,0,0
U/N Reef (21-093),2025,1,73.47611859
U/N Reef (21-093),2025,1,25.49477667
U/N Reef (21-093),2025,1,56.22294992
U/N Reef (21-093),2025,1,41.95266142
U/N Reef (21-093),2025,0,0
U/N Reef (21-093),2025,0,0
U/N Reef (21-093),2025,0,0
U/N Reef (21-093),2025,1,8.368492685
U/N Reef (21-093),2025,0,0
U/N Reef (21-093),2025,0,0
U/N Reef (21-093),2025,1,24.24324006
U/N Reef (21-093),2025,1,8.028141595
U/N Reef (21-093),2025,0,0
U/N Reef (21-093),2025,0,0
U/N Reef (21-093),2025,1,7.806878351
U/N Reef (21-093),2025,1,17.59779565
U/N Reef (21-093),2025,0,0
U/N Reef (21-093),2025,1,17.16422215
U/N Reef (21-093),2025,0,0
U/N Reef (21-093),2025,0,0
U/N Reef (21-093),2025,0,0
U/N Reef (21-093),2025,0,0
Banfield Reef (North) (18-105a),2025,0,0
Banfield Reef (North) (18-105a),2025,1,8.004834875
Banfield Reef (North) (18-105a),2025,0,0
Banfield Reef (North) (18-105a),2025,0,0
Banfield Reef (North) (18-105a),2025,0,0
Banfield Reef (North) (18-105a),2025,1,8.061882667
Banfield Reef (North) (18-105a),2025,1,63.90608288
Banfield Reef (North) (18-105a),2025,1,81.41875193
Banfield Reef (North) (18-105a),2025,1,49.16497841
Banfield Reef (North) (18-105a),2025,1,67.59603024
Banfield Reef (North) (18-105a),2025,1,77.89450362
Banfield Reef (North) (18-105a),2025,1,47.18679562
Banfield Reef (North) (18-105a),2025,1,7.836345769
Banfield Reef (North) (18-105a),2025,1,140.8697784
Banfield Reef (North) (18-105a),2025,1,47.62878455
Banfield Reef (North) (18-105a),2025,1,72.41191193
Banfield Reef (North) (18-105a),2025,1,99.89128858
Banfield Reef (North) (18-105a),2025,1,82.59458318
Banfield Reef (North) (18-105a),2025,1,40.73369522
Banfield Reef (North) (18-105a),2025,1,16.45369492
Banfield Reef (North) (18-105a),2025,1,34.38297249
Banfield Reef (North) (18-105a),2025,1,31.26911167
Banfield Reef (North) (18-105a),2025,1,16.69147275
Banfield Reef (North) (18-105a),2025,1,16.5
(Big) Broadhurst Reef (No 1) (18-100a),2025,1,15
(Big) Broadhurst Reef (No 1) (18-100a),2025,0,0
(Big) Broadhurst Reef (No 1) (18-100a),2025,1,24
(Big) Broadhurst Reef (No 1) (18-100a),2025,1,16.5
(Big) Broadhurst Reef (No 1) (18-100a),2025,1,33
(Big) Broadhurst Reef (No 1) (18-100a),2025,1,15
(Big) Broadhurst Reef (No 1) (18-100a),2025,0,0
(Big) Broadhurst Reef (No 1) (18-100a),2025,1,15
(Big) Broadhurst Reef (No 1) (18-100a),2025,0,0
(Big) Broadhurst Reef (No 1) (18-100a),2025,0,0
(Big) Broadhurst Reef (No 1) (18-100a),2025,0,0
(Big) Broadhurst Reef (No 1) (18-100a),2025,0,0
(Big) Broadhurst Reef (No 1) (18-100a),2025,0,0
(Big) Broadhurst Reef (No 1) (18-100a),2025,0,0
(Big) Broadhurst Reef (No 1) (18-100a),2025,0,0
(Big) Broadhurst Reef (No 1) (18-100a),2025,1,7.5
(Big) Broadhurst Reef (No 1) (18-100a),2025,1,9
(Big) Broadhurst Reef (No 1) (18-100a),2025,0,0
(Big) Broadhurst Reef (No 1) (18-100a),2025,1,16.5
(Big) Broadhurst Reef (No 1) (18-100a),2025,1,7.5
(Big) Broadhurst Reef (No 1) (18-100a),2025,1,7.5
(Big) Broadhurst Reef (No 1) (18-100a),2025,0,0
(Big) Broadhurst Reef (No 1) (18-100a),2025,1,16.5
(Big) Broadhurst Reef (No 1) (18-100a),2025,0,0
U/N Reef (21-460),2025,0,0
U/N Reef (21-460),2025,1,7.5
U/N Reef (21-460),2025,0,0
U/N Reef (21-460),2025,0,0
U/N Reef (21-460),2025,0,0
U/N Reef (21-460),2025,0,0
U/N Reef (21-460),2025,0,0
U/N Reef (21-460),2025,0,0
U/N Reef (21-460),2025,0,0
U/N Reef (21-460),2025,0,0
U/N Reef (21-460),2025,0,0
U/N Reef (21-460),2025,0,0
U/N Reef (21-460),2025,0,0
U/N Reef (21-460),2025,0,0
U/N Reef (21-460),2025,0,0
U/N Reef (21-460),2025,1,16.5
U/N Reef (21-460),2025,0,0
U/N Reef (21-460),2025,0,0
U/N Reef (21-460),2025,0,0
U/N Reef (21-460),2025,0,0
U/N Reef (21-460),2025,0,0
U/N Reef (21-460),2025,0,0
U/N Reef (21-460),2025,0,0
U/N Reef (21-460),2025,0,0
U/N Reef (21-466),2025,0,0
U/N Reef (21-466),2025,0,0
U/N Reef (21-466),2025,0,0
U/N Reef (21-466),2025,0,0
U/N Reef (21-466),2025,0,0
U/N Reef (21-466),2025,0,0
U/N Reef (21-466),2025,1,15
U/N Reef (21-466),2025,1,7.5
U/N Reef (21-466),2025,0,0
U/N Reef (21-466),2025,0,0
U/N Reef (21-466),2025,0,0
U/N Reef (21-466),2025,0,0
U/N Reef (21-466),2025,0,0
U/N Reef (21-466),2025,0,0
U/N Reef (21-466),2025,0,0
U/N Reef (21-466),2025,0,0
U/N Reef (21-466),2025,0,0
U/N Reef (21-466),2025,0,0
U/N Reef (21-466),2025,0,0
U/N Reef (21-466),2025,0,0
U/N Reef (21-466),2025,0,0
U/N Reef (21-466),2025,0,0
U/N Reef (21-466),2025,0,0
U/N Reef (21-466),2025,0,0
U/N Reef (13-093a),2025,1,16.43572189
U/N Reef (13-093a),2025,1,62.48298213
U/N Reef (13-093a),2025,1,62.76061088
U/N Reef (13-093a),2025,1,31.85375556
U/N Reef (13-093a),2025,1,73.18437696
U/N Reef (13-093a),2025,1,48.51305746
U/N Reef (13-093a),2025,1,24.00599755
U/N Reef (13-093a),2025,1,48.57853912
U/N Reef (13-093a),2025,1,7.798253931
U/N Reef (13-093a),2025,1,84.00056362
U/N Reef (13-093a),2025,1,48.04558754
U/N Reef (13-093a),2025,1,71.09644152
U/N Reef (13-093a),2025,1,47.35782668
U/N Reef (13-093a),2025,1,15.62803052
U/N Reef (13-093a),2025,1,24.13698044
U/N Reef (13-093a),2025,1,8.048278838
U/N Reef (13-093a),2025,1,16.01188481
U/N Reef (13-093a),2025,0,0
U/N Reef (13-093a),2025,1,7.648524642
U/N Reef (13-093a),2025,1,23.70443232
U/N Reef (13-093a),2025,0,0
U/N Reef (13-093a),2025,0,0
U/N Reef (13-093a),2025,0,0
U/N Reef (13-093a),2025,0,0
U/N Reef (13-093a),2025,1,96.57724053
U/N Reef (13-093a),2025,1,15.52799474
U/N Reef (13-093a),2025,1,73.32850322
U/N Reef (13-093a),2025,1,47.40768671
U/N Reef (13-093a),2025,1,31.1463844
U/N Reef (13-093a),2025,1,70.05635351
U/N Reef (13-093a),2025,1,24.92428143
U/N Reef (13-093a),2025,1,75.18562675
U/N Reef (13-093a),2025,1,75.70076957
U/N Reef (13-093a),2025,1,93.92183572
U/N Reef (13-093a),2025,1,62.95917258
U/N Reef (13-093a),2025,1,268.3879137
Hedge Reef (13-108),2025,1,48.11759032
Hedge Reef (13-108),2025,1,39.30667788
Hedge Reef (13-108),2025,1,114.6969438
Hedge Reef (13-108),2025,1,87.02417314
Hedge Reef (13-108),2025,1,53.22891064
Hedge Reef (13-108),2025,1,82.73364902
Hedge Reef (13-108),2025,1,84.27626342
Hedge Reef (13-108),2025,1,31.08774405
Hedge Reef (13-108),2025,1,129.4052526
Hedge Reef (13-108),2025,1,75.90992376
Hedge Reef (13-108),2025,1,119.7728723
Hedge Reef (13-108),2025,1,60.76129675
Hedge Reef (13-108),2025,1,15.70651755
Hedge Reef (13-108),2025,1,15.51153995
Hedge Reef (13-108),2025,1,39.52354677
Hedge Reef (13-108),2025,1,38.82623278
Hedge Reef (13-108),2025,1,31.13198988
Hedge Reef (13-108),2025,1,53.26761771
Hedge Reef (13-108),2025,1,31.1119834
Hedge Reef (13-108),2025,1,23.07106666
Hedge Reef (13-108),2025,1,23.31066616
Hedge Reef (13-108),2025,1,78.73854786
Hedge Reef (13-108),2025,1,37.61895597
Hedge Reef (13-108),2025,1,143.8488454
Hedge Reef (13-108),2025,1,40.43768831
Hedge Reef (13-108),2025,1,7.828002982
Hedge Reef (13-108),2025,1,31.99612331
Hedge Reef (13-108),2025,1,15.48191272
Hedge Reef (13-108),2025,1,39.93658014
Hedge Reef (13-108),2025,1,15.66301379
Hedge Reef (13-108),2025,1,60.95298752
Hedge Reef (13-108),2025,1,228.3750415
Hedge Reef (13-108),2025,1,24.15835485
Hedge Reef (13-108),2025,0,0
Hedge Reef (13-108),2025,1,7.784494199
Hedge Reef (13-108),2025,1,39.16390054
U/N Reef (13-124),2025,0,0
U/N Reef (13-124),2025,0,0
U/N Reef (13-124),2025,1,23.40631317
U/N Reef (13-124),2025,1,23.07328898
U/N Reef (13-124),2025,1,7.39035476
U/N Reef (13-124),2025,0,0
U/N Reef (13-124),2025,1,66.85839817
U/N Reef (13-124),2025,0,0
U/N Reef (13-124),2025,0,0
U/N Reef (13-124),2025,0,0
U/N Reef (13-124),2025,0,0
U/N Reef (13-124),2025,0,0
U/N Reef (13-124),2025,1,51.03687868
U/N Reef (13-124),2025,1,16.85910691
U/N Reef (13-124),2025,1,17.43760239
U/N Reef (13-124),2025,1,138.9609352
U/N Reef (13-124),2025,1,7.94894658
U/N Reef (13-124),2025,1,8.240320534
U/N Reef (13-124),2025,1,17.42773578
U/N Reef (13-124),2025,1,8.28714408
U/N Reef (13-124),2025,1,51.19596384
U/N Reef (13-124),2025,1,87.77620196
U/N Reef (13-124),2025,1,16.68279245
U/N Reef (13-124),2025,1,81.99817613
U/N Reef (13-124),2025,1,49.38002005
U/N Reef (13-124),2025,1,51.93797015
U/N Reef (13-124),2025,1,27.0878356
U/N Reef (13-124),2025,1,70.42657882
U/N Reef (13-124),2025,1,45.00355236
U/N Reef (13-124),2025,1,27.97747795
U/N Reef (13-124),2025,1,36.54291462
U/N Reef (13-124),2025,1,16.57312028
U/N Reef (13-124),2025,1,8.826839179
U/N Reef (13-124),2025,1,27.0016266
U/N Reef (13-124),2025,1,32.54261278
U/N Reef (13-124),2025,1,41.04213975
Corbett Reef (14-016),2025,0,0
Corbett Reef (14-016),2025,0,0
Corbett Reef (14-016),2025,1,26.07490048
Corbett Reef (14-016),2025,1,25.90394095
Corbett Reef (14-016),2025,1,9.149954282
Corbett Reef (14-016),2025,0,0
Corbett Reef (14-016),2025,0,0
Corbett Reef (14-016),2025,1,16.88552275
Corbett Reef (14-016),2025,0,0
Corbett Reef (14-016),2025,0,0
Corbett Reef (14-016),2025,0,0
Corbett Reef (14-016),2025,0,0
Corbett Reef (14-016),2025,0,0
Corbett Reef (14-016),2025,1,8.023031428
Corbett Reef (14-016),2025,0,0
Corbett Reef (14-016),2025,0,0
Corbett Reef (14-016),2025,1,7.970128208
Corbett Reef (14-016),2025,0,0
Corbett Reef (14-016),2025,1,69.68714297
Corbett Reef (14-016),2025,1,8.150878362
Corbett Reef (14-016),2025,1,8.464425802
Corbett Reef (14-016),2025,1,8.20354633
Corbett Reef (14-016),2025,0,0
Corbett Reef (14-016),2025,1,15.77227022
Corbett Reef (14-016),2025,0,0
Corbett Reef (14-016),2025,0,0
Corbett Reef (14-016),2025,1,15.33593349
Corbett Reef (14-016),2025,1,24.03085381
Corbett Reef (14-016),2025,0,0
Corbett Reef (14-016),2025,1,7.660477236
Corbett Reef (14-016),2025,0,0
Corbett Reef (14-016),2025,1,16.35113005
Corbett Reef (14-016),2025,1,38.91939707
Corbett Reef (14-016),2025,1,15.20511657
Corbett Reef (14-016),2025,1,16.46415386
Corbett Reef (14-016),2025,0,0
Davie Reef (13-130),2025,0,0
Davie Reef (13-130),2025,0,0
Davie Reef (13-130),2025,0,0
Davie Reef (13-130),2025,0,0
Davie Reef (13-130),2025,0,0
Davie Reef (13-130),2025,0,0
Davie Reef (13-130),2025,0,0
Davie Reef (13-130),2025,0,0
Davie Reef (13-130),2025,0,0
Davie Reef (13-130),2025,0,0
Davie Reef (13-130),2025,0,0
Davie Reef (13-130),2025,0,0
Davie Reef (13-130),2025,0,0
Davie Reef (13-130),2025,0,0
Davie Reef (13-130),2025,0,0
Davie Reef (13-130),2025,0,0
Davie Reef (13-130),2025,1,15.51457867
Davie Reef (13-130),2025,0,0
Davie Reef (13-130),2025,0,0
Davie Reef (13-130),2025,0,0
Davie Reef (13-130),2025,0,0
Davie Reef (13-130),2025,0,0
Davie Reef (13-130),2025,0,0
Davie Reef (13-130),2025,0,0
Davie Reef (13-130),2025,0,0
Davie Reef (13-130),2025,0,0
Davie Reef (13-130),2025,0,0
Davie Reef (13-130),2025,0,0
Davie Reef (13-130),2025,0,0
Davie Reef (13-130),2025,0,0
Davie Reef (13-130),2025,0,0
Davie Reef (13-130),2025,0,0
Davie Reef (13-130),2025,0,0
Davie Reef (13-130),2025,0,0
Davie Reef (13-130),2025,0,0
Davie Reef (13-130),2025,0,0
Yonge Reef (14-138),2025,0,0
Yonge Reef (14-138),2025,0,0
Yonge Reef (14-138),2025,0,0
Yonge Reef (14-138),2025,0,0
Yonge Reef (14-138),2025,0,0
Yonge Reef (14-138),2025,0,0
Yonge Reef (14-138),2025,0,0
Yonge Reef (14-138),2025,0,0
Yonge Reef (14-138),2025,0,0
Yonge Reef (14-138),2025,1,7.884662971
Yonge Reef (14-138),2025,0,0
Yonge Reef (14-138),2025,0,0
Yonge Reef (14-138),2025,0,0
Yonge Reef (14-138),2025,0,0
Yonge Reef (14-138),2025,0,0
Yonge Reef (14-138),2025,0,0
Yonge Reef (14-138),2025,0,0
Yonge Reef (14-138),2025,1,33.16380903
Yonge Reef (14-138),2025,0,0
Yonge Reef (14-138),2025,0,0
Yonge Reef (14-138),2025,0,0
Yonge Reef (14-138),2025,0,0
Yonge Reef (14-138),2025,0,0
Yonge Reef (14-138),2025,0,0
Yonge Reef (14-138),2025,0,0
Yonge Reef (14-138),2025,0,0
Yonge Reef (14-138),2025,0,0
Yonge Reef (14-138),2025,0,0
Yonge Reef (14-138),2025,0,0
Yonge Reef (14-138),2025,0,0
Yonge Reef (14-138),2025,0,0
Yonge Reef (14-138),2025,0,0
Yonge Reef (14-138),2025,0,0
Yonge Reef (14-138),2025,0,0
Yonge Reef (14-138),2025,0,0
Yonge Reef (14-138),2025,0,0
Ribbon No 9 Reef (14-154),2025,0,0
Ribbon No 9 Reef (14-154),2025,0,0
Ribbon No 9 Reef (14-154),2025,0,0
Ribbon No 9 Reef (14-154),2025,0,0
Ribbon No 9 Reef (14-154),2025,0,0
Ribbon No 9 Reef (14-154),2025,0,0
Ribbon No 9 Reef (14-154),2025,0,0
Ribbon No 9 Reef (14-154),2025,0,0
Ribbon No 9 Reef (14-154),2025,0,0
Ribbon No 9 Reef (14-154),2025,0,0
Ribbon No 9 Reef (14-154),2025,0,0
Ribbon No 9 Reef (14-154),2025,0,0
Ribbon No 9 Reef (14-154),2025,0,0
Ribbon No 9 Reef (14-154),2025,0,0
Ribbon No 9 Reef (14-154),2025,0,0
Ribbon No 9 Reef (14-154),2025,0,0
Ribbon No 9 Reef (14-154),2025,0,0
Ribbon No 9 Reef (14-154),2025,0,0
Ribbon No 9 Reef (14-154),2025,0,0
Ribbon No 9 Reef (14-154),2025,0,0
Ribbon No 9 Reef (14-154),2025,0,0
Ribbon No 9 Reef (14-154),2025,0,0
Ribbon No 9 Reef (14-154),2025,0,0
Ribbon No 9 Reef (14-154),2025,0,0
Ribbon No 9 Reef (14-154),2025,0,0
Ribbon No 9 Reef (14-154),2025,0,0
Ribbon No 9 Reef (14-154),2025,0,0
Ribbon No 9 Reef (14-154),2025,0,0
Ribbon No 9 Reef (14-154),2025,0,0
Ribbon No 9 Reef (14-154),2025,0,0
Ribbon No 9 Reef (14-154),2025,0,0
Ribbon No 9 Reef (14-154),2025,0,0
Ribbon No 9 Reef (14-154),2025,0,0
Ribbon No 9 Reef (14-154),2025,0,0
Ribbon No 9 Reef (14-154),2025,0,0
Ribbon No 9 Reef (14-154),2025,0,0
Ribbon No 5 Reef (15-038),2025,0,0
Ribbon No 5 Reef (15-038),2025,0,0
Ribbon No 5 Reef (15-038),2025,0,0
Ribbon No 5 Reef (15-038),2025,0,0
Ribbon No 5 Reef (15-038),2025,0,0
Ribbon No 5 Reef (15-038),2025,0,0
Ribbon No 5 Reef (15-038),2025,0,0
Ribbon No 5 Reef (15-038),2025,0,0
Ribbon No 5 Reef (15-038),2025,0,0
Ribbon No 5 Reef (15-038),2025,0,0
Ribbon No 5 Reef (15-038),2025,1,7.971928082
Ribbon No 5 Reef (15-038),2025,0,0
Ribbon No 5 Reef (15-038),2025,0,0
Ribbon No 5 Reef (15-038),2025,0,0
Ribbon No 5 Reef (15-038),2025,1,8.392371051
Ribbon No 5 Reef (15-038),2025,0,0
Ribbon No 5 Reef (15-038),2025,0,0
Ribbon No 5 Reef (15-038),2025,1,8.216150478
Ribbon No 5 Reef (15-038),2025,0,0
Ribbon No 5 Reef (15-038),2025,0,0
Ribbon No 5 Reef (15-038),2025,0,0
Ribbon No 5 Reef (15-038),2025,0,0
Ribbon No 5 Reef (15-038),2025,0,0
Ribbon No 5 Reef (15-038),2025,0,0
Ribbon No 5 Reef (15-038),2025,0,0
Ribbon No 5 Reef (15-038),2025,1,8.511374518
Ribbon No 5 Reef (15-038),2025,0,0
Ribbon No 5 Reef (15-038),2025,0,0
Ribbon No 5 Reef (15-038),2025,0,0
Ribbon No 5 Reef (15-038),2025,0,0
Ribbon No 5 Reef (15-038),2025,0,0
Ribbon No 5 Reef (15-038),2025,0,0
Ribbon No 5 Reef (15-038),2025,0,0
Ribbon No 5 Reef (15-038),2025,0,0
Ribbon No 5 Reef (15-038),2025,0,0
Ribbon No 5 Reef (15-038),2025,1,8.184142783
Osterlund Reef (15-078),2025,1,26.05308518
Osterlund Reef (15-078),2025,1,8.944050036
Osterlund Reef (15-078),2025,1,16.0822548
Osterlund Reef (15-078),2025,1,33.50357786
Osterlund Reef (15-078),2025,1,17.23934747
Osterlund Reef (15-078),2025,1,26.18322596
Osterlund Reef (15-078),2025,1,33.4161099
Osterlund Reef (15-078),2025,1,63.13832738
Osterlund Reef (15-078),2025,1,23.53050783
Osterlund Reef (15-078),2025,1,18.64848174
Osterlund Reef (15-078),2025,1,7.818292268
Osterlund Reef (15-078),2025,1,16.46903493
Osterlund Reef (15-078),2025,0,0
Osterlund Reef (15-078),2025,1,8.34790729
Osterlund Reef (15-078),2025,0,0
Osterlund Reef (15-078),2025,1,17.93814003
Osterlund Reef (15-078),2025,0,0
Osterlund Reef (15-078),2025,1,17.63984822
Osterlund Reef (15-078),2025,1,17.05359221
Osterlund Reef (15-078),2025,1,15.81999902
Osterlund Reef (15-078),2025,0,0
Osterlund Reef (15-078),2025,0,0
Osterlund Reef (15-078),2025,0,0
Osterlund Reef (15-078),2025,1,17.66207144
Osterlund Reef (15-078),2025,0,0
Osterlund Reef (15-078),2025,0,0
Osterlund Reef (15-078),2025,0,0
Osterlund Reef (15-078),2025,0,0
Osterlund Reef (15-078),2025,1,9.410510212
Osterlund Reef (15-078),2025,0,0
Osterlund Reef (15-078),2025,0,0
Osterlund Reef (15-078),2025,0,0
Osterlund Reef (15-078),2025,1,8.455908671
Osterlund Reef (15-078),2025,0,0
Osterlund Reef (15-078),2025,0,0
Osterlund Reef (15-078),2025,0,0
Osterlund Reef (15-078),2025,0,0
Osterlund Reef (15-078),2025,0,0
Osterlund Reef (15-078),2025,0,0
Osterlund Reef (15-078),2025,0,0
Osterlund Reef (15-078),2025,0,0
Osterlund Reef (15-078),2025,1,8.206979558
Cairns Reef (15-086),2025,0,0
Cairns Reef (15-086),2025,1,8.002656698
Cairns Reef (15-086),2025,0,0
Cairns Reef (15-086),2025,0,0
Cairns Reef (15-086),2025,1,17.80819986
Cairns Reef (15-086),2025,1,19.25463863
Cairns Reef (15-086),2025,0,0
Cairns Reef (15-086),2025,0,0
Cairns Reef (15-086),2025,1,8.256513812
Cairns Reef (15-086),2025,1,8.944503777
Cairns Reef (15-086),2025,0,0
Cairns Reef (15-086),2025,1,9.015330859
Cairns Reef (15-086),2025,0,0
Cairns Reef (15-086),2025,1,9.082143009
Cairns Reef (15-086),2025,1,8.377630077
Cairns Reef (15-086),2025,1,16.91468116
Cairns Reef (15-086),2025,0,0
Cairns Reef (15-086),2025,1,7.586054318
Cairns Reef (15-086),2025,1,9.320055507
Cairns Reef (15-086),2025,1,8.972700499
Cairns Reef (15-086),2025,1,33.39175545
Cairns Reef (15-086),2025,1,8.415985107
Cairns Reef (15-086),2025,1,8.263859153
Cairns Reef (15-086),2025,1,7.770098001
Cairns Reef (15-086),2025,0,0
Cairns Reef (15-086),2025,0,0
Cairns Reef (15-086),2025,0,0
Cairns Reef (15-086),2025,0,0
Cairns Reef (15-086),2025,0,0
Cairns Reef (15-086),2025,1,8.636336401
Cairns Reef (15-086),2025,0,0
Cairns Reef (15-086),2025,0,0
Cairns Reef (15-086),2025,0,0
Cairns Reef (15-086),2025,0,0
Cairns Reef (15-086),2025,0,0
Cairns Reef (15-086),2025,0,0
Undine Reef (West) (16-020a),2025,1,10.2763474
Undine Reef (West) (16-020a),2025,1,9.713531658
Undine Reef (West) (16-020a),2025,1,18.83055791
Undine Reef (West) (16-020a),2025,1,8.927760646
Undine Reef (West) (16-020a),2025,0,0
Undine Reef (West) (16-020a),2025,1,8.983205818
Undine Reef (West) (16-020a),2025,0,0
Undine Reef (West) (16-020a),2025,1,8.266568743
Undine Reef (West) (16-020a),2025,0,0
Undine Reef (West) (16-020a),2025,1,8.95767007
Undine Reef (West) (16-020a),2025,1,16.22494273
Undine Reef (West) (16-020a),2025,1,32.28497766
Undine Reef (West) (16-020a),2025,1,25.97511113
Undine Reef (West) (16-020a),2025,0,0
Undine Reef (West) (16-020a),2025,1,8.701490611
Undine Reef (West) (16-020a),2025,0,0
Undine Reef (West) (16-020a),2025,0,0
Undine Reef (West) (16-020a),2025,0,0
Undine Reef (West) (16-020a),2025,0,0
Undine Reef (West) (16-020a),2025,0,0
Undine Reef (West) (16-020a),2025,0,0
Undine Reef (West) (16-020a),2025,1,16.95935614
Undine Reef (West) (16-020a),2025,0,0
Undine Reef (West) (16-020a),2025,0,0
Undine Reef (West) (16-020a),2025,1,215.4073633
Undine Reef (West) (16-020a),2025,1,143.7027499
Undine Reef (West) (16-020a),2025,1,488.1982684
Undine Reef (West) (16-020a),2025,1,477.0131528
Undine Reef (West) (16-020a),2025,1,390.6064868
Undine Reef (West) (16-020a),2025,1,352.9391706
Undine Reef (West) (16-020a),2025,1,483.0185115
Undine Reef (West) (16-020a),2025,1,1385.299301
Undine Reef (West) (16-020a),2025,1,223.2291341
Undine Reef (West) (16-020a),2025,1,196.6428995
Undine Reef (West) (16-020a),2025,1,1275.50854
Undine Reef (West) (16-020a),2025,1,151.5419304
Undine Reef (West) (16-020a),2025,1,17.65942052
Undine Reef (West) (16-020a),2025,1,42.16841161
Undine Reef (West) (16-020a),2025,1,8.763716742
Undine Reef (West) (16-020a),2025,1,52.72709727
Undine Reef (West) (16-020a),2025,1,16.59653541
Undine Reef (West) (16-020a),2025,1,16.19709413
Rudder Reef (16-023),2025,0,0
Rudder Reef (16-023),2025,0,0
Rudder Reef (16-023),2025,0,0
Rudder Reef (16-023),2025,0,0
Rudder Reef (16-023),2025,1,18.49350203
Rudder Reef (16-023),2025,1,8.346722648
Rudder Reef (16-023),2025,1,9.791139141
Rudder Reef (16-023),2025,1,9.273039736
Rudder Reef (16-023),2025,0,0
Rudder Reef (16-023),2025,0,0
Rudder Reef (16-023),2025,0,0
Rudder Reef (16-023),2025,0,0
Rudder Reef (16-023),2025,1,24.7764945
Rudder Reef (16-023),2025,0,0
Rudder Reef (16-023),2025,0,0
Rudder Reef (16-023),2025,0,0
Rudder Reef (16-023),2025,0,0
Rudder Reef (16-023),2025,0,0
Rudder Reef (16-023),2025,0,0
Rudder Reef (16-023),2025,1,8.615255356
Rudder Reef (16-023),2025,1,17.04147812
Rudder Reef (16-023),2025,1,9.025935642
Rudder Reef (16-023),2025,1,7.951811515
Rudder Reef (16-023),2025,0,0
Rudder Reef (16-023),2025,1,24.7586634
Rudder Reef (16-023),2025,1,16.20222554
Rudder Reef (16-023),2025,0,0
Rudder Reef (16-023),2025,1,27.77803726
Rudder Reef (16-023),2025,1,8.1826251
Rudder Reef (16-023),2025,1,9.050469473
Rudder Reef (16-023),2025,1,23.82216007
Rudder Reef (16-023),2025,1,16.79952219
Rudder Reef (16-023),2025,0,0
Rudder Reef (16-023),2025,1,8.567988686
Rudder Reef (16-023),2025,1,16.44110419
Rudder Reef (16-023),2025,0,0
Tongue Reef (16-026),2025,1,8.675396629
Tongue Reef (16-026),2025,0,0
Tongue Reef (16-026),2025,0,0
Tongue Reef (16-026),2025,1,8.729469404
Tongue Reef (16-026),2025,1,17.29396954
Tongue Reef (16-026),2025,1,8.370874263
Tongue Reef (16-026),2025,1,8.887743205
Tongue Reef (16-026),2025,0,0
Tongue Reef (16-026),2025,1,16.38006046
Tongue Reef (16-026),2025,1,9.573362768
Tongue Reef (16-026),2025,1,41.94014724
Tongue Reef (16-026),2025,0,0
Tongue Reef (16-026),2025,0,0
Tongue Reef (16-026),2025,0,0
Tongue Reef (16-026),2025,0,0
Tongue Reef (16-026),2025,0,0
Tongue Reef (16-026),2025,1,8.05305317
Tongue Reef (16-026),2025,0,0
Tongue Reef (16-026),2025,0,0
Tongue Reef (16-026),2025,0,0
Tongue Reef (16-026),2025,0,0
Tongue Reef (16-026),2025,0,0
Tongue Reef (16-026),2025,0,0
Tongue Reef (16-026),2025,1,8.128726669
Tongue Reef (16-026),2025,0,0
Tongue Reef (16-026),2025,1,8.820221387
Tongue Reef (16-026),2025,0,0
Tongue Reef (16-026),2025,0,0
Tongue Reef (16-026),2025,1,9.117335267
Tongue Reef (16-026),2025,0,0
Tongue Reef (16-026),2025,0,0
Tongue Reef (16-026),2025,0,0
Tongue Reef (16-026),2025,1,8.557186648
Tongue Reef (16-026),2025,0,0
Tongue Reef (16-026),2025,1,8.160300739
Tongue Reef (16-026),2025,0,0
Batt Reef (16-029),2025,1,16.71756171
Batt Reef (16-029),2025,0,0
Batt Reef (16-029),2025,0,0
Batt Reef (16-029),2025,0,0
Batt Reef (16-029),2025,0,0
Batt Reef (16-029),2025,1,9.136216342
Batt Reef (16-029),2025,1,7.658482343
Batt Reef (16-029),2025,0,0
Batt Reef (16-029),2025,0,0
Batt Reef (16-029),2025,0,0
Batt Reef (16-029),2025,1,9.827124327
Batt Reef (16-029),2025,0,0
Batt Reef (16-029),2025,1,19.34277043
Batt Reef (16-029),2025,1,43.56191531
Batt Reef (16-029),2025,1,23.39165881
Batt Reef (16-029),2025,1,8.633801155
Batt Reef (16-029),2025,1,15.64292852
Batt Reef (16-029),2025,1,11.43425591
Batt Reef (16-029),2025,1,46.83619514
Batt Reef (16-029),2025,1,19.23070773
Batt Reef (16-029),2025,1,17.14305282
Batt Reef (16-029),2025,1,17.06085373
Batt Reef (16-029),2025,1,25.13406482
Batt Reef (16-029),2025,0,0
Batt Reef (16-029),2025,1,17.37171672
Batt Reef (16-029),2025,1,59.20791999
Batt Reef (16-029),2025,0,0
Batt Reef (16-029),2025,1,8.643528074
Batt Reef (16-029),2025,1,26.94848478
Batt Reef (16-029),2025,1,16.20110907
Batt Reef (16-029),2025,1,26.60026476
Batt Reef (16-029),2025,1,32.67027754
Batt Reef (16-029),2025,1,23.40096608
Batt Reef (16-029),2025,1,23.82365372
Batt Reef (16-029),2025,1,17.9449439
Batt Reef (16-029),2025,1,25.1436308
Batt Reef (16-029),2025,1,16.93974417
Batt Reef (16-029),2025,1,17.00593494
Batt Reef (16-029),2025,1,24.1162397
Batt Reef (16-029),2025,1,17.34985393
Batt Reef (16-029),2025,1,16.86615497
Batt Reef (16-029),2025,1,16.38967339
Moore Reef (16-071),2025,1,8.771994151
Moore Reef (16-071),2025,0,0
Moore Reef (16-071),2025,0,0
Moore Reef (16-071),2025,1,8.270443417
Moore Reef (16-071),2025,0,0
Moore Reef (16-071),2025,0,0
Moore Reef (16-071),2025,0,0
Moore Reef (16-071),2025,0,0
Moore Reef (16-071),2025,0,0
Moore Reef (16-071),2025,1,8.621990494
Moore Reef (16-071),2025,0,0
Moore Reef (16-071),2025,0,0
Moore Reef (16-071),2025,1,17.81451479
Moore Reef (16-071),2025,0,0
Moore Reef (16-071),2025,0,0
Moore Reef (16-071),2025,1,8.678810298
Moore Reef (16-071),2025,0,0
Moore Reef (16-071),2025,1,7.802736573
Moore Reef (16-071),2025,0,0
Moore Reef (16-071),2025,1,8.578818664
Moore Reef (16-071),2025,1,9.152326919
Moore Reef (16-071),2025,1,8.892221935
Moore Reef (16-071),2025,1,7.738071308
Moore Reef (16-071),2025,1,8.216533251
Moore Reef (16-071),2025,1,25.08385833
Moore Reef (16-071),2025,1,17.67887995
Moore Reef (16-071),2025,1,18.90086532
Moore Reef (16-071),2025,1,16.80432111
Moore Reef (16-071),2025,0,0
Moore Reef (16-071),2025,1,24.45715293
Moore Reef (16-071),2025,1,8.359374851
Moore Reef (16-071),2025,1,23.0224058
Moore Reef (16-071),2025,1,24.53763597
Moore Reef (16-071),2025,0,0
Moore Reef (16-071),2025,1,37.23400757
Moore Reef (16-071),2025,1,9.094780684
Green Island Reef (16-049),2025,0,0
Green Island Reef (16-049),2025,0,0
Green Island Reef (16-049),2025,1,9.490471333
Green Island Reef (16-049),2025,0,0
Green Island Reef (16-049),2025,1,15.71211219
Green Island Reef (16-049),2025,0,0
Green Island Reef (16-049),2025,0,0
Green Island Reef (16-049),2025,0,0
Green Island Reef (16-049),2025,0,0
Green Island Reef (16-049),2025,0,0
Green Island Reef (16-049),2025,0,0
Green Island Reef (16-049),2025,0,0
Green Island Reef (16-049),2025,0,0
Green Island Reef (16-049),2025,0,0
Green Island Reef (16-049),2025,0,0
Green Island Reef (16-049),2025,1,8.079970255
Green Island Reef (16-049),2025,0,0
Green Island Reef (16-049),2025,0,0
Green Island Reef (16-049),2025,0,0
Green Island Reef (16-049),2025,1,8.264246397
Green Island Reef (16-049),2025,0,0
Green Island Reef (16-049),2025,1,24.42893833
Green Island Reef (16-049),2025,1,8.062987961
Green Island Reef (16-049),2025,0,0
Green Island Reef (16-049),2025,0,0
Green Island Reef (16-049),2025,0,0
Green Island Reef (16-049),2025,0,0
Green Island Reef (16-049),2025,1,32.51818009
Green Island Reef (16-049),2025,0,0
Green Island Reef (16-049),2025,1,8.681371808
Green Island Reef (16-049),2025,0,0
Green Island Reef (16-049),2025,0,0
Green Island Reef (16-049),2025,0,0
Green Island Reef (16-049),2025,0,0
Green Island Reef (16-049),2025,0,0
Green Island Reef (16-049),2025,0,0
Thetford Reef (16-068),2025,1,8.143731393
Thetford Reef (16-068),2025,0,0
Thetford Reef (16-068),2025,1,8.287922479
Thetford Reef (16-068),2025,0,0
Thetford Reef (16-068),2025,0,0
Thetford Reef (16-068),2025,1,9.220229276
Thetford Reef (16-068),2025,1,8.517536893
Thetford Reef (16-068),2025,0,0
Thetford Reef (16-068),2025,0,0
Thetford Reef (16-068),2025,0,0
Thetford Reef (16-068),2025,0,0
Thetford Reef (16-068),2025,0,0
Thetford Reef (16-068),2025,0,0
Thetford Reef (16-068),2025,1,8.105949685
Thetford Reef (16-068),2025,0,0
Thetford Reef (16-068),2025,0,0
Thetford Reef (16-068),2025,1,9.793855995
Thetford Reef (16-068),2025,0,0
Thetford Reef (16-068),2025,0,0
Thetford Reef (16-068),2025,0,0
Thetford Reef (16-068),2025,0,0
Thetford Reef (16-068),2025,1,8.594695106
Thetford Reef (16-068),2025,0,0
Thetford Reef (16-068),2025,0,0
Thetford Reef (16-068),2025,0,0
Thetford Reef (16-068),2025,0,0
Thetford Reef (16-068),2025,1,8.206979558
Thetford Reef (16-068),2025,0,0
Thetford Reef (16-068),2025,0,0
Thetford Reef (16-068),2025,0,0
Thetford Reef (16-068),2025,0,0
Thetford Reef (16-068),2025,1,7.984913886
Thetford Reef (16-068),2025,1,8.441751078
Thetford Reef (16-068),2025,0,0
Thetford Reef (16-068),2025,0,0
Thetford Reef (16-068),2025,0,0
Rib Reef (18-032),2025,1,17.55407397
Rib Reef (18-032),2025,1,31.71207793
Rib Reef (18-032),2025,0,0
Rib Reef (18-032),2025,1,16.37342535
Rib Reef (18-032),2025,1,8.345538564
Rib Reef (18-032),2025,1,17.6604012
Rib Reef (18-032),2025,1,8.141476661
Rib Reef (18-032),2025,1,8.034720272
Rib Reef (18-032),2025,1,18.44416615
Rib Reef (18-032),2025,1,17.30188653
Rib Reef (18-032),2025,0,0
Rib Reef (18-032),2025,0,0
Rib Reef (18-032),2025,1,40.50273411
Rib Reef (18-032),2025,1,75.84772334
Rib Reef (18-032),2025,1,44.65423711
Rib Reef (18-032),2025,1,44.00515705
Rib Reef (18-032),2025,1,37.40627244
Rib Reef (18-032),2025,1,25.81244633
Rib Reef (18-032),2025,1,64.55594748
Rib Reef (18-032),2025,1,138.8555154
Rib Reef (18-032),2025,1,51.41640455
Rib Reef (18-032),2025,1,36.5724586
Rib Reef (18-032),2025,1,57.15094283
Rib Reef (18-032),2025,1,57.66900592
Rib Reef (18-032),2025,1,82.67911747
Rib Reef (18-032),2025,1,95.22901475
Rib Reef (18-032),2025,1,234.7553909
Rib Reef (18-032),2025,1,95.02472207
Rib Reef (18-032),2025,1,161.9162723
Rib Reef (18-032),2025,1,111.5383051
Rib Reef (18-032),2025,1,237.1239781
Rib Reef (18-032),2025,1,152.269578
Rib Reef (18-032),2025,1,46.04208805
Rib Reef (18-032),2025,1,86.70945615
Rib Reef (18-032),2025,1,121.0746869
Rib Reef (18-032),2025,1,102.8410524
John Brewer Reef (18-075),2025,1,74.7074157
John Brewer Reef (18-075),2025,1,16.50580633
John Brewer Reef (18-075),2025,1,25.48259776
John Brewer Reef (18-075),2025,0,0
John Brewer Reef (18-075),2025,1,16.61212295
John Brewer Reef (18-075),2025,1,26.20988209
John Brewer Reef (18-075),2025,1,35.84229536
John Brewer Reef (18-075),2025,1,25.36737286
John Brewer Reef (18-075),2025,1,40.6831719
John Brewer Reef (18-075),2025,1,9.033790603
John Brewer Reef (18-075),2025,1,41.87847488
John Brewer Reef (18-075),2025,1,7.646204531
John Brewer Reef (18-075),2025,0,0
John Brewer Reef (18-075),2025,0,0
John Brewer Reef (18-075),2025,0,0
John Brewer Reef (18-075),2025,0,0
John Brewer Reef (18-075),2025,1,8.203164674
John Brewer Reef (18-075),2025,0,0
John Brewer Reef (18-075),2025,0,0
John Brewer Reef (18-075),2025,0,0
John Brewer Reef (18-075),2025,0,0
John Brewer Reef (18-075),2025,0,0
John Brewer Reef (18-075),2025,0,0
John Brewer Reef (18-075),2025,0,0
John Brewer Reef (18-075),2025,1,43.52086522
John Brewer Reef (18-075),2025,1,35.06376185
John Brewer Reef (18-075),2025,1,17.68994406
John Brewer Reef (18-075),2025,1,34.53696147
John Brewer Reef (18-075),2025,0,0
John Brewer Reef (18-075),2025,1,65.45259655
John Brewer Reef (18-075),2025,0,0
John Brewer Reef (18-075),2025,1,61.33451834
John Brewer Reef (18-075),2025,1,59.44391415
John Brewer Reef (18-075),2025,1,55.96039295
John Brewer Reef (18-075),2025,1,74.78817478
John Brewer Reef (18-075),2025,1,58.07195529
John Brewer Reef (18-075),2025,1,51.11729801
John Brewer Reef (18-075),2025,1,26.21477488
John Brewer Reef (18-075),2025,1,34.49809067
John Brewer Reef (18-075),2025,1,9.221193194
John Brewer Reef (18-075),2025,1,8.185282163
John Brewer Reef (18-075),2025,1,8.981376328
Davies Reef (18-096),2025,1,109.5942065
Davies Reef (18-096),2025,1,144.3812549
Davies Reef (18-096),2025,1,145.5174029
Davies Reef (18-096),2025,1,330.9710741
Davies Reef (18-096),2025,1,117.9216966
Davies Reef (18-096),2025,1,98.23911041
Davies Reef (18-096),2025,1,124.6232986
Davies Reef (18-096),2025,1,102.2535235
Davies Reef (18-096),2025,1,110.6200621
Davies Reef (18-096),2025,1,64.62820172
Davies Reef (18-096),2025,1,214.100951
Davies Reef (18-096),2025,1,153.192772
Davies Reef (18-096),2025,1,8.262698539
Davies Reef (18-096),2025,1,239.7643805
Davies Reef (18-096),2025,1,71.6954805
Davies Reef (18-096),2025,1,92.63553321
Davies Reef (18-096),2025,1,16.75009131
Davies Reef (18-096),2025,1,51.63597465
Davies Reef (18-096),2025,1,16.3741054
Davies Reef (18-096),2025,1,17.92654619
Davies Reef (18-096),2025,1,160.6878564
Davies Reef (18-096),2025,1,104.5763031
Davies Reef (18-096),2025,1,122.5416139
Davies Reef (18-096),2025,1,141.0629779
Davies Reef (18-096),2025,1,18.05418022
Davies Reef (18-096),2025,1,8.543929271
Davies Reef (18-096),2025,1,8.018656075
Davies Reef (18-096),2025,1,8.472960256
Davies Reef (18-096),2025,1,24.6284388
Davies Reef (18-096),2025,1,8.330567367
Davies Reef (18-096),2025,1,16.50723293
Davies Reef (18-096),2025,0,0
Davies Reef (18-096),2025,1,8.608951606
Davies Reef (18-096),2025,1,36.4055559
Davies Reef (18-096),2025,1,8.20583459
Davies Reef (18-096),2025,0,0
Davies Reef (18-096),2025,1,40.87877534
Davies Reef (18-096),2025,1,34.14228894
Davies Reef (18-096),2025,1,8.662620932
Davies Reef (18-096),2025,1,8.937708847
Davies Reef (18-096),2025,1,8.65582265
Davies Reef (18-096),2025,1,8.66219569
Bowden Reef (19-019),2025,0,0
Bowden Reef (19-019),2025,0,0
Bowden Reef (19-019),2025,1,8.201640286
Bowden Reef (19-019),2025,0,0
Bowden Reef (19-019),2025,1,34.09366719
Bowden Reef (19-019),2025,0,0
Bowden Reef (19-019),2025,1,8.296104893
Bowden Reef (19-019),2025,1,34.39484071
Bowden Reef (19-019),2025,1,33.75421353
Bowden Reef (19-019),2025,1,17.70815179
Bowden Reef (19-019),2025,1,9.16516073
Bowden Reef (19-019),2025,0,0
Bowden Reef (19-019),2025,1,24.35443606
Bowden Reef (19-019),2025,1,24.26146176
Bowden Reef (19-019),2025,1,8.716103062
Bowden Reef (19-019),2025,1,8.492533118
Bowden Reef (19-019),2025,1,8.417992294
Bowden Reef (19-019),2025,1,8.543101698
Bowden Reef (19-019),2025,0,0
Bowden Reef (19-019),2025,1,25.73145032
Bowden Reef (19-019),2025,0,0
Bowden Reef (19-019),2025,1,17.70210396
Bowden Reef (19-019),2025,1,25.55990182
Bowden Reef (19-019),2025,1,24.88067485
Bowden Reef (19-019),2025,1,8.984577656
Bowden Reef (19-019),2025,1,26.12090092
Bowden Reef (19-019),2025,1,8.878799714
Bowden Reef (19-019),2025,1,7.947872579
Bowden Reef (19-019),2025,1,8.396763727
Bowden Reef (19-019),2025,1,28.65348458
Bowden Reef (19-019),2025,1,9.366554953
Bowden Reef (19-019),2025,0,0
Bowden Reef (19-019),2025,1,8.483143151
Bowden Reef (19-019),2025,0,0
Bowden Reef (19-019),2025,1,37.70336062
Bowden Reef (19-019),2025,0,0
Bowden Reef (19-019),2025,1,28.30974553
Bowden Reef (19-019),2025,1,29.03511375
Bowden Reef (19-019),2025,1,92.29592979
Bowden Reef (19-019),2025,1,35.04293952
Bowden Reef (19-019),2025,1,18.13581884
Bowden Reef (19-019),2025,1,8.705783822
Banfield Reef (North) (18-105a),2025,1,23.42018299
Banfield Reef (North) (18-105a),2025,1,47.5551663
Banfield Reef (North) (18-105a),2025,1,39.82535899
Banfield Reef (North) (18-105a),2025,1,8.252651989
Banfield Reef (North) (18-105a),2025,1,49.46545735
Banfield Reef (North) (18-105a),2025,1,69.8321633
Banfield Reef (North) (18-105a),2025,1,16.25380274
Banfield Reef (North) (18-105a),2025,1,31.42463509
Banfield Reef (North) (18-105a),2025,1,32.94476867
Banfield Reef (North) (18-105a),2025,1,56.70735128
Banfield Reef (North) (18-105a),2025,1,105.8458149
Banfield Reef (North) (18-105a),2025,1,65.42393491
Banfield Reef (North) (18-105a),2025,1,48.08681421
Banfield Reef (North) (18-105a),2025,1,47.37366959
Banfield Reef (North) (18-105a),2025,1,114.2039537
Banfield Reef (North) (18-105a),2025,1,24.20666143
Banfield Reef (North) (18-105a),2025,1,76.8041119
Banfield Reef (North) (18-105a),2025,1,56.61384836
Banfield Reef (North) (18-105a),2025,1,40.83152935
Banfield Reef (North) (18-105a),2025,1,64.95498866
Banfield Reef (North) (18-105a),2025,1,88.92478198
Banfield Reef (North) (18-105a),2025,1,880.8537126
Banfield Reef (North) (18-105a),2025,1,56.30378276
Banfield Reef (North) (18-105a),2025,1,134.6864685
Judith Wright Reef (18-101),2025,1,645.8701015
Judith Wright Reef (18-101),2025,1,460.4844868
Judith Wright Reef (18-101),2025,1,865.6248808
Judith Wright Reef (18-101),2025,0,0
Judith Wright Reef (18-101),2025,0,0
Judith Wright Reef (18-101),2025,0,0
Judith Wright Reef (18-101),2025,0,0
Judith Wright Reef (18-101),2025,1,107.2293162
Judith Wright Reef (18-101),2025,1,66.31036028
Judith Wright Reef (18-101),2025,1,91.24976769
Judith Wright Reef (18-101),2025,1,132.4118882
Judith Wright Reef (18-101),2025,1,269.9800551
Judith Wright Reef (18-101),2025,1,23.94282371
Judith Wright Reef (18-101),2025,1,58.66061747
Judith Wright Reef (18-101),2025,1,35.35067886
Judith Wright Reef (18-101),2025,0,0
Judith Wright Reef (18-101),2025,1,16.37438145
Judith Wright Reef (18-101),2025,1,16.61918778
Judith Wright Reef (18-101),2025,1,49.09149371
Judith Wright Reef (18-101),2025,1,41.00631885
Judith Wright Reef (18-101),2025,1,111.1479118
Judith Wright Reef (18-101),2025,1,75.06781407
Judith Wright Reef (18-101),2025,1,16.84201062
Judith Wright Reef (18-101),2025,1,72.19972126
U/N Reef (20-386),2025,1,84.58094448
U/N Reef (20-386),2025,1,16.59923326
U/N Reef (20-386),2025,1,68.7819019
U/N Reef (20-386),2025,1,9.362580255
U/N Reef (20-386),2025,1,55.32993078
U/N Reef (20-386),2025,1,31.63027838
U/N Reef (20-386),2025,0,0
U/N Reef (20-386),2025,0,0
U/N Reef (20-386),2025,0,0
U/N Reef (20-386),2025,0,0
U/N Reef (20-386),2025,0,0
U/N Reef (20-386),2025,0,0
U/N Reef (20-386),2025,0,0
U/N Reef (20-386),2025,1,10.82143709
U/N Reef (20-386),2025,0,0
U/N Reef (20-386),2025,1,13.51488233
U/N Reef (20-386),2025,1,8.650306799
U/N Reef (20-386),2025,1,35.32709163
U/N Reef (20-386),2025,1,34.39873718
U/N Reef (20-386),2025,1,50.28091148
U/N Reef (20-386),2025,1,69.03342381
U/N Reef (20-386),2025,0,0
U/N Reef (20-386),2025,1,10.0751102
U/N Reef (20-386),2025,1,25.87241661
U/N Reef (21-057),2025,0,0
U/N Reef (21-057),2025,0,0
U/N Reef (21-057),2025,1,9.785166755
U/N Reef (21-057),2025,0,0
U/N Reef (21-057),2025,0,0
U/N Reef (21-057),2025,0,0
U/N Reef (21-057),2025,0,0
U/N Reef (21-057),2025,0,0
U/N Reef (21-057),2025,0,0
U/N Reef (21-057),2025,0,0
U/N Reef (21-057),2025,1,8.152384311
U/N Reef (21-057),2025,0,0
U/N Reef (21-057),2025,0,0
U/N Reef (21-057),2025,0,0
U/N Reef (21-057),2025,0,0
U/N Reef (21-057),2025,0,0
U/N Reef (21-057),2025,0,0
U/N Reef (21-057),2025,0,0
U/N Reef (21-057),2025,1,9.699650109
U/N Reef (21-057),2025,0,0
U/N Reef (21-057),2025,0,0
U/N Reef (21-057),2025,1,9.994652867
U/N Reef (21-057),2025,0,0
U/N Reef (21-057),2025,0,0
Bushy-Redbill Reef (20-310),2025,1,101.3828427
Bushy-Redbill Reef (20-310),2025,1,58.30139816
Bushy-Redbill Reef (20-310),2025,1,101.8516593
Bushy-Redbill Reef (20-310),2025,1,50.23434609
Bushy-Redbill Reef (20-310),2025,1,47.50236981
Bushy-Redbill Reef (20-310),2025,1,74.29507077
Bushy-Redbill Reef (20-310),2025,1,101.8447414
Bushy-Redbill Reef (20-310),2025,1,103.4032613
Bushy-Redbill Reef (20-310),2025,1,31.92528225
Bushy-Redbill Reef (20-310),2025,1,88.46668527
Bushy-Redbill Reef (20-310),2025,1,57.57584944
Bushy-Redbill Reef (20-310),2025,1,129.573521
Bushy-Redbill Reef (20-310),2025,1,41.63385518
Bushy-Redbill Reef (20-310),2025,1,197.6004437
Bushy-Redbill Reef (20-310),2025,0,0
Bushy-Redbill Reef (20-310),2025,1,9.8788362
Bushy-Redbill Reef (20-310),2025,1,11.52912676
Bushy-Redbill Reef (20-310),2025,0,0
Bushy-Redbill Reef (20-310),2025,1,22.2112745
Bushy-Redbill Reef (20-310),2025,0,0
Bushy-Redbill Reef (20-310),2025,1,15.73382579
Bushy-Redbill Reef (20-310),2025,1,9.292572364
Bushy-Redbill Reef (20-310),2025,1,21.75388299
Bushy-Redbill Reef (20-310),2025,1,36.01807952
North Direction Reef (14-143),2025,1,17.21328422
North Direction Reef (14-143),2025,1,8.831256442
North Direction Reef (14-143),2025,0,0
North Direction Reef (14-143),2025,1,16.71677046
North Direction Reef (14-143),2025,1,43.46600622
North Direction Reef (14-143),2025,0,0
North Direction Reef (14-143),2025,0,0
North Direction Reef (14-143),2025,1,9.056972712
North Direction Reef (14-143),2025,1,8.396363631
North Direction Reef (14-143),2025,1,8.909731172
North Direction Reef (14-143),2025,1,10.00088342
North Direction Reef (14-143),2025,1,10.1527825
North Direction Reef (14-143),2025,1,271.1647868
North Direction Reef (14-143),2025,1,149.3933871
North Direction Reef (14-143),2025,1,97.2373344
North Direction Reef (14-143),2025,1,504.4956386
North Direction Reef (14-143),2025,1,197.1938476
North Direction Reef (14-143),2025,1,148.3647868
North Direction Reef (14-143),2025,1,148.910585
North Direction Reef (14-143),2025,1,854.8596382
North Direction Reef (14-143),2025,1,162.045157
North Direction Reef (14-143),2025,1,215.9834146
North Direction Reef (14-143),2025,1,187.2243851
North Direction Reef (14-143),2025,1,190.3580099
North Direction Reef (14-143),2025,1,18.74753796
North Direction Reef (14-143),2025,1,10.18030979
North Direction Reef (14-143),2025,1,10.53650044
North Direction Reef (14-143),2025,0,0
North Direction Reef (14-143),2025,0,0
North Direction Reef (14-143),2025,0,0
North Direction Reef (14-143),2025,0,0
North Direction Reef (14-143),2025,0,0
North Direction Reef (14-143),2025,0,0
North Direction Reef (14-143),2025,0,0
North Direction Reef (14-143),2025,0,0
North Direction Reef (14-143),2025,0,0
North Direction Reef (14-143),2025,0,0
North Direction Reef (14-143),2025,0,0
North Direction Reef (14-143),2025,0,0
North Direction Reef (14-143),2025,0,0
North Direction Reef (14-143),2025,0,0
North Direction Reef (14-143),2025,1,116.6942239
Lizard Island Reef (Lagoon) (14-116d),2025,1,39.10984285
Lizard Island Reef (Lagoon) (14-116d),2025,1,48.93416315
Lizard Island Reef (Lagoon) (14-116d),2025,1,82.72949606
Lizard Island Reef (Lagoon) (14-116d),2025,1,130.2660272
Lizard Island Reef (Lagoon) (14-116d),2025,1,20.65876331
Lizard Island Reef (Lagoon) (14-116d),2025,1,46.44443281
Lizard Island Reef (Lagoon) (14-116d),2025,1,24.4764436
Lizard Island Reef (Lagoon) (14-116d),2025,1,42.58039221
Lizard Island Reef (Lagoon) (14-116d),2025,1,15.58514424
Lizard Island Reef (Lagoon) (14-116d),2025,1,25.31578839
Lizard Island Reef (Lagoon) (14-116d),2025,0,0
Lizard Island Reef (Lagoon) (14-116d),2025,1,17.82351024
Lizard Island Reef (Lagoon) (14-116d),2025,1,8.545997925
Lizard Island Reef (Lagoon) (14-116d),2025,0,0
Lizard Island Reef (Lagoon) (14-116d),2025,1,9.190457873
Lizard Island Reef (Lagoon) (14-116d),2025,0,0
Lizard Island Reef (Lagoon) (14-116d),2025,0,0
Lizard Island Reef (Lagoon) (14-116d),2025,1,8.334895782
Lizard Island Reef (Lagoon) (14-116d),2025,0,0
Lizard Island Reef (Lagoon) (14-116d),2025,1,8.823308721
Lizard Island Reef (Lagoon) (14-116d),2025,1,65.84112123
Lizard Island Reef (Lagoon) (14-116d),2025,1,31.85820803
Lizard Island Reef (Lagoon) (14-116d),2025,1,87.73480766
Lizard Island Reef (Lagoon) (14-116d),2025,1,42.06099696
Lizard Island Reef (Lagoon) (14-116d),2025,1,70.15199214
Lizard Island Reef (Lagoon) (14-116d),2025,1,62.50312105
Lizard Island Reef (Lagoon) (14-116d),2025,1,24.74836651
Lizard Island Reef (Lagoon) (14-116d),2025,1,43.5581468
Lizard Island Reef (Lagoon) (14-116d),2025,1,25.71063749
Lizard Island Reef (Lagoon) (14-116d),2025,1,50.11854004
Lizard Island Reef (North West) (14-116a),2025,1,9.161829762
Lizard Island Reef (North West) (14-116a),2025,0,0
Lizard Island Reef (North West) (14-116a),2025,0,0
Lizard Island Reef (North West) (14-116a),2025,1,17.14305282
Lizard Island Reef (North West) (14-116a),2025,0,0
Lizard Island Reef (North West) (14-116a),2025,0,0
Lizard Island Reef (North West) (14-116a),2025,0,0
Lizard Island Reef (North West) (14-116a),2025,0,0
Lizard Island Reef (North West) (14-116a),2025,0,0
Lizard Island Reef (North West) (14-116a),2025,0,0
Lizard Island Reef (North East) (14-116b),2025,1,17.16223117
Lizard Island Reef (North East) (14-116b),2025,1,8.749811724
Lizard Island Reef (North East) (14-116b),2025,1,16.55384414
Lizard Island Reef (North East) (14-116b),2025,0,0
Lizard Island Reef (North East) (14-116b),2025,0,0
Lizard Island Reef (North East) (14-116b),2025,1,9.480275586
Lizard Island Reef (North East) (14-116b),2025,0,0
Lizard Island Reef (North East) (14-116b),2025,0,0
Lizard Island Reef (North East) (14-116b),2025,1,52.54436061
Lizard Island Reef (North East) (14-116b),2025,0,0
Lizard Island Reef (Lagoon) (14-116d),2025,1,26.38680786
Lizard Island Reef (Lagoon) (14-116d),2025,1,9.600445256
Lizard Island Reef (Lagoon) (14-116d),2025,0,0
Lizard Island Reef (Lagoon) (14-116d),2025,0,0
Lizard Island Reef (Lagoon) (14-116d),2025,0,0
Lizard Island Reef (Lagoon) (14-116d),2025,0,0
Lizard Island Reef (Lagoon) (14-116d),2025,1,8.363336138
Lizard Island Reef (Lagoon) (14-116d),2025,1,7.771466486
Lizard Island Reef (Lagoon) (14-116d),2025,1,9.494045377
Lizard Island Reef (Lagoon) (14-116d),2025,0,0
Lizard Island Reef (Lagoon) (14-116d),2025,0,0
Lizard Island Reef (Lagoon) (14-116d),2025,1,8.875227347
Lizard Island Reef (Lagoon) (14-116d),2025,0,0
Lizard Island Reef (Lagoon) (14-116d),2025,1,27.18256004
Lizard Island Reef (Lagoon) (14-116d),2025,1,35.23911405
Lizard Island Reef (Lagoon) (14-116d),2025,0,0
Lizard Island Reef (Lagoon) (14-116d),2025,1,8.300005831
Lizard Island Reef (Lagoon) (14-116d),2025,1,9.180418029
Lizard Island Reef (Lagoon) (14-116d),2025,0,0
Lizard Island Reef (Lagoon) (14-116d),2025,1,119.2815632
Lizard Island Reef (North West) (14-116a),2025,0,0
Lizard Island Reef (North West) (14-116a),2025,0,0
Lizard Island Reef (North West) (14-116a),2025,0,0
Lizard Island Reef (North West) (14-116a),2025,0,0
Lizard Island Reef (North West) (14-116a),2025,0,0
Lizard Island Reef (North West) (14-116a),2025,1,8.193262853
Lizard Island Reef (North West) (14-116a),2025,0,0
Lizard Island Reef (North West) (14-116a),2025,0,0
Lizard Island Reef (North West) (14-116a),2025,0,0
Lizard Island Reef (North West) (14-116a),2025,0,0
Lizard Island Reef (North East) (14-116b),2025,0,0
Lizard Island Reef (North East) (14-116b),2025,0,0
Lizard Island Reef (North East) (14-116b),2025,1,16.8613214
Lizard Island Reef (North East) (14-116b),2025,0,0
Lizard Island Reef (North East) (14-116b),2025,1,16.14844222
Lizard Island Reef (North East) (14-116b),2025,0,0
Lizard Island Reef (North East) (14-116b),2025,1,7.720467634
Lizard Island Reef (North East) (14-116b),2025,0,0
Lizard Island Reef (North East) (14-116b),2025,0,0
Lizard Island Reef (North East) (14-116b),2025,1,8.263472468
Lizard Island Reef (Lagoon) (14-116d),2025,1,16.17957093
Lizard Island Reef (Lagoon) (14-116d),2025,1,50.5777929
Lizard Island Reef (Lagoon) (14-116d),2025,1,25.93169063
Lizard Island Reef (Lagoon) (14-116d),2025,1,16.59025848
Lizard Island Reef (Lagoon) (14-116d),2025,1,16.24501292
Lizard Island Reef (Lagoon) (14-116d),2025,1,24.6399913
Lizard Island Reef (Lagoon) (14-116d),2025,1,35.19782145
Lizard Island Reef (Lagoon) (14-116d),2025,1,43.44340302
Lizard Island Reef (Lagoon) (14-116d),2025,1,55.66369146
Lizard Island Reef (Lagoon) (14-116d),2025,1,25.63638166
Eyrie Reef (14-118),2025,1,40.16061164
Eyrie Reef (14-118),2025,1,9.536631033
Eyrie Reef (14-118),2025,1,8.423215896
Eyrie Reef (14-118),2025,1,8.739845641
Eyrie Reef (14-118),2025,1,27.38891076
Eyrie Reef (14-118),2025,1,8.558016457
Eyrie Reef (14-118),2025,1,18.09552982
Eyrie Reef (14-118),2025,1,40.20425454
Eyrie Reef (14-118),2025,1,24.23326001
Eyrie Reef (14-118),2025,1,72.07179889
Eyrie Reef (14-118),2025,1,8.251108602
Eyrie Reef (14-118),2025,1,16.88552164
Eyrie Reef (14-118),2025,0,0
Eyrie Reef (14-118),2025,0,0
Eyrie Reef (14-118),2025,1,8.088858426
Eyrie Reef (14-118),2025,1,8.135096356
Eyrie Reef (14-118),2025,1,7.704288885
Eyrie Reef (14-118),2025,0,0
Eyrie Reef (14-118),2025,0,0
Eyrie Reef (14-118),2025,1,8.519592695
Eyrie Reef (14-118),2025,1,8.102600835
Eyrie Reef (14-118),2025,1,8.129475452
Eyrie Reef (14-118),2025,1,7.508268021
Eyrie Reef (14-118),2025,1,8.149372973
Eyrie Reef (14-118),2025,0,0
Eyrie Reef (14-118),2025,0,0
Eyrie Reef (14-118),2025,0,0
Eyrie Reef (14-118),2025,0,0
Eyrie Reef (14-118),2025,1,7.785868272
Eyrie Reef (14-118),2025,1,7.50762932
Eyrie Reef (14-118),2025,0,0
Eyrie Reef (14-118),2025,1,15.66970926
Eyrie Reef (14-118),2025,1,8.234552667
Eyrie Reef (14-118),2025,1,16.0793826
Eyrie Reef (14-118),2025,1,18.73659119
Eyrie Reef (14-118),2025,1,8.562999777
Eyrie Reef (14-118),2025,1,95.49567103
Eyrie Reef (14-118),2025,1,24.11953658
Eyrie Reef (14-118),2025,1,47.57443741
Eyrie Reef (14-118),2025,1,55.43267727
Eyrie Reef (14-118),2025,1,73.37299213
Eyrie Reef (14-118),2025,1,35.68616174
U/N Reef (21-250a),2025,1,23.06364364922046
U/N Reef (21-250a),2025,1,15.578952804207798
U/N Reef (21-250a),2025,1,22.960967570543282
U/N Reef (21-250a),2025,1,15.485601313412186
U/N Reef (21-250a),2025,1,15.688634477555748
U/N Reef (21-250a),2025,1,23.614055849611752
U/N Reef (21-250a),2025,1,22.955216467380517
U/N Reef (21-250a),2025,1,86.71663552522658
U/N Reef (21-250a),2025,1,7.619464024901388
U/N Reef (21-250a),2025,1,15.36597870290279
U/N Reef (21-250a),2025,1,30.952821113169186
U/N Reef (21-250a),2025,1,7.64090772718191
U/N Reef (21-250a),2025,0,0
U/N Reef (21-250a),2025,1,7.565889135003088
U/N Reef (21-250a),2025,1,7.590948790311812
U/N Reef (21-250a),2025,1,15.498011000454422
U/N Reef (21-250a),2025,0,0
U/N Reef (21-250a),2025,1,15.738034620881077
U/N Reef (21-250a),2025,1,7.88325425237417
U/N Reef (21-250a),2025,1,7.570758461952208
U/N Reef (21-250a),2025,1,15.353025868535038
U/N Reef (21-250a),2025,0,0
U/N Reef (21-250a),2025,0,0
U/N Reef (21-250a),2025,1,8.029602281749247
U/N Reef (21-264),2025,0,0
U/N Reef (21-264),2025,1,7.661808282136915
U/N Reef (21-264),2025,1,15.661052986979481
U/N Reef (21-264),2025,1,7.704625278711317
U/N Reef (21-264),2025,1,15.723033808171746
U/N Reef (21-264),2025,0,0
U/N Reef (21-264),2025,1,54.63623553514479
U/N Reef (21-264),2025,1,134.59236770868299
U/N Reef (21-264),2025,1,131.31761401891706
U/N Reef (21-264),2025,1,171.35656177997586
U/N Reef (21-264),2025,1,117.66387820243833
U/N Reef (21-264),2025,1,61.27323657274245
U/N Reef (21-264),2025,0,0
U/N Reef (21-264),2025,0,0
U/N Reef (21-264),2025,0,0
U/N Reef (21-264),2025,0,0
U/N Reef (21-264),2025,0,0
U/N Reef (21-264),2025,0,0
U/N Reef (21-264),2025,1,22.67239540815353
U/N Reef (21-264),2025,1,31.771236285567277
U/N Reef (21-264),2025,1,48.152067884802804
U/N Reef (21-264),2025,1,7.645210996270178
U/N Reef (21-264),2025,1,47.97329194843768
U/N Reef (21-264),2025,1,41.04132279753684
U/N Reef (21-256),2025,1,30.64062818884849
U/N Reef (21-256),2025,0,0
U/N Reef (21-256),2025,0,0
U/N Reef (21-256),2025,1,24.234301596879952
U/N Reef (21-256),2025,1,38.98872658610343
U/N Reef (21-256),2025,1,30.33526707440614
U/N Reef (21-256),2025,1,54.69141304492949
U/N Reef (21-256),2025,1,40.13267308473586
U/N Reef (21-256),2025,1,87.47098222374915
U/N Reef (21-256),2025,1,112.91458457708356
U/N Reef (21-256),2025,1,81.87534436583518
U/N Reef (21-256),2025,1,108.871454000473
U/N Reef (21-256),2025,1,94.22674924135207
U/N Reef (21-256),2025,0,0
U/N Reef (21-256),2025,1,24.11350887268781
U/N Reef (21-256),2025,1,70.84996998310088
U/N Reef (21-256),2025,1,31.220757588744156
U/N Reef (21-256),2025,1,24.530813097953793
U/N Reef (21-256),2025,1,48.06364439427851
U/N Reef (21-256),2025,0,0
U/N Reef (21-256),2025,0,0
U/N Reef (21-256),2025,1,31.988049857318394
U/N Reef (21-256),2025,1,15.710014477372166
U/N Reef (21-256),2025,1,56.28454796969889
U/N Reef (21-479),2025,1,56.24313354492186
U/N Reef (21-479),2025,1,23.49845822900533
U/N Reef (21-479),2025,1,64.95362296700476
U/N Reef (21-479),2025,0,0
U/N Reef (21-479),2025,1,47.49398678541182
U/N Reef (21-479),2025,1,7.8607801347970945
U/N Reef (21-479),2025,0,0
U/N Reef (21-479),2025,1,22.980435937643048
U/N Reef (21-479),2025,0,0
U/N Reef (21-479),2025,0,0
U/N Reef (21-479),2025,1,23.753422871232026
U/N Reef (21-479),2025,1,24.118765443563454
U/N Reef (21-479),2025,0,0
U/N Reef (21-479),2025,0,0
U/N Reef (21-479),2025,0,0
U/N Reef (21-479),2025,0,0
U/N Reef (21-479),2025,0,0
U/N Reef (21-479),2025,0,0
U/N Reef (21-479),2025,0,0
U/N Reef (21-479),2025,1,23.15009962767362
U/N Reef (21-479),2025,1,7.905148901045321
U/N Reef (21-479),2025,1,15.091340616345402
U/N Reef (21-479),2025,0,0
U/N Reef (21-479),2025,1,15.700184181332585
U/N Reef (21-486),2025,0,0
U/N Reef (21-486),2025,1,7.80998859554529
U/N Reef (21-486),2025,0,0
U/N Reef (21-486),2025,0,0
U/N Reef (21-486),2025,0,0
U/N Reef (21-486),2025,0,0
U/N Reef (21-486),2025,1,7.887835241854189
U/N Reef (21-486),2025,1,7.660809718072413
U/N Reef (21-486),2025,0,0
U/N Reef (21-486),2025,1,7.960420846939085
U/N Reef (21-486),2025,1,33.260252326726906
U/N Reef (21-486),2025,1,15.495070628821846
U/N Reef (21-486),2025,0,0
U/N Reef (21-486),2025,0,0
U/N Reef (21-486),2025,0,0
U/N Reef (21-486),2025,0,0
U/N Reef (21-486),2025,0,0
U/N Reef (21-486),2025,0,0
U/N Reef (21-486),2025,1,7.9069197177886945
U/N Reef (21-486),2025,1,8.211944997310637
U/N Reef (21-486),2025,0,0
U/N Reef (21-486),2025,1,7.561351172626017
U/N Reef (21-486),2025,1,7.782777585089205
U/N Reef (21-486),2025,0,0
U/N Reef (21-491),2025,0,0
U/N Reef (21-491),2025,0,0
U/N Reef (21-491),2025,0,0
U/N Reef (21-491),2025,0,0
U/N Reef (21-491),2025,0,0
U/N Reef (21-491),2025,0,0
U/N Reef (21-491),2025,0,0
U/N Reef (21-491),2025,1,7.7961869537830335
U/N Reef (21-491),2025,1,16.42193980515003
U/N Reef (21-491),2025,1,15.442911162972447
U/N Reef (21-491),2025,1,8.119749650359152
U/N Reef (21-491),2025,1,16.010372713208195
U/N Reef (21-491),2025,1,632.3866009712218
U/N Reef (21-491),2025,1,226.05182826519007
U/N Reef (21-491),2025,1,127.80487239360806
U/N Reef (21-491),2025,1,46.24465852975844
U/N Reef (21-491),2025,1,156.157511472702
U/N Reef (21-491),2025,1,343.2715415954589
U/N Reef (21-491),2025,0,0
U/N Reef (21-491),2025,1,17.026444897055622
U/N Reef (21-491),2025,0,0
U/N Reef (21-491),2025,0,0
U/N Reef (21-491),2025,0,0
U/N Reef (21-491),2025,1,8.15464463084936
Bacchi Reef (21-495),2025,0,0
Bacchi Reef (21-495),2025,0,0
Bacchi Reef (21-495),2025,0,0
Bacchi Reef (21-495),2025,0,0
Bacchi Reef (21-495),2025,0,0
Bacchi Reef (21-495),2025,0,0
Bacchi Reef (21-495),2025,1,7.8134464100003225
Bacchi Reef (21-495),2025,0,0
Bacchi Reef (21-495),2025,1,7.480261288583277
Bacchi Reef (21-495),2025,1,7.733323797583578
Bacchi Reef (21-495),2025,0,0
Bacchi Reef (21-495),2025,1,7.5539063662290555
Bacchi Reef (21-495),2025,0,0
Bacchi Reef (21-495),2025,0,0
Bacchi Reef (21-495),2025,1,23.551878891885274
Bacchi Reef (21-495),2025,1,8.030698634684084
Bacchi Reef (21-495),2025,0,0
Bacchi Reef (21-495),2025,1,7.56491683423519
Bacchi Reef (21-495),2025,0,0
Bacchi Reef (21-495),2025,0,0
Bacchi Reef (21-495),2025,1,7.685164734721182
Bacchi Reef (21-495),2025,1,8.451049402356146
Bacchi Reef (21-495),2025,1,7.847147807478903
Bacchi Reef (21-495),2025,1,7.720467634499071
U/N Reef (21-590),2025,0,0
U/N Reef (21-590),2025,0,0
U/N Reef (21-590),2025,0,0
U/N Reef (21-590),2025,0,0
U/N Reef (21-590),2025,0,0
U/N Reef (21-590),2025,0,0
U/N Reef (21-590),2025,0,0
U/N Reef (21-590),2025,0,0
U/N Reef (21-590),2025,0,0
U/N Reef (21-590),2025,0,0
U/N Reef (21-590),2025,0,0
U/N Reef (21-590),2025,0,0
U/N Reef (21-590),2025,0,0
U/N Reef (21-590),2025,0,0
U/N Reef (21-590),2025,0,0
U/N Reef (21-590),2025,0,0
U/N Reef (21-590),2025,0,0
U/N Reef (21-590),2025,0,0
U/N Reef (21-590),2025,0,0
U/N Reef (21-590),2025,0,0
U/N Reef (21-590),2025,0,0
U/N Reef (21-590),2025,0,0
U/N Reef (21-590),2025,0,0
U/N Reef (21-590),2025,0,0
Littles Reef (21-589),2025,0,0
Littles Reef (21-589),2025,1,41.749641671776764
Littles Reef (21-589),2025,1,24.101851321756833
Littles Reef (21-589),2025,1,16.16699583828449
Littles Reef (21-589),2025,1,8.099997416138647
Littles Reef (21-589),2025,0,0
Littles Reef (21-589),2025,0,0
Littles Reef (21-589),2025,0,0
Littles Reef (21-589),2025,0,0
Littles Reef (21-589),2025,0,0
Littles Reef (21-589),2025,0,0
Littles Reef (21-589),2025,0,0
Littles Reef (21-589),2025,0,0
Littles Reef (21-589),2025,0,0
Littles Reef (21-589),2025,0,0
Littles Reef (21-589),2025,0,0
Littles Reef (21-589),2025,0,0
Littles Reef (21-589),2025,0,0
Littles Reef (21-589),2025,0,0
Littles Reef (21-589),2025,0,0
Littles Reef (21-589),2025,0,0
Littles Reef (21-589),2025,0,0
Littles Reef (21-589),2025,0,0
Littles Reef (21-589),2025,1,8.16445369273424
Long Reef (21-543),2025,0,0
Long Reef (21-543),2025,1,7.788272760808466
Long Reef (21-543),2025,0,0
Long Reef (21-543),2025,0,0
Long Reef (21-543),2025,0,0
Long Reef (21-543),2025,0,0
Long Reef (21-543),2025,0,0
Long Reef (21-543),2025,1,8.166720718145369
Long Reef (21-543),2025,0,0
Long Reef (21-543),2025,0,0
Long Reef (21-543),2025,0,0
Long Reef (21-543),2025,0,0
Long Reef (21-543),2025,1,7.526200264692305
Long Reef (21-543),2025,0,0
Long Reef (21-543),2025,0,0
Long Reef (21-543),2025,0,0
Long Reef (21-543),2025,1,7.569134607911108
Long Reef (21-543),2025,0,0
Long Reef (21-543),2025,1,8.037647791206835
Long Reef (21-543),2025,1,22.8199990466237
Long Reef (21-543),2025,1,15.662748366594311
Long Reef (21-543),2025,1,15.26869889348745
Long Reef (21-543),2025,1,7.590296119451521
Long Reef (21-543),2025,0,0
U/N Reef (21-186),2025,0,0
U/N Reef (21-186),2025,1,24.146694503724568
U/N Reef (21-186),2025,0,0
U/N Reef (21-186),2025,0,0
U/N Reef (21-186),2025,0,0
U/N Reef (21-186),2025,0,0
U/N Reef (21-186),2025,0,0
U/N Reef (21-186),2025,1,7.896305434405802
U/N Reef (21-186),2025,0,0
U/N Reef (21-186),2025,0,0
U/N Reef (21-186),2025,0,0
U/N Reef (21-186),2025,0,0
U/N Reef (21-186),2025,1,7.841568812727926
U/N Reef (21-186),2025,0,0
U/N Reef (21-186),2025,0,0
U/N Reef (21-186),2025,0,0
U/N Reef (21-186),2025,0,0
U/N Reef (21-186),2025,0,0
U/N Reef (21-186),2025,0,0
U/N Reef (21-186),2025,0,0
U/N Reef (21-186),2025,0,0
U/N Reef (21-186),2025,0,0
U/N Reef (21-186),2025,0,0
U/N Reef (21-186),2025,0,0
Mystery Reef (21-258),2025,1,7.576608471572397
Mystery Reef (21-258),2025,0,0
Mystery Reef (21-258),2025,0,0
Mystery Reef (21-258),2025,0,0
Mystery Reef (21-258),2025,0,0
Mystery Reef (21-258),2025,0,0
Mystery Reef (21-258),2025,0,0
Mystery Reef (21-258),2025,0,0
Mystery Reef (21-258),2025,0,0
Mystery Reef (21-258),2025,0,0
Mystery Reef (21-258),2025,0,0
Mystery Reef (21-258),2025,0,0
Mystery Reef (21-258),2025,0,0
Mystery Reef (21-258),2025,1,8.427640423178671
Mystery Reef (21-258),2025,0,0
Mystery Reef (21-258),2025,1,31.837328709661953
Mystery Reef (21-258),2025,0,0
Mystery Reef (21-258),2025,0,0
Mystery Reef (21-258),2025,0,0
Mystery Reef (21-258),2025,0,0
Mystery Reef (21-258),2025,0,0
Mystery Reef (21-258),2025,0,0
Mystery Reef (21-258),2025,0,0
Mystery Reef (21-258),2025,0,0
Lavers Reef (21-235),2025,1,48.032271489500985
Lavers Reef (21-235),2025,1,15.474248863756653
Lavers Reef (21-235),2025,1,46.66917622089385
Lavers Reef (21-235),2025,1,39.47418797761201
Lavers Reef (21-235),2025,1,45.81503849476575
Lavers Reef (21-235),2025,1,15.77179245650768
Lavers Reef (21-235),2025,1,16.299121454358097
Lavers Reef (21-235),2025,1,7.511783391237257
Lavers Reef (21-235),2025,1,7.712032645940779
Lavers Reef (21-235),2025,1,7.483433000743387
Lavers Reef (21-235),2025,1,15.462921559810635
Lavers Reef (21-235),2025,1,7.486925460398195
Lavers Reef (21-235),2025,0,0
Lavers Reef (21-235),2025,1,7.829392142593859
Lavers Reef (21-235),2025,0,0
Lavers Reef (21-235),2025,0,0
Lavers Reef (21-235),2025,0,0
Lavers Reef (21-235),2025,0,0
Lavers Reef (21-235),2025,1,15.914843603968617
Lavers Reef (21-235),2025,1,8.09256825596094
Lavers Reef (21-235),2025,1,8.04974678903818
Lavers Reef (21-235),2025,0,0
Lavers Reef (21-235),2025,1,8.577984385192392
Lavers Reef (21-235),2025,0,0
Twin Cays Reef (North) (21-166),2025,1,23.879644833505147
Twin Cays Reef (North) (21-166),2025,1,53.75423356890677
Twin Cays Reef (North) (21-166),2025,1,55.43166249990462
Twin Cays Reef (North) (21-166),2025,1,54.51321825385092
Twin Cays Reef (North) (21-166),2025,1,39.05153162777423
Twin Cays Reef (North) (21-166),2025,1,49.016026407480226
Twin Cays Reef (North) (21-166),2025,1,153.34240347146985
Twin Cays Reef (North) (21-166),2025,1,33.05466324090957
Twin Cays Reef (North) (21-166),2025,1,191.94496572017664
Twin Cays Reef (North) (21-166),2025,1,387.9083096981048
Twin Cays Reef (North) (21-166),2025,1,170.151874423027
Twin Cays Reef (North) (21-166),2025,1,95.08129768073557
Twin Cays Reef (North) (21-166),2025,1,7.577585242688654
Twin Cays Reef (North) (21-166),2025,1,7.71439243108034
Twin Cays Reef (North) (21-166),2025,0,0
Twin Cays Reef (North) (21-166),2025,0,0
Twin Cays Reef (North) (21-166),2025,1,23.587594181299206
Twin Cays Reef (North) (21-166),2025,0,0
Twin Cays Reef (North) (21-166),2025,1,7.9510951414704305
Twin Cays Reef (North) (21-166),2025,1,7.680816203355787
Twin Cays Reef (North) (21-166),2025,1,8.180728554725645
Twin Cays Reef (North) (21-166),2025,1,7.742485217750071
Twin Cays Reef (North) (21-166),2025,1,15.959880687296387
Twin Cays Reef (North) (21-166),2025,1,7.660144194960592
Turner Reef (21-562),2025,0,0
Turner Reef (21-562),2025,0,0
Turner Reef (21-562),2025,1,7.7554145827889425
Turner Reef (21-562),2025,1,24.75515250116586
Turner Reef (21-562),2025,0,0
Turner Reef (21-562),2025,0,0
Turner Reef (21-562),2025,0,0
Turner Reef (21-562),2025,0,0
Turner Reef (21-562),2025,0,0
Turner Reef (21-562),2025,1,7.803080789744852
Turner Reef (21-562),2025,0,0
Turner Reef (21-562),2025,0,0
Turner Reef (21-562),2025,0,0
Turner Reef (21-562),2025,0,0
Turner Reef (21-562),2025,0,0
Turner Reef (21-562),2025,0,0
Turner Reef (21-562),2025,0,0
Turner Reef (21-562),2025,1,7.576283812522886
Turner Reef (21-562),2025,1,7.775233313441275
Turner Reef (21-562),2025,0,0
Turner Reef (21-562),2025,0,0
Turner Reef (21-562),2025,0,0
Turner Reef (21-562),2025,1,7.500928267836569
Turner Reef (21-562),2025,1,7.827308960258959
U/N Reef (21-520),2025,0,0
U/N Reef (21-520),2025,1,15.543276071548458
U/N Reef (21-520),2025,1,22.809209860861294
U/N Reef (21-520),2025,0,0
U/N Reef (21-520),2025,1,15.94421602785587
U/N Reef (21-520),2025,0,0
U/N Reef (21-520),2025,0,0
U/N Reef (21-520),2025,1,15.985950082540509
U/N Reef (21-520),2025,1,30.70522248744964
U/N Reef (21-520),2025,0,0
U/N Reef (21-520),2025,1,22.849019430577748
U/N Reef (21-520),2025,0,0
U/N Reef (21-520),2025,0,0
U/N Reef (21-520),2025,1,7.966169714927672
U/N Reef (21-520),2025,0,0
U/N Reef (21-520),2025,0,0
U/N Reef (21-520),2025,0,0
U/N Reef (21-520),2025,0,0
U/N Reef (21-520),2025,0,0
U/N Reef (21-520),2025,1,24.276384897530072
U/N Reef (21-520),2025,0,0
U/N Reef (21-520),2025,0,0
U/N Reef (21-520),2025,0,0
U/N Reef (21-520),2025,0,0
Houdini Reef (21-524),2025,0,0
Houdini Reef (21-524),2025,0,0
Houdini Reef (21-524),2025,0,0
Houdini Reef (21-524),2025,0,0
Houdini Reef (21-524),2025,0,0
Houdini Reef (21-524),2025,0,0
Houdini Reef (21-524),2025,0,0
Houdini Reef (21-524),2025,0,0
Houdini Reef (21-524),2025,0,0
Houdini Reef (21-524),2025,0,0
Houdini Reef (21-524),2025,1,15.088522061705586
Houdini Reef (21-524),2025,0,0
Houdini Reef (21-524),2025,0,0
Houdini Reef (21-524),2025,0,0
Houdini Reef (21-524),2025,0,0
Houdini Reef (21-524),2025,0,0
Houdini Reef (21-524),2025,0,0
Houdini Reef (21-524),2025,0,0
Houdini Reef (21-524),2025,0,0
Houdini Reef (21-524),2025,0,0
Houdini Reef (21-524),2025,0,0
Houdini Reef (21-524),2025,1,15.974983759224411
Houdini Reef (21-524),2025,0,0
Houdini Reef (21-524),2025,0,0
Pike Reef (21-549),2025,0,0
Pike Reef (21-549),2025,1,7.672467827796934
Pike Reef (21-549),2025,1,7.6250609010457975
Pike Reef (21-549),2025,0,0
Pike Reef (21-549),2025,1,8.187940344214438
Pike Reef (21-549),2025,0,0
Pike Reef (21-549),2025,0,0
Pike Reef (21-549),2025,0,0
Pike Reef (21-549),2025,0,0
Pike Reef (21-549),2025,0,0
Pike Reef (21-549),2025,0,0
Pike Reef (21-549),2025,0,0
Pike Reef (21-549),2025,0,0
Pike Reef (21-549),2025,0,0
Pike Reef (21-549),2025,0,0
Pike Reef (21-549),2025,0,0
Pike Reef (21-549),2025,0,0
Pike Reef (21-549),2025,1,7.666134461760519
Pike Reef (21-549),2025,0,0
Pike Reef (21-549),2025,0,0
Pike Reef (21-549),2025,0,0
Pike Reef (21-549),2025,0,0
Pike Reef (21-549),2025,0,0
Pike Reef (21-549),2025,0,0
Dicks Reef (22-141),2025,0,0
Dicks Reef (22-141),2025,1,51.43751688301562
Dicks Reef (22-141),2025,0,0
Dicks Reef (22-141),2025,1,48.59321303665637
Dicks Reef (22-141),2025,0,0
Dicks Reef (22-141),2025,0,0
Dicks Reef (22-141),2025,1,24.013422243297093
Dicks Reef (22-141),2025,0,0
Dicks Reef (22-141),2025,1,8.254968188703058
Dicks Reef (22-141),2025,0,0
Dicks Reef (22-141),2025,0,0
Dicks Reef (22-141),2025,1,8.920540474355219
Dicks Reef (22-141),2025,0,0
Dicks Reef (22-141),2025,0,0
Dicks Reef (22-141),2025,0,0
Dicks Reef (22-141),2025,0,0
Dicks Reef (22-141),2025,0,0
Dicks Reef (22-141),2025,0,0
Dicks Reef (22-141),2025,0,0
Dicks Reef (22-141),2025,0,0
Dicks Reef (22-141),2025,0,0
Dicks Reef (22-141),2025,0,0
Dicks Reef (22-141),2025,0,0
Dicks Reef (22-141),2025,0,0
U/N Reef (22-143),2025,0,0
U/N Reef (22-143),2025,0,0
U/N Reef (22-143),2025,0,0
U/N Reef (22-143),2025,1,8.178074844181536
U/N Reef (22-143),2025,0,0
U/N Reef (22-143),2025,0,0
U/N Reef (22-143),2025,0,0
U/N Reef (22-143),2025,0,0
U/N Reef (22-143),2025,0,0
U/N Reef (22-143),2025,0,0
U/N Reef (22-143),2025,0,0
U/N Reef (22-143),2025,0,0
U/N Reef (22-143),2025,1,8.849857002496718
U/N Reef (22-143),2025,0,0
U/N Reef (22-143),2025,0,0
U/N Reef (22-143),2025,0,0
U/N Reef (22-143),2025,0,0
U/N Reef (22-143),2025,0,0
U/N Reef (22-143),2025,0,0
U/N Reef (22-143),2025,0,0
U/N Reef (22-143),2025,0,0
U/N Reef (22-143),2025,0,0
U/N Reef (22-143),2025,0,0
U/N Reef (22-143),2025,0,0
North West Reef (16-072),2025,1,26.44612714648246
North West Reef (16-072),2025,0,0
North West Reef (16-072),2025,0,0
North West Reef (16-072),2025,0,0
North West Reef (16-072),2025,0,0
North West Reef (16-072),2025,0,0
North West Reef (16-072),2025,0,0
North West Reef (16-072),2025,0,0
North West Reef (16-072),2025,0,0
North West Reef (16-072),2025,0,0
North West Reef (16-072),2025,0,0
North West Reef (16-072),2025,0,0
North West Reef (16-072),2025,0,0
North West Reef (16-072),2025,0,0
North West Reef (16-072),2025,0,0
North West Reef (16-072),2025,0,0
North West Reef (16-072),2025,0,0
North West Reef (16-072),2025,0,0
North West Reef (16-072),2025,0,0
North West Reef (16-072),2025,0,0
North West Reef (16-072),2025,0,0
North West Reef (16-072),2025,0,0
North West Reef (16-072),2025,0,0
North West Reef (16-072),2025,0,0
Pellowe Reef (16-070),2025,1,24.259161762893193
Pellowe Reef (16-070),2025,1,43.05205307900904
Pellowe Reef (16-070),2025,1,33.9032370597124
Pellowe Reef (16-070),2025,1,115.44506996870038
Pellowe Reef (16-070),2025,0,0
Pellowe Reef (16-070),2025,1,48.19307550787925
Pellowe Reef (16-070),2025,1,16.97381883859634
Pellowe Reef (16-070),2025,1,8.152760937809942
Pellowe Reef (16-070),2025,1,25.550324097275727
Pellowe Reef (16-070),2025,1,72.56715819239615
Pellowe Reef (16-070),2025,1,7.856230996549128
Pellowe Reef (16-070),2025,1,30.938040465116494
Pellowe Reef (16-070),2025,0,0
Pellowe Reef (16-070),2025,0,0
Pellowe Reef (16-070),2025,1,8.211562782526014
Pellowe Reef (16-070),2025,0,0
Pellowe Reef (16-070),2025,0,0
Pellowe Reef (16-070),2025,0,0
Pellowe Reef (16-070),2025,1,33.12993273138999
Pellowe Reef (16-070),2025,1,15.183531492948529
Pellowe Reef (16-070),2025,0,0
Pellowe Reef (16-070),2025,0,0
Pellowe Reef (16-070),2025,1,17.369151860475537
Pellowe Reef (16-070),2025,1,8.904336020350454
Milln Reef (16-067),2025,1,42.45244860649108
Milln Reef (16-067),2025,1,16.71793051064014
Milln Reef (16-067),2025,1,7.865685224533079
Milln Reef (16-067),2025,1,23.35245162248611
Milln Reef (16-067),2025,1,16.210786812007424
Milln Reef (16-067),2025,1,32.14666116982698
Milln Reef (16-067),2025,1,100.81520453095433
Milln Reef (16-067),2025,1,76.11558884382247
Milln Reef (16-067),2025,1,148.9037677645683
Milln Reef (16-067),2025,1,89.34110328555104
Milln Reef (16-067),2025,1,164.44043219089505
Milln Reef (16-067),2025,1,141.61892384290692
Milln Reef (16-067),2025,1,7.503798790276049
Milln Reef (16-067),2025,0,0
Milln Reef (16-067),2025,1,33.15631560981273
Milln Reef (16-067),2025,1,16.55757017433643
Milln Reef (16-067),2025,1,16.113093495368954
Milln Reef (16-067),2025,0,0
Milln Reef (16-067),2025,0,0
Milln Reef (16-067),2025,0,0
Milln Reef (16-067),2025,1,8.398761972784994
Milln Reef (16-067),2025,0,0
Milln Reef (16-067),2025,1,17.19927582889795
Milln Reef (16-067),2025,1,8.696773834526537
Rachel Carson Reef (15-092),2025,0,0
Rachel Carson Reef (15-092),2025,0,0
Rachel Carson Reef (15-092),2025,1,8.646916039288042
Rachel Carson Reef (15-092),2025,1,7.609606906771658
Rachel Carson Reef (15-092),2025,1,7.724860869348047
Rachel Carson Reef (15-092),2025,0,0
Rachel Carson Reef (15-092),2025,0,0
Rachel Carson Reef (15-092),2025,0,0
Rachel Carson Reef (15-092),2025,0,0
Rachel Carson Reef (15-092),2025,0,0
Rachel Carson Reef (15-092),2025,1,7.760871760547159
Rachel Carson Reef (15-092),2025,0,0
Rachel Carson Reef (15-092),2025,1,7.513063028454779
Rachel Carson Reef (15-092),2025,0,0
Rachel Carson Reef (15-092),2025,0,0
Rachel Carson Reef (15-092),2025,0,0
Rachel Carson Reef (15-092),2025,0,0
Rachel Carson Reef (15-092),2025,1,7.681150361895559
Rachel Carson Reef (15-092),2025,0,0
Rachel Carson Reef (15-092),2025,0,0
Rachel Carson Reef (15-092),2025,0,0
Rachel Carson Reef (15-092),2025,1,7.860079966485499
Rachel Carson Reef (15-092),2025,1,15.814759768545624
Vicki Harriott Reef (15-070),2025,1,84.45736169815062
Vicki Harriott Reef (15-070),2025,0,0
Vicki Harriott Reef (15-070),2025,1,30.431050434708588
Vicki Harriott Reef (15-070),2025,1,38.90943713486194
Vicki Harriott Reef (15-070),2025,1,45.61461433768272
Vicki Harriott Reef (15-070),2025,1,54.053438454866395
Vicki Harriott Reef (15-070),2025,1,46.219384297728524
Vicki Harriott Reef (15-070),2025,1,63.062641024589524
Vicki Harriott Reef (15-070),2025,1,38.36500570178031
Vicki Harriott Reef (15-070),2025,1,30.691905319690697
Vicki Harriott Reef (15-070),2025,1,22.96859119087457
Vicki Harriott Reef (15-070),2025,1,7.676806300878523
Vicki Harriott Reef (15-070),2025,1,45.967170596122735
Vicki Harriott Reef (15-070),2025,1,15.5880918726325
Vicki Harriott Reef (15-070),2025,1,46.99105471372603
Vicki Harriott Reef (15-070),2025,1,15.833013318479058
Vicki Harriott Reef (15-070),2025,1,8.058201335370539
Vicki Harriott Reef (15-070),2025,0,0
Vicki Harriott Reef (15-070),2025,1,8.856964297592638
Vicki Harriott Reef (15-070),2025,0,0
Vicki Harriott Reef (15-070),2025,0,0
Vicki Harriott Reef (15-070),2025,0,0
Vicki Harriott Reef (15-070),2025,1,8.575900085270403
Vicki Harriott Reef (15-070),2025,1,17.797446995973583
U/N Reef (15-043),2025,0,0
U/N Reef (15-043),2025,1,41.00408032536506
U/N Reef (15-043),2025,1,25.867686420679085
U/N Reef (15-043),2025,1,89.46844115853308
U/N Reef (15-043),2025,1,41.002482734620564
U/N Reef (15-043),2025,1,32.72034488618373
U/N Reef (15-043),2025,0,0
U/N Reef (15-043),2025,1,43.42257566750049
U/N Reef (15-043),2025,1,8.86096693575382
U/N Reef (15-043),2025,1,17.930377833545204
U/N Reef (15-043),2025,1,8.867645636200903
U/N Reef (15-043),2025,1,8.785532042384146
U/N Reef (15-043),2025,1,26.691982895135872
U/N Reef (15-043),2025,1,152.13196277618405
U/N Reef (15-043),2025,1,17.00185406953096
U/N Reef (15-043),2025,1,27.279045805335038
U/N Reef (15-043),2025,1,40.95431193709373
U/N Reef (15-043),2025,1,17.826212570071217
U/N Reef (15-043),2025,0,0
U/N Reef (15-043),2025,1,18.305432796478268
U/N Reef (15-043),2025,1,10.231661796569822
U/N Reef (15-043),2025,1,8.792097866535185
U/N Reef (15-043),2025,0,0
U/N Reef (15-043),2025,0,0
Andersen Reef (15-090),2025,0,0
Andersen Reef (15-090),2025,0,0
Andersen Reef (15-090),2025,0,0
Andersen Reef (15-090),2025,0,0
Andersen Reef (15-090),2025,0,0
Andersen Reef (15-090),2025,0,0
Andersen Reef (15-090),2025,0,0
Andersen Reef (15-090),2025,1,7.734340801835058
Andersen Reef (15-090),2025,1,8.2638591527938825
Andersen Reef (15-090),2025,1,14.969723671674725
Andersen Reef (15-090),2025,1,7.72317051887512
Andersen Reef (15-090),2025,0,0
Andersen Reef (15-090),2025,0,0
Andersen Reef (15-090),2025,1,8.429250866174696
Andersen Reef (15-090),2025,0,0
Andersen Reef (15-090),2025,1,7.768046110868452
Andersen Reef (15-090),2025,1,23.69633764028549
Andersen Reef (15-090),2025,0,0
Andersen Reef (15-090),2025,0,0
Andersen Reef (15-090),2025,1,7.884310930967329
Andersen Reef (15-090),2025,0,0
Andersen Reef (15-090),2025,0,0
Andersen Reef (15-090),2025,1,7.8786788508295995
Andersen Reef (15-090),2025,0,0
Ruby Reef (15-088),2025,0,0
Ruby Reef (15-088),2025,0,0
Ruby Reef (15-088),2025,0,0
Ruby Reef (15-088),2025,0,0
Ruby Reef (15-088),2025,0,0
Ruby Reef (15-088),2025,0,0
Ruby Reef (15-088),2025,1,7.910464145243166
Ruby Reef (15-088),2025,0,0
Ruby Reef (15-088),2025,0,0
Ruby Reef (15-088),2025,0,0
Ruby Reef (15-088),2025,1,7.60337747633457
Ruby Reef (15-088),2025,0,0
Ruby Reef (15-088),2025,1,7.981302402913569
Ruby Reef (15-088),2025,0,0
Ruby Reef (15-088),2025,0,0
Ruby Reef (15-088),2025,0,0
Ruby Reef (15-088),2025,0,0
Ruby Reef (15-088),2025,0,0
Ruby Reef (15-088),2025,1,16.348194703459736
Ruby Reef (15-088),2025,0,0
Ruby Reef (15-088),2025,0,0
Ruby Reef (15-088),2025,0,0
Ruby Reef (15-088),2025,1,7.595523074269293
U/N Reef (15-077),2025,1,16.49235282093286
U/N Reef (15-077),2025,0,0
U/N Reef (15-077),2025,1,15.286656282842156
U/N Reef (15-077),2025,1,7.639254257082937
U/N Reef (15-077),2025,1,7.530375570058821
U/N Reef (15-077),2025,0,0
U/N Reef (15-077),2025,1,15.68757779896259
U/N Reef (15-077),2025,1,30.817828327417367
U/N Reef (15-077),2025,1,46.6229885816574
U/N Reef (15-077),2025,1,93.32823604345319
U/N Reef (15-077),2025,1,74.67604056000708
U/N Reef (15-077),2025,1,23.988612927496426
U/N Reef (15-077),2025,1,8.127977326512335
U/N Reef (15-077),2025,1,15.137294679880139
U/N Reef (15-077),2025,1,7.6525049284100515
U/N Reef (15-077),2025,1,15.031066350638863
U/N Reef (15-077),2025,1,16.151904501020905
U/N Reef (15-077),2025,0,0
U/N Reef (15-077),2025,1,25.377961434423916
U/N Reef (15-077),2025,1,49.07396882772444
U/N Reef (15-077),2025,1,24.088941514492028
U/N Reef (15-077),2025,0,0
U/N Reef (15-077),2025,0,0
U/N Reef (15-077),2025,1,15.220854431390759
Williamson Reefs (15-039),2025,1,23.183053918182843
Williamson Reefs (15-039),2025,1,31.590170413255684
Williamson Reefs (15-039),2025,1,32.01572410762309
Williamson Reefs (15-039),2025,0,0
Williamson Reefs (15-039),2025,1,15.905562601983544
Williamson Reefs (15-039),2025,1,39.30186834186315
Williamson Reefs (15-039),2025,0,0
Williamson Reefs (15-039),2025,1,8.339228108525274
Williamson Reefs (15-039),2025,0,0
Williamson Reefs (15-039),2025,0,0
Williamson Reefs (15-039),2025,0,0
Williamson Reefs (15-039),2025,0,0
Williamson Reefs (15-039),2025,0,0
Williamson Reefs (15-039),2025,0,0
Williamson Reefs (15-039),2025,0,0
Williamson Reefs (15-039),2025,0,0
Williamson Reefs (15-039),2025,0,0
Williamson Reefs (15-039),2025,0,0
Williamson Reefs (15-039),2025,1,8.126480318605898
Williamson Reefs (15-039),2025,1,8.060778491199015
Williamson Reefs (15-039),2025,0,0
Williamson Reefs (15-039),2025,0,0
Williamson Reefs (15-039),2025,0,0
Williamson Reefs (15-039),2025,1,16.13129116594791
