"event_id","Reef","cull_site_name","date_cull","lag_days","distance_m","cots_count","bottom_time","n_cull_dives","cpue","site_visit_id","site_name","date_edna","Voyage","n_voyages","edna_n_replicates","edna_prop_positive","edna_conc_mean","sampling_design","observed_designs","edna_campaign_id"
"(Big) Broadhurst Reef (No 1) (18-100a)__BBHeDNA_4__2025-04-06","(Big) Broadhurst Reef (No 1) (18-100a)","(BI_18-100a_135",2025-08-01,117,886.061320274036,0,440,2,0,"(Big) Broadhurst Reef (No 1) (18-100a)__(BI_18-100a_135__2025-08-01","BBHeDNA_4",2025-04-06,"136",1,6,0.666666666666667,8,"4x6","4x6 (2)","(Big) Broadhurst Reef (No 1) (18-100a)__campaign_1"
"(Big) Broadhurst Reef (No 1) (18-100a)__BBHeDNA_4__2025-04-06","(Big) Broadhurst Reef (No 1) (18-100a)","BBR_18-100a_102",2025-08-02,118,1960.93982038073,2,420,2,0.00476190476190476,"(Big) Broadhurst Reef (No 1) (18-100a)__BBR_18-100a_102__2025-08-02","BBHeDNA_4",2025-04-06,"136",1,6,0.666666666666667,8,"4x6","4x6 (2)","(Big) Broadhurst Reef (No 1) (18-100a)__campaign_1"
"(Big) Broadhurst Reef (No 1) (18-100a)__BBHeDNA_4__2025-04-06","(Big) Broadhurst Reef (No 1) (18-100a)","BBR_18-100a_78",2025-08-01,117,1895.03000277511,5,448,2,0.0111607142857143,"(Big) Broadhurst Reef (No 1) (18-100a)__BBR_18-100a_78__2025-08-01","BBHeDNA_4",2025-04-06,"136",1,6,0.666666666666667,8,"4x6","4x6 (2)","(Big) Broadhurst Reef (No 1) (18-100a)__campaign_1"
"(Big) Broadhurst Reef (No 1) (18-100a)__BBHeDNA_3__2025-04-06","(Big) Broadhurst Reef (No 1) (18-100a)","BBR_18-100a_92",2025-04-09,3,139.520655037886,1,424,2,0.00235849056603774,"(Big) Broadhurst Reef (No 1) (18-100a)__BBR_18-100a_92__2025-04-09","BBHeDNA_3",2025-04-06,"136",1,6,0.333333333333333,2.75,"4x6","4x6 (2)","(Big) Broadhurst Reef (No 1) (18-100a)__campaign_1"
"(Big) Broadhurst Reef (No 1) (18-100a)__BBHeDNA_3__2025-04-06","(Big) Broadhurst Reef (No 1) (18-100a)","BBR_18-100a_95",2025-04-09,3,436.928515926755,3,480,2,0.00625,"(Big) Broadhurst Reef (No 1) (18-100a)__BBR_18-100a_95__2025-04-09","BBHeDNA_3",2025-04-06,"136",1,6,0.333333333333333,2.75,"4x6","4x6 (2)","(Big) Broadhurst Reef (No 1) (18-100a)__campaign_1"
"(Big) Broadhurst Reef (No 1) (18-100a)__BBHeDNA_2__2025-04-06","(Big) Broadhurst Reef (No 1) (18-100a)","BBR_18-100a_97",2025-08-03,119,65.4822105826569,0,460,2,0,"(Big) Broadhurst Reef (No 1) (18-100a)__BBR_18-100a_97__2025-08-03","BBHeDNA_2",2025-04-06,"136",1,6,0.166666666666667,2.5,"4x6","4x6 (2)","(Big) Broadhurst Reef (No 1) (18-100a)__campaign_1"
"Banfield Reef (North) (18-105a)__BAN_CCIPD02_1__2023-03-31","Banfield Reef (North) (18-105a)","BAN_18-105a_10",2023-04-17,17,263.564113609697,53,573,1,0.0924956369982548,"Banfield Reef (North) (18-105a)__BAN_18-105a_10__2023-04-17","BAN_CCIPD02_1",2023-03-31,"FMPCR 2023-03",1,12,1,43.2092029583333,"other_or_mixed","1x12 (2); 2x12 (3); 4x12 (2)","Banfield Reef (North) (18-105a)__campaign_1"
"Banfield Reef (North) (18-105a)__BanNeDNA_1__2025-04-02","Banfield Reef (North) (18-105a)","BAN_18-105a_10",2025-04-24,22,1125.31956782601,49,860,4,0.0569767441860465,"Banfield Reef (North) (18-105a)__BAN_18-105a_10__2025-04-24","BanNeDNA_1",2025-04-02,"136",1,6,0.333333333333333,2.677786257,"4x6","4x6 (2)","Banfield Reef (North) (18-105a)__campaign_2"
"Banfield Reef (North) (18-105a)__BanNeDNA_1__2025-08-04","Banfield Reef (North) (18-105a)","BAN_18-105a_10",2025-08-04,0,143.233106158977,54,440,2,0.122727272727273,"Banfield Reef (North) (18-105a)__BAN_18-105a_10__2025-08-04","BanNeDNA_1",2025-08-04,"142",1,6,1,39.7251634865,"4x6","4x6 (2)","Banfield Reef (North) (18-105a)__campaign_3"
"Banfield Reef (North) (18-105a)__BanNeDNA_1__2025-08-04","Banfield Reef (North) (18-105a)","BAN_18-105a_15",2025-08-19,15,395.592126400222,15,372,2,0.0403225806451613,"Banfield Reef (North) (18-105a)__BAN_18-105a_15__2025-08-19","BanNeDNA_1",2025-08-04,"142",1,6,1,39.7251634865,"4x6","4x6 (2)","Banfield Reef (North) (18-105a)__campaign_3"
"Banfield Reef (North) (18-105a)__BAN_CCIPD02_1__2023-03-31","Banfield Reef (North) (18-105a)","BAN_18-105a_1",2023-03-31,0,233.992011459343,116,683,14,0.169838945827233,"Banfield Reef (North) (18-105a)__BAN_18-105a_1__2023-03-31","BAN_CCIPD02_1",2023-03-31,"FMPCR 2023-03",1,12,1,43.2092029583333,"other_or_mixed","1x12 (2); 2x12 (3); 4x12 (2)","Banfield Reef (North) (18-105a)__campaign_1"
"Banfield Reef (North) (18-105a)__BanNeDNA_1__2025-04-02","Banfield Reef (North) (18-105a)","BAN_18-105a_1",2025-04-03,1,947.684670086451,37,816,4,0.045343137254902,"Banfield Reef (North) (18-105a)__BAN_18-105a_1__2025-04-03","BanNeDNA_1",2025-04-02,"136",1,6,0.333333333333333,2.677786257,"4x6","4x6 (2)","Banfield Reef (North) (18-105a)__campaign_2"
"Banfield Reef (North) (18-105a)__BanNeDNA_2__2025-08-04","Banfield Reef (North) (18-105a)","BAN_18-105a_1",2025-08-19,15,123.844802650676,24,460,2,0.0521739130434783,"Banfield Reef (North) (18-105a)__BAN_18-105a_1__2025-08-19","BanNeDNA_2",2025-08-04,"142",1,6,1,51.4333845983333,"4x6","4x6 (2)","Banfield Reef (North) (18-105a)__campaign_3"
"Banfield Reef (North) (18-105a)__BAN_CCIPD02_1__2023-03-31","Banfield Reef (North) (18-105a)","BAN_18-105a_2",2023-06-23,84,590.125267909954,30,228,2,0.131578947368421,"Banfield Reef (North) (18-105a)__BAN_18-105a_2__2023-06-23","BAN_CCIPD02_1",2023-03-31,"FMPCR 2023-03",1,12,1,43.2092029583333,"other_or_mixed","1x12 (2); 2x12 (3); 4x12 (2)","Banfield Reef (North) (18-105a)__campaign_1"
"Banfield Reef (North) (18-105a)__BanNeDNA_2__2025-08-04","Banfield Reef (North) (18-105a)","BAN_18-105a_2",2025-08-06,2,271.179586882755,94,710,4,0.132394366197183,"Banfield Reef (North) (18-105a)__BAN_18-105a_2__2025-08-06","BanNeDNA_2",2025-08-04,"142",1,6,1,51.4333845983333,"4x6","4x6 (2)","Banfield Reef (North) (18-105a)__campaign_3"
"Banfield Reef (North) (18-105a)__BAN_CCIPD02_2__2023-03-31","Banfield Reef (North) (18-105a)","BAN_18-105a_3",2023-08-14,136,675.031969977729,8,201,2,0.0398009950248756,"Banfield Reef (North) (18-105a)__BAN_18-105a_3__2023-08-14","BAN_CCIPD02_2",2023-03-31,"FMPCR 2023-03",1,12,0.666666666666667,8.71146943591667,"other_or_mixed","1x12 (2); 2x12 (3); 4x12 (2)","Banfield Reef (North) (18-105a)__campaign_1"
"Banfield Reef (North) (18-105a)__BanNeDNA_1__2025-04-02","Banfield Reef (North) (18-105a)","BAN_18-105a_3",2025-04-03,1,230.678371210414,75,920,4,0.0815217391304348,"Banfield Reef (North) (18-105a)__BAN_18-105a_3__2025-04-03","BanNeDNA_1",2025-04-02,"136",1,6,0.333333333333333,2.677786257,"4x6","4x6 (2)","Banfield Reef (North) (18-105a)__campaign_2"
"Banfield Reef (North) (18-105a)__BanNeDNA_2__2025-08-04","Banfield Reef (North) (18-105a)","BAN_18-105a_3",2025-08-04,0,619.482365069545,119,884,4,0.134615384615385,"Banfield Reef (North) (18-105a)__BAN_18-105a_3__2025-08-04","BanNeDNA_2",2025-08-04,"142",1,6,1,51.4333845983333,"4x6","4x6 (2)","Banfield Reef (North) (18-105a)__campaign_3"
"Banfield Reef (North) (18-105a)__BAN_CCIPD02_2__2023-03-31","Banfield Reef (North) (18-105a)","BAN_18-105a_4",2023-08-14,136,563.082989427135,75,563,4,0.133214920071048,"Banfield Reef (North) (18-105a)__BAN_18-105a_4__2023-08-14","BAN_CCIPD02_2",2023-03-31,"FMPCR 2023-03",1,12,0.666666666666667,8.71146943591667,"other_or_mixed","1x12 (2); 2x12 (3); 4x12 (2)","Banfield Reef (North) (18-105a)__campaign_1"
"Banfield Reef (North) (18-105a)__BanNeDNA_4__2025-08-04","Banfield Reef (North) (18-105a)","BAN_18-105a_4",2025-10-27,84,608.092388522581,30,424,2,0.0707547169811321,"Banfield Reef (North) (18-105a)__BAN_18-105a_4__2025-10-27","BanNeDNA_4",2025-08-04,"142",1,6,1,211.092543975,"4x6","4x6 (2)","Banfield Reef (North) (18-105a)__campaign_3"
"Banfield Reef (North) (18-105a)__BanNeDNA_4__2025-08-04","Banfield Reef (North) (18-105a)","BAN_18-105a_5",2025-10-27,84,378.167451467223,98,460,2,0.21304347826087,"Banfield Reef (North) (18-105a)__BAN_18-105a_5__2025-10-27","BanNeDNA_4",2025-08-04,"142",1,6,1,211.092543975,"4x6","4x6 (2)","Banfield Reef (North) (18-105a)__campaign_3"
"Banfield Reef (North) (18-105a)__BanNeDNA_4__2025-08-04","Banfield Reef (North) (18-105a)","BAN_18-105a_7",2025-10-12,69,121.15661445805,85,808,4,0.10519801980198,"Banfield Reef (North) (18-105a)__BAN_18-105a_7__2025-10-12","BanNeDNA_4",2025-08-04,"142",1,6,1,211.092543975,"4x6","4x6 (2)","Banfield Reef (North) (18-105a)__campaign_3"
"Banfield Reef (North) (18-105a)__BanNeDNA_3__2025-04-02","Banfield Reef (North) (18-105a)","BAN_18-105a_8",2025-04-02,0,796.873961998269,140,916,4,0.152838427947598,"Banfield Reef (North) (18-105a)__BAN_18-105a_8__2025-04-02","BanNeDNA_3",2025-04-02,"136",1,6,1,75.2054487348333,"4x6","4x6 (2)","Banfield Reef (North) (18-105a)__campaign_2"
"Banfield Reef (North) (18-105a)__BanNeDNA_3__2025-08-04","Banfield Reef (North) (18-105a)","BAN_18-105a_8",2025-08-06,2,96.1508630900447,168,776,4,0.216494845360825,"Banfield Reef (North) (18-105a)__BAN_18-105a_8__2025-08-06","BanNeDNA_3",2025-08-04,"142",1,6,1,61.2148431983333,"4x6","4x6 (2)","Banfield Reef (North) (18-105a)__campaign_3"
"Batt Reef (16-029)__BAeDNA4__2025-06-03","Batt Reef (16-029)","BAT_16-029_80",2025-06-06,3,1712.88004032985,14,700,2,0.02,"Batt Reef (16-029)__BAT_16-029_80__2025-06-06","BAeDNA4",2025-06-03,"AIMSeDNA25-04",1,6,1,18.11126685,"other_or_mixed","3x12 (12); 4x12 [6-12] (3)","Batt Reef (16-029)__campaign_4"
"Batt Reef (16-029)__BAeDNA4__2025-06-03","Batt Reef (16-029)","BAT_16-029_81",2025-06-06,3,1229.42676289864,32,700,2,0.0457142857142857,"Batt Reef (16-029)__BAT_16-029_81__2025-06-06","BAeDNA4",2025-06-03,"AIMSeDNA25-04",1,6,1,18.11126685,"other_or_mixed","3x12 (12); 4x12 [6-12] (3)","Batt Reef (16-029)__campaign_4"
"Batt Reef (16-029)__BAEDNA3__2021-05-16","Batt Reef (16-029)","BAT_16-029_82",2021-11-03,171,1803.50152863773,59,458,2,0.12882096069869,"Batt Reef (16-029)__BAT_16-029_82__2021-11-03","BAEDNA3",2021-05-16,"AIMSeDNA21-02",1,12,1,116.213476624167,"3x12","3x12 (13); 3x12 [11-12] (1)","Batt Reef (16-029)__campaign_1"
"Batt Reef (16-029)__BAEDNA3__2022-05-18","Batt Reef (16-029)","BAT_16-029_82",2022-10-04,139,1803.50152863773,1,240,1,0.00416666666666667,"Batt Reef (16-029)__BAT_16-029_82__2022-10-04","BAEDNA3",2022-05-18,"AIMSeDNA22-03",1,12,1,41.5579706431667,"3x12","3x12 (15)","Batt Reef (16-029)__campaign_2"
"Batt Reef (16-029)__BAEDNA3__2023-07-03","Batt Reef (16-029)","BAT_16-029_82",2023-07-21,18,1803.50152863773,72,1140,4,0.0631578947368421,"Batt Reef (16-029)__BAT_16-029_82__2023-07-21","BAEDNA3",2023-07-03,"AIMSeDNA23-03",1,12,0.833333333333333,14.7932753898333,"3x12","3x12 (21)","Batt Reef (16-029)__campaign_3"
"Batt Reef (16-029)__BAeDNA4__2025-06-03","Batt Reef (16-029)","BAT_16-029_82",2025-07-03,30,705.608400643321,46,900,2,0.0511111111111111,"Batt Reef (16-029)__BAT_16-029_82__2025-07-03","BAeDNA4",2025-06-03,"AIMSeDNA25-04",1,6,1,18.11126685,"other_or_mixed","3x12 (12); 4x12 [6-12] (3)","Batt Reef (16-029)__campaign_4"
"Batt Reef (16-029)__BAEDNA3__2021-05-16","Batt Reef (16-029)","BAT_16-029_83",2021-11-02,170,1295.37331426785,177,1095,4,0.161643835616438,"Batt Reef (16-029)__BAT_16-029_83__2021-11-02","BAEDNA3",2021-05-16,"AIMSeDNA21-02",1,12,1,116.213476624167,"3x12","3x12 (13); 3x12 [11-12] (1)","Batt Reef (16-029)__campaign_1"
"Batt Reef (16-029)__BAEDNA3__2022-05-18","Batt Reef (16-029)","BAT_16-029_83",2022-10-04,139,1295.37331426785,6,240,1,0.025,"Batt Reef (16-029)__BAT_16-029_83__2022-10-04","BAEDNA3",2022-05-18,"AIMSeDNA22-03",1,12,1,41.5579706431667,"3x12","3x12 (15)","Batt Reef (16-029)__campaign_2"
"Batt Reef (16-029)__BAEDNA3__2023-07-03","Batt Reef (16-029)","BAT_16-029_83",2023-09-02,61,1295.37331426785,28,760,4,0.0368421052631579,"Batt Reef (16-029)__BAT_16-029_83__2023-09-02","BAEDNA3",2023-07-03,"AIMSeDNA23-03",1,12,0.833333333333333,14.7932753898333,"3x12","3x12 (21)","Batt Reef (16-029)__campaign_3"
"Batt Reef (16-029)__BAeDNA4__2025-06-03","Batt Reef (16-029)","BAT_16-029_83",2025-08-14,72,170.516685432196,97,900,2,0.107777777777778,"Batt Reef (16-029)__BAT_16-029_83__2025-08-14","BAeDNA4",2025-06-03,"AIMSeDNA25-04",1,6,1,18.11126685,"other_or_mixed","3x12 (12); 4x12 [6-12] (3)","Batt Reef (16-029)__campaign_4"
"Batt Reef (16-029)__BAEDNA3__2021-05-16","Batt Reef (16-029)","BAT_16-029_84",2021-10-17,154,806.2168030425,80,686,2,0.116618075801749,"Batt Reef (16-029)__BAT_16-029_84__2021-10-17","BAEDNA3",2021-05-16,"AIMSeDNA21-02",1,12,1,116.213476624167,"3x12","3x12 (13); 3x12 [11-12] (1)","Batt Reef (16-029)__campaign_1"
"Batt Reef (16-029)__BAEDNA3__2022-05-18","Batt Reef (16-029)","BAT_16-029_84",2022-10-04,139,806.2168030425,10,240,1,0.0416666666666667,"Batt Reef (16-029)__BAT_16-029_84__2022-10-04","BAEDNA3",2022-05-18,"AIMSeDNA22-03",1,12,1,41.5579706431667,"3x12","3x12 (15)","Batt Reef (16-029)__campaign_2"
"Batt Reef (16-029)__BAEDNA3__2023-07-03","Batt Reef (16-029)","BAT_16-029_84",2023-09-02,61,806.2168030425,14,570,4,0.0245614035087719,"Batt Reef (16-029)__BAT_16-029_84__2023-09-02","BAEDNA3",2023-07-03,"AIMSeDNA23-03",1,12,0.833333333333333,14.7932753898333,"3x12","3x12 (21)","Batt Reef (16-029)__campaign_3"
"Batt Reef (16-029)__BAeDNA4__2025-06-03","Batt Reef (16-029)","BAT_16-029_84",2025-08-15,73,318.745271276703,23,450,1,0.0511111111111111,"Batt Reef (16-029)__BAT_16-029_84__2025-08-15","BAeDNA4",2025-06-03,"AIMSeDNA25-04",1,6,1,18.11126685,"other_or_mixed","3x12 (12); 4x12 [6-12] (3)","Batt Reef (16-029)__campaign_4"
"Batt Reef (16-029)__BAEDNA3__2021-05-16","Batt Reef (16-029)","BAT_16-029_85",2021-10-17,154,357.470054241284,24,720,2,0.0333333333333333,"Batt Reef (16-029)__BAT_16-029_85__2021-10-17","BAEDNA3",2021-05-16,"AIMSeDNA21-02",1,12,1,116.213476624167,"3x12","3x12 (13); 3x12 [11-12] (1)","Batt Reef (16-029)__campaign_1"
"Batt Reef (16-029)__BAEDNA3__2023-07-03","Batt Reef (16-029)","BAT_16-029_85",2023-07-20,17,357.470054241284,0,300,1,0,"Batt Reef (16-029)__BAT_16-029_85__2023-07-20","BAEDNA3",2023-07-03,"AIMSeDNA23-03",1,12,0.833333333333333,14.7932753898333,"3x12","3x12 (21)","Batt Reef (16-029)__campaign_3"
"Batt Reef (16-029)__BAeDNA3__2025-06-03","Batt Reef (16-029)","BAT_16-029_85",2025-09-05,94,357.470054241284,28,300,2,0.0933333333333333,"Batt Reef (16-029)__BAT_16-029_85__2025-09-05","BAeDNA3",2025-06-03,"AIMSeDNA25-04",1,12,0.916666666666667,23.1630412861667,"other_or_mixed","3x12 (12); 4x12 [6-12] (3)","Batt Reef (16-029)__campaign_4"
"Batt Reef (16-029)__BAeDNA3__2025-06-03","Batt Reef (16-029)","BAT_16-029_86",2025-11-15,165,228.711147101494,7,156,2,0.0448717948717949,"Batt Reef (16-029)__BAT_16-029_86__2025-11-15","BAeDNA3",2025-06-03,"AIMSeDNA25-04",1,12,0.916666666666667,23.1630412861667,"other_or_mixed","3x12 (12); 4x12 [6-12] (3)","Batt Reef (16-029)__campaign_4"
"Batt Reef (16-029)__BAeDNA4__2025-06-03","Batt Reef (16-029)","BAT_16-029_91",2025-09-05,94,238.681262654436,4,320,2,0.0125,"Batt Reef (16-029)__BAT_16-029_91__2025-09-05","BAeDNA4",2025-06-03,"AIMSeDNA25-04",1,6,1,18.11126685,"other_or_mixed","3x12 (12); 4x12 [6-12] (3)","Batt Reef (16-029)__campaign_4"
"Batt Reef (16-029)__BAeDNA3__2025-06-03","Batt Reef (16-029)","BAT_16-029_92",2025-09-05,94,564.178839325251,17,320,2,0.053125,"Batt Reef (16-029)__BAT_16-029_92__2025-09-05","BAeDNA3",2025-06-03,"AIMSeDNA25-04",1,12,0.916666666666667,23.1630412861667,"other_or_mixed","3x12 (12); 4x12 [6-12] (3)","Batt Reef (16-029)__campaign_4"
"Bowden Reef (19-019)__BREDNA1__2025-08-03","Bowden Reef (19-019)","BOW_19-019_15",2025-09-24,52,1589.21608323198,8,440,2,0.0181818181818182,"Bowden Reef (19-019)__BOW_19-019_15__2025-09-24","BREDNA1",2025-08-03,"AIMSeDNA26-01",1,12,0.583333333333333,12.1344815940833,"other_or_mixed","3x12 (3); 4x12 [6-12] (3)","Bowden Reef (19-019)__campaign_6"
"Bowden Reef (19-019)__BREDNA1__2025-08-03","Bowden Reef (19-019)","BOW_19-019_18",2025-09-13,41,1035.41228333536,4,784,4,0.00510204081632653,"Bowden Reef (19-019)__BOW_19-019_18__2025-09-13","BREDNA1",2025-08-03,"AIMSeDNA26-01",1,12,0.583333333333333,12.1344815940833,"other_or_mixed","3x12 (3); 4x12 [6-12] (3)","Bowden Reef (19-019)__campaign_6"
"Bowden Reef (19-019)__BREDNA1__2025-08-03","Bowden Reef (19-019)","BOW_19-019_19",2025-09-14,42,1502.08342400195,28,480,2,0.0583333333333333,"Bowden Reef (19-019)__BOW_19-019_19__2025-09-14","BREDNA1",2025-08-03,"AIMSeDNA26-01",1,12,0.583333333333333,12.1344815940833,"other_or_mixed","3x12 (3); 4x12 [6-12] (3)","Bowden Reef (19-019)__campaign_6"
"Bowden Reef (19-019)__BREDNA3__2022-05-22","Bowden Reef (19-019)","BOW_19-019_1",2022-10-01,132,1204.85466395076,2,380,1,0.00526315789473684,"Bowden Reef (19-019)__BOW_19-019_1__2022-10-01","BREDNA3",2022-05-22,"AIMSeDNA22-03",1,12,0.916666666666667,24.1923381108333,"3x12","3x12 (15)","Bowden Reef (19-019)__campaign_4"
"Bowden Reef (19-019)__BREDNA1__2022-05-22","Bowden Reef (19-019)","BOW_19-019_20",2022-10-14,145,1767.53841068741,16,488,1,0.0327868852459016,"Bowden Reef (19-019)__BOW_19-019_20__2022-10-14","BREDNA1",2022-05-22,"AIMSeDNA22-03",1,12,1,27.0422624421667,"3x12","3x12 (15)","Bowden Reef (19-019)__campaign_4"
"Bowden Reef (19-019)__BREDNA1__2025-08-03","Bowden Reef (19-019)","BOW_19-019_20",2025-09-14,42,1767.53841068741,35,480,2,0.0729166666666667,"Bowden Reef (19-019)__BOW_19-019_20__2025-09-14","BREDNA1",2025-08-03,"AIMSeDNA26-01",1,12,0.583333333333333,12.1344815940833,"other_or_mixed","3x12 (3); 4x12 [6-12] (3)","Bowden Reef (19-019)__campaign_6"
"Bowden Reef (19-019)__BREDNA1__2025-08-03","Bowden Reef (19-019)","BOW_19-019_21",2025-09-25,53,1821.91365512212,3,472,2,0.00635593220338983,"Bowden Reef (19-019)__BOW_19-019_21__2025-09-25","BREDNA1",2025-08-03,"AIMSeDNA26-01",1,12,0.583333333333333,12.1344815940833,"other_or_mixed","3x12 (3); 4x12 [6-12] (3)","Bowden Reef (19-019)__campaign_6"
"Bowden Reef (19-019)__BREDNA2__2022-05-22","Bowden Reef (19-019)","BOW_19-019_23",2022-09-30,131,1449.13733518371,2,220,1,0.00909090909090909,"Bowden Reef (19-019)__BOW_19-019_23__2022-09-30","BREDNA2",2022-05-22,"AIMSeDNA22-03",1,12,1,225.808232283333,"3x12","3x12 (15)","Bowden Reef (19-019)__campaign_4"
"Bowden Reef (19-019)__BREDNA2__2022-05-22","Bowden Reef (19-019)","BOW_19-019_24",2022-09-30,131,799.185051063909,3,220,1,0.0136363636363636,"Bowden Reef (19-019)__BOW_19-019_24__2022-09-30","BREDNA2",2022-05-22,"AIMSeDNA22-03",1,12,1,225.808232283333,"3x12","3x12 (15)","Bowden Reef (19-019)__campaign_4"
"Bowden Reef (19-019)__BREDNA2__2022-05-22","Bowden Reef (19-019)","BOW_19-019_25",2022-09-30,131,433.821820600123,7,252,1,0.0277777777777778,"Bowden Reef (19-019)__BOW_19-019_25__2022-09-30","BREDNA2",2022-05-22,"AIMSeDNA22-03",1,12,1,225.808232283333,"3x12","3x12 (15)","Bowden Reef (19-019)__campaign_4"
"Bowden Reef (19-019)__BREDNA2__2025-08-03","Bowden Reef (19-019)","BOW_19-019_25",2025-12-06,125,433.821820600123,1,220,1,0.00454545454545455,"Bowden Reef (19-019)__BOW_19-019_25__2025-12-06","BREDNA2",2025-08-03,"AIMSeDNA26-01",1,12,0.833333333333333,14.7216465785,"other_or_mixed","3x12 (3); 4x12 [6-12] (3)","Bowden Reef (19-019)__campaign_6"
"Bowden Reef (19-019)__BREDNA2__2022-05-22","Bowden Reef (19-019)","BOW_19-019_26",2022-09-30,131,437.309258954011,3,290,1,0.0103448275862069,"Bowden Reef (19-019)__BOW_19-019_26__2022-09-30","BREDNA2",2022-05-22,"AIMSeDNA22-03",1,12,1,225.808232283333,"3x12","3x12 (15)","Bowden Reef (19-019)__campaign_4"
"Bowden Reef (19-019)__BREDNA3__2022-05-22","Bowden Reef (19-019)","BOW_19-019_27",2022-10-01,132,320.436769192284,1,212,1,0.00471698113207547,"Bowden Reef (19-019)__BOW_19-019_27__2022-10-01","BREDNA3",2022-05-22,"AIMSeDNA22-03",1,12,0.916666666666667,24.1923381108333,"3x12","3x12 (15)","Bowden Reef (19-019)__campaign_4"
"Bowden Reef (19-019)__BREDNA3__2022-05-22","Bowden Reef (19-019)","BOW_19-019_28",2022-10-01,132,284.317463049835,4,208,1,0.0192307692307692,"Bowden Reef (19-019)__BOW_19-019_28__2022-10-01","BREDNA3",2022-05-22,"AIMSeDNA22-03",1,12,0.916666666666667,24.1923381108333,"3x12","3x12 (15)","Bowden Reef (19-019)__campaign_4"
"Bowden Reef (19-019)__BREDNA3__2025-08-03","Bowden Reef (19-019)","BOW_19-019_28",2025-09-25,53,284.317463049835,2,388,2,0.00515463917525773,"Bowden Reef (19-019)__BOW_19-019_28__2025-09-25","BREDNA3",2025-08-03,"AIMSeDNA26-01",1,12,0.75,12.0446214916667,"other_or_mixed","3x12 (3); 4x12 [6-12] (3)","Bowden Reef (19-019)__campaign_6"
"Bowden Reef (19-019)__BREDNA3__2022-05-22","Bowden Reef (19-019)","BOW_19-019_29",2022-10-01,132,585.874518842653,5,268,1,0.0186567164179104,"Bowden Reef (19-019)__BOW_19-019_29__2022-10-01","BREDNA3",2022-05-22,"AIMSeDNA22-03",1,12,0.916666666666667,24.1923381108333,"3x12","3x12 (15)","Bowden Reef (19-019)__campaign_4"
"Bowden Reef (19-019)__BREDNA3__2025-08-03","Bowden Reef (19-019)","BOW_19-019_29",2025-09-25,53,585.874518842653,3,480,2,0.00625,"Bowden Reef (19-019)__BOW_19-019_29__2025-09-25","BREDNA3",2025-08-03,"AIMSeDNA26-01",1,12,0.75,12.0446214916667,"other_or_mixed","3x12 (3); 4x12 [6-12] (3)","Bowden Reef (19-019)__campaign_6"
"Bowden Reef (19-019)__BREDNA3__2025-08-03","Bowden Reef (19-019)","BOW_19-019_30",2025-09-16,44,979.366331654233,6,416,2,0.0144230769230769,"Bowden Reef (19-019)__BOW_19-019_30__2025-09-16","BREDNA3",2025-08-03,"AIMSeDNA26-01",1,12,0.75,12.0446214916667,"other_or_mixed","3x12 (3); 4x12 [6-12] (3)","Bowden Reef (19-019)__campaign_6"
"Bowden Reef (19-019)__BREDNA3__2022-05-22","Bowden Reef (19-019)","BOW_19-019_31",2022-09-30,131,1338.40407914888,5,386,1,0.0129533678756477,"Bowden Reef (19-019)__BOW_19-019_31__2022-09-30","BREDNA3",2022-05-22,"AIMSeDNA22-03",1,12,0.916666666666667,24.1923381108333,"3x12","3x12 (15)","Bowden Reef (19-019)__campaign_4"
"Bowden Reef (19-019)__BREDNA3__2025-08-03","Bowden Reef (19-019)","BOW_19-019_31",2025-09-16,44,1338.40407914888,3,480,2,0.00625,"Bowden Reef (19-019)__BOW_19-019_31__2025-09-16","BREDNA3",2025-08-03,"AIMSeDNA26-01",1,12,0.75,12.0446214916667,"other_or_mixed","3x12 (3); 4x12 [6-12] (3)","Bowden Reef (19-019)__campaign_6"
"Bowden Reef (19-019)__BREDNA3__2022-05-22","Bowden Reef (19-019)","BOW_19-019_33",2022-10-01,132,1391.29370573406,0,488,1,0,"Bowden Reef (19-019)__BOW_19-019_33__2022-10-01","BREDNA3",2022-05-22,"AIMSeDNA22-03",1,12,0.916666666666667,24.1923381108333,"3x12","3x12 (15)","Bowden Reef (19-019)__campaign_4"
"Bowden Reef (19-019)__BREDNA3__2022-05-22","Bowden Reef (19-019)","BOW_19-019_34",2022-10-12,143,1244.37446748716,3,380,1,0.00789473684210526,"Bowden Reef (19-019)__BOW_19-019_34__2022-10-12","BREDNA3",2022-05-22,"AIMSeDNA22-03",1,12,0.916666666666667,24.1923381108333,"3x12","3x12 (15)","Bowden Reef (19-019)__campaign_4"
"Bowden Reef (19-019)__BREDNA3__2022-05-22","Bowden Reef (19-019)","BOW_19-019_35",2022-10-12,143,872.569833778004,5,532,1,0.0093984962406015,"Bowden Reef (19-019)__BOW_19-019_35__2022-10-12","BREDNA3",2022-05-22,"AIMSeDNA22-03",1,12,0.916666666666667,24.1923381108333,"3x12","3x12 (15)","Bowden Reef (19-019)__campaign_4"
"Bowden Reef (19-019)__BREDNA3__2022-05-22","Bowden Reef (19-019)","BOW_19-019_36",2022-10-12,143,411.507353205048,3,416,1,0.00721153846153846,"Bowden Reef (19-019)__BOW_19-019_36__2022-10-12","BREDNA3",2022-05-22,"AIMSeDNA22-03",1,12,0.916666666666667,24.1923381108333,"3x12","3x12 (15)","Bowden Reef (19-019)__campaign_4"
"Bowden Reef (19-019)__BREDNA2__2022-05-22","Bowden Reef (19-019)","BOW_19-019_38",2022-10-01,132,520.201298921439,0,296,1,0,"Bowden Reef (19-019)__BOW_19-019_38__2022-10-01","BREDNA2",2022-05-22,"AIMSeDNA22-03",1,12,1,225.808232283333,"3x12","3x12 (15)","Bowden Reef (19-019)__campaign_4"
"Bowden Reef (19-019)__BREDNA2__2022-05-22","Bowden Reef (19-019)","BOW_19-019_39",2022-10-16,147,158.198806383354,12,328,1,0.0365853658536585,"Bowden Reef (19-019)__BOW_19-019_39__2022-10-16","BREDNA2",2022-05-22,"AIMSeDNA22-03",1,12,1,225.808232283333,"3x12","3x12 (15)","Bowden Reef (19-019)__campaign_4"
"Bowden Reef (19-019)__BREDNA3__2022-05-22","Bowden Reef (19-019)","BOW_19-019_3",2022-10-02,133,695.414138821658,26,574,1,0.0452961672473868,"Bowden Reef (19-019)__BOW_19-019_3__2022-10-02","BREDNA3",2022-05-22,"AIMSeDNA22-03",1,12,0.916666666666667,24.1923381108333,"3x12","3x12 (15)","Bowden Reef (19-019)__campaign_4"
"Bowden Reef (19-019)__BREDNA1__2025-08-03","Bowden Reef (19-019)","BOW_19-019_41",2025-10-15,73,1410.01514078155,3,408,2,0.00735294117647059,"Bowden Reef (19-019)__BOW_19-019_41__2025-10-15","BREDNA1",2025-08-03,"AIMSeDNA26-01",1,12,0.583333333333333,12.1344815940833,"other_or_mixed","3x12 (3); 4x12 [6-12] (3)","Bowden Reef (19-019)__campaign_6"
"Bowden Reef (19-019)__BREDNA1__2022-05-22","Bowden Reef (19-019)","BOW_19-019_42",2022-10-14,145,1620.43681968433,11,522,1,0.0210727969348659,"Bowden Reef (19-019)__BOW_19-019_42__2022-10-14","BREDNA1",2022-05-22,"AIMSeDNA22-03",1,12,1,27.0422624421667,"3x12","3x12 (15)","Bowden Reef (19-019)__campaign_4"
"Bowden Reef (19-019)__BREDNA1__2025-08-03","Bowden Reef (19-019)","BOW_19-019_42",2025-09-25,53,1620.43681968433,0,480,2,0,"Bowden Reef (19-019)__BOW_19-019_42__2025-09-25","BREDNA1",2025-08-03,"AIMSeDNA26-01",1,12,0.583333333333333,12.1344815940833,"other_or_mixed","3x12 (3); 4x12 [6-12] (3)","Bowden Reef (19-019)__campaign_6"
"Bowden Reef (19-019)__BREDNA1__2022-05-22","Bowden Reef (19-019)","BOW_19-019_43",2022-10-13,144,1478.30858816495,7,304,1,0.0230263157894737,"Bowden Reef (19-019)__BOW_19-019_43__2022-10-13","BREDNA1",2022-05-22,"AIMSeDNA22-03",1,12,1,27.0422624421667,"3x12","3x12 (15)","Bowden Reef (19-019)__campaign_4"
"Bowden Reef (19-019)__BREDNA1__2025-08-03","Bowden Reef (19-019)","BOW_19-019_43",2025-10-15,73,1478.30858816495,0,344,2,0,"Bowden Reef (19-019)__BOW_19-019_43__2025-10-15","BREDNA1",2025-08-03,"AIMSeDNA26-01",1,12,0.583333333333333,12.1344815940833,"other_or_mixed","3x12 (3); 4x12 [6-12] (3)","Bowden Reef (19-019)__campaign_6"
"Bowden Reef (19-019)__BREDNA1__2022-05-22","Bowden Reef (19-019)","BOW_19-019_44",2022-10-13,144,1030.90877448633,14,276,1,0.0507246376811594,"Bowden Reef (19-019)__BOW_19-019_44__2022-10-13","BREDNA1",2022-05-22,"AIMSeDNA22-03",1,12,1,27.0422624421667,"3x12","3x12 (15)","Bowden Reef (19-019)__campaign_4"
"Bowden Reef (19-019)__BREDNA1__2025-08-03","Bowden Reef (19-019)","BOW_19-019_45",2025-10-15,73,1229.94695257998,4,365,2,0.010958904109589,"Bowden Reef (19-019)__BOW_19-019_45__2025-10-15","BREDNA1",2025-08-03,"AIMSeDNA26-01",1,12,0.583333333333333,12.1344815940833,"other_or_mixed","3x12 (3); 4x12 [6-12] (3)","Bowden Reef (19-019)__campaign_6"
"Bowden Reef (19-019)__BREDNA1__2022-05-22","Bowden Reef (19-019)","BOW_19-019_46",2022-10-14,145,733.168813079313,14,299,1,0.0468227424749164,"Bowden Reef (19-019)__BOW_19-019_46__2022-10-14","BREDNA1",2022-05-22,"AIMSeDNA22-03",1,12,1,27.0422624421667,"3x12","3x12 (15)","Bowden Reef (19-019)__campaign_4"
"Bowden Reef (19-019)__BREDNA1__2022-05-22","Bowden Reef (19-019)","BOW_19-019_49",2022-10-14,145,595.941056451593,2,66,1,0.0303030303030303,"Bowden Reef (19-019)__BOW_19-019_49__2022-10-14","BREDNA1",2022-05-22,"AIMSeDNA22-03",1,12,1,27.0422624421667,"3x12","3x12 (15)","Bowden Reef (19-019)__campaign_4"
"Bowden Reef (19-019)__BREDNA1__2022-05-22","Bowden Reef (19-019)","BOW_19-019_52",2022-10-13,144,467.039322624249,21,262,1,0.0801526717557252,"Bowden Reef (19-019)__BOW_19-019_52__2022-10-13","BREDNA1",2022-05-22,"AIMSeDNA22-03",1,12,1,27.0422624421667,"3x12","3x12 (15)","Bowden Reef (19-019)__campaign_4"
"Bowden Reef (19-019)__BREDNA1__2022-05-22","Bowden Reef (19-019)","BOW_19-019_53",2022-10-14,145,656.433740250658,24,371,1,0.0646900269541779,"Bowden Reef (19-019)__BOW_19-019_53__2022-10-14","BREDNA1",2022-05-22,"AIMSeDNA22-03",1,12,1,27.0422624421667,"3x12","3x12 (15)","Bowden Reef (19-019)__campaign_4"
"Bowden Reef (19-019)__BREDNA1__2025-08-03","Bowden Reef (19-019)","BOW_19-019_56",2025-12-06,125,1394.10654548267,0,176,1,0,"Bowden Reef (19-019)__BOW_19-019_56__2025-12-06","BREDNA1",2025-08-03,"AIMSeDNA26-01",1,12,0.583333333333333,12.1344815940833,"other_or_mixed","3x12 (3); 4x12 [6-12] (3)","Bowden Reef (19-019)__campaign_6"
"Bowden Reef (19-019)__BREDNA1__2022-05-22","Bowden Reef (19-019)","BOW_19-019_57",2022-10-13,144,817.061004189833,26,308,1,0.0844155844155844,"Bowden Reef (19-019)__BOW_19-019_57__2022-10-13","BREDNA1",2022-05-22,"AIMSeDNA22-03",1,12,1,27.0422624421667,"3x12","3x12 (15)","Bowden Reef (19-019)__campaign_4"
"Bowden Reef (19-019)__BREDNA3__2022-05-22","Bowden Reef (19-019)","BOW_19-019_60",2022-10-12,143,355.022665350365,0,593,1,0,"Bowden Reef (19-019)__BOW_19-019_60__2022-10-12","BREDNA3",2022-05-22,"AIMSeDNA22-03",1,12,0.916666666666667,24.1923381108333,"3x12","3x12 (15)","Bowden Reef (19-019)__campaign_4"
"Bowden Reef (19-019)__BREDNA3__2022-05-22","Bowden Reef (19-019)","BOW_19-019_61",2022-10-16,147,271.598328720614,1,236,1,0.00423728813559322,"Bowden Reef (19-019)__BOW_19-019_61__2022-10-16","BREDNA3",2022-05-22,"AIMSeDNA22-03",1,12,0.916666666666667,24.1923381108333,"3x12","3x12 (15)","Bowden Reef (19-019)__campaign_4"
"Bowden Reef (19-019)__BREDNA2__2022-05-22","Bowden Reef (19-019)","BOW_19-019_62",2022-10-16,147,220.068845771681,3,265,1,0.0113207547169811,"Bowden Reef (19-019)__BOW_19-019_62__2022-10-16","BREDNA2",2022-05-22,"AIMSeDNA22-03",1,12,1,225.808232283333,"3x12","3x12 (15)","Bowden Reef (19-019)__campaign_4"
"Bowden Reef (19-019)__BREDNA2__2022-05-22","Bowden Reef (19-019)","BOW_19-019_64",2022-10-16,147,355.19764278199,9,364,1,0.0247252747252747,"Bowden Reef (19-019)__BOW_19-019_64__2022-10-16","BREDNA2",2022-05-22,"AIMSeDNA22-03",1,12,1,225.808232283333,"3x12","3x12 (15)","Bowden Reef (19-019)__campaign_4"
"Bowden Reef (19-019)__BREDNA1__2022-05-22","Bowden Reef (19-019)","BOW_19-019_65",2022-10-14,145,1167.52479788237,8,244,1,0.0327868852459016,"Bowden Reef (19-019)__BOW_19-019_65__2022-10-14","BREDNA1",2022-05-22,"AIMSeDNA22-03",1,12,1,27.0422624421667,"3x12","3x12 (15)","Bowden Reef (19-019)__campaign_4"
"Bowden Reef (19-019)__BREDNA1__2025-08-03","Bowden Reef (19-019)","BOW_19-019_65",2025-12-06,125,1167.52479788237,0,240,1,0,"Bowden Reef (19-019)__BOW_19-019_65__2025-12-06","BREDNA1",2025-08-03,"AIMSeDNA26-01",1,12,0.583333333333333,12.1344815940833,"other_or_mixed","3x12 (3); 4x12 [6-12] (3)","Bowden Reef (19-019)__campaign_6"
"Bowden Reef (19-019)__BREDNA3__2022-05-22","Bowden Reef (19-019)","BOW_19-019_67",2022-10-13,144,1218.66159012643,7,252,1,0.0277777777777778,"Bowden Reef (19-019)__BOW_19-019_67__2022-10-13","BREDNA3",2022-05-22,"AIMSeDNA22-03",1,12,0.916666666666667,24.1923381108333,"3x12","3x12 (15)","Bowden Reef (19-019)__campaign_4"
"Bowden Reef (19-019)__BREDNA1__2022-05-22","Bowden Reef (19-019)","BOW_19-019_68",2022-10-15,146,850.525986120774,20,316,1,0.0632911392405063,"Bowden Reef (19-019)__BOW_19-019_68__2022-10-15","BREDNA1",2022-05-22,"AIMSeDNA22-03",1,12,1,27.0422624421667,"3x12","3x12 (15)","Bowden Reef (19-019)__campaign_4"
"Bowden Reef (19-019)__BREDNA2__2022-05-22","Bowden Reef (19-019)","BOW_19-019_69",2022-10-16,147,580.208995913708,10,260,1,0.0384615384615385,"Bowden Reef (19-019)__BOW_19-019_69__2022-10-16","BREDNA2",2022-05-22,"AIMSeDNA22-03",1,12,1,225.808232283333,"3x12","3x12 (15)","Bowden Reef (19-019)__campaign_4"
"Bowden Reef (19-019)__BREDNA1__2022-05-22","Bowden Reef (19-019)","BOW_19-019_71",2022-10-15,146,1134.74539257679,5,312,1,0.016025641025641,"Bowden Reef (19-019)__BOW_19-019_71__2022-10-15","BREDNA1",2022-05-22,"AIMSeDNA22-03",1,12,1,27.0422624421667,"3x12","3x12 (15)","Bowden Reef (19-019)__campaign_4"
"Bowden Reef (19-019)__BREDNA1__2025-08-03","Bowden Reef (19-019)","BOW_19-019_73",2025-12-06,125,692.018337948337,8,228,1,0.0350877192982456,"Bowden Reef (19-019)__BOW_19-019_73__2025-12-06","BREDNA1",2025-08-03,"AIMSeDNA26-01",1,12,0.583333333333333,12.1344815940833,"other_or_mixed","3x12 (3); 4x12 [6-12] (3)","Bowden Reef (19-019)__campaign_6"
"Bowden Reef (19-019)__BREDNA3__2022-05-22","Bowden Reef (19-019)","BOW_19-019_81",2022-10-13,144,801.3808240142,5,246,1,0.0203252032520325,"Bowden Reef (19-019)__BOW_19-019_81__2022-10-13","BREDNA3",2022-05-22,"AIMSeDNA22-03",1,12,0.916666666666667,24.1923381108333,"3x12","3x12 (15)","Bowden Reef (19-019)__campaign_4"
"Bowden Reef (19-019)__BREDNA1__2025-08-03","Bowden Reef (19-019)","BOW_19-019_83",2025-10-16,74,279.452196698509,1,252,2,0.00396825396825397,"Bowden Reef (19-019)__BOW_19-019_83__2025-10-16","BREDNA1",2025-08-03,"AIMSeDNA26-01",1,12,0.583333333333333,12.1344815940833,"other_or_mixed","3x12 (3); 4x12 [6-12] (3)","Bowden Reef (19-019)__campaign_6"
"Bowden Reef (19-019)__BREDNA3__2022-05-22","Bowden Reef (19-019)","BOW_19-019_84",2022-10-13,144,502.280438847718,6,236,1,0.0254237288135593,"Bowden Reef (19-019)__BOW_19-019_84__2022-10-13","BREDNA3",2022-05-22,"AIMSeDNA22-03",1,12,0.916666666666667,24.1923381108333,"3x12","3x12 (15)","Bowden Reef (19-019)__campaign_4"
"Bowden Reef (19-019)__BREDNA1__2022-05-22","Bowden Reef (19-019)","BOW_19-019_87",2022-10-15,146,285.44492372777,16,244,1,0.0655737704918033,"Bowden Reef (19-019)__BOW_19-019_87__2022-10-15","BREDNA1",2022-05-22,"AIMSeDNA22-03",1,12,1,27.0422624421667,"3x12","3x12 (15)","Bowden Reef (19-019)__campaign_4"
"Bowden Reef (19-019)__BREDNA3__2022-05-22","Bowden Reef (19-019)","BOW_19-019_88",2022-10-17,148,625.629989068819,3,244,1,0.0122950819672131,"Bowden Reef (19-019)__BOW_19-019_88__2022-10-17","BREDNA3",2022-05-22,"AIMSeDNA22-03",1,12,0.916666666666667,24.1923381108333,"3x12","3x12 (15)","Bowden Reef (19-019)__campaign_4"
"Bowden Reef (19-019)__BREDNA1__2022-05-22","Bowden Reef (19-019)","BOW_19-019_89",2022-10-14,145,881.068096316688,15,260,1,0.0576923076923077,"Bowden Reef (19-019)__BOW_19-019_89__2022-10-14","BREDNA1",2022-05-22,"AIMSeDNA22-03",1,12,1,27.0422624421667,"3x12","3x12 (15)","Bowden Reef (19-019)__campaign_4"
"Bowden Reef (19-019)__BREDNA1__2022-05-22","Bowden Reef (19-019)","BOW_19-019_90",2022-10-14,145,210.922258743483,9,236,1,0.038135593220339,"Bowden Reef (19-019)__BOW_19-019_90__2022-10-14","BREDNA1",2022-05-22,"AIMSeDNA22-03",1,12,1,27.0422624421667,"3x12","3x12 (15)","Bowden Reef (19-019)__campaign_4"
"Bowden Reef (19-019)__BREDNA1__2022-05-22","Bowden Reef (19-019)","BOW_19-019_92",2022-10-15,146,731.712540783794,4,232,1,0.0172413793103448,"Bowden Reef (19-019)__BOW_19-019_92__2022-10-15","BREDNA1",2022-05-22,"AIMSeDNA22-03",1,12,1,27.0422624421667,"3x12","3x12 (15)","Bowden Reef (19-019)__campaign_4"
"Bowden Reef (19-019)__BREDNA2__2022-05-22","Bowden Reef (19-019)","BOW_19-019_94",2022-10-17,148,512.121079604403,4,156,1,0.0256410256410256,"Bowden Reef (19-019)__BOW_19-019_94__2022-10-17","BREDNA2",2022-05-22,"AIMSeDNA22-03",1,12,1,225.808232283333,"3x12","3x12 (15)","Bowden Reef (19-019)__campaign_4"
"Bowden Reef (19-019)__BREDNA1__2022-05-22","Bowden Reef (19-019)","BOW_19-019_97",2022-10-16,147,609.6236771899,26,616,1,0.0422077922077922,"Bowden Reef (19-019)__BOW_19-019_97__2022-10-16","BREDNA1",2022-05-22,"AIMSeDNA22-03",1,12,1,27.0422624421667,"3x12","3x12 (15)","Bowden Reef (19-019)__campaign_4"
"Bushy-Redbill Reef (20-310)__BRBeDNA2__2025-08-23","Bushy-Redbill Reef (20-310)","BUS_20-310_19",2025-09-11,19,132.351317562357,76,320,1,0.2375,"Bushy-Redbill Reef (20-310)__BUS_20-310_19__2025-09-11","BRBeDNA2",2025-08-23,"45",1,6,1,85.46489011,"4x6","4x6 (3)","Bushy-Redbill Reef (20-310)__campaign_1"
"Bushy-Redbill Reef (20-310)__BRBeDNA1__2025-08-23","Bushy-Redbill Reef (20-310)","BUS_20-310_1",2025-08-23,0,795.557940584239,92,309,1,0.297734627831715,"Bushy-Redbill Reef (20-310)__BUS_20-310_1__2025-08-23","BRBeDNA1",2025-08-23,"45",1,6,1,72.2612811383333,"4x6","4x6 (3)","Bushy-Redbill Reef (20-310)__campaign_1"
"Bushy-Redbill Reef (20-310)__BRBeDNA1__2025-08-23","Bushy-Redbill Reef (20-310)","BUS_20-310_20",2025-08-24,1,472.306930173532,72,355,1,0.202816901408451,"Bushy-Redbill Reef (20-310)__BUS_20-310_20__2025-08-24","BRBeDNA1",2025-08-23,"45",1,6,1,72.2612811383333,"4x6","4x6 (3)","Bushy-Redbill Reef (20-310)__campaign_1"
"Bushy-Redbill Reef (20-310)__BRBeDNA1__2025-08-23","Bushy-Redbill Reef (20-310)","BUS_20-310_21",2025-08-23,0,139.895695713331,97,345,1,0.281159420289855,"Bushy-Redbill Reef (20-310)__BUS_20-310_21__2025-08-23","BRBeDNA1",2025-08-23,"45",1,6,1,72.2612811383333,"4x6","4x6 (3)","Bushy-Redbill Reef (20-310)__campaign_1"
"Bushy-Redbill Reef (20-310)__BRBeDNA1__2025-08-23","Bushy-Redbill Reef (20-310)","BUS_20-310_22",2025-08-24,1,375.017841446376,49,250,1,0.196,"Bushy-Redbill Reef (20-310)__BUS_20-310_22__2025-08-24","BRBeDNA1",2025-08-23,"45",1,6,1,72.2612811383333,"4x6","4x6 (3)","Bushy-Redbill Reef (20-310)__campaign_1"
"Darley Reef (19-043)__DAR_CCIPD02_4__2023-03-29","Darley Reef (19-043)","DAR_19-043_58",2023-03-29,0,117.063672446832,0,490,14,0,"Darley Reef (19-043)__DAR_19-043_58__2023-03-29","DAR_CCIPD02_4",2023-03-29,"FMPCR 2023-03",1,12,0,0,"other_or_mixed","1x12 (2); 2x12 (3); 4x12 (2)","Darley Reef (19-043)__campaign_1"
"Darley Reef (19-043)__DAR_CCIPD02_3__2023-03-29","Darley Reef (19-043)","DAR_19-043_62",2023-03-29,0,126.260062781217,10,483,14,0.020703933747412,"Darley Reef (19-043)__DAR_19-043_62__2023-03-29","DAR_CCIPD02_3",2023-03-29,"FMPCR 2023-03",1,12,0.583333333333333,15.5824670824167,"other_or_mixed","1x12 (2); 2x12 (3); 4x12 (2)","Darley Reef (19-043)__campaign_1"
"Darley Reef (19-043)__DAR_CCIPD02_1__2023-03-28","Darley Reef (19-043)","DAR_19-043_91",2023-03-28,0,255.535351370583,0,303,7,0,"Darley Reef (19-043)__DAR_19-043_91__2023-03-28","DAR_CCIPD02_1",2023-03-28,"FMPCR 2023-03",1,12,0.916666666666667,19.3241434419167,"other_or_mixed","1x12 (2); 2x12 (3); 4x12 (2)","Darley Reef (19-043)__campaign_1"
"Darley Reef (19-043)__DAR_CCIPD02_2__2023-03-28","Darley Reef (19-043)","DAR_19-043_98",2023-03-28,0,143.806146886717,14,526,14,0.026615969581749,"Darley Reef (19-043)__DAR_19-043_98__2023-03-28","DAR_CCIPD02_2",2023-03-28,"FMPCR 2023-03",1,12,0.416666666666667,7.90331046425,"other_or_mixed","1x12 (2); 2x12 (3); 4x12 (2)","Darley Reef (19-043)__campaign_1"
"Davies Reef (18-096)__DREDNA3__2022-12-27","Davies Reef (18-096)","DAV_18-096_10",2023-01-22,26,1262.00595245702,1,240,1,0.00416666666666667,"Davies Reef (18-096)__DAV_18-096_10__2023-01-22","DREDNA3",2022-12-27,"AIMSeDNA23-02",1,12,1,24.8756837568333,"3x12","3x12 (1)","Davies Reef (18-096)__campaign_5"
"Davies Reef (18-096)__DREDNA3__2022-12-27","Davies Reef (18-096)","DAV_18-096_11",2023-01-23,27,1521.59382492085,3,264,1,0.0113636363636364,"Davies Reef (18-096)__DAV_18-096_11__2023-01-23","DREDNA3",2022-12-27,"AIMSeDNA23-02",1,12,1,24.8756837568333,"3x12","3x12 (1)","Davies Reef (18-096)__campaign_5"
"Davies Reef (18-096)__DREDNA3__2024-01-04","Davies Reef (18-096)","DAV_18-096_11",2024-03-18,74,1521.59382492085,1,180,1,0.00555555555555556,"Davies Reef (18-096)__DAV_18-096_11__2024-03-18","DREDNA3",2024-01-04,"AIMSeDNA24-02",1,12,1,540.015063816667,"3x12","3x12 (5)","Davies Reef (18-096)__campaign_8"
"Davies Reef (18-096)__DREDNA2__2019-05-13","Davies Reef (18-096)","DAV_18-096_12",2019-08-18,97,1580.96162472114,4,560,2,0.00714285714285714,"Davies Reef (18-096)__DAV_18-096_12__2019-08-18","DREDNA2",2019-05-13,"AIMSeDNA19-01",1,10,0.9,135.770020964,"other_or_mixed","1x9 (1); 2x30 (1); 2x40 [39-40] (1); 2x9 [8-10] (1)","Davies Reef (18-096)__campaign_1"
"Davies Reef (18-096)__DREDNA2__2022-12-27","Davies Reef (18-096)","DAV_18-096_12",2023-01-23,27,1580.96162472114,13,228,1,0.0570175438596491,"Davies Reef (18-096)__DAV_18-096_12__2023-01-23","DREDNA2",2022-12-27,"AIMSeDNA23-02",1,12,1,109.747079565,"3x12","3x12 (1)","Davies Reef (18-096)__campaign_5"
"Davies Reef (18-096)__DREDNA2__2024-01-04","Davies Reef (18-096)","DAV_18-096_12",2024-03-03,59,1580.96162472114,0,135,1,0,"Davies Reef (18-096)__DAV_18-096_12__2024-03-03","DREDNA2",2024-01-04,"AIMSeDNA24-02",1,12,1,126.924150258333,"3x12","3x12 (5)","Davies Reef (18-096)__campaign_8"
"Davies Reef (18-096)__DREDNA2__2022-12-27","Davies Reef (18-096)","DAV_18-096_13",2023-01-23,27,1706.05109459155,5,244,1,0.0204918032786885,"Davies Reef (18-096)__DAV_18-096_13__2023-01-23","DREDNA2",2022-12-27,"AIMSeDNA23-02",1,12,1,109.747079565,"3x12","3x12 (1)","Davies Reef (18-096)__campaign_5"
"Davies Reef (18-096)__DR_CCIPD02_1__2023-03-25","Davies Reef (18-096)","DAV_18-096_13",2023-06-26,93,1605.92285522808,24,213,2,0.112676056338028,"Davies Reef (18-096)__DAV_18-096_13__2023-06-26","DR_CCIPD02_1",2023-03-25,"FMPCR 2023-03",1,12,1,23.3185734583333,"other_or_mixed","1x12 (2); 2x12 (3); 4x12 (2)","Davies Reef (18-096)__campaign_6"
"Davies Reef (18-096)__DREDNA2__2023-07-08","Davies Reef (18-096)","DAV_18-096_13",2023-08-15,38,1706.05109459155,10,270,2,0.037037037037037,"Davies Reef (18-096)__DAV_18-096_13__2023-08-15","DREDNA2",2023-07-08,"AIMSeDNA23-03",1,12,1,87.1681166341667,"3x12","3x12 (21)","Davies Reef (18-096)__campaign_7"
"Davies Reef (18-096)__DREDNA2__2024-08-19","Davies Reef (18-096)","DAV_18-096_13",2024-10-20,62,1706.05109459155,3,300,2,0.01,"Davies Reef (18-096)__DAV_18-096_13__2024-10-20","DREDNA2",2024-08-19,"AIMSeDNA25-01",1,12,1,70.045973085,"3x12","3x12 (1)","Davies Reef (18-096)__campaign_9"
"Davies Reef (18-096)__DREDNA2__2022-05-22","Davies Reef (18-096)","DAV_18-096_14",2022-06-13,22,1892.0276699546,59,760,2,0.0776315789473684,"Davies Reef (18-096)__DAV_18-096_14__2022-06-13","DREDNA2",2022-05-22,"AIMSeDNA22-03",1,12,1,113.204214711667,"3x12","3x12 (15)","Davies Reef (18-096)__campaign_4"
"Davies Reef (18-096)__DREDNA2__2022-12-27","Davies Reef (18-096)","DAV_18-096_14",2023-01-23,27,1892.0276699546,16,276,1,0.0579710144927536,"Davies Reef (18-096)__DAV_18-096_14__2023-01-23","DREDNA2",2022-12-27,"AIMSeDNA23-02",1,12,1,109.747079565,"3x12","3x12 (1)","Davies Reef (18-096)__campaign_5"
"Davies Reef (18-096)__DR_CCIPD02_1__2023-03-25","Davies Reef (18-096)","DAV_18-096_14",2023-06-26,93,1656.66217376069,104,524,4,0.198473282442748,"Davies Reef (18-096)__DAV_18-096_14__2023-06-26","DR_CCIPD02_1",2023-03-25,"FMPCR 2023-03",1,12,1,23.3185734583333,"other_or_mixed","1x12 (2); 2x12 (3); 4x12 (2)","Davies Reef (18-096)__campaign_6"
"Davies Reef (18-096)__DREDNA2__2023-07-08","Davies Reef (18-096)","DAV_18-096_14",2023-08-15,38,1892.0276699546,20,309,2,0.0647249190938511,"Davies Reef (18-096)__DAV_18-096_14__2023-08-15","DREDNA2",2023-07-08,"AIMSeDNA23-03",1,12,1,87.1681166341667,"3x12","3x12 (21)","Davies Reef (18-096)__campaign_7"
"Davies Reef (18-096)__DREDNA2__2024-01-04","Davies Reef (18-096)","DAV_18-096_14",2024-03-03,59,1892.0276699546,0,90,1,0,"Davies Reef (18-096)__DAV_18-096_14__2024-03-03","DREDNA2",2024-01-04,"AIMSeDNA24-02",1,12,1,126.924150258333,"3x12","3x12 (5)","Davies Reef (18-096)__campaign_8"
"Davies Reef (18-096)__DREDNA2__2024-08-19","Davies Reef (18-096)","DAV_18-096_14",2024-10-05,47,1892.0276699546,6,400,2,0.015,"Davies Reef (18-096)__DAV_18-096_14__2024-10-05","DREDNA2",2024-08-19,"AIMSeDNA25-01",1,12,1,70.045973085,"3x12","3x12 (1)","Davies Reef (18-096)__campaign_9"
"Davies Reef (18-096)__DREDNA2__2022-12-27","Davies Reef (18-096)","DAV_18-096_15",2023-01-23,27,1746.38386747783,19,520,1,0.0365384615384615,"Davies Reef (18-096)__DAV_18-096_15__2023-01-23","DREDNA2",2022-12-27,"AIMSeDNA23-02",1,12,1,109.747079565,"3x12","3x12 (1)","Davies Reef (18-096)__campaign_5"
"Davies Reef (18-096)__DREDNA2__2023-07-08","Davies Reef (18-096)","DAV_18-096_15",2023-12-02,147,1746.38386747783,27,351,2,0.0769230769230769,"Davies Reef (18-096)__DAV_18-096_15__2023-12-02","DREDNA2",2023-07-08,"AIMSeDNA23-03",1,12,1,87.1681166341667,"3x12","3x12 (21)","Davies Reef (18-096)__campaign_7"
"Davies Reef (18-096)__DREDNA2__2024-01-04","Davies Reef (18-096)","DAV_18-096_15",2024-01-31,27,1746.38386747783,37,736,4,0.0502717391304348,"Davies Reef (18-096)__DAV_18-096_15__2024-01-31","DREDNA2",2024-01-04,"AIMSeDNA24-02",1,12,1,126.924150258333,"3x12","3x12 (5)","Davies Reef (18-096)__campaign_8"
"Davies Reef (18-096)__DREDNA2__2024-08-19","Davies Reef (18-096)","DAV_18-096_15",2024-10-05,47,1746.38386747783,14,460,2,0.0304347826086957,"Davies Reef (18-096)__DAV_18-096_15__2024-10-05","DREDNA2",2024-08-19,"AIMSeDNA25-01",1,12,1,70.045973085,"3x12","3x12 (1)","Davies Reef (18-096)__campaign_9"
"Davies Reef (18-096)__DREDNA2__2019-05-13","Davies Reef (18-096)","DAV_18-096_16",2019-08-20,99,1296.72750174851,37,760,2,0.0486842105263158,"Davies Reef (18-096)__DAV_18-096_16__2019-08-20","DREDNA2",2019-05-13,"AIMSeDNA19-01",1,10,0.9,135.770020964,"other_or_mixed","1x9 (1); 2x30 (1); 2x40 [39-40] (1); 2x9 [8-10] (1)","Davies Reef (18-096)__campaign_1"
"Davies Reef (18-096)__DREDNA2__2020-05-17","Davies Reef (18-096)","DAV_18-096_16",2020-09-22,128,1296.72750174851,14,300,1,0.0466666666666667,"Davies Reef (18-096)__DAV_18-096_16__2020-09-22","DREDNA2",2020-05-17,"AIMSeDNA20-02",1,16,1,94.59375,"other_or_mixed","2x15 (1); 2x30 (1); 2x30 [29-31] (1); 2x30 [30-31] (1)","Davies Reef (18-096)__campaign_2"
"Davies Reef (18-096)__DREDNA2__2021-05-24","Davies Reef (18-096)","DAV_18-096_16",2021-05-31,7,1296.72750174851,29,447,2,0.0648769574944072,"Davies Reef (18-096)__DAV_18-096_16__2021-05-31","DREDNA2",2021-05-24,"AIMSeDNA21-02",1,12,1,143.375098443333,"3x12","3x12 (13); 3x12 [11-12] (1)","Davies Reef (18-096)__campaign_3"
"Davies Reef (18-096)__DREDNA2__2023-07-08","Davies Reef (18-096)","DAV_18-096_16",2023-12-02,147,1296.72750174851,7,420,2,0.0166666666666667,"Davies Reef (18-096)__DAV_18-096_16__2023-12-02","DREDNA2",2023-07-08,"AIMSeDNA23-03",1,12,1,87.1681166341667,"3x12","3x12 (21)","Davies Reef (18-096)__campaign_7"
"Davies Reef (18-096)__DREDNA2__2024-08-19","Davies Reef (18-096)","DAV_18-096_16",2024-10-20,62,1296.72750174851,4,200,1,0.02,"Davies Reef (18-096)__DAV_18-096_16__2024-10-20","DREDNA2",2024-08-19,"AIMSeDNA25-01",1,12,1,70.045973085,"3x12","3x12 (1)","Davies Reef (18-096)__campaign_9"
"Davies Reef (18-096)__DREDNA2__2019-05-13","Davies Reef (18-096)","DAV_18-096_17",2019-08-05,84,850.145548621137,39,480,2,0.08125,"Davies Reef (18-096)__DAV_18-096_17__2019-08-05","DREDNA2",2019-05-13,"AIMSeDNA19-01",1,10,0.9,135.770020964,"other_or_mixed","1x9 (1); 2x30 (1); 2x40 [39-40] (1); 2x9 [8-10] (1)","Davies Reef (18-096)__campaign_1"
"Davies Reef (18-096)__DREDNA2__2021-05-24","Davies Reef (18-096)","DAV_18-096_17",2021-05-30,6,850.145548621137,49,480,2,0.102083333333333,"Davies Reef (18-096)__DAV_18-096_17__2021-05-30","DREDNA2",2021-05-24,"AIMSeDNA21-02",1,12,1,143.375098443333,"3x12","3x12 (13); 3x12 [11-12] (1)","Davies Reef (18-096)__campaign_3"
"Davies Reef (18-096)__DREDNA2__2024-01-04","Davies Reef (18-096)","DAV_18-096_17",2024-02-17,44,850.145548621137,11,525,4,0.020952380952381,"Davies Reef (18-096)__DAV_18-096_17__2024-02-17","DREDNA2",2024-01-04,"AIMSeDNA24-02",1,12,1,126.924150258333,"3x12","3x12 (5)","Davies Reef (18-096)__campaign_8"
"Davies Reef (18-096)__DREDNA2__2024-08-19","Davies Reef (18-096)","DAV_18-096_17",2024-10-20,62,850.145548621137,2,220,1,0.00909090909090909,"Davies Reef (18-096)__DAV_18-096_17__2024-10-20","DREDNA2",2024-08-19,"AIMSeDNA25-01",1,12,1,70.045973085,"3x12","3x12 (1)","Davies Reef (18-096)__campaign_9"
"Davies Reef (18-096)__DREDNA2__2019-05-13","Davies Reef (18-096)","DAV_18-096_18",2019-08-05,84,428.520127099364,39,480,2,0.08125,"Davies Reef (18-096)__DAV_18-096_18__2019-08-05","DREDNA2",2019-05-13,"AIMSeDNA19-01",1,10,0.9,135.770020964,"other_or_mixed","1x9 (1); 2x30 (1); 2x40 [39-40] (1); 2x9 [8-10] (1)","Davies Reef (18-096)__campaign_1"
"Davies Reef (18-096)__DREDNA2__2021-05-24","Davies Reef (18-096)","DAV_18-096_18",2021-05-30,6,428.520127099364,204,480,2,0.425,"Davies Reef (18-096)__DAV_18-096_18__2021-05-30","DREDNA2",2021-05-24,"AIMSeDNA21-02",1,12,1,143.375098443333,"3x12","3x12 (13); 3x12 [11-12] (1)","Davies Reef (18-096)__campaign_3"
"Davies Reef (18-096)__DREDNA2__2022-05-22","Davies Reef (18-096)","DAV_18-096_18",2022-06-24,33,428.520127099364,72,300,2,0.24,"Davies Reef (18-096)__DAV_18-096_18__2022-06-24","DREDNA2",2022-05-22,"AIMSeDNA22-03",1,12,1,113.204214711667,"3x12","3x12 (15)","Davies Reef (18-096)__campaign_4"
"Davies Reef (18-096)__DREDNA2__2022-12-27","Davies Reef (18-096)","DAV_18-096_18",2023-01-24,28,428.520127099364,28,456,1,0.0614035087719298,"Davies Reef (18-096)__DAV_18-096_18__2023-01-24","DREDNA2",2022-12-27,"AIMSeDNA23-02",1,12,1,109.747079565,"3x12","3x12 (1)","Davies Reef (18-096)__campaign_5"
"Davies Reef (18-096)__DR_CCIPD02_1__2023-03-25","Davies Reef (18-096)","DAV_18-096_18",2023-03-25,0,10.6761246645865,60,505,14,0.118811881188119,"Davies Reef (18-096)__DAV_18-096_18__2023-03-25","DR_CCIPD02_1",2023-03-25,"FMPCR 2023-03",1,12,1,23.3185734583333,"other_or_mixed","1x12 (2); 2x12 (3); 4x12 (2)","Davies Reef (18-096)__campaign_6"
"Davies Reef (18-096)__DREDNA2__2023-07-08","Davies Reef (18-096)","DAV_18-096_18",2023-07-20,12,428.520127099364,20,321,2,0.0623052959501558,"Davies Reef (18-096)__DAV_18-096_18__2023-07-20","DREDNA2",2023-07-08,"AIMSeDNA23-03",1,12,1,87.1681166341667,"3x12","3x12 (21)","Davies Reef (18-096)__campaign_7"
"Davies Reef (18-096)__DREDNA2__2024-01-04","Davies Reef (18-096)","DAV_18-096_18",2024-01-13,9,428.520127099364,25,380,2,0.0657894736842105,"Davies Reef (18-096)__DAV_18-096_18__2024-01-13","DREDNA2",2024-01-04,"AIMSeDNA24-02",1,12,1,126.924150258333,"3x12","3x12 (5)","Davies Reef (18-096)__campaign_8"
"Davies Reef (18-096)__DREDNA2__2024-08-19","Davies Reef (18-096)","DAV_18-096_18",2024-09-18,30,428.520127099364,9,420,2,0.0214285714285714,"Davies Reef (18-096)__DAV_18-096_18__2024-09-18","DREDNA2",2024-08-19,"AIMSeDNA25-01",1,12,1,70.045973085,"3x12","3x12 (1)","Davies Reef (18-096)__campaign_9"
"Davies Reef (18-096)__DREDNA2__2024-12-21","Davies Reef (18-096)","DAV_18-096_18",2025-02-09,50,428.522790824021,34,1047,5,0.0324737344794651,"Davies Reef (18-096)__DAV_18-096_18__2025-02-09","DREDNA2",2024-12-21,"AIMSeDNA25-03",1,12,1,80.8660435024649,"other_or_mixed","3x12 (1); 4x6 (3)","Davies Reef (18-096)__campaign_10"
"Davies Reef (18-096)__DREDNA2__2025-08-03","Davies Reef (18-096)","DAV_18-096_18",2025-08-10,7,428.520127099364,25,820,4,0.0304878048780488,"Davies Reef (18-096)__DAV_18-096_18__2025-08-10","DREDNA2",2025-08-03,"AIMSeDNA26-01",1,12,1,86.9927967999167,"other_or_mixed","3x12 (3); 4x12 [6-12] (3)","Davies Reef (18-096)__campaign_11"
"Davies Reef (18-096)__DREDNA1__2019-05-13","Davies Reef (18-096)","DAV_18-096_19",2019-08-01,80,447.820648214293,176,960,4,0.183333333333333,"Davies Reef (18-096)__DAV_18-096_19__2019-08-01","DREDNA1",2019-05-13,"AIMSeDNA19-01",1,10,1,108.777798986,"other_or_mixed","1x9 (1); 2x30 (1); 2x40 [39-40] (1); 2x9 [8-10] (1)","Davies Reef (18-096)__campaign_1"
"Davies Reef (18-096)__DREDNA1__2020-05-17","Davies Reef (18-096)","DAV_18-096_19",2020-09-22,128,447.820648214293,81,300,1,0.27,"Davies Reef (18-096)__DAV_18-096_19__2020-09-22","DREDNA1",2020-05-17,"AIMSeDNA20-02",1,15,1,39.3,"other_or_mixed","2x15 (1); 2x30 (1); 2x30 [29-31] (1); 2x30 [30-31] (1)","Davies Reef (18-096)__campaign_2"
"Davies Reef (18-096)__DREDNA1__2021-05-24","Davies Reef (18-096)","DAV_18-096_19",2021-08-23,91,447.820648214293,55,450,2,0.122222222222222,"Davies Reef (18-096)__DAV_18-096_19__2021-08-23","DREDNA1",2021-05-24,"AIMSeDNA21-02",1,12,1,135.47066241,"3x12","3x12 (13); 3x12 [11-12] (1)","Davies Reef (18-096)__campaign_3"
"Davies Reef (18-096)__DREDNA1__2022-05-22","Davies Reef (18-096)","DAV_18-096_19",2022-06-25,34,447.820648214293,41,300,2,0.136666666666667,"Davies Reef (18-096)__DAV_18-096_19__2022-06-25","DREDNA1",2022-05-22,"AIMSeDNA22-03",1,12,0.916666666666667,23.4964885270833,"3x12","3x12 (15)","Davies Reef (18-096)__campaign_4"
"Davies Reef (18-096)__DREDNA1__2022-12-27","Davies Reef (18-096)","DAV_18-096_19",2023-01-24,28,447.820648214293,24,516,1,0.0465116279069767,"Davies Reef (18-096)__DAV_18-096_19__2023-01-24","DREDNA1",2022-12-27,"AIMSeDNA23-02",1,12,0.833333333333333,41.1098120918182,"3x12","3x12 (1)","Davies Reef (18-096)__campaign_5"
"Davies Reef (18-096)__DR_CCIPD02_1__2023-03-25","Davies Reef (18-096)","DAV_18-096_19",2023-05-22,58,453.513819767062,25,239,2,0.104602510460251,"Davies Reef (18-096)__DAV_18-096_19__2023-05-22","DR_CCIPD02_1",2023-03-25,"FMPCR 2023-03",1,12,1,23.3185734583333,"other_or_mixed","1x12 (2); 2x12 (3); 4x12 (2)","Davies Reef (18-096)__campaign_6"
"Davies Reef (18-096)__DREDNA1__2023-07-08","Davies Reef (18-096)","DAV_18-096_19",2023-07-19,11,447.820648214293,2,369,2,0.00542005420054201,"Davies Reef (18-096)__DAV_18-096_19__2023-07-19","DREDNA1",2023-07-08,"AIMSeDNA23-03",1,12,1,66.3241331964167,"3x12","3x12 (21)","Davies Reef (18-096)__campaign_7"
"Davies Reef (18-096)__DREDNA1__2024-01-04","Davies Reef (18-096)","DAV_18-096_19",2024-03-17,73,447.820648214293,17,651,4,0.0261136712749616,"Davies Reef (18-096)__DAV_18-096_19__2024-03-17","DREDNA1",2024-01-04,"AIMSeDNA24-02",1,12,1,846.272666758333,"3x12","3x12 (5)","Davies Reef (18-096)__campaign_8"
"Davies Reef (18-096)__DREDNA1__2024-08-19","Davies Reef (18-096)","DAV_18-096_19",2024-08-30,11,447.820648214293,16,824,4,0.0194174757281553,"Davies Reef (18-096)__DAV_18-096_19__2024-08-30","DREDNA1",2024-08-19,"AIMSeDNA25-01",1,12,1,83.7449689866667,"3x12","3x12 (1)","Davies Reef (18-096)__campaign_9"
"Davies Reef (18-096)__DREDNA1__2024-12-21","Davies Reef (18-096)","DAV_18-096_19",2025-02-09,50,447.820292527622,13,700,3,0.0185714285714286,"Davies Reef (18-096)__DAV_18-096_19__2025-02-09","DREDNA1",2024-12-21,"AIMSeDNA25-03",1,12,1,51.3802689034492,"other_or_mixed","3x12 (1); 4x6 (3)","Davies Reef (18-096)__campaign_10"
"Davies Reef (18-096)__DREDNA1__2025-08-03","Davies Reef (18-096)","DAV_18-096_19",2025-08-09,6,447.820648214293,36,960,4,0.0375,"Davies Reef (18-096)__DAV_18-096_19__2025-08-09","DREDNA1",2025-08-03,"AIMSeDNA26-01",1,12,1,143.0036295275,"other_or_mixed","3x12 (3); 4x12 [6-12] (3)","Davies Reef (18-096)__campaign_11"
"Davies Reef (18-096)__DREDNA1__2019-05-13","Davies Reef (18-096)","DAV_18-096_20",2019-08-07,86,281.764892852788,4,720,3,0.00555555555555556,"Davies Reef (18-096)__DAV_18-096_20__2019-08-07","DREDNA1",2019-05-13,"AIMSeDNA19-01",1,10,1,108.777798986,"other_or_mixed","1x9 (1); 2x30 (1); 2x40 [39-40] (1); 2x9 [8-10] (1)","Davies Reef (18-096)__campaign_1"
"Davies Reef (18-096)__DREDNA1__2022-05-22","Davies Reef (18-096)","DAV_18-096_20",2022-06-26,35,281.764892852788,4,150,1,0.0266666666666667,"Davies Reef (18-096)__DAV_18-096_20__2022-06-26","DREDNA1",2022-05-22,"AIMSeDNA22-03",1,12,0.916666666666667,23.4964885270833,"3x12","3x12 (15)","Davies Reef (18-096)__campaign_4"
"Davies Reef (18-096)__DREDNA1__2022-12-27","Davies Reef (18-096)","DAV_18-096_20",2023-01-25,29,281.764892852788,6,536,1,0.0111940298507463,"Davies Reef (18-096)__DAV_18-096_20__2023-01-25","DREDNA1",2022-12-27,"AIMSeDNA23-02",1,12,0.833333333333333,41.1098120918182,"3x12","3x12 (1)","Davies Reef (18-096)__campaign_5"
"Davies Reef (18-096)__DR_CCIPD02_1__2023-03-25","Davies Reef (18-096)","DAV_18-096_20",2023-05-25,61,943.297577256855,14,354,4,0.0395480225988701,"Davies Reef (18-096)__DAV_18-096_20__2023-05-25","DR_CCIPD02_1",2023-03-25,"FMPCR 2023-03",1,12,1,23.3185734583333,"other_or_mixed","1x12 (2); 2x12 (3); 4x12 (2)","Davies Reef (18-096)__campaign_6"
"Davies Reef (18-096)__DREDNA1__2024-08-19","Davies Reef (18-096)","DAV_18-096_20",2024-11-04,77,281.764892852788,6,480,2,0.0125,"Davies Reef (18-096)__DAV_18-096_20__2024-11-04","DREDNA1",2024-08-19,"AIMSeDNA25-01",1,12,1,83.7449689866667,"3x12","3x12 (1)","Davies Reef (18-096)__campaign_9"
"Davies Reef (18-096)__DREDNA1__2025-08-03","Davies Reef (18-096)","DAV_18-096_20",2025-08-08,5,281.764892852788,23,884,4,0.0260180995475113,"Davies Reef (18-096)__DAV_18-096_20__2025-08-08","DREDNA1",2025-08-03,"AIMSeDNA26-01",1,12,1,143.0036295275,"other_or_mixed","3x12 (3); 4x12 [6-12] (3)","Davies Reef (18-096)__campaign_11"
"Davies Reef (18-096)__DREDNA1__2022-05-22","Davies Reef (18-096)","DAV_18-096_21",2022-07-24,63,342.439664550293,2,274,2,0.0072992700729927,"Davies Reef (18-096)__DAV_18-096_21__2022-07-24","DREDNA1",2022-05-22,"AIMSeDNA22-03",1,12,0.916666666666667,23.4964885270833,"3x12","3x12 (15)","Davies Reef (18-096)__campaign_4"
"Davies Reef (18-096)__DREDNA1__2022-12-27","Davies Reef (18-096)","DAV_18-096_21",2023-01-25,29,342.439664550293,0,336,1,0,"Davies Reef (18-096)__DAV_18-096_21__2023-01-25","DREDNA1",2022-12-27,"AIMSeDNA23-02",1,12,0.833333333333333,41.1098120918182,"3x12","3x12 (1)","Davies Reef (18-096)__campaign_5"
"Davies Reef (18-096)__DREDNA1__2024-08-19","Davies Reef (18-096)","DAV_18-096_21",2024-11-05,78,342.439664550293,9,365,2,0.0246575342465753,"Davies Reef (18-096)__DAV_18-096_21__2024-11-05","DREDNA1",2024-08-19,"AIMSeDNA25-01",1,12,1,83.7449689866667,"3x12","3x12 (1)","Davies Reef (18-096)__campaign_9"
"Davies Reef (18-096)__DREDNA1__2019-05-13","Davies Reef (18-096)","DAV_18-096_22",2019-09-13,123,758.146049772126,36,1280,4,0.028125,"Davies Reef (18-096)__DAV_18-096_22__2019-09-13","DREDNA1",2019-05-13,"AIMSeDNA19-01",1,10,1,108.777798986,"other_or_mixed","1x9 (1); 2x30 (1); 2x40 [39-40] (1); 2x9 [8-10] (1)","Davies Reef (18-096)__campaign_1"
"Davies Reef (18-096)__DREDNA1__2022-05-22","Davies Reef (18-096)","DAV_18-096_22",2022-09-07,108,758.146049772126,27,772,8,0.0349740932642487,"Davies Reef (18-096)__DAV_18-096_22__2022-09-07","DREDNA1",2022-05-22,"AIMSeDNA22-03",1,12,0.916666666666667,23.4964885270833,"3x12","3x12 (15)","Davies Reef (18-096)__campaign_4"
"Davies Reef (18-096)__DREDNA1__2024-01-04","Davies Reef (18-096)","DAV_18-096_22",2024-03-17,73,758.146049772126,5,345,2,0.0144927536231884,"Davies Reef (18-096)__DAV_18-096_22__2024-03-17","DREDNA1",2024-01-04,"AIMSeDNA24-02",1,12,1,846.272666758333,"3x12","3x12 (5)","Davies Reef (18-096)__campaign_8"
"Davies Reef (18-096)__DREDNA1__2024-08-19","Davies Reef (18-096)","DAV_18-096_22",2024-11-04,77,758.146049772126,3,420,2,0.00714285714285714,"Davies Reef (18-096)__DAV_18-096_22__2024-11-04","DREDNA1",2024-08-19,"AIMSeDNA25-01",1,12,1,83.7449689866667,"3x12","3x12 (1)","Davies Reef (18-096)__campaign_9"
"Davies Reef (18-096)__DREDNA4__2025-08-03","Davies Reef (18-096)","DAV_18-096_22",2025-08-20,17,470.403574237454,21,1200,6,0.0175,"Davies Reef (18-096)__DAV_18-096_22__2025-08-20","DREDNA4",2025-08-03,"AIMSeDNA26-01",1,6,1,18.3232353998333,"other_or_mixed","3x12 (3); 4x12 [6-12] (3)","Davies Reef (18-096)__campaign_11"
"Davies Reef (18-096)__DREDNA1__2019-05-13","Davies Reef (18-096)","DAV_18-096_23",2019-08-02,81,1214.33173670865,4,480,2,0.00833333333333333,"Davies Reef (18-096)__DAV_18-096_23__2019-08-02","DREDNA1",2019-05-13,"AIMSeDNA19-01",1,10,1,108.777798986,"other_or_mixed","1x9 (1); 2x30 (1); 2x40 [39-40] (1); 2x9 [8-10] (1)","Davies Reef (18-096)__campaign_1"
"Davies Reef (18-096)__DREDNA1__2022-05-22","Davies Reef (18-096)","DAV_18-096_23",2022-09-07,108,1214.33173670865,14,531,4,0.0263653483992467,"Davies Reef (18-096)__DAV_18-096_23__2022-09-07","DREDNA1",2022-05-22,"AIMSeDNA22-03",1,12,0.916666666666667,23.4964885270833,"3x12","3x12 (15)","Davies Reef (18-096)__campaign_4"
"Davies Reef (18-096)__DREDNA1__2024-08-19","Davies Reef (18-096)","DAV_18-096_23",2024-11-04,77,1214.33173670865,1,440,2,0.00227272727272727,"Davies Reef (18-096)__DAV_18-096_23__2024-11-04","DREDNA1",2024-08-19,"AIMSeDNA25-01",1,12,1,83.7449689866667,"3x12","3x12 (1)","Davies Reef (18-096)__campaign_9"
"Davies Reef (18-096)__DREDNA4__2025-08-03","Davies Reef (18-096)","DAV_18-096_23",2025-08-22,19,793.613293787618,7,404,2,0.0173267326732673,"Davies Reef (18-096)__DAV_18-096_23__2025-08-22","DREDNA4",2025-08-03,"AIMSeDNA26-01",1,6,1,18.3232353998333,"other_or_mixed","3x12 (3); 4x12 [6-12] (3)","Davies Reef (18-096)__campaign_11"
"Davies Reef (18-096)__DREDNA1__2019-05-13","Davies Reef (18-096)","DAV_18-096_24",2019-08-02,81,1660.74413105425,12,480,2,0.025,"Davies Reef (18-096)__DAV_18-096_24__2019-08-02","DREDNA1",2019-05-13,"AIMSeDNA19-01",1,10,1,108.777798986,"other_or_mixed","1x9 (1); 2x30 (1); 2x40 [39-40] (1); 2x9 [8-10] (1)","Davies Reef (18-096)__campaign_1"
"Davies Reef (18-096)__DREDNA3__2022-05-22","Davies Reef (18-096)","DAV_18-096_24",2022-06-11,20,1300.60636066155,17,770,2,0.0220779220779221,"Davies Reef (18-096)__DAV_18-096_24__2022-06-11","DREDNA3",2022-05-22,"AIMSeDNA22-03",1,12,0.583333333333333,15.2648748835833,"3x12","3x12 (15)","Davies Reef (18-096)__campaign_4"
"Davies Reef (18-096)__DREDNA3__2024-01-04","Davies Reef (18-096)","DAV_18-096_24",2024-05-30,147,1300.60636066155,10,703,4,0.0142247510668563,"Davies Reef (18-096)__DAV_18-096_24__2024-05-30","DREDNA3",2024-01-04,"AIMSeDNA24-02",1,12,1,540.015063816667,"3x12","3x12 (5)","Davies Reef (18-096)__campaign_8"
"Davies Reef (18-096)__DREDNA3__2024-08-19","Davies Reef (18-096)","DAV_18-096_24",2024-11-04,77,1300.60636066155,2,480,2,0.00416666666666667,"Davies Reef (18-096)__DAV_18-096_24__2024-11-04","DREDNA3",2024-08-19,"AIMSeDNA25-01",1,12,1,31.398378825,"3x12","3x12 (1)","Davies Reef (18-096)__campaign_9"
"Davies Reef (18-096)__DREDNA4__2025-08-03","Davies Reef (18-096)","DAV_18-096_24",2025-08-08,5,1199.51969243677,7,744,4,0.00940860215053763,"Davies Reef (18-096)__DAV_18-096_24__2025-08-08","DREDNA4",2025-08-03,"AIMSeDNA26-01",1,6,1,18.3232353998333,"other_or_mixed","3x12 (3); 4x12 [6-12] (3)","Davies Reef (18-096)__campaign_11"
"Davies Reef (18-096)__DREDNA3__2022-05-22","Davies Reef (18-096)","DAV_18-096_25",2022-06-11,20,1545.20369675925,29,770,2,0.0376623376623377,"Davies Reef (18-096)__DAV_18-096_25__2022-06-11","DREDNA3",2022-05-22,"AIMSeDNA22-03",1,12,0.583333333333333,15.2648748835833,"3x12","3x12 (15)","Davies Reef (18-096)__campaign_4"
"Davies Reef (18-096)__DREDNA3__2022-12-27","Davies Reef (18-096)","DAV_18-096_25",2023-02-05,40,1545.20369675925,4,554,1,0.0072202166064982,"Davies Reef (18-096)__DAV_18-096_25__2023-02-05","DREDNA3",2022-12-27,"AIMSeDNA23-02",1,12,1,24.8756837568333,"3x12","3x12 (1)","Davies Reef (18-096)__campaign_5"
"Davies Reef (18-096)__DREDNA3__2023-07-08","Davies Reef (18-096)","DAV_18-096_25",2023-08-24,47,1545.20369675925,12,440,2,0.0272727272727273,"Davies Reef (18-096)__DAV_18-096_25__2023-08-24","DREDNA3",2023-07-08,"AIMSeDNA23-03",1,12,0.916666666666667,19.9151348320833,"3x12","3x12 (21)","Davies Reef (18-096)__campaign_7"
"Davies Reef (18-096)__DREDNA3__2025-08-03","Davies Reef (18-096)","DAV_18-096_25",2025-12-10,129,1545.20369675925,8,460,2,0.0173913043478261,"Davies Reef (18-096)__DAV_18-096_25__2025-12-10","DREDNA3",2025-08-03,"AIMSeDNA26-01",1,12,0.833333333333333,12.1480255845833,"other_or_mixed","3x12 (3); 4x12 [6-12] (3)","Davies Reef (18-096)__campaign_11"
"Davies Reef (18-096)__DREDNA3__2022-12-27","Davies Reef (18-096)","DAV_18-096_26",2023-01-22,26,1777.50390150689,3,480,1,0.00625,"Davies Reef (18-096)__DAV_18-096_26__2023-01-22","DREDNA3",2022-12-27,"AIMSeDNA23-02",1,12,1,24.8756837568333,"3x12","3x12 (1)","Davies Reef (18-096)__campaign_5"
"Davies Reef (18-096)__DREDNA3__2025-08-03","Davies Reef (18-096)","DAV_18-096_26",2025-12-10,129,1777.50390150689,12,448,2,0.0267857142857143,"Davies Reef (18-096)__DAV_18-096_26__2025-12-10","DREDNA3",2025-08-03,"AIMSeDNA26-01",1,12,0.833333333333333,12.1480255845833,"other_or_mixed","3x12 (3); 4x12 [6-12] (3)","Davies Reef (18-096)__campaign_11"
"Davies Reef (18-096)__DR_CCIPD02_2__2023-03-25","Davies Reef (18-096)","DAV_18-096_28",2023-03-25,0,301.762068241819,8,542,14,0.014760147601476,"Davies Reef (18-096)__DAV_18-096_28__2023-03-25","DR_CCIPD02_2",2023-03-25,"FMPCR 2023-03",1,12,0.0833333333333333,0.66095338575,"other_or_mixed","1x12 (2); 2x12 (3); 4x12 (2)","Davies Reef (18-096)__campaign_6"
"Davies Reef (18-096)__DREDNA2__2019-05-13","Davies Reef (18-096)","DAV_18-096_29",2019-08-03,82,93.4536817370535,22,960,4,0.0229166666666667,"Davies Reef (18-096)__DAV_18-096_29__2019-08-03","DREDNA2",2019-05-13,"AIMSeDNA19-01",1,10,0.9,135.770020964,"other_or_mixed","1x9 (1); 2x30 (1); 2x40 [39-40] (1); 2x9 [8-10] (1)","Davies Reef (18-096)__campaign_1"
"Davies Reef (18-096)__DREDNA2__2021-05-24","Davies Reef (18-096)","DAV_18-096_29",2021-06-28,35,93.4536817370535,69,212,1,0.325471698113208,"Davies Reef (18-096)__DAV_18-096_29__2021-06-28","DREDNA2",2021-05-24,"AIMSeDNA21-02",1,12,1,143.375098443333,"3x12","3x12 (13); 3x12 [11-12] (1)","Davies Reef (18-096)__campaign_3"
"Davies Reef (18-096)__DREDNA2__2022-05-22","Davies Reef (18-096)","DAV_18-096_29",2022-06-24,33,93.4536817370535,74,300,2,0.246666666666667,"Davies Reef (18-096)__DAV_18-096_29__2022-06-24","DREDNA2",2022-05-22,"AIMSeDNA22-03",1,12,1,113.204214711667,"3x12","3x12 (15)","Davies Reef (18-096)__campaign_4"
"Davies Reef (18-096)__DREDNA2__2022-12-27","Davies Reef (18-096)","DAV_18-096_29",2023-01-24,28,93.4536817370535,18,360,1,0.05,"Davies Reef (18-096)__DAV_18-096_29__2023-01-24","DREDNA2",2022-12-27,"AIMSeDNA23-02",1,12,1,109.747079565,"3x12","3x12 (1)","Davies Reef (18-096)__campaign_5"
"Davies Reef (18-096)__DR_CCIPD02_1__2023-03-25","Davies Reef (18-096)","DAV_18-096_29",2023-04-14,20,479.128493246769,72,555,2,0.12972972972973,"Davies Reef (18-096)__DAV_18-096_29__2023-04-14","DR_CCIPD02_1",2023-03-25,"FMPCR 2023-03",1,12,1,23.3185734583333,"other_or_mixed","1x12 (2); 2x12 (3); 4x12 (2)","Davies Reef (18-096)__campaign_6"
"Davies Reef (18-096)__DREDNA2__2023-07-08","Davies Reef (18-096)","DAV_18-096_29",2023-07-19,11,93.4536817370535,8,429,2,0.0186480186480186,"Davies Reef (18-096)__DAV_18-096_29__2023-07-19","DREDNA2",2023-07-08,"AIMSeDNA23-03",1,12,1,87.1681166341667,"3x12","3x12 (21)","Davies Reef (18-096)__campaign_7"
"Davies Reef (18-096)__DREDNA2__2024-01-04","Davies Reef (18-096)","DAV_18-096_29",2024-06-12,160,93.4536817370535,16,240,2,0.0666666666666667,"Davies Reef (18-096)__DAV_18-096_29__2024-06-12","DREDNA2",2024-01-04,"AIMSeDNA24-02",1,12,1,126.924150258333,"3x12","3x12 (5)","Davies Reef (18-096)__campaign_8"
"Davies Reef (18-096)__DREDNA2__2024-08-19","Davies Reef (18-096)","DAV_18-096_29",2024-09-14,26,93.4536817370535,6,321,2,0.0186915887850467,"Davies Reef (18-096)__DAV_18-096_29__2024-09-14","DREDNA2",2024-08-19,"AIMSeDNA25-01",1,12,1,70.045973085,"3x12","3x12 (1)","Davies Reef (18-096)__campaign_9"
"Davies Reef (18-096)__DREDNA1__2019-05-13","Davies Reef (18-096)","DAV_18-096_30",2019-10-25,165,554.782317748889,27,640,2,0.0421875,"Davies Reef (18-096)__DAV_18-096_30__2019-10-25","DREDNA1",2019-05-13,"AIMSeDNA19-01",1,10,1,108.777798986,"other_or_mixed","1x9 (1); 2x30 (1); 2x40 [39-40] (1); 2x9 [8-10] (1)","Davies Reef (18-096)__campaign_1"
"Davies Reef (18-096)__DREDNA1__2022-05-22","Davies Reef (18-096)","DAV_18-096_30",2022-06-25,34,554.782317748889,28,279,2,0.100358422939068,"Davies Reef (18-096)__DAV_18-096_30__2022-06-25","DREDNA1",2022-05-22,"AIMSeDNA22-03",1,12,0.916666666666667,23.4964885270833,"3x12","3x12 (15)","Davies Reef (18-096)__campaign_4"
"Davies Reef (18-096)__DREDNA1__2024-01-04","Davies Reef (18-096)","DAV_18-096_30",2024-03-18,74,554.782317748889,5,552,3,0.00905797101449275,"Davies Reef (18-096)__DAV_18-096_30__2024-03-18","DREDNA1",2024-01-04,"AIMSeDNA24-02",1,12,1,846.272666758333,"3x12","3x12 (5)","Davies Reef (18-096)__campaign_8"
"Davies Reef (18-096)__DREDNA2__2022-05-22","Davies Reef (18-096)","DAV_18-096_31",2022-09-06,107,897.708457818498,51,456,2,0.111842105263158,"Davies Reef (18-096)__DAV_18-096_31__2022-09-06","DREDNA2",2022-05-22,"AIMSeDNA22-03",1,12,1,113.204214711667,"3x12","3x12 (15)","Davies Reef (18-096)__campaign_4"
"Davies Reef (18-096)__DREDNA2__2022-12-27","Davies Reef (18-096)","DAV_18-096_31",2023-01-24,28,897.708457818498,17,516,1,0.0329457364341085,"Davies Reef (18-096)__DAV_18-096_31__2023-01-24","DREDNA2",2022-12-27,"AIMSeDNA23-02",1,12,1,109.747079565,"3x12","3x12 (1)","Davies Reef (18-096)__campaign_5"
"Davies Reef (18-096)__DR_CCIPD02_1__2023-03-25","Davies Reef (18-096)","DAV_18-096_31",2023-05-28,64,470.222088628232,7,186,2,0.0376344086021505,"Davies Reef (18-096)__DAV_18-096_31__2023-05-28","DR_CCIPD02_1",2023-03-25,"FMPCR 2023-03",1,12,1,23.3185734583333,"other_or_mixed","1x12 (2); 2x12 (3); 4x12 (2)","Davies Reef (18-096)__campaign_6"
"Davies Reef (18-096)__DREDNA2__2023-07-08","Davies Reef (18-096)","DAV_18-096_31",2023-08-12,35,897.708457818498,18,592,4,0.0304054054054054,"Davies Reef (18-096)__DAV_18-096_31__2023-08-12","DREDNA2",2023-07-08,"AIMSeDNA23-03",1,12,1,87.1681166341667,"3x12","3x12 (21)","Davies Reef (18-096)__campaign_7"
"Davies Reef (18-096)__DREDNA2__2024-01-04","Davies Reef (18-096)","DAV_18-096_31",2024-03-21,77,897.708457818498,20,638,4,0.0313479623824451,"Davies Reef (18-096)__DAV_18-096_31__2024-03-21","DREDNA2",2024-01-04,"AIMSeDNA24-02",1,12,1,126.924150258333,"3x12","3x12 (5)","Davies Reef (18-096)__campaign_8"
"Davies Reef (18-096)__DREDNA2__2021-05-24","Davies Reef (18-096)","DAV_18-096_32",2021-05-31,7,1267.47141709269,54,457,2,0.118161925601751,"Davies Reef (18-096)__DAV_18-096_32__2021-05-31","DREDNA2",2021-05-24,"AIMSeDNA21-02",1,12,1,143.375098443333,"3x12","3x12 (13); 3x12 [11-12] (1)","Davies Reef (18-096)__campaign_3"
"Davies Reef (18-096)__DREDNA2__2024-08-19","Davies Reef (18-096)","DAV_18-096_32",2024-10-20,62,1267.47141709269,6,220,1,0.0272727272727273,"Davies Reef (18-096)__DAV_18-096_32__2024-10-20","DREDNA2",2024-08-19,"AIMSeDNA25-01",1,12,1,70.045973085,"3x12","3x12 (1)","Davies Reef (18-096)__campaign_9"
"Davies Reef (18-096)__DREDNA2__2024-12-21","Davies Reef (18-096)","DAV_18-096_32",2025-02-10,51,1267.47358620683,27,912,4,0.0296052631578947,"Davies Reef (18-096)__DAV_18-096_32__2025-02-10","DREDNA2",2024-12-21,"AIMSeDNA25-03",1,12,1,80.8660435024649,"other_or_mixed","3x12 (1); 4x6 (3)","Davies Reef (18-096)__campaign_10"
"Davies Reef (18-096)__DREDNA2__2022-05-22","Davies Reef (18-096)","DAV_18-096_33",2022-09-02,103,576.934410788177,16,387,2,0.041343669250646,"Davies Reef (18-096)__DAV_18-096_33__2022-09-02","DREDNA2",2022-05-22,"AIMSeDNA22-03",1,12,1,113.204214711667,"3x12","3x12 (15)","Davies Reef (18-096)__campaign_4"
"Davies Reef (18-096)__DREDNA2__2024-08-19","Davies Reef (18-096)","DAV_18-096_33",2024-11-24,97,576.934410788177,0,200,1,0,"Davies Reef (18-096)__DAV_18-096_33__2024-11-24","DREDNA2",2024-08-19,"AIMSeDNA25-01",1,12,1,70.045973085,"3x12","3x12 (1)","Davies Reef (18-096)__campaign_9"
"Davies Reef (18-096)__DREDNA2__2025-08-03","Davies Reef (18-096)","DAV_18-096_33",2025-08-07,4,576.934410788177,5,790,4,0.00632911392405063,"Davies Reef (18-096)__DAV_18-096_33__2025-08-07","DREDNA2",2025-08-03,"AIMSeDNA26-01",1,12,1,86.9927967999167,"other_or_mixed","3x12 (3); 4x12 [6-12] (3)","Davies Reef (18-096)__campaign_11"
"Davies Reef (18-096)__DREDNA2__2022-05-22","Davies Reef (18-096)","DAV_18-096_34",2022-06-13,22,1555.17300538507,60,760,2,0.0789473684210526,"Davies Reef (18-096)__DAV_18-096_34__2022-06-13","DREDNA2",2022-05-22,"AIMSeDNA22-03",1,12,1,113.204214711667,"3x12","3x12 (15)","Davies Reef (18-096)__campaign_4"
"Davies Reef (18-096)__DREDNA2__2022-12-27","Davies Reef (18-096)","DAV_18-096_34",2023-01-23,27,1555.17300538507,2,268,1,0.00746268656716418,"Davies Reef (18-096)__DAV_18-096_34__2023-01-23","DREDNA2",2022-12-27,"AIMSeDNA23-02",1,12,1,109.747079565,"3x12","3x12 (1)","Davies Reef (18-096)__campaign_5"
"Davies Reef (18-096)__DREDNA2__2024-08-19","Davies Reef (18-096)","DAV_18-096_34",2024-10-20,62,1555.17300538507,6,180,1,0.0333333333333333,"Davies Reef (18-096)__DAV_18-096_34__2024-10-20","DREDNA2",2024-08-19,"AIMSeDNA25-01",1,12,1,70.045973085,"3x12","3x12 (1)","Davies Reef (18-096)__campaign_9"
"Davies Reef (18-096)__DREDNA3__2022-05-22","Davies Reef (18-096)","DAV_18-096_35",2022-09-02,103,204.978001321533,6,411,2,0.0145985401459854,"Davies Reef (18-096)__DAV_18-096_35__2022-09-02","DREDNA3",2022-05-22,"AIMSeDNA22-03",1,12,0.583333333333333,15.2648748835833,"3x12","3x12 (15)","Davies Reef (18-096)__campaign_4"
"Davies Reef (18-096)__DREDNA1__2022-05-22","Davies Reef (18-096)","DAV_18-096_36",2022-09-02,103,912.872129020612,15,339,2,0.0442477876106195,"Davies Reef (18-096)__DAV_18-096_36__2022-09-02","DREDNA1",2022-05-22,"AIMSeDNA22-03",1,12,0.916666666666667,23.4964885270833,"3x12","3x12 (15)","Davies Reef (18-096)__campaign_4"
"Davies Reef (18-096)__DREDNA1__2024-01-04","Davies Reef (18-096)","DAV_18-096_36",2024-03-19,75,912.872129020612,2,336,2,0.00595238095238095,"Davies Reef (18-096)__DAV_18-096_36__2024-03-19","DREDNA1",2024-01-04,"AIMSeDNA24-02",1,12,1,846.272666758333,"3x12","3x12 (5)","Davies Reef (18-096)__campaign_8"
"Davies Reef (18-096)__DREDNA2__2024-01-04","Davies Reef (18-096)","DAV_18-096_37",2024-03-19,75,1312.70443125434,29,672,4,0.0431547619047619,"Davies Reef (18-096)__DAV_18-096_37__2024-03-19","DREDNA2",2024-01-04,"AIMSeDNA24-02",1,12,1,126.924150258333,"3x12","3x12 (5)","Davies Reef (18-096)__campaign_8"
"Davies Reef (18-096)__DREDNA2__2024-08-19","Davies Reef (18-096)","DAV_18-096_37",2024-08-30,11,1312.70443125434,39,809,4,0.0482076637824475,"Davies Reef (18-096)__DAV_18-096_37__2024-08-30","DREDNA2",2024-08-19,"AIMSeDNA25-01",1,12,1,70.045973085,"3x12","3x12 (1)","Davies Reef (18-096)__campaign_9"
"Davies Reef (18-096)__DREDNA2__2025-08-03","Davies Reef (18-096)","DAV_18-096_37",2025-08-09,6,1312.70443125434,15,856,4,0.0175233644859813,"Davies Reef (18-096)__DAV_18-096_37__2025-08-09","DREDNA2",2025-08-03,"AIMSeDNA26-01",1,12,1,86.9927967999167,"other_or_mixed","3x12 (3); 4x12 [6-12] (3)","Davies Reef (18-096)__campaign_11"
"Davies Reef (18-096)__DREDNA3__2022-12-27","Davies Reef (18-096)","DAV_18-096_9",2023-01-22,26,1151.08490478163,2,224,1,0.00892857142857143,"Davies Reef (18-096)__DAV_18-096_9__2023-01-22","DREDNA3",2022-12-27,"AIMSeDNA23-02",1,12,1,24.8756837568333,"3x12","3x12 (1)","Davies Reef (18-096)__campaign_5"
"Elford Reef (16-073)__ErEDNA1B__2023-07-05","Elford Reef (16-073)","ELF_16-073_12",2023-09-28,85,1720.38328276025,0,900,3,0,"Elford Reef (16-073)__ELF_16-073_12__2023-09-28","ErEDNA1B",2023-07-05,"AIMSeDNA23-03",1,12,0.166666666666667,1.34078082625,"3x12","3x12 (21)","Elford Reef (16-073)__campaign_3"
"Elford Reef (16-073)__ErEDNA2__2023-07-05","Elford Reef (16-073)","ELF_16-073_3",2023-10-30,117,402.607685525194,0,800,2,0,"Elford Reef (16-073)__ELF_16-073_3__2023-10-30","ErEDNA2",2023-07-05,"AIMSeDNA23-03",1,12,0,0,"3x12","3x12 (21)","Elford Reef (16-073)__campaign_3"
"Elford Reef (16-073)__ErEDNA2__2022-05-20","Elford Reef (16-073)","ELF_16-073_4",2022-08-06,78,649.945102470501,0,600,2,0,"Elford Reef (16-073)__ELF_16-073_4__2022-08-06","ErEDNA2",2022-05-20,"AIMSeDNA22-03",1,12,0.25,1.92661723116667,"3x12","3x12 (15)","Elford Reef (16-073)__campaign_2"
"Elford Reef (16-073)__ErEDNA3__2022-05-20","Elford Reef (16-073)","ELF_16-073_51",2022-09-07,110,358.956803846697,0,300,2,0,"Elford Reef (16-073)__ELF_16-073_51__2022-09-07","ErEDNA3",2022-05-20,"AIMSeDNA22-03",1,12,0.0833333333333333,0.6299776025,"3x12","3x12 (15)","Elford Reef (16-073)__campaign_2"
"Elford Reef (16-073)__ErEDNA3__2022-05-20","Elford Reef (16-073)","ELF_16-073_52",2022-08-24,96,801.621190090032,0,160,1,0,"Elford Reef (16-073)__ELF_16-073_52__2022-08-24","ErEDNA3",2022-05-20,"AIMSeDNA22-03",1,12,0.0833333333333333,0.6299776025,"3x12","3x12 (15)","Elford Reef (16-073)__campaign_2"
"Elford Reef (16-073)__ErEDNA1__2022-05-20","Elford Reef (16-073)","ELF_16-073_9",2022-08-07,79,562.953142920486,5,1140,4,0.0043859649122807,"Elford Reef (16-073)__ELF_16-073_9__2022-08-07","ErEDNA1",2022-05-20,"AIMSeDNA22-03",1,12,0.833333333333333,12.1112334536667,"3x12","3x12 (15)","Elford Reef (16-073)__campaign_2"
"Eyrie Reef (14-118)__EREDNA3__2022-08-22","Eyrie Reef (14-118)","EYR_14-118_11",2022-11-09,79,1967.33799175439,2,780,2,0.00256410256410256,"Eyrie Reef (14-118)__EYR_14-118_11__2022-11-09","EREDNA3",2022-08-22,"AIMSeDNA23-01",1,12,0.416666666666667,3.87829737733333,"other_or_mixed","1x30 (2); 3x12 (2); 3x30 (1)","Eyrie Reef (14-118)__campaign_2"
"Eyrie Reef (14-118)__EREDNA3__2022-08-22","Eyrie Reef (14-118)","EYR_14-118_14",2022-11-08,78,1456.74165829572,0,770,2,0,"Eyrie Reef (14-118)__EYR_14-118_14__2022-11-08","EREDNA3",2022-08-22,"AIMSeDNA23-01",1,12,0.416666666666667,3.87829737733333,"other_or_mixed","1x30 (2); 3x12 (2); 3x30 (1)","Eyrie Reef (14-118)__campaign_2"
"Eyrie Reef (14-118)__EREDNA3__2023-09-16","Eyrie Reef (14-118)","EYR_14-118_14",2023-10-28,42,1456.74165829572,14,570,3,0.0245614035087719,"Eyrie Reef (14-118)__EYR_14-118_14__2023-10-28","EREDNA3",2023-09-16,"AIMSeDNA24-01",1,12,0.666666666666667,11.3851751666667,"other_or_mixed","1x30 (2); 3x12 (2); 3x30 (1)","Eyrie Reef (14-118)__campaign_3"
"Eyrie Reef (14-118)__EREDNA3__2022-08-22","Eyrie Reef (14-118)","EYR_14-118_16",2022-11-08,78,1508.92821704173,1,770,2,0.0012987012987013,"Eyrie Reef (14-118)__EYR_14-118_16__2022-11-08","EREDNA3",2022-08-22,"AIMSeDNA23-01",1,12,0.416666666666667,3.87829737733333,"other_or_mixed","1x30 (2); 3x12 (2); 3x30 (1)","Eyrie Reef (14-118)__campaign_2"
"Eyrie Reef (14-118)__EREDNA3__2023-09-16","Eyrie Reef (14-118)","EYR_14-118_16",2023-10-28,42,1508.92821704173,13,570,3,0.0228070175438597,"Eyrie Reef (14-118)__EYR_14-118_16__2023-10-28","EREDNA3",2023-09-16,"AIMSeDNA24-01",1,12,0.666666666666667,11.3851751666667,"other_or_mixed","1x30 (2); 3x12 (2); 3x30 (1)","Eyrie Reef (14-118)__campaign_3"
"Eyrie Reef (14-118)__EREDNA1__2022-08-22","Eyrie Reef (14-118)","EYR_14-118_17",2022-11-15,85,1774.6009611932,44,960,2,0.0458333333333333,"Eyrie Reef (14-118)__EYR_14-118_17__2022-11-15","EREDNA1",2022-08-22,"AIMSeDNA23-01",1,12,0.583333333333333,17.4838634208333,"other_or_mixed","1x30 (2); 3x12 (2); 3x30 (1)","Eyrie Reef (14-118)__campaign_2"
"Eyrie Reef (14-118)__EREDNA1__2023-09-16","Eyrie Reef (14-118)","EYR_14-118_17",2024-01-08,114,1774.6009611932,58,760,2,0.0763157894736842,"Eyrie Reef (14-118)__EYR_14-118_17__2024-01-08","EREDNA1",2023-09-16,"AIMSeDNA24-01",1,12,0.916666666666667,37.4231252363333,"other_or_mixed","1x30 (2); 3x12 (2); 3x30 (1)","Eyrie Reef (14-118)__campaign_3"
"Eyrie Reef (14-118)__EREDNA1__2021-08-22","Eyrie Reef (14-118)","EYR_14-118_18",2021-12-17,117,1280.20068898915,11,560,2,0.0196428571428571,"Eyrie Reef (14-118)__EYR_14-118_18__2021-12-17","EREDNA1",2021-08-22,"AIMSeDNA22-01",1,12,0.666666666666667,5.73519902683333,"other_or_mixed","1x30 (2); 3x12 (3); 3x30 (1)","Eyrie Reef (14-118)__campaign_1"
"Eyrie Reef (14-118)__EREDNA1__2022-08-22","Eyrie Reef (14-118)","EYR_14-118_18",2022-11-16,86,1280.20068898915,5,760,2,0.00657894736842105,"Eyrie Reef (14-118)__EYR_14-118_18__2022-11-16","EREDNA1",2022-08-22,"AIMSeDNA23-01",1,12,0.583333333333333,17.4838634208333,"other_or_mixed","1x30 (2); 3x12 (2); 3x30 (1)","Eyrie Reef (14-118)__campaign_2"
"Eyrie Reef (14-118)__EREDNA1__2023-09-16","Eyrie Reef (14-118)","EYR_14-118_18",2023-11-13,58,1280.20068898915,17,960,2,0.0177083333333333,"Eyrie Reef (14-118)__EYR_14-118_18__2023-11-13","EREDNA1",2023-09-16,"AIMSeDNA24-01",1,12,0.916666666666667,37.4231252363333,"other_or_mixed","1x30 (2); 3x12 (2); 3x30 (1)","Eyrie Reef (14-118)__campaign_3"
"Eyrie Reef (14-118)__EREDNA1__2021-08-22","Eyrie Reef (14-118)","EYR_14-118_19",2021-12-17,117,799.022754823403,8,560,2,0.0142857142857143,"Eyrie Reef (14-118)__EYR_14-118_19__2021-12-17","EREDNA1",2021-08-22,"AIMSeDNA22-01",1,12,0.666666666666667,5.73519902683333,"other_or_mixed","1x30 (2); 3x12 (3); 3x30 (1)","Eyrie Reef (14-118)__campaign_1"
"Eyrie Reef (14-118)__EREDNA1__2022-08-22","Eyrie Reef (14-118)","EYR_14-118_19",2022-11-16,86,799.022754823403,5,760,2,0.00657894736842105,"Eyrie Reef (14-118)__EYR_14-118_19__2022-11-16","EREDNA1",2022-08-22,"AIMSeDNA23-01",1,12,0.583333333333333,17.4838634208333,"other_or_mixed","1x30 (2); 3x12 (2); 3x30 (1)","Eyrie Reef (14-118)__campaign_2"
"Eyrie Reef (14-118)__EREDNA1__2023-09-16","Eyrie Reef (14-118)","EYR_14-118_19",2023-11-13,58,799.022754823403,16,960,2,0.0166666666666667,"Eyrie Reef (14-118)__EYR_14-118_19__2023-11-13","EREDNA1",2023-09-16,"AIMSeDNA24-01",1,12,0.916666666666667,37.4231252363333,"other_or_mixed","1x30 (2); 3x12 (2); 3x30 (1)","Eyrie Reef (14-118)__campaign_3"
"Eyrie Reef (14-118)__EREDNA4__2025-09-26","Eyrie Reef (14-118)","EYR_14-118_1",2026-02-26,153,891.125118353799,64,520,2,0.123076923076923,"Eyrie Reef (14-118)__EYR_14-118_1__2026-02-26","EREDNA4",2025-09-26,"AIMSeDNA26-02",1,6,1,55.2802460266667,"other_or_mixed","1x20 (2); 3x20 (1); 4x12 [6-12] (2)","Eyrie Reef (14-118)__campaign_4"
"Eyrie Reef (14-118)__EREDNA1__2022-08-22","Eyrie Reef (14-118)","EYR_14-118_20",2022-10-15,54,366.911714151314,19,285,1,0.0666666666666667,"Eyrie Reef (14-118)__EYR_14-118_20__2022-10-15","EREDNA1",2022-08-22,"AIMSeDNA23-01",1,12,0.583333333333333,17.4838634208333,"other_or_mixed","1x30 (2); 3x12 (2); 3x30 (1)","Eyrie Reef (14-118)__campaign_2"
"Eyrie Reef (14-118)__EREDNA1__2023-09-16","Eyrie Reef (14-118)","EYR_14-118_20",2023-11-12,57,366.911714151314,28,960,2,0.0291666666666667,"Eyrie Reef (14-118)__EYR_14-118_20__2023-11-12","EREDNA1",2023-09-16,"AIMSeDNA24-01",1,12,0.916666666666667,37.4231252363333,"other_or_mixed","1x30 (2); 3x12 (2); 3x30 (1)","Eyrie Reef (14-118)__campaign_3"
"Eyrie Reef (14-118)__EREDNA1__2021-08-22","Eyrie Reef (14-118)","EYR_14-118_21",2021-12-16,116,259.29899845729,24,560,2,0.0428571428571429,"Eyrie Reef (14-118)__EYR_14-118_21__2021-12-16","EREDNA1",2021-08-22,"AIMSeDNA22-01",1,12,0.666666666666667,5.73519902683333,"other_or_mixed","1x30 (2); 3x12 (3); 3x30 (1)","Eyrie Reef (14-118)__campaign_1"
"Eyrie Reef (14-118)__EREDNA1__2022-08-22","Eyrie Reef (14-118)","EYR_14-118_21",2022-11-17,87,259.29899845729,13,860,2,0.0151162790697674,"Eyrie Reef (14-118)__EYR_14-118_21__2022-11-17","EREDNA1",2022-08-22,"AIMSeDNA23-01",1,12,0.583333333333333,17.4838634208333,"other_or_mixed","1x30 (2); 3x12 (2); 3x30 (1)","Eyrie Reef (14-118)__campaign_2"
"Eyrie Reef (14-118)__EREDNA1__2023-09-16","Eyrie Reef (14-118)","EYR_14-118_21",2023-11-12,57,259.29899845729,23,960,2,0.0239583333333333,"Eyrie Reef (14-118)__EYR_14-118_21__2023-11-12","EREDNA1",2023-09-16,"AIMSeDNA24-01",1,12,0.916666666666667,37.4231252363333,"other_or_mixed","1x30 (2); 3x12 (2); 3x30 (1)","Eyrie Reef (14-118)__campaign_3"
"Eyrie Reef (14-118)__EREDNA2__2021-08-22","Eyrie Reef (14-118)","EYR_14-118_24",2021-12-16,116,817.245086907191,3,280,1,0.0107142857142857,"Eyrie Reef (14-118)__EYR_14-118_24__2021-12-16","EREDNA2",2021-08-22,"AIMSeDNA22-01",1,12,0.583333333333333,5.72722188425,"other_or_mixed","1x30 (2); 3x12 (3); 3x30 (1)","Eyrie Reef (14-118)__campaign_1"
"Eyrie Reef (14-118)__EREDNA2__2022-08-22","Eyrie Reef (14-118)","EYR_14-118_27",2022-12-03,103,720.042114446654,0,800,2,0,"Eyrie Reef (14-118)__EYR_14-118_27__2022-12-03","EREDNA2",2022-08-22,"AIMSeDNA23-01",1,12,0.333333333333333,3.20958662758333,"other_or_mixed","1x30 (2); 3x12 (2); 3x30 (1)","Eyrie Reef (14-118)__campaign_2"
"Eyrie Reef (14-118)__EREDNA3__2022-08-22","Eyrie Reef (14-118)","EYR_14-118_28",2022-12-03,103,263.557117809896,1,800,2,0.00125,"Eyrie Reef (14-118)__EYR_14-118_28__2022-12-03","EREDNA3",2022-08-22,"AIMSeDNA23-01",1,12,0.416666666666667,3.87829737733333,"other_or_mixed","1x30 (2); 3x12 (2); 3x30 (1)","Eyrie Reef (14-118)__campaign_2"
"Eyrie Reef (14-118)__EREDNA3__2023-09-16","Eyrie Reef (14-118)","EYR_14-118_29",2024-03-12,178,210.134237051486,2,900,2,0.00222222222222222,"Eyrie Reef (14-118)__EYR_14-118_29__2024-03-12","EREDNA3",2023-09-16,"AIMSeDNA24-01",1,12,0.666666666666667,11.3851751666667,"other_or_mixed","1x30 (2); 3x12 (2); 3x30 (1)","Eyrie Reef (14-118)__campaign_3"
"Eyrie Reef (14-118)__EREDNA4__2025-09-26","Eyrie Reef (14-118)","EYR_14-118_2",2026-02-26,153,1189.22719665982,62,760,2,0.0815789473684211,"Eyrie Reef (14-118)__EYR_14-118_2__2026-02-26","EREDNA4",2025-09-26,"AIMSeDNA26-02",1,6,1,55.2802460266667,"other_or_mixed","1x20 (2); 3x20 (1); 4x12 [6-12] (2)","Eyrie Reef (14-118)__campaign_4"
"Eyrie Reef (14-118)__EREDNA3__2022-08-22","Eyrie Reef (14-118)","EYR_14-118_30",2022-11-04,74,667.405600592776,0,480,1,0,"Eyrie Reef (14-118)__EYR_14-118_30__2022-11-04","EREDNA3",2022-08-22,"AIMSeDNA23-01",1,12,0.416666666666667,3.87829737733333,"other_or_mixed","1x30 (2); 3x12 (2); 3x30 (1)","Eyrie Reef (14-118)__campaign_2"
"Eyrie Reef (14-118)__EREDNA3__2022-08-22","Eyrie Reef (14-118)","EYR_14-118_31",2022-11-07,77,1019.03888667802,0,815,2,0,"Eyrie Reef (14-118)__EYR_14-118_31__2022-11-07","EREDNA3",2022-08-22,"AIMSeDNA23-01",1,12,0.416666666666667,3.87829737733333,"other_or_mixed","1x30 (2); 3x12 (2); 3x30 (1)","Eyrie Reef (14-118)__campaign_2"
"Eyrie Reef (14-118)__EREDNA3__2023-09-16","Eyrie Reef (14-118)","EYR_14-118_31",2024-03-12,178,1019.03888667802,0,900,2,0,"Eyrie Reef (14-118)__EYR_14-118_31__2024-03-12","EREDNA3",2023-09-16,"AIMSeDNA24-01",1,12,0.666666666666667,11.3851751666667,"other_or_mixed","1x30 (2); 3x12 (2); 3x30 (1)","Eyrie Reef (14-118)__campaign_3"
"Eyrie Reef (14-118)__EREDNA3__2023-09-16","Eyrie Reef (14-118)","EYR_14-118_32",2023-11-14,59,1497.53774346212,5,960,2,0.00520833333333333,"Eyrie Reef (14-118)__EYR_14-118_32__2023-11-14","EREDNA3",2023-09-16,"AIMSeDNA24-01",1,12,0.666666666666667,11.3851751666667,"other_or_mixed","1x30 (2); 3x12 (2); 3x30 (1)","Eyrie Reef (14-118)__campaign_3"
"Eyrie Reef (14-118)__EREDNA3__2023-09-16","Eyrie Reef (14-118)","EYR_14-118_33",2024-02-03,140,1961.96164914442,0,700,2,0,"Eyrie Reef (14-118)__EYR_14-118_33__2024-02-03","EREDNA3",2023-09-16,"AIMSeDNA24-01",1,12,0.666666666666667,11.3851751666667,"other_or_mixed","1x30 (2); 3x12 (2); 3x30 (1)","Eyrie Reef (14-118)__campaign_3"
"Eyrie Reef (14-118)__EREDNA2__2021-08-22","Eyrie Reef (14-118)","EYR_14-118_6",2021-11-29,99,1919.73986083359,66,537,2,0.122905027932961,"Eyrie Reef (14-118)__EYR_14-118_6__2021-11-29","EREDNA2",2021-08-22,"AIMSeDNA22-01",1,12,0.583333333333333,5.72722188425,"other_or_mixed","1x30 (2); 3x12 (3); 3x30 (1)","Eyrie Reef (14-118)__campaign_1"
"Eyrie Reef (14-118)__EREDNA2__2022-08-22","Eyrie Reef (14-118)","EYR_14-118_6",2022-11-12,82,1919.73986083359,18,870,2,0.0206896551724138,"Eyrie Reef (14-118)__EYR_14-118_6__2022-11-12","EREDNA2",2022-08-22,"AIMSeDNA23-01",1,12,0.333333333333333,3.20958662758333,"other_or_mixed","1x30 (2); 3x12 (2); 3x30 (1)","Eyrie Reef (14-118)__campaign_2"
"Eyrie Reef (14-118)__EREDNA2__2021-08-22","Eyrie Reef (14-118)","EYR_14-118_7",2021-11-30,100,1921.8724826284,58,545,2,0.106422018348624,"Eyrie Reef (14-118)__EYR_14-118_7__2021-11-30","EREDNA2",2021-08-22,"AIMSeDNA22-01",1,12,0.583333333333333,5.72722188425,"other_or_mixed","1x30 (2); 3x12 (3); 3x30 (1)","Eyrie Reef (14-118)__campaign_1"
"Eyrie Reef (14-118)__EREDNA2__2022-08-22","Eyrie Reef (14-118)","EYR_14-118_7",2022-11-12,82,1921.8724826284,27,870,2,0.0310344827586207,"Eyrie Reef (14-118)__EYR_14-118_7__2022-11-12","EREDNA2",2022-08-22,"AIMSeDNA23-01",1,12,0.333333333333333,3.20958662758333,"other_or_mixed","1x30 (2); 3x12 (2); 3x30 (1)","Eyrie Reef (14-118)__campaign_2"
"Eyrie Reef (14-118)__EREDNA2__2021-08-22","Eyrie Reef (14-118)","EYR_14-118_8",2021-11-30,100,1977.38927678099,101,535,2,0.188785046728972,"Eyrie Reef (14-118)__EYR_14-118_8__2021-11-30","EREDNA2",2021-08-22,"AIMSeDNA22-01",1,12,0.583333333333333,5.72722188425,"other_or_mixed","1x30 (2); 3x12 (3); 3x30 (1)","Eyrie Reef (14-118)__campaign_1"
"Eyrie Reef (14-118)__EREDNA2__2022-08-22","Eyrie Reef (14-118)","EYR_14-118_8",2022-11-13,83,1977.38927678099,24,810,2,0.0296296296296296,"Eyrie Reef (14-118)__EYR_14-118_8__2022-11-13","EREDNA2",2022-08-22,"AIMSeDNA23-01",1,12,0.333333333333333,3.20958662758333,"other_or_mixed","1x30 (2); 3x12 (2); 3x30 (1)","Eyrie Reef (14-118)__campaign_2"
"Eyrie Reef (14-118)__EREDNA2__2023-09-16","Eyrie Reef (14-118)","EYR_14-118_8",2023-10-27,41,1977.38927678099,51,570,4,0.0894736842105263,"Eyrie Reef (14-118)__EYR_14-118_8__2023-10-27","EREDNA2",2023-09-16,"AIMSeDNA24-01",1,12,0.75,5.89506477133333,"other_or_mixed","1x30 (2); 3x12 (2); 3x30 (1)","Eyrie Reef (14-118)__campaign_3"
"Faith Reef (19-044)__FAI_CCIPD02_1__2023-03-30","Faith Reef (19-044)","FAI_19-044_13",2023-03-30,0,76.0977175179204,15,543,12,0.0276243093922652,"Faith Reef (19-044)__FAI_19-044_13__2023-03-30","FAI_CCIPD02_1",2023-03-30,"FMPCR 2023-03",1,12,0.75,154.63194590375,"other_or_mixed","1x12 (2); 2x12 (3); 4x12 (2)","Faith Reef (19-044)__campaign_1"
"Faith Reef (19-044)__FAI_CCIPD02_1__2023-03-30","Faith Reef (19-044)","FAI_19-044_14",2023-04-18,19,849.529103634954,13,490,1,0.026530612244898,"Faith Reef (19-044)__FAI_19-044_14__2023-04-18","FAI_CCIPD02_1",2023-03-30,"FMPCR 2023-03",1,12,0.75,154.63194590375,"other_or_mixed","1x12 (2); 2x12 (3); 4x12 (2)","Faith Reef (19-044)__campaign_1"
"Fitzroy Reef (23-077)__FitzroyReefeDNA4__2026-04-06","Fitzroy Reef (23-077)","FIT_23-077_21",2026-05-23,47,266.071895114066,35,541,1,0.0646950092421442,"Fitzroy Reef (23-077)__FIT_23-077_21__2026-05-23","FitzroyReefeDNA4",2026-04-06,"FMPRHIS 2026-07",1,6,1,68.5690055601299,"4x6","4x6 (9); 4x6 [5-6] (1)","Fitzroy Reef (23-077)__campaign_1"
"Fitzroy Reef (23-077)__FitzroyReefeDNA3__2026-04-06","Fitzroy Reef (23-077)","FIT_23-077_22",2026-05-23,47,316.846773761086,32,615,1,0.0520325203252033,"Fitzroy Reef (23-077)__FIT_23-077_22__2026-05-23","FitzroyReefeDNA3",2026-04-06,"FMPRHIS 2026-07",1,6,1,18.4179052710533,"4x6","4x6 (9); 4x6 [5-6] (1)","Fitzroy Reef (23-077)__campaign_1"
"Fitzroy Reef (23-077)__FitzroyReefeDNA2__2026-04-06","Fitzroy Reef (23-077)","FIT_23-077_24",2026-05-24,48,651.293624702276,9,536,1,0.0167910447761194,"Fitzroy Reef (23-077)__FIT_23-077_24__2026-05-24","FitzroyReefeDNA2",2026-04-06,"FMPRHIS 2026-07",1,6,0.833333333333333,15.5354077927768,"4x6","4x6 (9); 4x6 [5-6] (1)","Fitzroy Reef (23-077)__campaign_1"
"Fitzroy Reef (23-077)__FitzroyReefeDNA2__2026-04-06","Fitzroy Reef (23-077)","FIT_23-077_25",2026-05-23,47,192.790908820936,12,560,1,0.0214285714285714,"Fitzroy Reef (23-077)__FIT_23-077_25__2026-05-23","FitzroyReefeDNA2",2026-04-06,"FMPRHIS 2026-07",1,6,0.833333333333333,15.5354077927768,"4x6","4x6 (9); 4x6 [5-6] (1)","Fitzroy Reef (23-077)__campaign_1"
"Fitzroy Reef (23-077)__FitzroyReefeDNA2__2026-04-06","Fitzroy Reef (23-077)","FIT_23-077_32",2026-05-23,47,695.481070154247,2,220,1,0.00909090909090909,"Fitzroy Reef (23-077)__FIT_23-077_32__2026-05-23","FitzroyReefeDNA2",2026-04-06,"FMPRHIS 2026-07",1,6,0.833333333333333,15.5354077927768,"4x6","4x6 (9); 4x6 [5-6] (1)","Fitzroy Reef (23-077)__campaign_1"
"Fitzroy Reef (23-077)__FitzroyReefeDNA3__2026-04-06","Fitzroy Reef (23-077)","FIT_23-077_33",2026-05-23,47,549.468527735783,4,212,1,0.0188679245283019,"Fitzroy Reef (23-077)__FIT_23-077_33__2026-05-23","FitzroyReefeDNA3",2026-04-06,"FMPRHIS 2026-07",1,6,1,18.4179052710533,"4x6","4x6 (9); 4x6 [5-6] (1)","Fitzroy Reef (23-077)__campaign_1"
"Green Island Reef (16-049)__GIeDNA3__2025-08-01","Green Island Reef (16-049)","GRE_16-049_14",2025-10-17,77,1773.26540641889,17,1000,2,0.017,"Green Island Reef (16-049)__GRE_16-049_14__2025-10-17","GIeDNA3",2025-08-01,"AIMSeDNA26-01",1,12,0.166666666666667,3.4332959915,"other_or_mixed","3x12 (3); 4x12 [6-12] (3)","Green Island Reef (16-049)__campaign_4"
"Green Island Reef (16-049)__GIeDNA3__2025-08-01","Green Island Reef (16-049)","GRE_16-049_15",2025-10-17,77,1226.44921070494,32,1000,2,0.032,"Green Island Reef (16-049)__GRE_16-049_15__2025-10-17","GIeDNA3",2025-08-01,"AIMSeDNA26-01",1,12,0.166666666666667,3.4332959915,"other_or_mixed","3x12 (3); 4x12 [6-12] (3)","Green Island Reef (16-049)__campaign_4"
"Green Island Reef (16-049)__GIEDNA2__2021-05-15","Green Island Reef (16-049)","GRE_16-049_19",2021-10-04,142,340.529529491682,19,280,1,0.0678571428571429,"Green Island Reef (16-049)__GRE_16-049_19__2021-10-04","GIEDNA2",2021-05-15,"AIMSeDNA21-02",1,11,0.636363636363636,10.9464130321818,"3x12","3x12 (13); 3x12 [11-12] (1)","Green Island Reef (16-049)__campaign_1"
"Green Island Reef (16-049)__GIEDNA1__2021-05-15","Green Island Reef (16-049)","GRE_16-049_1",2021-10-04,142,929.347774708616,2,280,1,0.00714285714285714,"Green Island Reef (16-049)__GRE_16-049_1__2021-10-04","GIEDNA1",2021-05-15,"AIMSeDNA21-02",1,12,0.25,2.09800364325,"3x12","3x12 (13); 3x12 [11-12] (1)","Green Island Reef (16-049)__campaign_1"
"Green Island Reef (16-049)__GIEDNA2__2023-07-04","Green Island Reef (16-049)","GRE_16-049_21",2023-07-12,8,1043.7900431643,3,1600,4,0.001875,"Green Island Reef (16-049)__GRE_16-049_21__2023-07-12","GIEDNA2",2023-07-04,"AIMSeDNA23-03",1,12,0.833333333333333,15.9489268899167,"3x12","3x12 (21)","Green Island Reef (16-049)__campaign_3"
"Green Island Reef (16-049)__GIEDNA1__2023-07-04","Green Island Reef (16-049)","GRE_16-049_2",2023-08-28,55,605.726762013344,10,700,2,0.0142857142857143,"Green Island Reef (16-049)__GRE_16-049_2__2023-08-28","GIEDNA1",2023-07-04,"AIMSeDNA23-03",1,12,0.833333333333333,11.14482847025,"3x12","3x12 (21)","Green Island Reef (16-049)__campaign_3"
"Green Island Reef (16-049)__GIEDNA1__2023-07-04","Green Island Reef (16-049)","GRE_16-049_3",2023-08-28,55,576.813092896315,6,700,2,0.00857142857142857,"Green Island Reef (16-049)__GRE_16-049_3__2023-08-28","GIEDNA1",2023-07-04,"AIMSeDNA23-03",1,12,0.833333333333333,11.14482847025,"3x12","3x12 (21)","Green Island Reef (16-049)__campaign_3"
"John Brewer Reef (18-075)__JBReDNA4__2025-08-02","John Brewer Reef (18-075)","JOH_18-075_21",2026-01-16,167,633.324219666137,0,324,2,0,"John Brewer Reef (18-075)__JOH_18-075_21__2026-01-16","JBReDNA4",2025-08-02,"AIMSeDNA26-01",1,6,1,23.0363358741667,"other_or_mixed","3x12 (3); 4x12 [6-12] (3)","John Brewer Reef (18-075)__campaign_1"
"Judith Wright Reef (18-101)__JWeDNA_3__2025-08-05","Judith Wright Reef (18-101)","JUD_18-101_1",2025-08-27,22,342.5721718997,0,440,2,0,"Judith Wright Reef (18-101)__JUD_18-101_1__2025-08-27","JWeDNA_3",2025-08-05,"142",1,6,0.833333333333333,25.1579482116667,"4x6","4x6 (2)","Judith Wright Reef (18-101)__campaign_1"
"Judith Wright Reef (18-101)__JWeDNA_1__2025-08-05","Judith Wright Reef (18-101)","JUD_18-101_38",2025-10-14,70,1985.12030574091,13,338,2,0.0384615384615385,"Judith Wright Reef (18-101)__JUD_18-101_38__2025-10-14","JWeDNA_1",2025-08-05,"142",1,6,0.5,328.66324485,"4x6","4x6 (2)","Judith Wright Reef (18-101)__campaign_1"
"Judith Wright Reef (18-101)__JWeDNA_1__2025-08-05","Judith Wright Reef (18-101)","JUD_18-101_3",2025-08-05,0,427.665128014827,17,400,2,0.0425,"Judith Wright Reef (18-101)__JUD_18-101_3__2025-08-05","JWeDNA_1",2025-08-05,"142",1,6,0.5,328.66324485,"4x6","4x6 (2)","Judith Wright Reef (18-101)__campaign_1"
"Judith Wright Reef (18-101)__JWeDNA_1__2025-08-05","Judith Wright Reef (18-101)","JUD_18-101_4",2025-08-05,0,383.46055984884,95,868,4,0.109447004608295,"Judith Wright Reef (18-101)__JUD_18-101_4__2025-08-05","JWeDNA_1",2025-08-05,"142",1,6,0.5,328.66324485,"4x6","4x6 (2)","Judith Wright Reef (18-101)__campaign_1"
"Judith Wright Reef (18-101)__JWeDNA_1__2025-08-05","Judith Wright Reef (18-101)","JUD_18-101_5",2025-10-14,70,74.8509846077818,5,420,2,0.0119047619047619,"Judith Wright Reef (18-101)__JUD_18-101_5__2025-10-14","JWeDNA_1",2025-08-05,"142",1,6,0.5,328.66324485,"4x6","4x6 (2)","Judith Wright Reef (18-101)__campaign_1"
"Keeper Reef (18-079)__KR2__2020-05-18","Keeper Reef (18-079)","KEE_18-079_10",2020-09-04,109,1139.18763543693,19,435,2,0.0436781609195402,"Keeper Reef (18-079)__KEE_18-079_10__2020-09-04","KR2",2020-05-18,"AIMSeDNA20-02",1,15,0.933333333333333,43.6,"other_or_mixed","2x15 (1); 2x30 (1); 2x30 [29-31] (1); 2x30 [30-31] (1)","Keeper Reef (18-079)__campaign_1"
"Keeper Reef (18-079)__KR2__2020-05-18","Keeper Reef (18-079)","KEE_18-079_11",2020-05-22,4,736.917265258507,5,420,2,0.0119047619047619,"Keeper Reef (18-079)__KEE_18-079_11__2020-05-22","KR2",2020-05-18,"AIMSeDNA20-02",1,15,0.933333333333333,43.6,"other_or_mixed","2x15 (1); 2x30 (1); 2x30 [29-31] (1); 2x30 [30-31] (1)","Keeper Reef (18-079)__campaign_1"
"Keeper Reef (18-079)__KR2__2020-05-18","Keeper Reef (18-079)","KEE_18-079_12",2020-07-30,73,211.184028737759,1,760,4,0.00131578947368421,"Keeper Reef (18-079)__KEE_18-079_12__2020-07-30","KR2",2020-05-18,"AIMSeDNA20-02",1,15,0.933333333333333,43.6,"other_or_mixed","2x15 (1); 2x30 (1); 2x30 [29-31] (1); 2x30 [30-31] (1)","Keeper Reef (18-079)__campaign_1"
"Keeper Reef (18-079)__KR2__2020-05-18","Keeper Reef (18-079)","KEE_18-079_13",2020-07-29,72,269.162273882473,3,404,2,0.00742574257425743,"Keeper Reef (18-079)__KEE_18-079_13__2020-07-29","KR2",2020-05-18,"AIMSeDNA20-02",1,15,0.933333333333333,43.6,"other_or_mixed","2x15 (1); 2x30 (1); 2x30 [29-31] (1); 2x30 [30-31] (1)","Keeper Reef (18-079)__campaign_1"
"Keeper Reef (18-079)__KR2__2020-05-18","Keeper Reef (18-079)","KEE_18-079_17",2020-06-08,21,1333.02076465591,65,768,4,0.0846354166666667,"Keeper Reef (18-079)__KEE_18-079_17__2020-06-08","KR2",2020-05-18,"AIMSeDNA20-02",1,15,0.933333333333333,43.6,"other_or_mixed","2x15 (1); 2x30 (1); 2x30 [29-31] (1); 2x30 [30-31] (1)","Keeper Reef (18-079)__campaign_1"
"Keeper Reef (18-079)__KR2__2020-05-18","Keeper Reef (18-079)","KEE_18-079_18",2020-05-21,3,610.46961280491,157,1070,7,0.146728971962617,"Keeper Reef (18-079)__KEE_18-079_18__2020-05-21","KR2",2020-05-18,"AIMSeDNA20-02",1,15,0.933333333333333,43.6,"other_or_mixed","2x15 (1); 2x30 (1); 2x30 [29-31] (1); 2x30 [30-31] (1)","Keeper Reef (18-079)__campaign_1"
"Keeper Reef (18-079)__KR1__2020-05-18","Keeper Reef (18-079)","KEE_18-079_19",2020-05-21,3,239.597216236559,9,120,3,0.075,"Keeper Reef (18-079)__KEE_18-079_19__2020-05-21","KR1",2020-05-18,"AIMSeDNA20-02",1,15,0.666666666666667,17,"other_or_mixed","2x15 (1); 2x30 (1); 2x30 [29-31] (1); 2x30 [30-31] (1)","Keeper Reef (18-079)__campaign_1"
"Keeper Reef (18-079)__KR1__2020-05-18","Keeper Reef (18-079)","KEE_18-079_20",2020-05-22,4,266.845057762713,9,308,4,0.0292207792207792,"Keeper Reef (18-079)__KEE_18-079_20__2020-05-22","KR1",2020-05-18,"AIMSeDNA20-02",1,15,0.666666666666667,17,"other_or_mixed","2x15 (1); 2x30 (1); 2x30 [29-31] (1); 2x30 [30-31] (1)","Keeper Reef (18-079)__campaign_1"
"Keeper Reef (18-079)__KR1__2020-05-18","Keeper Reef (18-079)","KEE_18-079_23",2020-06-22,35,1446.01187089457,41,668,4,0.061377245508982,"Keeper Reef (18-079)__KEE_18-079_23__2020-06-22","KR1",2020-05-18,"AIMSeDNA20-02",1,15,0.666666666666667,17,"other_or_mixed","2x15 (1); 2x30 (1); 2x30 [29-31] (1); 2x30 [30-31] (1)","Keeper Reef (18-079)__campaign_1"
"Keeper Reef (18-079)__KR1__2020-05-18","Keeper Reef (18-079)","KEE_18-079_4",2020-06-22,35,1238.81357683191,14,448,4,0.03125,"Keeper Reef (18-079)__KEE_18-079_4__2020-06-22","KR1",2020-05-18,"AIMSeDNA20-02",1,15,0.666666666666667,17,"other_or_mixed","2x15 (1); 2x30 (1); 2x30 [29-31] (1); 2x30 [30-31] (1)","Keeper Reef (18-079)__campaign_1"
"Keeper Reef (18-079)__KR1__2020-05-18","Keeper Reef (18-079)","KEE_18-079_5",2020-06-23,36,1263.30039678559,10,185,2,0.0540540540540541,"Keeper Reef (18-079)__KEE_18-079_5__2020-06-23","KR1",2020-05-18,"AIMSeDNA20-02",1,15,0.666666666666667,17,"other_or_mixed","2x15 (1); 2x30 (1); 2x30 [29-31] (1); 2x30 [30-31] (1)","Keeper Reef (18-079)__campaign_1"
"Keeper Reef (18-079)__KR1__2020-05-18","Keeper Reef (18-079)","KEE_18-079_6",2020-08-08,82,1397.87172688616,10,160,2,0.0625,"Keeper Reef (18-079)__KEE_18-079_6__2020-08-08","KR1",2020-05-18,"AIMSeDNA20-02",1,15,0.666666666666667,17,"other_or_mixed","2x15 (1); 2x30 (1); 2x30 [29-31] (1); 2x30 [30-31] (1)","Keeper Reef (18-079)__campaign_1"
"Keeper Reef (18-079)__KR1__2020-05-18","Keeper Reef (18-079)","KEE_18-079_7",2020-09-22,127,1559.70192303349,43,791,4,0.0543615676359039,"Keeper Reef (18-079)__KEE_18-079_7__2020-09-22","KR1",2020-05-18,"AIMSeDNA20-02",1,15,0.666666666666667,17,"other_or_mixed","2x15 (1); 2x30 (1); 2x30 [29-31] (1); 2x30 [30-31] (1)","Keeper Reef (18-079)__campaign_1"
"Keeper Reef (18-079)__KR2__2020-05-18","Keeper Reef (18-079)","KEE_18-079_8",2020-10-26,161,1732.89175050306,44,468,2,0.094017094017094,"Keeper Reef (18-079)__KEE_18-079_8__2020-10-26","KR2",2020-05-18,"AIMSeDNA20-02",1,15,0.933333333333333,43.6,"other_or_mixed","2x15 (1); 2x30 (1); 2x30 [29-31] (1); 2x30 [30-31] (1)","Keeper Reef (18-079)__campaign_1"
"Keeper Reef (18-079)__KR2__2020-05-18","Keeper Reef (18-079)","KEE_18-079_9",2020-06-07,20,1641.36852625999,84,748,4,0.112299465240642,"Keeper Reef (18-079)__KEE_18-079_9__2020-06-07","KR2",2020-05-18,"AIMSeDNA20-02",1,15,0.933333333333333,43.6,"other_or_mixed","2x15 (1); 2x30 (1); 2x30 [29-31] (1); 2x30 [30-31] (1)","Keeper Reef (18-079)__campaign_1"
"Lady Musgrave Reef (23-082a)__LadyMuseDNA4__2026-04-08","Lady Musgrave Reef (23-082a)","LAD_23-082a_16",2026-05-18,40,988.968570446816,23,498,1,0.0461847389558233,"Lady Musgrave Reef (23-082a)__LAD_23-082a_16__2026-05-18","LadyMuseDNA4",2026-04-08,"FMPRHIS 2026-07",1,6,1,35.9176362864673,"4x6","4x6 (9); 4x6 [5-6] (1)","Lady Musgrave Reef (23-082a)__campaign_1"
"Lady Musgrave Reef (23-082a)__LadyMuseDNA4__2026-04-08","Lady Musgrave Reef (23-082a)","LAD_23-082a_17",2026-05-21,43,483.167915899094,10,478,1,0.0209205020920502,"Lady Musgrave Reef (23-082a)__LAD_23-082a_17__2026-05-21","LadyMuseDNA4",2026-04-08,"FMPRHIS 2026-07",1,6,1,35.9176362864673,"4x6","4x6 (9); 4x6 [5-6] (1)","Lady Musgrave Reef (23-082a)__campaign_1"
"Lady Musgrave Reef (23-082a)__LadyMuseDNA4__2026-04-08","Lady Musgrave Reef (23-082a)","LAD_23-082a_18",2026-05-18,40,16.4261889303146,59,752,2,0.0784574468085106,"Lady Musgrave Reef (23-082a)__LAD_23-082a_18__2026-05-18","LadyMuseDNA4",2026-04-08,"FMPRHIS 2026-07",1,6,1,35.9176362864673,"4x6","4x6 (9); 4x6 [5-6] (1)","Lady Musgrave Reef (23-082a)__campaign_1"
"Lady Musgrave Reef (23-082a)__LadyMuseDNA3__2026-04-08","Lady Musgrave Reef (23-082a)","LAD_23-082a_19",2026-05-17,39,415.185800993219,23,466,1,0.0493562231759657,"Lady Musgrave Reef (23-082a)__LAD_23-082a_19__2026-05-17","LadyMuseDNA3",2026-04-08,"FMPRHIS 2026-07",1,6,1,253.49400639534,"4x6","4x6 (9); 4x6 [5-6] (1)","Lady Musgrave Reef (23-082a)__campaign_1"
"Lady Musgrave Reef (23-082a)__LadyMuseDNA3__2026-04-08","Lady Musgrave Reef (23-082a)","LAD_23-082a_20",2026-05-17,39,150.401756285109,183,1115,2,0.164125560538117,"Lady Musgrave Reef (23-082a)__LAD_23-082a_20__2026-05-17","LadyMuseDNA3",2026-04-08,"FMPRHIS 2026-07",1,6,1,253.49400639534,"4x6","4x6 (9); 4x6 [5-6] (1)","Lady Musgrave Reef (23-082a)__campaign_1"
"Lady Musgrave Reef (23-082a)__LadyMuseDNA2__2026-04-08","Lady Musgrave Reef (23-082a)","LAD_23-082a_21",2026-05-20,42,479.151106071857,35,472,1,0.0741525423728814,"Lady Musgrave Reef (23-082a)__LAD_23-082a_21__2026-05-20","LadyMuseDNA2",2026-04-08,"FMPRHIS 2026-07",1,6,1,96.3767760433256,"4x6","4x6 (9); 4x6 [5-6] (1)","Lady Musgrave Reef (23-082a)__campaign_1"
"Lady Musgrave Reef (23-082a)__LadyMuseDNA1__2026-04-08","Lady Musgrave Reef (23-082a)","LAD_23-082a_25",2026-05-21,43,1017.96161264795,8,388,1,0.0206185567010309,"Lady Musgrave Reef (23-082a)__LAD_23-082a_25__2026-05-21","LadyMuseDNA1",2026-04-08,"FMPRHIS 2026-07",1,6,1,38.0075554363429,"4x6","4x6 (9); 4x6 [5-6] (1)","Lady Musgrave Reef (23-082a)__campaign_1"
"Lady Musgrave Reef (23-082a)__LadyMuseDNA3__2026-04-08","Lady Musgrave Reef (23-082a)","LAD_23-082a_40",2026-05-16,38,447.662562893082,2,198,1,0.0101010101010101,"Lady Musgrave Reef (23-082a)__LAD_23-082a_40__2026-05-16","LadyMuseDNA3",2026-04-08,"FMPRHIS 2026-07",1,6,1,253.49400639534,"4x6","4x6 (9); 4x6 [5-6] (1)","Lady Musgrave Reef (23-082a)__campaign_1"
"Lady Musgrave Reef (23-082a)__LadyMuseDNA2__2026-04-08","Lady Musgrave Reef (23-082a)","LAD_23-082a_41",2026-05-20,42,362.376784828476,1,338,1,0.0029585798816568,"Lady Musgrave Reef (23-082a)__LAD_23-082a_41__2026-05-20","LadyMuseDNA2",2026-04-08,"FMPRHIS 2026-07",1,6,1,96.3767760433256,"4x6","4x6 (9); 4x6 [5-6] (1)","Lady Musgrave Reef (23-082a)__campaign_1"
"Lady Musgrave Reef (23-082a)__LadyMuseDNA1__2026-04-08","Lady Musgrave Reef (23-082a)","LAD_23-082a_43",2026-05-16,38,441.590369643866,1,188,1,0.00531914893617021,"Lady Musgrave Reef (23-082a)__LAD_23-082a_43__2026-05-16","LadyMuseDNA1",2026-04-08,"FMPRHIS 2026-07",1,6,1,38.0075554363429,"4x6","4x6 (9); 4x6 [5-6] (1)","Lady Musgrave Reef (23-082a)__campaign_1"
"Lady Musgrave Reef (23-082a)__LadyMuseDNA2__2026-04-08","Lady Musgrave Reef (23-082a)","LAD_23-082a_45",2026-05-16,38,1085.98980718126,0,246,1,0,"Lady Musgrave Reef (23-082a)__LAD_23-082a_45__2026-05-16","LadyMuseDNA2",2026-04-08,"FMPRHIS 2026-07",1,6,1,96.3767760433256,"4x6","4x6 (9); 4x6 [5-6] (1)","Lady Musgrave Reef (23-082a)__campaign_1"
"Lady Musgrave Reef (23-082a)__LadyMuseDNA1__2026-04-08","Lady Musgrave Reef (23-082a)","LAD_23-082a_52",2026-05-21,43,1621.95947999115,13,369,1,0.035230352303523,"Lady Musgrave Reef (23-082a)__LAD_23-082a_52__2026-05-21","LadyMuseDNA1",2026-04-08,"FMPRHIS 2026-07",1,6,1,38.0075554363429,"4x6","4x6 (9); 4x6 [5-6] (1)","Lady Musgrave Reef (23-082a)__campaign_1"
"Lady Musgrave Reef (23-082a)__LadyMuseDNA2__2026-04-08","Lady Musgrave Reef (23-082a)","LAD_23-082a_55",2026-05-16,38,1933.89475270419,2,204,1,0.00980392156862745,"Lady Musgrave Reef (23-082a)__LAD_23-082a_55__2026-05-16","LadyMuseDNA2",2026-04-08,"FMPRHIS 2026-07",1,6,1,96.3767760433256,"4x6","4x6 (9); 4x6 [5-6] (1)","Lady Musgrave Reef (23-082a)__campaign_1"
"Lady Musgrave Reef (23-082a)__LadyMuseDNA2__2026-04-08","Lady Musgrave Reef (23-082a)","LAD_23-082a_56",2026-05-16,38,1947.38067951059,1,180,1,0.00555555555555556,"Lady Musgrave Reef (23-082a)__LAD_23-082a_56__2026-05-16","LadyMuseDNA2",2026-04-08,"FMPRHIS 2026-07",1,6,1,96.3767760433256,"4x6","4x6 (9); 4x6 [5-6] (1)","Lady Musgrave Reef (23-082a)__campaign_1"
"Lady Musgrave Reef (23-082a)__LadyMuseDNA2__2026-04-08","Lady Musgrave Reef (23-082a)","LAD_23-082a_57",2026-05-21,43,1571.9795510636,1,484,1,0.00206611570247934,"Lady Musgrave Reef (23-082a)__LAD_23-082a_57__2026-05-21","LadyMuseDNA2",2026-04-08,"FMPRHIS 2026-07",1,6,1,96.3767760433256,"4x6","4x6 (9); 4x6 [5-6] (1)","Lady Musgrave Reef (23-082a)__campaign_1"
"Lizard Island Reef (Lagoon) (14-116d)__Lagoon__2020-08-27","Lizard Island Reef (Lagoon) (14-116d)","LIZ_14-116d_13",2020-11-13,78,1810.22241768353,1,544,2,0.00183823529411765,"Lizard Island Reef (Lagoon) (14-116d)__LIZ_14-116d_13__2020-11-13","Lagoon",2020-08-27,"AIMSeDNA21-01",1,20,0,0,"other_or_mixed","1x30 (2); 3x30 [29-31] (1)","Lizard Island Reef (Lagoon) (14-116d)__campaign_2"
"Lizard Island Reef (Lagoon) (14-116d)__Lagoon__2021-08-24","Lizard Island Reef (Lagoon) (14-116d)","LIZ_14-116d_13",2021-11-15,83,1808.63065486925,1,280,1,0.00357142857142857,"Lizard Island Reef (Lagoon) (14-116d)__LIZ_14-116d_13__2021-11-15","Lagoon",2021-08-24,"AIMSeDNA22-01",1,15,0.266666666666667,2.1014994686,"other_or_mixed","1x30 (2); 3x12 (3); 3x30 (1)","Lizard Island Reef (Lagoon) (14-116d)__campaign_3"
"Lizard Island Reef (Lagoon) (14-116d)__Lagoon__2022-08-23","Lizard Island Reef (Lagoon) (14-116d)","LIZ_14-116d_13",2022-10-27,65,1808.63065486925,2,218,1,0.00917431192660551,"Lizard Island Reef (Lagoon) (14-116d)__LIZ_14-116d_13__2022-10-27","Lagoon",2022-08-23,"AIMSeDNA23-01",1,15,0,0,"other_or_mixed","1x30 (2); 3x12 (2); 3x30 (1)","Lizard Island Reef (Lagoon) (14-116d)__campaign_4"
"Lizard Island Reef (Lagoon) (14-116d)__Lagoon__2023-09-17","Lizard Island Reef (Lagoon) (14-116d)","LIZ_14-116d_13",2024-01-19,124,1808.63065486925,24,760,2,0.0315789473684211,"Lizard Island Reef (Lagoon) (14-116d)__LIZ_14-116d_13__2024-01-19","Lagoon",2023-09-17,"AIMSeDNA24-01",1,15,0.266666666666667,4.11908328513333,"other_or_mixed","1x30 (2); 3x12 (2); 3x30 (1)","Lizard Island Reef (Lagoon) (14-116d)__campaign_5"
"Lizard Island Reef (Lagoon) (14-116d)__Lagoon__2020-08-27","Lizard Island Reef (Lagoon) (14-116d)","LIZ_14-116d_14",2020-11-13,78,1550.82733256114,1,543,2,0.00184162062615101,"Lizard Island Reef (Lagoon) (14-116d)__LIZ_14-116d_14__2020-11-13","Lagoon",2020-08-27,"AIMSeDNA21-01",1,20,0,0,"other_or_mixed","1x30 (2); 3x30 [29-31] (1)","Lizard Island Reef (Lagoon) (14-116d)__campaign_2"
"Lizard Island Reef (Lagoon) (14-116d)__Lagoon__2022-08-23","Lizard Island Reef (Lagoon) (14-116d)","LIZ_14-116d_14",2022-10-27,65,1584.96101116341,1,190,1,0.00526315789473684,"Lizard Island Reef (Lagoon) (14-116d)__LIZ_14-116d_14__2022-10-27","Lagoon",2022-08-23,"AIMSeDNA23-01",1,15,0,0,"other_or_mixed","1x30 (2); 3x12 (2); 3x30 (1)","Lizard Island Reef (Lagoon) (14-116d)__campaign_4"
"Lizard Island Reef (Lagoon) (14-116d)__Lagoon__2023-09-17","Lizard Island Reef (Lagoon) (14-116d)","LIZ_14-116d_14",2024-01-31,136,1584.96101116341,13,700,2,0.0185714285714286,"Lizard Island Reef (Lagoon) (14-116d)__LIZ_14-116d_14__2024-01-31","Lagoon",2023-09-17,"AIMSeDNA24-01",1,15,0.266666666666667,4.11908328513333,"other_or_mixed","1x30 (2); 3x12 (2); 3x30 (1)","Lizard Island Reef (Lagoon) (14-116d)__campaign_5"
"Lizard Island Reef (Lagoon) (14-116d)__Lagoon__2021-08-24","Lizard Island Reef (Lagoon) (14-116d)","LIZ_14-116d_15",2021-11-26,94,1498.79023097805,9,280,1,0.0321428571428571,"Lizard Island Reef (Lagoon) (14-116d)__LIZ_14-116d_15__2021-11-26","Lagoon",2021-08-24,"AIMSeDNA22-01",1,15,0.266666666666667,2.1014994686,"other_or_mixed","1x30 (2); 3x12 (3); 3x30 (1)","Lizard Island Reef (Lagoon) (14-116d)__campaign_3"
"Lizard Island Reef (Lagoon) (14-116d)__Lagoon__2022-08-23","Lizard Island Reef (Lagoon) (14-116d)","LIZ_14-116d_15",2022-10-27,65,1498.79023097805,6,190,1,0.0315789473684211,"Lizard Island Reef (Lagoon) (14-116d)__LIZ_14-116d_15__2022-10-27","Lagoon",2022-08-23,"AIMSeDNA23-01",1,15,0,0,"other_or_mixed","1x30 (2); 3x12 (2); 3x30 (1)","Lizard Island Reef (Lagoon) (14-116d)__campaign_4"
"Lizard Island Reef (Lagoon) (14-116d)__Lagoon__2023-09-17","Lizard Island Reef (Lagoon) (14-116d)","LIZ_14-116d_15",2024-01-19,124,1498.79023097805,14,760,2,0.0184210526315789,"Lizard Island Reef (Lagoon) (14-116d)__LIZ_14-116d_15__2024-01-19","Lagoon",2023-09-17,"AIMSeDNA24-01",1,15,0.266666666666667,4.11908328513333,"other_or_mixed","1x30 (2); 3x12 (2); 3x30 (1)","Lizard Island Reef (Lagoon) (14-116d)__campaign_5"
"Lizard Island Reef (Lagoon) (14-116d)__Lagoon__2022-08-23","Lizard Island Reef (Lagoon) (14-116d)","LIZ_14-116d_16",2022-10-27,65,1521.26789423141,0,190,1,0,"Lizard Island Reef (Lagoon) (14-116d)__LIZ_14-116d_16__2022-10-27","Lagoon",2022-08-23,"AIMSeDNA23-01",1,15,0,0,"other_or_mixed","1x30 (2); 3x12 (2); 3x30 (1)","Lizard Island Reef (Lagoon) (14-116d)__campaign_4"
"Lizard Island Reef (Lagoon) (14-116d)__Lagoon__2023-09-17","Lizard Island Reef (Lagoon) (14-116d)","LIZ_14-116d_16",2024-01-20,125,1521.26789423141,6,760,2,0.00789473684210526,"Lizard Island Reef (Lagoon) (14-116d)__LIZ_14-116d_16__2024-01-20","Lagoon",2023-09-17,"AIMSeDNA24-01",1,15,0.266666666666667,4.11908328513333,"other_or_mixed","1x30 (2); 3x12 (2); 3x30 (1)","Lizard Island Reef (Lagoon) (14-116d)__campaign_5"
"Lizard Island Reef (Lagoon) (14-116d)__Lagoon__2025-09-25","Lizard Island Reef (Lagoon) (14-116d)","LIZ_14-116d_20",2025-10-12,17,1869.38065646031,7,380,1,0.0184210526315789,"Lizard Island Reef (Lagoon) (14-116d)__LIZ_14-116d_20__2025-10-12","Lagoon",2025-09-25,"AIMSeDNA26-02",1,10,0.5,6.1616101117,"other_or_mixed","1x20 (2); 3x20 (1); 4x12 [6-12] (2)","Lizard Island Reef (Lagoon) (14-116d)__campaign_7"
"Lizard Island Reef (Lagoon) (14-116d)__Lagoon__2019-08-27","Lizard Island Reef (Lagoon) (14-116d)","LIZ_14-116d_21",2019-09-19,23,1550.14272984221,2,640,2,0.003125,"Lizard Island Reef (Lagoon) (14-116d)__LIZ_14-116d_21__2019-09-19","Lagoon",2019-08-27,"AIMSeDNA20-01",1,20,0.15,3.15,"other_or_mixed","1x30 (2); 3x30 (1)","Lizard Island Reef (Lagoon) (14-116d)__campaign_1"
"Lizard Island Reef (Lagoon) (14-116d)__Lagoon__2023-09-17","Lizard Island Reef (Lagoon) (14-116d)","LIZ_14-116d_21",2024-01-20,125,1683.34673400007,24,760,2,0.0315789473684211,"Lizard Island Reef (Lagoon) (14-116d)__LIZ_14-116d_21__2024-01-20","Lagoon",2023-09-17,"AIMSeDNA24-01",1,15,0.266666666666667,4.11908328513333,"other_or_mixed","1x30 (2); 3x12 (2); 3x30 (1)","Lizard Island Reef (Lagoon) (14-116d)__campaign_5"
"Lizard Island Reef (Lagoon) (14-116d)__Lagoon__2024-09-15","Lizard Island Reef (Lagoon) (14-116d)","LIZ_14-116d_21",2024-10-01,16,1683.34673400007,21,800,2,0.02625,"Lizard Island Reef (Lagoon) (14-116d)__LIZ_14-116d_21__2024-10-01","Lagoon",2024-09-15,"AIMSeDNA25-02",1,10,0.5,4.5205941779,"other_or_mixed","1x20 (2); 3x20 (1)","Lizard Island Reef (Lagoon) (14-116d)__campaign_6"
"Lizard Island Reef (Lagoon) (14-116d)__Lagoon__2025-09-25","Lizard Island Reef (Lagoon) (14-116d)","LIZ_14-116d_21",2025-10-12,17,1683.34673400007,7,380,1,0.0184210526315789,"Lizard Island Reef (Lagoon) (14-116d)__LIZ_14-116d_21__2025-10-12","Lagoon",2025-09-25,"AIMSeDNA26-02",1,10,0.5,6.1616101117,"other_or_mixed","1x20 (2); 3x20 (1); 4x12 [6-12] (2)","Lizard Island Reef (Lagoon) (14-116d)__campaign_7"
"Lizard Island Reef (Lagoon) (14-116d)__Big Vickis Reef__2023-09-16","Lizard Island Reef (Lagoon) (14-116d)","LIZ_14-116d_22",2024-01-19,125,1404.83039599362,8,710,3,0.0112676056338028,"Lizard Island Reef (Lagoon) (14-116d)__LIZ_14-116d_22__2024-01-19","Big Vickis Reef",2023-09-16,"AIMSeDNA24-01",1,15,0.933333333333333,18.5567705335333,"other_or_mixed","1x30 (2); 3x12 (2); 3x30 (1)","Lizard Island Reef (Lagoon) (14-116d)__campaign_5"
"Lizard Island Reef (Lagoon) (14-116d)__Big Vickis Reef__2024-09-16","Lizard Island Reef (Lagoon) (14-116d)","LIZ_14-116d_22",2024-10-25,39,1404.83039599362,5,600,2,0.00833333333333333,"Lizard Island Reef (Lagoon) (14-116d)__LIZ_14-116d_22__2024-10-25","Big Vickis Reef",2024-09-16,"AIMSeDNA25-02",1,10,1,29.1013360784,"other_or_mixed","1x20 (2); 3x20 (1)","Lizard Island Reef (Lagoon) (14-116d)__campaign_6"
"Lizard Island Reef (Lagoon) (14-116d)__Big Vickis Reef__2025-09-25","Lizard Island Reef (Lagoon) (14-116d)","LIZ_14-116d_22",2025-10-12,17,1404.83039599362,28,760,2,0.0368421052631579,"Lizard Island Reef (Lagoon) (14-116d)__LIZ_14-116d_22__2025-10-12","Big Vickis Reef",2025-09-25,"AIMSeDNA26-02",1,10,1,31.010561475,"other_or_mixed","1x20 (2); 3x20 (1); 4x12 [6-12] (2)","Lizard Island Reef (Lagoon) (14-116d)__campaign_7"
"Lizard Island Reef (Lagoon) (14-116d)__Big Vickis Reef__2024-09-16","Lizard Island Reef (Lagoon) (14-116d)","LIZ_14-116d_23",2024-10-25,39,843.42515777842,19,600,2,0.0316666666666667,"Lizard Island Reef (Lagoon) (14-116d)__LIZ_14-116d_23__2024-10-25","Big Vickis Reef",2024-09-16,"AIMSeDNA25-02",1,10,1,29.1013360784,"other_or_mixed","1x20 (2); 3x20 (1)","Lizard Island Reef (Lagoon) (14-116d)__campaign_6"
"Lizard Island Reef (Lagoon) (14-116d)__Big Vickis Reef__2019-08-27","Lizard Island Reef (Lagoon) (14-116d)","LIZ_14-116d_24",2019-09-23,27,376.031704430104,0,400,2,0,"Lizard Island Reef (Lagoon) (14-116d)__LIZ_14-116d_24__2019-09-23","Big Vickis Reef",2019-08-27,"AIMSeDNA20-01",1,30,0.533333333333333,45.7,"other_or_mixed","1x30 (2); 3x30 (1)","Lizard Island Reef (Lagoon) (14-116d)__campaign_1"
"Lizard Island Reef (Lagoon) (14-116d)__Big Vickis Reef__2023-09-16","Lizard Island Reef (Lagoon) (14-116d)","LIZ_14-116d_24",2024-03-10,176,376.031704430104,0,80,1,0,"Lizard Island Reef (Lagoon) (14-116d)__LIZ_14-116d_24__2024-03-10","Big Vickis Reef",2023-09-16,"AIMSeDNA24-01",1,15,0.933333333333333,18.5567705335333,"other_or_mixed","1x30 (2); 3x12 (2); 3x30 (1)","Lizard Island Reef (Lagoon) (14-116d)__campaign_5"
"Lizard Island Reef (Lagoon) (14-116d)__Big Vickis Reef__2025-09-25","Lizard Island Reef (Lagoon) (14-116d)","LIZ_14-116d_24",2025-10-10,15,376.031704430104,24,670,2,0.0358208955223881,"Lizard Island Reef (Lagoon) (14-116d)__LIZ_14-116d_24__2025-10-10","Big Vickis Reef",2025-09-25,"AIMSeDNA26-02",1,10,1,31.010561475,"other_or_mixed","1x20 (2); 3x20 (1); 4x12 [6-12] (2)","Lizard Island Reef (Lagoon) (14-116d)__campaign_7"
"Lizard Island Reef (Lagoon) (14-116d)__Big Vickis Reef__2019-08-27","Lizard Island Reef (Lagoon) (14-116d)","LIZ_14-116d_25",2019-09-22,26,271.994748670346,2,320,1,0.00625,"Lizard Island Reef (Lagoon) (14-116d)__LIZ_14-116d_25__2019-09-22","Big Vickis Reef",2019-08-27,"AIMSeDNA20-01",1,30,0.533333333333333,45.7,"other_or_mixed","1x30 (2); 3x30 (1)","Lizard Island Reef (Lagoon) (14-116d)__campaign_1"
"Lizard Island Reef (Lagoon) (14-116d)__Big Vickis Reef__2023-09-16","Lizard Island Reef (Lagoon) (14-116d)","LIZ_14-116d_25",2024-01-19,125,271.994748670346,33,620,3,0.0532258064516129,"Lizard Island Reef (Lagoon) (14-116d)__LIZ_14-116d_25__2024-01-19","Big Vickis Reef",2023-09-16,"AIMSeDNA24-01",1,15,0.933333333333333,18.5567705335333,"other_or_mixed","1x30 (2); 3x12 (2); 3x30 (1)","Lizard Island Reef (Lagoon) (14-116d)__campaign_5"
"Lizard Island Reef (Lagoon) (14-116d)__Big Vickis Reef__2024-09-16","Lizard Island Reef (Lagoon) (14-116d)","LIZ_14-116d_25",2024-10-02,16,271.994748670346,66,760,2,0.0868421052631579,"Lizard Island Reef (Lagoon) (14-116d)__LIZ_14-116d_25__2024-10-02","Big Vickis Reef",2024-09-16,"AIMSeDNA25-02",1,10,1,29.1013360784,"other_or_mixed","1x20 (2); 3x20 (1)","Lizard Island Reef (Lagoon) (14-116d)__campaign_6"
"Lizard Island Reef (Lagoon) (14-116d)__Big Vickis Reef__2025-09-25","Lizard Island Reef (Lagoon) (14-116d)","LIZ_14-116d_25",2025-10-10,15,271.994748670346,44,670,2,0.0656716417910448,"Lizard Island Reef (Lagoon) (14-116d)__LIZ_14-116d_25__2025-10-10","Big Vickis Reef",2025-09-25,"AIMSeDNA26-02",1,10,1,31.010561475,"other_or_mixed","1x20 (2); 3x20 (1); 4x12 [6-12] (2)","Lizard Island Reef (Lagoon) (14-116d)__campaign_7"
"Lizard Island Reef (Lagoon) (14-116d)__Big Vickis Reef__2021-08-22","Lizard Island Reef (Lagoon) (14-116d)","LIZ_14-116d_26",2021-11-26,96,464.45893206966,2,280,1,0.00714285714285714,"Lizard Island Reef (Lagoon) (14-116d)__LIZ_14-116d_26__2021-11-26","Big Vickis Reef",2021-08-22,"AIMSeDNA22-01",1,15,0.4,15.0040510991333,"other_or_mixed","1x30 (2); 3x12 (3); 3x30 (1)","Lizard Island Reef (Lagoon) (14-116d)__campaign_3"
"Lizard Island Reef (Lagoon) (14-116d)__Big Vickis Reef__2024-09-16","Lizard Island Reef (Lagoon) (14-116d)","LIZ_14-116d_26",2024-10-02,16,464.45893206966,33,760,2,0.043421052631579,"Lizard Island Reef (Lagoon) (14-116d)__LIZ_14-116d_26__2024-10-02","Big Vickis Reef",2024-09-16,"AIMSeDNA25-02",1,10,1,29.1013360784,"other_or_mixed","1x20 (2); 3x20 (1)","Lizard Island Reef (Lagoon) (14-116d)__campaign_6"
"Lizard Island Reef (Lagoon) (14-116d)__Casuarina Beach__2025-09-25","Lizard Island Reef (Lagoon) (14-116d)","LIZ_14-116d_27",2026-02-05,133,304.136103311753,28,900,2,0.0311111111111111,"Lizard Island Reef (Lagoon) (14-116d)__LIZ_14-116d_27__2026-02-05","Casuarina Beach",2025-09-25,"AIMSeDNA26-02",1,10,0.6,20.8058888497,"other_or_mixed","1x20 (2); 3x20 (1); 4x12 [6-12] (2)","Lizard Island Reef (Lagoon) (14-116d)__campaign_7"
"Lizard Island Reef (Lagoon) (14-116d)__Casuarina Beach__2019-08-30","Lizard Island Reef (Lagoon) (14-116d)","LIZ_14-116d_28",2019-09-22,23,211.846542768667,3,320,1,0.009375,"Lizard Island Reef (Lagoon) (14-116d)__LIZ_14-116d_28__2019-09-22","Casuarina Beach",2019-08-30,"AIMSeDNA20-01",1,30,0.0333333333333333,0.7,"other_or_mixed","1x30 (2); 3x30 (1)","Lizard Island Reef (Lagoon) (14-116d)__campaign_1"
"Lizard Island Reef (Lagoon) (14-116d)__Casuarina Beach__2022-08-23","Lizard Island Reef (Lagoon) (14-116d)","LIZ_14-116d_28",2022-10-14,52,171.29275330818,22,300,1,0.0733333333333333,"Lizard Island Reef (Lagoon) (14-116d)__LIZ_14-116d_28__2022-10-14","Casuarina Beach",2022-08-23,"AIMSeDNA23-01",1,15,0.666666666666667,9.0687808396,"other_or_mixed","1x30 (2); 3x12 (2); 3x30 (1)","Lizard Island Reef (Lagoon) (14-116d)__campaign_4"
"Lizard Island Reef (Lagoon) (14-116d)__Casuarina Beach__2023-09-16","Lizard Island Reef (Lagoon) (14-116d)","LIZ_14-116d_28",2023-10-30,44,171.29275330818,19,300,1,0.0633333333333333,"Lizard Island Reef (Lagoon) (14-116d)__LIZ_14-116d_28__2023-10-30","Casuarina Beach",2023-09-16,"AIMSeDNA24-01",1,15,1,54.1557808606667,"other_or_mixed","1x30 (2); 3x12 (2); 3x30 (1)","Lizard Island Reef (Lagoon) (14-116d)__campaign_5"
"Lizard Island Reef (Lagoon) (14-116d)__Casuarina Beach__2024-09-15","Lizard Island Reef (Lagoon) (14-116d)","LIZ_14-116d_28",2025-01-16,123,171.29275330818,31,800,2,0.03875,"Lizard Island Reef (Lagoon) (14-116d)__LIZ_14-116d_28__2025-01-16","Casuarina Beach",2024-09-15,"AIMSeDNA25-02",1,10,1,83.747327959,"other_or_mixed","1x20 (2); 3x20 (1)","Lizard Island Reef (Lagoon) (14-116d)__campaign_6"
"Lizard Island Reef (Lagoon) (14-116d)__Casuarina Beach__2025-09-25","Lizard Island Reef (Lagoon) (14-116d)","LIZ_14-116d_28",2026-02-05,133,171.29275330818,6,900,2,0.00666666666666667,"Lizard Island Reef (Lagoon) (14-116d)__LIZ_14-116d_28__2026-02-05","Casuarina Beach",2025-09-25,"AIMSeDNA26-02",1,10,0.6,20.8058888497,"other_or_mixed","1x20 (2); 3x20 (1); 4x12 [6-12] (2)","Lizard Island Reef (Lagoon) (14-116d)__campaign_7"
"Lizard Island Reef (Lagoon) (14-116d)__Casuarina Beach__2020-08-30","Lizard Island Reef (Lagoon) (14-116d)","LIZ_14-116d_29",2020-11-17,79,694.297553620201,2,258,1,0.00775193798449612,"Lizard Island Reef (Lagoon) (14-116d)__LIZ_14-116d_29__2020-11-17","Casuarina Beach",2020-08-30,"AIMSeDNA21-01",1,30,0.133333333333333,1.65540559753333,"other_or_mixed","1x30 (2); 3x30 [29-31] (1)","Lizard Island Reef (Lagoon) (14-116d)__campaign_2"
"Lizard Island Reef (Lagoon) (14-116d)__Casuarina Beach__2022-08-23","Lizard Island Reef (Lagoon) (14-116d)","LIZ_14-116d_29",2022-10-14,52,638.643627856476,17,285,1,0.0596491228070175,"Lizard Island Reef (Lagoon) (14-116d)__LIZ_14-116d_29__2022-10-14","Casuarina Beach",2022-08-23,"AIMSeDNA23-01",1,15,0.666666666666667,9.0687808396,"other_or_mixed","1x30 (2); 3x12 (2); 3x30 (1)","Lizard Island Reef (Lagoon) (14-116d)__campaign_4"
"Lizard Island Reef (Lagoon) (14-116d)__Casuarina Beach__2023-09-16","Lizard Island Reef (Lagoon) (14-116d)","LIZ_14-116d_29",2023-10-29,43,638.643627856476,7,300,1,0.0233333333333333,"Lizard Island Reef (Lagoon) (14-116d)__LIZ_14-116d_29__2023-10-29","Casuarina Beach",2023-09-16,"AIMSeDNA24-01",1,15,1,54.1557808606667,"other_or_mixed","1x30 (2); 3x12 (2); 3x30 (1)","Lizard Island Reef (Lagoon) (14-116d)__campaign_5"
"Lizard Island Reef (Lagoon) (14-116d)__Casuarina Beach__2025-09-25","Lizard Island Reef (Lagoon) (14-116d)","LIZ_14-116d_29",2025-10-09,14,638.643627856476,31,400,1,0.0775,"Lizard Island Reef (Lagoon) (14-116d)__LIZ_14-116d_29__2025-10-09","Casuarina Beach",2025-09-25,"AIMSeDNA26-02",1,10,0.6,20.8058888497,"other_or_mixed","1x20 (2); 3x20 (1); 4x12 [6-12] (2)","Lizard Island Reef (Lagoon) (14-116d)__campaign_7"
"Lizard Island Reef (Lagoon) (14-116d)__Big Vickis Reef__2022-08-23","Lizard Island Reef (Lagoon) (14-116d)","LIZ_14-116d_30",2022-11-10,79,805.851701298379,12,380,1,0.0315789473684211,"Lizard Island Reef (Lagoon) (14-116d)__LIZ_14-116d_30__2022-11-10","Big Vickis Reef",2022-08-23,"AIMSeDNA23-01",1,15,1,37.2865642604,"other_or_mixed","1x30 (2); 3x12 (2); 3x30 (1)","Lizard Island Reef (Lagoon) (14-116d)__campaign_4"
"Lizard Island Reef (Lagoon) (14-116d)__Casuarina Beach__2023-09-16","Lizard Island Reef (Lagoon) (14-116d)","LIZ_14-116d_31",2024-01-18,124,263.206340758145,4,250,1,0.016,"Lizard Island Reef (Lagoon) (14-116d)__LIZ_14-116d_31__2024-01-18","Casuarina Beach",2023-09-16,"AIMSeDNA24-01",1,15,1,54.1557808606667,"other_or_mixed","1x30 (2); 3x12 (2); 3x30 (1)","Lizard Island Reef (Lagoon) (14-116d)__campaign_5"
"Lizard Island Reef (Lagoon) (14-116d)__Casuarina Beach__2025-09-25","Lizard Island Reef (Lagoon) (14-116d)","LIZ_14-116d_31",2025-10-09,14,263.206340758145,26,800,2,0.0325,"Lizard Island Reef (Lagoon) (14-116d)__LIZ_14-116d_31__2025-10-09","Casuarina Beach",2025-09-25,"AIMSeDNA26-02",1,10,0.6,20.8058888497,"other_or_mixed","1x20 (2); 3x20 (1); 4x12 [6-12] (2)","Lizard Island Reef (Lagoon) (14-116d)__campaign_7"
"Lizard Island Reef (North East) (14-116b)__Mermaid Cove__2020-08-29","Lizard Island Reef (North East) (14-116b)","LIZ_14-116b_1",2020-11-16,79,155.716780111663,1,258,1,0.00387596899224806,"Lizard Island Reef (North East) (14-116b)__LIZ_14-116b_1__2020-11-16","Mermaid Cove",2020-08-29,"AIMSeDNA21-01",1,15,0.266666666666667,3.47293739486667,"other_or_mixed","1x30 (2); 3x30 [29-31] (1)","Lizard Island Reef (North East) (14-116b)__campaign_2"
"Lizard Island Reef (North East) (14-116b)__Mermaid Cove__2023-09-16","Lizard Island Reef (North East) (14-116b)","LIZ_14-116b_1",2024-01-12,118,155.716780111663,11,800,2,0.01375,"Lizard Island Reef (North East) (14-116b)__LIZ_14-116b_1__2024-01-12","Mermaid Cove",2023-09-16,"AIMSeDNA24-01",1,15,0.733333333333333,17.5065590064667,"other_or_mixed","1x30 (2); 3x12 (2); 3x30 (1)","Lizard Island Reef (North East) (14-116b)__campaign_5"
"Lizard Island Reef (North East) (14-116b)__Mermaid Cove__2025-09-25","Lizard Island Reef (North East) (14-116b)","LIZ_14-116b_1",2025-12-14,80,155.716780111663,8,675,2,0.0118518518518519,"Lizard Island Reef (North East) (14-116b)__LIZ_14-116b_1__2025-12-14","Mermaid Cove",2025-09-25,"AIMSeDNA26-02",1,10,0.4,4.8993703722,"other_or_mixed","1x20 (2); 3x20 (1); 4x12 [6-12] (2)","Lizard Island Reef (North East) (14-116b)__campaign_7"
"Lizard Island Reef (North East) (14-116b)__Mermaid Cove__2019-08-29","Lizard Island Reef (North East) (14-116b)","LIZ_14-116b_3",2019-09-19,21,1136.18162185281,1,640,2,0.0015625,"Lizard Island Reef (North East) (14-116b)__LIZ_14-116b_3__2019-09-19","Mermaid Cove",2019-08-29,"AIMSeDNA20-01",1,12,0.25,5.75,"other_or_mixed","1x30 (2); 3x30 (1)","Lizard Island Reef (North East) (14-116b)__campaign_1"
"Lizard Island Reef (North East) (14-116b)__Mermaid Cove__2022-08-23","Lizard Island Reef (North East) (14-116b)","LIZ_14-116b_3",2022-10-29,67,1136.18162185281,2,462,2,0.00432900432900433,"Lizard Island Reef (North East) (14-116b)__LIZ_14-116b_3__2022-10-29","Mermaid Cove",2022-08-23,"AIMSeDNA23-01",1,15,0.466666666666667,5.35932112473333,"other_or_mixed","1x30 (2); 3x12 (2); 3x30 (1)","Lizard Island Reef (North East) (14-116b)__campaign_4"
"Lizard Island Reef (North East) (14-116b)__Mermaid Cove__2022-08-23","Lizard Island Reef (North East) (14-116b)","LIZ_14-116b_4",2022-10-29,67,1673.87767952397,0,462,2,0,"Lizard Island Reef (North East) (14-116b)__LIZ_14-116b_4__2022-10-29","Mermaid Cove",2022-08-23,"AIMSeDNA23-01",1,15,0.466666666666667,5.35932112473333,"other_or_mixed","1x30 (2); 3x12 (2); 3x30 (1)","Lizard Island Reef (North East) (14-116b)__campaign_4"
"Lizard Island Reef (North West) (14-116a)__Clam Gardens__2020-08-28","Lizard Island Reef (North West) (14-116a)","LIZ_14-116a_30",2020-11-17,81,765.930168026605,3,535,2,0.00560747663551402,"Lizard Island Reef (North West) (14-116a)__LIZ_14-116a_30__2020-11-17","Clam Gardens",2020-08-28,"AIMSeDNA21-01",1,30,0.533333333333333,21.4446040675,"other_or_mixed","1x30 (2); 3x30 [29-31] (1)","Lizard Island Reef (North West) (14-116a)__campaign_2"
"Lizard Island Reef (North West) (14-116a)__Clam Gardens__2021-08-23","Lizard Island Reef (North West) (14-116a)","LIZ_14-116a_30",2021-11-16,85,789.058853290937,9,280,1,0.0321428571428571,"Lizard Island Reef (North West) (14-116a)__LIZ_14-116a_30__2021-11-16","Clam Gardens",2021-08-23,"AIMSeDNA22-01",1,15,1,87.035685364,"other_or_mixed","1x30 (2); 3x12 (3); 3x30 (1)","Lizard Island Reef (North West) (14-116a)__campaign_3"
"Lizard Island Reef (North West) (14-116a)__Clam Gardens__2022-08-22","Lizard Island Reef (North West) (14-116a)","LIZ_14-116a_30",2022-10-14,53,789.058853290937,14,285,1,0.0491228070175439,"Lizard Island Reef (North West) (14-116a)__LIZ_14-116a_30__2022-10-14","Clam Gardens",2022-08-22,"AIMSeDNA23-01",1,15,0.533333333333333,6.79915186026667,"other_or_mixed","1x30 (2); 3x12 (2); 3x30 (1)","Lizard Island Reef (North West) (14-116a)__campaign_4"
"Lizard Island Reef (North West) (14-116a)__Clam Gardens__2023-09-16","Lizard Island Reef (North West) (14-116a)","LIZ_14-116a_30",2023-10-29,43,789.058853290937,2,300,1,0.00666666666666667,"Lizard Island Reef (North West) (14-116a)__LIZ_14-116a_30__2023-10-29","Clam Gardens",2023-09-16,"AIMSeDNA24-01",1,15,0.733333333333333,8.39425750013333,"other_or_mixed","1x30 (2); 3x12 (2); 3x30 (1)","Lizard Island Reef (North West) (14-116a)__campaign_5"
"Lizard Island Reef (North West) (14-116a)__Clam Gardens__2025-09-25","Lizard Island Reef (North West) (14-116a)","LIZ_14-116a_30",2025-10-09,14,789.058853290937,11,400,1,0.0275,"Lizard Island Reef (North West) (14-116a)__LIZ_14-116a_30__2025-10-09","Clam Gardens",2025-09-25,"AIMSeDNA26-02",1,10,0.1,0.8193262853,"other_or_mixed","1x20 (2); 3x20 (1); 4x12 [6-12] (2)","Lizard Island Reef (North West) (14-116a)__campaign_7"
"Lizard Island Reef (North West) (14-116a)__Clam Gardens__2019-08-29","Lizard Island Reef (North West) (14-116a)","LIZ_14-116a_31",2019-09-21,23,338.618505760002,11,640,2,0.0171875,"Lizard Island Reef (North West) (14-116a)__LIZ_14-116a_31__2019-09-21","Clam Gardens",2019-08-29,"AIMSeDNA20-01",1,30,0.3,13.9,"other_or_mixed","1x30 (2); 3x30 (1)","Lizard Island Reef (North West) (14-116a)__campaign_1"
"Lizard Island Reef (North West) (14-116a)__Clam Gardens__2020-08-28","Lizard Island Reef (North West) (14-116a)","LIZ_14-116a_31",2020-11-16,80,338.618505760002,4,252,1,0.0158730158730159,"Lizard Island Reef (North West) (14-116a)__LIZ_14-116a_31__2020-11-16","Clam Gardens",2020-08-28,"AIMSeDNA21-01",1,30,0.533333333333333,21.4446040675,"other_or_mixed","1x30 (2); 3x30 [29-31] (1)","Lizard Island Reef (North West) (14-116a)__campaign_2"
"Lizard Island Reef (North West) (14-116a)__Clam Gardens__2022-08-22","Lizard Island Reef (North West) (14-116a)","LIZ_14-116a_31",2022-10-14,53,364.872109762413,7,285,1,0.0245614035087719,"Lizard Island Reef (North West) (14-116a)__LIZ_14-116a_31__2022-10-14","Clam Gardens",2022-08-22,"AIMSeDNA23-01",1,15,0.533333333333333,6.79915186026667,"other_or_mixed","1x30 (2); 3x12 (2); 3x30 (1)","Lizard Island Reef (North West) (14-116a)__campaign_4"
"Lizard Island Reef (North West) (14-116a)__Clam Gardens__2024-09-15","Lizard Island Reef (North West) (14-116a)","LIZ_14-116a_31",2024-10-23,38,364.872109762413,21,600,2,0.035,"Lizard Island Reef (North West) (14-116a)__LIZ_14-116a_31__2024-10-23","Clam Gardens",2024-09-15,"AIMSeDNA25-02",1,10,1,42.258938417,"other_or_mixed","1x20 (2); 3x20 (1)","Lizard Island Reef (North West) (14-116a)__campaign_6"
"Lizard Island Reef (North West) (14-116a)__Clam Gardens__2025-09-25","Lizard Island Reef (North West) (14-116a)","LIZ_14-116a_31",2025-12-15,81,364.872109762413,27,900,2,0.03,"Lizard Island Reef (North West) (14-116a)__LIZ_14-116a_31__2025-12-15","Clam Gardens",2025-09-25,"AIMSeDNA26-02",1,10,0.1,0.8193262853,"other_or_mixed","1x20 (2); 3x20 (1); 4x12 [6-12] (2)","Lizard Island Reef (North West) (14-116a)__campaign_7"
"Lizard Island Reef (North West) (14-116a)__Clam Gardens__2019-08-29","Lizard Island Reef (North West) (14-116a)","LIZ_14-116a_32",2019-09-21,23,156.022238317573,0,320,1,0,"Lizard Island Reef (North West) (14-116a)__LIZ_14-116a_32__2019-09-21","Clam Gardens",2019-08-29,"AIMSeDNA20-01",1,30,0.3,13.9,"other_or_mixed","1x30 (2); 3x30 (1)","Lizard Island Reef (North West) (14-116a)__campaign_1"
"Lizard Island Reef (North West) (14-116a)__Clam Gardens__2021-08-23","Lizard Island Reef (North West) (14-116a)","LIZ_14-116a_32",2021-11-16,85,157.401399115117,16,280,1,0.0571428571428571,"Lizard Island Reef (North West) (14-116a)__LIZ_14-116a_32__2021-11-16","Clam Gardens",2021-08-23,"AIMSeDNA22-01",1,15,1,87.035685364,"other_or_mixed","1x30 (2); 3x12 (3); 3x30 (1)","Lizard Island Reef (North West) (14-116a)__campaign_3"
"Lizard Island Reef (North West) (14-116a)__Clam Gardens__2019-08-29","Lizard Island Reef (North West) (14-116a)","LIZ_14-116a_33",2019-09-21,23,394.415491600508,0,320,1,0,"Lizard Island Reef (North West) (14-116a)__LIZ_14-116a_33__2019-09-21","Clam Gardens",2019-08-29,"AIMSeDNA20-01",1,30,0.3,13.9,"other_or_mixed","1x30 (2); 3x30 (1)","Lizard Island Reef (North West) (14-116a)__campaign_1"
"Lizard Island Reef (North West) (14-116a)__Clam Gardens__2020-08-28","Lizard Island Reef (North West) (14-116a)","LIZ_14-116a_33",2020-11-16,80,394.415491600508,2,250,1,0.008,"Lizard Island Reef (North West) (14-116a)__LIZ_14-116a_33__2020-11-16","Clam Gardens",2020-08-28,"AIMSeDNA21-01",1,30,0.533333333333333,21.4446040675,"other_or_mixed","1x30 (2); 3x30 [29-31] (1)","Lizard Island Reef (North West) (14-116a)__campaign_2"
"Lizard Island Reef (North West) (14-116a)__Clam Gardens__2021-08-23","Lizard Island Reef (North West) (14-116a)","LIZ_14-116a_33",2021-11-16,85,368.3854396612,1,280,1,0.00357142857142857,"Lizard Island Reef (North West) (14-116a)__LIZ_14-116a_33__2021-11-16","Clam Gardens",2021-08-23,"AIMSeDNA22-01",1,15,1,87.035685364,"other_or_mixed","1x30 (2); 3x12 (3); 3x30 (1)","Lizard Island Reef (North West) (14-116a)__campaign_3"
"Lizard Island Reef (North West) (14-116a)__Clam Gardens__2024-09-15","Lizard Island Reef (North West) (14-116a)","LIZ_14-116a_33",2024-10-23,38,368.3854396612,4,600,2,0.00666666666666667,"Lizard Island Reef (North West) (14-116a)__LIZ_14-116a_33__2024-10-23","Clam Gardens",2024-09-15,"AIMSeDNA25-02",1,10,1,42.258938417,"other_or_mixed","1x20 (2); 3x20 (1)","Lizard Island Reef (North West) (14-116a)__campaign_6"
"Lizard Island Reef (North West) (14-116a)__Clam Gardens__2025-09-25","Lizard Island Reef (North West) (14-116a)","LIZ_14-116a_33",2025-10-11,16,368.3854396612,2,700,2,0.00285714285714286,"Lizard Island Reef (North West) (14-116a)__LIZ_14-116a_33__2025-10-11","Clam Gardens",2025-09-25,"AIMSeDNA26-02",1,10,0.1,0.8193262853,"other_or_mixed","1x20 (2); 3x20 (1); 4x12 [6-12] (2)","Lizard Island Reef (North West) (14-116a)__campaign_7"
"Lizard Island Reef (North West) (14-116a)__Clam Gardens__2019-08-29","Lizard Island Reef (North West) (14-116a)","LIZ_14-116a_34",2019-09-20,22,794.647704660824,2,320,1,0.00625,"Lizard Island Reef (North West) (14-116a)__LIZ_14-116a_34__2019-09-20","Clam Gardens",2019-08-29,"AIMSeDNA20-01",1,30,0.3,13.9,"other_or_mixed","1x30 (2); 3x30 (1)","Lizard Island Reef (North West) (14-116a)__campaign_1"
"Lizard Island Reef (North West) (14-116a)__Clam Gardens__2021-08-23","Lizard Island Reef (North West) (14-116a)","LIZ_14-116a_34",2021-11-16,85,769.249390612953,10,280,1,0.0357142857142857,"Lizard Island Reef (North West) (14-116a)__LIZ_14-116a_34__2021-11-16","Clam Gardens",2021-08-23,"AIMSeDNA22-01",1,15,1,87.035685364,"other_or_mixed","1x30 (2); 3x12 (3); 3x30 (1)","Lizard Island Reef (North West) (14-116a)__campaign_3"
"Lizard Island Reef (North West) (14-116a)__Clam Gardens__2023-09-16","Lizard Island Reef (North West) (14-116a)","LIZ_14-116a_34",2023-10-30,44,769.249390612953,0,285,1,0,"Lizard Island Reef (North West) (14-116a)__LIZ_14-116a_34__2023-10-30","Clam Gardens",2023-09-16,"AIMSeDNA24-01",1,15,0.733333333333333,8.39425750013333,"other_or_mixed","1x30 (2); 3x12 (2); 3x30 (1)","Lizard Island Reef (North West) (14-116a)__campaign_5"
"Lizard Island Reef (North West) (14-116a)__Clam Gardens__2025-09-25","Lizard Island Reef (North West) (14-116a)","LIZ_14-116a_34",2025-10-11,16,769.249390612953,4,700,2,0.00571428571428571,"Lizard Island Reef (North West) (14-116a)__LIZ_14-116a_34__2025-10-11","Clam Gardens",2025-09-25,"AIMSeDNA26-02",1,10,0.1,0.8193262853,"other_or_mixed","1x20 (2); 3x20 (1); 4x12 [6-12] (2)","Lizard Island Reef (North West) (14-116a)__campaign_7"
"Lizard Island Reef (North West) (14-116a)__Clam Gardens__2019-08-29","Lizard Island Reef (North West) (14-116a)","LIZ_14-116a_35",2019-09-20,22,1329.68026399387,2,320,1,0.00625,"Lizard Island Reef (North West) (14-116a)__LIZ_14-116a_35__2019-09-20","Clam Gardens",2019-08-29,"AIMSeDNA20-01",1,30,0.3,13.9,"other_or_mixed","1x30 (2); 3x30 (1)","Lizard Island Reef (North West) (14-116a)__campaign_1"
"Lizard Island Reef (North West) (14-116a)__Clam Gardens__2020-08-28","Lizard Island Reef (North West) (14-116a)","LIZ_14-116a_35",2020-11-16,80,1329.68026399387,2,255,1,0.00784313725490196,"Lizard Island Reef (North West) (14-116a)__LIZ_14-116a_35__2020-11-16","Clam Gardens",2020-08-28,"AIMSeDNA21-01",1,30,0.533333333333333,21.4446040675,"other_or_mixed","1x30 (2); 3x30 [29-31] (1)","Lizard Island Reef (North West) (14-116a)__campaign_2"
"Lizard Island Reef (North West) (14-116a)__Clam Gardens__2023-09-16","Lizard Island Reef (North West) (14-116a)","LIZ_14-116a_35",2023-10-30,44,1304.6679101767,12,285,1,0.0421052631578947,"Lizard Island Reef (North West) (14-116a)__LIZ_14-116a_35__2023-10-30","Clam Gardens",2023-09-16,"AIMSeDNA24-01",1,15,0.733333333333333,8.39425750013333,"other_or_mixed","1x30 (2); 3x12 (2); 3x30 (1)","Lizard Island Reef (North West) (14-116a)__campaign_5"
"Lizard Island Reef (North West) (14-116a)__Clam Gardens__2024-09-15","Lizard Island Reef (North West) (14-116a)","LIZ_14-116a_35",2024-12-03,79,1304.6679101767,9,900,2,0.01,"Lizard Island Reef (North West) (14-116a)__LIZ_14-116a_35__2024-12-03","Clam Gardens",2024-09-15,"AIMSeDNA25-02",1,10,1,42.258938417,"other_or_mixed","1x20 (2); 3x20 (1)","Lizard Island Reef (North West) (14-116a)__campaign_6"
"Lizard Island Reef (North West) (14-116a)__Clam Gardens__2025-09-25","Lizard Island Reef (North West) (14-116a)","LIZ_14-116a_35",2026-02-05,133,1304.6679101767,4,860,2,0.00465116279069767,"Lizard Island Reef (North West) (14-116a)__LIZ_14-116a_35__2026-02-05","Clam Gardens",2025-09-25,"AIMSeDNA26-02",1,10,0.1,0.8193262853,"other_or_mixed","1x20 (2); 3x20 (1); 4x12 [6-12] (2)","Lizard Island Reef (North West) (14-116a)__campaign_7"
"Lizard Island Reef (North West) (14-116a)__Clam Gardens__2019-08-29","Lizard Island Reef (North West) (14-116a)","LIZ_14-116a_36",2019-09-20,22,1703.64939604239,2,640,2,0.003125,"Lizard Island Reef (North West) (14-116a)__LIZ_14-116a_36__2019-09-20","Clam Gardens",2019-08-29,"AIMSeDNA20-01",1,30,0.3,13.9,"other_or_mixed","1x30 (2); 3x30 (1)","Lizard Island Reef (North West) (14-116a)__campaign_1"
"Lizard Island Reef (North West) (14-116a)__Clam Gardens__2023-09-16","Lizard Island Reef (North West) (14-116a)","LIZ_14-116a_36",2024-01-12,118,1677.76486821619,3,800,2,0.00375,"Lizard Island Reef (North West) (14-116a)__LIZ_14-116a_36__2024-01-12","Clam Gardens",2023-09-16,"AIMSeDNA24-01",1,15,0.733333333333333,8.39425750013333,"other_or_mixed","1x30 (2); 3x12 (2); 3x30 (1)","Lizard Island Reef (North West) (14-116a)__campaign_5"
"Lizard Island Reef (North West) (14-116a)__Clam Gardens__2024-09-15","Lizard Island Reef (North West) (14-116a)","LIZ_14-116a_36",2024-12-03,79,1677.76486821619,11,900,2,0.0122222222222222,"Lizard Island Reef (North West) (14-116a)__LIZ_14-116a_36__2024-12-03","Clam Gardens",2024-09-15,"AIMSeDNA25-02",1,10,1,42.258938417,"other_or_mixed","1x20 (2); 3x20 (1)","Lizard Island Reef (North West) (14-116a)__campaign_6"
"Lizard Island Reef (North West) (14-116a)__Clam Gardens__2025-09-25","Lizard Island Reef (North West) (14-116a)","LIZ_14-116a_36",2025-12-14,80,1677.76486821619,14,700,2,0.02,"Lizard Island Reef (North West) (14-116a)__LIZ_14-116a_36__2025-12-14","Clam Gardens",2025-09-25,"AIMSeDNA26-02",1,10,0.1,0.8193262853,"other_or_mixed","1x20 (2); 3x20 (1); 4x12 [6-12] (2)","Lizard Island Reef (North West) (14-116a)__campaign_7"
"Lynchs Reef (18-091)__LYN_CCIPD02_3__2023-04-01","Lynchs Reef (18-091)","LYN_18-091_37",2023-06-27,87,150.897203909844,31,400,2,0.0775,"Lynchs Reef (18-091)__LYN_18-091_37__2023-06-27","LYN_CCIPD02_3",2023-04-01,"FMPCR 2023-03",1,12,0.333333333333333,6.47834959958333,"other_or_mixed","1x12 (2); 2x12 (3); 4x12 (2)","Lynchs Reef (18-091)__campaign_1"
"Lynchs Reef (18-091)__LYN_CCIPD02_3__2023-04-01","Lynchs Reef (18-091)","LYN_18-091_38",2023-04-15,14,377.078613557329,58,666,4,0.0870870870870871,"Lynchs Reef (18-091)__LYN_18-091_38__2023-04-15","LYN_CCIPD02_3",2023-04-01,"FMPCR 2023-03",1,12,0.333333333333333,6.47834959958333,"other_or_mixed","1x12 (2); 2x12 (3); 4x12 (2)","Lynchs Reef (18-091)__campaign_1"
"Lynchs Reef (18-091)__LYN_CCIPD02_1__2023-04-01","Lynchs Reef (18-091)","LYN_18-091_39",2023-04-01,0,291.519376980481,56,383,7,0.14621409921671,"Lynchs Reef (18-091)__LYN_18-091_39__2023-04-01","LYN_CCIPD02_1",2023-04-01,"FMPCR 2023-03",1,12,1,48.6968964733333,"other_or_mixed","1x12 (2); 2x12 (3); 4x12 (2)","Lynchs Reef (18-091)__campaign_1"
"Lynchs Reef (18-091)__LYN_CCIPD02_1__2023-04-01","Lynchs Reef (18-091)","LYN_18-091_40",2023-04-16,15,293.222191202295,103,1299,8,0.0792917628945343,"Lynchs Reef (18-091)__LYN_18-091_40__2023-04-16","LYN_CCIPD02_1",2023-04-01,"FMPCR 2023-03",1,12,1,48.6968964733333,"other_or_mixed","1x12 (2); 2x12 (3); 4x12 (2)","Lynchs Reef (18-091)__campaign_1"
"Lynchs Reef (18-091)__LYN_CCIPD02_2__2023-04-01","Lynchs Reef (18-091)","LYN_18-091_41",2023-04-01,0,96.4820333969383,95,477,7,0.19916142557652,"Lynchs Reef (18-091)__LYN_18-091_41__2023-04-01","LYN_CCIPD02_2",2023-04-01,"FMPCR 2023-03",1,12,0.75,9.89380893141667,"other_or_mixed","1x12 (2); 2x12 (3); 4x12 (2)","Lynchs Reef (18-091)__campaign_1"
"Moore Reef (16-071)__NW Corner__2020-09-16","Moore Reef (16-071)","MOO_16-071_112",2021-02-06,143,1342.70649202734,3,560,2,0.00535714285714286,"Moore Reef (16-071)__MOO_16-071_112__2021-02-06","NW Corner",2020-09-16,"JCUeDNA21-01",1,15,0.466666666666667,9.06131659466667,"other_or_mixed","2x15 (5)","Moore Reef (16-071)__campaign_1"
"Moore Reef (16-071)__MOEDNA3__2022-05-20","Moore Reef (16-071)","MOO_16-071_112",2022-06-01,12,494.547422179422,0,300,1,0,"Moore Reef (16-071)__MOO_16-071_112__2022-06-01","MOEDNA3",2022-05-20,"AIMSeDNA22-03",1,12,0.75,23.893140021,"3x12","3x12 (15)","Moore Reef (16-071)__campaign_3"
"Moore Reef (16-071)__NW Corner__2020-09-16","Moore Reef (16-071)","MOO_16-071_113",2021-02-05,142,1827.29456487385,1,560,2,0.00178571428571429,"Moore Reef (16-071)__MOO_16-071_113__2021-02-05","NW Corner",2020-09-16,"JCUeDNA21-01",1,15,0.466666666666667,9.06131659466667,"other_or_mixed","2x15 (5)","Moore Reef (16-071)__campaign_1"
"Moore Reef (16-071)__Sunlover (SW Corner)__2020-09-14","Moore Reef (16-071)","MOO_16-071_133",2021-02-17,156,503.976418699629,18,640,2,0.028125,"Moore Reef (16-071)__MOO_16-071_133__2021-02-17","Sunlover (SW Corner)",2020-09-14,"JCUeDNA21-01",1,15,0.8,25.0708322382667,"other_or_mixed","2x15 (5)","Moore Reef (16-071)__campaign_1"
"Moore Reef (16-071)__Sunlover (SW Corner)__2020-09-14","Moore Reef (16-071)","MOO_16-071_134",2021-02-18,157,105.563078562686,38,640,2,0.059375,"Moore Reef (16-071)__MOO_16-071_134__2021-02-18","Sunlover (SW Corner)",2020-09-14,"JCUeDNA21-01",1,15,0.8,25.0708322382667,"other_or_mixed","2x15 (5)","Moore Reef (16-071)__campaign_1"
"Moore Reef (16-071)__Sunlover (SW Corner)__2020-09-14","Moore Reef (16-071)","MOO_16-071_136",2021-02-18,157,926.503788609408,17,640,2,0.0265625,"Moore Reef (16-071)__MOO_16-071_136__2021-02-18","Sunlover (SW Corner)",2020-09-14,"JCUeDNA21-01",1,15,0.8,25.0708322382667,"other_or_mixed","2x15 (5)","Moore Reef (16-071)__campaign_1"
"Moore Reef (16-071)__Sunlover (SW Corner)__2020-09-14","Moore Reef (16-071)","MOO_16-071_137",2021-02-19,158,1357.95608637684,16,560,2,0.0285714285714286,"Moore Reef (16-071)__MOO_16-071_137__2021-02-19","Sunlover (SW Corner)",2020-09-14,"JCUeDNA21-01",1,15,0.8,25.0708322382667,"other_or_mixed","2x15 (5)","Moore Reef (16-071)__campaign_1"
"Moore Reef (16-071)__NW Corner__2020-09-16","Moore Reef (16-071)","MOO_16-071_146",2021-02-19,156,1069.23168668866,13,560,2,0.0232142857142857,"Moore Reef (16-071)__MOO_16-071_146__2021-02-19","NW Corner",2020-09-16,"JCUeDNA21-01",1,15,0.466666666666667,9.06131659466667,"other_or_mixed","2x15 (5)","Moore Reef (16-071)__campaign_1"
"Moore Reef (16-071)__NW Corner__2020-09-16","Moore Reef (16-071)","MOO_16-071_147",2020-09-21,5,865.867954557211,15,547,2,0.0274223034734918,"Moore Reef (16-071)__MOO_16-071_147__2020-09-21","NW Corner",2020-09-16,"JCUeDNA21-01",1,15,0.466666666666667,9.06131659466667,"other_or_mixed","2x15 (5)","Moore Reef (16-071)__campaign_1"
"Moore Reef (16-071)__MOEDNA3__2022-05-20","Moore Reef (16-071)","MOO_16-071_147",2022-06-01,12,143.157750935131,0,300,1,0,"Moore Reef (16-071)__MOO_16-071_147__2022-06-01","MOEDNA3",2022-05-20,"AIMSeDNA22-03",1,12,0.75,23.893140021,"3x12","3x12 (15)","Moore Reef (16-071)__campaign_3"
"Moore Reef (16-071)__Sunlover (SW Corner)__2020-09-14","Moore Reef (16-071)","MOO_16-071_148",2020-09-20,6,860.821483173133,17,529,2,0.0321361058601134,"Moore Reef (16-071)__MOO_16-071_148__2020-09-20","Sunlover (SW Corner)",2020-09-14,"JCUeDNA21-01",1,15,0.8,25.0708322382667,"other_or_mixed","2x15 (5)","Moore Reef (16-071)__campaign_1"
"Moore Reef (16-071)__Sunlover (SW Corner)__2020-09-14","Moore Reef (16-071)","MOO_16-071_154",2020-09-20,6,1221.72628371026,17,535,2,0.0317757009345794,"Moore Reef (16-071)__MOO_16-071_154__2020-09-20","Sunlover (SW Corner)",2020-09-14,"JCUeDNA21-01",1,15,0.8,25.0708322382667,"other_or_mixed","2x15 (5)","Moore Reef (16-071)__campaign_1"
"Moore Reef (16-071)__MOEDNA2__2021-05-14","Moore Reef (16-071)","MOO_16-071_155",2021-10-05,144,281.134028017863,13,480,2,0.0270833333333333,"Moore Reef (16-071)__MOO_16-071_155__2021-10-05","MOEDNA2",2021-05-14,"AIMSeDNA21-02",1,12,0.916666666666667,29.1422182888333,"3x12","3x12 (13); 3x12 [11-12] (1)","Moore Reef (16-071)__campaign_2"
"Moore Reef (16-071)__NW Corner__2020-09-16","Moore Reef (16-071)","MOO_16-071_156",2020-09-21,5,1440.52255582019,8,533,2,0.0150093808630394,"Moore Reef (16-071)__MOO_16-071_156__2020-09-21","NW Corner",2020-09-16,"JCUeDNA21-01",1,15,0.466666666666667,9.06131659466667,"other_or_mixed","2x15 (5)","Moore Reef (16-071)__campaign_1"
"Moore Reef (16-071)__MOEDNA3__2021-05-14","Moore Reef (16-071)","MOO_16-071_156",2021-10-05,144,589.619325651153,10,480,2,0.0208333333333333,"Moore Reef (16-071)__MOO_16-071_156__2021-10-05","MOEDNA3",2021-05-14,"AIMSeDNA21-02",1,12,1,1141.07360223333,"3x12","3x12 (13); 3x12 [11-12] (1)","Moore Reef (16-071)__campaign_2"
"Moore Reef (16-071)__NW Corner__2020-09-16","Moore Reef (16-071)","MOO_16-071_157",2021-02-07,144,1467.90962767177,0,560,2,0,"Moore Reef (16-071)__MOO_16-071_157__2021-02-07","NW Corner",2020-09-16,"JCUeDNA21-01",1,15,0.466666666666667,9.06131659466667,"other_or_mixed","2x15 (5)","Moore Reef (16-071)__campaign_1"
"Moore Reef (16-071)__Sunlover (SW Corner)__2020-09-14","Moore Reef (16-071)","MOO_16-071_160",2021-02-16,155,680.903881772819,5,640,2,0.0078125,"Moore Reef (16-071)__MOO_16-071_160__2021-02-16","Sunlover (SW Corner)",2020-09-14,"JCUeDNA21-01",1,15,0.8,25.0708322382667,"other_or_mixed","2x15 (5)","Moore Reef (16-071)__campaign_1"
"North Direction Reef (14-143)__NDEDNA2__2023-09-18","North Direction Reef (14-143)","NOR_14-143_2",2024-01-22,126,65.5714884100675,15,380,1,0.0394736842105263,"North Direction Reef (14-143)__NOR_14-143_2__2024-01-22","NDEDNA2",2023-09-18,"AIMSeDNA24-01",1,12,0.666666666666667,8.57947412891667,"other_or_mixed","1x30 (2); 3x12 (2); 3x30 (1)","North Direction Reef (14-143)__campaign_3"
"North Direction Reef (14-143)__NDEDNA3__2021-08-24","North Direction Reef (14-143)","NOR_14-143_3",2021-11-25,93,189.53037214409,3,560,2,0.00535714285714286,"North Direction Reef (14-143)__NOR_14-143_3__2021-11-25","NDEDNA3",2021-08-24,"AIMSeDNA22-01",1,12,0.166666666666667,1.87844754025,"other_or_mixed","1x30 (2); 3x12 (3); 3x30 (1)","North Direction Reef (14-143)__campaign_1"
"North Direction Reef (14-143)__NDEDNA3__2023-09-18","North Direction Reef (14-143)","NOR_14-143_3",2024-01-22,126,189.53037214409,6,380,1,0.0157894736842105,"North Direction Reef (14-143)__NOR_14-143_3__2024-01-22","NDEDNA3",2023-09-18,"AIMSeDNA24-01",1,12,0.666666666666667,7.90693121925,"other_or_mixed","1x30 (2); 3x12 (2); 3x30 (1)","North Direction Reef (14-143)__campaign_3"
"North Direction Reef (14-143)__NDEDNA3__2021-08-24","North Direction Reef (14-143)","NOR_14-143_4",2022-02-21,181,280.628661635284,0,450,1,0,"North Direction Reef (14-143)__NOR_14-143_4__2022-02-21","NDEDNA3",2021-08-24,"AIMSeDNA22-01",1,12,0.166666666666667,1.87844754025,"other_or_mixed","1x30 (2); 3x12 (3); 3x30 (1)","North Direction Reef (14-143)__campaign_1"
"North Direction Reef (14-143)__NDEDNA3__2023-09-18","North Direction Reef (14-143)","NOR_14-143_4",2024-01-22,126,280.628661635284,2,380,1,0.00526315789473684,"North Direction Reef (14-143)__NOR_14-143_4__2024-01-22","NDEDNA3",2023-09-18,"AIMSeDNA24-01",1,12,0.666666666666667,7.90693121925,"other_or_mixed","1x30 (2); 3x12 (2); 3x30 (1)","North Direction Reef (14-143)__campaign_3"
"Prawn Reef (19-024)__PRA_CCIPD02_1__2023-03-27","Prawn Reef (19-024)","PRA_19-024_11",2023-03-27,0,347.393540631639,1,293,7,0.00341296928327645,"Prawn Reef (19-024)__PRA_19-024_11__2023-03-27","PRA_CCIPD02_1",2023-03-27,"FMPCR 2023-03",1,12,0.25,1.97257196341667,"other_or_mixed","1x12 (2); 2x12 (3); 4x12 (2)","Prawn Reef (19-024)__campaign_1"
"Prawn Reef (19-024)__PRA_CCIPD02_2__2023-03-27","Prawn Reef (19-024)","PRA_19-024_4",2023-03-27,0,199.698266364739,2,153,3,0.0130718954248366,"Prawn Reef (19-024)__PRA_19-024_4__2023-03-27","PRA_CCIPD02_2",2023-03-27,"FMPCR 2023-03",1,12,0.666666666666667,14.5250149853333,"other_or_mixed","1x12 (2); 2x12 (3); 4x12 (2)","Prawn Reef (19-024)__campaign_1"
"Shrimp Reef (18-118)__SHR_CCIPD02_1__2023-03-26","Shrimp Reef (18-118)","SHR_18-118_19",2023-03-26,0,186.923540484139,4,560,16,0.00714285714285714,"Shrimp Reef (18-118)__SHR_18-118_19__2023-03-26","SHR_CCIPD02_1",2023-03-26,"FMPCR 2023-03",1,12,0.5,5.14942981,"other_or_mixed","1x12 (2); 2x12 (3); 4x12 (2)","Shrimp Reef (18-118)__campaign_1"
"Thetford Reef (16-068)__THEDNA1__2021-05-15","Thetford Reef (16-068)","THE_16-068_12",2021-10-04,142,460.910035353894,5,560,2,0.00892857142857143,"Thetford Reef (16-068)__THE_16-068_12__2021-10-04","THEDNA1",2021-05-15,"AIMSeDNA21-02",1,12,0.666666666666667,14.4348445215,"3x12","3x12 (13); 3x12 [11-12] (1)","Thetford Reef (16-068)__campaign_2"
"Thetford Reef (16-068)__THEDNA1__2022-05-19","Thetford Reef (16-068)","THE_16-068_13",2022-09-21,125,580.92873280078,1,200,1,0.005,"Thetford Reef (16-068)__THE_16-068_13__2022-09-21","THEDNA1",2022-05-19,"AIMSeDNA22-03",1,12,0.333333333333333,3.90012622816667,"3x12","3x12 (15)","Thetford Reef (16-068)__campaign_3"
"Thetford Reef (16-068)__THEDNA1__2022-05-19","Thetford Reef (16-068)","THE_16-068_14",2022-08-14,87,583.865979797151,9,1200,4,0.0075,"Thetford Reef (16-068)__THE_16-068_14__2022-08-14","THEDNA1",2022-05-19,"AIMSeDNA22-03",1,12,0.333333333333333,3.90012622816667,"3x12","3x12 (15)","Thetford Reef (16-068)__campaign_3"
"Thetford Reef (16-068)__THEDNA1__2021-05-15","Thetford Reef (16-068)","THE_16-068_15",2021-06-29,45,710.669016191311,1,320,2,0.003125,"Thetford Reef (16-068)__THE_16-068_15__2021-06-29","THEDNA1",2021-05-15,"AIMSeDNA21-02",1,12,0.666666666666667,14.4348445215,"3x12","3x12 (13); 3x12 [11-12] (1)","Thetford Reef (16-068)__campaign_2"
"Thetford Reef (16-068)__THEDNA1__2022-05-19","Thetford Reef (16-068)","THE_16-068_15",2022-08-13,86,710.669016191311,2,898,4,0.0022271714922049,"Thetford Reef (16-068)__THE_16-068_15__2022-08-13","THEDNA1",2022-05-19,"AIMSeDNA22-03",1,12,0.333333333333333,3.90012622816667,"3x12","3x12 (15)","Thetford Reef (16-068)__campaign_3"
"Thetford Reef (16-068)__THEDNA1__2022-05-19","Thetford Reef (16-068)","THE_16-068_16",2022-08-12,85,849.487139979244,5,1320,4,0.00378787878787879,"Thetford Reef (16-068)__THE_16-068_16__2022-08-12","THEDNA1",2022-05-19,"AIMSeDNA22-03",1,12,0.333333333333333,3.90012622816667,"3x12","3x12 (15)","Thetford Reef (16-068)__campaign_3"
"Thetford Reef (16-068)__THEDNA2__2022-05-19","Thetford Reef (16-068)","THE_16-068_17",2022-08-11,84,687.010046732565,3,1340,4,0.00223880597014925,"Thetford Reef (16-068)__THE_16-068_17__2022-08-11","THEDNA2",2022-05-19,"AIMSeDNA22-03",1,12,0.0833333333333333,1.27191506333333,"3x12","3x12 (15)","Thetford Reef (16-068)__campaign_3"
"Thetford Reef (16-068)__THEDNA1__2021-05-15","Thetford Reef (16-068)","THE_16-068_27",2021-10-04,142,191.455068261806,15,560,2,0.0267857142857143,"Thetford Reef (16-068)__THE_16-068_27__2021-10-04","THEDNA1",2021-05-15,"AIMSeDNA21-02",1,12,0.666666666666667,14.4348445215,"3x12","3x12 (13); 3x12 [11-12] (1)","Thetford Reef (16-068)__campaign_2"
"Thetford Reef (16-068)__THEDNA1__2022-05-19","Thetford Reef (16-068)","THE_16-068_27",2022-09-21,125,191.455068261806,5,380,2,0.0131578947368421,"Thetford Reef (16-068)__THE_16-068_27__2022-09-21","THEDNA1",2022-05-19,"AIMSeDNA22-03",1,12,0.333333333333333,3.90012622816667,"3x12","3x12 (15)","Thetford Reef (16-068)__campaign_3"
"Tongue Reef (16-026)__TonEDNA1__2021-05-16","Tongue Reef (16-026)","TON_16-026_36",2021-07-25,70,865.899742015747,52,460,2,0.11304347826087,"Tongue Reef (16-026)__TON_16-026_36__2021-07-25","TonEDNA1",2021-05-16,"AIMSeDNA21-02",1,12,1,35.3254107483333,"3x12","3x12 (13); 3x12 [11-12] (1)","Tongue Reef (16-026)__campaign_1"
"Tongue Reef (16-026)__TonEDNA1__2021-05-16","Tongue Reef (16-026)","TON_16-026_37",2021-07-25,70,421.513207581095,37,460,2,0.0804347826086956,"Tongue Reef (16-026)__TON_16-026_37__2021-07-25","TonEDNA1",2021-05-16,"AIMSeDNA21-02",1,12,1,35.3254107483333,"3x12","3x12 (13); 3x12 [11-12] (1)","Tongue Reef (16-026)__campaign_1"
"Tongue Reef (16-026)__TonEDNA2__2021-05-16","Tongue Reef (16-026)","TON_16-026_43",2021-07-21,66,747.314962146905,6,560,2,0.0107142857142857,"Tongue Reef (16-026)__TON_16-026_43__2021-07-21","TonEDNA2",2021-05-16,"AIMSeDNA21-02",1,12,0,0,"3x12","3x12 (13); 3x12 [11-12] (1)","Tongue Reef (16-026)__campaign_1"
"Tongue Reef (16-026)__TonEDNA3__2021-05-16","Tongue Reef (16-026)","TON_16-026_44",2021-07-21,66,828.178222472677,5,560,2,0.00892857142857143,"Tongue Reef (16-026)__TON_16-026_44__2021-07-21","TonEDNA3",2021-05-16,"AIMSeDNA21-02",1,12,0.666666666666667,10.5843554741667,"3x12","3x12 (13); 3x12 [11-12] (1)","Tongue Reef (16-026)__campaign_1"
"U/N Reef (11-049)__11-049eDNA1__2024-12-11","U/N Reef (11-049)","U/N_11-049_11",2025-04-07,117,86.4532789402716,57,1020,3,0.0558823529411765,"U/N Reef (11-049)__U/N_11-049_11__2025-04-07","11-049eDNA1",2024-12-11,"AIMSeDNA25-03",1,6,1,32.5166141614318,"other_or_mixed","3x12 (1); 4x6 (3)","U/N Reef (11-049)__campaign_4"
"U/N Reef (11-049)__11-049eDNA2__2024-12-11","U/N Reef (11-049)","U/N_11-049_7",2025-04-07,117,37.7515826145289,6,680,2,0.00882352941176471,"U/N Reef (11-049)__U/N_11-049_7__2025-04-07","11-049eDNA2",2024-12-11,"AIMSeDNA25-03",1,6,1,62.5809432007372,"other_or_mixed","3x12 (1); 4x6 (3)","U/N Reef (11-049)__campaign_4"
"U/N Reef (15-043)__15-043eDNA1__2026-01-27","U/N Reef (15-043)","U/N_15-043_17",2026-03-01,33,1656.0794619585,0,240,2,0,"U/N Reef (15-043)__U/N_15-043_17__2026-03-01","15-043eDNA1",2026-01-27,"FMPCRS 2026-02",1,6,0.833333333333333,38.3438392542303,"4x6","4x6 (8); 4x6 [5-6] (2)","U/N Reef (15-043)__campaign_1"
"U/N Reef (20-386)__20-386eDNA1__2025-08-19","U/N Reef (20-386)","U/N_20-386_14",2025-08-20,1,740.882720231119,3,200,1,0.015,"U/N Reef (20-386)__U/N_20-386_14__2025-08-20","20-386eDNA1",2025-08-19,"45",1,6,1,44.3808115091667,"4x6","4x6 (3)","U/N Reef (20-386)__campaign_2"
"U/N Reef (20-386)__20-386eDNA1__2025-08-19","U/N Reef (20-386)","U/N_20-386_15",2025-08-21,2,694.170761915968,46,290,1,0.158620689655172,"U/N Reef (20-386)__U/N_20-386_15__2025-08-21","20-386eDNA1",2025-08-19,"45",1,6,1,44.3808115091667,"4x6","4x6 (3)","U/N Reef (20-386)__campaign_2"
"U/N Reef (20-386)__20-386eDNA1__2025-08-19","U/N Reef (20-386)","U/N_20-386_17",2025-08-20,1,377.301095213346,1,224,1,0.00446428571428571,"U/N Reef (20-386)__U/N_20-386_17__2025-08-20","20-386eDNA1",2025-08-19,"45",1,6,1,44.3808115091667,"4x6","4x6 (3)","U/N Reef (20-386)__campaign_2"
"U/N Reef (20-386)__20-386eDNA1__2025-08-19","U/N Reef (20-386)","U/N_20-386_18",2025-08-21,2,212.983282687615,66,555,1,0.118918918918919,"U/N Reef (20-386)__U/N_20-386_18__2025-08-21","20-386eDNA1",2025-08-19,"45",1,6,1,44.3808115091667,"4x6","4x6 (3)","U/N Reef (20-386)__campaign_2"
"U/N Reef (20-386)__20-386eDNA1__2025-08-19","U/N Reef (20-386)","U/N_20-386_19",2025-08-21,2,461.403253676107,2,235,1,0.00851063829787234,"U/N Reef (20-386)__U/N_20-386_19__2025-08-21","20-386eDNA1",2025-08-19,"45",1,6,1,44.3808115091667,"4x6","4x6 (3)","U/N Reef (20-386)__campaign_2"
"U/N Reef (20-386)__20-386eDNA4__2025-08-19","U/N Reef (20-386)","U/N_20-386_1",2025-08-20,1,513.794748038596,13,270,1,0.0481481481481481,"U/N Reef (20-386)__U/N_20-386_1__2025-08-20","20-386eDNA4",2025-08-19,"45",1,6,0.833333333333333,31.61009988,"4x6","4x6 (3)","U/N Reef (20-386)__campaign_2"
"U/N Reef (20-386)__20-386eDNA2__2025-08-19","U/N Reef (20-386)","U/N_20-386_26",2025-08-19,0,777.019382421836,4,255,1,0.0156862745098039,"U/N Reef (20-386)__U/N_20-386_26__2025-08-19","20-386eDNA2",2025-08-19,"45",1,6,0,0,"4x6","4x6 (3)","U/N Reef (20-386)__campaign_2"
"U/N Reef (20-386)__20-386eDNA3__2025-08-19","U/N Reef (20-386)","U/N_20-386_27",2025-08-19,0,691.880514659716,1,165,1,0.00606060606060606,"U/N Reef (20-386)__U/N_20-386_27__2025-08-19","20-386eDNA3",2025-08-19,"45",1,6,0.666666666666667,11.3856196415,"4x6","4x6 (3)","U/N Reef (20-386)__campaign_2"
"U/N Reef (20-386)__20-386eDNA3__2025-08-19","U/N Reef (20-386)","U/N_20-386_28",2025-08-20,1,252.699553496856,14,215,1,0.0651162790697674,"U/N Reef (20-386)__U/N_20-386_28__2025-08-20","20-386eDNA3",2025-08-19,"45",1,6,0.666666666666667,11.3856196415,"4x6","4x6 (3)","U/N Reef (20-386)__campaign_2"
"U/N Reef (20-386)__20-386eDNA3__2025-08-19","U/N Reef (20-386)","U/N_20-386_29",2025-08-20,1,388.170393531565,28,305,1,0.0918032786885246,"U/N Reef (20-386)__U/N_20-386_29__2025-08-20","20-386eDNA3",2025-08-19,"45",1,6,0.666666666666667,11.3856196415,"4x6","4x6 (3)","U/N Reef (20-386)__campaign_2"
"U/N Reef (20-386)__20-386eDNA4__2025-08-19","U/N Reef (20-386)","U/N_20-386_2",2025-08-20,1,711.406736504696,26,295,1,0.088135593220339,"U/N Reef (20-386)__U/N_20-386_2__2025-08-20","20-386eDNA4",2025-08-19,"45",1,6,0.833333333333333,31.61009988,"4x6","4x6 (3)","U/N Reef (20-386)__campaign_2"
"U/N Reef (20-386)__20-386eDNA4__2025-08-19","U/N Reef (20-386)","U/N_20-386_30",2025-08-21,2,744.865302432202,6,240,1,0.025,"U/N Reef (20-386)__U/N_20-386_30__2025-08-21","20-386eDNA4",2025-08-19,"45",1,6,0.833333333333333,31.61009988,"4x6","4x6 (3)","U/N Reef (20-386)__campaign_2"
"U/N Reef (20-386)__20-386eDNA4__2025-08-19","U/N Reef (20-386)","U/N_20-386_31",2025-08-21,2,418.214486773007,19,315,1,0.0603174603174603,"U/N Reef (20-386)__U/N_20-386_31__2025-08-21","20-386eDNA4",2025-08-19,"45",1,6,0.833333333333333,31.61009988,"4x6","4x6 (3)","U/N Reef (20-386)__campaign_2"
"U/N Reef (20-386)__20-386eDNA2__2025-08-19","U/N Reef (20-386)","U/N_20-386_36",2025-08-20,1,508.8199185325,16,454,1,0.0352422907488987,"U/N Reef (20-386)__U/N_20-386_36__2025-08-20","20-386eDNA2",2025-08-19,"45",1,6,0,0,"4x6","4x6 (3)","U/N Reef (20-386)__campaign_2"
"U/N Reef (20-386)__20-386eDNA4__2025-08-19","U/N Reef (20-386)","U/N_20-386_4",2026-02-18,183,475.185471798898,0,330,1,0,"U/N Reef (20-386)__U/N_20-386_4__2026-02-18","20-386eDNA4",2025-08-19,"45",1,6,0.833333333333333,31.61009988,"4x6","4x6 (3)","U/N Reef (20-386)__campaign_2"
"U/N Reef (20-386)__20-386eDNA3__2025-08-19","U/N Reef (20-386)","U/N_20-386_5",2026-02-18,183,565.815764606651,1,230,1,0.00434782608695652,"U/N Reef (20-386)__U/N_20-386_5__2026-02-18","20-386eDNA3",2025-08-19,"45",1,6,0.666666666666667,11.3856196415,"4x6","4x6 (3)","U/N Reef (20-386)__campaign_2"
"U/N Reef (21-057)__21-057eDNA3__2025-08-22","U/N Reef (21-057)","U/N_21-057_41",2025-08-22,0,384.247890953351,9,534,1,0.0168539325842697,"U/N Reef (21-057)__U/N_21-057_41__2025-08-22","21-057eDNA3",2025-08-22,"45",1,6,0,0,"4x6","4x6 (3)","U/N Reef (21-057)__campaign_1"
"U/N Reef (21-057)__21-057eDNA2__2025-08-22","U/N Reef (21-057)","U/N_21-057_42",2025-08-22,0,303.870059850781,5,270,1,0.0185185185185185,"U/N Reef (21-057)__U/N_21-057_42__2025-08-22","21-057eDNA2",2025-08-22,"45",1,6,0.166666666666667,1.3587307185,"4x6","4x6 (3)","U/N Reef (21-057)__campaign_1"
"U/N Reef (21-057)__21-057eDNA2__2025-08-22","U/N Reef (21-057)","U/N_21-057_43",2025-08-22,0,262.408872568914,3,336,1,0.00892857142857143,"U/N Reef (21-057)__U/N_21-057_43__2025-08-22","21-057eDNA2",2025-08-22,"45",1,6,0.166666666666667,1.3587307185,"4x6","4x6 (3)","U/N Reef (21-057)__campaign_1"
"U/N Reef (21-057)__21-057eDNA2__2025-08-22","U/N Reef (21-057)","U/N_21-057_44",2025-08-22,0,644.201054762528,14,570,1,0.0245614035087719,"U/N Reef (21-057)__U/N_21-057_44__2025-08-22","21-057eDNA2",2025-08-22,"45",1,6,0.166666666666667,1.3587307185,"4x6","4x6 (3)","U/N Reef (21-057)__campaign_1"
"U/N Reef (21-067)__21-067eDNA3__2025-02-07","U/N Reef (21-067)","UN_21-067_1",2025-03-27,48,296.656052651231,32,220,1,0.145454545454545,"U/N Reef (21-067)__UN_21-067_1__2025-03-27","21-067eDNA3",2025-02-07,"FMPCRS 2025-02",1,6,0,0,"4x6","4x6 (9)","U/N Reef (21-067)__campaign_1"
"U/N Reef (21-067)__21-067eDNA4__2025-02-07","U/N Reef (21-067)","UN_21-067_3",2025-03-27,48,25.9976866522796,45,232,1,0.193965517241379,"U/N Reef (21-067)__UN_21-067_3__2025-03-27","21-067eDNA4",2025-02-07,"FMPCRS 2025-02",1,6,1,61.7306231446667,"4x6","4x6 (9)","U/N Reef (21-067)__campaign_1"
"U/N Reef (21-067)__21-067eDNA4__2025-02-07","U/N Reef (21-067)","UN_21-067_5",2025-03-27,48,498.344903507888,17,216,1,0.0787037037037037,"U/N Reef (21-067)__UN_21-067_5__2025-03-27","21-067eDNA4",2025-02-07,"FMPCRS 2025-02",1,6,1,61.7306231446667,"4x6","4x6 (9)","U/N Reef (21-067)__campaign_1"
"U/N Reef (21-067)__21-067eDNA1__2025-02-07","U/N Reef (21-067)","UN_21-067_6",2025-03-27,48,430.128223635802,24,188,1,0.127659574468085,"U/N Reef (21-067)__UN_21-067_6__2025-03-27","21-067eDNA1",2025-02-07,"FMPCRS 2025-02",1,6,0.5,7.9320912255,"4x6","4x6 (9)","U/N Reef (21-067)__campaign_1"
"U/N Reef (21-069)__21-069eDNA4__2025-02-08","U/N Reef (21-069)","UN_21-069_3",2025-03-28,48,236.531155334822,0,156,1,0,"U/N Reef (21-069)__UN_21-069_3__2025-03-28","21-069eDNA4",2025-02-08,"FMPCRS 2025-02",1,6,0,0,"4x6","4x6 (9)","U/N Reef (21-069)__campaign_1"
"U/N Reef (21-069)__21-069eDNA1__2025-02-08","U/N Reef (21-069)","UN_21-069_6",2025-03-28,48,237.79753772516,0,208,1,0,"U/N Reef (21-069)__UN_21-069_6__2025-03-28","21-069eDNA1",2025-02-08,"FMPCRS 2025-02",1,6,0.166666666666667,1.39006851233333,"4x6","4x6 (9)","U/N Reef (21-069)__campaign_1"
"U/N Reef (21-069)__21-069eDNA2__2025-02-08","U/N Reef (21-069)","UN_21-069_8",2025-03-28,48,108.931367983319,0,344,2,0,"U/N Reef (21-069)__UN_21-069_8__2025-03-28","21-069eDNA2",2025-02-08,"FMPCRS 2025-02",1,6,0,0,"4x6","4x6 (9)","U/N Reef (21-069)__campaign_1"
"U/N Reef (21-250a)__21-250aeDNA2__2025-10-30","U/N Reef (21-250a)","U/N_21-250a_11",2025-12-11,42,235.744181783899,6,240,1,0.025,"U/N Reef (21-250a)__U/N_21-250a_11__2025-12-11","21-250aeDNA2",2025-10-30,"FMPCRS 2025-05",1,6,1,28.5418372601271,"4x6","4x6 (10)","U/N Reef (21-250a)__campaign_1"
"U/N Reef (21-250a)__21-250aeDNA4__2025-10-30","U/N Reef (21-250a)","U/N_21-250a_20",2025-12-11,42,811.98088165709,5,235,1,0.0212765957446809,"U/N Reef (21-250a)__U/N_21-250a_20__2025-12-11","21-250aeDNA4",2025-10-30,"FMPCRS 2025-05",1,6,0.666666666666667,6.47277347743511,"4x6","4x6 (10)","U/N Reef (21-250a)__campaign_1"
"U/N Reef (21-250a)__21-250aeDNA4__2025-10-30","U/N Reef (21-250a)","U/N_21-250a_21",2025-12-11,42,424.355695300646,3,262,1,0.0114503816793893,"U/N Reef (21-250a)__U/N_21-250a_21__2025-12-11","21-250aeDNA4",2025-10-30,"FMPCRS 2025-05",1,6,0.666666666666667,6.47277347743511,"4x6","4x6 (10)","U/N Reef (21-250a)__campaign_1"
"U/N Reef (21-250a)__21-250aeDNA3__2025-10-30","U/N Reef (21-250a)","U/N_21-250a_5",2025-12-11,42,107.184011098228,13,280,1,0.0464285714285714,"U/N Reef (21-250a)__U/N_21-250a_5__2025-12-11","21-250aeDNA3",2025-10-30,"FMPCRS 2025-05",1,6,0.666666666666667,7.73214725777507,"4x6","4x6 (10)","U/N Reef (21-250a)__campaign_1"
"U/N Reef (21-250a)__21-250aeDNA3__2025-10-30","U/N Reef (21-250a)","U/N_21-250a_6",2025-12-10,41,478.628461921516,0,255,1,0,"U/N Reef (21-250a)__U/N_21-250a_6__2025-12-10","21-250aeDNA3",2025-10-30,"FMPCRS 2025-05",1,6,0.666666666666667,7.73214725777507,"4x6","4x6 (10)","U/N Reef (21-250a)__campaign_1"
"U/N Reef (21-250a)__21-250aeDNA2__2025-10-30","U/N Reef (21-250a)","U/N_21-250a_7",2025-12-10,41,745.783551019014,6,255,1,0.0235294117647059,"U/N Reef (21-250a)__U/N_21-250a_7__2025-12-10","21-250aeDNA2",2025-10-30,"FMPCRS 2025-05",1,6,1,28.5418372601271,"4x6","4x6 (10)","U/N Reef (21-250a)__campaign_1"
"U/N Reef (21-250a)__21-250aeDNA2__2025-10-30","U/N Reef (21-250a)","U/N_21-250a_8",2025-12-10,41,519.726231903563,3,225,1,0.0133333333333333,"U/N Reef (21-250a)__U/N_21-250a_8__2025-12-10","21-250aeDNA2",2025-10-30,"FMPCRS 2025-05",1,6,1,28.5418372601271,"4x6","4x6 (10)","U/N Reef (21-250a)__campaign_1"
"U/N Reef (21-250a)__21-250aeDNA1__2025-10-30","U/N Reef (21-250a)","U/N_21-250a_9",2025-12-10,41,496.389873216651,4,245,1,0.0163265306122449,"U/N Reef (21-250a)__U/N_21-250a_9__2025-12-10","21-250aeDNA1",2025-10-30,"FMPCRS 2025-05",1,6,1,19.3986426107585,"4x6","4x6 (10)","U/N Reef (21-250a)__campaign_1"
"U/N Reef (21-460)__21-460eDNA_4__2025-04-10","U/N Reef (21-460)","U/N_21-460_23",2025-04-11,1,1566.66976053112,0,420,1,0,"U/N Reef (21-460)__U/N_21-460_23__2025-04-11","21-460eDNA_4",2025-04-10,"41",1,6,0,0,"4x6","4x6 (2)","U/N Reef (21-460)__campaign_1"
"U/N Reef (21-460)__21-460eDNA_1__2025-04-10","U/N Reef (21-460)","U/N_21-460_31",2025-04-10,0,806.578910676616,0,609,1,0,"U/N Reef (21-460)__U/N_21-460_31__2025-04-10","21-460eDNA_1",2025-04-10,"41",1,6,0.166666666666667,1.25,"4x6","4x6 (2)","U/N Reef (21-460)__campaign_1"
"U/N Reef (21-460)__21-460eDNA_1__2025-04-10","U/N Reef (21-460)","U/N_21-460_32",2025-04-10,0,463.762832253781,0,392,1,0,"U/N Reef (21-460)__U/N_21-460_32__2025-04-10","21-460eDNA_1",2025-04-10,"41",1,6,0.166666666666667,1.25,"4x6","4x6 (2)","U/N Reef (21-460)__campaign_1"
"U/N Reef (21-460)__21-460eDNA_1__2025-04-10","U/N Reef (21-460)","U/N_21-460_34",2025-04-10,0,218.034740642681,0,580,1,0,"U/N Reef (21-460)__U/N_21-460_34__2025-04-10","21-460eDNA_1",2025-04-10,"41",1,6,0.166666666666667,1.25,"4x6","4x6 (2)","U/N Reef (21-460)__campaign_1"
"U/N Reef (21-460)__21-460eDNA_1__2025-04-10","U/N Reef (21-460)","U/N_21-460_35",2025-04-10,0,456.544092155703,0,555,1,0,"U/N Reef (21-460)__U/N_21-460_35__2025-04-10","21-460eDNA_1",2025-04-10,"41",1,6,0.166666666666667,1.25,"4x6","4x6 (2)","U/N Reef (21-460)__campaign_1"
"U/N Reef (21-460)__21-460eDNA_1__2025-04-10","U/N Reef (21-460)","U/N_21-460_43",2025-04-11,1,623.26901686224,1,570,1,0.00175438596491228,"U/N Reef (21-460)__U/N_21-460_43__2025-04-11","21-460eDNA_1",2025-04-10,"41",1,6,0.166666666666667,1.25,"4x6","4x6 (2)","U/N Reef (21-460)__campaign_1"
"U/N Reef (21-460)__21-460eDNA_1__2025-04-10","U/N Reef (21-460)","U/N_21-460_44",2025-04-11,1,498.571493533938,0,470,1,0,"U/N Reef (21-460)__U/N_21-460_44__2025-04-11","21-460eDNA_1",2025-04-10,"41",1,6,0.166666666666667,1.25,"4x6","4x6 (2)","U/N Reef (21-460)__campaign_1"
"U/N Reef (21-466)__21-466eDNA_2__2025-04-12","U/N Reef (21-466)","U/N_21-466_10",2025-05-07,25,455.709585410294,0,430,1,0,"U/N Reef (21-466)__U/N_21-466_10__2025-05-07","21-466eDNA_2",2025-04-12,"41",1,6,0,0,"4x6","4x6 (2)","U/N Reef (21-466)__campaign_1"
"U/N Reef (21-466)__21-466eDNA_3__2025-04-12","U/N Reef (21-466)","U/N_21-466_12",2025-05-06,24,904.240713965898,0,498,1,0,"U/N Reef (21-466)__U/N_21-466_12__2025-05-06","21-466eDNA_3",2025-04-12,"41",1,6,0.333333333333333,3.75,"4x6","4x6 (2)","U/N Reef (21-466)__campaign_1"
"U/N Reef (21-466)__21-466eDNA_3__2025-04-12","U/N Reef (21-466)","U/N_21-466_14",2025-05-06,24,954.338844762852,1,587,1,0.00170357751277683,"U/N Reef (21-466)__U/N_21-466_14__2025-05-06","21-466eDNA_3",2025-04-12,"41",1,6,0.333333333333333,3.75,"4x6","4x6 (2)","U/N Reef (21-466)__campaign_1"
"U/N Reef (21-466)__21-466eDNA_3__2025-04-12","U/N Reef (21-466)","U/N_21-466_1",2025-05-08,26,402.723248447325,0,430,1,0,"U/N Reef (21-466)__U/N_21-466_1__2025-05-08","21-466eDNA_3",2025-04-12,"41",1,6,0.333333333333333,3.75,"4x6","4x6 (2)","U/N Reef (21-466)__campaign_1"
"U/N Reef (21-466)__21-466eDNA_2__2025-04-12","U/N Reef (21-466)","U/N_21-466_2",2025-05-06,24,966.988489678087,0,865,2,0,"U/N Reef (21-466)__U/N_21-466_2__2025-05-06","21-466eDNA_2",2025-04-12,"41",1,6,0,0,"4x6","4x6 (2)","U/N Reef (21-466)__campaign_1"
"U/N Reef (21-466)__21-466eDNA_2__2025-04-12","U/N Reef (21-466)","U/N_21-466_42",2025-05-07,25,456.692621429976,2,546,1,0.00366300366300366,"U/N Reef (21-466)__U/N_21-466_42__2025-05-07","21-466eDNA_2",2025-04-12,"41",1,6,0,0,"4x6","4x6 (2)","U/N Reef (21-466)__campaign_1"
"U/N Reef (21-466)__21-466eDNA_2__2025-04-12","U/N Reef (21-466)","U/N_21-466_43",2025-05-07,25,1162.9762752984,0,455,1,0,"U/N Reef (21-466)__U/N_21-466_43__2025-05-07","21-466eDNA_2",2025-04-12,"41",1,6,0,0,"4x6","4x6 (2)","U/N Reef (21-466)__campaign_1"
"U/N Reef (21-466)__21-466eDNA_3__2025-04-12","U/N Reef (21-466)","U/N_21-466_44",2025-05-08,26,83.0898286844439,0,440,1,0,"U/N Reef (21-466)__U/N_21-466_44__2025-05-08","21-466eDNA_3",2025-04-12,"41",1,6,0.333333333333333,3.75,"4x6","4x6 (2)","U/N Reef (21-466)__campaign_1"
"U/N Reef (21-466)__21-466eDNA_3__2025-04-12","U/N Reef (21-466)","U/N_21-466_45",2025-05-07,25,246.123415290757,3,510,1,0.00588235294117647,"U/N Reef (21-466)__U/N_21-466_45__2025-05-07","21-466eDNA_3",2025-04-12,"41",1,6,0.333333333333333,3.75,"4x6","4x6 (2)","U/N Reef (21-466)__campaign_1"
"U/N Reef (21-466)__21-466eDNA_2__2025-04-12","U/N Reef (21-466)","U/N_21-466_46",2025-04-12,0,538.800091792615,0,288,1,0,"U/N Reef (21-466)__U/N_21-466_46__2025-04-12","21-466eDNA_2",2025-04-12,"41",1,6,0,0,"4x6","4x6 (2)","U/N Reef (21-466)__campaign_1"
"U/N Reef (21-466)__21-466eDNA_4__2025-04-12","U/N Reef (21-466)","U/N_21-466_4",2025-05-08,26,708.586842948996,0,567,1,0,"U/N Reef (21-466)__U/N_21-466_4__2025-05-08","21-466eDNA_4",2025-04-12,"41",1,6,0,0,"4x6","4x6 (2)","U/N Reef (21-466)__campaign_1"
"U/N Reef (21-466)__21-466eDNA_2__2025-04-12","U/N Reef (21-466)","U/N_21-466_7",2025-04-12,0,694.820358681586,0,545,1,0,"U/N Reef (21-466)__U/N_21-466_7__2025-04-12","21-466eDNA_2",2025-04-12,"41",1,6,0,0,"4x6","4x6 (2)","U/N Reef (21-466)__campaign_1"
"U/N Reef (21-466)__21-466eDNA_3__2025-04-12","U/N Reef (21-466)","U/N_21-466_8",2025-05-08,26,1140.9105075817,0,485,1,0,"U/N Reef (21-466)__U/N_21-466_8__2025-05-08","21-466eDNA_3",2025-04-12,"41",1,6,0.333333333333333,3.75,"4x6","4x6 (2)","U/N Reef (21-466)__campaign_1"
"U/N Reef (21-466)__21-466eDNA_3__2025-04-12","U/N Reef (21-466)","U/N_21-466_9",2025-05-08,26,1078.17368505757,0,565,1,0,"U/N Reef (21-466)__U/N_21-466_9__2025-05-08","21-466eDNA_3",2025-04-12,"41",1,6,0.333333333333333,3.75,"4x6","4x6 (2)","U/N Reef (21-466)__campaign_1"
"Vicki Harriott Reef (15-070)__VickHareDNA4__2026-01-26","Vicki Harriott Reef (15-070)","VIC_15-070_12",2026-02-02,7,607.402528375991,9,252,1,0.0357142857142857,"Vicki Harriott Reef (15-070)__VIC_15-070_12__2026-02-02","VickHareDNA4",2026-01-26,"FMPCRS 2026-02",1,6,0.5,5.87171856313944,"4x6","4x6 (8); 4x6 [5-6] (2)","Vicki Harriott Reef (15-070)__campaign_1"
"Vicki Harriott Reef (15-070)__VickHareDNA4__2026-01-26","Vicki Harriott Reef (15-070)","VIC_15-070_13",2026-02-01,6,441.644181565398,10,244,1,0.040983606557377,"Vicki Harriott Reef (15-070)__VIC_15-070_13__2026-02-01","VickHareDNA4",2026-01-26,"FMPCRS 2026-02",1,6,0.5,5.87171856313944,"4x6","4x6 (8); 4x6 [5-6] (2)","Vicki Harriott Reef (15-070)__campaign_1"
"Vicki Harriott Reef (15-070)__VickHareDNA4__2026-01-26","Vicki Harriott Reef (15-070)","VIC_15-070_14",2026-02-02,7,617.706584132087,9,184,1,0.0489130434782609,"Vicki Harriott Reef (15-070)__VIC_15-070_14__2026-02-02","VickHareDNA4",2026-01-26,"FMPCRS 2026-02",1,6,0.5,5.87171856313944,"4x6","4x6 (8); 4x6 [5-6] (2)","Vicki Harriott Reef (15-070)__campaign_1"
"Vicki Harriott Reef (15-070)__VickHareDNA4__2026-01-26","Vicki Harriott Reef (15-070)","VIC_15-070_15",2026-02-01,6,1235.6037657886,8,195,1,0.041025641025641,"Vicki Harriott Reef (15-070)__VIC_15-070_15__2026-02-01","VickHareDNA4",2026-01-26,"FMPCRS 2026-02",1,6,0.5,5.87171856313944,"4x6","4x6 (8); 4x6 [5-6] (2)","Vicki Harriott Reef (15-070)__campaign_1"
"Vicki Harriott Reef (15-070)__VickHareDNA4__2026-01-26","Vicki Harriott Reef (15-070)","VIC_15-070_16",2026-02-01,6,875.278623958166,15,315,1,0.0476190476190476,"Vicki Harriott Reef (15-070)__VIC_15-070_16__2026-02-01","VickHareDNA4",2026-01-26,"FMPCRS 2026-02",1,6,0.5,5.87171856313944,"4x6","4x6 (8); 4x6 [5-6] (2)","Vicki Harriott Reef (15-070)__campaign_1"
"Vicki Harriott Reef (15-070)__VickHareDNA4__2026-01-26","Vicki Harriott Reef (15-070)","VIC_15-070_19",2026-02-15,20,628.912903511247,11,470,1,0.0234042553191489,"Vicki Harriott Reef (15-070)__VIC_15-070_19__2026-02-15","VickHareDNA4",2026-01-26,"FMPCRS 2026-02",1,6,0.5,5.87171856313944,"4x6","4x6 (8); 4x6 [5-6] (2)","Vicki Harriott Reef (15-070)__campaign_1"
"Vicki Harriott Reef (15-070)__VickHareDNA1__2026-01-26","Vicki Harriott Reef (15-070)","VIC_15-070_1",2026-04-29,93,922.856770456837,14,379,1,0.0369393139841689,"Vicki Harriott Reef (15-070)__VIC_15-070_1__2026-04-29","VickHareDNA1",2026-01-26,"FMPCRS 2026-02",1,6,0.833333333333333,42.244317010045,"4x6","4x6 (8); 4x6 [5-6] (2)","Vicki Harriott Reef (15-070)__campaign_1"
"Vicki Harriott Reef (15-070)__VickHareDNA3__2026-01-26","Vicki Harriott Reef (15-070)","VIC_15-070_22",2026-02-15,20,898.609007578636,2,318,1,0.00628930817610063,"Vicki Harriott Reef (15-070)__VIC_15-070_22__2026-02-15","VickHareDNA3",2026-01-26,"FMPCRS 2026-02",1,6,0.833333333333333,22.0729219727218,"4x6","4x6 (8); 4x6 [5-6] (2)","Vicki Harriott Reef (15-070)__campaign_1"
"Vicki Harriott Reef (15-070)__VickHareDNA2__2026-01-26","Vicki Harriott Reef (15-070)","VIC_15-070_23",2026-01-31,5,905.596608745513,11,270,1,0.0407407407407407,"Vicki Harriott Reef (15-070)__VIC_15-070_23__2026-01-31","VickHareDNA2",2026-01-26,"FMPCRS 2026-02",1,6,1,34.8307223059237,"4x6","4x6 (8); 4x6 [5-6] (2)","Vicki Harriott Reef (15-070)__campaign_1"
"Vicki Harriott Reef (15-070)__VickHareDNA2__2026-01-26","Vicki Harriott Reef (15-070)","VIC_15-070_24",2026-01-31,5,848.054743160392,6,210,1,0.0285714285714286,"Vicki Harriott Reef (15-070)__VIC_15-070_24__2026-01-31","VickHareDNA2",2026-01-26,"FMPCRS 2026-02",1,6,1,34.8307223059237,"4x6","4x6 (8); 4x6 [5-6] (2)","Vicki Harriott Reef (15-070)__campaign_1"
"Vicki Harriott Reef (15-070)__VickHareDNA1__2026-01-26","Vicki Harriott Reef (15-070)","VIC_15-070_29",2026-02-01,6,397.662460645866,8,192,1,0.0416666666666667,"Vicki Harriott Reef (15-070)__VIC_15-070_29__2026-02-01","VickHareDNA1",2026-01-26,"FMPCRS 2026-02",1,6,0.833333333333333,42.244317010045,"4x6","4x6 (8); 4x6 [5-6] (2)","Vicki Harriott Reef (15-070)__campaign_1"
"Vicki Harriott Reef (15-070)__VickHareDNA1__2026-01-26","Vicki Harriott Reef (15-070)","VIC_15-070_2",2026-02-20,25,424.687983963697,3,180,1,0.0166666666666667,"Vicki Harriott Reef (15-070)__VIC_15-070_2__2026-02-20","VickHareDNA1",2026-01-26,"FMPCRS 2026-02",1,6,0.833333333333333,42.244317010045,"4x6","4x6 (8); 4x6 [5-6] (2)","Vicki Harriott Reef (15-070)__campaign_1"
"Vicki Harriott Reef (15-070)__VickHareDNA2__2026-01-26","Vicki Harriott Reef (15-070)","VIC_15-070_30",2026-02-02,7,473.706588161815,1,156,1,0.00641025641025641,"Vicki Harriott Reef (15-070)__VIC_15-070_30__2026-02-02","VickHareDNA2",2026-01-26,"FMPCRS 2026-02",1,6,1,34.8307223059237,"4x6","4x6 (8); 4x6 [5-6] (2)","Vicki Harriott Reef (15-070)__campaign_1"
"Vicki Harriott Reef (15-070)__VickHareDNA3__2026-01-26","Vicki Harriott Reef (15-070)","VIC_15-070_31",2026-02-02,7,466.879002524784,3,180,1,0.0166666666666667,"Vicki Harriott Reef (15-070)__VIC_15-070_31__2026-02-02","VickHareDNA3",2026-01-26,"FMPCRS 2026-02",1,6,0.833333333333333,22.0729219727218,"4x6","4x6 (8); 4x6 [5-6] (2)","Vicki Harriott Reef (15-070)__campaign_1"
"Vicki Harriott Reef (15-070)__VickHareDNA1__2026-01-26","Vicki Harriott Reef (15-070)","VIC_15-070_4",2026-01-31,5,1610.71425572527,6,268,1,0.0223880597014925,"Vicki Harriott Reef (15-070)__VIC_15-070_4__2026-01-31","VickHareDNA1",2026-01-26,"FMPCRS 2026-02",1,6,0.833333333333333,42.244317010045,"4x6","4x6 (8); 4x6 [5-6] (2)","Vicki Harriott Reef (15-070)__campaign_1"
"Vicki Harriott Reef (15-070)__VickHareDNA1__2026-01-26","Vicki Harriott Reef (15-070)","VIC_15-070_5",2026-01-31,5,1116.03230874005,23,236,1,0.0974576271186441,"Vicki Harriott Reef (15-070)__VIC_15-070_5__2026-01-31","VickHareDNA1",2026-01-26,"FMPCRS 2026-02",1,6,0.833333333333333,42.244317010045,"4x6","4x6 (8); 4x6 [5-6] (2)","Vicki Harriott Reef (15-070)__campaign_1"
"Vicki Harriott Reef (15-070)__VickHareDNA1__2026-01-26","Vicki Harriott Reef (15-070)","VIC_15-070_6",2026-02-01,6,152.489252947817,33,440,2,0.075,"Vicki Harriott Reef (15-070)__VIC_15-070_6__2026-02-01","VickHareDNA1",2026-01-26,"FMPCRS 2026-02",1,6,0.833333333333333,42.244317010045,"4x6","4x6 (8); 4x6 [5-6] (2)","Vicki Harriott Reef (15-070)__campaign_1"
"Vicki Harriott Reef (15-070)__VickHareDNA1__2026-01-26","Vicki Harriott Reef (15-070)","VIC_15-070_7",2026-02-01,6,694.645696271515,17,212,1,0.080188679245283,"Vicki Harriott Reef (15-070)__VIC_15-070_7__2026-02-01","VickHareDNA1",2026-01-26,"FMPCRS 2026-02",1,6,0.833333333333333,42.244317010045,"4x6","4x6 (8); 4x6 [5-6] (2)","Vicki Harriott Reef (15-070)__campaign_1"
"Vicki Harriott Reef (15-070)__VickHareDNA2__2026-01-26","Vicki Harriott Reef (15-070)","ViC_15-070_32",2026-04-29,93,701.396101717322,7,400,1,0.0175,"Vicki Harriott Reef (15-070)__ViC_15-070_32__2026-04-29","VickHareDNA2",2026-01-26,"FMPCRS 2026-02",1,6,1,34.8307223059237,"4x6","4x6 (8); 4x6 [5-6] (2)","Vicki Harriott Reef (15-070)__campaign_1"
