"site_visit_id","Reef","site_id","edna_campaign_id","fold","observed_cpue","bottom_time","predicted_cpue","expected_lower","expected_upper","prediction_lower","prediction_upper","prob_002","prob_004","prob_008"
"(Big) Broadhurst Reef (No 1) (18-100a)__(BI_18-100a_135__2025-08-01","(Big) Broadhurst Reef (No 1) (18-100a)","(Big) Broadhurst Reef (No 1) (18-100a)__(BI_18-100a_135","(Big) Broadhurst Reef (No 1) (18-100a)__campaign_1",2,0,440,0.0336332127152069,0.00156999730096858,0.175931722349613,0,0.193181818181818,0.372916666666667,0.2025,0.0870833333333333
"(Big) Broadhurst Reef (No 1) (18-100a)__BBR_18-100a_102__2025-08-02","(Big) Broadhurst Reef (No 1) (18-100a)","(Big) Broadhurst Reef (No 1) (18-100a)__BBR_18-100a_102","(Big) Broadhurst Reef (No 1) (18-100a)__campaign_1",2,0.00476190476190476,420,0.0329005555416732,0.00147806751834299,0.158306822913742,0,0.173869047619048,0.36,0.197916666666667,0.0804166666666667
"(Big) Broadhurst Reef (No 1) (18-100a)__BBR_18-100a_78__2025-08-01","(Big) Broadhurst Reef (No 1) (18-100a)","(Big) Broadhurst Reef (No 1) (18-100a)__BBR_18-100a_78","(Big) Broadhurst Reef (No 1) (18-100a)__campaign_1",2,0.0111607142857143,448,0.030816237576272,0.0015211687619647,0.151146864875531,0,0.169698660714286,0.3825,0.202083333333333,0.0904166666666667
"(Big) Broadhurst Reef (No 1) (18-100a)__BBR_18-100a_92__2025-04-09","(Big) Broadhurst Reef (No 1) (18-100a)","(Big) Broadhurst Reef (No 1) (18-100a)__BBR_18-100a_92","(Big) Broadhurst Reef (No 1) (18-100a)__campaign_1",2,0.00235849056603774,424,0.0279514996281003,0.00138703735186848,0.144023287792722,0,0.153301886792453,0.321666666666667,0.165,0.0704166666666667
"(Big) Broadhurst Reef (No 1) (18-100a)__BBR_18-100a_95__2025-04-09","(Big) Broadhurst Reef (No 1) (18-100a)","(Big) Broadhurst Reef (No 1) (18-100a)__BBR_18-100a_95","(Big) Broadhurst Reef (No 1) (18-100a)__campaign_1",2,0.00625,480,0.0262364522150638,0.001236647890198,0.142997545592113,0,0.160416666666667,0.322083333333333,0.162916666666667,0.0645833333333333
"(Big) Broadhurst Reef (No 1) (18-100a)__BBR_18-100a_97__2025-08-03","(Big) Broadhurst Reef (No 1) (18-100a)","(Big) Broadhurst Reef (No 1) (18-100a)__BBR_18-100a_97","(Big) Broadhurst Reef (No 1) (18-100a)__campaign_1",2,0,460,0.0162510361479275,0.000747281019689022,0.0841271532496781,0,0.0870108695652176,0.180833333333333,0.0829166666666667,0.0325
"Banfield Reef (North) (18-105a)__BAN_18-105a_10__2023-04-17","Banfield Reef (North) (18-105a)","Banfield Reef (North) (18-105a)__BAN_18-105a_10","Banfield Reef (North) (18-105a)__campaign_1",4,0.0924956369982548,573,0.14019241036969,0.0147336982051606,0.50143432817383,0.00349040139616056,0.703403141361257,0.855833333333333,0.720416666666667,0.502083333333333
"Banfield Reef (North) (18-105a)__BAN_18-105a_10__2025-04-24","Banfield Reef (North) (18-105a)","Banfield Reef (North) (18-105a)__BAN_18-105a_10","Banfield Reef (North) (18-105a)__campaign_2",3,0.0569767441860465,860,0.0497863917203805,0.00446282337989332,0.183367373041506,0.00116279069767442,0.230319767441861,0.579166666666667,0.358333333333333,0.1675
"Banfield Reef (North) (18-105a)__BAN_18-105a_10__2025-08-04","Banfield Reef (North) (18-105a)","Banfield Reef (North) (18-105a)__BAN_18-105a_10","Banfield Reef (North) (18-105a)__campaign_3",3,0.122727272727273,440,0.163428148977231,0.0156927128685975,0.626328252616977,0.00454545454545455,0.736647727272728,0.870416666666667,0.744583333333333,0.524583333333333
"Banfield Reef (North) (18-105a)__BAN_18-105a_15__2025-08-19","Banfield Reef (North) (18-105a)","Banfield Reef (North) (18-105a)__BAN_18-105a_15","Banfield Reef (North) (18-105a)__campaign_3",3,0.0403225806451613,372,0.132335863377952,0.0118406064822652,0.499348740868629,0.00537634408602151,0.653494623655915,0.835,0.675833333333333,0.465416666666667
"Banfield Reef (North) (18-105a)__BAN_18-105a_1__2023-03-31","Banfield Reef (North) (18-105a)","Banfield Reef (North) (18-105a)__BAN_18-105a_1","Banfield Reef (North) (18-105a)__campaign_1",4,0.169838945827233,683,0.149698803469764,0.016819654285623,0.501063114005799,0.00439238653001464,0.710175695461201,0.85375,0.71,0.498333333333333
"Banfield Reef (North) (18-105a)__BAN_18-105a_1__2025-04-03","Banfield Reef (North) (18-105a)","Banfield Reef (North) (18-105a)__BAN_18-105a_1","Banfield Reef (North) (18-105a)__campaign_2",3,0.045343137254902,816,0.066551634738116,0.00673155108881374,0.243995747176294,0.00122549019607843,0.273345588235294,0.67875,0.464166666666667,0.235416666666667
"Banfield Reef (North) (18-105a)__BAN_18-105a_1__2025-08-19","Banfield Reef (North) (18-105a)","Banfield Reef (North) (18-105a)__BAN_18-105a_1","Banfield Reef (North) (18-105a)__campaign_3",3,0.0521739130434783,460,0.139657446881268,0.0131083353663273,0.532697098190585,0.00434782608695652,0.650054347826087,0.848333333333333,0.705416666666667,0.505833333333333
"Banfield Reef (North) (18-105a)__BAN_18-105a_2__2023-06-23","Banfield Reef (North) (18-105a)","Banfield Reef (North) (18-105a)__BAN_18-105a_2","Banfield Reef (North) (18-105a)__campaign_1",4,0.131578947368421,228,0.111204267218263,0.0106047390401408,0.423068232783609,0,0.548464912280703,0.780833333333333,0.596666666666667,0.402916666666667
"Banfield Reef (North) (18-105a)__BAN_18-105a_2__2025-08-06","Banfield Reef (North) (18-105a)","Banfield Reef (North) (18-105a)__BAN_18-105a_2","Banfield Reef (North) (18-105a)__campaign_3",3,0.132394366197183,710,0.158319280625474,0.0163512409834496,0.58176147296717,0.00563380281690141,0.72830985915493,0.870416666666667,0.738333333333333,0.54
"Banfield Reef (North) (18-105a)__BAN_18-105a_3__2023-08-14","Banfield Reef (North) (18-105a)","Banfield Reef (North) (18-105a)__BAN_18-105a_3","Banfield Reef (North) (18-105a)__campaign_1",4,0.0398009950248756,201,0.0687747119736971,0.00709377586682714,0.250183778490519,0,0.333457711442786,0.65,0.457083333333333,0.245416666666667
"Banfield Reef (North) (18-105a)__BAN_18-105a_3__2025-04-03","Banfield Reef (North) (18-105a)","Banfield Reef (North) (18-105a)__BAN_18-105a_3","Banfield Reef (North) (18-105a)__campaign_2",3,0.0815217391304348,920,0.0632814000289373,0.00589096137478987,0.245681038378578,0.00217391304347826,0.293505434782609,0.65125,0.426666666666667,0.222916666666667
"Banfield Reef (North) (18-105a)__BAN_18-105a_3__2025-08-04","Banfield Reef (North) (18-105a)","Banfield Reef (North) (18-105a)__BAN_18-105a_3","Banfield Reef (North) (18-105a)__campaign_3",3,0.134615384615385,884,0.147864905806303,0.0130549539588611,0.547946270208111,0.00452488687782805,0.654977375565611,0.855416666666667,0.70375,0.50375
"Banfield Reef (North) (18-105a)__BAN_18-105a_4__2023-08-14","Banfield Reef (North) (18-105a)","Banfield Reef (North) (18-105a)__BAN_18-105a_4","Banfield Reef (North) (18-105a)__campaign_1",4,0.133214920071048,563,0.0647061873696082,0.00620397929555649,0.230319738134104,0.00177619893428064,0.326998223801066,0.662083333333333,0.448333333333333,0.225833333333333
"Banfield Reef (North) (18-105a)__BAN_18-105a_4__2025-10-27","Banfield Reef (North) (18-105a)","Banfield Reef (North) (18-105a)__BAN_18-105a_4","Banfield Reef (North) (18-105a)__campaign_3",3,0.0707547169811321,424,0.132739737018083,0.0138130754241619,0.48846646689127,0.00471698113207547,0.651002358490566,0.852083333333333,0.707916666666667,0.477916666666667
"Banfield Reef (North) (18-105a)__BAN_18-105a_5__2025-10-27","Banfield Reef (North) (18-105a)","Banfield Reef (North) (18-105a)__BAN_18-105a_5","Banfield Reef (North) (18-105a)__campaign_3",3,0.21304347826087,460,0.112938889752399,0.0109152834771935,0.449412805166068,0.00217391304347826,0.539239130434783,0.799166666666667,0.64125,0.43
"Banfield Reef (North) (18-105a)__BAN_18-105a_7__2025-10-12","Banfield Reef (North) (18-105a)","Banfield Reef (North) (18-105a)__BAN_18-105a_7","Banfield Reef (North) (18-105a)__campaign_3",3,0.10519801980198,808,0.121952156079429,0.0111920790647477,0.497886383938443,0.00368193069306931,0.581837871287129,0.807916666666667,0.650833333333333,0.44
"Banfield Reef (North) (18-105a)__BAN_18-105a_8__2025-04-02","Banfield Reef (North) (18-105a)","Banfield Reef (North) (18-105a)__BAN_18-105a_8","Banfield Reef (North) (18-105a)__campaign_2",3,0.152838427947598,916,0.16758255050236,0.0151738309062881,0.621604727040936,0.00545851528384279,0.872270742358079,0.855833333333333,0.721666666666667,0.500833333333333
"Banfield Reef (North) (18-105a)__BAN_18-105a_8__2025-08-06","Banfield Reef (North) (18-105a)","Banfield Reef (North) (18-105a)__BAN_18-105a_8","Banfield Reef (North) (18-105a)__campaign_3",3,0.216494845360825,776,0.159941949098646,0.0139663766633463,0.614092951891869,0.00515463917525773,0.818298969072165,0.864583333333333,0.725416666666667,0.527083333333333
"Batt Reef (16-029)__BAT_16-029_80__2025-06-06","Batt Reef (16-029)","Batt Reef (16-029)__BAT_16-029_80","Batt Reef (16-029)__campaign_4",4,0.02,700,0.053291475925906,0.00549328984359753,0.225868016602723,0.00142857142857143,0.258607142857143,0.580833333333333,0.355416666666667,0.167916666666667
"Batt Reef (16-029)__BAT_16-029_81__2025-06-06","Batt Reef (16-029)","Batt Reef (16-029)__BAT_16-029_81","Batt Reef (16-029)__campaign_4",4,0.0457142857142857,700,0.0549269689626647,0.00551829194843433,0.214258699397636,0.00142857142857143,0.294321428571429,0.612083333333333,0.418333333333333,0.197916666666667
"Batt Reef (16-029)__BAT_16-029_82__2021-11-03","Batt Reef (16-029)","Batt Reef (16-029)__BAT_16-029_82","Batt Reef (16-029)__campaign_1",4,0.12882096069869,458,0.039464478335068,0.00500498180470577,0.15142210501182,0,0.174672489082969,0.505,0.290833333333333,0.114166666666667
"Batt Reef (16-029)__BAT_16-029_82__2022-10-04","Batt Reef (16-029)","Batt Reef (16-029)__BAT_16-029_82","Batt Reef (16-029)__campaign_2",1,0.00416666666666667,240,0.0883629073009994,0.00959072207781428,0.333996966001166,0.00416666666666667,0.404375000000001,0.8025,0.592916666666667,0.346666666666667
"Batt Reef (16-029)__BAT_16-029_82__2023-07-21","Batt Reef (16-029)","Batt Reef (16-029)__BAT_16-029_82","Batt Reef (16-029)__campaign_3",5,0.0631578947368421,1140,0.0567398816491818,0.00449308838402496,0.251136300055229,0.00087719298245614,0.288640350877193,0.606388888888889,0.385277777777778,0.193333333333333
"Batt Reef (16-029)__BAT_16-029_82__2025-07-03","Batt Reef (16-029)","Batt Reef (16-029)__BAT_16-029_82","Batt Reef (16-029)__campaign_4",4,0.0511111111111111,900,0.0521802733450729,0.00701933310338,0.19236493523915,0.00111111111111111,0.254472222222222,0.620833333333333,0.382083333333333,0.174583333333333
"Batt Reef (16-029)__BAT_16-029_83__2021-11-02","Batt Reef (16-029)","Batt Reef (16-029)__BAT_16-029_83","Batt Reef (16-029)__campaign_1",4,0.161643835616438,1095,0.040101226532119,0.00537852097786697,0.149571130778798,0.00091324200913242,0.19730593607306,0.54375,0.30875,0.116666666666667
"Batt Reef (16-029)__BAT_16-029_83__2022-10-04","Batt Reef (16-029)","Batt Reef (16-029)__BAT_16-029_83","Batt Reef (16-029)__campaign_2",1,0.025,240,0.100668977999015,0.0114469982231164,0.367429008603769,0.00416666666666667,0.479270833333334,0.816666666666667,0.63625,0.382083333333333
"Batt Reef (16-029)__BAT_16-029_83__2023-09-02","Batt Reef (16-029)","Batt Reef (16-029)__BAT_16-029_83","Batt Reef (16-029)__campaign_3",5,0.0368421052631579,760,0.071576272176594,0.00602593732390632,0.300158761162744,0.00131578947368421,0.340789473684211,0.666666666666667,0.4625,0.250833333333333
"Batt Reef (16-029)__BAT_16-029_83__2025-08-14","Batt Reef (16-029)","Batt Reef (16-029)__BAT_16-029_83","Batt Reef (16-029)__campaign_4",4,0.107777777777778,900,0.0542082391378765,0.00700164616520358,0.178834049335497,0.00111111111111111,0.262416666666667,0.637916666666667,0.38875,0.1925
"Batt Reef (16-029)__BAT_16-029_84__2021-10-17","Batt Reef (16-029)","Batt Reef (16-029)__BAT_16-029_84","Batt Reef (16-029)__campaign_1",4,0.116618075801749,686,0.0431095429698393,0.00561838553561375,0.157817157614281,0.00145772594752187,0.215779883381924,0.567083333333333,0.3175,0.126666666666667
"Batt Reef (16-029)__BAT_16-029_84__2022-10-04","Batt Reef (16-029)","Batt Reef (16-029)__BAT_16-029_84","Batt Reef (16-029)__campaign_2",1,0.0416666666666667,240,0.0699995936878207,0.0078922767317166,0.275673191806068,0,0.316666666666667,0.7475,0.521666666666667,0.272916666666667
"Batt Reef (16-029)__BAT_16-029_84__2023-09-02","Batt Reef (16-029)","Batt Reef (16-029)__BAT_16-029_84","Batt Reef (16-029)__campaign_3",5,0.0245614035087719,570,0.0609869506821992,0.0048919378580967,0.261584742819484,0.00175438596491228,0.300043859649123,0.6325,0.416666666666667,0.207222222222222
"Batt Reef (16-029)__BAT_16-029_84__2025-08-15","Batt Reef (16-029)","Batt Reef (16-029)__BAT_16-029_84","Batt Reef (16-029)__campaign_4",4,0.0511111111111111,450,0.0517962707403962,0.00658661874262193,0.177349192837483,0,0.257833333333334,0.62375,0.387083333333333,0.175
"Batt Reef (16-029)__BAT_16-029_85__2021-10-17","Batt Reef (16-029)","Batt Reef (16-029)__BAT_16-029_85","Batt Reef (16-029)__campaign_1",4,0.0333333333333333,720,0.0347536608810073,0.00320306173317723,0.127355920842138,0,0.165277777777778,0.459166666666667,0.24125,0.1
"Batt Reef (16-029)__BAT_16-029_85__2023-07-20","Batt Reef (16-029)","Batt Reef (16-029)__BAT_16-029_85","Batt Reef (16-029)__campaign_3",5,0,300,0.0615750446306166,0.00477307850316282,0.264738112407624,0,0.34675,0.652222222222222,0.427222222222222,0.231388888888889
"Batt Reef (16-029)__BAT_16-029_85__2025-09-05","Batt Reef (16-029)","Batt Reef (16-029)__BAT_16-029_85","Batt Reef (16-029)__campaign_4",4,0.0933333333333333,300,0.032009965347678,0.00331679243696491,0.123219583514361,0,0.166666666666667,0.4525,0.246666666666667,0.0966666666666667
"Batt Reef (16-029)__BAT_16-029_86__2025-11-15","Batt Reef (16-029)","Batt Reef (16-029)__BAT_16-029_86","Batt Reef (16-029)__campaign_4",4,0.0448717948717949,156,0.0433522060780994,0.0043031631231486,0.164120120796904,0,0.224358974358974,0.48875,0.30125,0.14625
"Batt Reef (16-029)__BAT_16-029_91__2025-09-05","Batt Reef (16-029)","Batt Reef (16-029)__BAT_16-029_91","Batt Reef (16-029)__campaign_4",4,0.0125,320,0.0505499484850595,0.00470984126435289,0.205873424916558,0,0.259375,0.555416666666667,0.365416666666667,0.168333333333333
"Batt Reef (16-029)__BAT_16-029_92__2025-09-05","Batt Reef (16-029)","Batt Reef (16-029)__BAT_16-029_92","Batt Reef (16-029)__campaign_4",4,0.053125,320,0.0411877970490365,0.00467563501305144,0.153602652043279,0,0.2125,0.501666666666667,0.3075,0.133333333333333
"Bowden Reef (19-019)__BOW_19-019_15__2025-09-24","Bowden Reef (19-019)","Bowden Reef (19-019)__BOW_19-019_15","Bowden Reef (19-019)__campaign_6",3,0.0181818181818182,440,0.023487478218669,0.00272990108657594,0.095444048298029,0,0.125,0.379166666666667,0.182083333333333,0.0579166666666667
"Bowden Reef (19-019)__BOW_19-019_18__2025-09-13","Bowden Reef (19-019)","Bowden Reef (19-019)__BOW_19-019_18","Bowden Reef (19-019)__campaign_6",3,0.00510204081632653,784,0.0245872854713242,0.00258194413969074,0.0954314008401552,0,0.136511479591837,0.379166666666667,0.16875,0.0625
"Bowden Reef (19-019)__BOW_19-019_19__2025-09-14","Bowden Reef (19-019)","Bowden Reef (19-019)__BOW_19-019_19","Bowden Reef (19-019)__campaign_6",3,0.0583333333333333,480,0.0237594575310852,0.00263894237137215,0.0945453647258636,0,0.122916666666667,0.375416666666667,0.16875,0.0583333333333333
"Bowden Reef (19-019)__BOW_19-019_1__2022-10-01","Bowden Reef (19-019)","Bowden Reef (19-019)__BOW_19-019_1","Bowden Reef (19-019)__campaign_4",1,0.00526315789473684,380,0.0309914768866143,0.00167700218979737,0.148840397236093,0,0.150065789473684,0.3925,0.205416666666667,0.0820833333333333
"Bowden Reef (19-019)__BOW_19-019_20__2022-10-14","Bowden Reef (19-019)","Bowden Reef (19-019)__BOW_19-019_20","Bowden Reef (19-019)__campaign_4",1,0.0327868852459016,488,0.104924176800735,0.00811296369622008,0.469207625401175,0.00409836065573771,0.448821721311476,0.772083333333333,0.569166666666667,0.33875
"Bowden Reef (19-019)__BOW_19-019_20__2025-09-14","Bowden Reef (19-019)","Bowden Reef (19-019)__BOW_19-019_20","Bowden Reef (19-019)__campaign_6",3,0.0729166666666667,480,0.0248274786566024,0.00298830361798313,0.0980669459109965,0,0.114583333333333,0.385833333333333,0.174166666666667,0.06
"Bowden Reef (19-019)__BOW_19-019_21__2025-09-25","Bowden Reef (19-019)","Bowden Reef (19-019)__BOW_19-019_21","Bowden Reef (19-019)__campaign_6",3,0.00635593220338983,472,0.0233346182717611,0.00260376110867421,0.0946404703071556,0,0.110169491525424,0.357916666666667,0.165,0.05375
"Bowden Reef (19-019)__BOW_19-019_23__2022-09-30","Bowden Reef (19-019)","Bowden Reef (19-019)__BOW_19-019_23","Bowden Reef (19-019)__campaign_4",1,0.00909090909090909,220,0.0374720784391941,0.00208326980498891,0.180002643901206,0,0.190909090909091,0.396666666666667,0.23375,0.0954166666666667
"Bowden Reef (19-019)__BOW_19-019_24__2022-09-30","Bowden Reef (19-019)","Bowden Reef (19-019)__BOW_19-019_24","Bowden Reef (19-019)__campaign_4",1,0.0136363636363636,220,0.0378935485137404,0.00194086833259151,0.182416239918898,0,0.190909090909091,0.418333333333333,0.250833333333333,0.109583333333333
"Bowden Reef (19-019)__BOW_19-019_25__2022-09-30","Bowden Reef (19-019)","Bowden Reef (19-019)__BOW_19-019_25","Bowden Reef (19-019)__campaign_4",1,0.0277777777777778,252,0.0273127370252628,0.00176501899654736,0.128994013468393,0,0.123015873015873,0.319166666666667,0.155833333333333,0.06
"Bowden Reef (19-019)__BOW_19-019_25__2025-12-06","Bowden Reef (19-019)","Bowden Reef (19-019)__BOW_19-019_25","Bowden Reef (19-019)__campaign_6",3,0.00454545454545455,220,0.0315716547444589,0.00372500742667208,0.115792643335157,0,0.159204545454546,0.460833333333333,0.25125,0.0908333333333333
"Bowden Reef (19-019)__BOW_19-019_26__2022-09-30","Bowden Reef (19-019)","Bowden Reef (19-019)__BOW_19-019_26","Bowden Reef (19-019)__campaign_4",1,0.0103448275862069,290,0.037866383430028,0.00213527335615703,0.184105237478102,0,0.189655172413793,0.439583333333333,0.240833333333333,0.0991666666666667
"Bowden Reef (19-019)__BOW_19-019_27__2022-10-01","Bowden Reef (19-019)","Bowden Reef (19-019)__BOW_19-019_27","Bowden Reef (19-019)__campaign_4",1,0.00471698113207547,212,0.0354617071303661,0.00187259350295027,0.1719076733253,0,0.183962264150943,0.3825,0.225833333333333,0.09375
"Bowden Reef (19-019)__BOW_19-019_28__2022-10-01","Bowden Reef (19-019)","Bowden Reef (19-019)__BOW_19-019_28","Bowden Reef (19-019)__campaign_4",1,0.0192307692307692,208,0.0243411168056759,0.0016218650481454,0.120068370916038,0,0.115504807692308,0.29875,0.15,0.0558333333333333
"Bowden Reef (19-019)__BOW_19-019_28__2025-09-25","Bowden Reef (19-019)","Bowden Reef (19-019)__BOW_19-019_28","Bowden Reef (19-019)__campaign_6",3,0.00515463917525773,388,0.0298155147888558,0.00358921844745083,0.111166180163267,0,0.146971649484536,0.447083333333333,0.225833333333333,0.07625
"Bowden Reef (19-019)__BOW_19-019_29__2022-10-01","Bowden Reef (19-019)","Bowden Reef (19-019)__BOW_19-019_29","Bowden Reef (19-019)__campaign_4",1,0.0186567164179104,268,0.0242331834262035,0.00172207981157033,0.117407592335257,0,0.119402985074627,0.317083333333333,0.156666666666667,0.05125
"Bowden Reef (19-019)__BOW_19-019_29__2025-09-25","Bowden Reef (19-019)","Bowden Reef (19-019)__BOW_19-019_29","Bowden Reef (19-019)__campaign_6",3,0.00625,480,0.0295924767032591,0.00334457956557147,0.112173132084231,0,0.1625,0.439583333333333,0.212916666666667,0.0741666666666667
"Bowden Reef (19-019)__BOW_19-019_30__2025-09-16","Bowden Reef (19-019)","Bowden Reef (19-019)__BOW_19-019_30","Bowden Reef (19-019)__campaign_6",3,0.0144230769230769,416,0.0297111441793728,0.00313482786896575,0.118362059243912,0,0.139483173076923,0.43,0.215416666666667,0.075
"Bowden Reef (19-019)__BOW_19-019_31__2022-09-30","Bowden Reef (19-019)","Bowden Reef (19-019)__BOW_19-019_31","Bowden Reef (19-019)__campaign_4",1,0.0129533678756477,386,0.0238319178681283,0.00166082227843115,0.110162408936421,0,0.121826424870467,0.30125,0.129583333333333,0.0466666666666667
"Bowden Reef (19-019)__BOW_19-019_31__2025-09-16","Bowden Reef (19-019)","Bowden Reef (19-019)__BOW_19-019_31","Bowden Reef (19-019)__campaign_6",3,0.00625,480,0.026160257507045,0.00315255577298226,0.0910436285365574,0,0.125,0.405416666666667,0.190416666666667,0.0695833333333333
"Bowden Reef (19-019)__BOW_19-019_33__2022-10-01","Bowden Reef (19-019)","Bowden Reef (19-019)__BOW_19-019_33","Bowden Reef (19-019)__campaign_4",1,0,488,0.0336399073445247,0.00174330283046206,0.16426138780086,0,0.145543032786885,0.376666666666667,0.19125,0.0783333333333333
"Bowden Reef (19-019)__BOW_19-019_34__2022-10-12","Bowden Reef (19-019)","Bowden Reef (19-019)__BOW_19-019_34","Bowden Reef (19-019)__campaign_4",1,0.00789473684210526,380,0.0319938416564859,0.00166962144657021,0.146379853499725,0,0.163157894736842,0.394166666666667,0.2025,0.09125
"Bowden Reef (19-019)__BOW_19-019_35__2022-10-12","Bowden Reef (19-019)","Bowden Reef (19-019)__BOW_19-019_35","Bowden Reef (19-019)__campaign_4",1,0.0093984962406015,532,0.0327078807597293,0.00170197965552928,0.166400917150216,0,0.176738721804511,0.389166666666667,0.1925,0.0904166666666667
"Bowden Reef (19-019)__BOW_19-019_36__2022-10-12","Bowden Reef (19-019)","Bowden Reef (19-019)__BOW_19-019_36","Bowden Reef (19-019)__campaign_4",1,0.00721153846153846,416,0.0339441059262958,0.00180073414833362,0.182520223406894,0,0.165865384615385,0.390833333333333,0.213333333333333,0.0879166666666667
"Bowden Reef (19-019)__BOW_19-019_38__2022-10-01","Bowden Reef (19-019)","Bowden Reef (19-019)__BOW_19-019_38","Bowden Reef (19-019)__campaign_4",1,0,296,0.0383873642812799,0.00206546246448177,0.178283012557053,0,0.192652027027027,0.451666666666667,0.242916666666667,0.100416666666667
"Bowden Reef (19-019)__BOW_19-019_39__2022-10-16","Bowden Reef (19-019)","Bowden Reef (19-019)__BOW_19-019_39","Bowden Reef (19-019)__campaign_4",1,0.0365853658536585,328,0.0391074516822211,0.00189669988281643,0.200953764440894,0,0.201295731707317,0.4375,0.242916666666667,0.105416666666667
"Bowden Reef (19-019)__BOW_19-019_3__2022-10-02","Bowden Reef (19-019)","Bowden Reef (19-019)__BOW_19-019_3","Bowden Reef (19-019)__campaign_4",1,0.0452961672473868,574,0.0328685502210514,0.00183933634727449,0.177035902111071,0,0.17595818815331,0.379166666666667,0.207083333333333,0.0858333333333333
"Bowden Reef (19-019)__BOW_19-019_41__2025-10-15","Bowden Reef (19-019)","Bowden Reef (19-019)__BOW_19-019_41","Bowden Reef (19-019)__campaign_6",3,0.00735294117647059,408,0.0230822464793977,0.0023939315294219,0.0869614043567529,0,0.11280637254902,0.337083333333333,0.152916666666667,0.0466666666666667
"Bowden Reef (19-019)__BOW_19-019_42__2022-10-14","Bowden Reef (19-019)","Bowden Reef (19-019)__BOW_19-019_42","Bowden Reef (19-019)__campaign_4",1,0.0210727969348659,522,0.0200690906460569,0.001111961339984,0.0963696209300774,0,0.111159003831418,0.254166666666667,0.115,0.0395833333333333
"Bowden Reef (19-019)__BOW_19-019_42__2025-09-25","Bowden Reef (19-019)","Bowden Reef (19-019)__BOW_19-019_42","Bowden Reef (19-019)__campaign_6",3,0,480,0.0223984967092443,0.0026538216965009,0.0856171441113767,0,0.1125,0.3425,0.14875,0.0458333333333333
"Bowden Reef (19-019)__BOW_19-019_43__2022-10-13","Bowden Reef (19-019)","Bowden Reef (19-019)__BOW_19-019_43","Bowden Reef (19-019)__campaign_4",1,0.0230263157894737,304,0.0214622061405186,0.00114087437259435,0.0982207387801793,0,0.111842105263158,0.257083333333333,0.11875,0.0404166666666667
"Bowden Reef (19-019)__BOW_19-019_43__2025-10-15","Bowden Reef (19-019)","Bowden Reef (19-019)__BOW_19-019_43","Bowden Reef (19-019)__campaign_6",3,0,344,0.0226707471087047,0.00255147715999072,0.089201492596412,0,0.107558139534884,0.3625,0.151666666666667,0.0454166666666667
"Bowden Reef (19-019)__BOW_19-019_44__2022-10-13","Bowden Reef (19-019)","Bowden Reef (19-019)__BOW_19-019_44","Bowden Reef (19-019)__campaign_4",1,0.0507246376811594,276,0.0354955506722926,0.00184509374657216,0.195476735747702,0,0.184873188405797,0.418333333333333,0.227083333333333,0.0954166666666667
"Bowden Reef (19-019)__BOW_19-019_45__2025-10-15","Bowden Reef (19-019)","Bowden Reef (19-019)__BOW_19-019_45","Bowden Reef (19-019)__campaign_6",3,0.010958904109589,365,0.0234899969961216,0.00257881788406006,0.0908942957683155,0,0.104109589041096,0.35125,0.155833333333333,0.05
"Bowden Reef (19-019)__BOW_19-019_46__2022-10-14","Bowden Reef (19-019)","Bowden Reef (19-019)__BOW_19-019_46","Bowden Reef (19-019)__campaign_4",1,0.0468227424749164,299,0.0368493135818323,0.00208660841755203,0.187020696226082,0,0.177257525083612,0.439583333333333,0.240416666666667,0.0920833333333333
"Bowden Reef (19-019)__BOW_19-019_49__2022-10-14","Bowden Reef (19-019)","Bowden Reef (19-019)__BOW_19-019_49","Bowden Reef (19-019)__campaign_4",1,0.0303030303030303,66,0.0377931269762432,0.00194904741857333,0.177655786974692,0,0.182196969696971,0.3975,0.25875,0.109583333333333
"Bowden Reef (19-019)__BOW_19-019_52__2022-10-13","Bowden Reef (19-019)","Bowden Reef (19-019)__BOW_19-019_52","Bowden Reef (19-019)__campaign_4",1,0.0801526717557252,262,0.0390297343246954,0.00198752742155842,0.193512071816315,0,0.198568702290077,0.41375,0.2375,0.10375
"Bowden Reef (19-019)__BOW_19-019_53__2022-10-14","Bowden Reef (19-019)","Bowden Reef (19-019)__BOW_19-019_53","Bowden Reef (19-019)__campaign_4",1,0.0646900269541779,371,0.036032306104799,0.00173148224667991,0.191088245635942,0,0.175202156334232,0.41125,0.23375,0.100833333333333
"Bowden Reef (19-019)__BOW_19-019_56__2025-12-06","Bowden Reef (19-019)","Bowden Reef (19-019)__BOW_19-019_56","Bowden Reef (19-019)__campaign_6",3,0,176,0.021936407431689,0.00256884222954079,0.086203417117031,0,0.107954545454545,0.336666666666667,0.15,0.0416666666666667
"Bowden Reef (19-019)__BOW_19-019_57__2022-10-13","Bowden Reef (19-019)","Bowden Reef (19-019)__BOW_19-019_57","Bowden Reef (19-019)__campaign_4",1,0.0844155844155844,308,0.0352783309487276,0.00204495254989234,0.185327744183728,0,0.188311688311688,0.4025,0.227083333333333,0.100833333333333
"Bowden Reef (19-019)__BOW_19-019_60__2022-10-12","Bowden Reef (19-019)","Bowden Reef (19-019)__BOW_19-019_60","Bowden Reef (19-019)__campaign_4",1,0,593,0.0329647057877089,0.00182191538260555,0.160327153069856,0,0.165303541315346,0.414166666666667,0.217916666666667,0.0870833333333333
"Bowden Reef (19-019)__BOW_19-019_61__2022-10-16","Bowden Reef (19-019)","Bowden Reef (19-019)__BOW_19-019_61","Bowden Reef (19-019)__campaign_4",1,0.00423728813559322,236,0.0353172018836854,0.00174401621664636,0.18195218160264,0,0.156779661016949,0.392916666666667,0.210416666666667,0.0783333333333333
"Bowden Reef (19-019)__BOW_19-019_62__2022-10-16","Bowden Reef (19-019)","Bowden Reef (19-019)__BOW_19-019_62","Bowden Reef (19-019)__campaign_4",1,0.0113207547169811,265,0.0400860725892606,0.00202439207739618,0.190856077659036,0,0.192452830188679,0.4225,0.2575,0.109166666666667
"Bowden Reef (19-019)__BOW_19-019_64__2022-10-16","Bowden Reef (19-019)","Bowden Reef (19-019)__BOW_19-019_64","Bowden Reef (19-019)__campaign_4",1,0.0247252747252747,364,0.0374423145269341,0.00203574911314789,0.18452089497619,0,0.197802197802198,0.414583333333333,0.240833333333333,0.107083333333333
"Bowden Reef (19-019)__BOW_19-019_65__2022-10-14","Bowden Reef (19-019)","Bowden Reef (19-019)__BOW_19-019_65","Bowden Reef (19-019)__campaign_4",1,0.0327868852459016,244,0.0231220659092661,0.00134122465318077,0.105272658428948,0,0.114754098360656,0.307916666666667,0.12875,0.045
"Bowden Reef (19-019)__BOW_19-019_65__2025-12-06","Bowden Reef (19-019)","Bowden Reef (19-019)__BOW_19-019_65","Bowden Reef (19-019)__campaign_6",3,0,240,0.0227330885492007,0.00274532138007146,0.0820159380663529,0,0.104166666666667,0.37125,0.167916666666667,0.0495833333333333
"Bowden Reef (19-019)__BOW_19-019_67__2022-10-13","Bowden Reef (19-019)","Bowden Reef (19-019)__BOW_19-019_67","Bowden Reef (19-019)__campaign_4",1,0.0277777777777778,252,0.0318900462183861,0.00173936845316588,0.147351869461828,0,0.166666666666667,0.3725,0.203333333333333,0.08625
"Bowden Reef (19-019)__BOW_19-019_68__2022-10-15","Bowden Reef (19-019)","Bowden Reef (19-019)__BOW_19-019_68","Bowden Reef (19-019)__campaign_4",1,0.0632911392405063,316,0.035268699291592,0.0020760985831226,0.166784958954181,0,0.193037974683544,0.39625,0.233333333333333,0.1
"Bowden Reef (19-019)__BOW_19-019_69__2022-10-16","Bowden Reef (19-019)","Bowden Reef (19-019)__BOW_19-019_69","Bowden Reef (19-019)__campaign_4",1,0.0384615384615385,260,0.0370905913234729,0.00197850648931858,0.180774232753698,0,0.192307692307692,0.400833333333333,0.222083333333333,0.0995833333333333
"Bowden Reef (19-019)__BOW_19-019_71__2022-10-15","Bowden Reef (19-019)","Bowden Reef (19-019)__BOW_19-019_71","Bowden Reef (19-019)__campaign_4",1,0.016025641025641,312,0.0388734677410929,0.0019289199919541,0.185249831755866,0,0.192307692307692,0.398333333333333,0.224166666666667,0.0995833333333333
"Bowden Reef (19-019)__BOW_19-019_73__2025-12-06","Bowden Reef (19-019)","Bowden Reef (19-019)__BOW_19-019_73","Bowden Reef (19-019)__campaign_6",3,0.0350877192982456,228,0.0229823908116046,0.00265591019836417,0.0912065325282407,0,0.12280701754386,0.374583333333333,0.170416666666667,0.0566666666666667
"Bowden Reef (19-019)__BOW_19-019_81__2022-10-13","Bowden Reef (19-019)","Bowden Reef (19-019)__BOW_19-019_81","Bowden Reef (19-019)__campaign_4",1,0.0203252032520325,246,0.0334641807597279,0.00182482797349903,0.174360704901496,0,0.17479674796748,0.404166666666667,0.214166666666667,0.0891666666666667
"Bowden Reef (19-019)__BOW_19-019_83__2025-10-16","Bowden Reef (19-019)","Bowden Reef (19-019)__BOW_19-019_83","Bowden Reef (19-019)__campaign_6",3,0.00396825396825397,252,0.024927838872596,0.00245191267102859,0.0939240800483441,0,0.119047619047619,0.343333333333333,0.168333333333333,0.05375
"Bowden Reef (19-019)__BOW_19-019_84__2022-10-13","Bowden Reef (19-019)","Bowden Reef (19-019)__BOW_19-019_84","Bowden Reef (19-019)__campaign_4",1,0.0254237288135593,236,0.0337512646450031,0.00188225950715523,0.17323843721714,0,0.156779661016949,0.391666666666667,0.2075,0.0833333333333333
"Bowden Reef (19-019)__BOW_19-019_87__2022-10-15","Bowden Reef (19-019)","Bowden Reef (19-019)__BOW_19-019_87","Bowden Reef (19-019)__campaign_4",1,0.0655737704918033,244,0.0378926746865266,0.00194889571380077,0.182593775535607,0,0.184528688524591,0.427916666666667,0.235416666666667,0.0929166666666667
"Bowden Reef (19-019)__BOW_19-019_88__2022-10-17","Bowden Reef (19-019)","Bowden Reef (19-019)__BOW_19-019_88","Bowden Reef (19-019)__campaign_4",1,0.0122950819672131,244,0.033422031490283,0.00177990653954262,0.161528065496658,0,0.168032786885246,0.40625,0.209583333333333,0.0883333333333333
"Bowden Reef (19-019)__BOW_19-019_89__2022-10-14","Bowden Reef (19-019)","Bowden Reef (19-019)__BOW_19-019_89","Bowden Reef (19-019)__campaign_4",1,0.0576923076923077,260,0.0373170710256778,0.0020837312021201,0.192024659478714,0,0.184711538461539,0.410833333333333,0.2275,0.0966666666666667
"Bowden Reef (19-019)__BOW_19-019_90__2022-10-14","Bowden Reef (19-019)","Bowden Reef (19-019)__BOW_19-019_90","Bowden Reef (19-019)__campaign_4",1,0.038135593220339,236,0.0387056744481173,0.00232329062325187,0.186134291405656,0,0.203389830508475,0.42875,0.237916666666667,0.111666666666667
"Bowden Reef (19-019)__BOW_19-019_92__2022-10-15","Bowden Reef (19-019)","Bowden Reef (19-019)__BOW_19-019_92","Bowden Reef (19-019)__campaign_4",1,0.0172413793103448,232,0.0366358084848866,0.00193375721396142,0.188491659394737,0,0.206896551724138,0.4275,0.225416666666667,0.105416666666667
"Bowden Reef (19-019)__BOW_19-019_94__2022-10-17","Bowden Reef (19-019)","Bowden Reef (19-019)__BOW_19-019_94","Bowden Reef (19-019)__campaign_4",1,0.0256410256410256,156,0.0374910619368749,0.00204000574089511,0.185524043600837,0,0.179487179487179,0.379583333333333,0.221666666666667,0.100833333333333
"Bowden Reef (19-019)__BOW_19-019_97__2022-10-16","Bowden Reef (19-019)","Bowden Reef (19-019)__BOW_19-019_97","Bowden Reef (19-019)__campaign_4",1,0.0422077922077922,616,0.0375810733743347,0.00214975084977579,0.178381320384867,0,0.204586038961039,0.435833333333333,0.23375,0.09875
"Bushy-Redbill Reef (20-310)__BUS_20-310_19__2025-09-11","Bushy-Redbill Reef (20-310)","Bushy-Redbill Reef (20-310)__BUS_20-310_19","Bushy-Redbill Reef (20-310)__campaign_1",5,0.2375,320,0.0559209486871785,0.00264378099075939,0.288387959425439,0,0.3125,0.503333333333333,0.324444444444444,0.171111111111111
"Bushy-Redbill Reef (20-310)__BUS_20-310_1__2025-08-23","Bushy-Redbill Reef (20-310)","Bushy-Redbill Reef (20-310)__BUS_20-310_1","Bushy-Redbill Reef (20-310)__campaign_1",5,0.297734627831715,309,0.0849738698898717,0.00379307524517145,0.432380970224703,0,0.459627831715211,0.602777777777778,0.428055555555556,0.251666666666667
"Bushy-Redbill Reef (20-310)__BUS_20-310_20__2025-08-24","Bushy-Redbill Reef (20-310)","Bushy-Redbill Reef (20-310)__BUS_20-310_20","Bushy-Redbill Reef (20-310)__campaign_1",5,0.202816901408451,355,0.0776401793783451,0.00345588059981003,0.385873149881131,0,0.408521126760564,0.589166666666667,0.402222222222222,0.229722222222222
"Bushy-Redbill Reef (20-310)__BUS_20-310_21__2025-08-23","Bushy-Redbill Reef (20-310)","Bushy-Redbill Reef (20-310)__BUS_20-310_21","Bushy-Redbill Reef (20-310)__campaign_1",5,0.281159420289855,345,0.0813633402313859,0.00320076043016993,0.428120265896276,0,0.504420289855073,0.627222222222222,0.425277777777778,0.241666666666667
"Bushy-Redbill Reef (20-310)__BUS_20-310_22__2025-08-24","Bushy-Redbill Reef (20-310)","Bushy-Redbill Reef (20-310)__BUS_20-310_22","Bushy-Redbill Reef (20-310)__campaign_1",5,0.196,250,0.0733399605818,0.00333422346942849,0.357874849146902,0,0.404,0.6125,0.399166666666667,0.226944444444444
"Darley Reef (19-043)__DAR_19-043_58__2023-03-29","Darley Reef (19-043)","Darley Reef (19-043)__DAR_19-043_58","Darley Reef (19-043)__campaign_1",1,0,490,0.0246710731717804,0.000593590777655699,0.15366710327201,0,0.146938775510204,0.301666666666667,0.150416666666667,0.0645833333333333
"Darley Reef (19-043)__DAR_19-043_62__2023-03-29","Darley Reef (19-043)","Darley Reef (19-043)__DAR_19-043_62","Darley Reef (19-043)__campaign_1",1,0.020703933747412,483,0.0584165703759934,0.0014521350650376,0.338781131123944,0,0.327225672877847,0.4875,0.307916666666667,0.166666666666667
"Darley Reef (19-043)__DAR_19-043_91__2023-03-28","Darley Reef (19-043)","Darley Reef (19-043)__DAR_19-043_91","Darley Reef (19-043)__campaign_1",1,0,303,0.0834320637590468,0.002281419760168,0.472290315435669,0,0.590841584158416,0.568333333333333,0.404583333333333,0.247083333333333
"Darley Reef (19-043)__DAR_19-043_98__2023-03-28","Darley Reef (19-043)","Darley Reef (19-043)__DAR_19-043_98","Darley Reef (19-043)__campaign_1",1,0.026615969581749,526,0.0446013157551678,0.00121998591285498,0.26607845728531,0,0.285218631178707,0.429166666666667,0.254166666666667,0.126666666666667
"Davies Reef (18-096)__DAV_18-096_10__2023-01-22","Davies Reef (18-096)","Davies Reef (18-096)__DAV_18-096_10","Davies Reef (18-096)__campaign_5",1,0.00416666666666667,240,0.0698404736859131,0.00570838580275902,0.288746355825946,0,0.345833333333333,0.681666666666667,0.4725,0.254583333333333
"Davies Reef (18-096)__DAV_18-096_11__2023-01-23","Davies Reef (18-096)","Davies Reef (18-096)__DAV_18-096_11","Davies Reef (18-096)__campaign_5",1,0.0113636363636364,264,0.0707105319684532,0.00519150279047739,0.305400441367057,0,0.390435606060607,0.655833333333333,0.46125,0.247083333333333
"Davies Reef (18-096)__DAV_18-096_11__2024-03-18","Davies Reef (18-096)","Davies Reef (18-096)__DAV_18-096_11","Davies Reef (18-096)__campaign_8",1,0.00555555555555556,180,0.0645862354450274,0.00478802621755575,0.284482928049905,0,0.316666666666667,0.653333333333333,0.412083333333333,0.220416666666667
"Davies Reef (18-096)__DAV_18-096_12__2019-08-18","Davies Reef (18-096)","Davies Reef (18-096)__DAV_18-096_12","Davies Reef (18-096)__campaign_1",5,0.00714285714285714,560,0.0496000106714721,0.00457512883005501,0.207353851556874,0.00174107142857144,0.242857142857143,0.571666666666667,0.355,0.159166666666667
"Davies Reef (18-096)__DAV_18-096_12__2023-01-23","Davies Reef (18-096)","Davies Reef (18-096)__DAV_18-096_12","Davies Reef (18-096)__campaign_5",1,0.0570175438596491,228,0.0376051812933755,0.00336117437437632,0.157054323569647,0,0.175438596491228,0.524583333333333,0.2725,0.114583333333333
"Davies Reef (18-096)__DAV_18-096_12__2024-03-03","Davies Reef (18-096)","Davies Reef (18-096)__DAV_18-096_12","Davies Reef (18-096)__campaign_8",1,0,135,0.0356003671805711,0.00309663956664558,0.155563470663711,0,0.185185185185185,0.494583333333333,0.26125,0.11625
"Davies Reef (18-096)__DAV_18-096_13__2023-01-23","Davies Reef (18-096)","Davies Reef (18-096)__DAV_18-096_13","Davies Reef (18-096)__campaign_5",1,0.0204918032786885,244,0.0752076787911022,0.0100054405751268,0.280016249587541,0,0.401741803278689,0.76,0.527916666666667,0.295833333333333
"Davies Reef (18-096)__DAV_18-096_13__2023-06-26","Davies Reef (18-096)","Davies Reef (18-096)__DAV_18-096_13","Davies Reef (18-096)__campaign_6",2,0.112676056338028,213,0.0483760234090418,0.00605926228369651,0.178404386328972,0,0.239553990610329,0.562083333333333,0.362916666666667,0.1575
"Davies Reef (18-096)__DAV_18-096_13__2023-08-15","Davies Reef (18-096)","Davies Reef (18-096)__DAV_18-096_13","Davies Reef (18-096)__campaign_7",5,0.037037037037037,270,0.0603917469590014,0.00607252870322349,0.243538501395459,0,0.3075,0.621388888888889,0.417222222222222,0.209722222222222
"Davies Reef (18-096)__DAV_18-096_13__2024-10-20","Davies Reef (18-096)","Davies Reef (18-096)__DAV_18-096_13","Davies Reef (18-096)__campaign_9",4,0.01,300,0.0534695047643342,0.00794993210143487,0.174286943162141,0,0.233416666666667,0.672916666666667,0.4425,0.193333333333333
"Davies Reef (18-096)__DAV_18-096_14__2022-06-13","Davies Reef (18-096)","Davies Reef (18-096)__DAV_18-096_14","Davies Reef (18-096)__campaign_4",5,0.0776315789473684,760,0.0859438779985213,0.00833748509023242,0.353221769194547,0.00263157894736842,0.397368421052632,0.740555555555556,0.546388888888889,0.328055555555556
"Davies Reef (18-096)__DAV_18-096_14__2023-01-23","Davies Reef (18-096)","Davies Reef (18-096)__DAV_18-096_14","Davies Reef (18-096)__campaign_5",1,0.0579710144927536,276,0.100920715121357,0.0140941723551017,0.360696804064204,0.0036231884057971,0.445652173913043,0.835,0.63625,0.39
"Davies Reef (18-096)__DAV_18-096_14__2023-06-26","Davies Reef (18-096)","Davies Reef (18-096)__DAV_18-096_14","Davies Reef (18-096)__campaign_6",2,0.198473282442748,524,0.0634540010020297,0.00890133976198155,0.225906512689685,0.00190839694656489,0.301526717557252,0.7025,0.478333333333333,0.233333333333333
"Davies Reef (18-096)__DAV_18-096_14__2023-08-15","Davies Reef (18-096)","Davies Reef (18-096)__DAV_18-096_14","Davies Reef (18-096)__campaign_7",5,0.0647249190938511,309,0.0814162221047449,0.00797916895716814,0.343086568943996,0,0.352750809061489,0.713888888888889,0.519166666666667,0.295277777777778
"Davies Reef (18-096)__DAV_18-096_14__2024-03-03","Davies Reef (18-096)","Davies Reef (18-096)__DAV_18-096_14","Davies Reef (18-096)__campaign_8",1,0,90,0.0927562319995625,0.0129357220563554,0.322609134728396,0,0.422222222222222,0.81625,0.618333333333333,0.369166666666667
"Davies Reef (18-096)__DAV_18-096_14__2024-10-05","Davies Reef (18-096)","Davies Reef (18-096)__DAV_18-096_14","Davies Reef (18-096)__campaign_9",4,0.015,400,0.070311832571646,0.0110751499566953,0.230623381367771,0.0025,0.2775625,0.747916666666667,0.525,0.270833333333333
"Davies Reef (18-096)__DAV_18-096_15__2023-01-23","Davies Reef (18-096)","Davies Reef (18-096)__DAV_18-096_15","Davies Reef (18-096)__campaign_5",1,0.0365384615384615,520,0.118942404263791,0.0145159674689459,0.441942225913306,0.00576923076923077,0.503894230769231,0.862083333333333,0.700833333333333,0.4525
"Davies Reef (18-096)__DAV_18-096_15__2023-12-02","Davies Reef (18-096)","Davies Reef (18-096)__DAV_18-096_15","Davies Reef (18-096)__campaign_7",5,0.0769230769230769,351,0.0701259337084467,0.00672635248084079,0.279616308606648,0,0.321937321937322,0.663888888888889,0.4575,0.240555555555556
"Davies Reef (18-096)__DAV_18-096_15__2024-01-31","Davies Reef (18-096)","Davies Reef (18-096)__DAV_18-096_15","Davies Reef (18-096)__campaign_8",1,0.0502717391304348,736,0.118744378111204,0.0146793614116491,0.479637114456182,0.00679347826086957,0.550339673913044,0.856666666666667,0.6875,0.45
"Davies Reef (18-096)__DAV_18-096_15__2024-10-05","Davies Reef (18-096)","Davies Reef (18-096)__DAV_18-096_15","Davies Reef (18-096)__campaign_9",4,0.0304347826086957,460,0.0727765490300119,0.0114150393758347,0.250877260637551,0.00217391304347826,0.317445652173913,0.72,0.51,0.270833333333333
"Davies Reef (18-096)__DAV_18-096_16__2019-08-20","Davies Reef (18-096)","Davies Reef (18-096)__DAV_18-096_16","Davies Reef (18-096)__campaign_1",5,0.0486842105263158,760,0.035000696201901,0.0029975016507169,0.143121382245736,0,0.176315789473684,0.461944444444444,0.246388888888889,0.0988888888888889
"Davies Reef (18-096)__DAV_18-096_16__2020-09-22","Davies Reef (18-096)","Davies Reef (18-096)__DAV_18-096_16","Davies Reef (18-096)__campaign_2",4,0.0466666666666667,300,0.040992242467207,0.00670481775438615,0.134421882596518,0,0.193333333333333,0.605833333333333,0.33875,0.137916666666667
"Davies Reef (18-096)__DAV_18-096_16__2021-05-31","Davies Reef (18-096)","Davies Reef (18-096)__DAV_18-096_16","Davies Reef (18-096)__campaign_3",3,0.0648769574944072,447,0.0508152804714088,0.0103253686188481,0.162953454497953,0.00223713646532438,0.194686800894855,0.664583333333333,0.405833333333333,0.17125
"Davies Reef (18-096)__DAV_18-096_16__2023-12-02","Davies Reef (18-096)","Davies Reef (18-096)__DAV_18-096_16","Davies Reef (18-096)__campaign_7",5,0.0166666666666667,420,0.0392800650160905,0.00351036749483804,0.156782268876634,0,0.2,0.497777777777778,0.283055555555556,0.1175
"Davies Reef (18-096)__DAV_18-096_16__2024-10-20","Davies Reef (18-096)","Davies Reef (18-096)__DAV_18-096_16","Davies Reef (18-096)__campaign_9",4,0.02,200,0.0448084324815106,0.00727084385016447,0.147062034410748,0,0.190125,0.622083333333333,0.377083333333333,0.154166666666667
"Davies Reef (18-096)__DAV_18-096_17__2019-08-05","Davies Reef (18-096)","Davies Reef (18-096)__DAV_18-096_17","Davies Reef (18-096)__campaign_1",5,0.08125,480,0.037957586645771,0.00322453624955161,0.156604272064721,0,0.183333333333333,0.4975,0.266666666666667,0.108888888888889
"Davies Reef (18-096)__DAV_18-096_17__2021-05-30","Davies Reef (18-096)","Davies Reef (18-096)__DAV_18-096_17","Davies Reef (18-096)__campaign_3",3,0.102083333333333,480,0.0593804299415823,0.0122631020841649,0.190073906870035,0.00208333333333333,0.23546875,0.693333333333333,0.438333333333333,0.210416666666667
"Davies Reef (18-096)__DAV_18-096_17__2024-02-17","Davies Reef (18-096)","Davies Reef (18-096)__DAV_18-096_17","Davies Reef (18-096)__campaign_8",1,0.020952380952381,525,0.0689210298396929,0.00909335675250964,0.238924680215769,0.00376190476190476,0.304761904761905,0.742083333333333,0.532083333333333,0.26625
"Davies Reef (18-096)__DAV_18-096_17__2024-10-20","Davies Reef (18-096)","Davies Reef (18-096)__DAV_18-096_17","Davies Reef (18-096)__campaign_9",4,0.00909090909090909,220,0.0576942884848127,0.00921562909000099,0.183530178101844,0,0.263636363636364,0.657083333333333,0.455833333333333,0.215416666666667
"Davies Reef (18-096)__DAV_18-096_18__2019-08-05","Davies Reef (18-096)","Davies Reef (18-096)__DAV_18-096_18","Davies Reef (18-096)__campaign_1",5,0.08125,480,0.0698012000000161,0.00668748564533309,0.287080169655588,0.00208333333333333,0.35421875,0.700277777777778,0.473888888888889,0.257222222222222
"Davies Reef (18-096)__DAV_18-096_18__2021-05-30","Davies Reef (18-096)","Davies Reef (18-096)__DAV_18-096_18","Davies Reef (18-096)__campaign_3",3,0.425,480,0.085180285090359,0.0182870096380143,0.264041780403228,0.00208333333333333,0.34171875,0.810833333333333,0.604166666666667,0.3475
"Davies Reef (18-096)__DAV_18-096_18__2022-06-24","Davies Reef (18-096)","Davies Reef (18-096)__DAV_18-096_18","Davies Reef (18-096)__campaign_4",5,0.24,300,0.0887500726896601,0.00913075488151877,0.347218655935543,0.00333333333333333,0.436666666666667,0.772222222222222,0.578055555555556,0.335277777777778
"Davies Reef (18-096)__DAV_18-096_18__2023-01-24","Davies Reef (18-096)","Davies Reef (18-096)__DAV_18-096_18","Davies Reef (18-096)__campaign_5",1,0.0614035087719298,456,0.11110552819217,0.0164463117903353,0.377614482454004,0.0043859649122807,0.480317982456141,0.855,0.697083333333333,0.450416666666667
"Davies Reef (18-096)__DAV_18-096_18__2023-03-25","Davies Reef (18-096)","Davies Reef (18-096)__DAV_18-096_18","Davies Reef (18-096)__campaign_6",2,0.118811881188119,505,0.179059574081614,0.0249003828329638,0.625263169738065,0.00792079207920792,0.857574257425743,0.918333333333333,0.8025,0.603333333333333
"Davies Reef (18-096)__DAV_18-096_18__2023-07-20","Davies Reef (18-096)","Davies Reef (18-096)__DAV_18-096_18","Davies Reef (18-096)__campaign_7",5,0.0623052959501558,321,0.101601606535641,0.0105168612208639,0.40205599791652,0.00311526479750779,0.461137071651091,0.780277777777778,0.603888888888889,0.358611111111111
"Davies Reef (18-096)__DAV_18-096_18__2024-01-13","Davies Reef (18-096)","Davies Reef (18-096)__DAV_18-096_18","Davies Reef (18-096)__campaign_8",1,0.0657894736842105,380,0.12442736410736,0.0187081313896275,0.417788732292256,0.00526315789473684,0.518486842105263,0.884166666666667,0.705416666666667,0.480833333333333
"Davies Reef (18-096)__DAV_18-096_18__2024-09-18","Davies Reef (18-096)","Davies Reef (18-096)__DAV_18-096_18","Davies Reef (18-096)__campaign_9",4,0.0214285714285714,420,0.095339576430127,0.016157079787232,0.298803507764532,0.00238095238095238,0.414345238095238,0.800833333333333,0.624166666666667,0.375416666666667
"Davies Reef (18-096)__DAV_18-096_18__2025-02-09","Davies Reef (18-096)","Davies Reef (18-096)__DAV_18-096_18","Davies Reef (18-096)__campaign_10",2,0.0324737344794651,1047,0.116356547339757,0.0165627845219474,0.423798704961347,0.00477554918815664,0.526313276026743,0.859166666666667,0.69375,0.44375
"Davies Reef (18-096)__DAV_18-096_18__2025-08-10","Davies Reef (18-096)","Davies Reef (18-096)__DAV_18-096_18","Davies Reef (18-096)__campaign_11",2,0.0304878048780488,820,0.139250237766127,0.0207739794487153,0.515378681818301,0.00609756097560976,0.656371951219513,0.887916666666667,0.750833333333333,0.514583333333333
"Davies Reef (18-096)__DAV_18-096_19__2019-08-01","Davies Reef (18-096)","Davies Reef (18-096)__DAV_18-096_19","Davies Reef (18-096)__campaign_1",5,0.183333333333333,960,0.0715946708785923,0.00755570457788377,0.29069467089773,0.00208333333333333,0.3334375,0.711388888888889,0.496666666666667,0.265833333333333
"Davies Reef (18-096)__DAV_18-096_19__2020-09-22","Davies Reef (18-096)","Davies Reef (18-096)__DAV_18-096_19","Davies Reef (18-096)__campaign_2",4,0.27,300,0.0679057689297014,0.0127947191734706,0.216279300189648,0,0.296666666666667,0.755,0.535833333333333,0.2875
"Davies Reef (18-096)__DAV_18-096_19__2021-08-23","Davies Reef (18-096)","Davies Reef (18-096)__DAV_18-096_19","Davies Reef (18-096)__campaign_3",3,0.122222222222222,450,0.0676712874198759,0.0142528866953457,0.206746744971965,0.00222222222222222,0.286833333333334,0.766666666666667,0.535416666666667,0.26375
"Davies Reef (18-096)__DAV_18-096_19__2022-06-25","Davies Reef (18-096)","Davies Reef (18-096)__DAV_18-096_19","Davies Reef (18-096)__campaign_4",5,0.136666666666667,300,0.0702905987667348,0.00721240773646598,0.28427922743564,0,0.353500000000001,0.721388888888889,0.506944444444444,0.265833333333333
"Davies Reef (18-096)__DAV_18-096_19__2023-01-24","Davies Reef (18-096)","Davies Reef (18-096)__DAV_18-096_19","Davies Reef (18-096)__campaign_5",1,0.0465116279069767,516,0.0790389748045721,0.0117670854167441,0.271530078502741,0.00387596899224806,0.329505813953488,0.815833333333333,0.597916666666667,0.325416666666667
"Davies Reef (18-096)__DAV_18-096_19__2023-05-22","Davies Reef (18-096)","Davies Reef (18-096)__DAV_18-096_19","Davies Reef (18-096)__campaign_6",2,0.104602510460251,239,0.094466355998297,0.0143396910544339,0.318900272775339,0.00418410041841004,0.431066945606695,0.812916666666667,0.626666666666667,0.365
"Davies Reef (18-096)__DAV_18-096_19__2023-07-19","Davies Reef (18-096)","Davies Reef (18-096)__DAV_18-096_19","Davies Reef (18-096)__campaign_7",5,0.00542005420054201,369,0.0905247773543442,0.0092751514112647,0.359256954099076,0.002710027100271,0.439024390243902,0.757777777777778,0.562222222222222,0.332222222222222
"Davies Reef (18-096)__DAV_18-096_19__2024-03-17","Davies Reef (18-096)","Davies Reef (18-096)__DAV_18-096_19","Davies Reef (18-096)__campaign_8",1,0.0261136712749616,651,0.0916646251470738,0.0135981924335287,0.326229558633626,0.00614439324116743,0.419354838709677,0.827916666666667,0.632083333333333,0.372083333333333
"Davies Reef (18-096)__DAV_18-096_19__2024-08-30","Davies Reef (18-096)","Davies Reef (18-096)__DAV_18-096_19","Davies Reef (18-096)__campaign_9",4,0.0194174757281553,824,0.0865701877113767,0.0141063772204744,0.272301232192008,0.00364077669902913,0.382311893203884,0.7925,0.595833333333333,0.34375
"Davies Reef (18-096)__DAV_18-096_19__2025-02-09","Davies Reef (18-096)","Davies Reef (18-096)__DAV_18-096_19","Davies Reef (18-096)__campaign_10",2,0.0185714285714286,700,0.0997080533991203,0.0147153544848111,0.347011175632171,0.00428571428571429,0.447285714285715,0.814166666666667,0.630416666666667,0.370833333333333
"Davies Reef (18-096)__DAV_18-096_19__2025-08-09","Davies Reef (18-096)","Davies Reef (18-096)__DAV_18-096_19","Davies Reef (18-096)__campaign_11",2,0.0375,960,0.12060700600759,0.0166999425960132,0.420374514476495,0.00520833333333333,0.55,0.85875,0.694583333333333,0.465833333333333
"Davies Reef (18-096)__DAV_18-096_20__2019-08-07","Davies Reef (18-096)","Davies Reef (18-096)__DAV_18-096_20","Davies Reef (18-096)__campaign_1",5,0.00555555555555556,720,0.0417591690107504,0.00386036367945779,0.165653975054362,0,0.211145833333333,0.524444444444444,0.3075,0.132777777777778
"Davies Reef (18-096)__DAV_18-096_20__2022-06-26","Davies Reef (18-096)","Davies Reef (18-096)__DAV_18-096_20","Davies Reef (18-096)__campaign_4",5,0.0266666666666667,150,0.0406656376148649,0.00379653864534613,0.158233978214671,0,0.2,0.582777777777778,0.335833333333333,0.140277777777778
"Davies Reef (18-096)__DAV_18-096_20__2023-01-25","Davies Reef (18-096)","Davies Reef (18-096)__DAV_18-096_20","Davies Reef (18-096)__campaign_5",1,0.0111940298507463,536,0.031333797744759,0.00417663091561818,0.109896288165009,0,0.145522388059701,0.499166666666667,0.241666666666667,0.08625
"Davies Reef (18-096)__DAV_18-096_20__2023-05-25","Davies Reef (18-096)","Davies Reef (18-096)__DAV_18-096_20","Davies Reef (18-096)__campaign_6",2,0.0395480225988701,354,0.0325460340657322,0.00419863054783498,0.116779957428456,0,0.152542372881356,0.441666666666667,0.239166666666667,0.0929166666666667
"Davies Reef (18-096)__DAV_18-096_20__2024-11-04","Davies Reef (18-096)","Davies Reef (18-096)__DAV_18-096_20","Davies Reef (18-096)__campaign_9",4,0.0125,480,0.0393560218820962,0.00570108297756633,0.128144597155553,0,0.154166666666667,0.555833333333333,0.302083333333333,0.111666666666667
"Davies Reef (18-096)__DAV_18-096_20__2025-08-08","Davies Reef (18-096)","Davies Reef (18-096)__DAV_18-096_20","Davies Reef (18-096)__campaign_11",2,0.0260180995475113,884,0.0441281419940896,0.00544631635594831,0.168045587553186,0.00113122171945701,0.22966628959276,0.578333333333333,0.336666666666667,0.148333333333333
"Davies Reef (18-096)__DAV_18-096_21__2022-07-24","Davies Reef (18-096)","Davies Reef (18-096)__DAV_18-096_21","Davies Reef (18-096)__campaign_4",5,0.0072992700729927,274,0.041475270503198,0.0036118848306449,0.168818228649194,0,0.204470802919708,0.501944444444444,0.304444444444444,0.135277777777778
"Davies Reef (18-096)__DAV_18-096_21__2023-01-25","Davies Reef (18-096)","Davies Reef (18-096)__DAV_18-096_21","Davies Reef (18-096)__campaign_5",1,0,336,0.0430039421818913,0.0052637611734256,0.153762392930634,0,0.211383928571429,0.579166666666667,0.327916666666667,0.142916666666667
"Davies Reef (18-096)__DAV_18-096_21__2024-11-05","Davies Reef (18-096)","Davies Reef (18-096)__DAV_18-096_21","Davies Reef (18-096)__campaign_9",4,0.0246575342465753,365,0.0352205347444658,0.00395702511995891,0.125170656419924,0,0.164383561643836,0.457916666666667,0.256666666666667,0.104166666666667
"Davies Reef (18-096)__DAV_18-096_22__2019-09-13","Davies Reef (18-096)","Davies Reef (18-096)__DAV_18-096_22","Davies Reef (18-096)__campaign_1",5,0.028125,1280,0.0378946667886717,0.00337500983772302,0.152769344341756,0.00078125,0.1797265625,0.505833333333333,0.276388888888889,0.11
"Davies Reef (18-096)__DAV_18-096_22__2022-09-07","Davies Reef (18-096)","Davies Reef (18-096)__DAV_18-096_22","Davies Reef (18-096)__campaign_4",5,0.0349740932642487,772,0.0338929903613409,0.00290683318707426,0.136986152977916,0,0.176165803108808,0.465,0.251388888888889,0.107777777777778
"Davies Reef (18-096)__DAV_18-096_22__2024-03-17","Davies Reef (18-096)","Davies Reef (18-096)__DAV_18-096_22","Davies Reef (18-096)__campaign_8",1,0.0144927536231884,345,0.0388606959801094,0.00547834908895791,0.144015236274944,0,0.18268115942029,0.577916666666667,0.317083333333333,0.127083333333333
"Davies Reef (18-096)__DAV_18-096_22__2024-11-04","Davies Reef (18-096)","Davies Reef (18-096)__DAV_18-096_22","Davies Reef (18-096)__campaign_9",4,0.00714285714285714,420,0.0410627986379092,0.00572602340315764,0.134138176918973,0,0.171488095238095,0.551666666666667,0.31375,0.119583333333333
"Davies Reef (18-096)__DAV_18-096_22__2025-08-20","Davies Reef (18-096)","Davies Reef (18-096)__DAV_18-096_22","Davies Reef (18-096)__campaign_11",2,0.0175,1200,0.0456276375406048,0.00584688007591732,0.172905973465914,0.00166666666666667,0.208458333333334,0.61375,0.365,0.150833333333333
"Davies Reef (18-096)__DAV_18-096_23__2019-08-02","Davies Reef (18-096)","Davies Reef (18-096)__DAV_18-096_23","Davies Reef (18-096)__campaign_1",5,0.00833333333333333,480,0.0390610747067097,0.00304429759689584,0.156574625036069,0,0.189635416666667,0.487777777777778,0.286388888888889,0.120277777777778
"Davies Reef (18-096)__DAV_18-096_23__2022-09-07","Davies Reef (18-096)","Davies Reef (18-096)__DAV_18-096_23","Davies Reef (18-096)__campaign_4",5,0.0263653483992467,531,0.0326798115183028,0.00273994214895227,0.13093159534406,0,0.165725047080979,0.445277777777778,0.233055555555556,0.0969444444444444
"Davies Reef (18-096)__DAV_18-096_23__2024-11-04","Davies Reef (18-096)","Davies Reef (18-096)__DAV_18-096_23","Davies Reef (18-096)__campaign_9",4,0.00227272727272727,440,0.0342899794647986,0.00476068074405903,0.112138745172164,0,0.150113636363637,0.500416666666667,0.264583333333333,0.0916666666666667
"Davies Reef (18-096)__DAV_18-096_23__2025-08-22","Davies Reef (18-096)","Davies Reef (18-096)__DAV_18-096_23","Davies Reef (18-096)__campaign_11",2,0.0173267326732673,404,0.0320657387346505,0.00374892246367438,0.119668700060658,0,0.160891089108911,0.443333333333333,0.240833333333333,0.0866666666666667
"Davies Reef (18-096)__DAV_18-096_24__2019-08-02","Davies Reef (18-096)","Davies Reef (18-096)__DAV_18-096_24","Davies Reef (18-096)__campaign_1",5,0.025,480,0.0347254499612621,0.00300996121834162,0.143680517488421,0,0.179166666666667,0.471666666666667,0.240833333333333,0.103888888888889
"Davies Reef (18-096)__DAV_18-096_24__2022-06-11","Davies Reef (18-096)","Davies Reef (18-096)__DAV_18-096_24","Davies Reef (18-096)__campaign_4",5,0.0220779220779221,770,0.0218254796254216,0.00192938219644168,0.0875513123664811,0,0.111720779220779,0.317222222222222,0.149166666666667,0.0480555555555556
"Davies Reef (18-096)__DAV_18-096_24__2024-05-30","Davies Reef (18-096)","Davies Reef (18-096)__DAV_18-096_24","Davies Reef (18-096)__campaign_8",1,0.0142247510668563,703,0.0285221204109629,0.003588967400768,0.102665616248242,0,0.135170697012802,0.43625,0.195,0.0716666666666667
"Davies Reef (18-096)__DAV_18-096_24__2024-11-04","Davies Reef (18-096)","Davies Reef (18-096)__DAV_18-096_24","Davies Reef (18-096)__campaign_9",4,0.00416666666666667,480,0.0356338519888988,0.00504053032066132,0.118353170090053,0,0.1625,0.518333333333333,0.264583333333333,0.100833333333333
"Davies Reef (18-096)__DAV_18-096_24__2025-08-08","Davies Reef (18-096)","Davies Reef (18-096)__DAV_18-096_24","Davies Reef (18-096)__campaign_11",2,0.00940860215053763,744,0.0469325684132892,0.00589827927170891,0.173802380582734,0.00134408602150538,0.247379032258065,0.602916666666667,0.37,0.170833333333333
"Davies Reef (18-096)__DAV_18-096_25__2022-06-11","Davies Reef (18-096)","Davies Reef (18-096)__DAV_18-096_25","Davies Reef (18-096)__campaign_4",5,0.0376623376623377,770,0.0294434684510497,0.00265942446080085,0.118730286157659,0,0.141590909090909,0.41,0.201944444444444,0.0708333333333333
"Davies Reef (18-096)__DAV_18-096_25__2023-02-05","Davies Reef (18-096)","Davies Reef (18-096)__DAV_18-096_25","Davies Reef (18-096)__campaign_5",1,0.0072202166064982,554,0.0601638036146919,0.00855409591733449,0.214156408961674,0.0036101083032491,0.2889440433213,0.695,0.454583333333333,0.224583333333333
"Davies Reef (18-096)__DAV_18-096_25__2023-08-24","Davies Reef (18-096)","Davies Reef (18-096)__DAV_18-096_25","Davies Reef (18-096)__campaign_7",5,0.0272727272727273,440,0.042789857176003,0.00369769969063974,0.175884297729653,0,0.209090909090909,0.535,0.311666666666667,0.133055555555556
"Davies Reef (18-096)__DAV_18-096_25__2025-12-10","Davies Reef (18-096)","Davies Reef (18-096)__DAV_18-096_25","Davies Reef (18-096)__campaign_11",2,0.0173913043478261,460,0.0333475472816429,0.00418488487432084,0.129189387370803,0,0.176086956521739,0.475,0.255416666666667,0.104583333333333
"Davies Reef (18-096)__DAV_18-096_26__2023-01-22","Davies Reef (18-096)","Davies Reef (18-096)__DAV_18-096_26","Davies Reef (18-096)__campaign_5",1,0.00625,480,0.0846900845966748,0.00930241017854898,0.334615891473455,0.00208333333333333,0.450104166666667,0.76625,0.554583333333333,0.32625
"Davies Reef (18-096)__DAV_18-096_26__2025-12-10","Davies Reef (18-096)","Davies Reef (18-096)__DAV_18-096_26","Davies Reef (18-096)__campaign_11",2,0.0267857142857143,448,0.0278306829104747,0.00277201867505007,0.10639706877972,0,0.158537946428572,0.42625,0.205416666666667,0.0833333333333333
"Davies Reef (18-096)__DAV_18-096_28__2023-03-25","Davies Reef (18-096)","Davies Reef (18-096)__DAV_18-096_28","Davies Reef (18-096)__campaign_6",2,0.014760147601476,542,0.0186846744791442,0.00152389416504159,0.079062735044667,0,0.110747232472325,0.289583333333333,0.1225,0.0375
"Davies Reef (18-096)__DAV_18-096_29__2019-08-03","Davies Reef (18-096)","Davies Reef (18-096)__DAV_18-096_29","Davies Reef (18-096)__campaign_1",5,0.0229166666666667,960,0.0761439837102622,0.00740926941327405,0.315145718841638,0.00208333333333333,0.379166666666667,0.724444444444444,0.498333333333333,0.273055555555556
"Davies Reef (18-096)__DAV_18-096_29__2021-06-28","Davies Reef (18-096)","Davies Reef (18-096)__DAV_18-096_29","Davies Reef (18-096)__campaign_3",3,0.325471698113208,212,0.0707938554788155,0.0149695309864691,0.230464780579018,0,0.283018867924528,0.726666666666667,0.519166666666667,0.28
"Davies Reef (18-096)__DAV_18-096_29__2022-06-24","Davies Reef (18-096)","Davies Reef (18-096)__DAV_18-096_29","Davies Reef (18-096)__campaign_4",5,0.246666666666667,300,0.0962272305633688,0.00948564830212727,0.400309025362401,0.00333333333333333,0.45675,0.772777777777778,0.593888888888889,0.36
"Davies Reef (18-096)__DAV_18-096_29__2023-01-24","Davies Reef (18-096)","Davies Reef (18-096)__DAV_18-096_29","Davies Reef (18-096)__campaign_5",1,0.05,360,0.100703177265264,0.0147788412493458,0.35833134270646,0.00555555555555556,0.461111111111111,0.827083333333333,0.644583333333333,0.410416666666667
"Davies Reef (18-096)__DAV_18-096_29__2023-04-14","Davies Reef (18-096)","Davies Reef (18-096)__DAV_18-096_29","Davies Reef (18-096)__campaign_6",2,0.12972972972973,555,0.0988614483871132,0.0147347984386731,0.333262876649731,0.00540540540540541,0.448783783783784,0.814166666666667,0.620833333333333,0.396666666666667
"Davies Reef (18-096)__DAV_18-096_29__2023-07-19","Davies Reef (18-096)","Davies Reef (18-096)__DAV_18-096_29","Davies Reef (18-096)__campaign_7",5,0.0186480186480186,429,0.110413129121302,0.0111355548950919,0.453584887305652,0.00233100233100233,0.547843822843823,0.79,0.601111111111111,0.378333333333333
"Davies Reef (18-096)__DAV_18-096_29__2024-06-12","Davies Reef (18-096)","Davies Reef (18-096)__DAV_18-096_29","Davies Reef (18-096)__campaign_8",1,0.0666666666666667,240,0.0844595103657919,0.0123967502120279,0.290740028455971,0.00416666666666667,0.362604166666667,0.815416666666667,0.592083333333333,0.345833333333333
"Davies Reef (18-096)__DAV_18-096_29__2024-09-14","Davies Reef (18-096)","Davies Reef (18-096)__DAV_18-096_29","Davies Reef (18-096)__campaign_9",4,0.0186915887850467,321,0.0974392371078104,0.0159488075408668,0.310515286465092,0.00311526479750779,0.442523364485982,0.815,0.642916666666667,0.405
"Davies Reef (18-096)__DAV_18-096_30__2019-10-25","Davies Reef (18-096)","Davies Reef (18-096)__DAV_18-096_30","Davies Reef (18-096)__campaign_1",5,0.0421875,640,0.0379785162484319,0.0029594570221857,0.168964812794259,0,0.184375,0.489444444444444,0.275,0.114166666666667
"Davies Reef (18-096)__DAV_18-096_30__2022-06-25","Davies Reef (18-096)","Davies Reef (18-096)__DAV_18-096_30","Davies Reef (18-096)__campaign_4",5,0.100358422939068,279,0.0395923421202775,0.00312165142345228,0.16263731939172,0,0.204390681003585,0.498888888888889,0.266388888888889,0.113055555555556
"Davies Reef (18-096)__DAV_18-096_30__2024-03-18","Davies Reef (18-096)","Davies Reef (18-096)__DAV_18-096_30","Davies Reef (18-096)__campaign_8",1,0.00905797101449275,552,0.0673492058977908,0.00836248407963005,0.247576612030063,0.00181159420289855,0.308016304347826,0.727083333333333,0.499583333333333,0.257083333333333
"Davies Reef (18-096)__DAV_18-096_31__2022-09-06","Davies Reef (18-096)","Davies Reef (18-096)__DAV_18-096_31","Davies Reef (18-096)__campaign_4",5,0.111842105263158,456,0.0527651673401099,0.00508995987254148,0.21245361963585,0.00219298245614035,0.276315789473684,0.606111111111111,0.391944444444444,0.190555555555556
"Davies Reef (18-096)__DAV_18-096_31__2023-01-24","Davies Reef (18-096)","Davies Reef (18-096)__DAV_18-096_31","Davies Reef (18-096)__campaign_5",1,0.0329457364341085,516,0.0672161091158776,0.00964126541171322,0.243334733604728,0.00193798449612403,0.323643410852713,0.736666666666667,0.52375,0.269583333333333
"Davies Reef (18-096)__DAV_18-096_31__2023-05-28","Davies Reef (18-096)","Davies Reef (18-096)__DAV_18-096_31","Davies Reef (18-096)__campaign_6",2,0.0376344086021505,186,0.0693745541527794,0.0092890641868741,0.240517710698306,0,0.338709677419355,0.734166666666667,0.490416666666667,0.2825
"Davies Reef (18-096)__DAV_18-096_31__2023-08-12","Davies Reef (18-096)","Davies Reef (18-096)__DAV_18-096_31","Davies Reef (18-096)__campaign_7",5,0.0304054054054054,592,0.060679793747294,0.00562085911180541,0.24776469153057,0.00168918918918919,0.302364864864865,0.651944444444444,0.414722222222222,0.209722222222222
"Davies Reef (18-096)__DAV_18-096_31__2024-03-21","Davies Reef (18-096)","Davies Reef (18-096)__DAV_18-096_31","Davies Reef (18-096)__campaign_8",1,0.0313479623824451,638,0.0613691907728184,0.00835619890179124,0.219678702707524,0.00313479623824451,0.299412225705329,0.710833333333333,0.454583333333333,0.224583333333333
"Davies Reef (18-096)__DAV_18-096_32__2021-05-31","Davies Reef (18-096)","Davies Reef (18-096)__DAV_18-096_32","Davies Reef (18-096)__campaign_3",3,0.118161925601751,457,0.0592508623523595,0.0111001071036832,0.201294274298009,0.00218818380743982,0.251695842450766,0.684583333333333,0.455,0.215833333333333
"Davies Reef (18-096)__DAV_18-096_32__2024-10-20","Davies Reef (18-096)","Davies Reef (18-096)__DAV_18-096_32","Davies Reef (18-096)__campaign_9",4,0.0272727272727273,220,0.052677357036961,0.00842939328291472,0.168628186068188,0,0.231931818181819,0.608333333333333,0.40875,0.17875
"Davies Reef (18-096)__DAV_18-096_32__2025-02-10","Davies Reef (18-096)","Davies Reef (18-096)__DAV_18-096_32","Davies Reef (18-096)__campaign_10",2,0.0296052631578947,912,0.0644830861231709,0.00817988865481998,0.242665733528796,0.00219298245614035,0.299451754385965,0.685,0.457083333333333,0.24125
"Davies Reef (18-096)__DAV_18-096_33__2022-09-02","Davies Reef (18-096)","Davies Reef (18-096)__DAV_18-096_33","Davies Reef (18-096)__campaign_4",5,0.041343669250646,387,0.029614827700195,0.00213766574457427,0.12581129469044,0,0.149935400516796,0.413888888888889,0.204722222222222,0.0772222222222222
"Davies Reef (18-096)__DAV_18-096_33__2024-11-24","Davies Reef (18-096)","Davies Reef (18-096)__DAV_18-096_33","Davies Reef (18-096)__campaign_9",4,0,200,0.039270292909761,0.00504867320776482,0.135792528349229,0,0.170125,0.569583333333333,0.320416666666667,0.12375
"Davies Reef (18-096)__DAV_18-096_33__2025-08-07","Davies Reef (18-096)","Davies Reef (18-096)__DAV_18-096_33","Davies Reef (18-096)__campaign_11",2,0.00632911392405063,790,0.0506533242365266,0.0055759193373618,0.199287520411091,0.00126582278481013,0.231677215189874,0.597083333333333,0.38,0.178333333333333
"Davies Reef (18-096)__DAV_18-096_34__2022-06-13","Davies Reef (18-096)","Davies Reef (18-096)__DAV_18-096_34","Davies Reef (18-096)__campaign_4",5,0.0789473684210526,760,0.0613672695676457,0.00562732497317148,0.25300940966573,0.00131578947368421,0.310559210526316,0.64,0.423611111111111,0.2175
"Davies Reef (18-096)__DAV_18-096_34__2023-01-23","Davies Reef (18-096)","Davies Reef (18-096)__DAV_18-096_34","Davies Reef (18-096)__campaign_5",1,0.00746268656716418,268,0.0783323781429405,0.00975809522738678,0.2908821087383,0.00373134328358209,0.406809701492538,0.755,0.562083333333333,0.302916666666667
"Davies Reef (18-096)__DAV_18-096_34__2024-10-20","Davies Reef (18-096)","Davies Reef (18-096)__DAV_18-096_34","Davies Reef (18-096)__campaign_9",4,0.0333333333333333,180,0.0432575052281201,0.00596978024303877,0.14258899579038,0,0.2,0.574583333333333,0.315,0.138333333333333
"Davies Reef (18-096)__DAV_18-096_35__2022-09-02","Davies Reef (18-096)","Davies Reef (18-096)__DAV_18-096_35","Davies Reef (18-096)__campaign_4",5,0.0145985401459854,411,0.0278572676375358,0.00207397132152535,0.12681495580801,0,0.153284671532847,0.364166666666667,0.184166666666667,0.0772222222222222
"Davies Reef (18-096)__DAV_18-096_36__2022-09-02","Davies Reef (18-096)","Davies Reef (18-096)__DAV_18-096_36","Davies Reef (18-096)__campaign_4",5,0.0442477876106195,339,0.0341195541055068,0.00262761831769632,0.139835990922036,0,0.188864306784661,0.465277777777778,0.238888888888889,0.105833333333333
"Davies Reef (18-096)__DAV_18-096_36__2024-03-19","Davies Reef (18-096)","Davies Reef (18-096)__DAV_18-096_36","Davies Reef (18-096)__campaign_8",1,0.00595238095238095,336,0.053792707698469,0.0054022355724668,0.219428661665102,0,0.270833333333333,0.638333333333333,0.400833333333333,0.187083333333333
"Davies Reef (18-096)__DAV_18-096_37__2024-03-19","Davies Reef (18-096)","Davies Reef (18-096)__DAV_18-096_37","Davies Reef (18-096)__campaign_8",1,0.0431547619047619,672,0.0797970031344837,0.00984761414150775,0.307963647780293,0.00446428571428571,0.355766369047619,0.778333333333333,0.572916666666667,0.31625
"Davies Reef (18-096)__DAV_18-096_37__2024-08-30","Davies Reef (18-096)","Davies Reef (18-096)__DAV_18-096_37","Davies Reef (18-096)__campaign_9",4,0.0482076637824475,809,0.062434887728027,0.00991400794475678,0.207877155749456,0.00123609394313968,0.274412855377009,0.70125,0.472916666666667,0.239166666666667
"Davies Reef (18-096)__DAV_18-096_37__2025-08-09","Davies Reef (18-096)","Davies Reef (18-096)__DAV_18-096_37","Davies Reef (18-096)__campaign_11",2,0.0175233644859813,856,0.108716765044699,0.014417183859251,0.394647311785419,0.00467289719626168,0.577161214953271,0.822916666666667,0.632916666666667,0.402083333333333
"Davies Reef (18-096)__DAV_18-096_9__2023-01-22","Davies Reef (18-096)","Davies Reef (18-096)__DAV_18-096_9","Davies Reef (18-096)__campaign_5",1,0.00892857142857143,224,0.0698782328290762,0.00566359638545491,0.291107034634912,0,0.379575892857143,0.675,0.495,0.265416666666667
"Elford Reef (16-073)__ELF_16-073_12__2023-09-28","Elford Reef (16-073)","Elford Reef (16-073)__ELF_16-073_12","Elford Reef (16-073)__campaign_3",5,0,900,0.0092232168911575,0.000398126456511668,0.0469657016442072,0,0.0566944444444445,0.118055555555556,0.0483333333333333,0.0116666666666667
"Elford Reef (16-073)__ELF_16-073_3__2023-10-30","Elford Reef (16-073)","Elford Reef (16-073)__ELF_16-073_3","Elford Reef (16-073)__campaign_3",5,0,800,0.00684757414809613,0.000304241992882656,0.0350168824309724,0,0.04375,0.0816666666666667,0.0283333333333333,0.00805555555555556
"Elford Reef (16-073)__ELF_16-073_4__2022-08-06","Elford Reef (16-073)","Elford Reef (16-073)__ELF_16-073_4","Elford Reef (16-073)__campaign_2",2,0,600,0.00840575787960538,0.000344764867041808,0.0386839436377102,0,0.0517083333333335,0.111666666666667,0.04,0.01125
"Elford Reef (16-073)__ELF_16-073_51__2022-09-07","Elford Reef (16-073)","Elford Reef (16-073)__ELF_16-073_51","Elford Reef (16-073)__campaign_2",2,0,300,0.00626155858741231,0.000284084024577707,0.0308415222164232,0,0.0433333333333333,0.0854166666666667,0.0325,0.00625
"Elford Reef (16-073)__ELF_16-073_52__2022-08-24","Elford Reef (16-073)","Elford Reef (16-073)__ELF_16-073_52","Elford Reef (16-073)__campaign_2",2,0,160,0.00618278474606145,0.000280302839258354,0.0302584871650183,0,0.0375,0.0754166666666667,0.0241666666666667,0.00583333333333333
"Elford Reef (16-073)__ELF_16-073_9__2022-08-07","Elford Reef (16-073)","Elford Reef (16-073)__ELF_16-073_9","Elford Reef (16-073)__campaign_2",2,0.0043859649122807,1140,0.0229503604666417,0.00102368312476828,0.109177275360927,0,0.141293859649123,0.309583333333333,0.15375,0.0658333333333333
"Eyrie Reef (14-118)__EYR_14-118_11__2022-11-09","Eyrie Reef (14-118)","Eyrie Reef (14-118)__EYR_14-118_11","Eyrie Reef (14-118)__campaign_2",3,0.00256410256410256,780,0.034902002469687,0.00404016120192224,0.12270198189267,0.00125,0.16025641025641,0.494583333333333,0.25,0.0891666666666667
"Eyrie Reef (14-118)__EYR_14-118_14__2022-11-08","Eyrie Reef (14-118)","Eyrie Reef (14-118)__EYR_14-118_14","Eyrie Reef (14-118)__campaign_2",3,0,770,0.0363517318793306,0.00470639305150353,0.12386243612802,0.0012987012987013,0.166298701298702,0.511666666666667,0.27125,0.105416666666667
"Eyrie Reef (14-118)__EYR_14-118_14__2023-10-28","Eyrie Reef (14-118)","Eyrie Reef (14-118)__EYR_14-118_14","Eyrie Reef (14-118)__campaign_3",4,0.0245614035087719,570,0.027151283171857,0.00280293731389329,0.108783012865557,0,0.129824561403509,0.38625,0.193333333333333,0.0666666666666667
"Eyrie Reef (14-118)__EYR_14-118_16__2022-11-08","Eyrie Reef (14-118)","Eyrie Reef (14-118)__EYR_14-118_16","Eyrie Reef (14-118)__campaign_2",3,0.0012987012987013,770,0.0362748952638195,0.00481659637021538,0.125926063442058,0.0012987012987013,0.137727272727273,0.500833333333333,0.279166666666667,0.09375
"Eyrie Reef (14-118)__EYR_14-118_16__2023-10-28","Eyrie Reef (14-118)","Eyrie Reef (14-118)__EYR_14-118_16","Eyrie Reef (14-118)__campaign_3",4,0.0228070175438597,570,0.0279259656973507,0.00278195098693556,0.102809173788729,0,0.124561403508772,0.39625,0.204583333333333,0.0675
"Eyrie Reef (14-118)__EYR_14-118_17__2022-11-15","Eyrie Reef (14-118)","Eyrie Reef (14-118)__EYR_14-118_17","Eyrie Reef (14-118)__campaign_2",3,0.0458333333333333,960,0.0589988430430225,0.00841948709514834,0.212988207381557,0.00208333333333333,0.25625,0.685833333333333,0.448333333333333,0.217083333333333
"Eyrie Reef (14-118)__EYR_14-118_17__2024-01-08","Eyrie Reef (14-118)","Eyrie Reef (14-118)__EYR_14-118_17","Eyrie Reef (14-118)__campaign_3",4,0.0763157894736842,760,0.0657303708233264,0.00810335762510417,0.254610211936544,0.00131578947368421,0.269736842105263,0.672916666666667,0.444583333333333,0.235
"Eyrie Reef (14-118)__EYR_14-118_18__2021-12-17","Eyrie Reef (14-118)","Eyrie Reef (14-118)__EYR_14-118_18","Eyrie Reef (14-118)__campaign_1",4,0.0196428571428571,560,0.0285423564876443,0.00287674775768248,0.114036499692265,0,0.144776785714286,0.405,0.195416666666667,0.0745833333333333
"Eyrie Reef (14-118)__EYR_14-118_18__2022-11-16","Eyrie Reef (14-118)","Eyrie Reef (14-118)__EYR_14-118_18","Eyrie Reef (14-118)__campaign_2",3,0.00657894736842105,760,0.0348753092016547,0.00470037005839298,0.115941252422557,0,0.150032894736842,0.5,0.267083333333333,0.0979166666666667
"Eyrie Reef (14-118)__EYR_14-118_18__2023-11-13","Eyrie Reef (14-118)","Eyrie Reef (14-118)__EYR_14-118_18","Eyrie Reef (14-118)__campaign_3",4,0.0177083333333333,960,0.042971890480657,0.00484471526971147,0.153246711188176,0.00104166666666667,0.198958333333333,0.522916666666667,0.29625,0.131666666666667
"Eyrie Reef (14-118)__EYR_14-118_19__2021-12-17","Eyrie Reef (14-118)","Eyrie Reef (14-118)__EYR_14-118_19","Eyrie Reef (14-118)__campaign_1",4,0.0142857142857143,560,0.0300323663620296,0.00290504042154681,0.104741115229699,0,0.155401785714286,0.43125,0.22125,0.0854166666666667
"Eyrie Reef (14-118)__EYR_14-118_19__2022-11-16","Eyrie Reef (14-118)","Eyrie Reef (14-118)__EYR_14-118_19","Eyrie Reef (14-118)__campaign_2",3,0.00657894736842105,760,0.0340261710254283,0.00504883872589451,0.118642604097335,0.00131578947368421,0.13296052631579,0.472916666666667,0.2575,0.0870833333333333
"Eyrie Reef (14-118)__EYR_14-118_19__2023-11-13","Eyrie Reef (14-118)","Eyrie Reef (14-118)__EYR_14-118_19","Eyrie Reef (14-118)__campaign_3",4,0.0166666666666667,960,0.0460470672364019,0.00464283381430865,0.176446335943593,0.00104166666666667,0.207291666666667,0.555416666666667,0.325,0.147083333333333
"Eyrie Reef (14-118)__EYR_14-118_1__2026-02-26","Eyrie Reef (14-118)","Eyrie Reef (14-118)__EYR_14-118_1","Eyrie Reef (14-118)__campaign_4",1,0.123076923076923,520,0.0462705579147258,0.00330511061616311,0.194434578554061,0,0.223173076923077,0.514583333333333,0.315,0.147916666666667
"Eyrie Reef (14-118)__EYR_14-118_20__2022-10-15","Eyrie Reef (14-118)","Eyrie Reef (14-118)__EYR_14-118_20","Eyrie Reef (14-118)__campaign_2",3,0.0666666666666667,285,0.0476874277780245,0.00654728069447841,0.155129876746724,0,0.200087719298246,0.619583333333333,0.375416666666667,0.16125
"Eyrie Reef (14-118)__EYR_14-118_20__2023-11-12","Eyrie Reef (14-118)","Eyrie Reef (14-118)__EYR_14-118_20","Eyrie Reef (14-118)__campaign_3",4,0.0291666666666667,960,0.087534198214551,0.011152744153099,0.349055107144154,0.00208333333333333,0.409453125,0.758333333333333,0.559166666666667,0.314583333333333
"Eyrie Reef (14-118)__EYR_14-118_21__2021-12-16","Eyrie Reef (14-118)","Eyrie Reef (14-118)__EYR_14-118_21","Eyrie Reef (14-118)__campaign_1",4,0.0428571428571429,560,0.0390279023735277,0.00454678809822618,0.145552542603837,0,0.185714285714286,0.52125,0.285833333333333,0.12375
"Eyrie Reef (14-118)__EYR_14-118_21__2022-11-17","Eyrie Reef (14-118)","Eyrie Reef (14-118)__EYR_14-118_21","Eyrie Reef (14-118)__campaign_2",3,0.0151162790697674,860,0.0426905813357465,0.00603566906732383,0.1463845520877,0.00116279069767442,0.180261627906977,0.55,0.33,0.129166666666667
"Eyrie Reef (14-118)__EYR_14-118_21__2023-11-12","Eyrie Reef (14-118)","Eyrie Reef (14-118)__EYR_14-118_21","Eyrie Reef (14-118)__campaign_3",4,0.0239583333333333,960,0.0589052704570684,0.00705627669132348,0.215635045047688,0.00104166666666667,0.250052083333334,0.647916666666667,0.410833333333333,0.209583333333333
"Eyrie Reef (14-118)__EYR_14-118_24__2021-12-16","Eyrie Reef (14-118)","Eyrie Reef (14-118)__EYR_14-118_24","Eyrie Reef (14-118)__campaign_1",4,0.0107142857142857,280,0.0313338133543986,0.00299839891897098,0.121133443692613,0,0.182321428571429,0.44,0.2175,0.0908333333333333
"Eyrie Reef (14-118)__EYR_14-118_27__2022-12-03","Eyrie Reef (14-118)","Eyrie Reef (14-118)__EYR_14-118_27","Eyrie Reef (14-118)__campaign_2",3,0,800,0.032994648721936,0.00418899225931047,0.117864449410578,0.00125,0.15628125,0.468333333333333,0.24,0.09375
"Eyrie Reef (14-118)__EYR_14-118_28__2022-12-03","Eyrie Reef (14-118)","Eyrie Reef (14-118)__EYR_14-118_28","Eyrie Reef (14-118)__campaign_2",3,0.00125,800,0.0374301004590971,0.00494609556534583,0.132111239456941,0.00125,0.16628125,0.540833333333333,0.282083333333333,0.105
"Eyrie Reef (14-118)__EYR_14-118_29__2024-03-12","Eyrie Reef (14-118)","Eyrie Reef (14-118)__EYR_14-118_29","Eyrie Reef (14-118)__campaign_3",4,0.00222222222222222,900,0.0408159856859639,0.00422108463600039,0.158597295951001,0.00111111111111111,0.187805555555556,0.510833333333333,0.28,0.118333333333333
"Eyrie Reef (14-118)__EYR_14-118_2__2026-02-26","Eyrie Reef (14-118)","Eyrie Reef (14-118)__EYR_14-118_2","Eyrie Reef (14-118)__campaign_4",1,0.0815789473684211,760,0.0475974647416315,0.00314508459913418,0.205365069097187,0,0.226381578947369,0.510416666666667,0.302916666666667,0.141666666666667
"Eyrie Reef (14-118)__EYR_14-118_30__2022-11-04","Eyrie Reef (14-118)","Eyrie Reef (14-118)__EYR_14-118_30","Eyrie Reef (14-118)__campaign_2",3,0,480,0.0374858708834087,0.00452455466194204,0.135543204906633,0,0.158333333333333,0.51375,0.2825,0.1075
"Eyrie Reef (14-118)__EYR_14-118_31__2022-11-07","Eyrie Reef (14-118)","Eyrie Reef (14-118)__EYR_14-118_31","Eyrie Reef (14-118)__campaign_2",3,0,815,0.0272426793111857,0.00316320696511246,0.0973626137294257,0,0.120245398773006,0.407916666666667,0.187083333333333,0.0575
"Eyrie Reef (14-118)__EYR_14-118_31__2024-03-12","Eyrie Reef (14-118)","Eyrie Reef (14-118)__EYR_14-118_31","Eyrie Reef (14-118)__campaign_3",4,0,900,0.0251797750136973,0.00247658046291053,0.0973189048149588,0,0.125555555555556,0.377083333333333,0.175833333333333,0.0575
"Eyrie Reef (14-118)__EYR_14-118_32__2023-11-14","Eyrie Reef (14-118)","Eyrie Reef (14-118)__EYR_14-118_32","Eyrie Reef (14-118)__campaign_3",4,0.00520833333333333,960,0.0350026311826222,0.00365641476995751,0.140364865753665,0,0.164713541666667,0.456666666666667,0.25375,0.104166666666667
"Eyrie Reef (14-118)__EYR_14-118_33__2024-02-03","Eyrie Reef (14-118)","Eyrie Reef (14-118)__EYR_14-118_33","Eyrie Reef (14-118)__campaign_3",4,0,700,0.0304554352825344,0.00345687256316578,0.119857927865573,0,0.151428571428571,0.449166666666667,0.22625,0.0879166666666667
"Eyrie Reef (14-118)__EYR_14-118_6__2021-11-29","Eyrie Reef (14-118)","Eyrie Reef (14-118)__EYR_14-118_6","Eyrie Reef (14-118)__campaign_1",4,0.122905027932961,537,0.0343602685350872,0.00430287730550064,0.128303563819642,0,0.184357541899441,0.494583333333333,0.258333333333333,0.112916666666667
"Eyrie Reef (14-118)__EYR_14-118_6__2022-11-12","Eyrie Reef (14-118)","Eyrie Reef (14-118)__EYR_14-118_6","Eyrie Reef (14-118)__campaign_2",3,0.0206896551724138,870,0.0402479637390197,0.00542047433316369,0.130424150550581,0.00114942528735632,0.181637931034483,0.549583333333333,0.3025,0.114583333333333
"Eyrie Reef (14-118)__EYR_14-118_7__2021-11-30","Eyrie Reef (14-118)","Eyrie Reef (14-118)__EYR_14-118_7","Eyrie Reef (14-118)__campaign_1",4,0.106422018348624,545,0.0394144914170866,0.00487103486073466,0.153697413068738,0,0.196330275229358,0.527916666666667,0.301666666666667,0.119583333333333
"Eyrie Reef (14-118)__EYR_14-118_7__2022-11-12","Eyrie Reef (14-118)","Eyrie Reef (14-118)__EYR_14-118_7","Eyrie Reef (14-118)__campaign_2",3,0.0310344827586207,870,0.0390501230863602,0.00533896069557011,0.13381141721091,0.00114942528735632,0.167844827586207,0.53125,0.289583333333333,0.120416666666667
"Eyrie Reef (14-118)__EYR_14-118_8__2021-11-30","Eyrie Reef (14-118)","Eyrie Reef (14-118)__EYR_14-118_8","Eyrie Reef (14-118)__campaign_1",4,0.188785046728972,535,0.0393768591363769,0.00496911539484642,0.149543508339619,0,0.183177570093458,0.525,0.299166666666667,0.12
"Eyrie Reef (14-118)__EYR_14-118_8__2022-11-13","Eyrie Reef (14-118)","Eyrie Reef (14-118)__EYR_14-118_8","Eyrie Reef (14-118)__campaign_2",3,0.0296296296296296,810,0.0566926860157253,0.0077706606262335,0.195804090124872,0.00243827160493827,0.235833333333333,0.661666666666667,0.428333333333333,0.200416666666667
"Eyrie Reef (14-118)__EYR_14-118_8__2023-10-27","Eyrie Reef (14-118)","Eyrie Reef (14-118)__EYR_14-118_8","Eyrie Reef (14-118)__campaign_3",4,0.0894736842105263,570,0.0538286227418296,0.00675307629147383,0.20753668108254,0.00175438596491228,0.242149122807018,0.627083333333333,0.394166666666667,0.175833333333333
"Faith Reef (19-044)__FAI_19-044_13__2023-03-30","Faith Reef (19-044)","Faith Reef (19-044)__FAI_19-044_13","Faith Reef (19-044)__campaign_1",2,0.0276243093922652,543,0.0663575641105432,0.00304685607362428,0.33215804944077,0,0.390561694290977,0.588333333333333,0.38375,0.207083333333333
"Faith Reef (19-044)__FAI_19-044_14__2023-04-18","Faith Reef (19-044)","Faith Reef (19-044)__FAI_19-044_14","Faith Reef (19-044)__campaign_1",2,0.026530612244898,490,0.0438638480808014,0.00221062254046523,0.216791573216608,0,0.253112244897959,0.48875,0.294166666666667,0.149583333333333
"Fitzroy Reef (23-077)__FIT_23-077_21__2026-05-23","Fitzroy Reef (23-077)","Fitzroy Reef (23-077)__FIT_23-077_21","Fitzroy Reef (23-077)__campaign_1",4,0.0646950092421442,541,0.0651940533548997,0.00145487354298074,0.361430591703811,0,0.36243068391867,0.494166666666667,0.3175,0.167916666666667
"Fitzroy Reef (23-077)__FIT_23-077_22__2026-05-23","Fitzroy Reef (23-077)","Fitzroy Reef (23-077)__FIT_23-077_22","Fitzroy Reef (23-077)__campaign_1",4,0.0520325203252033,615,0.0636022077291238,0.0017126949678021,0.346325004958476,0,0.390528455284554,0.4925,0.322083333333333,0.179583333333333
"Fitzroy Reef (23-077)__FIT_23-077_24__2026-05-24","Fitzroy Reef (23-077)","Fitzroy Reef (23-077)__FIT_23-077_24","Fitzroy Reef (23-077)__campaign_1",4,0.0167910447761194,536,0.0445780322249859,0.00110989480735022,0.233997766486528,0,0.266837686567164,0.400833333333333,0.257916666666667,0.125416666666667
"Fitzroy Reef (23-077)__FIT_23-077_25__2026-05-23","Fitzroy Reef (23-077)","Fitzroy Reef (23-077)__FIT_23-077_25","Fitzroy Reef (23-077)__campaign_1",4,0.0214285714285714,560,0.0505835297954839,0.00130535237108154,0.295438405978917,0,0.303616071428572,0.4375,0.285416666666667,0.15
"Fitzroy Reef (23-077)__FIT_23-077_32__2026-05-23","Fitzroy Reef (23-077)","Fitzroy Reef (23-077)__FIT_23-077_32","Fitzroy Reef (23-077)__campaign_1",4,0.00909090909090909,220,0.0443299546965154,0.00112030196045059,0.252280989159665,0,0.282045454545455,0.401666666666667,0.25375,0.12875
"Fitzroy Reef (23-077)__FIT_23-077_33__2026-05-23","Fitzroy Reef (23-077)","Fitzroy Reef (23-077)__FIT_23-077_33","Fitzroy Reef (23-077)__campaign_1",4,0.0188679245283019,212,0.0564298115138744,0.00140617755233937,0.326823738531858,0,0.367924528301887,0.460416666666667,0.295833333333333,0.166666666666667
"Green Island Reef (16-049)__GRE_16-049_14__2025-10-17","Green Island Reef (16-049)","Green Island Reef (16-049)__GRE_16-049_14","Green Island Reef (16-049)__campaign_4",4,0.017,1000,0.0108051190917423,0.00102670115957826,0.0433959621965101,0,0.048,0.1275,0.0404166666666667,0.00958333333333333
"Green Island Reef (16-049)__GRE_16-049_15__2025-10-17","Green Island Reef (16-049)","Green Island Reef (16-049)__GRE_16-049_15","Green Island Reef (16-049)__campaign_4",4,0.032,1000,0.0113391735134716,0.00104578465960735,0.046233296639636,0,0.059,0.150416666666667,0.0545833333333333,0.0141666666666667
"Green Island Reef (16-049)__GRE_16-049_19__2021-10-04","Green Island Reef (16-049)","Green Island Reef (16-049)__GRE_16-049_19","Green Island Reef (16-049)__campaign_1",3,0.0678571428571429,280,0.0501487599235144,0.00423602222272239,0.205247551871084,0,0.271428571428571,0.562083333333333,0.340833333333333,0.170416666666667
"Green Island Reef (16-049)__GRE_16-049_1__2021-10-04","Green Island Reef (16-049)","Green Island Reef (16-049)__GRE_16-049_1","Green Island Reef (16-049)__campaign_1",3,0.00714285714285714,280,0.0290214293678921,0.00245636133612231,0.12014323555174,0,0.157142857142857,0.39875,0.214166666666667,0.08125
"Green Island Reef (16-049)__GRE_16-049_21__2023-07-12","Green Island Reef (16-049)","Green Island Reef (16-049)__GRE_16-049_21","Green Island Reef (16-049)__campaign_3",3,0.001875,1600,0.0771880611280618,0.00653384055372282,0.335337436405478,0.0025,0.413921875000001,0.7,0.49,0.270416666666667
"Green Island Reef (16-049)__GRE_16-049_2__2023-08-28","Green Island Reef (16-049)","Green Island Reef (16-049)__GRE_16-049_2","Green Island Reef (16-049)__campaign_3",3,0.0142857142857143,700,0.0685908503550647,0.00549044863425802,0.274815664319937,0.00142857142857143,0.341464285714286,0.64875,0.439166666666667,0.241666666666667
"Green Island Reef (16-049)__GRE_16-049_3__2023-08-28","Green Island Reef (16-049)","Green Island Reef (16-049)__GRE_16-049_3","Green Island Reef (16-049)__campaign_3",3,0.00857142857142857,700,0.0686590160497501,0.00568793403928556,0.2852027735079,0.00142857142857143,0.364285714285714,0.664166666666667,0.44125,0.230416666666667
"John Brewer Reef (18-075)__JOH_18-075_21__2026-01-16","John Brewer Reef (18-075)","John Brewer Reef (18-075)__JOH_18-075_21","John Brewer Reef (18-075)__campaign_1",2,0,324,0.0568931697040315,0.00246266640698495,0.278723350979638,0,0.348765432098765,0.5475,0.374583333333333,0.192083333333333
"Judith Wright Reef (18-101)__JUD_18-101_1__2025-08-27","Judith Wright Reef (18-101)","Judith Wright Reef (18-101)__JUD_18-101_1","Judith Wright Reef (18-101)__campaign_1",1,0,440,0.0601329999114683,0.00134481944662099,0.320496902909354,0,0.341136363636364,0.481666666666667,0.304583333333333,0.159166666666667
"Judith Wright Reef (18-101)__JUD_18-101_38__2025-10-14","Judith Wright Reef (18-101)","Judith Wright Reef (18-101)__JUD_18-101_38","Judith Wright Reef (18-101)__campaign_1",1,0.0384615384615385,338,0.0300227655426218,0.000685653695589214,0.174429811329741,0,0.174630177514793,0.319583333333333,0.165,0.0733333333333333
"Judith Wright Reef (18-101)__JUD_18-101_3__2025-08-05","Judith Wright Reef (18-101)","Judith Wright Reef (18-101)__JUD_18-101_3","Judith Wright Reef (18-101)__campaign_1",1,0.0425,400,0.0515623551214957,0.00114058428727327,0.261385302791731,0,0.320250000000001,0.462083333333333,0.281666666666667,0.14
"Judith Wright Reef (18-101)__JUD_18-101_4__2025-08-05","Judith Wright Reef (18-101)","Judith Wright Reef (18-101)__JUD_18-101_4","Judith Wright Reef (18-101)__campaign_1",1,0.109447004608295,868,0.0467184918977932,0.00124403995886121,0.260813544732867,0,0.288133640552996,0.436666666666667,0.277083333333333,0.145
"Judith Wright Reef (18-101)__JUD_18-101_5__2025-10-14","Judith Wright Reef (18-101)","Judith Wright Reef (18-101)__JUD_18-101_5","Judith Wright Reef (18-101)__campaign_1",1,0.0119047619047619,420,0.0369953635159033,0.000872449495935815,0.189428987850003,0,0.221428571428571,0.335416666666667,0.1975,0.0991666666666667
"Keeper Reef (18-079)__KEE_18-079_10__2020-09-04","Keeper Reef (18-079)","Keeper Reef (18-079)__KEE_18-079_10","Keeper Reef (18-079)__campaign_1",4,0.0436781609195402,435,0.0480684902318267,0.00134256272018255,0.283254328200384,0,0.291954022988506,0.42125,0.240833333333333,0.116666666666667
"Keeper Reef (18-079)__KEE_18-079_11__2020-05-22","Keeper Reef (18-079)","Keeper Reef (18-079)__KEE_18-079_11","Keeper Reef (18-079)__campaign_1",4,0.0119047619047619,420,0.0625250456446272,0.00170923402401848,0.350385855807673,0,0.364285714285714,0.481666666666667,0.315416666666667,0.177916666666667
"Keeper Reef (18-079)__KEE_18-079_12__2020-07-30","Keeper Reef (18-079)","Keeper Reef (18-079)__KEE_18-079_12","Keeper Reef (18-079)__campaign_1",4,0.00131578947368421,760,0.0605711588415901,0.00175395151266452,0.327939857635358,0,0.346052631578947,0.442083333333333,0.277083333333333,0.15
"Keeper Reef (18-079)__KEE_18-079_13__2020-07-29","Keeper Reef (18-079)","Keeper Reef (18-079)__KEE_18-079_13","Keeper Reef (18-079)__campaign_1",4,0.00742574257425743,404,0.0615038179729421,0.00163453425153057,0.334963114152954,0,0.279888613861387,0.43625,0.282916666666667,0.144583333333333
"Keeper Reef (18-079)__KEE_18-079_17__2020-06-08","Keeper Reef (18-079)","Keeper Reef (18-079)__KEE_18-079_17","Keeper Reef (18-079)__campaign_1",4,0.0846354166666667,768,0.0517637235921452,0.00136443008662285,0.314722175984552,0,0.304817708333334,0.435416666666667,0.274166666666667,0.144166666666667
"Keeper Reef (18-079)__KEE_18-079_18__2020-05-21","Keeper Reef (18-079)","Keeper Reef (18-079)__KEE_18-079_18","Keeper Reef (18-079)__campaign_1",4,0.146728971962617,1070,0.0685859907483152,0.00173596566564535,0.375731434529535,0,0.409439252336449,0.491666666666667,0.331666666666667,0.173333333333333
"Keeper Reef (18-079)__KEE_18-079_19__2020-05-21","Keeper Reef (18-079)","Keeper Reef (18-079)__KEE_18-079_19","Keeper Reef (18-079)__campaign_1",4,0.075,120,0.0528868832207864,0.00134163976788709,0.295061738949114,0,0.3,0.4325,0.290833333333333,0.143333333333333
"Keeper Reef (18-079)__KEE_18-079_20__2020-05-22","Keeper Reef (18-079)","Keeper Reef (18-079)__KEE_18-079_20","Keeper Reef (18-079)__campaign_1",4,0.0292207792207792,308,0.0500569990055396,0.0014411642089584,0.304071713963682,0,0.250081168831169,0.407083333333333,0.249583333333333,0.127916666666667
"Keeper Reef (18-079)__KEE_18-079_23__2020-06-22","Keeper Reef (18-079)","Keeper Reef (18-079)__KEE_18-079_23","Keeper Reef (18-079)__campaign_1",4,0.061377245508982,668,0.0353739977901225,0.000972708699865368,0.201130153562189,0,0.196182634730539,0.325833333333333,0.1825,0.0883333333333333
"Keeper Reef (18-079)__KEE_18-079_4__2020-06-22","Keeper Reef (18-079)","Keeper Reef (18-079)__KEE_18-079_4","Keeper Reef (18-079)__campaign_1",4,0.03125,448,0.0366947053701155,0.000994494419685378,0.217205767332067,0,0.1875,0.330416666666667,0.184166666666667,0.08875
"Keeper Reef (18-079)__KEE_18-079_5__2020-06-23","Keeper Reef (18-079)","Keeper Reef (18-079)__KEE_18-079_5","Keeper Reef (18-079)__campaign_1",4,0.0540540540540541,185,0.0356652976460994,0.000979408502131691,0.200590221919606,0,0.183918918918919,0.339583333333333,0.185833333333333,0.0854166666666667
"Keeper Reef (18-079)__KEE_18-079_6__2020-08-08","Keeper Reef (18-079)","Keeper Reef (18-079)__KEE_18-079_6","Keeper Reef (18-079)__campaign_1",4,0.0625,160,0.033259430330887,0.000858879782880818,0.18627639870769,0,0.175,0.31,0.181666666666667,0.0825
"Keeper Reef (18-079)__KEE_18-079_7__2020-09-22","Keeper Reef (18-079)","Keeper Reef (18-079)__KEE_18-079_7","Keeper Reef (18-079)__campaign_1",4,0.0543615676359039,791,0.0321203139323517,0.000875360106929136,0.1773031732884,0,0.18334386852086,0.30375,0.162916666666667,0.0725
"Keeper Reef (18-079)__KEE_18-079_8__2020-10-26","Keeper Reef (18-079)","Keeper Reef (18-079)__KEE_18-079_8","Keeper Reef (18-079)__campaign_1",4,0.094017094017094,468,0.0428524073115133,0.00110786311206359,0.244512908693142,0,0.215811965811966,0.370833333333333,0.224583333333333,0.10375
"Keeper Reef (18-079)__KEE_18-079_9__2020-06-07","Keeper Reef (18-079)","Keeper Reef (18-079)__KEE_18-079_9","Keeper Reef (18-079)__campaign_1",4,0.112299465240642,748,0.0516336837692303,0.00133113091840302,0.278176429383486,0,0.27807486631016,0.420416666666667,0.261666666666667,0.13
"Lady Musgrave Reef (23-082a)__LAD_23-082a_16__2026-05-18","Lady Musgrave Reef (23-082a)","Lady Musgrave Reef (23-082a)__LAD_23-082a_16","Lady Musgrave Reef (23-082a)__campaign_1",5,0.0461847389558233,498,0.0531048544749001,0.0022920831566616,0.259845217099903,0,0.331425702811245,0.518055555555556,0.328055555555556,0.176944444444444
"Lady Musgrave Reef (23-082a)__LAD_23-082a_17__2026-05-21","Lady Musgrave Reef (23-082a)","Lady Musgrave Reef (23-082a)__LAD_23-082a_17","Lady Musgrave Reef (23-082a)__campaign_1",5,0.0209205020920502,478,0.0544468508396306,0.00204213382774104,0.268803420030841,0,0.284571129707113,0.501944444444444,0.3175,0.170833333333333
"Lady Musgrave Reef (23-082a)__LAD_23-082a_18__2026-05-18","Lady Musgrave Reef (23-082a)","Lady Musgrave Reef (23-082a)__LAD_23-082a_18","Lady Musgrave Reef (23-082a)__campaign_1",5,0.0784574468085106,752,0.0526357876144284,0.00200537938216601,0.268968322969539,0,0.271376329787234,0.486388888888889,0.3075,0.162777777777778
"Lady Musgrave Reef (23-082a)__LAD_23-082a_19__2026-05-17","Lady Musgrave Reef (23-082a)","Lady Musgrave Reef (23-082a)__LAD_23-082a_19","Lady Musgrave Reef (23-082a)__campaign_1",5,0.0493562231759657,466,0.0524338599110705,0.00200265172863394,0.257857492402738,0,0.330579399141631,0.485555555555556,0.311388888888889,0.159166666666667
"Lady Musgrave Reef (23-082a)__LAD_23-082a_20__2026-05-17","Lady Musgrave Reef (23-082a)","Lady Musgrave Reef (23-082a)__LAD_23-082a_20","Lady Musgrave Reef (23-082a)__campaign_1",5,0.164125560538117,1115,0.0537230788964887,0.0021311633117916,0.268381826873336,0,0.303183856502242,0.490833333333333,0.302222222222222,0.155
"Lady Musgrave Reef (23-082a)__LAD_23-082a_21__2026-05-20","Lady Musgrave Reef (23-082a)","Lady Musgrave Reef (23-082a)__LAD_23-082a_21","Lady Musgrave Reef (23-082a)__campaign_1",5,0.0741525423728814,472,0.0521455395961183,0.00217326192739786,0.261494098838068,0,0.309322033898305,0.495,0.318055555555556,0.158611111111111
"Lady Musgrave Reef (23-082a)__LAD_23-082a_25__2026-05-21","Lady Musgrave Reef (23-082a)","Lady Musgrave Reef (23-082a)__LAD_23-082a_25","Lady Musgrave Reef (23-082a)__campaign_1",5,0.0206185567010309,388,0.0562252920669884,0.00206699481912692,0.269218700105819,0,0.319716494845361,0.513055555555556,0.318333333333333,0.165833333333333
"Lady Musgrave Reef (23-082a)__LAD_23-082a_40__2026-05-16","Lady Musgrave Reef (23-082a)","Lady Musgrave Reef (23-082a)__LAD_23-082a_40","Lady Musgrave Reef (23-082a)__campaign_1",5,0.0101010101010101,198,0.0537715643023889,0.00208341698872002,0.264268236181061,0,0.323358585858586,0.519166666666667,0.328333333333333,0.168888888888889
"Lady Musgrave Reef (23-082a)__LAD_23-082a_41__2026-05-20","Lady Musgrave Reef (23-082a)","Lady Musgrave Reef (23-082a)__LAD_23-082a_41","Lady Musgrave Reef (23-082a)__campaign_1",5,0.0029585798816568,338,0.0523004829544131,0.00215898118749765,0.258476722713463,0,0.307692307692308,0.505277777777778,0.305833333333333,0.155
"Lady Musgrave Reef (23-082a)__LAD_23-082a_43__2026-05-16","Lady Musgrave Reef (23-082a)","Lady Musgrave Reef (23-082a)__LAD_23-082a_43","Lady Musgrave Reef (23-082a)__campaign_1",5,0.00531914893617021,188,0.0553103616577004,0.00223792957273201,0.268213253796154,0,0.297872340425532,0.506388888888889,0.316944444444444,0.161111111111111
"Lady Musgrave Reef (23-082a)__LAD_23-082a_45__2026-05-16","Lady Musgrave Reef (23-082a)","Lady Musgrave Reef (23-082a)__LAD_23-082a_45","Lady Musgrave Reef (23-082a)__campaign_1",5,0,246,0.0545582522519177,0.00228594468729015,0.286588430299762,0,0.317073170731707,0.524444444444444,0.337777777777778,0.176666666666667
"Lady Musgrave Reef (23-082a)__LAD_23-082a_52__2026-05-21","Lady Musgrave Reef (23-082a)","Lady Musgrave Reef (23-082a)__LAD_23-082a_52","Lady Musgrave Reef (23-082a)__campaign_1",5,0.035230352303523,369,0.0547147667985073,0.00213363105229666,0.288740867814362,0,0.31449864498645,0.507777777777778,0.318611111111111,0.163888888888889
"Lady Musgrave Reef (23-082a)__LAD_23-082a_55__2026-05-16","Lady Musgrave Reef (23-082a)","Lady Musgrave Reef (23-082a)__LAD_23-082a_55","Lady Musgrave Reef (23-082a)__campaign_1",5,0.00980392156862745,204,0.0542600215741651,0.00218461777923185,0.276068020931699,0,0.323529411764706,0.476666666666667,0.31,0.163333333333333
"Lady Musgrave Reef (23-082a)__LAD_23-082a_56__2026-05-16","Lady Musgrave Reef (23-082a)","Lady Musgrave Reef (23-082a)__LAD_23-082a_56","Lady Musgrave Reef (23-082a)__campaign_1",5,0.00555555555555556,180,0.0562760589374166,0.00236074836492317,0.281170703107053,0,0.344444444444444,0.518611111111111,0.313611111111111,0.171388888888889
"Lady Musgrave Reef (23-082a)__LAD_23-082a_57__2026-05-21","Lady Musgrave Reef (23-082a)","Lady Musgrave Reef (23-082a)__LAD_23-082a_57","Lady Musgrave Reef (23-082a)__campaign_1",5,0.00206611570247934,484,0.0561138996423925,0.00220976106656921,0.289513405512929,0,0.324431818181818,0.519166666666667,0.333055555555556,0.179166666666667
"Lizard Island Reef (Lagoon) (14-116d)__LIZ_14-116d_13__2020-11-13","Lizard Island Reef (Lagoon) (14-116d)","Lizard Island Reef (Lagoon) (14-116d)__LIZ_14-116d_13","Lizard Island Reef (Lagoon) (14-116d)__campaign_2",4,0.00183823529411765,544,0.0116529885181731,0.00151494243102794,0.0382724074956974,0,0.0551470588235294,0.177916666666667,0.05,0.01
"Lizard Island Reef (Lagoon) (14-116d)__LIZ_14-116d_13__2021-11-15","Lizard Island Reef (Lagoon) (14-116d)","Lizard Island Reef (Lagoon) (14-116d)__LIZ_14-116d_13","Lizard Island Reef (Lagoon) (14-116d)__campaign_3",5,0.00357142857142857,280,0.0181952279970476,0.0014485908781822,0.0779332681005493,0,0.100089285714286,0.276944444444444,0.113888888888889,0.0388888888888889
"Lizard Island Reef (Lagoon) (14-116d)__LIZ_14-116d_13__2022-10-27","Lizard Island Reef (Lagoon) (14-116d)","Lizard Island Reef (Lagoon) (14-116d)__LIZ_14-116d_13","Lizard Island Reef (Lagoon) (14-116d)__campaign_4",5,0.00917431192660551,218,0.0127192946628714,0.00107554467326244,0.0540086297869177,0,0.0688073394495413,0.178888888888889,0.0719444444444444,0.02
"Lizard Island Reef (Lagoon) (14-116d)__LIZ_14-116d_13__2024-01-19","Lizard Island Reef (Lagoon) (14-116d)","Lizard Island Reef (Lagoon) (14-116d)__LIZ_14-116d_13","Lizard Island Reef (Lagoon) (14-116d)__campaign_5",1,0.0315789473684211,760,0.00865778879723229,0.000845371049083382,0.0344933838388457,0,0.0407894736842105,0.0983333333333333,0.0266666666666667,0.005
"Lizard Island Reef (Lagoon) (14-116d)__LIZ_14-116d_14__2020-11-13","Lizard Island Reef (Lagoon) (14-116d)","Lizard Island Reef (Lagoon) (14-116d)__LIZ_14-116d_14","Lizard Island Reef (Lagoon) (14-116d)__campaign_2",4,0.00184162062615101,543,0.0108020503754725,0.0014177624374695,0.0367165591103596,0,0.0515653775322284,0.155416666666667,0.0420833333333333,0.00916666666666667
"Lizard Island Reef (Lagoon) (14-116d)__LIZ_14-116d_14__2022-10-27","Lizard Island Reef (Lagoon) (14-116d)","Lizard Island Reef (Lagoon) (14-116d)__LIZ_14-116d_14","Lizard Island Reef (Lagoon) (14-116d)__campaign_4",5,0.00526315789473684,190,0.0105545490501578,0.000875970168162785,0.0426398820735785,0,0.0578947368421053,0.170277777777778,0.0580555555555556,0.0130555555555556
"Lizard Island Reef (Lagoon) (14-116d)__LIZ_14-116d_14__2024-01-31","Lizard Island Reef (Lagoon) (14-116d)","Lizard Island Reef (Lagoon) (14-116d)__LIZ_14-116d_14","Lizard Island Reef (Lagoon) (14-116d)__campaign_5",1,0.0185714285714286,700,0.00898115363724282,0.000795289490216134,0.0359155618329388,0,0.0428571428571429,0.112083333333333,0.0320833333333333,0.00791666666666667
"Lizard Island Reef (Lagoon) (14-116d)__LIZ_14-116d_15__2021-11-26","Lizard Island Reef (Lagoon) (14-116d)","Lizard Island Reef (Lagoon) (14-116d)__LIZ_14-116d_15","Lizard Island Reef (Lagoon) (14-116d)__campaign_3",5,0.0321428571428571,280,0.0160424362064913,0.00119439632731365,0.0731001167120636,0,0.0893750000000003,0.236944444444444,0.0930555555555556,0.0305555555555556
"Lizard Island Reef (Lagoon) (14-116d)__LIZ_14-116d_15__2022-10-27","Lizard Island Reef (Lagoon) (14-116d)","Lizard Island Reef (Lagoon) (14-116d)__LIZ_14-116d_15","Lizard Island Reef (Lagoon) (14-116d)__campaign_4",5,0.0315789473684211,190,0.0117208880631279,0.000886708674186713,0.0492925732340271,0,0.068421052631579,0.186111111111111,0.0702777777777778,0.0163888888888889
"Lizard Island Reef (Lagoon) (14-116d)__LIZ_14-116d_15__2024-01-19","Lizard Island Reef (Lagoon) (14-116d)","Lizard Island Reef (Lagoon) (14-116d)__LIZ_14-116d_15","Lizard Island Reef (Lagoon) (14-116d)__campaign_5",1,0.0184210526315789,760,0.0250963513711159,0.00273820137004028,0.0976655748345917,0,0.101315789473684,0.370416666666667,0.168333333333333,0.0454166666666667
"Lizard Island Reef (Lagoon) (14-116d)__LIZ_14-116d_16__2022-10-27","Lizard Island Reef (Lagoon) (14-116d)","Lizard Island Reef (Lagoon) (14-116d)__LIZ_14-116d_16","Lizard Island Reef (Lagoon) (14-116d)__campaign_4",5,0,190,0.00925530451817459,0.000649586074684172,0.0393730568345245,0,0.0526315789473684,0.150277777777778,0.0466666666666667,0.00944444444444444
"Lizard Island Reef (Lagoon) (14-116d)__LIZ_14-116d_16__2024-01-20","Lizard Island Reef (Lagoon) (14-116d)","Lizard Island Reef (Lagoon) (14-116d)__LIZ_14-116d_16","Lizard Island Reef (Lagoon) (14-116d)__campaign_5",1,0.00789473684210526,760,0.00898275125435309,0.000669440326888692,0.040210145139725,0,0.043421052631579,0.105833333333333,0.0316666666666667,0.00541666666666667
"Lizard Island Reef (Lagoon) (14-116d)__LIZ_14-116d_20__2025-10-12","Lizard Island Reef (Lagoon) (14-116d)","Lizard Island Reef (Lagoon) (14-116d)__LIZ_14-116d_20","Lizard Island Reef (Lagoon) (14-116d)__campaign_7",1,0.0184210526315789,380,0.0226059569383726,0.00162267812195565,0.0947828020090601,0,0.115855263157895,0.32375,0.1425,0.05
"Lizard Island Reef (Lagoon) (14-116d)__LIZ_14-116d_21__2019-09-19","Lizard Island Reef (Lagoon) (14-116d)","Lizard Island Reef (Lagoon) (14-116d)__LIZ_14-116d_21","Lizard Island Reef (Lagoon) (14-116d)__campaign_1",3,0.003125,640,0.018951781999818,0.00359738823433034,0.0630718923633848,0,0.0906640625000001,0.318333333333333,0.1275,0.035
"Lizard Island Reef (Lagoon) (14-116d)__LIZ_14-116d_21__2024-01-20","Lizard Island Reef (Lagoon) (14-116d)","Lizard Island Reef (Lagoon) (14-116d)__LIZ_14-116d_21","Lizard Island Reef (Lagoon) (14-116d)__campaign_5",1,0.0315789473684211,760,0.0130929243535756,0.00141193140957757,0.0543173423311847,0,0.0618421052631579,0.186666666666667,0.0625,0.0158333333333333
"Lizard Island Reef (Lagoon) (14-116d)__LIZ_14-116d_21__2024-10-01","Lizard Island Reef (Lagoon) (14-116d)","Lizard Island Reef (Lagoon) (14-116d)__LIZ_14-116d_21","Lizard Island Reef (Lagoon) (14-116d)__campaign_6",5,0.02625,800,0.0266967335865083,0.00252606564688963,0.117501353782792,0,0.13,0.396388888888889,0.181666666666667,0.0647222222222222
"Lizard Island Reef (Lagoon) (14-116d)__LIZ_14-116d_21__2025-10-12","Lizard Island Reef (Lagoon) (14-116d)","Lizard Island Reef (Lagoon) (14-116d)__LIZ_14-116d_21","Lizard Island Reef (Lagoon) (14-116d)__campaign_7",1,0.0184210526315789,380,0.0226330898764061,0.00267155037614175,0.0889862434769971,0,0.107894736842105,0.367916666666667,0.152083333333333,0.0454166666666667
"Lizard Island Reef (Lagoon) (14-116d)__LIZ_14-116d_22__2024-01-19","Lizard Island Reef (Lagoon) (14-116d)","Lizard Island Reef (Lagoon) (14-116d)__LIZ_14-116d_22","Lizard Island Reef (Lagoon) (14-116d)__campaign_5",1,0.0112676056338028,710,0.0195715808332443,0.00162033439796305,0.0915849837874569,0,0.0915845070422537,0.277083333333333,0.117916666666667,0.035
"Lizard Island Reef (Lagoon) (14-116d)__LIZ_14-116d_22__2024-10-25","Lizard Island Reef (Lagoon) (14-116d)","Lizard Island Reef (Lagoon) (14-116d)__LIZ_14-116d_22","Lizard Island Reef (Lagoon) (14-116d)__campaign_6",5,0.00833333333333333,600,0.0331605491688845,0.00272812546130667,0.146219039031651,0,0.171666666666667,0.466111111111111,0.240833333333333,0.0941666666666667
"Lizard Island Reef (Lagoon) (14-116d)__LIZ_14-116d_22__2025-10-12","Lizard Island Reef (Lagoon) (14-116d)","Lizard Island Reef (Lagoon) (14-116d)__LIZ_14-116d_22","Lizard Island Reef (Lagoon) (14-116d)__campaign_7",1,0.0368421052631579,760,0.0271969355688209,0.00236557407392122,0.115732951345319,0,0.128947368421053,0.372916666666667,0.193333333333333,0.06625
"Lizard Island Reef (Lagoon) (14-116d)__LIZ_14-116d_23__2024-10-25","Lizard Island Reef (Lagoon) (14-116d)","Lizard Island Reef (Lagoon) (14-116d)__LIZ_14-116d_23","Lizard Island Reef (Lagoon) (14-116d)__campaign_6",5,0.0316666666666667,600,0.0457632431169128,0.00335494429099798,0.209002566510288,0,0.235041666666667,0.534444444444444,0.324166666666667,0.157777777777778
"Lizard Island Reef (Lagoon) (14-116d)__LIZ_14-116d_24__2019-09-23","Lizard Island Reef (Lagoon) (14-116d)","Lizard Island Reef (Lagoon) (14-116d)__LIZ_14-116d_24","Lizard Island Reef (Lagoon) (14-116d)__campaign_1",3,0,400,0.023871755575943,0.00417062112003229,0.0788025150731629,0,0.1,0.403333333333333,0.179583333333333,0.0491666666666667
"Lizard Island Reef (Lagoon) (14-116d)__LIZ_14-116d_24__2024-03-10","Lizard Island Reef (Lagoon) (14-116d)","Lizard Island Reef (Lagoon) (14-116d)__LIZ_14-116d_24","Lizard Island Reef (Lagoon) (14-116d)__campaign_5",1,0,80,0.0221863089203006,0.00166881974744109,0.0932066299489988,0,0.1125,0.3575,0.1425,0.0554166666666667
"Lizard Island Reef (Lagoon) (14-116d)__LIZ_14-116d_24__2025-10-10","Lizard Island Reef (Lagoon) (14-116d)","Lizard Island Reef (Lagoon) (14-116d)__LIZ_14-116d_24","Lizard Island Reef (Lagoon) (14-116d)__campaign_7",1,0.0358208955223881,670,0.0324557756106836,0.00232637902419919,0.148418622756379,0,0.16865671641791,0.42125,0.237916666666667,0.0925
"Lizard Island Reef (Lagoon) (14-116d)__LIZ_14-116d_25__2019-09-22","Lizard Island Reef (Lagoon) (14-116d)","Lizard Island Reef (Lagoon) (14-116d)__LIZ_14-116d_25","Lizard Island Reef (Lagoon) (14-116d)__campaign_1",3,0.00625,320,0.0362037614376606,0.00655394120424478,0.114041818599426,0,0.165625,0.53,0.30625,0.113333333333333
"Lizard Island Reef (Lagoon) (14-116d)__LIZ_14-116d_25__2024-01-19","Lizard Island Reef (Lagoon) (14-116d)","Lizard Island Reef (Lagoon) (14-116d)__LIZ_14-116d_25","Lizard Island Reef (Lagoon) (14-116d)__campaign_5",1,0.0532258064516129,620,0.0468548389432807,0.00528457994827509,0.202331642348541,0.00161290322580645,0.219395161290323,0.568333333333333,0.354583333333333,0.15625
"Lizard Island Reef (Lagoon) (14-116d)__LIZ_14-116d_25__2024-10-02","Lizard Island Reef (Lagoon) (14-116d)","Lizard Island Reef (Lagoon) (14-116d)__LIZ_14-116d_25","Lizard Island Reef (Lagoon) (14-116d)__campaign_6",5,0.0868421052631579,760,0.052979419504393,0.00499116172217539,0.227601483582495,0.00131578947368421,0.267138157894737,0.592222222222222,0.365833333333333,0.173888888888889
"Lizard Island Reef (Lagoon) (14-116d)__LIZ_14-116d_25__2025-10-10","Lizard Island Reef (Lagoon) (14-116d)","Lizard Island Reef (Lagoon) (14-116d)__LIZ_14-116d_25","Lizard Island Reef (Lagoon) (14-116d)__campaign_7",1,0.0656716417910448,670,0.0631817748041189,0.00685016573320107,0.239366723624719,0.00298507462686567,0.282126865671642,0.677083333333333,0.453333333333333,0.235
"Lizard Island Reef (Lagoon) (14-116d)__LIZ_14-116d_26__2021-11-26","Lizard Island Reef (Lagoon) (14-116d)","Lizard Island Reef (Lagoon) (14-116d)__LIZ_14-116d_26","Lizard Island Reef (Lagoon) (14-116d)__campaign_3",5,0.00714285714285714,280,0.0176803271182272,0.00120056970447944,0.0842534818983322,0,0.0965178571428575,0.258611111111111,0.108333333333333,0.0372222222222222
"Lizard Island Reef (Lagoon) (14-116d)__LIZ_14-116d_26__2024-10-02","Lizard Island Reef (Lagoon) (14-116d)","Lizard Island Reef (Lagoon) (14-116d)__LIZ_14-116d_26","Lizard Island Reef (Lagoon) (14-116d)__campaign_6",5,0.043421052631579,760,0.0493752326260595,0.00339904251162146,0.216128647888505,0.00131578947368421,0.281611842105263,0.5375,0.332777777777778,0.163333333333333
"Lizard Island Reef (Lagoon) (14-116d)__LIZ_14-116d_27__2026-02-05","Lizard Island Reef (Lagoon) (14-116d)","Lizard Island Reef (Lagoon) (14-116d)__LIZ_14-116d_27","Lizard Island Reef (Lagoon) (14-116d)__campaign_7",1,0.0311111111111111,900,0.0240095373954232,0.00160386668142091,0.104812491437038,0,0.118944444444445,0.341666666666667,0.155833333333333,0.0533333333333333
"Lizard Island Reef (Lagoon) (14-116d)__LIZ_14-116d_28__2019-09-22","Lizard Island Reef (Lagoon) (14-116d)","Lizard Island Reef (Lagoon) (14-116d)__LIZ_14-116d_28","Lizard Island Reef (Lagoon) (14-116d)__campaign_1",3,0.009375,320,0.0171065965173372,0.00315647349942071,0.0534460087805138,0,0.0782031250000003,0.273333333333333,0.107083333333333,0.025
"Lizard Island Reef (Lagoon) (14-116d)__LIZ_14-116d_28__2022-10-14","Lizard Island Reef (Lagoon) (14-116d)","Lizard Island Reef (Lagoon) (14-116d)__LIZ_14-116d_28","Lizard Island Reef (Lagoon) (14-116d)__campaign_4",5,0.0733333333333333,300,0.0274702916693342,0.0022638885127299,0.110564288962789,0,0.143333333333333,0.401388888888889,0.2025,0.0769444444444444
"Lizard Island Reef (Lagoon) (14-116d)__LIZ_14-116d_28__2023-10-30","Lizard Island Reef (Lagoon) (14-116d)","Lizard Island Reef (Lagoon) (14-116d)__LIZ_14-116d_28","Lizard Island Reef (Lagoon) (14-116d)__campaign_5",1,0.0633333333333333,300,0.0657174591330907,0.00749303885416895,0.273574825376725,0,0.333333333333333,0.717916666666667,0.490833333333333,0.2525
"Lizard Island Reef (Lagoon) (14-116d)__LIZ_14-116d_28__2025-01-16","Lizard Island Reef (Lagoon) (14-116d)","Lizard Island Reef (Lagoon) (14-116d)__LIZ_14-116d_28","Lizard Island Reef (Lagoon) (14-116d)__campaign_6",5,0.03875,800,0.0394387792916922,0.00331030162869507,0.170755547470617,0.00125,0.20009375,0.511388888888889,0.294444444444444,0.122777777777778
"Lizard Island Reef (Lagoon) (14-116d)__LIZ_14-116d_28__2026-02-05","Lizard Island Reef (Lagoon) (14-116d)","Lizard Island Reef (Lagoon) (14-116d)__LIZ_14-116d_28","Lizard Island Reef (Lagoon) (14-116d)__campaign_7",1,0.00666666666666667,900,0.0331849491725038,0.00355900023540762,0.1359792397969,0.00111111111111111,0.157833333333334,0.483333333333333,0.2575,0.0954166666666667
"Lizard Island Reef (Lagoon) (14-116d)__LIZ_14-116d_29__2020-11-17","Lizard Island Reef (Lagoon) (14-116d)","Lizard Island Reef (Lagoon) (14-116d)__LIZ_14-116d_29","Lizard Island Reef (Lagoon) (14-116d)__campaign_2",4,0.00775193798449612,258,0.0184658031256631,0.00243490738789022,0.0625666757157825,0,0.0852713178294574,0.2825,0.12125,0.03
"Lizard Island Reef (Lagoon) (14-116d)__LIZ_14-116d_29__2022-10-14","Lizard Island Reef (Lagoon) (14-116d)","Lizard Island Reef (Lagoon) (14-116d)__LIZ_14-116d_29","Lizard Island Reef (Lagoon) (14-116d)__campaign_4",5,0.0596491228070175,285,0.0343711495955581,0.00301061128006345,0.1337345098232,0,0.157894736842105,0.463333333333333,0.246666666666667,0.0991666666666667
"Lizard Island Reef (Lagoon) (14-116d)__LIZ_14-116d_29__2023-10-29","Lizard Island Reef (Lagoon) (14-116d)","Lizard Island Reef (Lagoon) (14-116d)__LIZ_14-116d_29","Lizard Island Reef (Lagoon) (14-116d)__campaign_5",1,0.0233333333333333,300,0.0588377594873686,0.00625055457737706,0.23897711809512,0,0.293500000000001,0.68125,0.437083333333333,0.2075
"Lizard Island Reef (Lagoon) (14-116d)__LIZ_14-116d_29__2025-10-09","Lizard Island Reef (Lagoon) (14-116d)","Lizard Island Reef (Lagoon) (14-116d)__LIZ_14-116d_29","Lizard Island Reef (Lagoon) (14-116d)__campaign_7",1,0.0775,400,0.0369521562079464,0.00418618214735703,0.137395503580918,0,0.1625625,0.54375,0.291666666666667,0.110416666666667
"Lizard Island Reef (Lagoon) (14-116d)__LIZ_14-116d_30__2022-11-10","Lizard Island Reef (Lagoon) (14-116d)","Lizard Island Reef (Lagoon) (14-116d)__LIZ_14-116d_30","Lizard Island Reef (Lagoon) (14-116d)__campaign_4",5,0.0315789473684211,380,0.0444115391612802,0.00279984107438603,0.171746395341655,0,0.247434210526316,0.490833333333333,0.278888888888889,0.128611111111111
"Lizard Island Reef (Lagoon) (14-116d)__LIZ_14-116d_31__2024-01-18","Lizard Island Reef (Lagoon) (14-116d)","Lizard Island Reef (Lagoon) (14-116d)__LIZ_14-116d_31","Lizard Island Reef (Lagoon) (14-116d)__campaign_5",1,0.016,250,0.0418960333545895,0.00310799742620261,0.190579536695747,0,0.224,0.540416666666667,0.311666666666667,0.145
"Lizard Island Reef (Lagoon) (14-116d)__LIZ_14-116d_31__2025-10-09","Lizard Island Reef (Lagoon) (14-116d)","Lizard Island Reef (Lagoon) (14-116d)__LIZ_14-116d_31","Lizard Island Reef (Lagoon) (14-116d)__campaign_7",1,0.0325,800,0.0298258776533849,0.00211533342086408,0.13431435945491,0,0.16378125,0.399166666666667,0.200833333333333,0.07875
"Lizard Island Reef (North East) (14-116b)__LIZ_14-116b_1__2020-11-16","Lizard Island Reef (North East) (14-116b)","Lizard Island Reef (North East) (14-116b)__LIZ_14-116b_1","Lizard Island Reef (North East) (14-116b)__campaign_2",4,0.00387596899224806,258,0.00958230135566791,0.00131524541674837,0.0342793129887011,0,0.0542635658914729,0.122083333333333,0.04625,0.01
"Lizard Island Reef (North East) (14-116b)__LIZ_14-116b_1__2024-01-12","Lizard Island Reef (North East) (14-116b)","Lizard Island Reef (North East) (14-116b)__LIZ_14-116b_1","Lizard Island Reef (North East) (14-116b)__campaign_5",5,0.01375,800,0.0211299629339938,0.00164196761598934,0.0998256586108891,0,0.11878125,0.291666666666667,0.128333333333333,0.0469444444444444
"Lizard Island Reef (North East) (14-116b)__LIZ_14-116b_1__2025-12-14","Lizard Island Reef (North East) (14-116b)","Lizard Island Reef (North East) (14-116b)__LIZ_14-116b_1","Lizard Island Reef (North East) (14-116b)__campaign_7",1,0.0118518518518519,675,0.0105459694735334,0.000922869381802995,0.0447594695091889,0,0.0488888888888889,0.12125,0.04125,0.00916666666666667
"Lizard Island Reef (North East) (14-116b)__LIZ_14-116b_3__2019-09-19","Lizard Island Reef (North East) (14-116b)","Lizard Island Reef (North East) (14-116b)__LIZ_14-116b_3","Lizard Island Reef (North East) (14-116b)__campaign_1",3,0.0015625,640,0.00935616590673516,0.00122583672953585,0.0357928244480918,0,0.0484375,0.112916666666667,0.03625,0.00791666666666667
"Lizard Island Reef (North East) (14-116b)__LIZ_14-116b_3__2022-10-29","Lizard Island Reef (North East) (14-116b)","Lizard Island Reef (North East) (14-116b)__LIZ_14-116b_3","Lizard Island Reef (North East) (14-116b)__campaign_4",5,0.00432900432900433,462,0.0138778453086709,0.000932132035061072,0.0658788169719869,0,0.0865800865800866,0.183333333333333,0.0808333333333333,0.0277777777777778
"Lizard Island Reef (North East) (14-116b)__LIZ_14-116b_4__2022-10-29","Lizard Island Reef (North East) (14-116b)","Lizard Island Reef (North East) (14-116b)__LIZ_14-116b_4","Lizard Island Reef (North East) (14-116b)__campaign_4",5,0,462,0.017264578905735,0.0010151140390339,0.0817219977628581,0,0.0996212121212123,0.231388888888889,0.107777777777778,0.0394444444444444
"Lizard Island Reef (North West) (14-116a)__LIZ_14-116a_30__2020-11-17","Lizard Island Reef (North West) (14-116a)","Lizard Island Reef (North West) (14-116a)__LIZ_14-116a_30","Lizard Island Reef (North West) (14-116a)__campaign_2",4,0.00560747663551402,535,0.0223527731921753,0.00367962696859051,0.0743924133016737,0,0.0953271028037383,0.357083333333333,0.1525,0.0379166666666667
"Lizard Island Reef (North West) (14-116a)__LIZ_14-116a_30__2021-11-16","Lizard Island Reef (North West) (14-116a)","Lizard Island Reef (North West) (14-116a)__LIZ_14-116a_30","Lizard Island Reef (North West) (14-116a)__campaign_3",5,0.0321428571428571,280,0.0464186027593183,0.00419682142554323,0.190414175810398,0,0.207232142857143,0.542777777777778,0.301388888888889,0.135555555555556
"Lizard Island Reef (North West) (14-116a)__LIZ_14-116a_30__2022-10-14","Lizard Island Reef (North West) (14-116a)","Lizard Island Reef (North West) (14-116a)__LIZ_14-116a_30","Lizard Island Reef (North West) (14-116a)__campaign_4",1,0.0491228070175439,285,0.0227381653959725,0.00279011254782799,0.0871141924966475,0,0.105263157894737,0.3625,0.14625,0.04
"Lizard Island Reef (North West) (14-116a)__LIZ_14-116a_30__2023-10-29","Lizard Island Reef (North West) (14-116a)","Lizard Island Reef (North West) (14-116a)__LIZ_14-116a_30","Lizard Island Reef (North West) (14-116a)__campaign_5",1,0.00666666666666667,300,0.0322631507119635,0.00363850948886591,0.11731533360227,0,0.166666666666667,0.490416666666667,0.246666666666667,0.0879166666666667
"Lizard Island Reef (North West) (14-116a)__LIZ_14-116a_30__2025-10-09","Lizard Island Reef (North West) (14-116a)","Lizard Island Reef (North West) (14-116a)__LIZ_14-116a_30","Lizard Island Reef (North West) (14-116a)__campaign_7",2,0.0275,400,0.010592176997258,0.00134704542350304,0.0414890426402645,0,0.05,0.1575,0.0458333333333333,0.0108333333333333
"Lizard Island Reef (North West) (14-116a)__LIZ_14-116a_31__2019-09-21","Lizard Island Reef (North West) (14-116a)","Lizard Island Reef (North West) (14-116a)__LIZ_14-116a_31","Lizard Island Reef (North West) (14-116a)__campaign_1",1,0.0171875,640,0.028584486719519,0.00323865654207501,0.122649258415506,0,0.1375,0.427916666666667,0.204166666666667,0.0683333333333333
"Lizard Island Reef (North West) (14-116a)__LIZ_14-116a_31__2020-11-16","Lizard Island Reef (North West) (14-116a)","Lizard Island Reef (North West) (14-116a)__LIZ_14-116a_31","Lizard Island Reef (North West) (14-116a)__campaign_2",4,0.0158730158730159,252,0.0287900795678746,0.00498771810873911,0.0902606676458352,0,0.126984126984127,0.413333333333333,0.187916666666667,0.0625
"Lizard Island Reef (North West) (14-116a)__LIZ_14-116a_31__2022-10-14","Lizard Island Reef (North West) (14-116a)","Lizard Island Reef (North West) (14-116a)__LIZ_14-116a_31","Lizard Island Reef (North West) (14-116a)__campaign_4",1,0.0245614035087719,285,0.0349911121033958,0.00412553103448367,0.130946965580848,0,0.164912280701754,0.507916666666667,0.263333333333333,0.104583333333333
"Lizard Island Reef (North West) (14-116a)__LIZ_14-116a_31__2024-10-23","Lizard Island Reef (North West) (14-116a)","Lizard Island Reef (North West) (14-116a)__LIZ_14-116a_31","Lizard Island Reef (North West) (14-116a)__campaign_6",2,0.035,600,0.0658868876937403,0.00868641395799782,0.248897941341631,0.00166666666666667,0.363416666666667,0.715833333333333,0.47375,0.237916666666667
"Lizard Island Reef (North West) (14-116a)__LIZ_14-116a_31__2025-12-15","Lizard Island Reef (North West) (14-116a)","Lizard Island Reef (North West) (14-116a)__LIZ_14-116a_31","Lizard Island Reef (North West) (14-116a)__campaign_7",2,0.03,900,0.0128224038165434,0.00153126009068859,0.0493182443010076,0,0.0622222222222222,0.182916666666667,0.0595833333333333,0.0129166666666667
"Lizard Island Reef (North West) (14-116a)__LIZ_14-116a_32__2019-09-21","Lizard Island Reef (North West) (14-116a)","Lizard Island Reef (North West) (14-116a)__LIZ_14-116a_32","Lizard Island Reef (North West) (14-116a)__campaign_1",1,0,320,0.0254042498868695,0.00224034995939632,0.109467867909097,0,0.115625,0.354583333333333,0.176666666666667,0.0541666666666667
"Lizard Island Reef (North West) (14-116a)__LIZ_14-116a_32__2021-11-16","Lizard Island Reef (North West) (14-116a)","Lizard Island Reef (North West) (14-116a)__LIZ_14-116a_32","Lizard Island Reef (North West) (14-116a)__campaign_3",5,0.0571428571428571,280,0.0303307842650841,0.00218390079228842,0.140133245380269,0,0.150089285714286,0.390277777777778,0.198055555555556,0.0816666666666667
"Lizard Island Reef (North West) (14-116a)__LIZ_14-116a_33__2019-09-21","Lizard Island Reef (North West) (14-116a)","Lizard Island Reef (North West) (14-116a)__LIZ_14-116a_33","Lizard Island Reef (North West) (14-116a)__campaign_1",1,0,320,0.00773975248065234,0.000788799238870483,0.0322564399894147,0,0.034375,0.0841666666666667,0.0191666666666667,0.00458333333333333
"Lizard Island Reef (North West) (14-116a)__LIZ_14-116a_33__2020-11-16","Lizard Island Reef (North West) (14-116a)","Lizard Island Reef (North West) (14-116a)__LIZ_14-116a_33","Lizard Island Reef (North West) (14-116a)__campaign_2",4,0.008,250,0.0113994310214183,0.00159385133944591,0.0416830413975783,0,0.06,0.1975,0.0625,0.0133333333333333
"Lizard Island Reef (North West) (14-116a)__LIZ_14-116a_33__2021-11-16","Lizard Island Reef (North West) (14-116a)","Lizard Island Reef (North West) (14-116a)__LIZ_14-116a_33","Lizard Island Reef (North West) (14-116a)__campaign_3",5,0.00357142857142857,280,0.023524952914724,0.00212855230593571,0.101224301317138,0,0.117857142857143,0.313333333333333,0.144166666666667,0.0508333333333333
"Lizard Island Reef (North West) (14-116a)__LIZ_14-116a_33__2024-10-23","Lizard Island Reef (North West) (14-116a)","Lizard Island Reef (North West) (14-116a)__LIZ_14-116a_33","Lizard Island Reef (North West) (14-116a)__campaign_6",2,0.00666666666666667,600,0.0281003167521231,0.00312112452595646,0.0983044987393676,0,0.14,0.4275,0.2125,0.0716666666666667
"Lizard Island Reef (North West) (14-116a)__LIZ_14-116a_33__2025-10-11","Lizard Island Reef (North West) (14-116a)","Lizard Island Reef (North West) (14-116a)__LIZ_14-116a_33","Lizard Island Reef (North West) (14-116a)__campaign_7",2,0.00285714285714286,700,0.00639395239546236,0.000696226814534105,0.0259243110546099,0,0.0357142857142857,0.06875,0.02,0.00333333333333333
"Lizard Island Reef (North West) (14-116a)__LIZ_14-116a_34__2019-09-20","Lizard Island Reef (North West) (14-116a)","Lizard Island Reef (North West) (14-116a)__LIZ_14-116a_34","Lizard Island Reef (North West) (14-116a)__campaign_1",1,0.00625,320,0.0145780420819818,0.00151416158921075,0.0587038370364635,0,0.06875,0.220416666666667,0.0829166666666667,0.0183333333333333
"Lizard Island Reef (North West) (14-116a)__LIZ_14-116a_34__2021-11-16","Lizard Island Reef (North West) (14-116a)","Lizard Island Reef (North West) (14-116a)__LIZ_14-116a_34","Lizard Island Reef (North West) (14-116a)__campaign_3",5,0.0357142857142857,280,0.0267844366181652,0.00217447412615929,0.112131784003255,0,0.121428571428571,0.353888888888889,0.157777777777778,0.0613888888888889
"Lizard Island Reef (North West) (14-116a)__LIZ_14-116a_34__2023-10-30","Lizard Island Reef (North West) (14-116a)","Lizard Island Reef (North West) (14-116a)__LIZ_14-116a_34","Lizard Island Reef (North West) (14-116a)__campaign_5",1,0,285,0.0259563564675495,0.00262837148962123,0.103762097756149,0,0.133333333333333,0.390416666666667,0.18625,0.0695833333333333
"Lizard Island Reef (North West) (14-116a)__LIZ_14-116a_34__2025-10-11","Lizard Island Reef (North West) (14-116a)","Lizard Island Reef (North West) (14-116a)__LIZ_14-116a_34","Lizard Island Reef (North West) (14-116a)__campaign_7",2,0.00571428571428571,700,0.0085893396090093,0.00100726104192347,0.0353031594513645,0,0.0428571428571429,0.0970833333333333,0.03,0.00666666666666667
"Lizard Island Reef (North West) (14-116a)__LIZ_14-116a_35__2019-09-20","Lizard Island Reef (North West) (14-116a)","Lizard Island Reef (North West) (14-116a)__LIZ_14-116a_35","Lizard Island Reef (North West) (14-116a)__campaign_1",1,0.00625,320,0.0113122197613678,0.00120354549471109,0.0452715214024678,0,0.053125,0.157083333333333,0.0504166666666667,0.01125
"Lizard Island Reef (North West) (14-116a)__LIZ_14-116a_35__2020-11-16","Lizard Island Reef (North West) (14-116a)","Lizard Island Reef (North West) (14-116a)__LIZ_14-116a_35","Lizard Island Reef (North West) (14-116a)__campaign_2",4,0.00784313725490196,255,0.0188913776049266,0.0030618823773195,0.0590188189734397,0,0.0863725490196082,0.28625,0.115416666666667,0.0295833333333333
"Lizard Island Reef (North West) (14-116a)__LIZ_14-116a_35__2023-10-30","Lizard Island Reef (North West) (14-116a)","Lizard Island Reef (North West) (14-116a)__LIZ_14-116a_35","Lizard Island Reef (North West) (14-116a)__campaign_5",1,0.0421052631578947,285,0.0194581386788933,0.00228821762185329,0.0751689525523833,0,0.0947368421052632,0.305,0.125416666666667,0.0391666666666667
"Lizard Island Reef (North West) (14-116a)__LIZ_14-116a_35__2024-12-03","Lizard Island Reef (North West) (14-116a)","Lizard Island Reef (North West) (14-116a)__LIZ_14-116a_35","Lizard Island Reef (North West) (14-116a)__campaign_6",2,0.01,900,0.0576974340690416,0.00727467739355149,0.220894731132937,0.00111111111111111,0.279,0.6475,0.418333333333333,0.195833333333333
"Lizard Island Reef (North West) (14-116a)__LIZ_14-116a_35__2026-02-05","Lizard Island Reef (North West) (14-116a)","Lizard Island Reef (North West) (14-116a)__LIZ_14-116a_35","Lizard Island Reef (North West) (14-116a)__campaign_7",2,0.00465116279069767,860,0.0114258429141738,0.00141083167853008,0.045222568262344,0,0.0593023255813954,0.145,0.0508333333333333,0.0133333333333333
"Lizard Island Reef (North West) (14-116a)__LIZ_14-116a_36__2019-09-20","Lizard Island Reef (North West) (14-116a)","Lizard Island Reef (North West) (14-116a)__LIZ_14-116a_36","Lizard Island Reef (North West) (14-116a)__campaign_1",1,0.003125,640,0.0184251008342772,0.00196278290322934,0.0755649106383204,0,0.0859375,0.28625,0.106666666666667,0.0275
"Lizard Island Reef (North West) (14-116a)__LIZ_14-116a_36__2024-01-12","Lizard Island Reef (North West) (14-116a)","Lizard Island Reef (North West) (14-116a)__LIZ_14-116a_36","Lizard Island Reef (North West) (14-116a)__campaign_5",1,0.00375,800,0.0289802389673184,0.00320127097874684,0.106737113185023,0,0.13753125,0.42375,0.199583333333333,0.0779166666666667
"Lizard Island Reef (North West) (14-116a)__LIZ_14-116a_36__2024-12-03","Lizard Island Reef (North West) (14-116a)","Lizard Island Reef (North West) (14-116a)__LIZ_14-116a_36","Lizard Island Reef (North West) (14-116a)__campaign_6",2,0.0122222222222222,900,0.0297489109229722,0.00309110709776941,0.116239539162766,0,0.143361111111111,0.421666666666667,0.2,0.07875
"Lizard Island Reef (North West) (14-116a)__LIZ_14-116a_36__2025-12-14","Lizard Island Reef (North West) (14-116a)","Lizard Island Reef (North West) (14-116a)__LIZ_14-116a_36","Lizard Island Reef (North West) (14-116a)__campaign_7",2,0.02,700,0.00612085117447456,0.000645746522840076,0.0246303845383183,0,0.0314285714285714,0.0633333333333333,0.0154166666666667,0.0025
"Lynchs Reef (18-091)__LYN_18-091_37__2023-06-27","Lynchs Reef (18-091)","Lynchs Reef (18-091)__LYN_18-091_37","Lynchs Reef (18-091)__campaign_1",2,0.0775,400,0.0209053312510609,0.000935716474915534,0.103656637165905,0,0.1300625,0.275,0.129166666666667,0.0529166666666667
"Lynchs Reef (18-091)__LYN_18-091_38__2023-04-15","Lynchs Reef (18-091)","Lynchs Reef (18-091)__LYN_18-091_38","Lynchs Reef (18-091)__campaign_1",2,0.0870870870870871,666,0.0227692804729087,0.00105915783069385,0.113132333186133,0,0.153153153153153,0.304166666666667,0.149583333333333,0.0604166666666667
"Lynchs Reef (18-091)__LYN_18-091_39__2023-04-01","Lynchs Reef (18-091)","Lynchs Reef (18-091)__LYN_18-091_39","Lynchs Reef (18-091)__campaign_1",2,0.14621409921671,383,0.0958473660373322,0.00439516735171248,0.487341241009081,0,0.595561357702351,0.679583333333333,0.483333333333333,0.301666666666667
"Lynchs Reef (18-091)__LYN_18-091_40__2023-04-16","Lynchs Reef (18-091)","Lynchs Reef (18-091)__LYN_18-091_40","Lynchs Reef (18-091)__campaign_1",2,0.0792917628945343,1299,0.0734778103748173,0.00328881980609577,0.358709052767412,0.000769822940723634,0.439626635873749,0.629583333333333,0.421666666666667,0.238333333333333
"Lynchs Reef (18-091)__LYN_18-091_41__2023-04-01","Lynchs Reef (18-091)","Lynchs Reef (18-091)__LYN_18-091_41","Lynchs Reef (18-091)__campaign_1",2,0.19916142557652,477,0.0651815569179551,0.00290496912909477,0.338953626833791,0,0.375262054507338,0.57875,0.37625,0.215833333333333
"Moore Reef (16-071)__MOO_16-071_112__2021-02-06","Moore Reef (16-071)","Moore Reef (16-071)__MOO_16-071_112","Moore Reef (16-071)__campaign_1",3,0.00535714285714286,560,0.0213206731384669,0.00194827244297558,0.0916261456370827,0,0.114285714285714,0.290833333333333,0.139166666666667,0.0516666666666667
"Moore Reef (16-071)__MOO_16-071_112__2022-06-01","Moore Reef (16-071)","Moore Reef (16-071)__MOO_16-071_112","Moore Reef (16-071)__campaign_3",3,0,300,0.0391702827418635,0.00346822665699468,0.156428311739729,0,0.203416666666667,0.517916666666667,0.300416666666667,0.125
"Moore Reef (16-071)__MOO_16-071_113__2021-02-05","Moore Reef (16-071)","Moore Reef (16-071)__MOO_16-071_113","Moore Reef (16-071)__campaign_1",3,0.00178571428571429,560,0.0213004595983017,0.0019190551668815,0.0909994786816544,0,0.110848214285715,0.284583333333333,0.134583333333333,0.0541666666666667
"Moore Reef (16-071)__MOO_16-071_133__2021-02-17","Moore Reef (16-071)","Moore Reef (16-071)__MOO_16-071_133","Moore Reef (16-071)__campaign_1",3,0.028125,640,0.0334296953643472,0.00312246386473324,0.137789886251811,0,0.1860546875,0.448333333333333,0.2425,0.095
"Moore Reef (16-071)__MOO_16-071_134__2021-02-18","Moore Reef (16-071)","Moore Reef (16-071)__MOO_16-071_134","Moore Reef (16-071)__campaign_1",3,0.059375,640,0.0352942688074589,0.00319290396108236,0.143186626161457,0,0.1953515625,0.459583333333333,0.24625,0.109583333333333
"Moore Reef (16-071)__MOO_16-071_136__2021-02-18","Moore Reef (16-071)","Moore Reef (16-071)__MOO_16-071_136","Moore Reef (16-071)__campaign_1",3,0.0265625,640,0.0331461465428925,0.00310722439211761,0.143713897790612,0,0.18125,0.447083333333333,0.247083333333333,0.100416666666667
"Moore Reef (16-071)__MOO_16-071_137__2021-02-19","Moore Reef (16-071)","Moore Reef (16-071)__MOO_16-071_137","Moore Reef (16-071)__campaign_1",3,0.0285714285714286,560,0.0328301747095216,0.00289846422782398,0.141417639474084,0,0.166116071428572,0.4075,0.218333333333333,0.0916666666666667
"Moore Reef (16-071)__MOO_16-071_146__2021-02-19","Moore Reef (16-071)","Moore Reef (16-071)__MOO_16-071_146","Moore Reef (16-071)__campaign_1",3,0.0232142857142857,560,0.0216848800258482,0.00181127601180597,0.0949014101004275,0,0.101785714285714,0.292916666666667,0.142083333333333,0.0458333333333333
"Moore Reef (16-071)__MOO_16-071_147__2020-09-21","Moore Reef (16-071)","Moore Reef (16-071)__MOO_16-071_147","Moore Reef (16-071)__campaign_1",3,0.0274223034734918,547,0.0293748582467893,0.00250498587086912,0.124800129020605,0,0.14081352833638,0.39625,0.197083333333333,0.0725
"Moore Reef (16-071)__MOO_16-071_147__2022-06-01","Moore Reef (16-071)","Moore Reef (16-071)__MOO_16-071_147","Moore Reef (16-071)__campaign_3",3,0,300,0.040868791151186,0.00367597589837663,0.170559325198473,0,0.203333333333333,0.535416666666667,0.302083333333333,0.132916666666667
"Moore Reef (16-071)__MOO_16-071_148__2020-09-20","Moore Reef (16-071)","Moore Reef (16-071)__MOO_16-071_148","Moore Reef (16-071)__campaign_1",3,0.0321361058601134,529,0.043541011349901,0.00376453195127844,0.193911290007773,0,0.23062381852552,0.51625,0.298333333333333,0.13125
"Moore Reef (16-071)__MOO_16-071_154__2020-09-20","Moore Reef (16-071)","Moore Reef (16-071)__MOO_16-071_154","Moore Reef (16-071)__campaign_1",3,0.0317757009345794,535,0.0431161638330905,0.00362561022016791,0.184514798833601,0,0.216915887850468,0.504583333333333,0.283333333333333,0.13125
"Moore Reef (16-071)__MOO_16-071_155__2021-10-05","Moore Reef (16-071)","Moore Reef (16-071)__MOO_16-071_155","Moore Reef (16-071)__campaign_2",2,0.0270833333333333,480,0.0334534181075042,0.00262055736571979,0.150373406998412,0,0.175052083333333,0.424166666666667,0.220416666666667,0.0991666666666667
"Moore Reef (16-071)__MOO_16-071_156__2020-09-21","Moore Reef (16-071)","Moore Reef (16-071)__MOO_16-071_156","Moore Reef (16-071)__campaign_1",3,0.0150093808630394,533,0.0262676646224673,0.00284751095880562,0.103474764881149,0,0.129502814258912,0.369583333333333,0.168333333333333,0.0570833333333333
"Moore Reef (16-071)__MOO_16-071_156__2021-10-05","Moore Reef (16-071)","Moore Reef (16-071)__MOO_16-071_156","Moore Reef (16-071)__campaign_2",2,0.0208333333333333,480,0.0338304992058868,0.00290395208230788,0.145620429641236,0,0.164583333333333,0.455833333333333,0.22875,0.107916666666667
"Moore Reef (16-071)__MOO_16-071_157__2021-02-07","Moore Reef (16-071)","Moore Reef (16-071)__MOO_16-071_157","Moore Reef (16-071)__campaign_1",3,0,560,0.0219106884887663,0.00189073467131584,0.0941533167304335,0,0.103571428571429,0.29875,0.13875,0.05
"Moore Reef (16-071)__MOO_16-071_160__2021-02-16","Moore Reef (16-071)","Moore Reef (16-071)__MOO_16-071_160","Moore Reef (16-071)__campaign_1",3,0.0078125,640,0.0328558513629604,0.00322340265198836,0.139450713451819,0,0.1641796875,0.44375,0.239166666666667,0.0970833333333333
"North Direction Reef (14-143)__NOR_14-143_2__2024-01-22","North Direction Reef (14-143)","North Direction Reef (14-143)__NOR_14-143_2","North Direction Reef (14-143)__campaign_3",1,0.0394736842105263,380,0.0227660811582573,0.000833894150391289,0.115606654542314,0,0.121184210526316,0.275,0.125416666666667,0.05
"North Direction Reef (14-143)__NOR_14-143_3__2021-11-25","North Direction Reef (14-143)","North Direction Reef (14-143)__NOR_14-143_3","North Direction Reef (14-143)__campaign_1",4,0.00535714285714286,560,0.0142658722116416,0.00146465655893902,0.0568794942859289,0,0.0821428571428571,0.212083333333333,0.0866666666666667,0.02625
"North Direction Reef (14-143)__NOR_14-143_3__2024-01-22","North Direction Reef (14-143)","North Direction Reef (14-143)__NOR_14-143_3","North Direction Reef (14-143)__campaign_3",1,0.0157894736842105,380,0.0210906078515698,0.00139055693951794,0.0978147856880667,0,0.121052631578947,0.292916666666667,0.13,0.04625
"North Direction Reef (14-143)__NOR_14-143_4__2022-02-21","North Direction Reef (14-143)","North Direction Reef (14-143)__NOR_14-143_4","North Direction Reef (14-143)__campaign_1",4,0,450,0.011579736778337,0.00107279261597172,0.0481080061193655,0,0.0688888888888889,0.174166666666667,0.0616666666666667,0.0191666666666667
"North Direction Reef (14-143)__NOR_14-143_4__2024-01-22","North Direction Reef (14-143)","North Direction Reef (14-143)__NOR_14-143_4","North Direction Reef (14-143)__campaign_3",1,0.00526315789473684,380,0.0144441531677001,0.000738862295586633,0.0779780990344063,0,0.0790131578947371,0.174166666666667,0.0708333333333333,0.025
"Prawn Reef (19-024)__PRA_19-024_11__2023-03-27","Prawn Reef (19-024)","Prawn Reef (19-024)__PRA_19-024_11","Prawn Reef (19-024)__campaign_1",5,0.00341296928327645,293,0.0272844148292072,0.00110853017411132,0.138281250258085,0,0.16382252559727,0.3325,0.167222222222222,0.0713888888888889
"Prawn Reef (19-024)__PRA_19-024_4__2023-03-27","Prawn Reef (19-024)","Prawn Reef (19-024)__PRA_19-024_4","Prawn Reef (19-024)__campaign_1",5,0.0130718954248366,153,0.0493838614449659,0.00195133221241978,0.250292815426481,0,0.287581699346405,0.439722222222222,0.279444444444444,0.148888888888889
"Shrimp Reef (18-118)__SHR_18-118_19__2023-03-26","Shrimp Reef (18-118)","Shrimp Reef (18-118)__SHR_18-118_19","Shrimp Reef (18-118)__campaign_1",2,0.00714285714285714,560,0.0414923618881618,0.00201104517920236,0.219757836509586,0,0.242857142857143,0.444166666666667,0.265833333333333,0.1325
"Thetford Reef (16-068)__THE_16-068_12__2021-10-04","Thetford Reef (16-068)","Thetford Reef (16-068)__THE_16-068_12","Thetford Reef (16-068)__campaign_2",2,0.00892857142857143,560,0.0242463963196064,0.00186270268125843,0.115201109943248,0,0.128616071428572,0.31,0.149583333333333,0.05
"Thetford Reef (16-068)__THE_16-068_13__2022-09-21","Thetford Reef (16-068)","Thetford Reef (16-068)__THE_16-068_13","Thetford Reef (16-068)__campaign_3",3,0.005,200,0.0152537788476967,0.00134555251709741,0.0629945063766299,0,0.0801250000000005,0.270416666666667,0.09875,0.0270833333333333
"Thetford Reef (16-068)__THE_16-068_14__2022-08-14","Thetford Reef (16-068)","Thetford Reef (16-068)__THE_16-068_14","Thetford Reef (16-068)__campaign_3",3,0.0075,1200,0.0158354279464849,0.00145152690434407,0.0662192718295539,0,0.0766666666666667,0.22125,0.0875,0.0233333333333333
"Thetford Reef (16-068)__THE_16-068_15__2021-06-29","Thetford Reef (16-068)","Thetford Reef (16-068)__THE_16-068_15","Thetford Reef (16-068)__campaign_2",2,0.003125,320,0.0206721678208538,0.00149355682244679,0.0854883453977232,0,0.103125,0.274166666666667,0.135,0.0408333333333333
"Thetford Reef (16-068)__THE_16-068_15__2022-08-13","Thetford Reef (16-068)","Thetford Reef (16-068)__THE_16-068_15","Thetford Reef (16-068)__campaign_3",3,0.0022271714922049,898,0.0129948811582852,0.00132555847854386,0.0514649575077858,0,0.0679565701559021,0.190833333333333,0.0691666666666667,0.0183333333333333
"Thetford Reef (16-068)__THE_16-068_16__2022-08-12","Thetford Reef (16-068)","Thetford Reef (16-068)__THE_16-068_16","Thetford Reef (16-068)__campaign_3",3,0.00378787878787879,1320,0.0156505156353036,0.00158133647104281,0.0638801411946056,0,0.0894128787878789,0.22125,0.0883333333333333,0.0325
"Thetford Reef (16-068)__THE_16-068_17__2022-08-11","Thetford Reef (16-068)","Thetford Reef (16-068)__THE_16-068_17","Thetford Reef (16-068)__campaign_3",3,0.00223880597014925,1340,0.0116168987205922,0.00107693554258411,0.0465357581019517,0,0.0626865671641791,0.150416666666667,0.0504166666666667,0.0141666666666667
"Thetford Reef (16-068)__THE_16-068_27__2021-10-04","Thetford Reef (16-068)","Thetford Reef (16-068)__THE_16-068_27","Thetford Reef (16-068)__campaign_2",2,0.0267857142857143,560,0.0301586922777942,0.00249196300725238,0.124064234863389,0,0.139330357142857,0.380833333333333,0.199166666666667,0.0754166666666667
"Thetford Reef (16-068)__THE_16-068_27__2022-09-21","Thetford Reef (16-068)","Thetford Reef (16-068)__THE_16-068_27","Thetford Reef (16-068)__campaign_3",3,0.0131578947368421,380,0.017838072883175,0.00212047650710303,0.0690762125054255,0,0.0948026315789476,0.276666666666667,0.109583333333333,0.03375
"Tongue Reef (16-026)__TON_16-026_36__2021-07-25","Tongue Reef (16-026)","Tongue Reef (16-026)__TON_16-026_36","Tongue Reef (16-026)__campaign_1",3,0.11304347826087,460,0.0606505380729069,0.00185759350205974,0.303314278106977,0,0.384782608695652,0.514166666666667,0.343333333333333,0.185833333333333
"Tongue Reef (16-026)__TON_16-026_37__2021-07-25","Tongue Reef (16-026)","Tongue Reef (16-026)__TON_16-026_37","Tongue Reef (16-026)__campaign_1",3,0.0804347826086956,460,0.062745828251899,0.0020352262506996,0.32628967192354,0,0.391413043478261,0.526666666666667,0.357083333333333,0.216666666666667
"Tongue Reef (16-026)__TON_16-026_43__2021-07-21","Tongue Reef (16-026)","Tongue Reef (16-026)__TON_16-026_43","Tongue Reef (16-026)__campaign_1",3,0.0107142857142857,560,0.0176963679237424,0.000580647397449427,0.0914882981178586,0,0.119642857142857,0.225416666666667,0.112083333333333,0.04375
"Tongue Reef (16-026)__TON_16-026_44__2021-07-21","Tongue Reef (16-026)","Tongue Reef (16-026)__TON_16-026_44","Tongue Reef (16-026)__campaign_1",3,0.00892857142857143,560,0.0401363292695755,0.00133888132398015,0.205205438884333,0,0.280535714285715,0.407916666666667,0.253333333333333,0.13375
"U/N Reef (11-049)__U/N_11-049_11__2025-04-07","U/N Reef (11-049)","U/N Reef (11-049)__U/N_11-049_11","U/N Reef (11-049)__campaign_4",1,0.0558823529411765,1020,0.0677437977211776,0.00163750825104699,0.368334410354208,0,0.362769607843137,0.493333333333333,0.324583333333333,0.177916666666667
"U/N Reef (11-049)__U/N_11-049_7__2025-04-07","U/N Reef (11-049)","U/N Reef (11-049)__U/N_11-049_7","U/N Reef (11-049)__campaign_4",1,0.00882352941176471,680,0.0726183495548016,0.00166295106574738,0.400993514797783,0,0.417647058823529,0.511666666666667,0.3275,0.191666666666667
"U/N Reef (15-043)__U/N_15-043_17__2026-03-01","U/N Reef (15-043)","U/N Reef (15-043)__U/N_15-043_17","U/N Reef (15-043)__campaign_1",3,0,240,0.0544860463626317,0.00159348477397651,0.297579904025586,0,0.3,0.47125,0.300416666666667,0.154166666666667
"U/N Reef (20-386)__U/N_20-386_14__2025-08-20","U/N Reef (20-386)","U/N Reef (20-386)__U/N_20-386_14","U/N Reef (20-386)__campaign_2",2,0.015,200,0.0916985931871625,0.00403383279604214,0.498088201543261,0,0.490125,0.661666666666667,0.476666666666667,0.277916666666667
"U/N Reef (20-386)__U/N_20-386_15__2025-08-21","U/N Reef (20-386)","U/N Reef (20-386)__U/N_20-386_15","U/N Reef (20-386)__campaign_2",2,0.158620689655172,290,0.0859437661667741,0.00389630469405345,0.408171518671309,0,0.451724137931034,0.639583333333333,0.448333333333333,0.26125
"U/N Reef (20-386)__U/N_20-386_17__2025-08-20","U/N Reef (20-386)","U/N Reef (20-386)__U/N_20-386_17","U/N Reef (20-386)__campaign_2",2,0.00446428571428571,224,0.096508209057593,0.00424258679315799,0.493316241756173,0,0.522433035714286,0.638333333333333,0.477083333333333,0.292916666666667
"U/N Reef (20-386)__U/N_20-386_18__2025-08-21","U/N Reef (20-386)","U/N Reef (20-386)__U/N_20-386_18","U/N Reef (20-386)__campaign_2",2,0.118918918918919,555,0.0917423461235525,0.00441547210656511,0.464394721084315,0,0.508198198198199,0.63625,0.460416666666667,0.2675
"U/N Reef (20-386)__U/N_20-386_19__2025-08-21","U/N Reef (20-386)","U/N Reef (20-386)__U/N_20-386_19","U/N Reef (20-386)__campaign_2",2,0.00851063829787234,235,0.0872455602926037,0.00389500057308041,0.42006070103895,0,0.502127659574468,0.658333333333333,0.449166666666667,0.267083333333333
"U/N Reef (20-386)__U/N_20-386_1__2025-08-20","U/N Reef (20-386)","U/N Reef (20-386)__U/N_20-386_1","U/N Reef (20-386)__campaign_2",2,0.0481481481481481,270,0.0694387539963026,0.00321770279047441,0.371389308903759,0,0.444444444444444,0.575416666666667,0.39125,0.206666666666667
"U/N Reef (20-386)__U/N_20-386_26__2025-08-19","U/N Reef (20-386)","U/N Reef (20-386)__U/N_20-386_26","U/N Reef (20-386)__campaign_2",2,0.0156862745098039,255,0.0178247695035984,0.000784132150616495,0.0941530857192828,0,0.102058823529412,0.205416666666667,0.1,0.0375
"U/N Reef (20-386)__U/N_20-386_27__2025-08-19","U/N Reef (20-386)","U/N Reef (20-386)__U/N_20-386_27","U/N Reef (20-386)__campaign_2",2,0.00606060606060606,165,0.0544725035430825,0.00280915330929158,0.260232069685203,0,0.333333333333333,0.490833333333333,0.325833333333333,0.165833333333333
"U/N Reef (20-386)__U/N_20-386_28__2025-08-20","U/N Reef (20-386)","U/N Reef (20-386)__U/N_20-386_28","U/N Reef (20-386)__campaign_2",2,0.0651162790697674,215,0.0540393886521732,0.0022634403462605,0.263498844878528,0,0.306976744186047,0.498333333333333,0.317083333333333,0.155833333333333
"U/N Reef (20-386)__U/N_20-386_29__2025-08-20","U/N Reef (20-386)","U/N Reef (20-386)__U/N_20-386_29","U/N Reef (20-386)__campaign_2",2,0.0918032786885246,305,0.0535800454555365,0.00227136848029738,0.270398709870662,0,0.268852459016393,0.474583333333333,0.291666666666667,0.145833333333333
"U/N Reef (20-386)__U/N_20-386_2__2025-08-20","U/N Reef (20-386)","U/N Reef (20-386)__U/N_20-386_2","U/N Reef (20-386)__campaign_2",2,0.088135593220339,295,0.0678980015936641,0.00307722014134586,0.319226072723267,0,0.356016949152543,0.581666666666667,0.382916666666667,0.202916666666667
"U/N Reef (20-386)__U/N_20-386_30__2025-08-21","U/N Reef (20-386)","U/N Reef (20-386)__U/N_20-386_30","U/N Reef (20-386)__campaign_2",2,0.025,240,0.0650535969688586,0.00312333018739956,0.315566613666501,0,0.375104166666667,0.575833333333333,0.38,0.196666666666667
"U/N Reef (20-386)__U/N_20-386_31__2025-08-21","U/N Reef (20-386)","U/N Reef (20-386)__U/N_20-386_31","U/N Reef (20-386)__campaign_2",2,0.0603174603174603,315,0.0671386101109064,0.00290741612935569,0.353948282964032,0,0.336587301587302,0.557083333333333,0.369583333333333,0.20125
"U/N Reef (20-386)__U/N_20-386_36__2025-08-20","U/N Reef (20-386)","U/N Reef (20-386)__U/N_20-386_36","U/N Reef (20-386)__campaign_2",2,0.0352422907488987,454,0.0167555070503309,0.000752733947860435,0.0929921276187778,0,0.0859581497797359,0.188333333333333,0.0883333333333333,0.0283333333333333
"U/N Reef (20-386)__U/N_20-386_4__2026-02-18","U/N Reef (20-386)","U/N Reef (20-386)__U/N_20-386_4","U/N Reef (20-386)__campaign_2",2,0,330,0.0442224652033871,0.00210587248752375,0.199377966183023,0,0.230454545454546,0.467916666666667,0.2575,0.12625
"U/N Reef (20-386)__U/N_20-386_5__2026-02-18","U/N Reef (20-386)","U/N Reef (20-386)__U/N_20-386_5","U/N Reef (20-386)__campaign_2",2,0.00434782608695652,230,0.0356930639197655,0.00154513764668904,0.188200929594589,0,0.178260869565217,0.378333333333333,0.1875,0.08
"U/N Reef (21-057)__U/N_21-057_41__2025-08-22","U/N Reef (21-057)","U/N Reef (21-057)__U/N_21-057_41","U/N Reef (21-057)__campaign_1",4,0.0168539325842697,534,0.0220970944314213,0.000691935766419972,0.118981424610961,0,0.144194756554307,0.245833333333333,0.129166666666667,0.05875
"U/N Reef (21-057)__U/N_21-057_42__2025-08-22","U/N Reef (21-057)","U/N Reef (21-057)__U/N_21-057_42","U/N Reef (21-057)__campaign_1",4,0.0185185185185185,270,0.0270487639166311,0.000840299347894044,0.144635832722324,0,0.207407407407407,0.309166666666667,0.179166666666667,0.0841666666666667
"U/N Reef (21-057)__U/N_21-057_43__2025-08-22","U/N Reef (21-057)","U/N Reef (21-057)__U/N_21-057_43","U/N Reef (21-057)__campaign_1",4,0.00892857142857143,336,0.0281194255491238,0.000853658137276997,0.146471656929355,0,0.193526785714286,0.3025,0.1675,0.0816666666666667
"U/N Reef (21-057)__U/N_21-057_44__2025-08-22","U/N Reef (21-057)","U/N Reef (21-057)__U/N_21-057_44","U/N Reef (21-057)__campaign_1",4,0.0245614035087719,570,0.0239124934219358,0.000770232193905355,0.119038778111168,0,0.156228070175439,0.28375,0.159166666666667,0.07125
"U/N Reef (21-067)__UN_21-067_1__2025-03-27","U/N Reef (21-067)","U/N Reef (21-067)__UN_21-067_1","U/N Reef (21-067)__campaign_1",5,0.145454545454545,220,0.0121295512958229,0.000563846559628505,0.060555886493148,0,0.0727272727272727,0.158333333333333,0.0652777777777778,0.0222222222222222
"U/N Reef (21-067)__UN_21-067_3__2025-03-27","U/N Reef (21-067)","U/N Reef (21-067)__UN_21-067_3","U/N Reef (21-067)__campaign_1",5,0.193965517241379,232,0.0478476733127825,0.00225649315690135,0.231911299397772,0,0.275862068965517,0.495277777777778,0.301944444444444,0.154722222222222
"U/N Reef (21-067)__UN_21-067_5__2025-03-27","U/N Reef (21-067)","U/N Reef (21-067)__UN_21-067_5","U/N Reef (21-067)__campaign_1",5,0.0787037037037037,216,0.0495836336270489,0.00243443834204905,0.24834332319086,0,0.296296296296296,0.496944444444444,0.322777777777778,0.165
"U/N Reef (21-067)__UN_21-067_6__2025-03-27","U/N Reef (21-067)","U/N Reef (21-067)__UN_21-067_6","U/N Reef (21-067)__campaign_1",5,0.127659574468085,188,0.0237541569445095,0.00119497181586089,0.118040032155037,0,0.143617021276596,0.318055555555556,0.152222222222222,0.0622222222222222
"U/N Reef (21-069)__UN_21-069_3__2025-03-28","U/N Reef (21-069)","U/N Reef (21-069)__UN_21-069_3","U/N Reef (21-069)__campaign_1",3,0,156,0.018390127442508,0.000653116145718406,0.0996685028743457,0,0.121794871794872,0.21125,0.103333333333333,0.0470833333333333
"U/N Reef (21-069)__UN_21-069_6__2025-03-28","U/N Reef (21-069)","U/N Reef (21-069)__UN_21-069_6","U/N Reef (21-069)__campaign_1",3,0,208,0.0227773517982551,0.000815810363359001,0.118026773404674,0,0.144230769230769,0.261666666666667,0.140833333333333,0.0641666666666667
"U/N Reef (21-069)__UN_21-069_8__2025-03-28","U/N Reef (21-069)","U/N Reef (21-069)__UN_21-069_8","U/N Reef (21-069)__campaign_1",3,0,344,0.0187273549521798,0.000621949240337354,0.100304368604544,0,0.127906976744186,0.233333333333333,0.12125,0.0508333333333333
"U/N Reef (21-250a)__U/N_21-250a_11__2025-12-11","U/N Reef (21-250a)","U/N Reef (21-250a)__U/N_21-250a_11","U/N Reef (21-250a)__campaign_1",3,0.025,240,0.0750697103903309,0.00211690697629472,0.404268144199817,0,0.441770833333334,0.550833333333333,0.35875,0.195
"U/N Reef (21-250a)__U/N_21-250a_20__2025-12-11","U/N Reef (21-250a)","U/N Reef (21-250a)__U/N_21-250a_20","U/N Reef (21-250a)__campaign_1",3,0.0212765957446809,235,0.044648684921941,0.00146297285383977,0.263218108331098,0,0.280851063829787,0.41125,0.229583333333333,0.128333333333333
"U/N Reef (21-250a)__U/N_21-250a_21__2025-12-11","U/N Reef (21-250a)","U/N Reef (21-250a)__U/N_21-250a_21","U/N Reef (21-250a)__campaign_1",3,0.0114503816793893,262,0.0478350837135445,0.0015301653438121,0.248838704383705,0,0.286354961832061,0.417916666666667,0.2625,0.135416666666667
"U/N Reef (21-250a)__U/N_21-250a_5__2025-12-11","U/N Reef (21-250a)","U/N Reef (21-250a)__U/N_21-250a_5","U/N Reef (21-250a)__campaign_1",3,0.0464285714285714,280,0.0483601798376365,0.00144091836188908,0.262550150760655,0,0.314375,0.45375,0.265833333333333,0.14875
"U/N Reef (21-250a)__U/N_21-250a_6__2025-12-10","U/N Reef (21-250a)","U/N Reef (21-250a)__U/N_21-250a_6","U/N Reef (21-250a)__campaign_1",3,0,255,0.0459226299589116,0.00140269252645982,0.2407332520152,0,0.286372549019608,0.40625,0.245833333333333,0.135
"U/N Reef (21-250a)__U/N_21-250a_7__2025-12-10","U/N Reef (21-250a)","U/N Reef (21-250a)__U/N_21-250a_7","U/N Reef (21-250a)__campaign_1",3,0.0235294117647059,255,0.0672593056652073,0.00232070360329866,0.374705262765986,0,0.423725490196079,0.490416666666667,0.333333333333333,0.191666666666667
"U/N Reef (21-250a)__U/N_21-250a_8__2025-12-10","U/N Reef (21-250a)","U/N Reef (21-250a)__U/N_21-250a_8","U/N Reef (21-250a)__campaign_1",3,0.0133333333333333,225,0.0730414052765462,0.00202407404171282,0.388088071115342,0,0.386777777777778,0.522083333333333,0.349583333333333,0.192916666666667
"U/N Reef (21-250a)__U/N_21-250a_9__2025-12-10","U/N Reef (21-250a)","U/N Reef (21-250a)__U/N_21-250a_9","U/N Reef (21-250a)__campaign_1",3,0.0163265306122449,245,0.0708691378435126,0.00219358683976872,0.378529342274571,0,0.485714285714286,0.550416666666667,0.364166666666667,0.20375
"U/N Reef (21-460)__U/N_21-460_23__2025-04-11","U/N Reef (21-460)","U/N Reef (21-460)__U/N_21-460_23","U/N Reef (21-460)__campaign_1",1,0,420,0.0213225090935447,0.00058100348001393,0.109739304159864,0,0.13577380952381,0.22875,0.12125,0.0529166666666667
"U/N Reef (21-460)__U/N_21-460_31__2025-04-10","U/N Reef (21-460)","U/N Reef (21-460)__U/N_21-460_31","U/N Reef (21-460)__campaign_1",1,0,609,0.0301576381853375,0.000679801509659384,0.171317532862628,0,0.178981937602627,0.303333333333333,0.165,0.0754166666666667
"U/N Reef (21-460)__U/N_21-460_32__2025-04-10","U/N Reef (21-460)","U/N Reef (21-460)__U/N_21-460_32","U/N Reef (21-460)__campaign_1",1,0,392,0.0308797763519679,0.000855842298614426,0.175897051017602,0,0.173596938775511,0.336666666666667,0.178333333333333,0.07875
"U/N Reef (21-460)__U/N_21-460_34__2025-04-10","U/N Reef (21-460)","U/N Reef (21-460)__U/N_21-460_34","U/N Reef (21-460)__campaign_1",1,0,580,0.0314764737776052,0.000798165774069944,0.187337514197429,0,0.189655172413793,0.330833333333333,0.170833333333333,0.08
"U/N Reef (21-460)__U/N_21-460_35__2025-04-10","U/N Reef (21-460)","U/N Reef (21-460)__U/N_21-460_35","U/N Reef (21-460)__campaign_1",1,0,555,0.0317619119653639,0.000751391292928734,0.197385975155287,0,0.169369369369369,0.307083333333333,0.16375,0.0775
"U/N Reef (21-460)__U/N_21-460_43__2025-04-11","U/N Reef (21-460)","U/N Reef (21-460)__U/N_21-460_43","U/N Reef (21-460)__campaign_1",1,0.00175438596491228,570,0.0278668850251495,0.000698299307997739,0.164648232787473,0,0.163201754385965,0.295833333333333,0.163333333333333,0.0754166666666667
"U/N Reef (21-460)__U/N_21-460_44__2025-04-11","U/N Reef (21-460)","U/N Reef (21-460)__U/N_21-460_44","U/N Reef (21-460)__campaign_1",1,0,470,0.0267566276171695,0.000796465298645113,0.140923021640096,0,0.170265957446809,0.296666666666667,0.165833333333333,0.07125
"U/N Reef (21-466)__U/N_21-466_10__2025-05-07","U/N Reef (21-466)","U/N Reef (21-466)__U/N_21-466_10","U/N Reef (21-466)__campaign_1",2,0,430,0.0127584347158992,0.000567998977011575,0.0622836214628087,0,0.0791279069767444,0.164583333333333,0.06625,0.025
"U/N Reef (21-466)__U/N_21-466_12__2025-05-06","U/N Reef (21-466)","U/N Reef (21-466)__U/N_21-466_12","U/N Reef (21-466)__campaign_1",2,0,498,0.0234725912070061,0.00104497449140538,0.115570618066224,0,0.124548192771085,0.280833333333333,0.1425,0.055
"U/N Reef (21-466)__U/N_21-466_14__2025-05-06","U/N Reef (21-466)","U/N Reef (21-466)__U/N_21-466_14","U/N Reef (21-466)__campaign_1",2,0.00170357751277683,587,0.0221691566666034,0.00105362848127309,0.11278003714245,0,0.127768313458262,0.262083333333333,0.12125,0.0545833333333333
"U/N Reef (21-466)__U/N_21-466_1__2025-05-08","U/N Reef (21-466)","U/N Reef (21-466)__U/N_21-466_1","U/N Reef (21-466)__campaign_1",2,0,430,0.0226472058804559,0.00103867792997272,0.126116294930785,0,0.130290697674419,0.29125,0.135,0.055
"U/N Reef (21-466)__U/N_21-466_2__2025-05-06","U/N Reef (21-466)","U/N Reef (21-466)__U/N_21-466_2","U/N Reef (21-466)__campaign_1",2,0,865,0.0135937880779433,0.000634345186017983,0.0687528534871456,0,0.0705202312138728,0.150833333333333,0.0641666666666667,0.02
"U/N Reef (21-466)__U/N_21-466_42__2025-05-07","U/N Reef (21-466)","U/N Reef (21-466)__U/N_21-466_42","U/N Reef (21-466)__campaign_1",2,0.00366300366300366,546,0.0132304755992421,0.000505856975821756,0.0697499642257361,0,0.0769230769230769,0.164583333333333,0.06875,0.0229166666666667
"U/N Reef (21-466)__U/N_21-466_43__2025-05-07","U/N Reef (21-466)","U/N Reef (21-466)__U/N_21-466_43","U/N Reef (21-466)__campaign_1",2,0,455,0.012935679384167,0.000555630915187575,0.0685683513367904,0,0.0703296703296703,0.139583333333333,0.0625,0.0204166666666667
"U/N Reef (21-466)__U/N_21-466_44__2025-05-08","U/N Reef (21-466)","U/N Reef (21-466)__U/N_21-466_44","U/N Reef (21-466)__campaign_1",2,0,440,0.0239039209755408,0.00115588999916749,0.125899791228006,0,0.131875,0.293333333333333,0.149166666666667,0.0583333333333333
"U/N Reef (21-466)__U/N_21-466_45__2025-05-07","U/N Reef (21-466)","U/N Reef (21-466)__U/N_21-466_45","U/N Reef (21-466)__campaign_1",2,0.00588235294117647,510,0.0238427342453075,0.00095610398999006,0.135180760200887,0,0.129411764705882,0.282083333333333,0.147916666666667,0.0570833333333333
"U/N Reef (21-466)__U/N_21-466_46__2025-04-12","U/N Reef (21-466)","U/N Reef (21-466)__U/N_21-466_46","U/N Reef (21-466)__campaign_1",2,0,288,0.0186613795763067,0.000705724075859765,0.0992898057832231,0,0.0833333333333333,0.244583333333333,0.110416666666667,0.02625
"U/N Reef (21-466)__U/N_21-466_4__2025-05-08","U/N Reef (21-466)","U/N Reef (21-466)__U/N_21-466_4","U/N Reef (21-466)__campaign_1",2,0,567,0.0123805757289881,0.000571165944792256,0.0641862290108417,0,0.0793650793650794,0.155833333333333,0.0704166666666667,0.0241666666666667
"U/N Reef (21-466)__U/N_21-466_7__2025-04-12","U/N Reef (21-466)","U/N Reef (21-466)__U/N_21-466_7","U/N Reef (21-466)__campaign_1",2,0,545,0.018206168299599,0.000774145605538332,0.105933235061822,0,0.104587155963303,0.229166666666667,0.0945833333333333,0.03875
"U/N Reef (21-466)__U/N_21-466_8__2025-05-08","U/N Reef (21-466)","U/N Reef (21-466)__U/N_21-466_8","U/N Reef (21-466)__campaign_1",2,0,485,0.0214777109726221,0.000997939007604517,0.106353066085684,0,0.117577319587629,0.284583333333333,0.13125,0.0558333333333333
"U/N Reef (21-466)__U/N_21-466_9__2025-05-08","U/N Reef (21-466)","U/N Reef (21-466)__U/N_21-466_9","U/N Reef (21-466)__campaign_1",2,0,565,0.0228632656948126,0.000966454322305863,0.128725745290712,0,0.12212389380531,0.2675,0.125416666666667,0.0504166666666667
"Vicki Harriott Reef (15-070)__VIC_15-070_12__2026-02-02","Vicki Harriott Reef (15-070)","Vicki Harriott Reef (15-070)__VIC_15-070_12","Vicki Harriott Reef (15-070)__campaign_1",2,0.0357142857142857,252,0.0341388257964415,0.00140817352323595,0.17218569142818,0,0.186607142857143,0.35,0.201666666666667,0.0841666666666667
"Vicki Harriott Reef (15-070)__VIC_15-070_13__2026-02-01","Vicki Harriott Reef (15-070)","Vicki Harriott Reef (15-070)__VIC_15-070_13","Vicki Harriott Reef (15-070)__campaign_1",2,0.040983606557377,244,0.0354534241074644,0.00158180348683061,0.153157122949958,0,0.205020491803279,0.39,0.206666666666667,0.09
"Vicki Harriott Reef (15-070)__VIC_15-070_14__2026-02-02","Vicki Harriott Reef (15-070)","Vicki Harriott Reef (15-070)__VIC_15-070_14","Vicki Harriott Reef (15-070)__campaign_1",2,0.0489130434782609,184,0.0341272289706457,0.00163463149594645,0.176210819134671,0,0.174048913043479,0.382916666666667,0.20125,0.0858333333333333
"Vicki Harriott Reef (15-070)__VIC_15-070_15__2026-02-01","Vicki Harriott Reef (15-070)","Vicki Harriott Reef (15-070)__VIC_15-070_15","Vicki Harriott Reef (15-070)__campaign_1",2,0.041025641025641,195,0.0341724767730525,0.00143338511354245,0.177286694532007,0,0.210384615384616,0.3975,0.212916666666667,0.085
"Vicki Harriott Reef (15-070)__VIC_15-070_16__2026-02-01","Vicki Harriott Reef (15-070)","Vicki Harriott Reef (15-070)__VIC_15-070_16","Vicki Harriott Reef (15-070)__campaign_1",2,0.0476190476190476,315,0.0326205548116146,0.00169034638603541,0.156747044516217,0,0.181031746031746,0.377916666666667,0.210416666666667,0.0866666666666667
"Vicki Harriott Reef (15-070)__VIC_15-070_19__2026-02-15","Vicki Harriott Reef (15-070)","Vicki Harriott Reef (15-070)__VIC_15-070_19","Vicki Harriott Reef (15-070)__campaign_1",2,0.0234042553191489,470,0.0309326028665014,0.00127768373090208,0.156409985953058,0,0.157553191489362,0.355416666666667,0.1875,0.0795833333333333
"Vicki Harriott Reef (15-070)__VIC_15-070_1__2026-04-29","Vicki Harriott Reef (15-070)","Vicki Harriott Reef (15-070)__VIC_15-070_1","Vicki Harriott Reef (15-070)__campaign_1",2,0.0369393139841689,379,0.0465901986287121,0.00201327799704231,0.234121185902392,0,0.237467018469657,0.470416666666667,0.27625,0.13
"Vicki Harriott Reef (15-070)__VIC_15-070_22__2026-02-15","Vicki Harriott Reef (15-070)","Vicki Harriott Reef (15-070)__VIC_15-070_22","Vicki Harriott Reef (15-070)__campaign_1",2,0.00628930817610063,318,0.0519981405764203,0.00232162443070027,0.230343167208889,0,0.301965408805032,0.494583333333333,0.319166666666667,0.160833333333333
"Vicki Harriott Reef (15-070)__VIC_15-070_23__2026-01-31","Vicki Harriott Reef (15-070)","Vicki Harriott Reef (15-070)__VIC_15-070_23","Vicki Harriott Reef (15-070)__campaign_1",2,0.0407407407407407,270,0.0800407357265017,0.00393923648803255,0.358004946544822,0,0.455648148148148,0.6,0.424583333333333,0.251666666666667
"Vicki Harriott Reef (15-070)__VIC_15-070_24__2026-01-31","Vicki Harriott Reef (15-070)","Vicki Harriott Reef (15-070)__VIC_15-070_24","Vicki Harriott Reef (15-070)__campaign_1",2,0.0285714285714286,210,0.0823566243895723,0.00333251853488727,0.372201662730181,0,0.438333333333334,0.59375,0.430416666666667,0.26125
"Vicki Harriott Reef (15-070)__VIC_15-070_29__2026-02-01","Vicki Harriott Reef (15-070)","Vicki Harriott Reef (15-070)__VIC_15-070_29","Vicki Harriott Reef (15-070)__campaign_1",2,0.0416666666666667,192,0.0619048493925854,0.00277017214565813,0.285539151706585,0,0.34375,0.559166666666667,0.359583333333333,0.187916666666667
"Vicki Harriott Reef (15-070)__VIC_15-070_2__2026-02-20","Vicki Harriott Reef (15-070)","Vicki Harriott Reef (15-070)__VIC_15-070_2","Vicki Harriott Reef (15-070)__campaign_1",2,0.0166666666666667,180,0.0534722127504135,0.00249741735058584,0.261105203225635,0,0.294583333333334,0.509166666666667,0.305833333333333,0.15875
"Vicki Harriott Reef (15-070)__VIC_15-070_30__2026-02-02","Vicki Harriott Reef (15-070)","Vicki Harriott Reef (15-070)__VIC_15-070_30","Vicki Harriott Reef (15-070)__campaign_1",2,0.00641025641025641,156,0.0828562832582321,0.00393623101734877,0.394832324333658,0,0.436057692307693,0.580416666666667,0.42375,0.247083333333333
"Vicki Harriott Reef (15-070)__VIC_15-070_31__2026-02-02","Vicki Harriott Reef (15-070)","Vicki Harriott Reef (15-070)__VIC_15-070_31","Vicki Harriott Reef (15-070)__campaign_1",2,0.0166666666666667,180,0.0595772935983206,0.00265401526871836,0.270436637903361,0,0.355555555555556,0.51875,0.324166666666667,0.176666666666667
"Vicki Harriott Reef (15-070)__VIC_15-070_4__2026-01-31","Vicki Harriott Reef (15-070)","Vicki Harriott Reef (15-070)__VIC_15-070_4","Vicki Harriott Reef (15-070)__campaign_1",2,0.0223880597014925,268,0.060954802953002,0.0025980325993067,0.32005319445288,0,0.309794776119403,0.5225,0.337083333333333,0.169166666666667
"Vicki Harriott Reef (15-070)__VIC_15-070_5__2026-01-31","Vicki Harriott Reef (15-070)","Vicki Harriott Reef (15-070)__VIC_15-070_5","Vicki Harriott Reef (15-070)__campaign_1",2,0.0974576271186441,236,0.0610008856255942,0.00255834898471882,0.306114099807954,0,0.351694915254237,0.554166666666667,0.353333333333333,0.1725
"Vicki Harriott Reef (15-070)__VIC_15-070_6__2026-02-01","Vicki Harriott Reef (15-070)","Vicki Harriott Reef (15-070)__VIC_15-070_6","Vicki Harriott Reef (15-070)__campaign_1",2,0.075,440,0.0658062682565938,0.00292297973130539,0.344595214530837,0,0.318181818181818,0.5625,0.362083333333333,0.188333333333333
"Vicki Harriott Reef (15-070)__VIC_15-070_7__2026-02-01","Vicki Harriott Reef (15-070)","Vicki Harriott Reef (15-070)__VIC_15-070_7","Vicki Harriott Reef (15-070)__campaign_1",2,0.080188679245283,212,0.0598896470429768,0.00275906116270625,0.284763009714151,0,0.320754716981132,0.519166666666667,0.346666666666667,0.186666666666667
"Vicki Harriott Reef (15-070)__ViC_15-070_32__2026-04-29","Vicki Harriott Reef (15-070)","Vicki Harriott Reef (15-070)__ViC_15-070_32","Vicki Harriott Reef (15-070)__campaign_1",2,0.0175,400,0.0639927084291156,0.00277115364347353,0.326014152144359,0,0.3500625,0.5725,0.374583333333333,0.198333333333333
