"site_visit_id","Reef","site_id","edna_campaign_id","fold","observed_cpue","predicted_cpue"
"Batt Reef (16-029)__BAT_16-029_82__2022-10-04","Batt Reef (16-029)","Batt Reef (16-029)__BAT_16-029_82","Batt Reef (16-029)__campaign_2",1,0.00416666666666667,0.0598099033037821
"Batt Reef (16-029)__BAT_16-029_83__2022-10-04","Batt Reef (16-029)","Batt Reef (16-029)__BAT_16-029_83","Batt Reef (16-029)__campaign_2",1,0.025,0.0534995317459106
"Batt Reef (16-029)__BAT_16-029_84__2022-10-04","Batt Reef (16-029)","Batt Reef (16-029)__BAT_16-029_84","Batt Reef (16-029)__campaign_2",1,0.0416666666666667,0.0534995317459106
"Bowden Reef (19-019)__BOW_19-019_1__2022-10-01","Bowden Reef (19-019)","Bowden Reef (19-019)__BOW_19-019_1","Bowden Reef (19-019)__campaign_4",1,0.00526315789473684,0.037634959973787
"Bowden Reef (19-019)__BOW_19-019_20__2022-10-14","Bowden Reef (19-019)","Bowden Reef (19-019)__BOW_19-019_20","Bowden Reef (19-019)__campaign_4",1,0.0327868852459016,0.0595091679057137
"Bowden Reef (19-019)__BOW_19-019_23__2022-09-30","Bowden Reef (19-019)","Bowden Reef (19-019)__BOW_19-019_23","Bowden Reef (19-019)__campaign_4",1,0.00909090909090909,0.0534995209087025
"Bowden Reef (19-019)__BOW_19-019_24__2022-09-30","Bowden Reef (19-019)","Bowden Reef (19-019)__BOW_19-019_24","Bowden Reef (19-019)__campaign_4",1,0.0136363636363636,0.0534995209087025
"Bowden Reef (19-019)__BOW_19-019_25__2022-09-30","Bowden Reef (19-019)","Bowden Reef (19-019)__BOW_19-019_25","Bowden Reef (19-019)__campaign_4",1,0.0277777777777778,0.0586308600410583
"Bowden Reef (19-019)__BOW_19-019_26__2022-09-30","Bowden Reef (19-019)","Bowden Reef (19-019)__BOW_19-019_26","Bowden Reef (19-019)__campaign_4",1,0.0103448275862069,0.0586308512194403
"Bowden Reef (19-019)__BOW_19-019_27__2022-10-01","Bowden Reef (19-019)","Bowden Reef (19-019)__BOW_19-019_27","Bowden Reef (19-019)__campaign_4",1,0.00471698113207547,0.0412446687806327
"Bowden Reef (19-019)__BOW_19-019_28__2022-10-01","Bowden Reef (19-019)","Bowden Reef (19-019)__BOW_19-019_28","Bowden Reef (19-019)__campaign_4",1,0.0192307692307692,0.0412446764799265
"Bowden Reef (19-019)__BOW_19-019_29__2022-10-01","Bowden Reef (19-019)","Bowden Reef (19-019)__BOW_19-019_29","Bowden Reef (19-019)__campaign_4",1,0.0186567164179104,0.0380045691532875
"Bowden Reef (19-019)__BOW_19-019_31__2022-09-30","Bowden Reef (19-019)","Bowden Reef (19-019)__BOW_19-019_31","Bowden Reef (19-019)__campaign_4",1,0.0129533678756477,0.0376349656693058
"Bowden Reef (19-019)__BOW_19-019_33__2022-10-01","Bowden Reef (19-019)","Bowden Reef (19-019)__BOW_19-019_33","Bowden Reef (19-019)__campaign_4",1,0,0.037634943352371
"Bowden Reef (19-019)__BOW_19-019_34__2022-10-12","Bowden Reef (19-019)","Bowden Reef (19-019)__BOW_19-019_34","Bowden Reef (19-019)__campaign_4",1,0.00789473684210526,0.037634959973787
"Bowden Reef (19-019)__BOW_19-019_35__2022-10-12","Bowden Reef (19-019)","Bowden Reef (19-019)__BOW_19-019_35","Bowden Reef (19-019)__campaign_4",1,0.0093984962406015,0.0376349427646264
"Bowden Reef (19-019)__BOW_19-019_36__2022-10-12","Bowden Reef (19-019)","Bowden Reef (19-019)__BOW_19-019_36","Bowden Reef (19-019)__campaign_4",1,0.00721153846153846,0.0412446673099811
"Bowden Reef (19-019)__BOW_19-019_38__2022-10-01","Bowden Reef (19-019)","Bowden Reef (19-019)__BOW_19-019_38","Bowden Reef (19-019)__campaign_4",1,0,0.0544134281777047
"Bowden Reef (19-019)__BOW_19-019_39__2022-10-16","Bowden Reef (19-019)","Bowden Reef (19-019)__BOW_19-019_39","Bowden Reef (19-019)__campaign_4",1,0.0365853658536585,0.0678086629727992
"Bowden Reef (19-019)__BOW_19-019_3__2022-10-02","Bowden Reef (19-019)","Bowden Reef (19-019)__BOW_19-019_3","Bowden Reef (19-019)__campaign_4",1,0.0452961672473868,0.0376349691729928
"Bowden Reef (19-019)__BOW_19-019_42__2022-10-14","Bowden Reef (19-019)","Bowden Reef (19-019)__BOW_19-019_42","Bowden Reef (19-019)__campaign_4",1,0.0210727969348659,0.053499536039272
"Bowden Reef (19-019)__BOW_19-019_43__2022-10-13","Bowden Reef (19-019)","Bowden Reef (19-019)__BOW_19-019_43","Bowden Reef (19-019)__campaign_4",1,0.0230263157894737,0.0534994853170295
"Bowden Reef (19-019)__BOW_19-019_44__2022-10-13","Bowden Reef (19-019)","Bowden Reef (19-019)__BOW_19-019_44","Bowden Reef (19-019)__campaign_4",1,0.0507246376811594,0.0534994774970455
"Bowden Reef (19-019)__BOW_19-019_46__2022-10-14","Bowden Reef (19-019)","Bowden Reef (19-019)__BOW_19-019_46","Bowden Reef (19-019)__campaign_4",1,0.0468227424749164,0.0534994737759083
"Bowden Reef (19-019)__BOW_19-019_49__2022-10-14","Bowden Reef (19-019)","Bowden Reef (19-019)__BOW_19-019_49","Bowden Reef (19-019)__campaign_4",1,0.0303030303030303,0.0540245843656135
"Bowden Reef (19-019)__BOW_19-019_52__2022-10-13","Bowden Reef (19-019)","Bowden Reef (19-019)__BOW_19-019_52","Bowden Reef (19-019)__campaign_4",1,0.0801526717557252,0.0544134897130136
"Bowden Reef (19-019)__BOW_19-019_53__2022-10-14","Bowden Reef (19-019)","Bowden Reef (19-019)__BOW_19-019_53","Bowden Reef (19-019)__campaign_4",1,0.0646900269541779,0.0534994274458153
"Bowden Reef (19-019)__BOW_19-019_57__2022-10-13","Bowden Reef (19-019)","Bowden Reef (19-019)__BOW_19-019_57","Bowden Reef (19-019)__campaign_4",1,0.0844155844155844,0.0534994942801339
"Bowden Reef (19-019)__BOW_19-019_60__2022-10-12","Bowden Reef (19-019)","Bowden Reef (19-019)__BOW_19-019_60","Bowden Reef (19-019)__campaign_4",1,0,0.0412447255538246
"Bowden Reef (19-019)__BOW_19-019_61__2022-10-16","Bowden Reef (19-019)","Bowden Reef (19-019)__BOW_19-019_61","Bowden Reef (19-019)__campaign_4",1,0.00423728813559322,0.0412446927216093
"Bowden Reef (19-019)__BOW_19-019_62__2022-10-16","Bowden Reef (19-019)","Bowden Reef (19-019)__BOW_19-019_62","Bowden Reef (19-019)__campaign_4",1,0.0113207547169811,0.0588395892449145
"Bowden Reef (19-019)__BOW_19-019_64__2022-10-16","Bowden Reef (19-019)","Bowden Reef (19-019)__BOW_19-019_64","Bowden Reef (19-019)__campaign_4",1,0.0247252747252747,0.0586308122991206
"Bowden Reef (19-019)__BOW_19-019_65__2022-10-14","Bowden Reef (19-019)","Bowden Reef (19-019)__BOW_19-019_65","Bowden Reef (19-019)__campaign_4",1,0.0327868852459016,0.0534994914883473
"Bowden Reef (19-019)__BOW_19-019_67__2022-10-13","Bowden Reef (19-019)","Bowden Reef (19-019)__BOW_19-019_67","Bowden Reef (19-019)__campaign_4",1,0.0277777777777778,0.0376349555121528
"Bowden Reef (19-019)__BOW_19-019_68__2022-10-15","Bowden Reef (19-019)","Bowden Reef (19-019)__BOW_19-019_68","Bowden Reef (19-019)__campaign_4",1,0.0632911392405063,0.0534995054896874
"Bowden Reef (19-019)__BOW_19-019_69__2022-10-16","Bowden Reef (19-019)","Bowden Reef (19-019)__BOW_19-019_69","Bowden Reef (19-019)__campaign_4",1,0.0384615384615385,0.0540249641125019
"Bowden Reef (19-019)__BOW_19-019_71__2022-10-15","Bowden Reef (19-019)","Bowden Reef (19-019)__BOW_19-019_71","Bowden Reef (19-019)__campaign_4",1,0.016025641025641,0.0534994969001183
"Bowden Reef (19-019)__BOW_19-019_81__2022-10-13","Bowden Reef (19-019)","Bowden Reef (19-019)__BOW_19-019_81","Bowden Reef (19-019)__campaign_4",1,0.0203252032520325,0.0376349503431863
"Bowden Reef (19-019)__BOW_19-019_84__2022-10-13","Bowden Reef (19-019)","Bowden Reef (19-019)__BOW_19-019_84","Bowden Reef (19-019)__campaign_4",1,0.0254237288135593,0.0382779089070983
"Bowden Reef (19-019)__BOW_19-019_87__2022-10-15","Bowden Reef (19-019)","Bowden Reef (19-019)__BOW_19-019_87","Bowden Reef (19-019)__campaign_4",1,0.0655737704918033,0.0586308573113113
"Bowden Reef (19-019)__BOW_19-019_88__2022-10-17","Bowden Reef (19-019)","Bowden Reef (19-019)__BOW_19-019_88","Bowden Reef (19-019)__campaign_4",1,0.0122950819672131,0.0378724121656574
"Bowden Reef (19-019)__BOW_19-019_89__2022-10-14","Bowden Reef (19-019)","Bowden Reef (19-019)__BOW_19-019_89","Bowden Reef (19-019)__campaign_4",1,0.0576923076923077,0.0534995372478779
"Bowden Reef (19-019)__BOW_19-019_90__2022-10-14","Bowden Reef (19-019)","Bowden Reef (19-019)__BOW_19-019_90","Bowden Reef (19-019)__campaign_4",1,0.038135593220339,0.0588395676370394
"Bowden Reef (19-019)__BOW_19-019_92__2022-10-15","Bowden Reef (19-019)","Bowden Reef (19-019)__BOW_19-019_92","Bowden Reef (19-019)__campaign_4",1,0.0172413793103448,0.0534995095483188
"Bowden Reef (19-019)__BOW_19-019_94__2022-10-17","Bowden Reef (19-019)","Bowden Reef (19-019)__BOW_19-019_94","Bowden Reef (19-019)__campaign_4",1,0.0256410256410256,0.054413391993596
"Bowden Reef (19-019)__BOW_19-019_97__2022-10-16","Bowden Reef (19-019)","Bowden Reef (19-019)__BOW_19-019_97","Bowden Reef (19-019)__campaign_4",1,0.0422077922077922,0.0540249874065449
"Darley Reef (19-043)__DAR_19-043_58__2023-03-29","Darley Reef (19-043)","Darley Reef (19-043)__DAR_19-043_58","Darley Reef (19-043)__campaign_1",1,0,0.043548583984375
"Darley Reef (19-043)__DAR_19-043_62__2023-03-29","Darley Reef (19-043)","Darley Reef (19-043)__DAR_19-043_62","Darley Reef (19-043)__campaign_1",1,0.020703933747412,0.0843956751853042
"Darley Reef (19-043)__DAR_19-043_91__2023-03-28","Darley Reef (19-043)","Darley Reef (19-043)__DAR_19-043_91","Darley Reef (19-043)__campaign_1",1,0,0.0787785596186572
"Darley Reef (19-043)__DAR_19-043_98__2023-03-28","Darley Reef (19-043)","Darley Reef (19-043)__DAR_19-043_98","Darley Reef (19-043)__campaign_1",1,0.026615969581749,0.0482755450694733
"Davies Reef (18-096)__DAV_18-096_10__2023-01-22","Davies Reef (18-096)","Davies Reef (18-096)__DAV_18-096_10","Davies Reef (18-096)__campaign_5",1,0.00416666666666667,0.0554386973381042
"Davies Reef (18-096)__DAV_18-096_11__2023-01-23","Davies Reef (18-096)","Davies Reef (18-096)__DAV_18-096_11","Davies Reef (18-096)__campaign_5",1,0.0113636363636364,0.0554386955319029
"Davies Reef (18-096)__DAV_18-096_11__2024-03-18","Davies Reef (18-096)","Davies Reef (18-096)__DAV_18-096_11","Davies Reef (18-096)__campaign_8",1,0.00555555555555556,0.0522006193796794
"Davies Reef (18-096)__DAV_18-096_12__2023-01-23","Davies Reef (18-096)","Davies Reef (18-096)__DAV_18-096_12","Davies Reef (18-096)__campaign_5",1,0.0570175438596491,0.0554386900182356
"Davies Reef (18-096)__DAV_18-096_12__2024-03-03","Davies Reef (18-096)","Davies Reef (18-096)__DAV_18-096_12","Davies Reef (18-096)__campaign_8",1,0,0.0522004622000235
"Davies Reef (18-096)__DAV_18-096_13__2023-01-23","Davies Reef (18-096)","Davies Reef (18-096)__DAV_18-096_13","Davies Reef (18-096)__campaign_5",1,0.0204918032786885,0.0559915519151531
"Davies Reef (18-096)__DAV_18-096_14__2023-01-23","Davies Reef (18-096)","Davies Reef (18-096)__DAV_18-096_14","Davies Reef (18-096)__campaign_5",1,0.0579710144927536,0.061977732008782
"Davies Reef (18-096)__DAV_18-096_14__2024-03-03","Davies Reef (18-096)","Davies Reef (18-096)__DAV_18-096_14","Davies Reef (18-096)__campaign_8",1,0,0.0583573765224881
"Davies Reef (18-096)__DAV_18-096_15__2023-01-23","Davies Reef (18-096)","Davies Reef (18-096)__DAV_18-096_15","Davies Reef (18-096)__campaign_5",1,0.0365384615384615,0.0588324326735276
"Davies Reef (18-096)__DAV_18-096_15__2024-01-31","Davies Reef (18-096)","Davies Reef (18-096)__DAV_18-096_15","Davies Reef (18-096)__campaign_8",1,0.0502717391304348,0.0588323966316555
"Davies Reef (18-096)__DAV_18-096_17__2024-02-17","Davies Reef (18-096)","Davies Reef (18-096)__DAV_18-096_17","Davies Reef (18-096)__campaign_8",1,0.020952380952381,0.0522006588890439
"Davies Reef (18-096)__DAV_18-096_18__2023-01-24","Davies Reef (18-096)","Davies Reef (18-096)__DAV_18-096_18","Davies Reef (18-096)__campaign_5",1,0.0614035087719298,0.0607560224700392
"Davies Reef (18-096)__DAV_18-096_18__2024-01-13","Davies Reef (18-096)","Davies Reef (18-096)__DAV_18-096_18","Davies Reef (18-096)__campaign_8",1,0.0657894736842105,0.0639351744400827
"Davies Reef (18-096)__DAV_18-096_19__2023-01-24","Davies Reef (18-096)","Davies Reef (18-096)__DAV_18-096_19","Davies Reef (18-096)__campaign_5",1,0.0465116279069767,0.0317183280175971
"Davies Reef (18-096)__DAV_18-096_19__2024-03-17","Davies Reef (18-096)","Davies Reef (18-096)__DAV_18-096_19","Davies Reef (18-096)__campaign_8",1,0.0261136712749616,0.0572073858820715
"Davies Reef (18-096)__DAV_18-096_20__2023-01-25","Davies Reef (18-096)","Davies Reef (18-096)__DAV_18-096_20","Davies Reef (18-096)__campaign_5",1,0.0111940298507463,0.0317183217005943
"Davies Reef (18-096)__DAV_18-096_21__2023-01-25","Davies Reef (18-096)","Davies Reef (18-096)__DAV_18-096_21","Davies Reef (18-096)__campaign_5",1,0,0.0317183023407346
"Davies Reef (18-096)__DAV_18-096_22__2024-03-17","Davies Reef (18-096)","Davies Reef (18-096)__DAV_18-096_22","Davies Reef (18-096)__campaign_8",1,0.0144927536231884,0.0522005551103233
"Davies Reef (18-096)__DAV_18-096_24__2024-05-30","Davies Reef (18-096)","Davies Reef (18-096)__DAV_18-096_24","Davies Reef (18-096)__campaign_8",1,0.0142247510668563,0.0534995446673159
"Davies Reef (18-096)__DAV_18-096_25__2023-02-05","Davies Reef (18-096)","Davies Reef (18-096)__DAV_18-096_25","Davies Reef (18-096)__campaign_5",1,0.0072202166064982,0.0522006375694963
"Davies Reef (18-096)__DAV_18-096_26__2023-01-22","Davies Reef (18-096)","Davies Reef (18-096)__DAV_18-096_26","Davies Reef (18-096)__campaign_5",1,0.00625,0.0619777798652649
"Davies Reef (18-096)__DAV_18-096_29__2023-01-24","Davies Reef (18-096)","Davies Reef (18-096)__DAV_18-096_29","Davies Reef (18-096)__campaign_5",1,0.05,0.0893401251898872
"Davies Reef (18-096)__DAV_18-096_29__2024-06-12","Davies Reef (18-096)","Davies Reef (18-096)__DAV_18-096_29","Davies Reef (18-096)__campaign_8",1,0.0666666666666667,0.0862152735392253
"Davies Reef (18-096)__DAV_18-096_30__2024-03-18","Davies Reef (18-096)","Davies Reef (18-096)__DAV_18-096_30","Davies Reef (18-096)__campaign_8",1,0.00905797101449275,0.0530924313310264
"Davies Reef (18-096)__DAV_18-096_31__2023-01-24","Davies Reef (18-096)","Davies Reef (18-096)__DAV_18-096_31","Davies Reef (18-096)__campaign_5",1,0.0329457364341085,0.0554386589878289
"Davies Reef (18-096)__DAV_18-096_31__2024-03-21","Davies Reef (18-096)","Davies Reef (18-096)__DAV_18-096_31","Davies Reef (18-096)__campaign_8",1,0.0313479623824451,0.0522005864445319
"Davies Reef (18-096)__DAV_18-096_34__2023-01-23","Davies Reef (18-096)","Davies Reef (18-096)__DAV_18-096_34","Davies Reef (18-096)__campaign_5",1,0.00746268656716418,0.0554386928899964
"Davies Reef (18-096)__DAV_18-096_36__2024-03-19","Davies Reef (18-096)","Davies Reef (18-096)__DAV_18-096_36","Davies Reef (18-096)__campaign_8",1,0.00595238095238095,0.0522005671546573
"Davies Reef (18-096)__DAV_18-096_37__2024-03-19","Davies Reef (18-096)","Davies Reef (18-096)__DAV_18-096_37","Davies Reef (18-096)__campaign_8",1,0.0431547619047619,0.0522006409508841
"Davies Reef (18-096)__DAV_18-096_9__2023-01-22","Davies Reef (18-096)","Davies Reef (18-096)__DAV_18-096_9","Davies Reef (18-096)__campaign_5",1,0.00892857142857143,0.0554386845656804
"Eyrie Reef (14-118)__EYR_14-118_1__2026-02-26","Eyrie Reef (14-118)","Eyrie Reef (14-118)__EYR_14-118_1","Eyrie Reef (14-118)__campaign_4",1,0.123076923076923,0.0534995482518123
"Eyrie Reef (14-118)__EYR_14-118_2__2026-02-26","Eyrie Reef (14-118)","Eyrie Reef (14-118)__EYR_14-118_2","Eyrie Reef (14-118)__campaign_4",1,0.0815789473684211,0.0534994627300062
"Judith Wright Reef (18-101)__JUD_18-101_1__2025-08-27","Judith Wright Reef (18-101)","Judith Wright Reef (18-101)__JUD_18-101_1","Judith Wright Reef (18-101)__campaign_1",1,0,0.0333780678835782
"Judith Wright Reef (18-101)__JUD_18-101_38__2025-10-14","Judith Wright Reef (18-101)","Judith Wright Reef (18-101)__JUD_18-101_38","Judith Wright Reef (18-101)__campaign_1",1,0.0384615384615385,0.0480934741228995
"Judith Wright Reef (18-101)__JUD_18-101_3__2025-08-05","Judith Wright Reef (18-101)","Judith Wright Reef (18-101)__JUD_18-101_3","Judith Wright Reef (18-101)__campaign_1",1,0.0425,0.0445556974411011
"Judith Wright Reef (18-101)__JUD_18-101_4__2025-08-05","Judith Wright Reef (18-101)","Judith Wright Reef (18-101)__JUD_18-101_4","Judith Wright Reef (18-101)__campaign_1",1,0.109447004608295,0.0445556948261876
"Judith Wright Reef (18-101)__JUD_18-101_5__2025-10-14","Judith Wright Reef (18-101)","Judith Wright Reef (18-101)__JUD_18-101_5","Judith Wright Reef (18-101)__campaign_1",1,0.0119047619047619,0.033469279607137
"Lizard Island Reef (Lagoon) (14-116d)__LIZ_14-116d_13__2024-01-19","Lizard Island Reef (Lagoon) (14-116d)","Lizard Island Reef (Lagoon) (14-116d)__LIZ_14-116d_13","Lizard Island Reef (Lagoon) (14-116d)__campaign_5",1,0.0315789473684211,0.0169013086118196
"Lizard Island Reef (Lagoon) (14-116d)__LIZ_14-116d_14__2024-01-31","Lizard Island Reef (Lagoon) (14-116d)","Lizard Island Reef (Lagoon) (14-116d)__LIZ_14-116d_14","Lizard Island Reef (Lagoon) (14-116d)__campaign_5",1,0.0185714285714286,0.0151180948529925
"Lizard Island Reef (Lagoon) (14-116d)__LIZ_14-116d_15__2024-01-19","Lizard Island Reef (Lagoon) (14-116d)","Lizard Island Reef (Lagoon) (14-116d)__LIZ_14-116d_15","Lizard Island Reef (Lagoon) (14-116d)__campaign_5",1,0.0184210526315789,0.0151180995138068
"Lizard Island Reef (Lagoon) (14-116d)__LIZ_14-116d_16__2024-01-20","Lizard Island Reef (Lagoon) (14-116d)","Lizard Island Reef (Lagoon) (14-116d)__LIZ_14-116d_16","Lizard Island Reef (Lagoon) (14-116d)__campaign_5",1,0.00789473684210526,0.0151180995138068
"Lizard Island Reef (Lagoon) (14-116d)__LIZ_14-116d_20__2025-10-12","Lizard Island Reef (Lagoon) (14-116d)","Lizard Island Reef (Lagoon) (14-116d)__LIZ_14-116d_20","Lizard Island Reef (Lagoon) (14-116d)__campaign_7",1,0.0184210526315789,0.0259491468730726
"Lizard Island Reef (Lagoon) (14-116d)__LIZ_14-116d_21__2024-01-20","Lizard Island Reef (Lagoon) (14-116d)","Lizard Island Reef (Lagoon) (14-116d)__LIZ_14-116d_21","Lizard Island Reef (Lagoon) (14-116d)__campaign_5",1,0.0315789473684211,0.015268874168396
"Lizard Island Reef (Lagoon) (14-116d)__LIZ_14-116d_21__2025-10-12","Lizard Island Reef (Lagoon) (14-116d)","Lizard Island Reef (Lagoon) (14-116d)__LIZ_14-116d_21","Lizard Island Reef (Lagoon) (14-116d)__campaign_7",1,0.0184210526315789,0.0234428154794793
"Lizard Island Reef (Lagoon) (14-116d)__LIZ_14-116d_22__2024-01-19","Lizard Island Reef (Lagoon) (14-116d)","Lizard Island Reef (Lagoon) (14-116d)__LIZ_14-116d_22","Lizard Island Reef (Lagoon) (14-116d)__campaign_5",1,0.0112676056338028,0.0519861301905672
"Lizard Island Reef (Lagoon) (14-116d)__LIZ_14-116d_22__2025-10-12","Lizard Island Reef (Lagoon) (14-116d)","Lizard Island Reef (Lagoon) (14-116d)__LIZ_14-116d_22","Lizard Island Reef (Lagoon) (14-116d)__campaign_7",1,0.0368421052631579,0.0583395355626156
"Lizard Island Reef (Lagoon) (14-116d)__LIZ_14-116d_24__2024-03-10","Lizard Island Reef (Lagoon) (14-116d)","Lizard Island Reef (Lagoon) (14-116d)__LIZ_14-116d_24","Lizard Island Reef (Lagoon) (14-116d)__campaign_5",1,0,0.0596885681152344
"Lizard Island Reef (Lagoon) (14-116d)__LIZ_14-116d_24__2025-10-10","Lizard Island Reef (Lagoon) (14-116d)","Lizard Island Reef (Lagoon) (14-116d)__LIZ_14-116d_24","Lizard Island Reef (Lagoon) (14-116d)__campaign_7",1,0.0358208955223881,0.0639352826929804
"Lizard Island Reef (Lagoon) (14-116d)__LIZ_14-116d_25__2024-01-19","Lizard Island Reef (Lagoon) (14-116d)","Lizard Island Reef (Lagoon) (14-116d)__LIZ_14-116d_25","Lizard Island Reef (Lagoon) (14-116d)__campaign_5",1,0.0532258064516129,0.0569723559964088
"Lizard Island Reef (Lagoon) (14-116d)__LIZ_14-116d_25__2025-10-10","Lizard Island Reef (Lagoon) (14-116d)","Lizard Island Reef (Lagoon) (14-116d)__LIZ_14-116d_25","Lizard Island Reef (Lagoon) (14-116d)__campaign_7",1,0.0656716417910448,0.0639352826929804
"Lizard Island Reef (Lagoon) (14-116d)__LIZ_14-116d_27__2026-02-05","Lizard Island Reef (Lagoon) (14-116d)","Lizard Island Reef (Lagoon) (14-116d)__LIZ_14-116d_27","Lizard Island Reef (Lagoon) (14-116d)__campaign_7",1,0.0311111111111111,0.0300485271877713
"Lizard Island Reef (Lagoon) (14-116d)__LIZ_14-116d_28__2023-10-30","Lizard Island Reef (Lagoon) (14-116d)","Lizard Island Reef (Lagoon) (14-116d)__LIZ_14-116d_28","Lizard Island Reef (Lagoon) (14-116d)__campaign_5",1,0.0633333333333333,0.0608800061543783
"Lizard Island Reef (Lagoon) (14-116d)__LIZ_14-116d_28__2026-02-05","Lizard Island Reef (Lagoon) (14-116d)","Lizard Island Reef (Lagoon) (14-116d)__LIZ_14-116d_28","Lizard Island Reef (Lagoon) (14-116d)__campaign_7",1,0.00666666666666667,0.0319775941636827
"Lizard Island Reef (Lagoon) (14-116d)__LIZ_14-116d_29__2023-10-29","Lizard Island Reef (Lagoon) (14-116d)","Lizard Island Reef (Lagoon) (14-116d)__LIZ_14-116d_29","Lizard Island Reef (Lagoon) (14-116d)__campaign_5",1,0.0233333333333333,0.0523927434285482
"Lizard Island Reef (Lagoon) (14-116d)__LIZ_14-116d_29__2025-10-09","Lizard Island Reef (Lagoon) (14-116d)","Lizard Island Reef (Lagoon) (14-116d)__LIZ_14-116d_29","Lizard Island Reef (Lagoon) (14-116d)__campaign_7",1,0.0775,0.0300092363357544
"Lizard Island Reef (Lagoon) (14-116d)__LIZ_14-116d_31__2024-01-18","Lizard Island Reef (Lagoon) (14-116d)","Lizard Island Reef (Lagoon) (14-116d)__LIZ_14-116d_31","Lizard Island Reef (Lagoon) (14-116d)__campaign_5",1,0.016,0.0586308746337891
"Lizard Island Reef (Lagoon) (14-116d)__LIZ_14-116d_31__2025-10-09","Lizard Island Reef (Lagoon) (14-116d)","Lizard Island Reef (Lagoon) (14-116d)__LIZ_14-116d_31","Lizard Island Reef (Lagoon) (14-116d)__campaign_7",1,0.0325,0.0327669882774353
"Lizard Island Reef (North East) (14-116b)__LIZ_14-116b_1__2025-12-14","Lizard Island Reef (North East) (14-116b)","Lizard Island Reef (North East) (14-116b)__LIZ_14-116b_1","Lizard Island Reef (North East) (14-116b)__campaign_7",1,0.0118518518518519,0.0199063364664714
"Lizard Island Reef (North West) (14-116a)__LIZ_14-116a_30__2022-10-14","Lizard Island Reef (North West) (14-116a)","Lizard Island Reef (North West) (14-116a)__LIZ_14-116a_30","Lizard Island Reef (North West) (14-116a)__campaign_4",1,0.0491228070175439,0.0207687695821126
"Lizard Island Reef (North West) (14-116a)__LIZ_14-116a_30__2023-10-29","Lizard Island Reef (North West) (14-116a)","Lizard Island Reef (North West) (14-116a)__LIZ_14-116a_30","Lizard Island Reef (North West) (14-116a)__campaign_5",1,0.00666666666666667,0.0268859608968099
"Lizard Island Reef (North West) (14-116a)__LIZ_14-116a_31__2019-09-21","Lizard Island Reef (North West) (14-116a)","Lizard Island Reef (North West) (14-116a)__LIZ_14-116a_31","Lizard Island Reef (North West) (14-116a)__campaign_1",1,0.0171875,0.0171686574816704
"Lizard Island Reef (North West) (14-116a)__LIZ_14-116a_31__2022-10-14","Lizard Island Reef (North West) (14-116a)","Lizard Island Reef (North West) (14-116a)__LIZ_14-116a_31","Lizard Island Reef (North West) (14-116a)__campaign_4",1,0.0245614035087719,0.0227608078404477
"Lizard Island Reef (North West) (14-116a)__LIZ_14-116a_32__2019-09-21","Lizard Island Reef (North West) (14-116a)","Lizard Island Reef (North West) (14-116a)__LIZ_14-116a_32","Lizard Island Reef (North West) (14-116a)__campaign_1",1,0,0.0198561355471611
"Lizard Island Reef (North West) (14-116a)__LIZ_14-116a_33__2019-09-21","Lizard Island Reef (North West) (14-116a)","Lizard Island Reef (North West) (14-116a)__LIZ_14-116a_33","Lizard Island Reef (North West) (14-116a)__campaign_1",1,0,0.0171686246991158
"Lizard Island Reef (North West) (14-116a)__LIZ_14-116a_34__2019-09-20","Lizard Island Reef (North West) (14-116a)","Lizard Island Reef (North West) (14-116a)__LIZ_14-116a_34","Lizard Island Reef (North West) (14-116a)__campaign_1",1,0.00625,0.0164857715368271
"Lizard Island Reef (North West) (14-116a)__LIZ_14-116a_34__2023-10-30","Lizard Island Reef (North West) (14-116a)","Lizard Island Reef (North West) (14-116a)__LIZ_14-116a_34","Lizard Island Reef (North West) (14-116a)__campaign_5",1,0,0.0268859528658683
"Lizard Island Reef (North West) (14-116a)__LIZ_14-116a_35__2019-09-20","Lizard Island Reef (North West) (14-116a)","Lizard Island Reef (North West) (14-116a)__LIZ_14-116a_35","Lizard Island Reef (North West) (14-116a)__campaign_1",1,0.00625,0.0164857715368271
"Lizard Island Reef (North West) (14-116a)__LIZ_14-116a_35__2023-10-30","Lizard Island Reef (North West) (14-116a)","Lizard Island Reef (North West) (14-116a)__LIZ_14-116a_35","Lizard Island Reef (North West) (14-116a)__campaign_5",1,0.0421052631578947,0.0268859528658683
"Lizard Island Reef (North West) (14-116a)__LIZ_14-116a_36__2019-09-20","Lizard Island Reef (North West) (14-116a)","Lizard Island Reef (North West) (14-116a)__LIZ_14-116a_36","Lizard Island Reef (North West) (14-116a)__campaign_1",1,0.003125,0.0166502356529236
"Lizard Island Reef (North West) (14-116a)__LIZ_14-116a_36__2024-01-12","Lizard Island Reef (North West) (14-116a)","Lizard Island Reef (North West) (14-116a)__LIZ_14-116a_36","Lizard Island Reef (North West) (14-116a)__campaign_5",1,0.00375,0.0278298282623291
"North Direction Reef (14-143)__NOR_14-143_2__2024-01-22","North Direction Reef (14-143)","North Direction Reef (14-143)__NOR_14-143_2","North Direction Reef (14-143)__campaign_3",1,0.0394736842105263,0.0444052294680947
"North Direction Reef (14-143)__NOR_14-143_3__2024-01-22","North Direction Reef (14-143)","North Direction Reef (14-143)__NOR_14-143_3","North Direction Reef (14-143)__campaign_3",1,0.0157894736842105,0.0303053604929071
"North Direction Reef (14-143)__NOR_14-143_4__2024-01-22","North Direction Reef (14-143)","North Direction Reef (14-143)__NOR_14-143_4","North Direction Reef (14-143)__campaign_3",1,0.00526315789473684,0.0301978738684403
"U/N Reef (11-049)__U/N_11-049_11__2025-04-07","U/N Reef (11-049)","U/N Reef (11-049)__U/N_11-049_11","U/N Reef (11-049)__campaign_4",1,0.0558823529411765,0.0862150080063764
"U/N Reef (11-049)__U/N_11-049_7__2025-04-07","U/N Reef (11-049)","U/N Reef (11-049)__U/N_11-049_7","U/N Reef (11-049)__campaign_4",1,0.00882352941176471,0.0862150080063764
"U/N Reef (21-460)__U/N_21-460_23__2025-04-11","U/N Reef (21-460)","U/N Reef (21-460)__U/N_21-460_23","U/N Reef (21-460)__campaign_1",1,0,0.0270233608427502
"U/N Reef (21-460)__U/N_21-460_31__2025-04-10","U/N Reef (21-460)","U/N Reef (21-460)__U/N_21-460_31","U/N Reef (21-460)__campaign_1",1,0,0.0270234156516189
"U/N Reef (21-460)__U/N_21-460_32__2025-04-10","U/N Reef (21-460)","U/N Reef (21-460)__U/N_21-460_32","U/N Reef (21-460)__campaign_1",1,0,0.0274850251723309
"U/N Reef (21-460)__U/N_21-460_34__2025-04-10","U/N Reef (21-460)","U/N Reef (21-460)__U/N_21-460_34","U/N Reef (21-460)__campaign_1",1,0,0.0297207240400643
"U/N Reef (21-460)__U/N_21-460_35__2025-04-10","U/N Reef (21-460)","U/N Reef (21-460)__U/N_21-460_35","U/N Reef (21-460)__campaign_1",1,0,0.0277216644974442
"U/N Reef (21-460)__U/N_21-460_43__2025-04-11","U/N Reef (21-460)","U/N Reef (21-460)__U/N_21-460_43","U/N Reef (21-460)__campaign_1",1,0.00175438596491228,0.0272887915895696
"U/N Reef (21-460)__U/N_21-460_44__2025-04-11","U/N Reef (21-460)","U/N Reef (21-460)__U/N_21-460_44","U/N Reef (21-460)__campaign_1",1,0,0.0274850459808999
"(Big) Broadhurst Reef (No 1) (18-100a)__(BI_18-100a_135__2025-08-01","(Big) Broadhurst Reef (No 1) (18-100a)","(Big) Broadhurst Reef (No 1) (18-100a)__(BI_18-100a_135","(Big) Broadhurst Reef (No 1) (18-100a)__campaign_1",2,0,0.0266309781508012
"(Big) Broadhurst Reef (No 1) (18-100a)__BBR_18-100a_102__2025-08-02","(Big) Broadhurst Reef (No 1) (18-100a)","(Big) Broadhurst Reef (No 1) (18-100a)__BBR_18-100a_102","(Big) Broadhurst Reef (No 1) (18-100a)__campaign_1",2,0.00476190476190476,0.0358471461704799
"(Big) Broadhurst Reef (No 1) (18-100a)__BBR_18-100a_78__2025-08-01","(Big) Broadhurst Reef (No 1) (18-100a)","(Big) Broadhurst Reef (No 1) (18-100a)__BBR_18-100a_78","(Big) Broadhurst Reef (No 1) (18-100a)__campaign_1",2,0.0111607142857143,0.0283687987497875
"(Big) Broadhurst Reef (No 1) (18-100a)__BBR_18-100a_92__2025-04-09","(Big) Broadhurst Reef (No 1) (18-100a)","(Big) Broadhurst Reef (No 1) (18-100a)__BBR_18-100a_92","(Big) Broadhurst Reef (No 1) (18-100a)__campaign_1",2,0.00235849056603774,0.0407865227393384
"(Big) Broadhurst Reef (No 1) (18-100a)__BBR_18-100a_95__2025-04-09","(Big) Broadhurst Reef (No 1) (18-100a)","(Big) Broadhurst Reef (No 1) (18-100a)__BBR_18-100a_95","(Big) Broadhurst Reef (No 1) (18-100a)__campaign_1",2,0.00625,0.0324693421522776
"(Big) Broadhurst Reef (No 1) (18-100a)__BBR_18-100a_97__2025-08-03","(Big) Broadhurst Reef (No 1) (18-100a)","(Big) Broadhurst Reef (No 1) (18-100a)__BBR_18-100a_97","(Big) Broadhurst Reef (No 1) (18-100a)__campaign_1",2,0,0.0179090831590735
"Davies Reef (18-096)__DAV_18-096_13__2023-06-26","Davies Reef (18-096)","Davies Reef (18-096)__DAV_18-096_13","Davies Reef (18-096)__campaign_6",2,0.112676056338028,0.0496424375005731
"Davies Reef (18-096)__DAV_18-096_14__2023-06-26","Davies Reef (18-096)","Davies Reef (18-096)__DAV_18-096_14","Davies Reef (18-096)__campaign_6",2,0.198473282442748,0.049642504626558
"Davies Reef (18-096)__DAV_18-096_18__2023-03-25","Davies Reef (18-096)","Davies Reef (18-096)__DAV_18-096_18","Davies Reef (18-096)__campaign_6",2,0.118811881188119,0.141176401270498
"Davies Reef (18-096)__DAV_18-096_18__2025-02-09","Davies Reef (18-096)","Davies Reef (18-096)__DAV_18-096_18","Davies Reef (18-096)__campaign_10",2,0.0324737344794651,0.0555676931182657
"Davies Reef (18-096)__DAV_18-096_18__2025-08-10","Davies Reef (18-096)","Davies Reef (18-096)__DAV_18-096_18","Davies Reef (18-096)__campaign_11",2,0.0304878048780488,0.0931760276236185
"Davies Reef (18-096)__DAV_18-096_19__2023-05-22","Davies Reef (18-096)","Davies Reef (18-096)__DAV_18-096_19","Davies Reef (18-096)__campaign_6",2,0.104602510460251,0.0540754046899005
"Davies Reef (18-096)__DAV_18-096_19__2025-02-09","Davies Reef (18-096)","Davies Reef (18-096)__DAV_18-096_19","Davies Reef (18-096)__campaign_10",2,0.0185714285714286,0.0555677849905831
"Davies Reef (18-096)__DAV_18-096_19__2025-08-09","Davies Reef (18-096)","Davies Reef (18-096)__DAV_18-096_19","Davies Reef (18-096)__campaign_11",2,0.0375,0.105091500282288
"Davies Reef (18-096)__DAV_18-096_20__2023-05-25","Davies Reef (18-096)","Davies Reef (18-096)__DAV_18-096_20","Davies Reef (18-096)__campaign_6",2,0.0395480225988701,0.0497925591334111
"Davies Reef (18-096)__DAV_18-096_20__2025-08-08","Davies Reef (18-096)","Davies Reef (18-096)__DAV_18-096_20","Davies Reef (18-096)__campaign_11",2,0.0260180995475113,0.105091457453249
"Davies Reef (18-096)__DAV_18-096_22__2025-08-20","Davies Reef (18-096)","Davies Reef (18-096)__DAV_18-096_22","Davies Reef (18-096)__campaign_11",2,0.0175,0.0601571083068848
"Davies Reef (18-096)__DAV_18-096_23__2025-08-22","Davies Reef (18-096)","Davies Reef (18-096)__DAV_18-096_23","Davies Reef (18-096)__campaign_11",2,0.0173267326732673,0.0557710581486768
"Davies Reef (18-096)__DAV_18-096_24__2025-08-08","Davies Reef (18-096)","Davies Reef (18-096)__DAV_18-096_24","Davies Reef (18-096)__campaign_11",2,0.00940860215053763,0.093885370480117
"Davies Reef (18-096)__DAV_18-096_25__2025-12-10","Davies Reef (18-096)","Davies Reef (18-096)__DAV_18-096_25","Davies Reef (18-096)__campaign_11",2,0.0173913043478261,0.0264648976533309
"Davies Reef (18-096)__DAV_18-096_26__2025-12-10","Davies Reef (18-096)","Davies Reef (18-096)__DAV_18-096_26","Davies Reef (18-096)__campaign_11",2,0.0267857142857143,0.0283687987497875
"Davies Reef (18-096)__DAV_18-096_28__2023-03-25","Davies Reef (18-096)","Davies Reef (18-096)__DAV_18-096_28","Davies Reef (18-096)__campaign_6",2,0.014760147601476,0.0288355236123849
"Davies Reef (18-096)__DAV_18-096_29__2023-04-14","Davies Reef (18-096)","Davies Reef (18-096)__DAV_18-096_29","Davies Reef (18-096)__campaign_6",2,0.12972972972973,0.0601572122659769
"Davies Reef (18-096)__DAV_18-096_31__2023-05-28","Davies Reef (18-096)","Davies Reef (18-096)__DAV_18-096_31","Davies Reef (18-096)__campaign_6",2,0.0376344086021505,0.0538824758222026
"Davies Reef (18-096)__DAV_18-096_32__2025-02-10","Davies Reef (18-096)","Davies Reef (18-096)__DAV_18-096_32","Davies Reef (18-096)__campaign_10",2,0.0296052631578947,0.0496424373827483
"Davies Reef (18-096)__DAV_18-096_33__2025-08-07","Davies Reef (18-096)","Davies Reef (18-096)__DAV_18-096_33","Davies Reef (18-096)__campaign_11",2,0.00632911392405063,0.0992926295799545
"Davies Reef (18-096)__DAV_18-096_37__2025-08-09","Davies Reef (18-096)","Davies Reef (18-096)__DAV_18-096_37","Davies Reef (18-096)__campaign_11",2,0.0175233644859813,0.0938853593630211
"Elford Reef (16-073)__ELF_16-073_4__2022-08-06","Elford Reef (16-073)","Elford Reef (16-073)__ELF_16-073_4","Elford Reef (16-073)__campaign_2",2,0,0.0128575197855632
"Elford Reef (16-073)__ELF_16-073_51__2022-09-07","Elford Reef (16-073)","Elford Reef (16-073)__ELF_16-073_51","Elford Reef (16-073)__campaign_2",2,0,0.0142570829391479
"Elford Reef (16-073)__ELF_16-073_52__2022-08-24","Elford Reef (16-073)","Elford Reef (16-073)__ELF_16-073_52","Elford Reef (16-073)__campaign_2",2,0,0.0128167629241943
"Elford Reef (16-073)__ELF_16-073_9__2022-08-07","Elford Reef (16-073)","Elford Reef (16-073)__ELF_16-073_9","Elford Reef (16-073)__campaign_2",2,0.0043859649122807,0.0281737511618096
"Faith Reef (19-044)__FAI_19-044_13__2023-03-30","Faith Reef (19-044)","Faith Reef (19-044)__FAI_19-044_13","Faith Reef (19-044)__campaign_1",2,0.0276243093922652,0.0752626563084499
"Faith Reef (19-044)__FAI_19-044_14__2023-04-18","Faith Reef (19-044)","Faith Reef (19-044)__FAI_19-044_14","Faith Reef (19-044)__campaign_1",2,0.026530612244898,0.0297321124952667
"John Brewer Reef (18-075)__JOH_18-075_21__2026-01-16","John Brewer Reef (18-075)","John Brewer Reef (18-075)__JOH_18-075_21","John Brewer Reef (18-075)__campaign_1",2,0,0.0543039639790853
"Lizard Island Reef (North West) (14-116a)__LIZ_14-116a_30__2025-10-09","Lizard Island Reef (North West) (14-116a)","Lizard Island Reef (North West) (14-116a)__LIZ_14-116a_30","Lizard Island Reef (North West) (14-116a)__campaign_7",2,0.0275,0.0143092143535614
"Lizard Island Reef (North West) (14-116a)__LIZ_14-116a_31__2024-10-23","Lizard Island Reef (North West) (14-116a)","Lizard Island Reef (North West) (14-116a)__LIZ_14-116a_31","Lizard Island Reef (North West) (14-116a)__campaign_6",2,0.035,0.0581532923380534
"Lizard Island Reef (North West) (14-116a)__LIZ_14-116a_31__2025-12-15","Lizard Island Reef (North West) (14-116a)","Lizard Island Reef (North West) (14-116a)__LIZ_14-116a_31","Lizard Island Reef (North West) (14-116a)__campaign_7",2,0.03,0.0142571089002821
"Lizard Island Reef (North West) (14-116a)__LIZ_14-116a_33__2024-10-23","Lizard Island Reef (North West) (14-116a)","Lizard Island Reef (North West) (14-116a)__LIZ_14-116a_33","Lizard Island Reef (North West) (14-116a)__campaign_6",2,0.00666666666666667,0.0581532923380534
"Lizard Island Reef (North West) (14-116a)__LIZ_14-116a_33__2025-10-11","Lizard Island Reef (North West) (14-116a)","Lizard Island Reef (North West) (14-116a)__LIZ_14-116a_33","Lizard Island Reef (North West) (14-116a)__campaign_7",2,0.00285714285714286,0.0159173515864781
"Lizard Island Reef (North West) (14-116a)__LIZ_14-116a_34__2025-10-11","Lizard Island Reef (North West) (14-116a)","Lizard Island Reef (North West) (14-116a)__LIZ_14-116a_34","Lizard Island Reef (North West) (14-116a)__campaign_7",2,0.00571428571428571,0.0143092632293701
"Lizard Island Reef (North West) (14-116a)__LIZ_14-116a_35__2024-12-03","Lizard Island Reef (North West) (14-116a)","Lizard Island Reef (North West) (14-116a)__LIZ_14-116a_35","Lizard Island Reef (North West) (14-116a)__campaign_6",2,0.01,0.0496424102783203
"Lizard Island Reef (North West) (14-116a)__LIZ_14-116a_35__2026-02-05","Lizard Island Reef (North West) (14-116a)","Lizard Island Reef (North West) (14-116a)__LIZ_14-116a_35","Lizard Island Reef (North West) (14-116a)__campaign_7",2,0.00465116279069767,0.012736822838007
"Lizard Island Reef (North West) (14-116a)__LIZ_14-116a_36__2024-12-03","Lizard Island Reef (North West) (14-116a)","Lizard Island Reef (North West) (14-116a)__LIZ_14-116a_36","Lizard Island Reef (North West) (14-116a)__campaign_6",2,0.0122222222222222,0.0496424102783203
"Lizard Island Reef (North West) (14-116a)__LIZ_14-116a_36__2025-12-14","Lizard Island Reef (North West) (14-116a)","Lizard Island Reef (North West) (14-116a)__LIZ_14-116a_36","Lizard Island Reef (North West) (14-116a)__campaign_7",2,0.02,0.0127368354797363
"Lynchs Reef (18-091)__LYN_18-091_37__2023-06-27","Lynchs Reef (18-091)","Lynchs Reef (18-091)__LYN_18-091_37","Lynchs Reef (18-091)__campaign_1",2,0.0775,0.0207465481758118
"Lynchs Reef (18-091)__LYN_18-091_38__2023-04-15","Lynchs Reef (18-091)","Lynchs Reef (18-091)__LYN_18-091_38","Lynchs Reef (18-091)__campaign_1",2,0.0870870870870871,0.0186846492526767
"Lynchs Reef (18-091)__LYN_18-091_39__2023-04-01","Lynchs Reef (18-091)","Lynchs Reef (18-091)__LYN_18-091_39","Lynchs Reef (18-091)__campaign_1",2,0.14621409921671,0.112387913636688
"Lynchs Reef (18-091)__LYN_18-091_40__2023-04-16","Lynchs Reef (18-091)","Lynchs Reef (18-091)__LYN_18-091_40","Lynchs Reef (18-091)__campaign_1",2,0.0792917628945343,0.0620386183858377
"Lynchs Reef (18-091)__LYN_18-091_41__2023-04-01","Lynchs Reef (18-091)","Lynchs Reef (18-091)__LYN_18-091_41","Lynchs Reef (18-091)__campaign_1",2,0.19916142557652,0.0752625775287236
"Moore Reef (16-071)__MOO_16-071_155__2021-10-05","Moore Reef (16-071)","Moore Reef (16-071)__MOO_16-071_155","Moore Reef (16-071)__campaign_2",2,0.0270833333333333,0.0326188683509827
"Moore Reef (16-071)__MOO_16-071_156__2021-10-05","Moore Reef (16-071)","Moore Reef (16-071)__MOO_16-071_156","Moore Reef (16-071)__campaign_2",2,0.0208333333333333,0.0525016824404399
"Shrimp Reef (18-118)__SHR_18-118_19__2023-03-26","Shrimp Reef (18-118)","Shrimp Reef (18-118)__SHR_18-118_19","Shrimp Reef (18-118)__campaign_1",2,0.00714285714285714,0.0541040011814662
"Thetford Reef (16-068)__THE_16-068_12__2021-10-04","Thetford Reef (16-068)","Thetford Reef (16-068)__THE_16-068_12","Thetford Reef (16-068)__campaign_2",2,0.00892857142857143,0.028725334576198
"Thetford Reef (16-068)__THE_16-068_15__2021-06-29","Thetford Reef (16-068)","Thetford Reef (16-068)__THE_16-068_15","Thetford Reef (16-068)__campaign_2",2,0.003125,0.0266309261322021
"Thetford Reef (16-068)__THE_16-068_27__2021-10-04","Thetford Reef (16-068)","Thetford Reef (16-068)__THE_16-068_27","Thetford Reef (16-068)__campaign_2",2,0.0267857142857143,0.0296237809317453
"U/N Reef (20-386)__U/N_20-386_14__2025-08-20","U/N Reef (20-386)","U/N Reef (20-386)__U/N_20-386_14","U/N Reef (20-386)__campaign_2",2,0.015,0.101033754348755
"U/N Reef (20-386)__U/N_20-386_15__2025-08-21","U/N Reef (20-386)","U/N Reef (20-386)__U/N_20-386_15","U/N Reef (20-386)__campaign_2",2,0.158620689655172,0.101033690880085
"U/N Reef (20-386)__U/N_20-386_17__2025-08-20","U/N Reef (20-386)","U/N Reef (20-386)__U/N_20-386_17","U/N Reef (20-386)__campaign_2",2,0.00446428571428571,0.112387921128954
"U/N Reef (20-386)__U/N_20-386_18__2025-08-21","U/N Reef (20-386)","U/N Reef (20-386)__U/N_20-386_18","U/N Reef (20-386)__campaign_2",2,0.118918918918919,0.1123880678469
"U/N Reef (20-386)__U/N_20-386_19__2025-08-21","U/N Reef (20-386)","U/N Reef (20-386)__U/N_20-386_19","U/N Reef (20-386)__campaign_2",2,0.00851063829787234,0.108979497057326
"U/N Reef (20-386)__U/N_20-386_1__2025-08-20","U/N Reef (20-386)","U/N Reef (20-386)__U/N_20-386_1","U/N Reef (20-386)__campaign_2",2,0.0481481481481481,0.0569824713247794
"U/N Reef (20-386)__U/N_20-386_26__2025-08-19","U/N Reef (20-386)","U/N Reef (20-386)__U/N_20-386_26","U/N Reef (20-386)__campaign_2",2,0.0156862745098039,0.0259223451801375
"U/N Reef (20-386)__U/N_20-386_27__2025-08-19","U/N Reef (20-386)","U/N Reef (20-386)__U/N_20-386_27","U/N Reef (20-386)__campaign_2",2,0.00606060606060606,0.0538622827240915
"U/N Reef (20-386)__U/N_20-386_28__2025-08-20","U/N Reef (20-386)","U/N Reef (20-386)__U/N_20-386_28","U/N Reef (20-386)__campaign_2",2,0.0651162790697674,0.0599152897679529
"U/N Reef (20-386)__U/N_20-386_29__2025-08-20","U/N Reef (20-386)","U/N Reef (20-386)__U/N_20-386_29","U/N Reef (20-386)__campaign_2",2,0.0918032786885246,0.059915204908027
"U/N Reef (20-386)__U/N_20-386_2__2025-08-20","U/N Reef (20-386)","U/N Reef (20-386)__U/N_20-386_2","U/N Reef (20-386)__campaign_2",2,0.088135593220339,0.0538621514530505
"U/N Reef (20-386)__U/N_20-386_30__2025-08-21","U/N Reef (20-386)","U/N Reef (20-386)__U/N_20-386_30","U/N Reef (20-386)__campaign_2",2,0.025,0.0538622498512268
"U/N Reef (20-386)__U/N_20-386_31__2025-08-21","U/N Reef (20-386)","U/N Reef (20-386)__U/N_20-386_31","U/N Reef (20-386)__campaign_2",2,0.0603174603174603,0.0599151792980376
"U/N Reef (20-386)__U/N_20-386_36__2025-08-20","U/N Reef (20-386)","U/N Reef (20-386)__U/N_20-386_36","U/N Reef (20-386)__campaign_2",2,0.0352422907488987,0.0274240329927285
"U/N Reef (20-386)__U/N_20-386_4__2026-02-18","U/N Reef (20-386)","U/N Reef (20-386)__U/N_20-386_4","U/N Reef (20-386)__campaign_2",2,0,0.033951794017445
"U/N Reef (20-386)__U/N_20-386_5__2026-02-18","U/N Reef (20-386)","U/N Reef (20-386)__U/N_20-386_5","U/N Reef (20-386)__campaign_2",2,0.00434782608695652,0.0332998358685037
"U/N Reef (21-466)__U/N_21-466_10__2025-05-07","U/N Reef (21-466)","U/N Reef (21-466)__U/N_21-466_10","U/N Reef (21-466)__campaign_1",2,0,0.0148902992869532
"U/N Reef (21-466)__U/N_21-466_12__2025-05-06","U/N Reef (21-466)","U/N Reef (21-466)__U/N_21-466_12","U/N Reef (21-466)__campaign_1",2,0,0.0161468092217503
"U/N Reef (21-466)__U/N_21-466_14__2025-05-06","U/N Reef (21-466)","U/N Reef (21-466)__U/N_21-466_14","U/N Reef (21-466)__campaign_1",2,0.00170357751277683,0.0160946870378173
"U/N Reef (21-466)__U/N_21-466_1__2025-05-08","U/N Reef (21-466)","U/N Reef (21-466)__U/N_21-466_1","U/N Reef (21-466)__campaign_1",2,0,0.0179614311040834
"U/N Reef (21-466)__U/N_21-466_2__2025-05-06","U/N Reef (21-466)","U/N Reef (21-466)__U/N_21-466_2","U/N Reef (21-466)__campaign_1",2,0,0.0136696446148646
"U/N Reef (21-466)__U/N_21-466_42__2025-05-07","U/N Reef (21-466)","U/N Reef (21-466)__U/N_21-466_42","U/N Reef (21-466)__campaign_1",2,0.00366300366300366,0.0148371846684606
"U/N Reef (21-466)__U/N_21-466_43__2025-05-07","U/N Reef (21-466)","U/N Reef (21-466)__U/N_21-466_43","U/N Reef (21-466)__campaign_1",2,0,0.0136696092375032
"U/N Reef (21-466)__U/N_21-466_44__2025-05-08","U/N Reef (21-466)","U/N Reef (21-466)__U/N_21-466_44","U/N Reef (21-466)__campaign_1",2,0,0.0225623044100675
"U/N Reef (21-466)__U/N_21-466_45__2025-05-07","U/N Reef (21-466)","U/N Reef (21-466)__U/N_21-466_45","U/N Reef (21-466)__campaign_1",2,0.00588235294117647,0.0179614254072601
"U/N Reef (21-466)__U/N_21-466_46__2025-04-12","U/N Reef (21-466)","U/N Reef (21-466)__U/N_21-466_46","U/N Reef (21-466)__campaign_1",2,0,0.0274240573247274
"U/N Reef (21-466)__U/N_21-466_4__2025-05-08","U/N Reef (21-466)","U/N Reef (21-466)__U/N_21-466_4","U/N Reef (21-466)__campaign_1",2,0,0.0137554190566721
"U/N Reef (21-466)__U/N_21-466_7__2025-04-12","U/N Reef (21-466)","U/N Reef (21-466)__U/N_21-466_7","U/N Reef (21-466)__campaign_1",2,0,0.025922351802161
"U/N Reef (21-466)__U/N_21-466_8__2025-05-08","U/N Reef (21-466)","U/N Reef (21-466)__U/N_21-466_8","U/N Reef (21-466)__campaign_1",2,0,0.0160461337296004
"U/N Reef (21-466)__U/N_21-466_9__2025-05-08","U/N Reef (21-466)","U/N Reef (21-466)__U/N_21-466_9","U/N Reef (21-466)__campaign_1",2,0,0.0160461678969122
"Vicki Harriott Reef (15-070)__VIC_15-070_12__2026-02-02","Vicki Harriott Reef (15-070)","Vicki Harriott Reef (15-070)__VIC_15-070_12","Vicki Harriott Reef (15-070)__campaign_1",2,0.0357142857142857,0.0423801475101047
"Vicki Harriott Reef (15-070)__VIC_15-070_13__2026-02-01","Vicki Harriott Reef (15-070)","Vicki Harriott Reef (15-070)__VIC_15-070_13","Vicki Harriott Reef (15-070)__campaign_1",2,0.040983606557377,0.0505913398304924
"Vicki Harriott Reef (15-070)__VIC_15-070_14__2026-02-02","Vicki Harriott Reef (15-070)","Vicki Harriott Reef (15-070)__VIC_15-070_14","Vicki Harriott Reef (15-070)__campaign_1",2,0.0489130434782609,0.0422135617422021
"Vicki Harriott Reef (15-070)__VIC_15-070_15__2026-02-01","Vicki Harriott Reef (15-070)","Vicki Harriott Reef (15-070)__VIC_15-070_15","Vicki Harriott Reef (15-070)__campaign_1",2,0.041025641025641,0.045196645687788
"Vicki Harriott Reef (15-070)__VIC_15-070_16__2026-02-01","Vicki Harriott Reef (15-070)","Vicki Harriott Reef (15-070)__VIC_15-070_16","Vicki Harriott Reef (15-070)__campaign_1",2,0.0476190476190476,0.0454801105317615
"Vicki Harriott Reef (15-070)__VIC_15-070_19__2026-02-15","Vicki Harriott Reef (15-070)","Vicki Harriott Reef (15-070)__VIC_15-070_19","Vicki Harriott Reef (15-070)__campaign_1",2,0.0234042553191489,0.0271819013230344
"Vicki Harriott Reef (15-070)__VIC_15-070_1__2026-04-29","Vicki Harriott Reef (15-070)","Vicki Harriott Reef (15-070)__VIC_15-070_1","Vicki Harriott Reef (15-070)__campaign_1",2,0.0369393139841689,0.0265449307524749
"Vicki Harriott Reef (15-070)__VIC_15-070_22__2026-02-15","Vicki Harriott Reef (15-070)","Vicki Harriott Reef (15-070)__VIC_15-070_22","Vicki Harriott Reef (15-070)__campaign_1",2,0.00628930817610063,0.0297321013684543
"Vicki Harriott Reef (15-070)__VIC_15-070_23__2026-01-31","Vicki Harriott Reef (15-070)","Vicki Harriott Reef (15-070)__VIC_15-070_23","Vicki Harriott Reef (15-070)__campaign_1",2,0.0407407407407407,0.0941689173380534
"Vicki Harriott Reef (15-070)__VIC_15-070_24__2026-01-31","Vicki Harriott Reef (15-070)","Vicki Harriott Reef (15-070)__VIC_15-070_24","Vicki Harriott Reef (15-070)__campaign_1",2,0.0285714285714286,0.0944740658714658
"Vicki Harriott Reef (15-070)__VIC_15-070_29__2026-02-01","Vicki Harriott Reef (15-070)","Vicki Harriott Reef (15-070)__VIC_15-070_29","Vicki Harriott Reef (15-070)__campaign_1",2,0.0416666666666667,0.0560253461201986
"Vicki Harriott Reef (15-070)__VIC_15-070_2__2026-02-20","Vicki Harriott Reef (15-070)","Vicki Harriott Reef (15-070)__VIC_15-070_2","Vicki Harriott Reef (15-070)__campaign_1",2,0.0166666666666667,0.0317933903800117
"Vicki Harriott Reef (15-070)__VIC_15-070_30__2026-02-02","Vicki Harriott Reef (15-070)","Vicki Harriott Reef (15-070)__VIC_15-070_30","Vicki Harriott Reef (15-070)__campaign_1",2,0.00641025641025641,0.0903498087173853
"Vicki Harriott Reef (15-070)__VIC_15-070_31__2026-02-02","Vicki Harriott Reef (15-070)","Vicki Harriott Reef (15-070)__VIC_15-070_31","Vicki Harriott Reef (15-070)__campaign_1",2,0.0166666666666667,0.0481666035122342
"Vicki Harriott Reef (15-070)__VIC_15-070_4__2026-01-31","Vicki Harriott Reef (15-070)","Vicki Harriott Reef (15-070)__VIC_15-070_4","Vicki Harriott Reef (15-070)__campaign_1",2,0.0223880597014925,0.0500511055562034
"Vicki Harriott Reef (15-070)__VIC_15-070_5__2026-01-31","Vicki Harriott Reef (15-070)","Vicki Harriott Reef (15-070)__VIC_15-070_5","Vicki Harriott Reef (15-070)__campaign_1",2,0.0974576271186441,0.0500511476549052
"Vicki Harriott Reef (15-070)__VIC_15-070_6__2026-02-01","Vicki Harriott Reef (15-070)","Vicki Harriott Reef (15-070)__VIC_15-070_6","Vicki Harriott Reef (15-070)__campaign_1",2,0.075,0.0694519996643066
"Vicki Harriott Reef (15-070)__VIC_15-070_7__2026-02-01","Vicki Harriott Reef (15-070)","Vicki Harriott Reef (15-070)__VIC_15-070_7","Vicki Harriott Reef (15-070)__campaign_1",2,0.080188679245283,0.0503651960840765
"Vicki Harriott Reef (15-070)__ViC_15-070_32__2026-04-29","Vicki Harriott Reef (15-070)","Vicki Harriott Reef (15-070)__ViC_15-070_32","Vicki Harriott Reef (15-070)__campaign_1",2,0.0175,0.0499538898468018
"Banfield Reef (North) (18-105a)__BAN_18-105a_10__2025-04-24","Banfield Reef (North) (18-105a)","Banfield Reef (North) (18-105a)__BAN_18-105a_10","Banfield Reef (North) (18-105a)__campaign_2",3,0.0569767441860465,0.0170131006906199
"Banfield Reef (North) (18-105a)__BAN_18-105a_10__2025-08-04","Banfield Reef (North) (18-105a)","Banfield Reef (North) (18-105a)__BAN_18-105a_10","Banfield Reef (North) (18-105a)__campaign_3",3,0.122727272727273,0.111253599687056
"Banfield Reef (North) (18-105a)__BAN_18-105a_15__2025-08-19","Banfield Reef (North) (18-105a)","Banfield Reef (North) (18-105a)__BAN_18-105a_15","Banfield Reef (North) (18-105a)__campaign_3",3,0.0403225806451613,0.050110770810035
"Banfield Reef (North) (18-105a)__BAN_18-105a_1__2025-04-03","Banfield Reef (North) (18-105a)","Banfield Reef (North) (18-105a)__BAN_18-105a_1","Banfield Reef (North) (18-105a)__campaign_2",3,0.045343137254902,0.0261513158386829
"Banfield Reef (North) (18-105a)__BAN_18-105a_1__2025-08-19","Banfield Reef (North) (18-105a)","Banfield Reef (North) (18-105a)__BAN_18-105a_1","Banfield Reef (North) (18-105a)__campaign_3",3,0.0521739130434783,0.072652004076087
"Banfield Reef (North) (18-105a)__BAN_18-105a_2__2025-08-06","Banfield Reef (North) (18-105a)","Banfield Reef (North) (18-105a)__BAN_18-105a_2","Banfield Reef (North) (18-105a)__campaign_3",3,0.132394366197183,0.0748336362167143
"Banfield Reef (North) (18-105a)__BAN_18-105a_3__2025-04-03","Banfield Reef (North) (18-105a)","Banfield Reef (North) (18-105a)__BAN_18-105a_3","Banfield Reef (North) (18-105a)__campaign_2",3,0.0815217391304348,0.0266980730968973
"Banfield Reef (North) (18-105a)__BAN_18-105a_3__2025-08-04","Banfield Reef (North) (18-105a)","Banfield Reef (North) (18-105a)__BAN_18-105a_3","Banfield Reef (North) (18-105a)__campaign_3",3,0.134615384615385,0.0765106926136966
"Banfield Reef (North) (18-105a)__BAN_18-105a_4__2025-10-27","Banfield Reef (North) (18-105a)","Banfield Reef (North) (18-105a)__BAN_18-105a_4","Banfield Reef (North) (18-105a)__campaign_3",3,0.0707547169811321,0.0457301184816181
"Banfield Reef (North) (18-105a)__BAN_18-105a_5__2025-10-27","Banfield Reef (North) (18-105a)","Banfield Reef (North) (18-105a)__BAN_18-105a_5","Banfield Reef (North) (18-105a)__campaign_3",3,0.21304347826087,0.0458647396253503
"Banfield Reef (North) (18-105a)__BAN_18-105a_7__2025-10-12","Banfield Reef (North) (18-105a)","Banfield Reef (North) (18-105a)__BAN_18-105a_7","Banfield Reef (North) (18-105a)__campaign_3",3,0.10519801980198,0.066496216424621
"Banfield Reef (North) (18-105a)__BAN_18-105a_8__2025-04-02","Banfield Reef (North) (18-105a)","Banfield Reef (North) (18-105a)__BAN_18-105a_8","Banfield Reef (North) (18-105a)__campaign_2",3,0.152838427947598,0.0753941348546457
"Banfield Reef (North) (18-105a)__BAN_18-105a_8__2025-08-06","Banfield Reef (North) (18-105a)","Banfield Reef (North) (18-105a)__BAN_18-105a_8","Banfield Reef (North) (18-105a)__campaign_3",3,0.216494845360825,0.108496429993934
"Bowden Reef (19-019)__BOW_19-019_15__2025-09-24","Bowden Reef (19-019)","Bowden Reef (19-019)__BOW_19-019_15","Bowden Reef (19-019)__campaign_6",3,0.0181818181818182,0.030821173841303
"Bowden Reef (19-019)__BOW_19-019_18__2025-09-13","Bowden Reef (19-019)","Bowden Reef (19-019)__BOW_19-019_18","Bowden Reef (19-019)__campaign_6",3,0.00510204081632653,0.0311888723957295
"Bowden Reef (19-019)__BOW_19-019_19__2025-09-14","Bowden Reef (19-019)","Bowden Reef (19-019)__BOW_19-019_19","Bowden Reef (19-019)__campaign_6",3,0.0583333333333333,0.0309869329134623
"Bowden Reef (19-019)__BOW_19-019_20__2025-09-14","Bowden Reef (19-019)","Bowden Reef (19-019)__BOW_19-019_20","Bowden Reef (19-019)__campaign_6",3,0.0729166666666667,0.0317036211490631
"Bowden Reef (19-019)__BOW_19-019_21__2025-09-25","Bowden Reef (19-019)","Bowden Reef (19-019)__BOW_19-019_21","Bowden Reef (19-019)__campaign_6",3,0.00635593220338983,0.0325997279862226
"Bowden Reef (19-019)__BOW_19-019_25__2025-12-06","Bowden Reef (19-019)","Bowden Reef (19-019)__BOW_19-019_25","Bowden Reef (19-019)__campaign_6",3,0.00454545454545455,0.0327804370359941
"Bowden Reef (19-019)__BOW_19-019_28__2025-09-25","Bowden Reef (19-019)","Bowden Reef (19-019)__BOW_19-019_28","Bowden Reef (19-019)__campaign_6",3,0.00515463917525773,0.0329725250755389
"Bowden Reef (19-019)__BOW_19-019_29__2025-09-25","Bowden Reef (19-019)","Bowden Reef (19-019)__BOW_19-019_29","Bowden Reef (19-019)__campaign_6",3,0.00625,0.0328756968180339
"Bowden Reef (19-019)__BOW_19-019_30__2025-09-16","Bowden Reef (19-019)","Bowden Reef (19-019)__BOW_19-019_30","Bowden Reef (19-019)__campaign_6",3,0.0144230769230769,0.0324709094487704
"Bowden Reef (19-019)__BOW_19-019_31__2025-09-16","Bowden Reef (19-019)","Bowden Reef (19-019)__BOW_19-019_31","Bowden Reef (19-019)__campaign_6",3,0.00625,0.0324709216753642
"Bowden Reef (19-019)__BOW_19-019_41__2025-10-15","Bowden Reef (19-019)","Bowden Reef (19-019)__BOW_19-019_41","Bowden Reef (19-019)__campaign_6",3,0.00735294117647059,0.0308211574367448
"Bowden Reef (19-019)__BOW_19-019_42__2025-09-25","Bowden Reef (19-019)","Bowden Reef (19-019)__BOW_19-019_42","Bowden Reef (19-019)__campaign_6",3,0,0.0308211882909139
"Bowden Reef (19-019)__BOW_19-019_43__2025-10-15","Bowden Reef (19-019)","Bowden Reef (19-019)__BOW_19-019_43","Bowden Reef (19-019)__campaign_6",3,0,0.0308211792347043
"Bowden Reef (19-019)__BOW_19-019_45__2025-10-15","Bowden Reef (19-019)","Bowden Reef (19-019)__BOW_19-019_45","Bowden Reef (19-019)__campaign_6",3,0.010958904109589,0.0308211783840232
"Bowden Reef (19-019)__BOW_19-019_56__2025-12-06","Bowden Reef (19-019)","Bowden Reef (19-019)__BOW_19-019_56","Bowden Reef (19-019)__campaign_6",3,0,0.0306417481465773
"Bowden Reef (19-019)__BOW_19-019_65__2025-12-06","Bowden Reef (19-019)","Bowden Reef (19-019)__BOW_19-019_65","Bowden Reef (19-019)__campaign_6",3,0,0.0306415756543477
"Bowden Reef (19-019)__BOW_19-019_73__2025-12-06","Bowden Reef (19-019)","Bowden Reef (19-019)__BOW_19-019_73","Bowden Reef (19-019)__campaign_6",3,0.0350877192982456,0.0309969416835852
"Bowden Reef (19-019)__BOW_19-019_83__2025-10-16","Bowden Reef (19-019)","Bowden Reef (19-019)__BOW_19-019_83","Bowden Reef (19-019)__campaign_6",3,0.00396825396825397,0.0314656401437426
"Davies Reef (18-096)__DAV_18-096_16__2021-05-31","Davies Reef (18-096)","Davies Reef (18-096)__DAV_18-096_16","Davies Reef (18-096)__campaign_3",3,0.0648769574944072,0.0490844564416531
"Davies Reef (18-096)__DAV_18-096_17__2021-05-30","Davies Reef (18-096)","Davies Reef (18-096)__DAV_18-096_17","Davies Reef (18-096)__campaign_3",3,0.102083333333333,0.0492343902587891
"Davies Reef (18-096)__DAV_18-096_18__2021-05-30","Davies Reef (18-096)","Davies Reef (18-096)__DAV_18-096_18","Davies Reef (18-096)__campaign_3",3,0.425,0.0501107255617778
"Davies Reef (18-096)__DAV_18-096_19__2021-08-23","Davies Reef (18-096)","Davies Reef (18-096)__DAV_18-096_19","Davies Reef (18-096)__campaign_3",3,0.122222222222222,0.0458647749159071
"Davies Reef (18-096)__DAV_18-096_29__2021-06-28","Davies Reef (18-096)","Davies Reef (18-096)__DAV_18-096_29","Davies Reef (18-096)__campaign_3",3,0.325471698113208,0.0676284286211122
"Davies Reef (18-096)__DAV_18-096_32__2021-05-31","Davies Reef (18-096)","Davies Reef (18-096)__DAV_18-096_32","Davies Reef (18-096)__campaign_3",3,0.118161925601751,0.0490844317546819
"Eyrie Reef (14-118)__EYR_14-118_11__2022-11-09","Eyrie Reef (14-118)","Eyrie Reef (14-118)__EYR_14-118_11","Eyrie Reef (14-118)__campaign_2",3,0.00256410256410256,0.0216784844031701
"Eyrie Reef (14-118)__EYR_14-118_14__2022-11-08","Eyrie Reef (14-118)","Eyrie Reef (14-118)__EYR_14-118_14","Eyrie Reef (14-118)__campaign_2",3,0,0.016236027804288
"Eyrie Reef (14-118)__EYR_14-118_16__2022-11-08","Eyrie Reef (14-118)","Eyrie Reef (14-118)__EYR_14-118_16","Eyrie Reef (14-118)__campaign_2",3,0.0012987012987013,0.016236027804288
"Eyrie Reef (14-118)__EYR_14-118_17__2022-11-15","Eyrie Reef (14-118)","Eyrie Reef (14-118)__EYR_14-118_17","Eyrie Reef (14-118)__campaign_2",3,0.0458333333333333,0.0318548222382863
"Eyrie Reef (14-118)__EYR_14-118_18__2022-11-16","Eyrie Reef (14-118)","Eyrie Reef (14-118)__EYR_14-118_18","Eyrie Reef (14-118)__campaign_2",3,0.00657894736842105,0.0308211125825581
"Eyrie Reef (14-118)__EYR_14-118_19__2022-11-16","Eyrie Reef (14-118)","Eyrie Reef (14-118)__EYR_14-118_19","Eyrie Reef (14-118)__campaign_2",3,0.00657894736842105,0.0309152778826262
"Eyrie Reef (14-118)__EYR_14-118_20__2022-10-15","Eyrie Reef (14-118)","Eyrie Reef (14-118)__EYR_14-118_20","Eyrie Reef (14-118)__campaign_2",3,0.0666666666666667,0.0314656441671806
"Eyrie Reef (14-118)__EYR_14-118_21__2022-11-17","Eyrie Reef (14-118)","Eyrie Reef (14-118)__EYR_14-118_21","Eyrie Reef (14-118)__campaign_2",3,0.0151162790697674,0.0314655725346055
"Eyrie Reef (14-118)__EYR_14-118_27__2022-12-03","Eyrie Reef (14-118)","Eyrie Reef (14-118)__EYR_14-118_27","Eyrie Reef (14-118)__campaign_2",3,0,0.0159360444545746
"Eyrie Reef (14-118)__EYR_14-118_28__2022-12-03","Eyrie Reef (14-118)","Eyrie Reef (14-118)__EYR_14-118_28","Eyrie Reef (14-118)__campaign_2",3,0.00125,0.0165755152702332
"Eyrie Reef (14-118)__EYR_14-118_30__2022-11-04","Eyrie Reef (14-118)","Eyrie Reef (14-118)__EYR_14-118_30","Eyrie Reef (14-118)__campaign_2",3,0,0.0164243171612422
"Eyrie Reef (14-118)__EYR_14-118_31__2022-11-07","Eyrie Reef (14-118)","Eyrie Reef (14-118)__EYR_14-118_31","Eyrie Reef (14-118)__campaign_2",3,0,0.0162360255703604
"Eyrie Reef (14-118)__EYR_14-118_6__2022-11-12","Eyrie Reef (14-118)","Eyrie Reef (14-118)__EYR_14-118_6","Eyrie Reef (14-118)__campaign_2",3,0.0206896551724138,0.020962467412839
"Eyrie Reef (14-118)__EYR_14-118_7__2022-11-12","Eyrie Reef (14-118)","Eyrie Reef (14-118)__EYR_14-118_7","Eyrie Reef (14-118)__campaign_2",3,0.0310344827586207,0.020962467412839
"Eyrie Reef (14-118)__EYR_14-118_8__2022-11-13","Eyrie Reef (14-118)","Eyrie Reef (14-118)__EYR_14-118_8","Eyrie Reef (14-118)__campaign_2",3,0.0296296296296296,0.0349463144938151
"Green Island Reef (16-049)__GRE_16-049_19__2021-10-04","Green Island Reef (16-049)","Green Island Reef (16-049)__GRE_16-049_19","Green Island Reef (16-049)__campaign_1",3,0.0678571428571429,0.0312822273799351
"Green Island Reef (16-049)__GRE_16-049_1__2021-10-04","Green Island Reef (16-049)","Green Island Reef (16-049)__GRE_16-049_1","Green Island Reef (16-049)__campaign_1",3,0.00714285714285714,0.012922716992242
"Green Island Reef (16-049)__GRE_16-049_21__2023-07-12","Green Island Reef (16-049)","Green Island Reef (16-049)__GRE_16-049_21","Green Island Reef (16-049)__campaign_3",3,0.001875,0.0352872204780579
"Green Island Reef (16-049)__GRE_16-049_2__2023-08-28","Green Island Reef (16-049)","Green Island Reef (16-049)__GRE_16-049_2","Green Island Reef (16-049)__campaign_3",3,0.0142857142857143,0.0328756196158273
"Green Island Reef (16-049)__GRE_16-049_3__2023-08-28","Green Island Reef (16-049)","Green Island Reef (16-049)__GRE_16-049_3","Green Island Reef (16-049)__campaign_3",3,0.00857142857142857,0.0328756196158273
"Lizard Island Reef (Lagoon) (14-116d)__LIZ_14-116d_21__2019-09-19","Lizard Island Reef (Lagoon) (14-116d)","Lizard Island Reef (Lagoon) (14-116d)__LIZ_14-116d_21","Lizard Island Reef (Lagoon) (14-116d)__campaign_1",3,0.003125,0.0131385162472725
"Lizard Island Reef (Lagoon) (14-116d)__LIZ_14-116d_24__2019-09-23","Lizard Island Reef (Lagoon) (14-116d)","Lizard Island Reef (Lagoon) (14-116d)__LIZ_14-116d_24","Lizard Island Reef (Lagoon) (14-116d)__campaign_1",3,0,0.0287537169456482
"Lizard Island Reef (Lagoon) (14-116d)__LIZ_14-116d_25__2019-09-22","Lizard Island Reef (Lagoon) (14-116d)","Lizard Island Reef (Lagoon) (14-116d)__LIZ_14-116d_25","Lizard Island Reef (Lagoon) (14-116d)__campaign_1",3,0.00625,0.0287537574768066
"Lizard Island Reef (Lagoon) (14-116d)__LIZ_14-116d_28__2019-09-22","Lizard Island Reef (Lagoon) (14-116d)","Lizard Island Reef (Lagoon) (14-116d)__LIZ_14-116d_28","Lizard Island Reef (Lagoon) (14-116d)__campaign_1",3,0.009375,0.0134132653474808
"Lizard Island Reef (North East) (14-116b)__LIZ_14-116b_3__2019-09-19","Lizard Island Reef (North East) (14-116b)","Lizard Island Reef (North East) (14-116b)__LIZ_14-116b_3","Lizard Island Reef (North East) (14-116b)__campaign_1",3,0.0015625,0.0141491398215294
"Moore Reef (16-071)__MOO_16-071_112__2021-02-06","Moore Reef (16-071)","Moore Reef (16-071)__MOO_16-071_112","Moore Reef (16-071)__campaign_1",3,0.00535714285714286,0.0163623486246381
"Moore Reef (16-071)__MOO_16-071_112__2022-06-01","Moore Reef (16-071)","Moore Reef (16-071)__MOO_16-071_112","Moore Reef (16-071)__campaign_3",3,0,0.035919246673584
"Moore Reef (16-071)__MOO_16-071_113__2021-02-05","Moore Reef (16-071)","Moore Reef (16-071)__MOO_16-071_113","Moore Reef (16-071)__campaign_1",3,0.00178571428571429,0.017306535584586
"Moore Reef (16-071)__MOO_16-071_133__2021-02-17","Moore Reef (16-071)","Moore Reef (16-071)__MOO_16-071_133","Moore Reef (16-071)__campaign_1",3,0.028125,0.0383027106523514
"Moore Reef (16-071)__MOO_16-071_134__2021-02-18","Moore Reef (16-071)","Moore Reef (16-071)__MOO_16-071_134","Moore Reef (16-071)__campaign_1",3,0.059375,0.0556959509849548
"Moore Reef (16-071)__MOO_16-071_136__2021-02-18","Moore Reef (16-071)","Moore Reef (16-071)__MOO_16-071_136","Moore Reef (16-071)__campaign_1",3,0.0265625,0.037628760933876
"Moore Reef (16-071)__MOO_16-071_137__2021-02-19","Moore Reef (16-071)","Moore Reef (16-071)__MOO_16-071_137","Moore Reef (16-071)__campaign_1",3,0.0285714285714286,0.0376287630626133
"Moore Reef (16-071)__MOO_16-071_146__2021-02-19","Moore Reef (16-071)","Moore Reef (16-071)__MOO_16-071_146","Moore Reef (16-071)__campaign_1",3,0.0232142857142857,0.01917519228799
"Moore Reef (16-071)__MOO_16-071_147__2020-09-21","Moore Reef (16-071)","Moore Reef (16-071)__MOO_16-071_147","Moore Reef (16-071)__campaign_1",3,0.0274223034734918,0.0180368754719903
"Moore Reef (16-071)__MOO_16-071_147__2022-06-01","Moore Reef (16-071)","Moore Reef (16-071)__MOO_16-071_147","Moore Reef (16-071)__campaign_3",3,0,0.0522301578521729
"Moore Reef (16-071)__MOO_16-071_148__2020-09-20","Moore Reef (16-071)","Moore Reef (16-071)__MOO_16-071_148","Moore Reef (16-071)__campaign_1",3,0.0321361058601134,0.0353949714473155
"Moore Reef (16-071)__MOO_16-071_154__2020-09-20","Moore Reef (16-071)","Moore Reef (16-071)__MOO_16-071_154","Moore Reef (16-071)__campaign_1",3,0.0317757009345794,0.0352871618538259
"Moore Reef (16-071)__MOO_16-071_156__2020-09-21","Moore Reef (16-071)","Moore Reef (16-071)__MOO_16-071_156","Moore Reef (16-071)__campaign_1",3,0.0150093808630394,0.0179819336080641
"Moore Reef (16-071)__MOO_16-071_157__2021-02-07","Moore Reef (16-071)","Moore Reef (16-071)__MOO_16-071_157","Moore Reef (16-071)__campaign_1",3,0,0.0163623486246381
"Moore Reef (16-071)__MOO_16-071_160__2021-02-16","Moore Reef (16-071)","Moore Reef (16-071)__MOO_16-071_160","Moore Reef (16-071)__campaign_1",3,0.0078125,0.0380651205778122
"Thetford Reef (16-068)__THE_16-068_13__2022-09-21","Thetford Reef (16-068)","Thetford Reef (16-068)__THE_16-068_13","Thetford Reef (16-068)__campaign_3",3,0.005,0.0160778617858887
"Thetford Reef (16-068)__THE_16-068_14__2022-08-14","Thetford Reef (16-068)","Thetford Reef (16-068)__THE_16-068_14","Thetford Reef (16-068)__campaign_3",3,0.0075,0.0161720418930054
"Thetford Reef (16-068)__THE_16-068_15__2022-08-13","Thetford Reef (16-068)","Thetford Reef (16-068)__THE_16-068_15","Thetford Reef (16-068)__campaign_3",3,0.0022271714922049,0.0159360263289216
"Thetford Reef (16-068)__THE_16-068_16__2022-08-12","Thetford Reef (16-068)","Thetford Reef (16-068)__THE_16-068_16","Thetford Reef (16-068)__campaign_3",3,0.00378787878787879,0.0159360220938018
"Thetford Reef (16-068)__THE_16-068_17__2022-08-11","Thetford Reef (16-068)","Thetford Reef (16-068)__THE_16-068_17","Thetford Reef (16-068)__campaign_3",3,0.00223880597014925,0.013068330110009
"Thetford Reef (16-068)__THE_16-068_27__2022-09-21","Thetford Reef (16-068)","Thetford Reef (16-068)__THE_16-068_27","Thetford Reef (16-068)__campaign_3",3,0.0131578947368421,0.0161251933951127
"Tongue Reef (16-026)__TON_16-026_36__2021-07-25","Tongue Reef (16-026)","Tongue Reef (16-026)__TON_16-026_36","Tongue Reef (16-026)__campaign_1",3,0.11304347826087,0.0450626580611519
"Tongue Reef (16-026)__TON_16-026_37__2021-07-25","Tongue Reef (16-026)","Tongue Reef (16-026)__TON_16-026_37","Tongue Reef (16-026)__campaign_1",3,0.0804347826086956,0.0458647396253503
"Tongue Reef (16-026)__TON_16-026_43__2021-07-21","Tongue Reef (16-026)","Tongue Reef (16-026)__TON_16-026_43","Tongue Reef (16-026)__campaign_1",3,0.0107142857142857,0.0129580412592207
"Tongue Reef (16-026)__TON_16-026_44__2021-07-21","Tongue Reef (16-026)","Tongue Reef (16-026)__TON_16-026_44","Tongue Reef (16-026)__campaign_1",3,0.00892857142857143,0.0309153114046369
"U/N Reef (15-043)__U/N_15-043_17__2026-03-01","U/N Reef (15-043)","U/N Reef (15-043)__U/N_15-043_17","U/N Reef (15-043)__campaign_1",3,0,0.0331175824006399
"U/N Reef (21-069)__UN_21-069_3__2025-03-28","U/N Reef (21-069)","U/N Reef (21-069)__UN_21-069_3","U/N Reef (21-069)__campaign_1",3,0,0.0132596645599756
"U/N Reef (21-069)__UN_21-069_6__2025-03-28","U/N Reef (21-069)","U/N Reef (21-069)__UN_21-069_6","U/N Reef (21-069)__campaign_1",3,0,0.0132596412530312
"U/N Reef (21-069)__UN_21-069_8__2025-03-28","U/N Reef (21-069)","U/N Reef (21-069)__UN_21-069_8","U/N Reef (21-069)__campaign_1",3,0,0.0192241640978081
"U/N Reef (21-250a)__U/N_21-250a_11__2025-12-11","U/N Reef (21-250a)","U/N Reef (21-250a)__U/N_21-250a_11","U/N Reef (21-250a)__campaign_1",3,0.025,0.0461114962895711
"U/N Reef (21-250a)__U/N_21-250a_20__2025-12-11","U/N Reef (21-250a)","U/N Reef (21-250a)__U/N_21-250a_20","U/N Reef (21-250a)__campaign_1",3,0.0212765957446809,0.0310816622794943
"U/N Reef (21-250a)__U/N_21-250a_21__2025-12-11","U/N Reef (21-250a)","U/N Reef (21-250a)__U/N_21-250a_21","U/N Reef (21-250a)__campaign_1",3,0.0114503816793893,0.0316348585463662
"U/N Reef (21-250a)__U/N_21-250a_5__2025-12-11","U/N Reef (21-250a)","U/N Reef (21-250a)__U/N_21-250a_5","U/N Reef (21-250a)__campaign_1",3,0.0464285714285714,0.0458651168005807
"U/N Reef (21-250a)__U/N_21-250a_6__2025-12-10","U/N Reef (21-250a)","U/N Reef (21-250a)__U/N_21-250a_6","U/N Reef (21-250a)__campaign_1",3,0,0.0318410910812079
"U/N Reef (21-250a)__U/N_21-250a_7__2025-12-10","U/N Reef (21-250a)","U/N Reef (21-250a)__U/N_21-250a_7","U/N Reef (21-250a)__campaign_1",3,0.0235294117647059,0.0456004423253676
"U/N Reef (21-250a)__U/N_21-250a_8__2025-12-10","U/N Reef (21-250a)","U/N Reef (21-250a)__U/N_21-250a_8","U/N Reef (21-250a)__campaign_1",3,0.0133333333333333,0.0462758170233832
"U/N Reef (21-250a)__U/N_21-250a_9__2025-12-10","U/N Reef (21-250a)","U/N Reef (21-250a)__U/N_21-250a_9","U/N Reef (21-250a)__campaign_1",3,0.0163265306122449,0.0462758083732761
"Banfield Reef (North) (18-105a)__BAN_18-105a_10__2023-04-17","Banfield Reef (North) (18-105a)","Banfield Reef (North) (18-105a)__BAN_18-105a_10","Banfield Reef (North) (18-105a)__campaign_1",4,0.0924956369982548,0.0638994679609102
"Banfield Reef (North) (18-105a)__BAN_18-105a_1__2023-03-31","Banfield Reef (North) (18-105a)","Banfield Reef (North) (18-105a)__BAN_18-105a_1","Banfield Reef (North) (18-105a)__campaign_1",4,0.169838945827233,0.110850176385346
"Banfield Reef (North) (18-105a)__BAN_18-105a_2__2023-06-23","Banfield Reef (North) (18-105a)","Banfield Reef (North) (18-105a)__BAN_18-105a_2","Banfield Reef (North) (18-105a)__campaign_1",4,0.131578947368421,0.0440877738751863
"Banfield Reef (North) (18-105a)__BAN_18-105a_3__2023-08-14","Banfield Reef (North) (18-105a)","Banfield Reef (North) (18-105a)__BAN_18-105a_3","Banfield Reef (North) (18-105a)__campaign_1",4,0.0398009950248756,0.0202273515919548
"Banfield Reef (North) (18-105a)__BAN_18-105a_4__2023-08-14","Banfield Reef (North) (18-105a)","Banfield Reef (North) (18-105a)__BAN_18-105a_4","Banfield Reef (North) (18-105a)__campaign_1",4,0.133214920071048,0.0202273882091786
"Batt Reef (16-029)__BAT_16-029_80__2025-06-06","Batt Reef (16-029)","Batt Reef (16-029)__BAT_16-029_80","Batt Reef (16-029)__campaign_4",4,0.02,0.0614167295183454
"Batt Reef (16-029)__BAT_16-029_81__2025-06-06","Batt Reef (16-029)","Batt Reef (16-029)__BAT_16-029_81","Batt Reef (16-029)__campaign_4",4,0.0457142857142857,0.0612064361572266
"Batt Reef (16-029)__BAT_16-029_82__2021-11-03","Batt Reef (16-029)","Batt Reef (16-029)__BAT_16-029_82","Batt Reef (16-029)__campaign_1",4,0.12882096069869,0.0412038444952153
"Batt Reef (16-029)__BAT_16-029_82__2025-07-03","Batt Reef (16-029)","Batt Reef (16-029)__BAT_16-029_82","Batt Reef (16-029)__campaign_4",4,0.0511111111111111,0.0453705596923828
"Batt Reef (16-029)__BAT_16-029_83__2021-11-02","Batt Reef (16-029)","Batt Reef (16-029)__BAT_16-029_83","Batt Reef (16-029)__campaign_1",4,0.161643835616438,0.041062888924934
"Batt Reef (16-029)__BAT_16-029_83__2025-08-14","Batt Reef (16-029)","Batt Reef (16-029)__BAT_16-029_83","Batt Reef (16-029)__campaign_4",4,0.107777777777778,0.0561761347452799
"Batt Reef (16-029)__BAT_16-029_84__2021-10-17","Batt Reef (16-029)","Batt Reef (16-029)__BAT_16-029_84","Batt Reef (16-029)__campaign_1",4,0.116618075801749,0.0414612772860958
"Batt Reef (16-029)__BAT_16-029_84__2025-08-15","Batt Reef (16-029)","Batt Reef (16-029)__BAT_16-029_84","Batt Reef (16-029)__campaign_4",4,0.0511111111111111,0.0561761050754123
"Batt Reef (16-029)__BAT_16-029_85__2021-10-17","Batt Reef (16-029)","Batt Reef (16-029)__BAT_16-029_85","Batt Reef (16-029)__campaign_1",4,0.0333333333333333,0.0528294563293457
"Batt Reef (16-029)__BAT_16-029_85__2025-09-05","Batt Reef (16-029)","Batt Reef (16-029)__BAT_16-029_85","Batt Reef (16-029)__campaign_4",4,0.0933333333333333,0.0328624852498372
"Batt Reef (16-029)__BAT_16-029_86__2025-11-15","Batt Reef (16-029)","Batt Reef (16-029)__BAT_16-029_86","Batt Reef (16-029)__campaign_4",4,0.0448717948717949,0.0310218670429328
"Batt Reef (16-029)__BAT_16-029_91__2025-09-05","Batt Reef (16-029)","Batt Reef (16-029)__BAT_16-029_91","Batt Reef (16-029)__campaign_4",4,0.0125,0.0559640467166901
"Batt Reef (16-029)__BAT_16-029_92__2025-09-05","Batt Reef (16-029)","Batt Reef (16-029)__BAT_16-029_92","Batt Reef (16-029)__campaign_4",4,0.053125,0.0257909178733826
"Davies Reef (18-096)__DAV_18-096_13__2024-10-20","Davies Reef (18-096)","Davies Reef (18-096)__DAV_18-096_13","Davies Reef (18-096)__campaign_9",4,0.01,0.0438140328725179
"Davies Reef (18-096)__DAV_18-096_14__2024-10-05","Davies Reef (18-096)","Davies Reef (18-096)__DAV_18-096_14","Davies Reef (18-096)__campaign_9",4,0.015,0.0439444494247437
"Davies Reef (18-096)__DAV_18-096_15__2024-10-05","Davies Reef (18-096)","Davies Reef (18-096)__DAV_18-096_15","Davies Reef (18-096)__campaign_9",4,0.0304347826086957,0.0439444459002951
"Davies Reef (18-096)__DAV_18-096_16__2020-09-22","Davies Reef (18-096)","Davies Reef (18-096)__DAV_18-096_16","Davies Reef (18-096)__campaign_2",4,0.0466666666666667,0.0410628032684326
"Davies Reef (18-096)__DAV_18-096_16__2024-10-20","Davies Reef (18-096)","Davies Reef (18-096)__DAV_18-096_16","Davies Reef (18-096)__campaign_9",4,0.02,0.0436639499664307
"Davies Reef (18-096)__DAV_18-096_17__2024-10-20","Davies Reef (18-096)","Davies Reef (18-096)__DAV_18-096_17","Davies Reef (18-096)__campaign_9",4,0.00909090909090909,0.044087756763805
"Davies Reef (18-096)__DAV_18-096_18__2024-09-18","Davies Reef (18-096)","Davies Reef (18-096)__DAV_18-096_18","Davies Reef (18-096)__campaign_9",4,0.0214285714285714,0.0578106789361863
"Davies Reef (18-096)__DAV_18-096_19__2020-09-22","Davies Reef (18-096)","Davies Reef (18-096)__DAV_18-096_19","Davies Reef (18-096)__campaign_2",4,0.27,0.0515924008687337
"Davies Reef (18-096)__DAV_18-096_19__2024-08-30","Davies Reef (18-096)","Davies Reef (18-096)__DAV_18-096_19","Davies Reef (18-096)__campaign_9",4,0.0194174757281553,0.0631667155663944
"Davies Reef (18-096)__DAV_18-096_20__2024-11-04","Davies Reef (18-096)","Davies Reef (18-096)__DAV_18-096_20","Davies Reef (18-096)__campaign_9",4,0.0125,0.0561761021614075
"Davies Reef (18-096)__DAV_18-096_21__2024-11-05","Davies Reef (18-096)","Davies Reef (18-096)__DAV_18-096_21","Davies Reef (18-096)__campaign_9",4,0.0246575342465753,0.0561761411902023
"Davies Reef (18-096)__DAV_18-096_22__2024-11-04","Davies Reef (18-096)","Davies Reef (18-096)__DAV_18-096_22","Davies Reef (18-096)__campaign_9",4,0.00714285714285714,0.0440877687363398
"Davies Reef (18-096)__DAV_18-096_23__2024-11-04","Davies Reef (18-096)","Davies Reef (18-096)__DAV_18-096_23","Davies Reef (18-096)__campaign_9",4,0.00227272727272727,0.0436639959161932
"Davies Reef (18-096)__DAV_18-096_24__2024-11-04","Davies Reef (18-096)","Davies Reef (18-096)__DAV_18-096_24","Davies Reef (18-096)__campaign_9",4,0.00416666666666667,0.0436639507611593
"Davies Reef (18-096)__DAV_18-096_29__2024-09-14","Davies Reef (18-096)","Davies Reef (18-096)__DAV_18-096_29","Davies Reef (18-096)__campaign_9",4,0.0186915887850467,0.0782290128903968
"Davies Reef (18-096)__DAV_18-096_32__2024-10-20","Davies Reef (18-096)","Davies Reef (18-096)__DAV_18-096_32","Davies Reef (18-096)__campaign_9",4,0.0272727272727273,0.0436639742417769
"Davies Reef (18-096)__DAV_18-096_33__2024-11-24","Davies Reef (18-096)","Davies Reef (18-096)__DAV_18-096_33","Davies Reef (18-096)__campaign_9",4,0,0.0439212465286255
"Davies Reef (18-096)__DAV_18-096_34__2024-10-20","Davies Reef (18-096)","Davies Reef (18-096)__DAV_18-096_34","Davies Reef (18-096)__campaign_9",4,0.0333333333333333,0.0436639520857069
"Davies Reef (18-096)__DAV_18-096_37__2024-08-30","Davies Reef (18-096)","Davies Reef (18-096)__DAV_18-096_37","Davies Reef (18-096)__campaign_9",4,0.0482076637824475,0.05027491848902
"Eyrie Reef (14-118)__EYR_14-118_14__2023-10-28","Eyrie Reef (14-118)","Eyrie Reef (14-118)__EYR_14-118_14","Eyrie Reef (14-118)__campaign_3",4,0.0245614035087719,0.0214255299484521
"Eyrie Reef (14-118)__EYR_14-118_16__2023-10-28","Eyrie Reef (14-118)","Eyrie Reef (14-118)__EYR_14-118_16","Eyrie Reef (14-118)__campaign_3",4,0.0228070175438597,0.0214255299484521
"Eyrie Reef (14-118)__EYR_14-118_17__2024-01-08","Eyrie Reef (14-118)","Eyrie Reef (14-118)__EYR_14-118_17","Eyrie Reef (14-118)__campaign_3",4,0.0763157894736842,0.0241951892250463
"Eyrie Reef (14-118)__EYR_14-118_18__2021-12-17","Eyrie Reef (14-118)","Eyrie Reef (14-118)__EYR_14-118_18","Eyrie Reef (14-118)__campaign_1",4,0.0196428571428571,0.0200329439980643
"Eyrie Reef (14-118)__EYR_14-118_18__2023-11-13","Eyrie Reef (14-118)","Eyrie Reef (14-118)__EYR_14-118_18","Eyrie Reef (14-118)__campaign_3",4,0.0177083333333333,0.0256397704283396
"Eyrie Reef (14-118)__EYR_14-118_19__2021-12-17","Eyrie Reef (14-118)","Eyrie Reef (14-118)__EYR_14-118_19","Eyrie Reef (14-118)__campaign_1",4,0.0142857142857143,0.0202273760523115
"Eyrie Reef (14-118)__EYR_14-118_19__2023-11-13","Eyrie Reef (14-118)","Eyrie Reef (14-118)__EYR_14-118_19","Eyrie Reef (14-118)__campaign_3",4,0.0166666666666667,0.0258886198202769
"Eyrie Reef (14-118)__EYR_14-118_20__2023-11-12","Eyrie Reef (14-118)","Eyrie Reef (14-118)__EYR_14-118_20","Eyrie Reef (14-118)__campaign_3",4,0.0291666666666667,0.0329869588216146
"Eyrie Reef (14-118)__EYR_14-118_21__2021-12-16","Eyrie Reef (14-118)","Eyrie Reef (14-118)__EYR_14-118_21","Eyrie Reef (14-118)__campaign_1",4,0.0428571428571429,0.0257734979901995
"Eyrie Reef (14-118)__EYR_14-118_21__2023-11-12","Eyrie Reef (14-118)","Eyrie Reef (14-118)__EYR_14-118_21","Eyrie Reef (14-118)__campaign_3",4,0.0239583333333333,0.0329869588216146
"Eyrie Reef (14-118)__EYR_14-118_24__2021-12-16","Eyrie Reef (14-118)","Eyrie Reef (14-118)__EYR_14-118_24","Eyrie Reef (14-118)__campaign_1",4,0.0107142857142857,0.0199804765837533
"Eyrie Reef (14-118)__EYR_14-118_29__2024-03-12","Eyrie Reef (14-118)","Eyrie Reef (14-118)__EYR_14-118_29","Eyrie Reef (14-118)__campaign_3",4,0.00222222222222222,0.0257735167609321
"Eyrie Reef (14-118)__EYR_14-118_31__2024-03-12","Eyrie Reef (14-118)","Eyrie Reef (14-118)__EYR_14-118_31","Eyrie Reef (14-118)__campaign_3",4,0,0.0200329483879937
"Eyrie Reef (14-118)__EYR_14-118_32__2023-11-14","Eyrie Reef (14-118)","Eyrie Reef (14-118)__EYR_14-118_32","Eyrie Reef (14-118)__campaign_3",4,0.00520833333333333,0.0213019788265228
"Eyrie Reef (14-118)__EYR_14-118_33__2024-02-03","Eyrie Reef (14-118)","Eyrie Reef (14-118)__EYR_14-118_33","Eyrie Reef (14-118)__campaign_3",4,0,0.02010176386152
"Eyrie Reef (14-118)__EYR_14-118_6__2021-11-29","Eyrie Reef (14-118)","Eyrie Reef (14-118)__EYR_14-118_6","Eyrie Reef (14-118)__campaign_1",4,0.122905027932961,0.0210345195436389
"Eyrie Reef (14-118)__EYR_14-118_7__2021-11-30","Eyrie Reef (14-118)","Eyrie Reef (14-118)__EYR_14-118_7","Eyrie Reef (14-118)__campaign_1",4,0.106422018348624,0.0210345399489097
"Eyrie Reef (14-118)__EYR_14-118_8__2021-11-30","Eyrie Reef (14-118)","Eyrie Reef (14-118)__EYR_14-118_8","Eyrie Reef (14-118)__campaign_1",4,0.188785046728972,0.021034533063942
"Eyrie Reef (14-118)__EYR_14-118_8__2023-10-27","Eyrie Reef (14-118)","Eyrie Reef (14-118)__EYR_14-118_8","Eyrie Reef (14-118)__campaign_3",4,0.0894736842105263,0.0231163142020242
"Fitzroy Reef (23-077)__FIT_23-077_21__2026-05-23","Fitzroy Reef (23-077)","Fitzroy Reef (23-077)__FIT_23-077_21","Fitzroy Reef (23-077)__campaign_1",4,0.0646950092421442,0.0563433430331472
"Fitzroy Reef (23-077)__FIT_23-077_22__2026-05-23","Fitzroy Reef (23-077)","Fitzroy Reef (23-077)__FIT_23-077_22","Fitzroy Reef (23-077)__campaign_1",4,0.0520325203252033,0.0563433639402312
"Fitzroy Reef (23-077)__FIT_23-077_24__2026-05-24","Fitzroy Reef (23-077)","Fitzroy Reef (23-077)__FIT_23-077_24","Fitzroy Reef (23-077)__campaign_1",4,0.0167910447761194,0.0240498994713399
"Fitzroy Reef (23-077)__FIT_23-077_25__2026-05-23","Fitzroy Reef (23-077)","Fitzroy Reef (23-077)__FIT_23-077_25","Fitzroy Reef (23-077)__campaign_1",4,0.0214285714285714,0.0306441034589495
"Fitzroy Reef (23-077)__FIT_23-077_32__2026-05-23","Fitzroy Reef (23-077)","Fitzroy Reef (23-077)__FIT_23-077_32","Fitzroy Reef (23-077)__campaign_1",4,0.00909090909090909,0.0240498824553056
"Fitzroy Reef (23-077)__FIT_23-077_33__2026-05-23","Fitzroy Reef (23-077)","Fitzroy Reef (23-077)__FIT_23-077_33","Fitzroy Reef (23-077)__campaign_1",4,0.0188679245283019,0.0442190530165186
"Green Island Reef (16-049)__GRE_16-049_14__2025-10-17","Green Island Reef (16-049)","Green Island Reef (16-049)__GRE_16-049_14","Green Island Reef (16-049)__campaign_4",4,0.017,0.0095099573135376
"Green Island Reef (16-049)__GRE_16-049_15__2025-10-17","Green Island Reef (16-049)","Green Island Reef (16-049)__GRE_16-049_15","Green Island Reef (16-049)__campaign_4",4,0.032,0.00947739505767822
"Keeper Reef (18-079)__KEE_18-079_10__2020-09-04","Keeper Reef (18-079)","Keeper Reef (18-079)__KEE_18-079_10","Keeper Reef (18-079)__campaign_1",4,0.0436781609195402,0.026095874830224
"Keeper Reef (18-079)__KEE_18-079_11__2020-05-22","Keeper Reef (18-079)","Keeper Reef (18-079)__KEE_18-079_11","Keeper Reef (18-079)__campaign_1",4,0.0119047619047619,0.0387021064758301
"Keeper Reef (18-079)__KEE_18-079_12__2020-07-30","Keeper Reef (18-079)","Keeper Reef (18-079)__KEE_18-079_12","Keeper Reef (18-079)__campaign_1",4,0.00131578947368421,0.0351797957169382
"Keeper Reef (18-079)__KEE_18-079_13__2020-07-29","Keeper Reef (18-079)","Keeper Reef (18-079)__KEE_18-079_13","Keeper Reef (18-079)__campaign_1",4,0.00742574257425743,0.035179858160491
"Keeper Reef (18-079)__KEE_18-079_17__2020-06-08","Keeper Reef (18-079)","Keeper Reef (18-079)__KEE_18-079_17","Keeper Reef (18-079)__campaign_1",4,0.0846354166666667,0.0308265363176664
"Keeper Reef (18-079)__KEE_18-079_18__2020-05-21","Keeper Reef (18-079)","Keeper Reef (18-079)__KEE_18-079_18","Keeper Reef (18-079)__campaign_1",4,0.146728971962617,0.0387020717157382
"Keeper Reef (18-079)__KEE_18-079_19__2020-05-21","Keeper Reef (18-079)","Keeper Reef (18-079)__KEE_18-079_19","Keeper Reef (18-079)__campaign_1",4,0.075,0.0384168942769368
"Keeper Reef (18-079)__KEE_18-079_20__2020-05-22","Keeper Reef (18-079)","Keeper Reef (18-079)__KEE_18-079_20","Keeper Reef (18-079)__campaign_1",4,0.0292207792207792,0.0384169615708388
"Keeper Reef (18-079)__KEE_18-079_23__2020-06-22","Keeper Reef (18-079)","Keeper Reef (18-079)__KEE_18-079_23","Keeper Reef (18-079)__campaign_1",4,0.061377245508982,0.0219217917162501
"Keeper Reef (18-079)__KEE_18-079_4__2020-06-22","Keeper Reef (18-079)","Keeper Reef (18-079)__KEE_18-079_4","Keeper Reef (18-079)__campaign_1",4,0.03125,0.0219217666557857
"Keeper Reef (18-079)__KEE_18-079_5__2020-06-23","Keeper Reef (18-079)","Keeper Reef (18-079)__KEE_18-079_5","Keeper Reef (18-079)__campaign_1",4,0.0540540540540541,0.0219217790139688
"Keeper Reef (18-079)__KEE_18-079_6__2020-08-08","Keeper Reef (18-079)","Keeper Reef (18-079)__KEE_18-079_6","Keeper Reef (18-079)__campaign_1",4,0.0625,0.0213019445538521
"Keeper Reef (18-079)__KEE_18-079_7__2020-09-22","Keeper Reef (18-079)","Keeper Reef (18-079)__KEE_18-079_7","Keeper Reef (18-079)__campaign_1",4,0.0543615676359039,0.0200329453845693
"Keeper Reef (18-079)__KEE_18-079_8__2020-10-26","Keeper Reef (18-079)","Keeper Reef (18-079)__KEE_18-079_8","Keeper Reef (18-079)__campaign_1",4,0.094017094017094,0.0258035659790039
"Keeper Reef (18-079)__KEE_18-079_9__2020-06-07","Keeper Reef (18-079)","Keeper Reef (18-079)__KEE_18-079_9","Keeper Reef (18-079)__campaign_1",4,0.112299465240642,0.031103621192157
"Lizard Island Reef (Lagoon) (14-116d)__LIZ_14-116d_13__2020-11-13","Lizard Island Reef (Lagoon) (14-116d)","Lizard Island Reef (Lagoon) (14-116d)__LIZ_14-116d_13","Lizard Island Reef (Lagoon) (14-116d)__campaign_2",4,0.00183823529411765,0.00950996840701384
"Lizard Island Reef (Lagoon) (14-116d)__LIZ_14-116d_14__2020-11-13","Lizard Island Reef (Lagoon) (14-116d)","Lizard Island Reef (Lagoon) (14-116d)__LIZ_14-116d_14","Lizard Island Reef (Lagoon) (14-116d)__campaign_2",4,0.00184162062615101,0.00947739845261828
"Lizard Island Reef (Lagoon) (14-116d)__LIZ_14-116d_29__2020-11-17","Lizard Island Reef (Lagoon) (14-116d)","Lizard Island Reef (Lagoon) (14-116d)__LIZ_14-116d_29","Lizard Island Reef (Lagoon) (14-116d)__campaign_2",4,0.00775193798449612,0.00956940188888432
"Lizard Island Reef (North East) (14-116b)__LIZ_14-116b_1__2020-11-16","Lizard Island Reef (North East) (14-116b)","Lizard Island Reef (North East) (14-116b)__LIZ_14-116b_1","Lizard Island Reef (North East) (14-116b)__campaign_2",4,0.00387596899224806,0.0181810708008995
"Lizard Island Reef (North West) (14-116a)__LIZ_14-116a_30__2020-11-17","Lizard Island Reef (North West) (14-116a)","Lizard Island Reef (North West) (14-116a)__LIZ_14-116a_30","Lizard Island Reef (North West) (14-116a)__campaign_2",4,0.00560747663551402,0.0211674716985114
"Lizard Island Reef (North West) (14-116a)__LIZ_14-116a_31__2020-11-16","Lizard Island Reef (North West) (14-116a)","Lizard Island Reef (North West) (14-116a)__LIZ_14-116a_31","Lizard Island Reef (North West) (14-116a)__campaign_2",4,0.0158730158730159,0.0269713420716543
"Lizard Island Reef (North West) (14-116a)__LIZ_14-116a_33__2020-11-16","Lizard Island Reef (North West) (14-116a)","Lizard Island Reef (North West) (14-116a)__LIZ_14-116a_33","Lizard Island Reef (North West) (14-116a)__campaign_2",4,0.008,0.0269713554382324
"Lizard Island Reef (North West) (14-116a)__LIZ_14-116a_35__2020-11-16","Lizard Island Reef (North West) (14-116a)","Lizard Island Reef (North West) (14-116a)__LIZ_14-116a_35","Lizard Island Reef (North West) (14-116a)__campaign_2",4,0.00784313725490196,0.0209639848447313
"North Direction Reef (14-143)__NOR_14-143_3__2021-11-25","North Direction Reef (14-143)","North Direction Reef (14-143)__NOR_14-143_3","North Direction Reef (14-143)__campaign_1",4,0.00535714285714286,0.0121471668992724
"North Direction Reef (14-143)__NOR_14-143_4__2022-02-21","North Direction Reef (14-143)","North Direction Reef (14-143)__NOR_14-143_4","North Direction Reef (14-143)__campaign_1",4,0,0.0114668146769206
"U/N Reef (21-057)__U/N_21-057_41__2025-08-22","U/N Reef (21-057)","U/N Reef (21-057)__U/N_21-057_41","U/N Reef (21-057)__campaign_1",4,0.0168539325842697,0.024060440420658
"U/N Reef (21-057)__U/N_21-057_42__2025-08-22","U/N Reef (21-057)","U/N Reef (21-057)__U/N_21-057_42","U/N Reef (21-057)__campaign_1",4,0.0185185185185185,0.0240605160042092
"U/N Reef (21-057)__U/N_21-057_43__2025-08-22","U/N Reef (21-057)","U/N Reef (21-057)__U/N_21-057_43","U/N Reef (21-057)__campaign_1",4,0.00892857142857143,0.0240604622023446
"U/N Reef (21-057)__U/N_21-057_44__2025-08-22","U/N Reef (21-057)","U/N Reef (21-057)__U/N_21-057_44","U/N Reef (21-057)__campaign_1",4,0.0245614035087719,0.0188829706426252
"Batt Reef (16-029)__BAT_16-029_82__2023-07-21","Batt Reef (16-029)","Batt Reef (16-029)__BAT_16-029_82","Batt Reef (16-029)__campaign_3",5,0.0631578947368421,0.0289985690200538
"Batt Reef (16-029)__BAT_16-029_83__2023-09-02","Batt Reef (16-029)","Batt Reef (16-029)__BAT_16-029_83","Batt Reef (16-029)__campaign_3",5,0.0368421052631579,0.0254692152926796
"Batt Reef (16-029)__BAT_16-029_84__2023-09-02","Batt Reef (16-029)","Batt Reef (16-029)__BAT_16-029_84","Batt Reef (16-029)__campaign_3",5,0.0245614035087719,0.0254691927056564
"Batt Reef (16-029)__BAT_16-029_85__2023-07-20","Batt Reef (16-029)","Batt Reef (16-029)__BAT_16-029_85","Batt Reef (16-029)__campaign_3",5,0,0.0294454669952393
"Bushy-Redbill Reef (20-310)__BUS_20-310_19__2025-09-11","Bushy-Redbill Reef (20-310)","Bushy-Redbill Reef (20-310)__BUS_20-310_19","Bushy-Redbill Reef (20-310)__campaign_1",5,0.2375,0.057166576385498
"Bushy-Redbill Reef (20-310)__BUS_20-310_1__2025-08-23","Bushy-Redbill Reef (20-310)","Bushy-Redbill Reef (20-310)__BUS_20-310_1","Bushy-Redbill Reef (20-310)__campaign_1",5,0.297734627831715,0.0901415741559371
"Bushy-Redbill Reef (20-310)__BUS_20-310_20__2025-08-24","Bushy-Redbill Reef (20-310)","Bushy-Redbill Reef (20-310)__BUS_20-310_20","Bushy-Redbill Reef (20-310)__campaign_1",5,0.202816901408451,0.0901416187555018
"Bushy-Redbill Reef (20-310)__BUS_20-310_21__2025-08-23","Bushy-Redbill Reef (20-310)","Bushy-Redbill Reef (20-310)__BUS_20-310_21","Bushy-Redbill Reef (20-310)__campaign_1",5,0.281159420289855,0.102931987375453
"Bushy-Redbill Reef (20-310)__BUS_20-310_22__2025-08-24","Bushy-Redbill Reef (20-310)","Bushy-Redbill Reef (20-310)__BUS_20-310_22","Bushy-Redbill Reef (20-310)__campaign_1",5,0.196,0.0948492736816406
"Davies Reef (18-096)__DAV_18-096_12__2019-08-18","Davies Reef (18-096)","Davies Reef (18-096)__DAV_18-096_12","Davies Reef (18-096)__campaign_1",5,0.00714285714285714,0.025651981149401
"Davies Reef (18-096)__DAV_18-096_13__2023-08-15","Davies Reef (18-096)","Davies Reef (18-096)__DAV_18-096_13","Davies Reef (18-096)__campaign_7",5,0.037037037037037,0.0466755266542788
"Davies Reef (18-096)__DAV_18-096_14__2022-06-13","Davies Reef (18-096)","Davies Reef (18-096)__DAV_18-096_14","Davies Reef (18-096)__campaign_4",5,0.0776315789473684,0.0496590011998227
"Davies Reef (18-096)__DAV_18-096_14__2023-08-15","Davies Reef (18-096)","Davies Reef (18-096)__DAV_18-096_14","Davies Reef (18-096)__campaign_7",5,0.0647249190938511,0.0472162826933136
"Davies Reef (18-096)__DAV_18-096_15__2023-12-02","Davies Reef (18-096)","Davies Reef (18-096)__DAV_18-096_15","Davies Reef (18-096)__campaign_7",5,0.0769230769230769,0.0468390483801861
"Davies Reef (18-096)__DAV_18-096_16__2019-08-20","Davies Reef (18-096)","Davies Reef (18-096)__DAV_18-096_16","Davies Reef (18-096)__campaign_1",5,0.0486842105263158,0.0256520145817807
"Davies Reef (18-096)__DAV_18-096_16__2023-12-02","Davies Reef (18-096)","Davies Reef (18-096)__DAV_18-096_16","Davies Reef (18-096)__campaign_7",5,0.0166666666666667,0.0457237243652344
"Davies Reef (18-096)__DAV_18-096_17__2019-08-05","Davies Reef (18-096)","Davies Reef (18-096)__DAV_18-096_17","Davies Reef (18-096)__campaign_1",5,0.08125,0.0256520171960195
"Davies Reef (18-096)__DAV_18-096_18__2019-08-05","Davies Reef (18-096)","Davies Reef (18-096)__DAV_18-096_18","Davies Reef (18-096)__campaign_1",5,0.08125,0.02699174284935
"Davies Reef (18-096)__DAV_18-096_18__2022-06-24","Davies Reef (18-096)","Davies Reef (18-096)__DAV_18-096_18","Davies Reef (18-096)__campaign_4",5,0.24,0.0479439004262288
"Davies Reef (18-096)__DAV_18-096_18__2023-07-20","Davies Reef (18-096)","Davies Reef (18-096)__DAV_18-096_18","Davies Reef (18-096)__campaign_7",5,0.0623052959501558,0.0550910082190208
"Davies Reef (18-096)__DAV_18-096_19__2019-08-01","Davies Reef (18-096)","Davies Reef (18-096)__DAV_18-096_19","Davies Reef (18-096)__campaign_1",5,0.183333333333333,0.0463514963785807
"Davies Reef (18-096)__DAV_18-096_19__2022-06-25","Davies Reef (18-096)","Davies Reef (18-096)__DAV_18-096_19","Davies Reef (18-096)__campaign_4",5,0.136666666666667,0.0260041761398315
"Davies Reef (18-096)__DAV_18-096_19__2023-07-19","Davies Reef (18-096)","Davies Reef (18-096)__DAV_18-096_19","Davies Reef (18-096)__campaign_7",5,0.00542005420054201,0.0532612425848074
"Davies Reef (18-096)__DAV_18-096_20__2019-08-07","Davies Reef (18-096)","Davies Reef (18-096)__DAV_18-096_20","Davies Reef (18-096)__campaign_1",5,0.00555555555555556,0.0481118043263753
"Davies Reef (18-096)__DAV_18-096_20__2022-06-26","Davies Reef (18-096)","Davies Reef (18-096)__DAV_18-096_20","Davies Reef (18-096)__campaign_4",5,0.0266666666666667,0.0268976020812988
"Davies Reef (18-096)__DAV_18-096_21__2022-07-24","Davies Reef (18-096)","Davies Reef (18-096)__DAV_18-096_21","Davies Reef (18-096)__campaign_4",5,0.0072992700729927,0.0268975243951282
"Davies Reef (18-096)__DAV_18-096_22__2019-09-13","Davies Reef (18-096)","Davies Reef (18-096)__DAV_18-096_22","Davies Reef (18-096)__campaign_1",5,0.028125,0.0457237124443054
"Davies Reef (18-096)__DAV_18-096_22__2022-09-07","Davies Reef (18-096)","Davies Reef (18-096)__DAV_18-096_22","Davies Reef (18-096)__campaign_4",5,0.0349740932642487,0.0256520132944374
"Davies Reef (18-096)__DAV_18-096_23__2019-08-02","Davies Reef (18-096)","Davies Reef (18-096)__DAV_18-096_23","Davies Reef (18-096)__campaign_1",5,0.00833333333333333,0.0457237561543783
"Davies Reef (18-096)__DAV_18-096_23__2022-09-07","Davies Reef (18-096)","Davies Reef (18-096)__DAV_18-096_23","Davies Reef (18-096)__campaign_4",5,0.0263653483992467,0.0256519946225843
"Davies Reef (18-096)__DAV_18-096_24__2019-08-02","Davies Reef (18-096)","Davies Reef (18-096)__DAV_18-096_24","Davies Reef (18-096)__campaign_1",5,0.025,0.0468390067418416
"Davies Reef (18-096)__DAV_18-096_24__2022-06-11","Davies Reef (18-096)","Davies Reef (18-096)__DAV_18-096_24","Davies Reef (18-096)__campaign_4",5,0.0220779220779221,0.0278715703394506
"Davies Reef (18-096)__DAV_18-096_25__2022-06-11","Davies Reef (18-096)","Davies Reef (18-096)__DAV_18-096_25","Davies Reef (18-096)__campaign_4",5,0.0376623376623377,0.0278715703394506
"Davies Reef (18-096)__DAV_18-096_25__2023-08-24","Davies Reef (18-096)","Davies Reef (18-096)__DAV_18-096_25","Davies Reef (18-096)__campaign_7",5,0.0272727272727273,0.0255624901164662
"Davies Reef (18-096)__DAV_18-096_29__2019-08-03","Davies Reef (18-096)","Davies Reef (18-096)__DAV_18-096_29","Davies Reef (18-096)__campaign_1",5,0.0229166666666667,0.0324735999107361
"Davies Reef (18-096)__DAV_18-096_29__2022-06-24","Davies Reef (18-096)","Davies Reef (18-096)__DAV_18-096_29","Davies Reef (18-096)__campaign_4",5,0.246666666666667,0.0576810264587402
"Davies Reef (18-096)__DAV_18-096_29__2023-07-19","Davies Reef (18-096)","Davies Reef (18-096)__DAV_18-096_29","Davies Reef (18-096)__campaign_7",5,0.0186480186480186,0.0662796313946064
"Davies Reef (18-096)__DAV_18-096_30__2019-10-25","Davies Reef (18-096)","Davies Reef (18-096)__DAV_18-096_30","Davies Reef (18-096)__campaign_1",5,0.0421875,0.0507624864578247
"Davies Reef (18-096)__DAV_18-096_30__2022-06-25","Davies Reef (18-096)","Davies Reef (18-096)__DAV_18-096_30","Davies Reef (18-096)__campaign_4",5,0.100358422939068,0.0255624846318289
"Davies Reef (18-096)__DAV_18-096_31__2022-09-06","Davies Reef (18-096)","Davies Reef (18-096)__DAV_18-096_31","Davies Reef (18-096)__campaign_4",5,0.111842105263158,0.0457237728855066
"Davies Reef (18-096)__DAV_18-096_31__2023-08-12","Davies Reef (18-096)","Davies Reef (18-096)__DAV_18-096_31","Davies Reef (18-096)__campaign_7",5,0.0304054054054054,0.0455642358676807
"Davies Reef (18-096)__DAV_18-096_33__2022-09-02","Davies Reef (18-096)","Davies Reef (18-096)__DAV_18-096_33","Davies Reef (18-096)__campaign_4",5,0.041343669250646,0.045723745065142
"Davies Reef (18-096)__DAV_18-096_34__2022-06-13","Davies Reef (18-096)","Davies Reef (18-096)__DAV_18-096_34","Davies Reef (18-096)__campaign_4",5,0.0789473684210526,0.0479214618080541
"Davies Reef (18-096)__DAV_18-096_35__2022-09-02","Davies Reef (18-096)","Davies Reef (18-096)__DAV_18-096_35","Davies Reef (18-096)__campaign_4",5,0.0145985401459854,0.0270015201429381
"Davies Reef (18-096)__DAV_18-096_36__2022-09-02","Davies Reef (18-096)","Davies Reef (18-096)__DAV_18-096_36","Davies Reef (18-096)__campaign_4",5,0.0442477876106195,0.0256520049058582
"Elford Reef (16-073)__ELF_16-073_12__2023-09-28","Elford Reef (16-073)","Elford Reef (16-073)__ELF_16-073_12","Elford Reef (16-073)__campaign_3",5,0,0.0117410988277859
"Elford Reef (16-073)__ELF_16-073_3__2023-10-30","Elford Reef (16-073)","Elford Reef (16-073)__ELF_16-073_3","Elford Reef (16-073)__campaign_3",5,0,0.0120601403713226
"Lady Musgrave Reef (23-082a)__LAD_23-082a_16__2026-05-18","Lady Musgrave Reef (23-082a)","Lady Musgrave Reef (23-082a)__LAD_23-082a_16","Lady Musgrave Reef (23-082a)__campaign_1",5,0.0461847389558233,0.0455641880571603
"Lady Musgrave Reef (23-082a)__LAD_23-082a_17__2026-05-21","Lady Musgrave Reef (23-082a)","Lady Musgrave Reef (23-082a)__LAD_23-082a_17","Lady Musgrave Reef (23-082a)__campaign_1",5,0.0209205020920502,0.0455641846277724
"Lady Musgrave Reef (23-082a)__LAD_23-082a_18__2026-05-18","Lady Musgrave Reef (23-082a)","Lady Musgrave Reef (23-082a)__LAD_23-082a_18","Lady Musgrave Reef (23-082a)__campaign_1",5,0.0784574468085106,0.0576810278791062
"Lady Musgrave Reef (23-082a)__LAD_23-082a_19__2026-05-17","Lady Musgrave Reef (23-082a)","Lady Musgrave Reef (23-082a)__LAD_23-082a_19","Lady Musgrave Reef (23-082a)__campaign_1",5,0.0493562231759657,0.0479438560715049
"Lady Musgrave Reef (23-082a)__LAD_23-082a_20__2026-05-17","Lady Musgrave Reef (23-082a)","Lady Musgrave Reef (23-082a)__LAD_23-082a_20","Lady Musgrave Reef (23-082a)__campaign_1",5,0.164125560538117,0.0520293197289711
"Lady Musgrave Reef (23-082a)__LAD_23-082a_21__2026-05-20","Lady Musgrave Reef (23-082a)","Lady Musgrave Reef (23-082a)__LAD_23-082a_21","Lady Musgrave Reef (23-082a)__campaign_1",5,0.0741525423728814,0.0455641908160711
"Lady Musgrave Reef (23-082a)__LAD_23-082a_25__2026-05-21","Lady Musgrave Reef (23-082a)","Lady Musgrave Reef (23-082a)__LAD_23-082a_25","Lady Musgrave Reef (23-082a)__campaign_1",5,0.0206185567010309,0.0455641697362526
"Lady Musgrave Reef (23-082a)__LAD_23-082a_40__2026-05-16","Lady Musgrave Reef (23-082a)","Lady Musgrave Reef (23-082a)__LAD_23-082a_40","Lady Musgrave Reef (23-082a)__campaign_1",5,0.0101010101010101,0.0463514905987364
"Lady Musgrave Reef (23-082a)__LAD_23-082a_41__2026-05-20","Lady Musgrave Reef (23-082a)","Lady Musgrave Reef (23-082a)__LAD_23-082a_41","Lady Musgrave Reef (23-082a)__campaign_1",5,0.0029585798816568,0.0479438770452195
"Lady Musgrave Reef (23-082a)__LAD_23-082a_43__2026-05-16","Lady Musgrave Reef (23-082a)","Lady Musgrave Reef (23-082a)__LAD_23-082a_43","Lady Musgrave Reef (23-082a)__campaign_1",5,0.00531914893617021,0.046351488600386
"Lady Musgrave Reef (23-082a)__LAD_23-082a_45__2026-05-16","Lady Musgrave Reef (23-082a)","Lady Musgrave Reef (23-082a)__LAD_23-082a_45","Lady Musgrave Reef (23-082a)__campaign_1",5,0,0.0455641746520996
"Lady Musgrave Reef (23-082a)__LAD_23-082a_52__2026-05-21","Lady Musgrave Reef (23-082a)","Lady Musgrave Reef (23-082a)__LAD_23-082a_52","Lady Musgrave Reef (23-082a)__campaign_1",5,0.035230352303523,0.0455642276340061
"Lady Musgrave Reef (23-082a)__LAD_23-082a_55__2026-05-16","Lady Musgrave Reef (23-082a)","Lady Musgrave Reef (23-082a)__LAD_23-082a_55","Lady Musgrave Reef (23-082a)__campaign_1",5,0.00980392156862745,0.0638379863664216
"Lady Musgrave Reef (23-082a)__LAD_23-082a_56__2026-05-16","Lady Musgrave Reef (23-082a)","Lady Musgrave Reef (23-082a)__LAD_23-082a_56","Lady Musgrave Reef (23-082a)__campaign_1",5,0.00555555555555556,0.0638379573822021
"Lady Musgrave Reef (23-082a)__LAD_23-082a_57__2026-05-21","Lady Musgrave Reef (23-082a)","Lady Musgrave Reef (23-082a)__LAD_23-082a_57","Lady Musgrave Reef (23-082a)__campaign_1",5,0.00206611570247934,0.0455641667704937
"Lizard Island Reef (Lagoon) (14-116d)__LIZ_14-116d_13__2021-11-15","Lizard Island Reef (Lagoon) (14-116d)","Lizard Island Reef (Lagoon) (14-116d)__LIZ_14-116d_13","Lizard Island Reef (Lagoon) (14-116d)__campaign_3",5,0.00357142857142857,0.0150913425854274
"Lizard Island Reef (Lagoon) (14-116d)__LIZ_14-116d_13__2022-10-27","Lizard Island Reef (Lagoon) (14-116d)","Lizard Island Reef (Lagoon) (14-116d)__LIZ_14-116d_13","Lizard Island Reef (Lagoon) (14-116d)__campaign_4",5,0.00917431192660551,0.0118356625968163
"Lizard Island Reef (Lagoon) (14-116d)__LIZ_14-116d_14__2022-10-27","Lizard Island Reef (Lagoon) (14-116d)","Lizard Island Reef (Lagoon) (14-116d)__LIZ_14-116d_14","Lizard Island Reef (Lagoon) (14-116d)__campaign_4",5,0.00526315789473684,0.0114215449282998
"Lizard Island Reef (Lagoon) (14-116d)__LIZ_14-116d_15__2021-11-26","Lizard Island Reef (Lagoon) (14-116d)","Lizard Island Reef (Lagoon) (14-116d)__LIZ_14-116d_15","Lizard Island Reef (Lagoon) (14-116d)__campaign_3",5,0.0321428571428571,0.0145633135523115
"Lizard Island Reef (Lagoon) (14-116d)__LIZ_14-116d_15__2022-10-27","Lizard Island Reef (Lagoon) (14-116d)","Lizard Island Reef (Lagoon) (14-116d)__LIZ_14-116d_15","Lizard Island Reef (Lagoon) (14-116d)__campaign_4",5,0.0315789473684211,0.0114215449282998
"Lizard Island Reef (Lagoon) (14-116d)__LIZ_14-116d_16__2022-10-27","Lizard Island Reef (Lagoon) (14-116d)","Lizard Island Reef (Lagoon) (14-116d)__LIZ_14-116d_16","Lizard Island Reef (Lagoon) (14-116d)__campaign_4",5,0,0.0114215449282998
"Lizard Island Reef (Lagoon) (14-116d)__LIZ_14-116d_21__2024-10-01","Lizard Island Reef (Lagoon) (14-116d)","Lizard Island Reef (Lagoon) (14-116d)__LIZ_14-116d_21","Lizard Island Reef (Lagoon) (14-116d)__campaign_6",5,0.02625,0.0257622790336609
"Lizard Island Reef (Lagoon) (14-116d)__LIZ_14-116d_22__2024-10-25","Lizard Island Reef (Lagoon) (14-116d)","Lizard Island Reef (Lagoon) (14-116d)__LIZ_14-116d_22","Lizard Island Reef (Lagoon) (14-116d)__campaign_6",5,0.00833333333333333,0.0455642096201579
"Lizard Island Reef (Lagoon) (14-116d)__LIZ_14-116d_23__2024-10-25","Lizard Island Reef (Lagoon) (14-116d)","Lizard Island Reef (Lagoon) (14-116d)__LIZ_14-116d_23","Lizard Island Reef (Lagoon) (14-116d)__campaign_6",5,0.0316666666666667,0.0455642096201579
"Lizard Island Reef (Lagoon) (14-116d)__LIZ_14-116d_25__2024-10-02","Lizard Island Reef (Lagoon) (14-116d)","Lizard Island Reef (Lagoon) (14-116d)__LIZ_14-116d_25","Lizard Island Reef (Lagoon) (14-116d)__campaign_6",5,0.0868421052631579,0.0526776916102359
"Lizard Island Reef (Lagoon) (14-116d)__LIZ_14-116d_26__2021-11-26","Lizard Island Reef (Lagoon) (14-116d)","Lizard Island Reef (Lagoon) (14-116d)__LIZ_14-116d_26","Lizard Island Reef (Lagoon) (14-116d)__campaign_3",5,0.00714285714285714,0.0154204130172729
"Lizard Island Reef (Lagoon) (14-116d)__LIZ_14-116d_26__2024-10-02","Lizard Island Reef (Lagoon) (14-116d)","Lizard Island Reef (Lagoon) (14-116d)__LIZ_14-116d_26","Lizard Island Reef (Lagoon) (14-116d)__campaign_6",5,0.043421052631579,0.05006305293033
"Lizard Island Reef (Lagoon) (14-116d)__LIZ_14-116d_28__2022-10-14","Lizard Island Reef (Lagoon) (14-116d)","Lizard Island Reef (Lagoon) (14-116d)__LIZ_14-116d_28","Lizard Island Reef (Lagoon) (14-116d)__campaign_4",5,0.0733333333333333,0.0275102392832438
"Lizard Island Reef (Lagoon) (14-116d)__LIZ_14-116d_28__2025-01-16","Lizard Island Reef (Lagoon) (14-116d)","Lizard Island Reef (Lagoon) (14-116d)__LIZ_14-116d_28","Lizard Island Reef (Lagoon) (14-116d)__campaign_6",5,0.03875,0.0493879556655884
"Lizard Island Reef (Lagoon) (14-116d)__LIZ_14-116d_29__2022-10-14","Lizard Island Reef (Lagoon) (14-116d)","Lizard Island Reef (Lagoon) (14-116d)__LIZ_14-116d_29","Lizard Island Reef (Lagoon) (14-116d)__campaign_4",5,0.0596491228070175,0.0254692044174462
"Lizard Island Reef (Lagoon) (14-116d)__LIZ_14-116d_30__2022-11-10","Lizard Island Reef (Lagoon) (14-116d)","Lizard Island Reef (Lagoon) (14-116d)__LIZ_14-116d_30","Lizard Island Reef (Lagoon) (14-116d)__campaign_4",5,0.0315789473684211,0.0455641746520996
"Lizard Island Reef (North East) (14-116b)__LIZ_14-116b_1__2024-01-12","Lizard Island Reef (North East) (14-116b)","Lizard Island Reef (North East) (14-116b)__LIZ_14-116b_1","Lizard Island Reef (North East) (14-116b)__campaign_5",5,0.01375,0.0291849493980408
"Lizard Island Reef (North East) (14-116b)__LIZ_14-116b_3__2022-10-29","Lizard Island Reef (North East) (14-116b)","Lizard Island Reef (North East) (14-116b)__LIZ_14-116b_3","Lizard Island Reef (North East) (14-116b)__campaign_4",5,0.00432900432900433,0.0153666099944672
"Lizard Island Reef (North East) (14-116b)__LIZ_14-116b_4__2022-10-29","Lizard Island Reef (North East) (14-116b)","Lizard Island Reef (North East) (14-116b)__LIZ_14-116b_4","Lizard Island Reef (North East) (14-116b)__campaign_4",5,0,0.0157414091613902
"Lizard Island Reef (North West) (14-116a)__LIZ_14-116a_30__2021-11-16","Lizard Island Reef (North West) (14-116a)","Lizard Island Reef (North West) (14-116a)__LIZ_14-116a_30","Lizard Island Reef (North West) (14-116a)__campaign_3",5,0.0321428571428571,0.0457237448011126
"Lizard Island Reef (North West) (14-116a)__LIZ_14-116a_32__2021-11-16","Lizard Island Reef (North West) (14-116a)","Lizard Island Reef (North West) (14-116a)__LIZ_14-116a_32","Lizard Island Reef (North West) (14-116a)__campaign_3",5,0.0571428571428571,0.052211560521807
"Lizard Island Reef (North West) (14-116a)__LIZ_14-116a_33__2021-11-16","Lizard Island Reef (North West) (14-116a)","Lizard Island Reef (North West) (14-116a)__LIZ_14-116a_33","Lizard Island Reef (North West) (14-116a)__campaign_3",5,0.00357142857142857,0.0481117555073329
"Lizard Island Reef (North West) (14-116a)__LIZ_14-116a_34__2021-11-16","Lizard Island Reef (North West) (14-116a)","Lizard Island Reef (North West) (14-116a)__LIZ_14-116a_34","Lizard Island Reef (North West) (14-116a)__campaign_3",5,0.0357142857142857,0.0457237448011126
"Prawn Reef (19-024)__PRA_19-024_11__2023-03-27","Prawn Reef (19-024)","Prawn Reef (19-024)__PRA_19-024_11","Prawn Reef (19-024)__campaign_1",5,0.00341296928327645,0.0237758314243356
"Prawn Reef (19-024)__PRA_19-024_4__2023-03-27","Prawn Reef (19-024)","Prawn Reef (19-024)__PRA_19-024_4","Prawn Reef (19-024)__campaign_1",5,0.0130718954248366,0.0534465702530605
"U/N Reef (21-067)__UN_21-067_1__2025-03-27","U/N Reef (21-067)","U/N Reef (21-067)__UN_21-067_1","U/N Reef (21-067)__campaign_1",5,0.145454545454545,0.0120180628516457
"U/N Reef (21-067)__UN_21-067_3__2025-03-27","U/N Reef (21-067)","U/N Reef (21-067)__UN_21-067_3","U/N Reef (21-067)__campaign_1",5,0.193965517241379,0.0576809356952536
"U/N Reef (21-067)__UN_21-067_5__2025-03-27","U/N Reef (21-067)","U/N Reef (21-067)__UN_21-067_5","U/N Reef (21-067)__campaign_1",5,0.0787037037037037,0.0455641878975762
"U/N Reef (21-067)__UN_21-067_6__2025-03-27","U/N Reef (21-067)","U/N Reef (21-067)__UN_21-067_6","U/N Reef (21-067)__campaign_1",5,0.127659574468085,0.0234375126818393
