"site_visit_id","threshold","observed","probability"
"Batt Reef (16-029)__BAT_16-029_82__2022-10-04",0.02,0,0.786929130554199
"Batt Reef (16-029)__BAT_16-029_83__2022-10-04",0.02,1,0.706907868385315
"Batt Reef (16-029)__BAT_16-029_84__2022-10-04",0.02,1,0.710314333438873
"Bowden Reef (19-019)__BOW_19-019_1__2022-10-01",0.02,0,0.704151809215546
"Bowden Reef (19-019)__BOW_19-019_20__2022-10-14",0.02,1,0.786929130554199
"Bowden Reef (19-019)__BOW_19-019_23__2022-09-30",0.02,0,0.715536534786224
"Bowden Reef (19-019)__BOW_19-019_24__2022-09-30",0.02,0,0.649155378341675
"Bowden Reef (19-019)__BOW_19-019_25__2022-09-30",0.02,1,0.617041647434235
"Bowden Reef (19-019)__BOW_19-019_26__2022-09-30",0.02,0,0.615200757980347
"Bowden Reef (19-019)__BOW_19-019_27__2022-10-01",0.02,0,0.710594475269318
"Bowden Reef (19-019)__BOW_19-019_28__2022-10-01",0.02,0,0.703645646572113
"Bowden Reef (19-019)__BOW_19-019_29__2022-10-01",0.02,0,0.617485404014587
"Bowden Reef (19-019)__BOW_19-019_31__2022-09-30",0.02,0,0.697227895259857
"Bowden Reef (19-019)__BOW_19-019_33__2022-10-01",0.02,0,0.698593258857727
"Bowden Reef (19-019)__BOW_19-019_34__2022-10-12",0.02,0,0.721733450889587
"Bowden Reef (19-019)__BOW_19-019_35__2022-10-12",0.02,0,0.720647752285004
"Bowden Reef (19-019)__BOW_19-019_36__2022-10-12",0.02,0,0.692777097225189
"Bowden Reef (19-019)__BOW_19-019_38__2022-10-01",0.02,0,0.611998081207275
"Bowden Reef (19-019)__BOW_19-019_39__2022-10-16",0.02,1,0.751492559909821
"Bowden Reef (19-019)__BOW_19-019_3__2022-10-02",0.02,1,0.64307302236557
"Bowden Reef (19-019)__BOW_19-019_42__2022-10-14",0.02,1,0.783763289451599
"Bowden Reef (19-019)__BOW_19-019_43__2022-10-13",0.02,1,0.715536534786224
"Bowden Reef (19-019)__BOW_19-019_44__2022-10-13",0.02,1,0.698355555534363
"Bowden Reef (19-019)__BOW_19-019_46__2022-10-14",0.02,1,0.636697471141815
"Bowden Reef (19-019)__BOW_19-019_49__2022-10-14",0.02,1,0.633616089820862
"Bowden Reef (19-019)__BOW_19-019_52__2022-10-13",0.02,1,0.603010654449463
"Bowden Reef (19-019)__BOW_19-019_53__2022-10-14",0.02,1,0.636697471141815
"Bowden Reef (19-019)__BOW_19-019_57__2022-10-13",0.02,1,0.710314333438873
"Bowden Reef (19-019)__BOW_19-019_60__2022-10-12",0.02,0,0.70854789018631
"Bowden Reef (19-019)__BOW_19-019_61__2022-10-16",0.02,0,0.703645646572113
"Bowden Reef (19-019)__BOW_19-019_62__2022-10-16",0.02,0,0.751492559909821
"Bowden Reef (19-019)__BOW_19-019_64__2022-10-16",0.02,1,0.702801406383514
"Bowden Reef (19-019)__BOW_19-019_65__2022-10-14",0.02,1,0.698355555534363
"Bowden Reef (19-019)__BOW_19-019_67__2022-10-13",0.02,1,0.720519483089447
"Bowden Reef (19-019)__BOW_19-019_68__2022-10-15",0.02,1,0.715043962001801
"Bowden Reef (19-019)__BOW_19-019_69__2022-10-16",0.02,1,0.610929369926453
"Bowden Reef (19-019)__BOW_19-019_71__2022-10-15",0.02,0,0.698355555534363
"Bowden Reef (19-019)__BOW_19-019_81__2022-10-13",0.02,1,0.655430614948273
"Bowden Reef (19-019)__BOW_19-019_84__2022-10-13",0.02,1,0.618547320365906
"Bowden Reef (19-019)__BOW_19-019_87__2022-10-15",0.02,1,0.697843730449677
"Bowden Reef (19-019)__BOW_19-019_88__2022-10-17",0.02,0,0.644265949726105
"Bowden Reef (19-019)__BOW_19-019_89__2022-10-14",0.02,1,0.715043962001801
"Bowden Reef (19-019)__BOW_19-019_90__2022-10-14",0.02,1,0.751492559909821
"Bowden Reef (19-019)__BOW_19-019_92__2022-10-15",0.02,0,0.636697471141815
"Bowden Reef (19-019)__BOW_19-019_94__2022-10-17",0.02,1,0.611998081207275
"Bowden Reef (19-019)__BOW_19-019_97__2022-10-16",0.02,1,0.63789975643158
"Darley Reef (19-043)__DAR_19-043_58__2023-03-29",0.02,0,0.419083476066589
"Darley Reef (19-043)__DAR_19-043_62__2023-03-29",0.02,1,0.665236234664917
"Darley Reef (19-043)__DAR_19-043_91__2023-03-28",0.02,0,0.868086159229279
"Darley Reef (19-043)__DAR_19-043_98__2023-03-28",0.02,1,0.450059562921524
"Davies Reef (18-096)__DAV_18-096_10__2023-01-22",0.02,0,0.669090569019318
"Davies Reef (18-096)__DAV_18-096_11__2023-01-23",0.02,0,0.739323079586029
"Davies Reef (18-096)__DAV_18-096_11__2024-03-18",0.02,0,0.651319265365601
"Davies Reef (18-096)__DAV_18-096_12__2023-01-23",0.02,1,0.737967610359192
"Davies Reef (18-096)__DAV_18-096_12__2024-03-03",0.02,0,0.688912391662598
"Davies Reef (18-096)__DAV_18-096_13__2023-01-23",0.02,1,0.747473299503326
"Davies Reef (18-096)__DAV_18-096_14__2023-01-23",0.02,1,0.747473299503326
"Davies Reef (18-096)__DAV_18-096_14__2024-03-03",0.02,0,0.699473023414612
"Davies Reef (18-096)__DAV_18-096_15__2023-01-23",0.02,1,0.747473299503326
"Davies Reef (18-096)__DAV_18-096_15__2024-01-31",0.02,1,0.747473299503326
"Davies Reef (18-096)__DAV_18-096_17__2024-02-17",0.02,1,0.662663578987122
"Davies Reef (18-096)__DAV_18-096_18__2023-01-24",0.02,1,0.637408375740051
"Davies Reef (18-096)__DAV_18-096_18__2024-01-13",0.02,1,0.745652973651886
"Davies Reef (18-096)__DAV_18-096_19__2023-01-24",0.02,1,0.412435501813889
"Davies Reef (18-096)__DAV_18-096_19__2024-03-17",0.02,1,0.453175038099289
"Davies Reef (18-096)__DAV_18-096_20__2023-01-25",0.02,0,0.526891946792603
"Davies Reef (18-096)__DAV_18-096_21__2023-01-25",0.02,0,0.532776653766632
"Davies Reef (18-096)__DAV_18-096_22__2024-03-17",0.02,0,0.488298237323761
"Davies Reef (18-096)__DAV_18-096_24__2024-05-30",0.02,0,0.696358144283295
"Davies Reef (18-096)__DAV_18-096_25__2023-02-05",0.02,0,0.74466997385025
"Davies Reef (18-096)__DAV_18-096_26__2023-01-22",0.02,0,0.747473299503326
"Davies Reef (18-096)__DAV_18-096_29__2023-01-24",0.02,1,0.707910060882568
"Davies Reef (18-096)__DAV_18-096_29__2024-06-12",0.02,1,0.751492559909821
"Davies Reef (18-096)__DAV_18-096_30__2024-03-18",0.02,0,0.454321712255478
"Davies Reef (18-096)__DAV_18-096_31__2023-01-24",0.02,1,0.667894065380096
"Davies Reef (18-096)__DAV_18-096_31__2024-03-21",0.02,1,0.569807469844818
"Davies Reef (18-096)__DAV_18-096_34__2023-01-23",0.02,0,0.739323079586029
"Davies Reef (18-096)__DAV_18-096_36__2024-03-19",0.02,0,0.569807469844818
"Davies Reef (18-096)__DAV_18-096_37__2024-03-19",0.02,1,0.54178249835968
"Davies Reef (18-096)__DAV_18-096_9__2023-01-22",0.02,0,0.649796843528748
"Eyrie Reef (14-118)__EYR_14-118_1__2026-02-26",0.02,1,0.715043962001801
"Eyrie Reef (14-118)__EYR_14-118_2__2026-02-26",0.02,1,0.698355555534363
"Judith Wright Reef (18-101)__JUD_18-101_1__2025-08-27",0.02,0,0.661659836769104
"Judith Wright Reef (18-101)__JUD_18-101_38__2025-10-14",0.02,1,0.388126641511917
"Judith Wright Reef (18-101)__JUD_18-101_3__2025-08-05",0.02,1,0.601295113563538
"Judith Wright Reef (18-101)__JUD_18-101_4__2025-08-05",0.02,1,0.601295113563538
"Judith Wright Reef (18-101)__JUD_18-101_5__2025-10-14",0.02,0,0.341837078332901
"Lizard Island Reef (Lagoon) (14-116d)__LIZ_14-116d_13__2024-01-19",0.02,1,0.297082245349884
"Lizard Island Reef (Lagoon) (14-116d)__LIZ_14-116d_14__2024-01-31",0.02,0,0.286799132823944
"Lizard Island Reef (Lagoon) (14-116d)__LIZ_14-116d_15__2024-01-19",0.02,0,0.288237422704697
"Lizard Island Reef (Lagoon) (14-116d)__LIZ_14-116d_16__2024-01-20",0.02,0,0.288237422704697
"Lizard Island Reef (Lagoon) (14-116d)__LIZ_14-116d_20__2025-10-12",0.02,0,0.624818921089172
"Lizard Island Reef (Lagoon) (14-116d)__LIZ_14-116d_21__2024-01-20",0.02,1,0.297082245349884
"Lizard Island Reef (Lagoon) (14-116d)__LIZ_14-116d_21__2025-10-12",0.02,0,0.624818921089172
"Lizard Island Reef (Lagoon) (14-116d)__LIZ_14-116d_22__2024-01-19",0.02,0,0.693816661834717
"Lizard Island Reef (Lagoon) (14-116d)__LIZ_14-116d_22__2025-10-12",0.02,1,0.769702196121216
"Lizard Island Reef (Lagoon) (14-116d)__LIZ_14-116d_24__2024-03-10",0.02,0,0.687949597835541
"Lizard Island Reef (Lagoon) (14-116d)__LIZ_14-116d_24__2025-10-10",0.02,1,0.766448974609375
"Lizard Island Reef (Lagoon) (14-116d)__LIZ_14-116d_25__2024-01-19",0.02,1,0.698914587497711
"Lizard Island Reef (Lagoon) (14-116d)__LIZ_14-116d_25__2025-10-10",0.02,1,0.775555491447449
"Lizard Island Reef (Lagoon) (14-116d)__LIZ_14-116d_27__2026-02-05",0.02,1,0.406427472829819
"Lizard Island Reef (Lagoon) (14-116d)__LIZ_14-116d_28__2023-10-30",0.02,1,0.703029572963715
"Lizard Island Reef (Lagoon) (14-116d)__LIZ_14-116d_28__2026-02-05",0.02,0,0.467836290597916
"Lizard Island Reef (Lagoon) (14-116d)__LIZ_14-116d_29__2023-10-29",0.02,1,0.586085438728333
"Lizard Island Reef (Lagoon) (14-116d)__LIZ_14-116d_29__2025-10-09",0.02,1,0.433825343847275
"Lizard Island Reef (Lagoon) (14-116d)__LIZ_14-116d_31__2024-01-18",0.02,0,0.723491668701172
"Lizard Island Reef (Lagoon) (14-116d)__LIZ_14-116d_31__2025-10-09",0.02,1,0.532286822795868
"Lizard Island Reef (North East) (14-116b)__LIZ_14-116b_1__2025-12-14",0.02,0,0.213023751974106
"Lizard Island Reef (North West) (14-116a)__LIZ_14-116a_30__2022-10-14",0.02,1,0.24764084815979
"Lizard Island Reef (North West) (14-116a)__LIZ_14-116a_30__2023-10-29",0.02,0,0.374538272619247
"Lizard Island Reef (North West) (14-116a)__LIZ_14-116a_31__2019-09-21",0.02,0,0.179686158895493
"Lizard Island Reef (North West) (14-116a)__LIZ_14-116a_31__2022-10-14",0.02,1,0.296110451221466
"Lizard Island Reef (North West) (14-116a)__LIZ_14-116a_32__2019-09-21",0.02,0,0.217126324772835
"Lizard Island Reef (North West) (14-116a)__LIZ_14-116a_33__2019-09-21",0.02,0,0.167477279901505
"Lizard Island Reef (North West) (14-116a)__LIZ_14-116a_34__2019-09-20",0.02,0,0.238898903131485
"Lizard Island Reef (North West) (14-116a)__LIZ_14-116a_34__2023-10-30",0.02,0,0.363000154495239
"Lizard Island Reef (North West) (14-116a)__LIZ_14-116a_35__2019-09-20",0.02,0,0.275361090898514
"Lizard Island Reef (North West) (14-116a)__LIZ_14-116a_35__2023-10-30",0.02,1,0.41386017203331
"Lizard Island Reef (North West) (14-116a)__LIZ_14-116a_36__2019-09-20",0.02,0,0.38519874215126
"Lizard Island Reef (North West) (14-116a)__LIZ_14-116a_36__2024-01-12",0.02,0,0.580366909503937
"North Direction Reef (14-143)__NOR_14-143_2__2024-01-22",0.02,1,0.55059278011322
"North Direction Reef (14-143)__NOR_14-143_3__2024-01-22",0.02,0,0.55059278011322
"North Direction Reef (14-143)__NOR_14-143_4__2024-01-22",0.02,0,0.483388155698776
"U/N Reef (11-049)__U/N_11-049_11__2025-04-07",0.02,1,0.73609471321106
"U/N Reef (11-049)__U/N_11-049_7__2025-04-07",0.02,0,0.73609471321106
"U/N Reef (21-460)__U/N_21-460_23__2025-04-11",0.02,0,0.456023544073105
"U/N Reef (21-460)__U/N_21-460_31__2025-04-10",0.02,0,0.369068890810013
"U/N Reef (21-460)__U/N_21-460_32__2025-04-10",0.02,0,0.265983164310455
"U/N Reef (21-460)__U/N_21-460_34__2025-04-10",0.02,0,0.419083476066589
"U/N Reef (21-460)__U/N_21-460_35__2025-04-10",0.02,0,0.265983164310455
"U/N Reef (21-460)__U/N_21-460_43__2025-04-11",0.02,0,0.29590716958046
"U/N Reef (21-460)__U/N_21-460_44__2025-04-11",0.02,0,0.27219831943512
"(Big) Broadhurst Reef (No 1) (18-100a)__(BI_18-100a_135__2025-08-01",0.02,0,0.459919720888138
"(Big) Broadhurst Reef (No 1) (18-100a)__BBR_18-100a_102__2025-08-02",0.02,0,0.518264651298523
"(Big) Broadhurst Reef (No 1) (18-100a)__BBR_18-100a_78__2025-08-01",0.02,0,0.518264651298523
"(Big) Broadhurst Reef (No 1) (18-100a)__BBR_18-100a_92__2025-04-09",0.02,0,0.418981552124023
"(Big) Broadhurst Reef (No 1) (18-100a)__BBR_18-100a_95__2025-04-09",0.02,0,0.383033275604248
"(Big) Broadhurst Reef (No 1) (18-100a)__BBR_18-100a_97__2025-08-03",0.02,0,0.151212826371193
"Davies Reef (18-096)__DAV_18-096_13__2023-06-26",0.02,1,0.66451096534729
"Davies Reef (18-096)__DAV_18-096_14__2023-06-26",0.02,1,0.696100831031799
"Davies Reef (18-096)__DAV_18-096_18__2023-03-25",0.02,1,0.83477658033371
"Davies Reef (18-096)__DAV_18-096_18__2025-02-09",0.02,1,0.672616541385651
"Davies Reef (18-096)__DAV_18-096_18__2025-08-10",0.02,1,0.819122314453125
"Davies Reef (18-096)__DAV_18-096_19__2023-05-22",0.02,1,0.570067763328552
"Davies Reef (18-096)__DAV_18-096_19__2025-02-09",0.02,0,0.663684904575348
"Davies Reef (18-096)__DAV_18-096_19__2025-08-09",0.02,1,0.813076734542847
"Davies Reef (18-096)__DAV_18-096_20__2023-05-25",0.02,1,0.615990519523621
"Davies Reef (18-096)__DAV_18-096_20__2025-08-08",0.02,1,0.793743789196014
"Davies Reef (18-096)__DAV_18-096_22__2025-08-20",0.02,0,0.778137803077698
"Davies Reef (18-096)__DAV_18-096_23__2025-08-22",0.02,0,0.784230828285217
"Davies Reef (18-096)__DAV_18-096_24__2025-08-08",0.02,0,0.821646511554718
"Davies Reef (18-096)__DAV_18-096_25__2025-12-10",0.02,0,0.368580639362335
"Davies Reef (18-096)__DAV_18-096_26__2025-12-10",0.02,1,0.501463234424591
"Davies Reef (18-096)__DAV_18-096_28__2023-03-25",0.02,0,0.296006768941879
"Davies Reef (18-096)__DAV_18-096_29__2023-04-14",0.02,1,0.778137803077698
"Davies Reef (18-096)__DAV_18-096_31__2023-05-28",0.02,1,0.568637013435364
"Davies Reef (18-096)__DAV_18-096_32__2025-02-10",0.02,1,0.674980461597443
"Davies Reef (18-096)__DAV_18-096_33__2025-08-07",0.02,0,0.813076734542847
"Davies Reef (18-096)__DAV_18-096_37__2025-08-09",0.02,0,0.816435575485229
"Elford Reef (16-073)__ELF_16-073_4__2022-08-06",0.02,0,0.117510847747326
"Elford Reef (16-073)__ELF_16-073_51__2022-09-07",0.02,0,0.167225107550621
"Elford Reef (16-073)__ELF_16-073_52__2022-08-24",0.02,0,0.197219267487526
"Elford Reef (16-073)__ELF_16-073_9__2022-08-07",0.02,0,0.358091652393341
"Faith Reef (19-044)__FAI_19-044_13__2023-03-30",0.02,1,0.671373605728149
"Faith Reef (19-044)__FAI_19-044_14__2023-04-18",0.02,1,0.632846117019653
"John Brewer Reef (18-075)__JOH_18-075_21__2026-01-16",0.02,0,0.76105409860611
"Lizard Island Reef (North West) (14-116a)__LIZ_14-116a_30__2025-10-09",0.02,1,0.28645059466362
"Lizard Island Reef (North West) (14-116a)__LIZ_14-116a_31__2024-10-23",0.02,1,0.654243588447571
"Lizard Island Reef (North West) (14-116a)__LIZ_14-116a_31__2025-12-15",0.02,1,0.122809112071991
"Lizard Island Reef (North West) (14-116a)__LIZ_14-116a_33__2024-10-23",0.02,0,0.652895629405975
"Lizard Island Reef (North West) (14-116a)__LIZ_14-116a_33__2025-10-11",0.02,0,0.27632263302803
"Lizard Island Reef (North West) (14-116a)__LIZ_14-116a_34__2025-10-11",0.02,0,0.28645059466362
"Lizard Island Reef (North West) (14-116a)__LIZ_14-116a_35__2024-12-03",0.02,0,0.567790746688843
"Lizard Island Reef (North West) (14-116a)__LIZ_14-116a_35__2026-02-05",0.02,0,0.122949928045273
"Lizard Island Reef (North West) (14-116a)__LIZ_14-116a_36__2024-12-03",0.02,0,0.61439573764801
"Lizard Island Reef (North West) (14-116a)__LIZ_14-116a_36__2025-12-14",0.02,1,0.139637157320976
"Lynchs Reef (18-091)__LYN_18-091_37__2023-06-27",0.02,1,0.252743005752563
"Lynchs Reef (18-091)__LYN_18-091_38__2023-04-15",0.02,1,0.34853982925415
"Lynchs Reef (18-091)__LYN_18-091_39__2023-04-01",0.02,1,0.804985105991364
"Lynchs Reef (18-091)__LYN_18-091_40__2023-04-16",0.02,1,0.783031582832336
"Lynchs Reef (18-091)__LYN_18-091_41__2023-04-01",0.02,1,0.671373605728149
"Moore Reef (16-071)__MOO_16-071_155__2021-10-05",0.02,1,0.609956026077271
"Moore Reef (16-071)__MOO_16-071_156__2021-10-05",0.02,1,0.758880257606506
"Shrimp Reef (18-118)__SHR_18-118_19__2023-03-26",0.02,0,0.605034530162811
"Thetford Reef (16-068)__THE_16-068_12__2021-10-04",0.02,0,0.385954558849335
"Thetford Reef (16-068)__THE_16-068_15__2021-06-29",0.02,0,0.489377737045288
"Thetford Reef (16-068)__THE_16-068_27__2021-10-04",0.02,1,0.421989440917969
"U/N Reef (20-386)__U/N_20-386_14__2025-08-20",0.02,0,0.817548632621765
"U/N Reef (20-386)__U/N_20-386_15__2025-08-21",0.02,1,0.817548632621765
"U/N Reef (20-386)__U/N_20-386_17__2025-08-20",0.02,0,0.812233984470367
"U/N Reef (20-386)__U/N_20-386_18__2025-08-21",0.02,1,0.816755175590515
"U/N Reef (20-386)__U/N_20-386_19__2025-08-21",0.02,0,0.813076734542847
"U/N Reef (20-386)__U/N_20-386_1__2025-08-20",0.02,1,0.653822481632233
"U/N Reef (20-386)__U/N_20-386_26__2025-08-19",0.02,0,0.314673572778702
"U/N Reef (20-386)__U/N_20-386_27__2025-08-19",0.02,0,0.67420506477356
"U/N Reef (20-386)__U/N_20-386_28__2025-08-20",0.02,1,0.651512622833252
"U/N Reef (20-386)__U/N_20-386_29__2025-08-20",0.02,1,0.666418671607971
"U/N Reef (20-386)__U/N_20-386_2__2025-08-20",0.02,1,0.660513460636139
"U/N Reef (20-386)__U/N_20-386_30__2025-08-21",0.02,1,0.661845862865448
"U/N Reef (20-386)__U/N_20-386_31__2025-08-21",0.02,1,0.659848630428314
"U/N Reef (20-386)__U/N_20-386_36__2025-08-20",0.02,1,0.307037472724915
"U/N Reef (20-386)__U/N_20-386_4__2026-02-18",0.02,0,0.573103070259094
"U/N Reef (20-386)__U/N_20-386_5__2026-02-18",0.02,0,0.588121771812439
"U/N Reef (21-466)__U/N_21-466_10__2025-05-07",0.02,0,0.16870179772377
"U/N Reef (21-466)__U/N_21-466_12__2025-05-06",0.02,0,0.258280664682388
"U/N Reef (21-466)__U/N_21-466_14__2025-05-06",0.02,0,0.255953907966614
"U/N Reef (21-466)__U/N_21-466_1__2025-05-08",0.02,0,0.221585586667061
"U/N Reef (21-466)__U/N_21-466_2__2025-05-06",0.02,0,0.192078351974487
"U/N Reef (21-466)__U/N_21-466_42__2025-05-07",0.02,0,0.16870179772377
"U/N Reef (21-466)__U/N_21-466_43__2025-05-07",0.02,0,0.176907613873482
"U/N Reef (21-466)__U/N_21-466_44__2025-05-08",0.02,0,0.248280271887779
"U/N Reef (21-466)__U/N_21-466_45__2025-05-07",0.02,0,0.209256127476692
"U/N Reef (21-466)__U/N_21-466_46__2025-04-12",0.02,0,0.307037472724915
"U/N Reef (21-466)__U/N_21-466_4__2025-05-08",0.02,0,0.172907903790474
"U/N Reef (21-466)__U/N_21-466_7__2025-04-12",0.02,0,0.31339231133461
"U/N Reef (21-466)__U/N_21-466_8__2025-05-08",0.02,0,0.231452628970146
"U/N Reef (21-466)__U/N_21-466_9__2025-05-08",0.02,0,0.231452628970146
"Vicki Harriott Reef (15-070)__VIC_15-070_12__2026-02-02",0.02,1,0.57457160949707
"Vicki Harriott Reef (15-070)__VIC_15-070_13__2026-02-01",0.02,1,0.568749189376831
"Vicki Harriott Reef (15-070)__VIC_15-070_14__2026-02-02",0.02,1,0.57457160949707
"Vicki Harriott Reef (15-070)__VIC_15-070_15__2026-02-01",0.02,1,0.582772374153137
"Vicki Harriott Reef (15-070)__VIC_15-070_16__2026-02-01",0.02,1,0.617598593235016
"Vicki Harriott Reef (15-070)__VIC_15-070_19__2026-02-15",0.02,1,0.521299004554749
"Vicki Harriott Reef (15-070)__VIC_15-070_1__2026-04-29",0.02,1,0.518850326538086
"Vicki Harriott Reef (15-070)__VIC_15-070_22__2026-02-15",0.02,0,0.650951027870178
"Vicki Harriott Reef (15-070)__VIC_15-070_23__2026-01-31",0.02,1,0.841143429279327
"Vicki Harriott Reef (15-070)__VIC_15-070_24__2026-01-31",0.02,1,0.840933203697205
"Vicki Harriott Reef (15-070)__VIC_15-070_29__2026-02-01",0.02,1,0.654069662094116
"Vicki Harriott Reef (15-070)__VIC_15-070_2__2026-02-20",0.02,0,0.4704769551754
"Vicki Harriott Reef (15-070)__VIC_15-070_30__2026-02-02",0.02,0,0.813076734542847
"Vicki Harriott Reef (15-070)__VIC_15-070_31__2026-02-02",0.02,0,0.653822481632233
"Vicki Harriott Reef (15-070)__VIC_15-070_4__2026-01-31",0.02,1,0.647095680236816
"Vicki Harriott Reef (15-070)__VIC_15-070_5__2026-01-31",0.02,1,0.666700541973114
"Vicki Harriott Reef (15-070)__VIC_15-070_6__2026-02-01",0.02,1,0.686890423297882
"Vicki Harriott Reef (15-070)__VIC_15-070_7__2026-02-01",0.02,1,0.660513460636139
"Vicki Harriott Reef (15-070)__ViC_15-070_32__2026-04-29",0.02,0,0.67759644985199
"Banfield Reef (North) (18-105a)__BAN_18-105a_10__2025-04-24",0.02,1,0.149026796221733
"Banfield Reef (North) (18-105a)__BAN_18-105a_10__2025-08-04",0.02,1,0.77183872461319
"Banfield Reef (North) (18-105a)__BAN_18-105a_15__2025-08-19",0.02,1,0.736927032470703
"Banfield Reef (North) (18-105a)__BAN_18-105a_1__2025-04-03",0.02,1,0.270697206258774
"Banfield Reef (North) (18-105a)__BAN_18-105a_1__2025-08-19",0.02,1,0.777430236339569
"Banfield Reef (North) (18-105a)__BAN_18-105a_2__2025-08-06",0.02,1,0.740720391273499
"Banfield Reef (North) (18-105a)__BAN_18-105a_3__2025-04-03",0.02,1,0.278943985700607
"Banfield Reef (North) (18-105a)__BAN_18-105a_3__2025-08-04",0.02,1,0.726842761039734
"Banfield Reef (North) (18-105a)__BAN_18-105a_4__2025-10-27",0.02,1,0.621549487113953
"Banfield Reef (North) (18-105a)__BAN_18-105a_5__2025-10-27",0.02,1,0.626093804836273
"Banfield Reef (North) (18-105a)__BAN_18-105a_7__2025-10-12",0.02,1,0.607164621353149
"Banfield Reef (North) (18-105a)__BAN_18-105a_8__2025-04-02",0.02,1,0.716154336929321
"Banfield Reef (North) (18-105a)__BAN_18-105a_8__2025-08-06",0.02,1,0.77183872461319
"Bowden Reef (19-019)__BOW_19-019_15__2025-09-24",0.02,0,0.590072453022003
"Bowden Reef (19-019)__BOW_19-019_18__2025-09-13",0.02,0,0.597267866134644
"Bowden Reef (19-019)__BOW_19-019_19__2025-09-14",0.02,1,0.592450380325317
"Bowden Reef (19-019)__BOW_19-019_20__2025-09-14",0.02,1,0.660772800445557
"Bowden Reef (19-019)__BOW_19-019_21__2025-09-25",0.02,0,0.660772800445557
"Bowden Reef (19-019)__BOW_19-019_25__2025-12-06",0.02,0,0.462966620922089
"Bowden Reef (19-019)__BOW_19-019_28__2025-09-25",0.02,0,0.616341948509216
"Bowden Reef (19-019)__BOW_19-019_29__2025-09-25",0.02,0,0.602907359600067
"Bowden Reef (19-019)__BOW_19-019_30__2025-09-16",0.02,0,0.625945389270782
"Bowden Reef (19-019)__BOW_19-019_31__2025-09-16",0.02,0,0.601305544376373
"Bowden Reef (19-019)__BOW_19-019_41__2025-10-15",0.02,0,0.474832624197006
"Bowden Reef (19-019)__BOW_19-019_42__2025-09-25",0.02,0,0.660772800445557
"Bowden Reef (19-019)__BOW_19-019_43__2025-10-15",0.02,0,0.476828634738922
"Bowden Reef (19-019)__BOW_19-019_45__2025-10-15",0.02,0,0.496241003274918
"Bowden Reef (19-019)__BOW_19-019_56__2025-12-06",0.02,0,0.431708991527557
"Bowden Reef (19-019)__BOW_19-019_65__2025-12-06",0.02,0,0.438568562269211
"Bowden Reef (19-019)__BOW_19-019_73__2025-12-06",0.02,1,0.431141316890717
"Bowden Reef (19-019)__BOW_19-019_83__2025-10-16",0.02,0,0.495829612016678
"Davies Reef (18-096)__DAV_18-096_16__2021-05-31",0.02,1,0.74455738067627
"Davies Reef (18-096)__DAV_18-096_17__2021-05-30",0.02,1,0.751349568367004
"Davies Reef (18-096)__DAV_18-096_18__2021-05-30",0.02,1,0.746952891349792
"Davies Reef (18-096)__DAV_18-096_19__2021-08-23",0.02,1,0.608362853527069
"Davies Reef (18-096)__DAV_18-096_29__2021-06-28",0.02,1,0.709786236286163
"Davies Reef (18-096)__DAV_18-096_32__2021-05-31",0.02,1,0.745536208152771
"Eyrie Reef (14-118)__EYR_14-118_11__2022-11-09",0.02,0,0.308230131864548
"Eyrie Reef (14-118)__EYR_14-118_14__2022-11-08",0.02,0,0.248064428567886
"Eyrie Reef (14-118)__EYR_14-118_16__2022-11-08",0.02,0,0.249544709920883
"Eyrie Reef (14-118)__EYR_14-118_17__2022-11-15",0.02,1,0.62447464466095
"Eyrie Reef (14-118)__EYR_14-118_18__2022-11-16",0.02,0,0.570954203605652
"Eyrie Reef (14-118)__EYR_14-118_19__2022-11-16",0.02,0,0.539877474308014
"Eyrie Reef (14-118)__EYR_14-118_20__2022-10-15",0.02,1,0.59386157989502
"Eyrie Reef (14-118)__EYR_14-118_21__2022-11-17",0.02,0,0.586744070053101
"Eyrie Reef (14-118)__EYR_14-118_27__2022-12-03",0.02,0,0.163607984781265
"Eyrie Reef (14-118)__EYR_14-118_28__2022-12-03",0.02,0,0.337653011083603
"Eyrie Reef (14-118)__EYR_14-118_30__2022-11-04",0.02,0,0.247516810894012
"Eyrie Reef (14-118)__EYR_14-118_31__2022-11-07",0.02,0,0.253306984901428
"Eyrie Reef (14-118)__EYR_14-118_6__2022-11-12",0.02,1,0.219425395131111
"Eyrie Reef (14-118)__EYR_14-118_7__2022-11-12",0.02,1,0.219425395131111
"Eyrie Reef (14-118)__EYR_14-118_8__2022-11-13",0.02,1,0.219425395131111
"Green Island Reef (16-049)__GRE_16-049_19__2021-10-04",0.02,1,0.410927087068558
"Green Island Reef (16-049)__GRE_16-049_1__2021-10-04",0.02,0,0.118762008845806
"Green Island Reef (16-049)__GRE_16-049_21__2023-07-12",0.02,0,0.68762731552124
"Green Island Reef (16-049)__GRE_16-049_2__2023-08-28",0.02,0,0.603051245212555
"Green Island Reef (16-049)__GRE_16-049_3__2023-08-28",0.02,0,0.601534187793732
"Lizard Island Reef (Lagoon) (14-116d)__LIZ_14-116d_21__2019-09-19",0.02,0,0.135798379778862
"Lizard Island Reef (Lagoon) (14-116d)__LIZ_14-116d_24__2019-09-23",0.02,0,0.553563833236694
"Lizard Island Reef (Lagoon) (14-116d)__LIZ_14-116d_25__2019-09-22",0.02,0,0.499141901731491
"Lizard Island Reef (Lagoon) (14-116d)__LIZ_14-116d_28__2019-09-22",0.02,0,0.157965496182442
"Lizard Island Reef (North East) (14-116b)__LIZ_14-116b_3__2019-09-19",0.02,0,0.183419182896614
"Moore Reef (16-071)__MOO_16-071_112__2021-02-06",0.02,0,0.212546095252037
"Moore Reef (16-071)__MOO_16-071_112__2022-06-01",0.02,0,0.686842560768127
"Moore Reef (16-071)__MOO_16-071_113__2021-02-05",0.02,0,0.268727749586105
"Moore Reef (16-071)__MOO_16-071_133__2021-02-17",0.02,1,0.633820295333862
"Moore Reef (16-071)__MOO_16-071_134__2021-02-18",0.02,1,0.686464130878448
"Moore Reef (16-071)__MOO_16-071_136__2021-02-18",0.02,1,0.653511881828308
"Moore Reef (16-071)__MOO_16-071_137__2021-02-19",0.02,1,0.629613518714905
"Moore Reef (16-071)__MOO_16-071_146__2021-02-19",0.02,1,0.379281133413315
"Moore Reef (16-071)__MOO_16-071_147__2020-09-21",0.02,1,0.452632814645767
"Moore Reef (16-071)__MOO_16-071_147__2022-06-01",0.02,0,0.735050022602081
"Moore Reef (16-071)__MOO_16-071_148__2020-09-20",0.02,1,0.704690277576447
"Moore Reef (16-071)__MOO_16-071_154__2020-09-20",0.02,1,0.698224306106567
"Moore Reef (16-071)__MOO_16-071_156__2020-09-21",0.02,0,0.425891995429993
"Moore Reef (16-071)__MOO_16-071_157__2021-02-07",0.02,0,0.374606162309647
"Moore Reef (16-071)__MOO_16-071_160__2021-02-16",0.02,0,0.630793869495392
"Thetford Reef (16-068)__THE_16-068_13__2022-09-21",0.02,0,0.114477671682835
"Thetford Reef (16-068)__THE_16-068_14__2022-08-14",0.02,0,0.172826007008553
"Thetford Reef (16-068)__THE_16-068_15__2022-08-13",0.02,0,0.162903174757957
"Thetford Reef (16-068)__THE_16-068_16__2022-08-12",0.02,0,0.188317686319351
"Thetford Reef (16-068)__THE_16-068_17__2022-08-11",0.02,0,0.167301222681999
"Thetford Reef (16-068)__THE_16-068_27__2022-09-21",0.02,0,0.141923785209656
"Tongue Reef (16-026)__TON_16-026_36__2021-07-25",0.02,1,0.574179708957672
"Tongue Reef (16-026)__TON_16-026_37__2021-07-25",0.02,1,0.563464403152466
"Tongue Reef (16-026)__TON_16-026_43__2021-07-21",0.02,0,0.123792245984077
"Tongue Reef (16-026)__TON_16-026_44__2021-07-21",0.02,0,0.490047186613083
"U/N Reef (15-043)__U/N_15-043_17__2026-03-01",0.02,0,0.671225726604462
"U/N Reef (21-069)__UN_21-069_3__2025-03-28",0.02,0,0.214321479201317
"U/N Reef (21-069)__UN_21-069_6__2025-03-28",0.02,0,0.214321479201317
"U/N Reef (21-069)__UN_21-069_8__2025-03-28",0.02,0,0.233022123575211
"U/N Reef (21-250a)__U/N_21-250a_11__2025-12-11",0.02,1,0.687101006507874
"U/N Reef (21-250a)__U/N_21-250a_20__2025-12-11",0.02,1,0.603272616863251
"U/N Reef (21-250a)__U/N_21-250a_21__2025-12-11",0.02,0,0.592770159244537
"U/N Reef (21-250a)__U/N_21-250a_5__2025-12-11",0.02,1,0.635435044765472
"U/N Reef (21-250a)__U/N_21-250a_6__2025-12-10",0.02,0,0.577017664909363
"U/N Reef (21-250a)__U/N_21-250a_7__2025-12-10",0.02,1,0.642816662788391
"U/N Reef (21-250a)__U/N_21-250a_8__2025-12-10",0.02,0,0.656548738479614
"U/N Reef (21-250a)__U/N_21-250a_9__2025-12-10",0.02,0,0.659113824367523
"Banfield Reef (North) (18-105a)__BAN_18-105a_10__2023-04-17",0.02,1,0.683473408222198
"Banfield Reef (North) (18-105a)__BAN_18-105a_1__2023-03-31",0.02,1,0.79553085565567
"Banfield Reef (North) (18-105a)__BAN_18-105a_2__2023-06-23",0.02,1,0.63972795009613
"Banfield Reef (North) (18-105a)__BAN_18-105a_3__2023-08-14",0.02,1,0.319387137889862
"Banfield Reef (North) (18-105a)__BAN_18-105a_4__2023-08-14",0.02,1,0.301803529262543
"Batt Reef (16-029)__BAT_16-029_80__2025-06-06",0.02,1,0.835647225379944
"Batt Reef (16-029)__BAT_16-029_81__2025-06-06",0.02,1,0.73771858215332
"Batt Reef (16-029)__BAT_16-029_82__2021-11-03",0.02,1,0.787766337394714
"Batt Reef (16-029)__BAT_16-029_82__2025-07-03",0.02,1,0.593888878822327
"Batt Reef (16-029)__BAT_16-029_83__2021-11-02",0.02,1,0.672489404678345
"Batt Reef (16-029)__BAT_16-029_83__2025-08-14",0.02,1,0.730523705482483
"Batt Reef (16-029)__BAT_16-029_84__2021-10-17",0.02,1,0.775839924812317
"Batt Reef (16-029)__BAT_16-029_84__2025-08-15",0.02,1,0.6034916639328
"Batt Reef (16-029)__BAT_16-029_85__2021-10-17",0.02,1,0.7158482670784
"Batt Reef (16-029)__BAT_16-029_85__2025-09-05",0.02,1,0.521360039710999
"Batt Reef (16-029)__BAT_16-029_86__2025-11-15",0.02,1,0.638225138187408
"Batt Reef (16-029)__BAT_16-029_91__2025-09-05",0.02,0,0.649582207202911
"Batt Reef (16-029)__BAT_16-029_92__2025-09-05",0.02,1,0.503145098686218
"Davies Reef (18-096)__DAV_18-096_13__2024-10-20",0.02,0,0.690872371196747
"Davies Reef (18-096)__DAV_18-096_14__2024-10-05",0.02,0,0.697377145290375
"Davies Reef (18-096)__DAV_18-096_15__2024-10-05",0.02,1,0.697377145290375
"Davies Reef (18-096)__DAV_18-096_16__2020-09-22",0.02,1,0.465784102678299
"Davies Reef (18-096)__DAV_18-096_16__2024-10-20",0.02,1,0.551260530948639
"Davies Reef (18-096)__DAV_18-096_17__2024-10-20",0.02,0,0.675742566585541
"Davies Reef (18-096)__DAV_18-096_18__2024-09-18",0.02,1,0.614627301692963
"Davies Reef (18-096)__DAV_18-096_19__2020-09-22",0.02,1,0.514128983020782
"Davies Reef (18-096)__DAV_18-096_19__2024-08-30",0.02,0,0.761385083198547
"Davies Reef (18-096)__DAV_18-096_20__2024-11-04",0.02,0,0.604141652584076
"Davies Reef (18-096)__DAV_18-096_21__2024-11-05",0.02,1,0.601472496986389
"Davies Reef (18-096)__DAV_18-096_22__2024-11-04",0.02,0,0.639032423496246
"Davies Reef (18-096)__DAV_18-096_23__2024-11-04",0.02,0,0.551593482494354
"Davies Reef (18-096)__DAV_18-096_24__2024-11-04",0.02,0,0.53907710313797
"Davies Reef (18-096)__DAV_18-096_29__2024-09-14",0.02,0,0.699313282966614
"Davies Reef (18-096)__DAV_18-096_32__2024-10-20",0.02,1,0.552840530872345
"Davies Reef (18-096)__DAV_18-096_33__2024-11-24",0.02,0,0.61554878950119
"Davies Reef (18-096)__DAV_18-096_34__2024-10-20",0.02,1,0.543677628040314
"Davies Reef (18-096)__DAV_18-096_37__2024-08-30",0.02,1,0.708185315132141
"Eyrie Reef (14-118)__EYR_14-118_14__2023-10-28",0.02,1,0.312666386365891
"Eyrie Reef (14-118)__EYR_14-118_16__2023-10-28",0.02,1,0.323398262262344
"Eyrie Reef (14-118)__EYR_14-118_17__2024-01-08",0.02,1,0.495996475219727
"Eyrie Reef (14-118)__EYR_14-118_18__2021-12-17",0.02,0,0.256188362836838
"Eyrie Reef (14-118)__EYR_14-118_18__2023-11-13",0.02,0,0.431919127702713
"Eyrie Reef (14-118)__EYR_14-118_19__2021-12-17",0.02,0,0.345354020595551
"Eyrie Reef (14-118)__EYR_14-118_19__2023-11-13",0.02,0,0.538007616996765
"Eyrie Reef (14-118)__EYR_14-118_20__2023-11-12",0.02,1,0.492565542459488
"Eyrie Reef (14-118)__EYR_14-118_21__2021-12-16",0.02,1,0.300466120243073
"Eyrie Reef (14-118)__EYR_14-118_21__2023-11-12",0.02,1,0.48669558763504
"Eyrie Reef (14-118)__EYR_14-118_24__2021-12-16",0.02,0,0.37963730096817
"Eyrie Reef (14-118)__EYR_14-118_29__2024-03-12",0.02,0,0.538338780403137
"Eyrie Reef (14-118)__EYR_14-118_31__2024-03-12",0.02,0,0.541868686676025
"Eyrie Reef (14-118)__EYR_14-118_32__2023-11-14",0.02,0,0.316730886697769
"Eyrie Reef (14-118)__EYR_14-118_33__2024-02-03",0.02,0,0.413384884595871
"Eyrie Reef (14-118)__EYR_14-118_6__2021-11-29",0.02,1,0.509957611560822
"Eyrie Reef (14-118)__EYR_14-118_7__2021-11-30",0.02,1,0.509957611560822
"Eyrie Reef (14-118)__EYR_14-118_8__2021-11-30",0.02,1,0.509957611560822
"Eyrie Reef (14-118)__EYR_14-118_8__2023-10-27",0.02,1,0.448547512292862
"Fitzroy Reef (23-077)__FIT_23-077_21__2026-05-23",0.02,1,0.613864779472351
"Fitzroy Reef (23-077)__FIT_23-077_22__2026-05-23",0.02,1,0.611997485160828
"Fitzroy Reef (23-077)__FIT_23-077_24__2026-05-24",0.02,0,0.465446799993515
"Fitzroy Reef (23-077)__FIT_23-077_25__2026-05-23",0.02,1,0.548551917076111
"Fitzroy Reef (23-077)__FIT_23-077_32__2026-05-23",0.02,0,0.468774974346161
"Fitzroy Reef (23-077)__FIT_23-077_33__2026-05-23",0.02,0,0.592515408992767
"Green Island Reef (16-049)__GRE_16-049_14__2025-10-17",0.02,0,0.194099232554436
"Green Island Reef (16-049)__GRE_16-049_15__2025-10-17",0.02,1,0.117570787668228
"Keeper Reef (18-079)__KEE_18-079_10__2020-09-04",0.02,1,0.37057626247406
"Keeper Reef (18-079)__KEE_18-079_11__2020-05-22",0.02,0,0.689363062381744
"Keeper Reef (18-079)__KEE_18-079_12__2020-07-30",0.02,0,0.528603374958038
"Keeper Reef (18-079)__KEE_18-079_13__2020-07-29",0.02,0,0.489289253950119
"Keeper Reef (18-079)__KEE_18-079_17__2020-06-08",0.02,1,0.440245926380157
"Keeper Reef (18-079)__KEE_18-079_18__2020-05-21",0.02,1,0.683458089828491
"Keeper Reef (18-079)__KEE_18-079_19__2020-05-21",0.02,1,0.584233105182648
"Keeper Reef (18-079)__KEE_18-079_20__2020-05-22",0.02,1,0.577116072177887
"Keeper Reef (18-079)__KEE_18-079_23__2020-06-22",0.02,1,0.295015662908554
"Keeper Reef (18-079)__KEE_18-079_4__2020-06-22",0.02,1,0.31331530213356
"Keeper Reef (18-079)__KEE_18-079_5__2020-06-23",0.02,1,0.31331530213356
"Keeper Reef (18-079)__KEE_18-079_6__2020-08-08",0.02,1,0.344928473234177
"Keeper Reef (18-079)__KEE_18-079_7__2020-09-22",0.02,1,0.24920217692852
"Keeper Reef (18-079)__KEE_18-079_8__2020-10-26",0.02,1,0.698624610900879
"Keeper Reef (18-079)__KEE_18-079_9__2020-06-07",0.02,1,0.656953394412994
"Lizard Island Reef (Lagoon) (14-116d)__LIZ_14-116d_13__2020-11-13",0.02,0,0.194099232554436
"Lizard Island Reef (Lagoon) (14-116d)__LIZ_14-116d_14__2020-11-13",0.02,0,0.113786399364471
"Lizard Island Reef (Lagoon) (14-116d)__LIZ_14-116d_29__2020-11-17",0.02,0,0.14325039088726
"Lizard Island Reef (North East) (14-116b)__LIZ_14-116b_1__2020-11-16",0.02,0,0.234201267361641
"Lizard Island Reef (North West) (14-116a)__LIZ_14-116a_30__2020-11-17",0.02,0,0.471226543188095
"Lizard Island Reef (North West) (14-116a)__LIZ_14-116a_31__2020-11-16",0.02,0,0.429425448179245
"Lizard Island Reef (North West) (14-116a)__LIZ_14-116a_33__2020-11-16",0.02,0,0.454304486513138
"Lizard Island Reef (North West) (14-116a)__LIZ_14-116a_35__2020-11-16",0.02,0,0.358104079961777
"North Direction Reef (14-143)__NOR_14-143_3__2021-11-25",0.02,0,0.212721079587936
"North Direction Reef (14-143)__NOR_14-143_4__2022-02-21",0.02,0,0.21712689101696
"U/N Reef (21-057)__U/N_21-057_41__2025-08-22",0.02,0,0.294260710477829
"U/N Reef (21-057)__U/N_21-057_42__2025-08-22",0.02,0,0.275633692741394
"U/N Reef (21-057)__U/N_21-057_43__2025-08-22",0.02,0,0.275317072868347
"U/N Reef (21-057)__U/N_21-057_44__2025-08-22",0.02,1,0.273906975984573
"Batt Reef (16-029)__BAT_16-029_82__2023-07-21",0.02,1,0.605933368206024
"Batt Reef (16-029)__BAT_16-029_83__2023-09-02",0.02,1,0.376243352890015
"Batt Reef (16-029)__BAT_16-029_84__2023-09-02",0.02,1,0.376569420099258
"Batt Reef (16-029)__BAT_16-029_85__2023-07-20",0.02,0,0.504534184932709
"Bushy-Redbill Reef (20-310)__BUS_20-310_19__2025-09-11",0.02,1,0.678102195262909
"Bushy-Redbill Reef (20-310)__BUS_20-310_1__2025-08-23",0.02,1,0.761213660240173
"Bushy-Redbill Reef (20-310)__BUS_20-310_20__2025-08-24",0.02,1,0.74308443069458
"Bushy-Redbill Reef (20-310)__BUS_20-310_21__2025-08-23",0.02,1,0.842762172222137
"Bushy-Redbill Reef (20-310)__BUS_20-310_22__2025-08-24",0.02,1,0.824005365371704
"Davies Reef (18-096)__DAV_18-096_12__2019-08-18",0.02,0,0.454374670982361
"Davies Reef (18-096)__DAV_18-096_13__2023-08-15",0.02,1,0.721502900123596
"Davies Reef (18-096)__DAV_18-096_14__2022-06-13",0.02,1,0.695433497428894
"Davies Reef (18-096)__DAV_18-096_14__2023-08-15",0.02,1,0.721502900123596
"Davies Reef (18-096)__DAV_18-096_15__2023-12-02",0.02,1,0.849451661109924
"Davies Reef (18-096)__DAV_18-096_16__2019-08-20",0.02,1,0.445071876049042
"Davies Reef (18-096)__DAV_18-096_16__2023-12-02",0.02,0,0.751139521598816
"Davies Reef (18-096)__DAV_18-096_17__2019-08-05",0.02,1,0.450503319501877
"Davies Reef (18-096)__DAV_18-096_18__2019-08-05",0.02,1,0.475749522447586
"Davies Reef (18-096)__DAV_18-096_18__2022-06-24",0.02,1,0.610601902008057
"Davies Reef (18-096)__DAV_18-096_18__2023-07-20",0.02,1,0.805754899978638
"Davies Reef (18-096)__DAV_18-096_19__2019-08-01",0.02,1,0.532605588436127
"Davies Reef (18-096)__DAV_18-096_19__2022-06-25",0.02,1,0.422189056873322
"Davies Reef (18-096)__DAV_18-096_19__2023-07-19",0.02,0,0.78950446844101
"Davies Reef (18-096)__DAV_18-096_20__2019-08-07",0.02,0,0.643008828163147
"Davies Reef (18-096)__DAV_18-096_20__2022-06-26",0.02,1,0.452525973320007
"Davies Reef (18-096)__DAV_18-096_21__2022-07-24",0.02,0,0.432109892368317
"Davies Reef (18-096)__DAV_18-096_22__2019-09-13",0.02,1,0.467446804046631
"Davies Reef (18-096)__DAV_18-096_22__2022-09-07",0.02,1,0.372426331043243
"Davies Reef (18-096)__DAV_18-096_23__2019-08-02",0.02,0,0.59342086315155
"Davies Reef (18-096)__DAV_18-096_23__2022-09-07",0.02,1,0.440137773752213
"Davies Reef (18-096)__DAV_18-096_24__2019-08-02",0.02,1,0.730828821659088
"Davies Reef (18-096)__DAV_18-096_24__2022-06-11",0.02,1,0.369465589523315
"Davies Reef (18-096)__DAV_18-096_25__2022-06-11",0.02,1,0.366874694824219
"Davies Reef (18-096)__DAV_18-096_25__2023-08-24",0.02,1,0.351072579622269
"Davies Reef (18-096)__DAV_18-096_29__2019-08-03",0.02,1,0.509529829025269
"Davies Reef (18-096)__DAV_18-096_29__2022-06-24",0.02,1,0.642227470874786
"Davies Reef (18-096)__DAV_18-096_29__2023-07-19",0.02,0,0.826046168804169
"Davies Reef (18-096)__DAV_18-096_30__2019-10-25",0.02,1,0.676537930965424
"Davies Reef (18-096)__DAV_18-096_30__2022-06-25",0.02,1,0.331060320138931
"Davies Reef (18-096)__DAV_18-096_31__2022-09-06",0.02,1,0.610827147960663
"Davies Reef (18-096)__DAV_18-096_31__2023-08-12",0.02,1,0.586201190948486
"Davies Reef (18-096)__DAV_18-096_33__2022-09-02",0.02,1,0.515503227710724
"Davies Reef (18-096)__DAV_18-096_34__2022-06-13",0.02,1,0.526160717010498
"Davies Reef (18-096)__DAV_18-096_35__2022-09-02",0.02,0,0.459923535585403
"Davies Reef (18-096)__DAV_18-096_36__2022-09-02",0.02,1,0.447165966033936
"Elford Reef (16-073)__ELF_16-073_12__2023-09-28",0.02,0,0.229296326637268
"Elford Reef (16-073)__ELF_16-073_3__2023-10-30",0.02,0,0.119270227849483
"Lady Musgrave Reef (23-082a)__LAD_23-082a_16__2026-05-18",0.02,1,0.580907881259918
"Lady Musgrave Reef (23-082a)__LAD_23-082a_17__2026-05-21",0.02,1,0.490226954221725
"Lady Musgrave Reef (23-082a)__LAD_23-082a_18__2026-05-18",0.02,1,0.642227470874786
"Lady Musgrave Reef (23-082a)__LAD_23-082a_19__2026-05-17",0.02,1,0.610601902008057
"Lady Musgrave Reef (23-082a)__LAD_23-082a_20__2026-05-17",0.02,1,0.642227470874786
"Lady Musgrave Reef (23-082a)__LAD_23-082a_21__2026-05-20",0.02,1,0.492046058177948
"Lady Musgrave Reef (23-082a)__LAD_23-082a_25__2026-05-21",0.02,1,0.57913476228714
"Lady Musgrave Reef (23-082a)__LAD_23-082a_40__2026-05-16",0.02,0,0.586405456066132
"Lady Musgrave Reef (23-082a)__LAD_23-082a_41__2026-05-20",0.02,0,0.63176953792572
"Lady Musgrave Reef (23-082a)__LAD_23-082a_43__2026-05-16",0.02,0,0.586405456066132
"Lady Musgrave Reef (23-082a)__LAD_23-082a_45__2026-05-16",0.02,0,0.580907881259918
"Lady Musgrave Reef (23-082a)__LAD_23-082a_52__2026-05-21",0.02,1,0.703004062175751
"Lady Musgrave Reef (23-082a)__LAD_23-082a_55__2026-05-16",0.02,0,0.721502900123596
"Lady Musgrave Reef (23-082a)__LAD_23-082a_56__2026-05-16",0.02,0,0.721502900123596
"Lady Musgrave Reef (23-082a)__LAD_23-082a_57__2026-05-21",0.02,0,0.583087503910065
"Lizard Island Reef (Lagoon) (14-116d)__LIZ_14-116d_13__2021-11-15",0.02,0,0.239707037806511
"Lizard Island Reef (Lagoon) (14-116d)__LIZ_14-116d_13__2022-10-27",0.02,0,0.185664415359497
"Lizard Island Reef (Lagoon) (14-116d)__LIZ_14-116d_14__2022-10-27",0.02,0,0.112400688230991
"Lizard Island Reef (Lagoon) (14-116d)__LIZ_14-116d_15__2021-11-26",0.02,1,0.122350364923477
"Lizard Island Reef (Lagoon) (14-116d)__LIZ_14-116d_15__2022-10-27",0.02,1,0.0915792658925056
"Lizard Island Reef (Lagoon) (14-116d)__LIZ_14-116d_16__2022-10-27",0.02,0,0.0915792658925056
"Lizard Island Reef (Lagoon) (14-116d)__LIZ_14-116d_21__2024-10-01",0.02,1,0.55501514673233
"Lizard Island Reef (Lagoon) (14-116d)__LIZ_14-116d_22__2024-10-25",0.02,0,0.533911764621735
"Lizard Island Reef (Lagoon) (14-116d)__LIZ_14-116d_23__2024-10-25",0.02,1,0.584620237350464
"Lizard Island Reef (Lagoon) (14-116d)__LIZ_14-116d_25__2024-10-02",0.02,1,0.653048872947693
"Lizard Island Reef (Lagoon) (14-116d)__LIZ_14-116d_26__2021-11-26",0.02,0,0.159954816102982
"Lizard Island Reef (Lagoon) (14-116d)__LIZ_14-116d_26__2024-10-02",0.02,1,0.53200626373291
"Lizard Island Reef (Lagoon) (14-116d)__LIZ_14-116d_28__2022-10-14",0.02,1,0.445596814155579
"Lizard Island Reef (Lagoon) (14-116d)__LIZ_14-116d_28__2025-01-16",0.02,1,0.602539598941803
"Lizard Island Reef (Lagoon) (14-116d)__LIZ_14-116d_29__2022-10-14",0.02,1,0.320023894309998
"Lizard Island Reef (Lagoon) (14-116d)__LIZ_14-116d_30__2022-11-10",0.02,1,0.522016882896423
"Lizard Island Reef (North East) (14-116b)__LIZ_14-116b_1__2024-01-12",0.02,0,0.42830753326416
"Lizard Island Reef (North East) (14-116b)__LIZ_14-116b_3__2022-10-29",0.02,0,0.220220878720284
"Lizard Island Reef (North East) (14-116b)__LIZ_14-116b_4__2022-10-29",0.02,0,0.346998602151871
"Lizard Island Reef (North West) (14-116a)__LIZ_14-116a_30__2021-11-16",0.02,1,0.545241475105286
"Lizard Island Reef (North West) (14-116a)__LIZ_14-116a_32__2021-11-16",0.02,1,0.668418943881989
"Lizard Island Reef (North West) (14-116a)__LIZ_14-116a_33__2021-11-16",0.02,0,0.637802958488464
"Lizard Island Reef (North West) (14-116a)__LIZ_14-116a_34__2021-11-16",0.02,1,0.538570165634155
"Prawn Reef (19-024)__PRA_19-024_11__2023-03-27",0.02,0,0.343774765729904
"Prawn Reef (19-024)__PRA_19-024_4__2023-03-27",0.02,0,0.729743659496307
"U/N Reef (21-067)__UN_21-067_1__2025-03-27",0.02,1,0.133838683366776
"U/N Reef (21-067)__UN_21-067_3__2025-03-27",0.02,1,0.615997910499573
"U/N Reef (21-067)__UN_21-067_5__2025-03-27",0.02,1,0.463995546102524
"U/N Reef (21-067)__UN_21-067_6__2025-03-27",0.02,1,0.365030109882355
"Batt Reef (16-029)__BAT_16-029_82__2022-10-04",0.04,0,0.466833829879761
"Batt Reef (16-029)__BAT_16-029_83__2022-10-04",0.04,0,0.400166124105453
"Batt Reef (16-029)__BAT_16-029_84__2022-10-04",0.04,1,0.29678538441658
"Bowden Reef (19-019)__BOW_19-019_1__2022-10-01",0.04,0,0.36488664150238
"Bowden Reef (19-019)__BOW_19-019_20__2022-10-14",0.04,0,0.466833829879761
"Bowden Reef (19-019)__BOW_19-019_23__2022-09-30",0.04,0,0.424022734165192
"Bowden Reef (19-019)__BOW_19-019_24__2022-09-30",0.04,0,0.29678538441658
"Bowden Reef (19-019)__BOW_19-019_25__2022-09-30",0.04,0,0.46102711558342
"Bowden Reef (19-019)__BOW_19-019_26__2022-09-30",0.04,0,0.46102711558342
"Bowden Reef (19-019)__BOW_19-019_27__2022-10-01",0.04,0,0.477578997612
"Bowden Reef (19-019)__BOW_19-019_28__2022-10-01",0.04,0,0.458102285861969
"Bowden Reef (19-019)__BOW_19-019_29__2022-10-01",0.04,0,0.382867336273193
"Bowden Reef (19-019)__BOW_19-019_31__2022-09-30",0.04,0,0.386451154947281
"Bowden Reef (19-019)__BOW_19-019_33__2022-10-01",0.04,0,0.389379233121872
"Bowden Reef (19-019)__BOW_19-019_34__2022-10-12",0.04,0,0.384147167205811
"Bowden Reef (19-019)__BOW_19-019_35__2022-10-12",0.04,0,0.356882691383362
"Bowden Reef (19-019)__BOW_19-019_36__2022-10-12",0.04,0,0.488151490688324
"Bowden Reef (19-019)__BOW_19-019_38__2022-10-01",0.04,0,0.408449709415436
"Bowden Reef (19-019)__BOW_19-019_39__2022-10-16",0.04,0,0.596614301204681
"Bowden Reef (19-019)__BOW_19-019_3__2022-10-02",0.04,1,0.318178474903107
"Bowden Reef (19-019)__BOW_19-019_42__2022-10-14",0.04,0,0.466833829879761
"Bowden Reef (19-019)__BOW_19-019_43__2022-10-13",0.04,0,0.422209650278091
"Bowden Reef (19-019)__BOW_19-019_44__2022-10-13",0.04,1,0.37018147110939
"Bowden Reef (19-019)__BOW_19-019_46__2022-10-14",0.04,1,0.295554131269455
"Bowden Reef (19-019)__BOW_19-019_49__2022-10-14",0.04,0,0.396537393331528
"Bowden Reef (19-019)__BOW_19-019_52__2022-10-13",0.04,1,0.408449709415436
"Bowden Reef (19-019)__BOW_19-019_53__2022-10-14",0.04,1,0.333333760499954
"Bowden Reef (19-019)__BOW_19-019_57__2022-10-13",0.04,1,0.29678538441658
"Bowden Reef (19-019)__BOW_19-019_60__2022-10-12",0.04,0,0.466794818639755
"Bowden Reef (19-019)__BOW_19-019_61__2022-10-16",0.04,0,0.466087996959686
"Bowden Reef (19-019)__BOW_19-019_62__2022-10-16",0.04,0,0.596614301204681
"Bowden Reef (19-019)__BOW_19-019_64__2022-10-16",0.04,0,0.481125235557556
"Bowden Reef (19-019)__BOW_19-019_65__2022-10-14",0.04,0,0.378308147192001
"Bowden Reef (19-019)__BOW_19-019_67__2022-10-13",0.04,0,0.36488664150238
"Bowden Reef (19-019)__BOW_19-019_68__2022-10-15",0.04,1,0.350396245718002
"Bowden Reef (19-019)__BOW_19-019_69__2022-10-16",0.04,0,0.396537393331528
"Bowden Reef (19-019)__BOW_19-019_71__2022-10-15",0.04,0,0.378308147192001
"Bowden Reef (19-019)__BOW_19-019_81__2022-10-13",0.04,0,0.28493058681488
"Bowden Reef (19-019)__BOW_19-019_84__2022-10-13",0.04,0,0.394637525081635
"Bowden Reef (19-019)__BOW_19-019_87__2022-10-15",0.04,1,0.472402274608612
"Bowden Reef (19-019)__BOW_19-019_88__2022-10-17",0.04,0,0.365468204021454
"Bowden Reef (19-019)__BOW_19-019_89__2022-10-14",0.04,1,0.37018147110939
"Bowden Reef (19-019)__BOW_19-019_90__2022-10-14",0.04,0,0.596614301204681
"Bowden Reef (19-019)__BOW_19-019_92__2022-10-15",0.04,0,0.295554131269455
"Bowden Reef (19-019)__BOW_19-019_94__2022-10-17",0.04,0,0.408449709415436
"Bowden Reef (19-019)__BOW_19-019_97__2022-10-16",0.04,1,0.396537393331528
"Darley Reef (19-043)__DAR_19-043_58__2023-03-29",0.04,0,0.307113349437714
"Darley Reef (19-043)__DAR_19-043_62__2023-03-29",0.04,0,0.638941943645477
"Darley Reef (19-043)__DAR_19-043_91__2023-03-28",0.04,0,0.762524664402008
"Darley Reef (19-043)__DAR_19-043_98__2023-03-28",0.04,0,0.316016405820847
"Davies Reef (18-096)__DAV_18-096_10__2023-01-22",0.04,0,0.397434949874878
"Davies Reef (18-096)__DAV_18-096_11__2023-01-23",0.04,0,0.435089528560638
"Davies Reef (18-096)__DAV_18-096_11__2024-03-18",0.04,0,0.289663732051849
"Davies Reef (18-096)__DAV_18-096_12__2023-01-23",0.04,1,0.466419965028763
"Davies Reef (18-096)__DAV_18-096_12__2024-03-03",0.04,0,0.31568905711174
"Davies Reef (18-096)__DAV_18-096_13__2023-01-23",0.04,0,0.466419965028763
"Davies Reef (18-096)__DAV_18-096_14__2023-01-23",0.04,1,0.466419965028763
"Davies Reef (18-096)__DAV_18-096_14__2024-03-03",0.04,0,0.31568905711174
"Davies Reef (18-096)__DAV_18-096_15__2023-01-23",0.04,0,0.466419965028763
"Davies Reef (18-096)__DAV_18-096_15__2024-01-31",0.04,1,0.466419965028763
"Davies Reef (18-096)__DAV_18-096_17__2024-02-17",0.04,0,0.267329096794128
"Davies Reef (18-096)__DAV_18-096_18__2023-01-24",0.04,1,0.49531152844429
"Davies Reef (18-096)__DAV_18-096_18__2024-01-13",0.04,1,0.643445193767548
"Davies Reef (18-096)__DAV_18-096_19__2023-01-24",0.04,1,0.265021860599518
"Davies Reef (18-096)__DAV_18-096_19__2024-03-17",0.04,0,0.305638343095779
"Davies Reef (18-096)__DAV_18-096_20__2023-01-25",0.04,0,0.279386222362518
"Davies Reef (18-096)__DAV_18-096_21__2023-01-25",0.04,0,0.286480396986008
"Davies Reef (18-096)__DAV_18-096_22__2024-03-17",0.04,0,0.181513637304306
"Davies Reef (18-096)__DAV_18-096_24__2024-05-30",0.04,0,0.400166124105453
"Davies Reef (18-096)__DAV_18-096_25__2023-02-05",0.04,0,0.369194716215134
"Davies Reef (18-096)__DAV_18-096_26__2023-01-22",0.04,0,0.466419965028763
"Davies Reef (18-096)__DAV_18-096_29__2023-01-24",0.04,1,0.597323894500732
"Davies Reef (18-096)__DAV_18-096_29__2024-06-12",0.04,1,0.596614301204681
"Davies Reef (18-096)__DAV_18-096_30__2024-03-18",0.04,0,0.267382323741913
"Davies Reef (18-096)__DAV_18-096_31__2023-01-24",0.04,0,0.370869368314743
"Davies Reef (18-096)__DAV_18-096_31__2024-03-21",0.04,0,0.237035006284714
"Davies Reef (18-096)__DAV_18-096_34__2023-01-23",0.04,0,0.463382571935654
"Davies Reef (18-096)__DAV_18-096_36__2024-03-19",0.04,0,0.237035006284714
"Davies Reef (18-096)__DAV_18-096_37__2024-03-19",0.04,1,0.260698974132538
"Davies Reef (18-096)__DAV_18-096_9__2023-01-22",0.04,0,0.37791696190834
"Eyrie Reef (14-118)__EYR_14-118_1__2026-02-26",0.04,1,0.37018147110939
"Eyrie Reef (14-118)__EYR_14-118_2__2026-02-26",0.04,1,0.378308147192001
"Judith Wright Reef (18-101)__JUD_18-101_1__2025-08-27",0.04,0,0.421680390834808
"Judith Wright Reef (18-101)__JUD_18-101_38__2025-10-14",0.04,0,0.116383135318756
"Judith Wright Reef (18-101)__JUD_18-101_3__2025-08-05",0.04,1,0.440312564373016
"Judith Wright Reef (18-101)__JUD_18-101_4__2025-08-05",0.04,1,0.442514330148697
"Judith Wright Reef (18-101)__JUD_18-101_5__2025-10-14",0.04,0,0.181993782520294
"Lizard Island Reef (Lagoon) (14-116d)__LIZ_14-116d_13__2024-01-19",0.04,0,0.0849897041916847
"Lizard Island Reef (Lagoon) (14-116d)__LIZ_14-116d_14__2024-01-31",0.04,0,0.0849897041916847
"Lizard Island Reef (Lagoon) (14-116d)__LIZ_14-116d_15__2024-01-19",0.04,0,0.0726116895675659
"Lizard Island Reef (Lagoon) (14-116d)__LIZ_14-116d_16__2024-01-20",0.04,0,0.07564827054739
"Lizard Island Reef (Lagoon) (14-116d)__LIZ_14-116d_20__2025-10-12",0.04,0,0.315694779157639
"Lizard Island Reef (Lagoon) (14-116d)__LIZ_14-116d_21__2024-01-20",0.04,0,0.0849897041916847
"Lizard Island Reef (Lagoon) (14-116d)__LIZ_14-116d_21__2025-10-12",0.04,0,0.315694779157639
"Lizard Island Reef (Lagoon) (14-116d)__LIZ_14-116d_22__2024-01-19",0.04,0,0.414936304092407
"Lizard Island Reef (Lagoon) (14-116d)__LIZ_14-116d_22__2025-10-12",0.04,0,0.570319652557373
"Lizard Island Reef (Lagoon) (14-116d)__LIZ_14-116d_24__2024-03-10",0.04,0,0.486671417951584
"Lizard Island Reef (Lagoon) (14-116d)__LIZ_14-116d_24__2025-10-10",0.04,0,0.644947290420532
"Lizard Island Reef (Lagoon) (14-116d)__LIZ_14-116d_25__2024-01-19",0.04,1,0.477718442678452
"Lizard Island Reef (Lagoon) (14-116d)__LIZ_14-116d_25__2025-10-10",0.04,1,0.636694133281708
"Lizard Island Reef (Lagoon) (14-116d)__LIZ_14-116d_27__2026-02-05",0.04,0,0.290824174880981
"Lizard Island Reef (Lagoon) (14-116d)__LIZ_14-116d_28__2023-10-30",0.04,1,0.500114738941193
"Lizard Island Reef (Lagoon) (14-116d)__LIZ_14-116d_28__2026-02-05",0.04,0,0.385150253772736
"Lizard Island Reef (Lagoon) (14-116d)__LIZ_14-116d_29__2023-10-29",0.04,0,0.290637046098709
"Lizard Island Reef (Lagoon) (14-116d)__LIZ_14-116d_29__2025-10-09",0.04,1,0.32715579867363
"Lizard Island Reef (Lagoon) (14-116d)__LIZ_14-116d_31__2024-01-18",0.04,0,0.525103628635406
"Lizard Island Reef (Lagoon) (14-116d)__LIZ_14-116d_31__2025-10-09",0.04,0,0.470234006643295
"Lizard Island Reef (North East) (14-116b)__LIZ_14-116b_1__2025-12-14",0.04,0,0.0801135003566742
"Lizard Island Reef (North West) (14-116a)__LIZ_14-116a_30__2022-10-14",0.04,1,0.0675407722592354
"Lizard Island Reef (North West) (14-116a)__LIZ_14-116a_30__2023-10-29",0.04,0,0.104370005428791
"Lizard Island Reef (North West) (14-116a)__LIZ_14-116a_31__2019-09-21",0.04,0,0.0923029705882072
"Lizard Island Reef (North West) (14-116a)__LIZ_14-116a_31__2022-10-14",0.04,0,0.137992009520531
"Lizard Island Reef (North West) (14-116a)__LIZ_14-116a_32__2019-09-21",0.04,0,0.135423600673676
"Lizard Island Reef (North West) (14-116a)__LIZ_14-116a_33__2019-09-21",0.04,0,0.0960989370942116
"Lizard Island Reef (North West) (14-116a)__LIZ_14-116a_34__2019-09-20",0.04,0,0.0749867781996727
"Lizard Island Reef (North West) (14-116a)__LIZ_14-116a_34__2023-10-30",0.04,0,0.104370005428791
"Lizard Island Reef (North West) (14-116a)__LIZ_14-116a_35__2019-09-20",0.04,0,0.114182941615582
"Lizard Island Reef (North West) (14-116a)__LIZ_14-116a_35__2023-10-30",0.04,1,0.156329035758972
"Lizard Island Reef (North West) (14-116a)__LIZ_14-116a_36__2019-09-20",0.04,0,0.144699230790138
"Lizard Island Reef (North West) (14-116a)__LIZ_14-116a_36__2024-01-12",0.04,0,0.264449417591095
"North Direction Reef (14-143)__NOR_14-143_2__2024-01-22",0.04,0,0.397518694400787
"North Direction Reef (14-143)__NOR_14-143_3__2024-01-22",0.04,0,0.397518694400787
"North Direction Reef (14-143)__NOR_14-143_4__2024-01-22",0.04,0,0.28542771935463
"U/N Reef (11-049)__U/N_11-049_11__2025-04-07",0.04,1,0.596614301204681
"U/N Reef (11-049)__U/N_11-049_7__2025-04-07",0.04,0,0.596614301204681
"U/N Reef (21-460)__U/N_21-460_23__2025-04-11",0.04,0,0.207857847213745
"U/N Reef (21-460)__U/N_21-460_31__2025-04-10",0.04,0,0.112278029322624
"U/N Reef (21-460)__U/N_21-460_32__2025-04-10",0.04,0,0.171447277069092
"U/N Reef (21-460)__U/N_21-460_34__2025-04-10",0.04,0,0.307113349437714
"U/N Reef (21-460)__U/N_21-460_35__2025-04-10",0.04,0,0.174227371811867
"U/N Reef (21-460)__U/N_21-460_43__2025-04-11",0.04,0,0.164524585008621
"U/N Reef (21-460)__U/N_21-460_44__2025-04-11",0.04,0,0.171447277069092
"(Big) Broadhurst Reef (No 1) (18-100a)__(BI_18-100a_135__2025-08-01",0.04,0,0.200509175658226
"(Big) Broadhurst Reef (No 1) (18-100a)__BBR_18-100a_102__2025-08-02",0.04,0,0.1912502348423
"(Big) Broadhurst Reef (No 1) (18-100a)__BBR_18-100a_78__2025-08-01",0.04,0,0.19895626604557
"(Big) Broadhurst Reef (No 1) (18-100a)__BBR_18-100a_92__2025-04-09",0.04,0,0.229046538472176
"(Big) Broadhurst Reef (No 1) (18-100a)__BBR_18-100a_95__2025-04-09",0.04,0,0.206297487020493
"(Big) Broadhurst Reef (No 1) (18-100a)__BBR_18-100a_97__2025-08-03",0.04,0,0.0904328599572182
"Davies Reef (18-096)__DAV_18-096_13__2023-06-26",0.04,1,0.467686414718628
"Davies Reef (18-096)__DAV_18-096_14__2023-06-26",0.04,1,0.472330152988434
"Davies Reef (18-096)__DAV_18-096_18__2023-03-25",0.04,1,0.72783499956131
"Davies Reef (18-096)__DAV_18-096_18__2025-02-09",0.04,0,0.488886684179306
"Davies Reef (18-096)__DAV_18-096_18__2025-08-10",0.04,0,0.716707229614258
"Davies Reef (18-096)__DAV_18-096_19__2023-05-22",0.04,1,0.35746157169342
"Davies Reef (18-096)__DAV_18-096_19__2025-02-09",0.04,0,0.469371259212494
"Davies Reef (18-096)__DAV_18-096_19__2025-08-09",0.04,0,0.700562596321106
"Davies Reef (18-096)__DAV_18-096_20__2023-05-25",0.04,0,0.279531478881836
"Davies Reef (18-096)__DAV_18-096_20__2025-08-08",0.04,0,0.662165284156799
"Davies Reef (18-096)__DAV_18-096_22__2025-08-20",0.04,0,0.671270847320557
"Davies Reef (18-096)__DAV_18-096_23__2025-08-22",0.04,0,0.57552433013916
"Davies Reef (18-096)__DAV_18-096_24__2025-08-08",0.04,0,0.590448021888733
"Davies Reef (18-096)__DAV_18-096_25__2025-12-10",0.04,0,0.12952147424221
"Davies Reef (18-096)__DAV_18-096_26__2025-12-10",0.04,0,0.161626026034355
"Davies Reef (18-096)__DAV_18-096_28__2023-03-25",0.04,0,0.180678188800812
"Davies Reef (18-096)__DAV_18-096_29__2023-04-14",0.04,1,0.651286423206329
"Davies Reef (18-096)__DAV_18-096_31__2023-05-28",0.04,0,0.35746157169342
"Davies Reef (18-096)__DAV_18-096_32__2025-02-10",0.04,0,0.355764627456665
"Davies Reef (18-096)__DAV_18-096_33__2025-08-07",0.04,0,0.675710320472717
"Davies Reef (18-096)__DAV_18-096_37__2025-08-09",0.04,0,0.595044255256653
"Elford Reef (16-073)__ELF_16-073_4__2022-08-06",0.04,0,0.0500370673835278
"Elford Reef (16-073)__ELF_16-073_51__2022-09-07",0.04,0,0.111005328595638
"Elford Reef (16-073)__ELF_16-073_52__2022-08-24",0.04,0,0.0872596502304077
"Elford Reef (16-073)__ELF_16-073_9__2022-08-07",0.04,0,0.150122538208961
"Faith Reef (19-044)__FAI_19-044_13__2023-03-30",0.04,0,0.488071173429489
"Faith Reef (19-044)__FAI_19-044_14__2023-04-18",0.04,0,0.332757204771042
"John Brewer Reef (18-075)__JOH_18-075_21__2026-01-16",0.04,0,0.448431015014648
"Lizard Island Reef (North West) (14-116a)__LIZ_14-116a_30__2025-10-09",0.04,0,0.136767506599426
"Lizard Island Reef (North West) (14-116a)__LIZ_14-116a_31__2024-10-23",0.04,0,0.441830188035965
"Lizard Island Reef (North West) (14-116a)__LIZ_14-116a_31__2025-12-15",0.04,0,0.0511918067932129
"Lizard Island Reef (North West) (14-116a)__LIZ_14-116a_33__2024-10-23",0.04,0,0.447279781103134
"Lizard Island Reef (North West) (14-116a)__LIZ_14-116a_33__2025-10-11",0.04,0,0.171477809548378
"Lizard Island Reef (North West) (14-116a)__LIZ_14-116a_34__2025-10-11",0.04,0,0.136034682393074
"Lizard Island Reef (North West) (14-116a)__LIZ_14-116a_35__2024-12-03",0.04,0,0.258933514356613
"Lizard Island Reef (North West) (14-116a)__LIZ_14-116a_35__2026-02-05",0.04,0,0.0541049651801586
"Lizard Island Reef (North West) (14-116a)__LIZ_14-116a_36__2024-12-03",0.04,0,0.277578890323639
"Lizard Island Reef (North West) (14-116a)__LIZ_14-116a_36__2025-12-14",0.04,0,0.042073130607605
"Lynchs Reef (18-091)__LYN_18-091_37__2023-06-27",0.04,1,0.135909587144852
"Lynchs Reef (18-091)__LYN_18-091_38__2023-04-15",0.04,1,0.171477809548378
"Lynchs Reef (18-091)__LYN_18-091_39__2023-04-01",0.04,1,0.664989411830902
"Lynchs Reef (18-091)__LYN_18-091_40__2023-04-16",0.04,1,0.645681023597717
"Lynchs Reef (18-091)__LYN_18-091_41__2023-04-01",0.04,1,0.488071173429489
"Moore Reef (16-071)__MOO_16-071_155__2021-10-05",0.04,0,0.285230904817581
"Moore Reef (16-071)__MOO_16-071_156__2021-10-05",0.04,0,0.452432215213776
"Shrimp Reef (18-118)__SHR_18-118_19__2023-03-26",0.04,0,0.373472481966019
"Thetford Reef (16-068)__THE_16-068_12__2021-10-04",0.04,0,0.269975632429123
"Thetford Reef (16-068)__THE_16-068_15__2021-06-29",0.04,0,0.224613308906555
"Thetford Reef (16-068)__THE_16-068_27__2021-10-04",0.04,0,0.294093132019043
"U/N Reef (20-386)__U/N_20-386_14__2025-08-20",0.04,0,0.606886982917786
"U/N Reef (20-386)__U/N_20-386_15__2025-08-21",0.04,1,0.64297491312027
"U/N Reef (20-386)__U/N_20-386_17__2025-08-20",0.04,0,0.708939433097839
"U/N Reef (20-386)__U/N_20-386_18__2025-08-21",0.04,1,0.715969860553741
"U/N Reef (20-386)__U/N_20-386_19__2025-08-21",0.04,0,0.700562596321106
"U/N Reef (20-386)__U/N_20-386_1__2025-08-20",0.04,1,0.421451181173325
"U/N Reef (20-386)__U/N_20-386_26__2025-08-19",0.04,0,0.147178888320923
"U/N Reef (20-386)__U/N_20-386_27__2025-08-19",0.04,0,0.440577447414398
"U/N Reef (20-386)__U/N_20-386_28__2025-08-20",0.04,1,0.468502998352051
"U/N Reef (20-386)__U/N_20-386_29__2025-08-20",0.04,1,0.5157750248909
"U/N Reef (20-386)__U/N_20-386_2__2025-08-20",0.04,1,0.386145353317261
"U/N Reef (20-386)__U/N_20-386_30__2025-08-21",0.04,0,0.354997217655182
"U/N Reef (20-386)__U/N_20-386_31__2025-08-21",0.04,1,0.474221915006638
"U/N Reef (20-386)__U/N_20-386_36__2025-08-20",0.04,0,0.185005441308022
"U/N Reef (20-386)__U/N_20-386_4__2026-02-18",0.04,0,0.249907672405243
"U/N Reef (20-386)__U/N_20-386_5__2026-02-18",0.04,0,0.266846090555191
"U/N Reef (21-466)__U/N_21-466_10__2025-05-07",0.04,0,0.120735168457031
"U/N Reef (21-466)__U/N_21-466_12__2025-05-06",0.04,0,0.087394505739212
"U/N Reef (21-466)__U/N_21-466_14__2025-05-06",0.04,0,0.087394505739212
"U/N Reef (21-466)__U/N_21-466_1__2025-05-08",0.04,0,0.126741975545883
"U/N Reef (21-466)__U/N_21-466_2__2025-05-06",0.04,0,0.0865906327962875
"U/N Reef (21-466)__U/N_21-466_42__2025-05-07",0.04,0,0.120735168457031
"U/N Reef (21-466)__U/N_21-466_43__2025-05-07",0.04,0,0.0792266726493835
"U/N Reef (21-466)__U/N_21-466_44__2025-05-08",0.04,0,0.13566167652607
"U/N Reef (21-466)__U/N_21-466_45__2025-05-07",0.04,0,0.107153572142124
"U/N Reef (21-466)__U/N_21-466_46__2025-04-12",0.04,0,0.185005441308022
"U/N Reef (21-466)__U/N_21-466_4__2025-05-08",0.04,0,0.0938407778739929
"U/N Reef (21-466)__U/N_21-466_7__2025-04-12",0.04,0,0.16671796143055
"U/N Reef (21-466)__U/N_21-466_8__2025-05-08",0.04,0,0.0812325477600098
"U/N Reef (21-466)__U/N_21-466_9__2025-05-08",0.04,0,0.082465685904026
"Vicki Harriott Reef (15-070)__VIC_15-070_12__2026-02-02",0.04,0,0.315577805042267
"Vicki Harriott Reef (15-070)__VIC_15-070_13__2026-02-01",0.04,1,0.342756152153015
"Vicki Harriott Reef (15-070)__VIC_15-070_14__2026-02-02",0.04,1,0.315577805042267
"Vicki Harriott Reef (15-070)__VIC_15-070_15__2026-02-01",0.04,1,0.243203386664391
"Vicki Harriott Reef (15-070)__VIC_15-070_16__2026-02-01",0.04,1,0.266701340675354
"Vicki Harriott Reef (15-070)__VIC_15-070_19__2026-02-15",0.04,0,0.273385018110275
"Vicki Harriott Reef (15-070)__VIC_15-070_1__2026-04-29",0.04,0,0.243706300854683
"Vicki Harriott Reef (15-070)__VIC_15-070_22__2026-02-15",0.04,0,0.325418025255203
"Vicki Harriott Reef (15-070)__VIC_15-070_23__2026-01-31",0.04,1,0.620009899139404
"Vicki Harriott Reef (15-070)__VIC_15-070_24__2026-01-31",0.04,0,0.615783512592316
"Vicki Harriott Reef (15-070)__VIC_15-070_29__2026-02-01",0.04,1,0.46854093670845
"Vicki Harriott Reef (15-070)__VIC_15-070_2__2026-02-20",0.04,0,0.32271933555603
"Vicki Harriott Reef (15-070)__VIC_15-070_30__2026-02-02",0.04,0,0.700562596321106
"Vicki Harriott Reef (15-070)__VIC_15-070_31__2026-02-02",0.04,0,0.454771012067795
"Vicki Harriott Reef (15-070)__VIC_15-070_4__2026-01-31",0.04,0,0.361200362443924
"Vicki Harriott Reef (15-070)__VIC_15-070_5__2026-01-31",0.04,1,0.353146553039551
"Vicki Harriott Reef (15-070)__VIC_15-070_6__2026-02-01",0.04,1,0.488071173429489
"Vicki Harriott Reef (15-070)__VIC_15-070_7__2026-02-01",0.04,1,0.391004592180252
"Vicki Harriott Reef (15-070)__ViC_15-070_32__2026-04-29",0.04,0,0.499408066272736
"Banfield Reef (North) (18-105a)__BAN_18-105a_10__2025-04-24",0.04,1,0.0914312675595284
"Banfield Reef (North) (18-105a)__BAN_18-105a_10__2025-08-04",0.04,1,0.616911768913269
"Banfield Reef (North) (18-105a)__BAN_18-105a_15__2025-08-19",0.04,1,0.567564308643341
"Banfield Reef (North) (18-105a)__BAN_18-105a_1__2025-04-03",0.04,1,0.131000176072121
"Banfield Reef (North) (18-105a)__BAN_18-105a_1__2025-08-19",0.04,1,0.592260003089905
"Banfield Reef (North) (18-105a)__BAN_18-105a_2__2025-08-06",0.04,1,0.595632314682007
"Banfield Reef (North) (18-105a)__BAN_18-105a_3__2025-04-03",0.04,1,0.186310470104218
"Banfield Reef (North) (18-105a)__BAN_18-105a_3__2025-08-04",0.04,1,0.573313772678375
"Banfield Reef (North) (18-105a)__BAN_18-105a_4__2025-10-27",0.04,1,0.485287845134735
"Banfield Reef (North) (18-105a)__BAN_18-105a_5__2025-10-27",0.04,1,0.488685369491577
"Banfield Reef (North) (18-105a)__BAN_18-105a_7__2025-10-12",0.04,1,0.31346207857132
"Banfield Reef (North) (18-105a)__BAN_18-105a_8__2025-04-02",0.04,1,0.487081080675125
"Banfield Reef (North) (18-105a)__BAN_18-105a_8__2025-08-06",0.04,1,0.616911768913269
"Bowden Reef (19-019)__BOW_19-019_15__2025-09-24",0.04,0,0.215856179594994
"Bowden Reef (19-019)__BOW_19-019_18__2025-09-13",0.04,0,0.217862650752068
"Bowden Reef (19-019)__BOW_19-019_19__2025-09-14",0.04,1,0.183443143963814
"Bowden Reef (19-019)__BOW_19-019_20__2025-09-14",0.04,1,0.220777586102486
"Bowden Reef (19-019)__BOW_19-019_21__2025-09-25",0.04,0,0.210176706314087
"Bowden Reef (19-019)__BOW_19-019_25__2025-12-06",0.04,0,0.26966005563736
"Bowden Reef (19-019)__BOW_19-019_28__2025-09-25",0.04,0,0.277759283781052
"Bowden Reef (19-019)__BOW_19-019_29__2025-09-25",0.04,0,0.285679936408997
"Bowden Reef (19-019)__BOW_19-019_30__2025-09-16",0.04,0,0.244099095463753
"Bowden Reef (19-019)__BOW_19-019_31__2025-09-16",0.04,0,0.230811461806297
"Bowden Reef (19-019)__BOW_19-019_41__2025-10-15",0.04,0,0.120660312473774
"Bowden Reef (19-019)__BOW_19-019_42__2025-09-25",0.04,0,0.208668231964111
"Bowden Reef (19-019)__BOW_19-019_43__2025-10-15",0.04,0,0.118746228516102
"Bowden Reef (19-019)__BOW_19-019_45__2025-10-15",0.04,0,0.13168753683567
"Bowden Reef (19-019)__BOW_19-019_56__2025-12-06",0.04,0,0.166134506464005
"Bowden Reef (19-019)__BOW_19-019_65__2025-12-06",0.04,0,0.174894407391548
"Bowden Reef (19-019)__BOW_19-019_73__2025-12-06",0.04,0,0.210641101002693
"Bowden Reef (19-019)__BOW_19-019_83__2025-10-16",0.04,0,0.161430075764656
"Davies Reef (18-096)__DAV_18-096_16__2021-05-31",0.04,1,0.476410090923309
"Davies Reef (18-096)__DAV_18-096_17__2021-05-30",0.04,1,0.515593290328979
"Davies Reef (18-096)__DAV_18-096_18__2021-05-30",0.04,1,0.599445164203644
"Davies Reef (18-096)__DAV_18-096_19__2021-08-23",0.04,1,0.505689084529877
"Davies Reef (18-096)__DAV_18-096_29__2021-06-28",0.04,1,0.490301519632339
"Davies Reef (18-096)__DAV_18-096_32__2021-05-31",0.04,1,0.476410090923309
"Eyrie Reef (14-118)__EYR_14-118_11__2022-11-09",0.04,0,0.0441517159342766
"Eyrie Reef (14-118)__EYR_14-118_14__2022-11-08",0.04,0,0.0353311784565449
"Eyrie Reef (14-118)__EYR_14-118_16__2022-11-08",0.04,0,0.0353311784565449
"Eyrie Reef (14-118)__EYR_14-118_17__2022-11-15",0.04,1,0.292103350162506
"Eyrie Reef (14-118)__EYR_14-118_18__2022-11-16",0.04,0,0.267918556928635
"Eyrie Reef (14-118)__EYR_14-118_19__2022-11-16",0.04,0,0.255005151033401
"Eyrie Reef (14-118)__EYR_14-118_20__2022-10-15",0.04,1,0.203092440962791
"Eyrie Reef (14-118)__EYR_14-118_21__2022-11-17",0.04,0,0.365373909473419
"Eyrie Reef (14-118)__EYR_14-118_27__2022-12-03",0.04,0,0.111217185854912
"Eyrie Reef (14-118)__EYR_14-118_28__2022-12-03",0.04,0,0.134823977947235
"Eyrie Reef (14-118)__EYR_14-118_30__2022-11-04",0.04,0,0.0500036627054214
"Eyrie Reef (14-118)__EYR_14-118_31__2022-11-07",0.04,0,0.0409893058240414
"Eyrie Reef (14-118)__EYR_14-118_6__2022-11-12",0.04,0,0.0883922427892685
"Eyrie Reef (14-118)__EYR_14-118_7__2022-11-12",0.04,0,0.0883922427892685
"Eyrie Reef (14-118)__EYR_14-118_8__2022-11-13",0.04,0,0.0900633260607719
"Green Island Reef (16-049)__GRE_16-049_19__2021-10-04",0.04,1,0.193722903728485
"Green Island Reef (16-049)__GRE_16-049_1__2021-10-04",0.04,0,0.0428914353251457
"Green Island Reef (16-049)__GRE_16-049_21__2023-07-12",0.04,0,0.387082487344742
"Green Island Reef (16-049)__GRE_16-049_2__2023-08-28",0.04,0,0.223499372601509
"Green Island Reef (16-049)__GRE_16-049_3__2023-08-28",0.04,0,0.223499372601509
"Lizard Island Reef (Lagoon) (14-116d)__LIZ_14-116d_21__2019-09-19",0.04,0,0.0608580112457275
"Lizard Island Reef (Lagoon) (14-116d)__LIZ_14-116d_24__2019-09-23",0.04,0,0.22395396232605
"Lizard Island Reef (Lagoon) (14-116d)__LIZ_14-116d_25__2019-09-22",0.04,0,0.269858539104462
"Lizard Island Reef (Lagoon) (14-116d)__LIZ_14-116d_28__2019-09-22",0.04,0,0.102206632494926
"Lizard Island Reef (North East) (14-116b)__LIZ_14-116b_3__2019-09-19",0.04,0,0.0815999209880829
"Moore Reef (16-071)__MOO_16-071_112__2021-02-06",0.04,0,0.0498139560222626
"Moore Reef (16-071)__MOO_16-071_112__2022-06-01",0.04,0,0.450137317180634
"Moore Reef (16-071)__MOO_16-071_113__2021-02-05",0.04,0,0.0558145977556705
"Moore Reef (16-071)__MOO_16-071_133__2021-02-17",0.04,0,0.308255642652512
"Moore Reef (16-071)__MOO_16-071_134__2021-02-18",0.04,1,0.340655416250229
"Moore Reef (16-071)__MOO_16-071_136__2021-02-18",0.04,0,0.253649562597275
"Moore Reef (16-071)__MOO_16-071_137__2021-02-19",0.04,0,0.240007147192955
"Moore Reef (16-071)__MOO_16-071_146__2021-02-19",0.04,0,0.0695738568902016
"Moore Reef (16-071)__MOO_16-071_147__2020-09-21",0.04,0,0.13127438724041
"Moore Reef (16-071)__MOO_16-071_147__2022-06-01",0.04,0,0.486952036619186
"Moore Reef (16-071)__MOO_16-071_148__2020-09-20",0.04,0,0.416124016046524
"Moore Reef (16-071)__MOO_16-071_154__2020-09-20",0.04,0,0.409091472625732
"Moore Reef (16-071)__MOO_16-071_156__2020-09-21",0.04,0,0.117240287363529
"Moore Reef (16-071)__MOO_16-071_157__2021-02-07",0.04,0,0.0597825571894646
"Moore Reef (16-071)__MOO_16-071_160__2021-02-16",0.04,0,0.295043379068375
"Thetford Reef (16-068)__THE_16-068_13__2022-09-21",0.04,0,0.0707592889666557
"Thetford Reef (16-068)__THE_16-068_14__2022-08-14",0.04,0,0.122431464493275
"Thetford Reef (16-068)__THE_16-068_15__2022-08-13",0.04,0,0.106839910149574
"Thetford Reef (16-068)__THE_16-068_16__2022-08-12",0.04,0,0.0904477685689926
"Thetford Reef (16-068)__THE_16-068_17__2022-08-11",0.04,0,0.0972279831767082
"Thetford Reef (16-068)__THE_16-068_27__2022-09-21",0.04,0,0.0821802243590355
"Tongue Reef (16-026)__TON_16-026_36__2021-07-25",0.04,1,0.229696795344353
"Tongue Reef (16-026)__TON_16-026_37__2021-07-25",0.04,1,0.294064700603485
"Tongue Reef (16-026)__TON_16-026_43__2021-07-21",0.04,0,0.0312787555158138
"Tongue Reef (16-026)__TON_16-026_44__2021-07-21",0.04,0,0.150216445326805
"U/N Reef (15-043)__U/N_15-043_17__2026-03-01",0.04,0,0.319262981414795
"U/N Reef (21-069)__UN_21-069_3__2025-03-28",0.04,0,0.0812777504324913
"U/N Reef (21-069)__UN_21-069_6__2025-03-28",0.04,0,0.0812777504324913
"U/N Reef (21-069)__UN_21-069_8__2025-03-28",0.04,0,0.0821524560451508
"U/N Reef (21-250a)__U/N_21-250a_11__2025-12-11",0.04,0,0.431997388601303
"U/N Reef (21-250a)__U/N_21-250a_20__2025-12-11",0.04,0,0.227630540728569
"U/N Reef (21-250a)__U/N_21-250a_21__2025-12-11",0.04,0,0.30140346288681
"U/N Reef (21-250a)__U/N_21-250a_5__2025-12-11",0.04,1,0.321064800024033
"U/N Reef (21-250a)__U/N_21-250a_6__2025-12-10",0.04,0,0.302336275577545
"U/N Reef (21-250a)__U/N_21-250a_7__2025-12-10",0.04,0,0.322923362255096
"U/N Reef (21-250a)__U/N_21-250a_8__2025-12-10",0.04,0,0.410927176475525
"U/N Reef (21-250a)__U/N_21-250a_9__2025-12-10",0.04,0,0.410927176475525
"Banfield Reef (North) (18-105a)__BAN_18-105a_10__2023-04-17",0.04,1,0.47997459769249
"Banfield Reef (North) (18-105a)__BAN_18-105a_1__2023-03-31",0.04,1,0.671316981315613
"Banfield Reef (North) (18-105a)__BAN_18-105a_2__2023-06-23",0.04,1,0.414432674646378
"Banfield Reef (North) (18-105a)__BAN_18-105a_3__2023-08-14",0.04,0,0.148044541478157
"Banfield Reef (North) (18-105a)__BAN_18-105a_4__2023-08-14",0.04,1,0.139503344893456
"Batt Reef (16-029)__BAT_16-029_80__2025-06-06",0.04,0,0.511858224868774
"Batt Reef (16-029)__BAT_16-029_81__2025-06-06",0.04,1,0.531957387924194
"Batt Reef (16-029)__BAT_16-029_82__2021-11-03",0.04,1,0.246906220912933
"Batt Reef (16-029)__BAT_16-029_82__2025-07-03",0.04,1,0.407752066850662
"Batt Reef (16-029)__BAT_16-029_83__2021-11-02",0.04,1,0.263820797204971
"Batt Reef (16-029)__BAT_16-029_83__2025-08-14",0.04,1,0.549271941184998
"Batt Reef (16-029)__BAT_16-029_84__2021-10-17",0.04,1,0.313176393508911
"Batt Reef (16-029)__BAT_16-029_84__2025-08-15",0.04,1,0.376021713018417
"Batt Reef (16-029)__BAT_16-029_85__2021-10-17",0.04,0,0.359119832515717
"Batt Reef (16-029)__BAT_16-029_85__2025-09-05",0.04,1,0.289113461971283
"Batt Reef (16-029)__BAT_16-029_86__2025-11-15",0.04,1,0.241544589400291
"Batt Reef (16-029)__BAT_16-029_91__2025-09-05",0.04,0,0.45558825135231
"Batt Reef (16-029)__BAT_16-029_92__2025-09-05",0.04,1,0.268421232700348
"Davies Reef (18-096)__DAV_18-096_13__2024-10-20",0.04,0,0.256151169538498
"Davies Reef (18-096)__DAV_18-096_14__2024-10-05",0.04,0,0.29350146651268
"Davies Reef (18-096)__DAV_18-096_15__2024-10-05",0.04,0,0.29350146651268
"Davies Reef (18-096)__DAV_18-096_16__2020-09-22",0.04,1,0.187708958983421
"Davies Reef (18-096)__DAV_18-096_16__2024-10-20",0.04,0,0.273468971252441
"Davies Reef (18-096)__DAV_18-096_17__2024-10-20",0.04,0,0.348105400800705
"Davies Reef (18-096)__DAV_18-096_18__2024-09-18",0.04,0,0.538805782794952
"Davies Reef (18-096)__DAV_18-096_19__2020-09-22",0.04,1,0.294352650642395
"Davies Reef (18-096)__DAV_18-096_19__2024-08-30",0.04,0,0.630350649356842
"Davies Reef (18-096)__DAV_18-096_20__2024-11-04",0.04,0,0.372079104185104
"Davies Reef (18-096)__DAV_18-096_21__2024-11-05",0.04,0,0.370499402284622
"Davies Reef (18-096)__DAV_18-096_22__2024-11-04",0.04,0,0.316131442785263
"Davies Reef (18-096)__DAV_18-096_23__2024-11-04",0.04,0,0.27180004119873
"Davies Reef (18-096)__DAV_18-096_24__2024-11-04",0.04,0,0.273468971252441
"Davies Reef (18-096)__DAV_18-096_29__2024-09-14",0.04,0,0.615067601203918
"Davies Reef (18-096)__DAV_18-096_32__2024-10-20",0.04,0,0.273468971252441
"Davies Reef (18-096)__DAV_18-096_33__2024-11-24",0.04,0,0.414432674646378
"Davies Reef (18-096)__DAV_18-096_34__2024-10-20",0.04,0,0.256151169538498
"Davies Reef (18-096)__DAV_18-096_37__2024-08-30",0.04,1,0.480171024799347
"Eyrie Reef (14-118)__EYR_14-118_14__2023-10-28",0.04,0,0.123359136283398
"Eyrie Reef (14-118)__EYR_14-118_16__2023-10-28",0.04,0,0.124883241951466
"Eyrie Reef (14-118)__EYR_14-118_17__2024-01-08",0.04,1,0.103211350739002
"Eyrie Reef (14-118)__EYR_14-118_18__2021-12-17",0.04,0,0.0773349851369858
"Eyrie Reef (14-118)__EYR_14-118_18__2023-11-13",0.04,0,0.181414097547531
"Eyrie Reef (14-118)__EYR_14-118_19__2021-12-17",0.04,0,0.0950004458427429
"Eyrie Reef (14-118)__EYR_14-118_19__2023-11-13",0.04,0,0.217255964875221
"Eyrie Reef (14-118)__EYR_14-118_20__2023-11-12",0.04,0,0.257351696491241
"Eyrie Reef (14-118)__EYR_14-118_21__2021-12-16",0.04,1,0.116568610072136
"Eyrie Reef (14-118)__EYR_14-118_21__2023-11-12",0.04,0,0.258647173643112
"Eyrie Reef (14-118)__EYR_14-118_24__2021-12-16",0.04,0,0.0956115424633026
"Eyrie Reef (14-118)__EYR_14-118_29__2024-03-12",0.04,0,0.178562328219414
"Eyrie Reef (14-118)__EYR_14-118_31__2024-03-12",0.04,0,0.151422113180161
"Eyrie Reef (14-118)__EYR_14-118_32__2023-11-14",0.04,0,0.1056302562356
"Eyrie Reef (14-118)__EYR_14-118_33__2024-02-03",0.04,0,0.0988756120204926
"Eyrie Reef (14-118)__EYR_14-118_6__2021-11-29",0.04,1,0.135816231369972
"Eyrie Reef (14-118)__EYR_14-118_7__2021-11-30",0.04,1,0.135816231369972
"Eyrie Reef (14-118)__EYR_14-118_8__2021-11-30",0.04,1,0.135816231369972
"Eyrie Reef (14-118)__EYR_14-118_8__2023-10-27",0.04,1,0.119496166706085
"Fitzroy Reef (23-077)__FIT_23-077_21__2026-05-23",0.04,1,0.416860580444336
"Fitzroy Reef (23-077)__FIT_23-077_22__2026-05-23",0.04,1,0.42095959186554
"Fitzroy Reef (23-077)__FIT_23-077_24__2026-05-24",0.04,0,0.241347834467888
"Fitzroy Reef (23-077)__FIT_23-077_25__2026-05-23",0.04,0,0.288510829210281
"Fitzroy Reef (23-077)__FIT_23-077_32__2026-05-23",0.04,0,0.235399290919304
"Fitzroy Reef (23-077)__FIT_23-077_33__2026-05-23",0.04,0,0.390455901622772
"Green Island Reef (16-049)__GRE_16-049_14__2025-10-17",0.04,0,0.0383717007935047
"Green Island Reef (16-049)__GRE_16-049_15__2025-10-17",0.04,0,0.0414574779570103
"Keeper Reef (18-079)__KEE_18-079_10__2020-09-04",0.04,1,0.167188405990601
"Keeper Reef (18-079)__KEE_18-079_11__2020-05-22",0.04,0,0.558086335659027
"Keeper Reef (18-079)__KEE_18-079_12__2020-07-30",0.04,0,0.352123975753784
"Keeper Reef (18-079)__KEE_18-079_13__2020-07-29",0.04,0,0.32760226726532
"Keeper Reef (18-079)__KEE_18-079_17__2020-06-08",0.04,1,0.303080916404724
"Keeper Reef (18-079)__KEE_18-079_18__2020-05-21",0.04,1,0.589461863040924
"Keeper Reef (18-079)__KEE_18-079_19__2020-05-21",0.04,1,0.397714823484421
"Keeper Reef (18-079)__KEE_18-079_20__2020-05-22",0.04,0,0.38187900185585
"Keeper Reef (18-079)__KEE_18-079_23__2020-06-22",0.04,1,0.121365644037724
"Keeper Reef (18-079)__KEE_18-079_4__2020-06-22",0.04,0,0.132784053683281
"Keeper Reef (18-079)__KEE_18-079_5__2020-06-23",0.04,1,0.132784053683281
"Keeper Reef (18-079)__KEE_18-079_6__2020-08-08",0.04,1,0.10542568564415
"Keeper Reef (18-079)__KEE_18-079_7__2020-09-22",0.04,1,0.0680536776781082
"Keeper Reef (18-079)__KEE_18-079_8__2020-10-26",0.04,1,0.212332412600517
"Keeper Reef (18-079)__KEE_18-079_9__2020-06-07",0.04,1,0.306050270795822
"Lizard Island Reef (Lagoon) (14-116d)__LIZ_14-116d_13__2020-11-13",0.04,0,0.0383717007935047
"Lizard Island Reef (Lagoon) (14-116d)__LIZ_14-116d_14__2020-11-13",0.04,0,0.0383717007935047
"Lizard Island Reef (Lagoon) (14-116d)__LIZ_14-116d_29__2020-11-17",0.04,0,0.06186917796731
"Lizard Island Reef (North East) (14-116b)__LIZ_14-116b_1__2020-11-16",0.04,0,0.125973895192146
"Lizard Island Reef (North West) (14-116a)__LIZ_14-116a_30__2020-11-17",0.04,0,0.136014774441719
"Lizard Island Reef (North West) (14-116a)__LIZ_14-116a_31__2020-11-16",0.04,0,0.170278549194336
"Lizard Island Reef (North West) (14-116a)__LIZ_14-116a_33__2020-11-16",0.04,0,0.233351871371269
"Lizard Island Reef (North West) (14-116a)__LIZ_14-116a_35__2020-11-16",0.04,0,0.103653140366077
"North Direction Reef (14-143)__NOR_14-143_3__2021-11-25",0.04,0,0.107730701565742
"North Direction Reef (14-143)__NOR_14-143_4__2022-02-21",0.04,0,0.0613610632717609
"U/N Reef (21-057)__U/N_21-057_41__2025-08-22",0.04,0,0.252012968063354
"U/N Reef (21-057)__U/N_21-057_42__2025-08-22",0.04,0,0.185113549232483
"U/N Reef (21-057)__U/N_21-057_43__2025-08-22",0.04,0,0.182586893439293
"U/N Reef (21-057)__U/N_21-057_44__2025-08-22",0.04,0,0.177753925323486
"Batt Reef (16-029)__BAT_16-029_82__2023-07-21",0.04,1,0.286215990781784
"Batt Reef (16-029)__BAT_16-029_83__2023-09-02",0.04,0,0.145574316382408
"Batt Reef (16-029)__BAT_16-029_84__2023-09-02",0.04,0,0.135811612010002
"Batt Reef (16-029)__BAT_16-029_85__2023-07-20",0.04,0,0.299440950155258
"Bushy-Redbill Reef (20-310)__BUS_20-310_19__2025-09-11",0.04,1,0.568732380867004
"Bushy-Redbill Reef (20-310)__BUS_20-310_1__2025-08-23",0.04,1,0.609440803527832
"Bushy-Redbill Reef (20-310)__BUS_20-310_20__2025-08-24",0.04,1,0.58014452457428
"Bushy-Redbill Reef (20-310)__BUS_20-310_21__2025-08-23",0.04,1,0.750126957893372
"Bushy-Redbill Reef (20-310)__BUS_20-310_22__2025-08-24",0.04,1,0.674857199192047
"Davies Reef (18-096)__DAV_18-096_12__2019-08-18",0.04,0,0.344912528991699
"Davies Reef (18-096)__DAV_18-096_13__2023-08-15",0.04,0,0.332645088434219
"Davies Reef (18-096)__DAV_18-096_14__2022-06-13",0.04,1,0.442826241254807
"Davies Reef (18-096)__DAV_18-096_14__2023-08-15",0.04,1,0.332645088434219
"Davies Reef (18-096)__DAV_18-096_15__2023-12-02",0.04,1,0.396373838186264
"Davies Reef (18-096)__DAV_18-096_16__2019-08-20",0.04,1,0.326495617628098
"Davies Reef (18-096)__DAV_18-096_16__2023-12-02",0.04,0,0.37538480758667
"Davies Reef (18-096)__DAV_18-096_17__2019-08-05",0.04,1,0.313562512397766
"Davies Reef (18-096)__DAV_18-096_18__2019-08-05",0.04,1,0.360818892717361
"Davies Reef (18-096)__DAV_18-096_18__2022-06-24",0.04,1,0.398140698671341
"Davies Reef (18-096)__DAV_18-096_18__2023-07-20",0.04,1,0.614383339881897
"Davies Reef (18-096)__DAV_18-096_19__2019-08-01",0.04,1,0.263713836669922
"Davies Reef (18-096)__DAV_18-096_19__2022-06-25",0.04,1,0.212040901184082
"Davies Reef (18-096)__DAV_18-096_19__2023-07-19",0.04,0,0.574539303779602
"Davies Reef (18-096)__DAV_18-096_20__2019-08-07",0.04,0,0.530220150947571
"Davies Reef (18-096)__DAV_18-096_20__2022-06-26",0.04,0,0.233524158596992
"Davies Reef (18-096)__DAV_18-096_21__2022-07-24",0.04,0,0.168855354189873
"Davies Reef (18-096)__DAV_18-096_22__2019-09-13",0.04,0,0.318783313035965
"Davies Reef (18-096)__DAV_18-096_22__2022-09-07",0.04,0,0.294195383787155
"Davies Reef (18-096)__DAV_18-096_23__2019-08-02",0.04,0,0.271293967962265
"Davies Reef (18-096)__DAV_18-096_23__2022-09-07",0.04,0,0.31833279132843
"Davies Reef (18-096)__DAV_18-096_24__2019-08-02",0.04,0,0.294472247362137
"Davies Reef (18-096)__DAV_18-096_24__2022-06-11",0.04,0,0.266936212778091
"Davies Reef (18-096)__DAV_18-096_25__2022-06-11",0.04,0,0.265542834997177
"Davies Reef (18-096)__DAV_18-096_25__2023-08-24",0.04,0,0.153593584895134
"Davies Reef (18-096)__DAV_18-096_29__2019-08-03",0.04,0,0.417706608772278
"Davies Reef (18-096)__DAV_18-096_29__2022-06-24",0.04,1,0.48751226067543
"Davies Reef (18-096)__DAV_18-096_29__2023-07-19",0.04,0,0.696150243282318
"Davies Reef (18-096)__DAV_18-096_30__2019-10-25",0.04,1,0.317866265773773
"Davies Reef (18-096)__DAV_18-096_30__2022-06-25",0.04,1,0.173653528094292
"Davies Reef (18-096)__DAV_18-096_31__2022-09-06",0.04,1,0.494859904050827
"Davies Reef (18-096)__DAV_18-096_31__2023-08-12",0.04,0,0.356548249721527
"Davies Reef (18-096)__DAV_18-096_33__2022-09-02",0.04,1,0.436330705881119
"Davies Reef (18-096)__DAV_18-096_34__2022-06-13",0.04,1,0.426210731267929
"Davies Reef (18-096)__DAV_18-096_35__2022-09-02",0.04,0,0.440919667482376
"Davies Reef (18-096)__DAV_18-096_36__2022-09-02",0.04,1,0.319813191890717
"Elford Reef (16-073)__ELF_16-073_12__2023-09-28",0.04,0,0.0967499390244484
"Elford Reef (16-073)__ELF_16-073_3__2023-10-30",0.04,0,0.0608032904565334
"Lady Musgrave Reef (23-082a)__LAD_23-082a_16__2026-05-18",0.04,1,0.311747014522552
"Lady Musgrave Reef (23-082a)__LAD_23-082a_17__2026-05-21",0.04,0,0.251402705907822
"Lady Musgrave Reef (23-082a)__LAD_23-082a_18__2026-05-18",0.04,1,0.434547245502472
"Lady Musgrave Reef (23-082a)__LAD_23-082a_19__2026-05-17",0.04,1,0.358417749404907
"Lady Musgrave Reef (23-082a)__LAD_23-082a_20__2026-05-17",0.04,1,0.434547245502472
"Lady Musgrave Reef (23-082a)__LAD_23-082a_21__2026-05-20",0.04,1,0.261295944452286
"Lady Musgrave Reef (23-082a)__LAD_23-082a_25__2026-05-21",0.04,0,0.300721108913422
"Lady Musgrave Reef (23-082a)__LAD_23-082a_40__2026-05-16",0.04,0,0.311748266220093
"Lady Musgrave Reef (23-082a)__LAD_23-082a_41__2026-05-20",0.04,0,0.346972435712814
"Lady Musgrave Reef (23-082a)__LAD_23-082a_43__2026-05-16",0.04,0,0.311748266220093
"Lady Musgrave Reef (23-082a)__LAD_23-082a_45__2026-05-16",0.04,0,0.311747014522552
"Lady Musgrave Reef (23-082a)__LAD_23-082a_52__2026-05-21",0.04,0,0.321225047111511
"Lady Musgrave Reef (23-082a)__LAD_23-082a_55__2026-05-16",0.04,0,0.332645088434219
"Lady Musgrave Reef (23-082a)__LAD_23-082a_56__2026-05-16",0.04,0,0.332645088434219
"Lady Musgrave Reef (23-082a)__LAD_23-082a_57__2026-05-21",0.04,0,0.321225047111511
"Lizard Island Reef (Lagoon) (14-116d)__LIZ_14-116d_13__2021-11-15",0.04,0,0.0876387506723404
"Lizard Island Reef (Lagoon) (14-116d)__LIZ_14-116d_13__2022-10-27",0.04,0,0.037325918674469
"Lizard Island Reef (Lagoon) (14-116d)__LIZ_14-116d_14__2022-10-27",0.04,0,0.037325918674469
"Lizard Island Reef (Lagoon) (14-116d)__LIZ_14-116d_15__2021-11-26",0.04,0,0.0846249684691429
"Lizard Island Reef (Lagoon) (14-116d)__LIZ_14-116d_15__2022-10-27",0.04,0,0.0323811583220959
"Lizard Island Reef (Lagoon) (14-116d)__LIZ_14-116d_16__2022-10-27",0.04,0,0.0337691493332386
"Lizard Island Reef (Lagoon) (14-116d)__LIZ_14-116d_21__2024-10-01",0.04,0,0.227363765239716
"Lizard Island Reef (Lagoon) (14-116d)__LIZ_14-116d_22__2024-10-25",0.04,0,0.302566260099411
"Lizard Island Reef (Lagoon) (14-116d)__LIZ_14-116d_23__2024-10-25",0.04,0,0.296168029308319
"Lizard Island Reef (Lagoon) (14-116d)__LIZ_14-116d_25__2024-10-02",0.04,1,0.483047902584076
"Lizard Island Reef (Lagoon) (14-116d)__LIZ_14-116d_26__2021-11-26",0.04,0,0.0829669162631035
"Lizard Island Reef (Lagoon) (14-116d)__LIZ_14-116d_26__2024-10-02",0.04,1,0.379205107688904
"Lizard Island Reef (Lagoon) (14-116d)__LIZ_14-116d_28__2022-10-14",0.04,1,0.226186290383339
"Lizard Island Reef (Lagoon) (14-116d)__LIZ_14-116d_28__2025-01-16",0.04,0,0.475397914648056
"Lizard Island Reef (Lagoon) (14-116d)__LIZ_14-116d_29__2022-10-14",0.04,1,0.133506253361702
"Lizard Island Reef (Lagoon) (14-116d)__LIZ_14-116d_30__2022-11-10",0.04,0,0.249663382768631
"Lizard Island Reef (North East) (14-116b)__LIZ_14-116b_1__2024-01-12",0.04,0,0.300891131162643
"Lizard Island Reef (North East) (14-116b)__LIZ_14-116b_3__2022-10-29",0.04,0,0.0395978838205338
"Lizard Island Reef (North East) (14-116b)__LIZ_14-116b_4__2022-10-29",0.04,0,0.0438484363257885
"Lizard Island Reef (North West) (14-116a)__LIZ_14-116a_30__2021-11-16",0.04,0,0.46784183382988
"Lizard Island Reef (North West) (14-116a)__LIZ_14-116a_32__2021-11-16",0.04,1,0.628436625003815
"Lizard Island Reef (North West) (14-116a)__LIZ_14-116a_33__2021-11-16",0.04,0,0.539036393165588
"Lizard Island Reef (North West) (14-116a)__LIZ_14-116a_34__2021-11-16",0.04,0,0.46621036529541
"Prawn Reef (19-024)__PRA_19-024_11__2023-03-27",0.04,0,0.168509885668755
"Prawn Reef (19-024)__PRA_19-024_4__2023-03-27",0.04,0,0.587761402130127
"U/N Reef (21-067)__UN_21-067_1__2025-03-27",0.04,1,0.0409690476953983
"U/N Reef (21-067)__UN_21-067_3__2025-03-27",0.04,1,0.380977004766464
"U/N Reef (21-067)__UN_21-067_5__2025-03-27",0.04,1,0.220746129751205
"U/N Reef (21-067)__UN_21-067_6__2025-03-27",0.04,1,0.112535201013088
"Batt Reef (16-029)__BAT_16-029_82__2022-10-04",0.08,0,0.261282384395599
"Batt Reef (16-029)__BAT_16-029_83__2022-10-04",0.08,0,0.261282384395599
"Batt Reef (16-029)__BAT_16-029_84__2022-10-04",0.08,0,0.293763875961304
"Bowden Reef (19-019)__BOW_19-019_1__2022-10-01",0.08,0,0.213214218616486
"Bowden Reef (19-019)__BOW_19-019_20__2022-10-14",0.08,0,0.261282384395599
"Bowden Reef (19-019)__BOW_19-019_23__2022-09-30",0.08,0,0.261282384395599
"Bowden Reef (19-019)__BOW_19-019_24__2022-09-30",0.08,0,0.289371699094772
"Bowden Reef (19-019)__BOW_19-019_25__2022-09-30",0.08,0,0.428369760513306
"Bowden Reef (19-019)__BOW_19-019_26__2022-09-30",0.08,0,0.428369760513306
"Bowden Reef (19-019)__BOW_19-019_27__2022-10-01",0.08,0,0.291413813829422
"Bowden Reef (19-019)__BOW_19-019_28__2022-10-01",0.08,0,0.303849428892136
"Bowden Reef (19-019)__BOW_19-019_29__2022-10-01",0.08,0,0.223732516169548
"Bowden Reef (19-019)__BOW_19-019_31__2022-09-30",0.08,0,0.213214218616486
"Bowden Reef (19-019)__BOW_19-019_33__2022-10-01",0.08,0,0.213214218616486
"Bowden Reef (19-019)__BOW_19-019_34__2022-10-12",0.08,0,0.213214218616486
"Bowden Reef (19-019)__BOW_19-019_35__2022-10-12",0.08,0,0.248544961214066
"Bowden Reef (19-019)__BOW_19-019_36__2022-10-12",0.08,0,0.355017095804214
"Bowden Reef (19-019)__BOW_19-019_38__2022-10-01",0.08,0,0.275600224733353
"Bowden Reef (19-019)__BOW_19-019_39__2022-10-16",0.08,0,0.427976876497269
"Bowden Reef (19-019)__BOW_19-019_3__2022-10-02",0.08,0,0.216275304555893
"Bowden Reef (19-019)__BOW_19-019_42__2022-10-14",0.08,0,0.261282384395599
"Bowden Reef (19-019)__BOW_19-019_43__2022-10-13",0.08,0,0.261282384395599
"Bowden Reef (19-019)__BOW_19-019_44__2022-10-13",0.08,0,0.256158411502838
"Bowden Reef (19-019)__BOW_19-019_46__2022-10-14",0.08,0,0.249594122171402
"Bowden Reef (19-019)__BOW_19-019_49__2022-10-14",0.08,0,0.276223421096802
"Bowden Reef (19-019)__BOW_19-019_52__2022-10-13",0.08,1,0.278642922639847
"Bowden Reef (19-019)__BOW_19-019_53__2022-10-14",0.08,0,0.270405769348145
"Bowden Reef (19-019)__BOW_19-019_57__2022-10-13",0.08,1,0.293763875961304
"Bowden Reef (19-019)__BOW_19-019_60__2022-10-12",0.08,0,0.291413813829422
"Bowden Reef (19-019)__BOW_19-019_61__2022-10-16",0.08,0,0.353196114301682
"Bowden Reef (19-019)__BOW_19-019_62__2022-10-16",0.08,0,0.427976876497269
"Bowden Reef (19-019)__BOW_19-019_64__2022-10-16",0.08,0,0.349285244941711
"Bowden Reef (19-019)__BOW_19-019_65__2022-10-14",0.08,0,0.261282384395599
"Bowden Reef (19-019)__BOW_19-019_67__2022-10-13",0.08,0,0.213214218616486
"Bowden Reef (19-019)__BOW_19-019_68__2022-10-15",0.08,0,0.304425269365311
"Bowden Reef (19-019)__BOW_19-019_69__2022-10-16",0.08,0,0.273348242044449
"Bowden Reef (19-019)__BOW_19-019_71__2022-10-15",0.08,0,0.261282384395599
"Bowden Reef (19-019)__BOW_19-019_81__2022-10-13",0.08,0,0.237799167633057
"Bowden Reef (19-019)__BOW_19-019_84__2022-10-13",0.08,0,0.225702717900276
"Bowden Reef (19-019)__BOW_19-019_87__2022-10-15",0.08,0,0.362925618886948
"Bowden Reef (19-019)__BOW_19-019_88__2022-10-17",0.08,0,0.221161589026451
"Bowden Reef (19-019)__BOW_19-019_89__2022-10-14",0.08,0,0.299446225166321
"Bowden Reef (19-019)__BOW_19-019_90__2022-10-14",0.08,0,0.427976876497269
"Bowden Reef (19-019)__BOW_19-019_92__2022-10-15",0.08,0,0.249594122171402
"Bowden Reef (19-019)__BOW_19-019_94__2022-10-17",0.08,0,0.275600224733353
"Bowden Reef (19-019)__BOW_19-019_97__2022-10-16",0.08,0,0.276223421096802
"Darley Reef (19-043)__DAR_19-043_58__2023-03-29",0.08,0,0.211419343948364
"Darley Reef (19-043)__DAR_19-043_62__2023-03-29",0.08,0,0.227328032255173
"Darley Reef (19-043)__DAR_19-043_91__2023-03-28",0.08,0,0.609750270843506
"Darley Reef (19-043)__DAR_19-043_98__2023-03-28",0.08,0,0.211419343948364
"Davies Reef (18-096)__DAV_18-096_10__2023-01-22",0.08,0,0.207032844424248
"Davies Reef (18-096)__DAV_18-096_11__2023-01-23",0.08,0,0.207032844424248
"Davies Reef (18-096)__DAV_18-096_11__2024-03-18",0.08,0,0.150159940123558
"Davies Reef (18-096)__DAV_18-096_12__2023-01-23",0.08,0,0.207032844424248
"Davies Reef (18-096)__DAV_18-096_12__2024-03-03",0.08,0,0.141121193766594
"Davies Reef (18-096)__DAV_18-096_13__2023-01-23",0.08,0,0.207032844424248
"Davies Reef (18-096)__DAV_18-096_14__2023-01-23",0.08,0,0.207032844424248
"Davies Reef (18-096)__DAV_18-096_14__2024-03-03",0.08,0,0.141121193766594
"Davies Reef (18-096)__DAV_18-096_15__2023-01-23",0.08,0,0.207032844424248
"Davies Reef (18-096)__DAV_18-096_15__2024-01-31",0.08,0,0.207032844424248
"Davies Reef (18-096)__DAV_18-096_17__2024-02-17",0.08,0,0.14995414018631
"Davies Reef (18-096)__DAV_18-096_18__2023-01-24",0.08,0,0.361852556467056
"Davies Reef (18-096)__DAV_18-096_18__2024-01-13",0.08,0,0.386275410652161
"Davies Reef (18-096)__DAV_18-096_19__2023-01-24",0.08,0,0.132331520318985
"Davies Reef (18-096)__DAV_18-096_19__2024-03-17",0.08,0,0.273612171411514
"Davies Reef (18-096)__DAV_18-096_20__2023-01-25",0.08,0,0.103322088718414
"Davies Reef (18-096)__DAV_18-096_21__2023-01-25",0.08,0,0.0979388654232025
"Davies Reef (18-096)__DAV_18-096_22__2024-03-17",0.08,0,0.142483860254288
"Davies Reef (18-096)__DAV_18-096_24__2024-05-30",0.08,0,0.261282384395599
"Davies Reef (18-096)__DAV_18-096_25__2023-02-05",0.08,0,0.124775871634483
"Davies Reef (18-096)__DAV_18-096_26__2023-01-22",0.08,0,0.207032844424248
"Davies Reef (18-096)__DAV_18-096_29__2023-01-24",0.08,0,0.355786174535751
"Davies Reef (18-096)__DAV_18-096_29__2024-06-12",0.08,0,0.427976876497269
"Davies Reef (18-096)__DAV_18-096_30__2024-03-18",0.08,0,0.160499751567841
"Davies Reef (18-096)__DAV_18-096_31__2023-01-24",0.08,0,0.239845290780067
"Davies Reef (18-096)__DAV_18-096_31__2024-03-21",0.08,0,0.175958856940269
"Davies Reef (18-096)__DAV_18-096_34__2023-01-23",0.08,0,0.207032844424248
"Davies Reef (18-096)__DAV_18-096_36__2024-03-19",0.08,0,0.14678218960762
"Davies Reef (18-096)__DAV_18-096_37__2024-03-19",0.08,0,0.150159940123558
"Davies Reef (18-096)__DAV_18-096_9__2023-01-22",0.08,0,0.207032844424248
"Eyrie Reef (14-118)__EYR_14-118_1__2026-02-26",0.08,1,0.299446225166321
"Eyrie Reef (14-118)__EYR_14-118_2__2026-02-26",0.08,1,0.261282384395599
"Judith Wright Reef (18-101)__JUD_18-101_1__2025-08-27",0.08,0,0.0979388654232025
"Judith Wright Reef (18-101)__JUD_18-101_38__2025-10-14",0.08,0,0.0247972887009382
"Judith Wright Reef (18-101)__JUD_18-101_3__2025-08-05",0.08,0,0.21584889292717
"Judith Wright Reef (18-101)__JUD_18-101_4__2025-08-05",0.08,1,0.205851569771767
"Judith Wright Reef (18-101)__JUD_18-101_5__2025-10-14",0.08,0,0.0510423369705677
"Lizard Island Reef (Lagoon) (14-116d)__LIZ_14-116d_13__2024-01-19",0.08,0,0.043527465313673
"Lizard Island Reef (Lagoon) (14-116d)__LIZ_14-116d_14__2024-01-31",0.08,0,0.043527465313673
"Lizard Island Reef (Lagoon) (14-116d)__LIZ_14-116d_15__2024-01-19",0.08,0,0.043527465313673
"Lizard Island Reef (Lagoon) (14-116d)__LIZ_14-116d_16__2024-01-20",0.08,0,0.043527465313673
"Lizard Island Reef (Lagoon) (14-116d)__LIZ_14-116d_20__2025-10-12",0.08,0,0.0420421212911606
"Lizard Island Reef (Lagoon) (14-116d)__LIZ_14-116d_21__2024-01-20",0.08,0,0.043527465313673
"Lizard Island Reef (Lagoon) (14-116d)__LIZ_14-116d_21__2025-10-12",0.08,0,0.0420421212911606
"Lizard Island Reef (Lagoon) (14-116d)__LIZ_14-116d_22__2024-01-19",0.08,0,0.271782100200653
"Lizard Island Reef (Lagoon) (14-116d)__LIZ_14-116d_22__2025-10-12",0.08,0,0.254342436790466
"Lizard Island Reef (Lagoon) (14-116d)__LIZ_14-116d_24__2024-03-10",0.08,0,0.417973339557648
"Lizard Island Reef (Lagoon) (14-116d)__LIZ_14-116d_24__2025-10-10",0.08,0,0.370279878377914
"Lizard Island Reef (Lagoon) (14-116d)__LIZ_14-116d_25__2024-01-19",0.08,0,0.42923778295517
"Lizard Island Reef (Lagoon) (14-116d)__LIZ_14-116d_25__2025-10-10",0.08,0,0.381100445985794
"Lizard Island Reef (Lagoon) (14-116d)__LIZ_14-116d_27__2026-02-05",0.08,0,0.0704499110579491
"Lizard Island Reef (Lagoon) (14-116d)__LIZ_14-116d_28__2023-10-30",0.08,0,0.231696635484695
"Lizard Island Reef (Lagoon) (14-116d)__LIZ_14-116d_28__2026-02-05",0.08,0,0.0955457389354706
"Lizard Island Reef (Lagoon) (14-116d)__LIZ_14-116d_29__2023-10-29",0.08,0,0.129971355199814
"Lizard Island Reef (Lagoon) (14-116d)__LIZ_14-116d_29__2025-10-09",0.08,0,0.0432565771043301
"Lizard Island Reef (Lagoon) (14-116d)__LIZ_14-116d_31__2024-01-18",0.08,0,0.422709345817566
"Lizard Island Reef (Lagoon) (14-116d)__LIZ_14-116d_31__2025-10-09",0.08,0,0.0819996520876884
"Lizard Island Reef (North East) (14-116b)__LIZ_14-116b_1__2025-12-14",0.08,0,0.0490233935415745
"Lizard Island Reef (North West) (14-116a)__LIZ_14-116a_30__2022-10-14",0.08,0,0.0198193676769733
"Lizard Island Reef (North West) (14-116a)__LIZ_14-116a_30__2023-10-29",0.08,0,0.0204405803233385
"Lizard Island Reef (North West) (14-116a)__LIZ_14-116a_31__2019-09-21",0.08,0,0.0485071837902069
"Lizard Island Reef (North West) (14-116a)__LIZ_14-116a_31__2022-10-14",0.08,0,0.0310858152806759
"Lizard Island Reef (North West) (14-116a)__LIZ_14-116a_32__2019-09-21",0.08,0,0.0663443878293037
"Lizard Island Reef (North West) (14-116a)__LIZ_14-116a_33__2019-09-21",0.08,0,0.0638731941580772
"Lizard Island Reef (North West) (14-116a)__LIZ_14-116a_34__2019-09-20",0.08,0,0.0370468273758888
"Lizard Island Reef (North West) (14-116a)__LIZ_14-116a_34__2023-10-30",0.08,0,0.0201040860265493
"Lizard Island Reef (North West) (14-116a)__LIZ_14-116a_35__2019-09-20",0.08,0,0.0325007811188698
"Lizard Island Reef (North West) (14-116a)__LIZ_14-116a_35__2023-10-30",0.08,0,0.0213513299822807
"Lizard Island Reef (North West) (14-116a)__LIZ_14-116a_36__2019-09-20",0.08,0,0.0325007811188698
"Lizard Island Reef (North West) (14-116a)__LIZ_14-116a_36__2024-01-12",0.08,0,0.0513482131063938
"North Direction Reef (14-143)__NOR_14-143_2__2024-01-22",0.08,0,0.0955457389354706
"North Direction Reef (14-143)__NOR_14-143_3__2024-01-22",0.08,0,0.0955457389354706
"North Direction Reef (14-143)__NOR_14-143_4__2024-01-22",0.08,0,0.0755713805556297
"U/N Reef (11-049)__U/N_11-049_11__2025-04-07",0.08,0,0.427976876497269
"U/N Reef (11-049)__U/N_11-049_7__2025-04-07",0.08,0,0.427976876497269
"U/N Reef (21-460)__U/N_21-460_23__2025-04-11",0.08,0,0.112486369907856
"U/N Reef (21-460)__U/N_21-460_31__2025-04-10",0.08,0,0.129717856645584
"U/N Reef (21-460)__U/N_21-460_32__2025-04-10",0.08,0,0.121587283909321
"U/N Reef (21-460)__U/N_21-460_34__2025-04-10",0.08,0,0.211419343948364
"U/N Reef (21-460)__U/N_21-460_35__2025-04-10",0.08,0,0.123093985021114
"U/N Reef (21-460)__U/N_21-460_43__2025-04-11",0.08,0,0.120304048061371
"U/N Reef (21-460)__U/N_21-460_44__2025-04-11",0.08,0,0.119974344968796
"(Big) Broadhurst Reef (No 1) (18-100a)__(BI_18-100a_135__2025-08-01",0.08,0,0.0405799373984337
"(Big) Broadhurst Reef (No 1) (18-100a)__BBR_18-100a_102__2025-08-02",0.08,0,0.0223308242857456
"(Big) Broadhurst Reef (No 1) (18-100a)__BBR_18-100a_78__2025-08-01",0.08,0,0.0223308242857456
"(Big) Broadhurst Reef (No 1) (18-100a)__BBR_18-100a_92__2025-04-09",0.08,0,0.152316302061081
"(Big) Broadhurst Reef (No 1) (18-100a)__BBR_18-100a_95__2025-04-09",0.08,0,0.196327209472656
"(Big) Broadhurst Reef (No 1) (18-100a)__BBR_18-100a_97__2025-08-03",0.08,0,0.0416335500776768
"Davies Reef (18-096)__DAV_18-096_13__2023-06-26",0.08,1,0.222285583615303
"Davies Reef (18-096)__DAV_18-096_14__2023-06-26",0.08,1,0.222285583615303
"Davies Reef (18-096)__DAV_18-096_18__2023-03-25",0.08,1,0.504557192325592
"Davies Reef (18-096)__DAV_18-096_18__2025-02-09",0.08,0,0.262071788311005
"Davies Reef (18-096)__DAV_18-096_18__2025-08-10",0.08,0,0.57112854719162
"Davies Reef (18-096)__DAV_18-096_19__2023-05-22",0.08,1,0.255491316318512
"Davies Reef (18-096)__DAV_18-096_19__2025-02-09",0.08,0,0.26062473654747
"Davies Reef (18-096)__DAV_18-096_19__2025-08-09",0.08,0,0.580631852149963
"Davies Reef (18-096)__DAV_18-096_20__2023-05-25",0.08,0,0.119967326521873
"Davies Reef (18-096)__DAV_18-096_20__2025-08-08",0.08,0,0.496406108140945
"Davies Reef (18-096)__DAV_18-096_22__2025-08-20",0.08,0,0.443931102752686
"Davies Reef (18-096)__DAV_18-096_23__2025-08-22",0.08,0,0.288732081651688
"Davies Reef (18-096)__DAV_18-096_24__2025-08-08",0.08,0,0.348724663257599
"Davies Reef (18-096)__DAV_18-096_25__2025-12-10",0.08,0,0.0223308242857456
"Davies Reef (18-096)__DAV_18-096_26__2025-12-10",0.08,0,0.0223308242857456
"Davies Reef (18-096)__DAV_18-096_28__2023-03-25",0.08,0,0.143368005752563
"Davies Reef (18-096)__DAV_18-096_29__2023-04-14",0.08,1,0.341049909591675
"Davies Reef (18-096)__DAV_18-096_31__2023-05-28",0.08,0,0.251886785030365
"Davies Reef (18-096)__DAV_18-096_32__2025-02-10",0.08,0,0.119967326521873
"Davies Reef (18-096)__DAV_18-096_33__2025-08-07",0.08,0,0.453839331865311
"Davies Reef (18-096)__DAV_18-096_37__2025-08-09",0.08,0,0.348724663257599
"Elford Reef (16-073)__ELF_16-073_4__2022-08-06",0.08,0,0.0302660316228867
"Elford Reef (16-073)__ELF_16-073_51__2022-09-07",0.08,0,0.0400099419057369
"Elford Reef (16-073)__ELF_16-073_52__2022-08-24",0.08,0,0.0807818397879601
"Elford Reef (16-073)__ELF_16-073_9__2022-08-07",0.08,0,0.0405032150447369
"Faith Reef (19-044)__FAI_19-044_13__2023-03-30",0.08,0,0.152316302061081
"Faith Reef (19-044)__FAI_19-044_14__2023-04-18",0.08,0,0.0955203771591187
"John Brewer Reef (18-075)__JOH_18-075_21__2026-01-16",0.08,0,0.136061385273933
"Lizard Island Reef (North West) (14-116a)__LIZ_14-116a_30__2025-10-09",0.08,0,0.0656538158655167
"Lizard Island Reef (North West) (14-116a)__LIZ_14-116a_31__2024-10-23",0.08,0,0.178885489702225
"Lizard Island Reef (North West) (14-116a)__LIZ_14-116a_31__2025-12-15",0.08,0,0.0526107288897038
"Lizard Island Reef (North West) (14-116a)__LIZ_14-116a_33__2024-10-23",0.08,0,0.178885489702225
"Lizard Island Reef (North West) (14-116a)__LIZ_14-116a_33__2025-10-11",0.08,0,0.0942545309662819
"Lizard Island Reef (North West) (14-116a)__LIZ_14-116a_34__2025-10-11",0.08,0,0.0648799315094948
"Lizard Island Reef (North West) (14-116a)__LIZ_14-116a_35__2024-12-03",0.08,0,0.126944497227669
"Lizard Island Reef (North West) (14-116a)__LIZ_14-116a_35__2026-02-05",0.08,0,0.0223308242857456
"Lizard Island Reef (North West) (14-116a)__LIZ_14-116a_36__2024-12-03",0.08,0,0.126944497227669
"Lizard Island Reef (North West) (14-116a)__LIZ_14-116a_36__2025-12-14",0.08,0,0.029535012319684
"Lynchs Reef (18-091)__LYN_18-091_37__2023-06-27",0.08,0,0.0800286084413528
"Lynchs Reef (18-091)__LYN_18-091_38__2023-04-15",0.08,1,0.101072400808334
"Lynchs Reef (18-091)__LYN_18-091_39__2023-04-01",0.08,1,0.496406108140945
"Lynchs Reef (18-091)__LYN_18-091_40__2023-04-16",0.08,0,0.373059093952179
"Lynchs Reef (18-091)__LYN_18-091_41__2023-04-01",0.08,1,0.152316302061081
"Moore Reef (16-071)__MOO_16-071_155__2021-10-05",0.08,0,0.112761817872524
"Moore Reef (16-071)__MOO_16-071_156__2021-10-05",0.08,0,0.167291328310966
"Shrimp Reef (18-118)__SHR_18-118_19__2023-03-26",0.08,0,0.152316302061081
"Thetford Reef (16-068)__THE_16-068_12__2021-10-04",0.08,0,0.0534014962613583
"Thetford Reef (16-068)__THE_16-068_15__2021-06-29",0.08,0,0.0248406939208508
"Thetford Reef (16-068)__THE_16-068_27__2021-10-04",0.08,0,0.0416335500776768
"U/N Reef (20-386)__U/N_20-386_14__2025-08-20",0.08,0,0.394456267356873
"U/N Reef (20-386)__U/N_20-386_15__2025-08-21",0.08,1,0.394456267356873
"U/N Reef (20-386)__U/N_20-386_17__2025-08-20",0.08,0,0.549502551555634
"U/N Reef (20-386)__U/N_20-386_18__2025-08-21",0.08,1,0.504557192325592
"U/N Reef (20-386)__U/N_20-386_19__2025-08-21",0.08,0,0.569427847862244
"U/N Reef (20-386)__U/N_20-386_1__2025-08-20",0.08,0,0.134536683559418
"U/N Reef (20-386)__U/N_20-386_26__2025-08-19",0.08,0,0.103085987269878
"U/N Reef (20-386)__U/N_20-386_27__2025-08-19",0.08,0,0.103085987269878
"U/N Reef (20-386)__U/N_20-386_28__2025-08-20",0.08,0,0.152316302061081
"U/N Reef (20-386)__U/N_20-386_29__2025-08-20",0.08,1,0.179485753178596
"U/N Reef (20-386)__U/N_20-386_2__2025-08-20",0.08,1,0.103085987269878
"U/N Reef (20-386)__U/N_20-386_30__2025-08-21",0.08,0,0.103085987269878
"U/N Reef (20-386)__U/N_20-386_31__2025-08-21",0.08,0,0.181319713592529
"U/N Reef (20-386)__U/N_20-386_36__2025-08-20",0.08,0,0.134536683559418
"U/N Reef (20-386)__U/N_20-386_4__2026-02-18",0.08,0,0.0498463660478592
"U/N Reef (20-386)__U/N_20-386_5__2026-02-18",0.08,0,0.0345398113131523
"U/N Reef (21-466)__U/N_21-466_10__2025-05-07",0.08,0,0.0572572946548462
"U/N Reef (21-466)__U/N_21-466_12__2025-05-06",0.08,0,0.0371560752391815
"U/N Reef (21-466)__U/N_21-466_14__2025-05-06",0.08,0,0.0235581435263157
"U/N Reef (21-466)__U/N_21-466_1__2025-05-08",0.08,0,0.0529075115919113
"U/N Reef (21-466)__U/N_21-466_2__2025-05-06",0.08,0,0.0235581435263157
"U/N Reef (21-466)__U/N_21-466_42__2025-05-07",0.08,0,0.0562382563948631
"U/N Reef (21-466)__U/N_21-466_43__2025-05-07",0.08,0,0.0235581435263157
"U/N Reef (21-466)__U/N_21-466_44__2025-05-08",0.08,0,0.0438741520047188
"U/N Reef (21-466)__U/N_21-466_45__2025-05-07",0.08,0,0.0438741520047188
"U/N Reef (21-466)__U/N_21-466_46__2025-04-12",0.08,0,0.134536683559418
"U/N Reef (21-466)__U/N_21-466_4__2025-05-08",0.08,0,0.0285145491361618
"U/N Reef (21-466)__U/N_21-466_7__2025-04-12",0.08,0,0.103085987269878
"U/N Reef (21-466)__U/N_21-466_8__2025-05-08",0.08,0,0.0235581435263157
"U/N Reef (21-466)__U/N_21-466_9__2025-05-08",0.08,0,0.0235581435263157
"Vicki Harriott Reef (15-070)__VIC_15-070_12__2026-02-02",0.08,0,0.122780926525593
"Vicki Harriott Reef (15-070)__VIC_15-070_13__2026-02-01",0.08,0,0.196327209472656
"Vicki Harriott Reef (15-070)__VIC_15-070_14__2026-02-02",0.08,0,0.121315978467464
"Vicki Harriott Reef (15-070)__VIC_15-070_15__2026-02-01",0.08,0,0.0863193422555923
"Vicki Harriott Reef (15-070)__VIC_15-070_16__2026-02-01",0.08,0,0.148896902799606
"Vicki Harriott Reef (15-070)__VIC_15-070_19__2026-02-15",0.08,0,0.063716247677803
"Vicki Harriott Reef (15-070)__VIC_15-070_1__2026-04-29",0.08,0,0.048008605837822
"Vicki Harriott Reef (15-070)__VIC_15-070_22__2026-02-15",0.08,0,0.0815316513180733
"Vicki Harriott Reef (15-070)__VIC_15-070_23__2026-01-31",0.08,0,0.353546142578125
"Vicki Harriott Reef (15-070)__VIC_15-070_24__2026-01-31",0.08,0,0.497874617576599
"Vicki Harriott Reef (15-070)__VIC_15-070_29__2026-02-01",0.08,0,0.179485753178596
"Vicki Harriott Reef (15-070)__VIC_15-070_2__2026-02-20",0.08,0,0.058183129876852
"Vicki Harriott Reef (15-070)__VIC_15-070_30__2026-02-02",0.08,0,0.540031254291534
"Vicki Harriott Reef (15-070)__VIC_15-070_31__2026-02-02",0.08,0,0.182177007198334
"Vicki Harriott Reef (15-070)__VIC_15-070_4__2026-01-31",0.08,0,0.0863193422555923
"Vicki Harriott Reef (15-070)__VIC_15-070_5__2026-01-31",0.08,1,0.0863193422555923
"Vicki Harriott Reef (15-070)__VIC_15-070_6__2026-02-01",0.08,0,0.152316302061081
"Vicki Harriott Reef (15-070)__VIC_15-070_7__2026-02-01",0.08,1,0.103085987269878
"Vicki Harriott Reef (15-070)__ViC_15-070_32__2026-04-29",0.08,0,0.258004456758499
"Banfield Reef (North) (18-105a)__BAN_18-105a_10__2025-04-24",0.08,0,0.0291826613247395
"Banfield Reef (North) (18-105a)__BAN_18-105a_10__2025-08-04",0.08,1,0.396664470434189
"Banfield Reef (North) (18-105a)__BAN_18-105a_15__2025-08-19",0.08,0,0.276991844177246
"Banfield Reef (North) (18-105a)__BAN_18-105a_1__2025-04-03",0.08,0,0.103064887225628
"Banfield Reef (North) (18-105a)__BAN_18-105a_1__2025-08-19",0.08,0,0.232710093259811
"Banfield Reef (North) (18-105a)__BAN_18-105a_2__2025-08-06",0.08,1,0.393050909042358
"Banfield Reef (North) (18-105a)__BAN_18-105a_3__2025-04-03",0.08,1,0.138206452131271
"Banfield Reef (North) (18-105a)__BAN_18-105a_3__2025-08-04",0.08,1,0.336028039455414
"Banfield Reef (North) (18-105a)__BAN_18-105a_4__2025-10-27",0.08,0,0.266623556613922
"Banfield Reef (North) (18-105a)__BAN_18-105a_5__2025-10-27",0.08,1,0.35644543170929
"Banfield Reef (North) (18-105a)__BAN_18-105a_7__2025-10-12",0.08,1,0.137684553861618
"Banfield Reef (North) (18-105a)__BAN_18-105a_8__2025-04-02",0.08,1,0.338867008686066
"Banfield Reef (North) (18-105a)__BAN_18-105a_8__2025-08-06",0.08,1,0.393050909042358
"Bowden Reef (19-019)__BOW_19-019_15__2025-09-24",0.08,0,0.034891564399004
"Bowden Reef (19-019)__BOW_19-019_18__2025-09-13",0.08,0,0.0395887866616249
"Bowden Reef (19-019)__BOW_19-019_19__2025-09-14",0.08,0,0.0373568832874298
"Bowden Reef (19-019)__BOW_19-019_20__2025-09-14",0.08,0,0.0377501361072063
"Bowden Reef (19-019)__BOW_19-019_21__2025-09-25",0.08,0,0.0352598130702972
"Bowden Reef (19-019)__BOW_19-019_25__2025-12-06",0.08,0,0.132951945066452
"Bowden Reef (19-019)__BOW_19-019_28__2025-09-25",0.08,0,0.0894842073321342
"Bowden Reef (19-019)__BOW_19-019_29__2025-09-25",0.08,0,0.0759768187999725
"Bowden Reef (19-019)__BOW_19-019_30__2025-09-16",0.08,0,0.0702747479081154
"Bowden Reef (19-019)__BOW_19-019_31__2025-09-16",0.08,0,0.0671102106571198
"Bowden Reef (19-019)__BOW_19-019_41__2025-10-15",0.08,0,0.0336771085858345
"Bowden Reef (19-019)__BOW_19-019_42__2025-09-25",0.08,0,0.0352598130702972
"Bowden Reef (19-019)__BOW_19-019_43__2025-10-15",0.08,0,0.0336771085858345
"Bowden Reef (19-019)__BOW_19-019_45__2025-10-15",0.08,0,0.0336771085858345
"Bowden Reef (19-019)__BOW_19-019_56__2025-12-06",0.08,0,0.0410955026745796
"Bowden Reef (19-019)__BOW_19-019_65__2025-12-06",0.08,0,0.0433552153408527
"Bowden Reef (19-019)__BOW_19-019_73__2025-12-06",0.08,0,0.0456922426819801
"Bowden Reef (19-019)__BOW_19-019_83__2025-10-16",0.08,0,0.0486213527619839
"Davies Reef (18-096)__DAV_18-096_16__2021-05-31",0.08,0,0.163755565881729
"Davies Reef (18-096)__DAV_18-096_17__2021-05-30",0.08,1,0.221908017992973
"Davies Reef (18-096)__DAV_18-096_18__2021-05-30",0.08,1,0.307756006717682
"Davies Reef (18-096)__DAV_18-096_19__2021-08-23",0.08,1,0.390393197536469
"Davies Reef (18-096)__DAV_18-096_29__2021-06-28",0.08,1,0.152352705597878
"Davies Reef (18-096)__DAV_18-096_32__2021-05-31",0.08,1,0.163755565881729
"Eyrie Reef (14-118)__EYR_14-118_11__2022-11-09",0.08,0,0.0261478777974844
"Eyrie Reef (14-118)__EYR_14-118_14__2022-11-08",0.08,0,0.0258722379803658
"Eyrie Reef (14-118)__EYR_14-118_16__2022-11-08",0.08,0,0.0258722379803658
"Eyrie Reef (14-118)__EYR_14-118_17__2022-11-15",0.08,0,0.089047759771347
"Eyrie Reef (14-118)__EYR_14-118_18__2022-11-16",0.08,0,0.0881690979003906
"Eyrie Reef (14-118)__EYR_14-118_19__2022-11-16",0.08,0,0.099541187286377
"Eyrie Reef (14-118)__EYR_14-118_20__2022-10-15",0.08,0,0.047367088496685
"Eyrie Reef (14-118)__EYR_14-118_21__2022-11-17",0.08,0,0.124186865985394
"Eyrie Reef (14-118)__EYR_14-118_27__2022-12-03",0.08,0,0.0712115690112114
"Eyrie Reef (14-118)__EYR_14-118_28__2022-12-03",0.08,0,0.0938245207071304
"Eyrie Reef (14-118)__EYR_14-118_30__2022-11-04",0.08,0,0.0288173500448465
"Eyrie Reef (14-118)__EYR_14-118_31__2022-11-07",0.08,0,0.0271488018333912
"Eyrie Reef (14-118)__EYR_14-118_6__2022-11-12",0.08,0,0.0381553620100021
"Eyrie Reef (14-118)__EYR_14-118_7__2022-11-12",0.08,0,0.0381553620100021
"Eyrie Reef (14-118)__EYR_14-118_8__2022-11-13",0.08,0,0.0398726873099804
"Green Island Reef (16-049)__GRE_16-049_19__2021-10-04",0.08,0,0.0546209067106247
"Green Island Reef (16-049)__GRE_16-049_1__2021-10-04",0.08,0,0.0327130518853664
"Green Island Reef (16-049)__GRE_16-049_21__2023-07-12",0.08,0,0.108800828456879
"Green Island Reef (16-049)__GRE_16-049_2__2023-08-28",0.08,0,0.0746337026357651
"Green Island Reef (16-049)__GRE_16-049_3__2023-08-28",0.08,0,0.0759768187999725
"Lizard Island Reef (Lagoon) (14-116d)__LIZ_14-116d_21__2019-09-19",0.08,0,0.0272503178566694
"Lizard Island Reef (Lagoon) (14-116d)__LIZ_14-116d_24__2019-09-23",0.08,0,0.0493884049355984
"Lizard Island Reef (Lagoon) (14-116d)__LIZ_14-116d_25__2019-09-22",0.08,0,0.0434738174080849
"Lizard Island Reef (Lagoon) (14-116d)__LIZ_14-116d_28__2019-09-22",0.08,0,0.0394591093063354
"Lizard Island Reef (North East) (14-116b)__LIZ_14-116b_3__2019-09-19",0.08,0,0.0505291670560837
"Moore Reef (16-071)__MOO_16-071_112__2021-02-06",0.08,0,0.0319571904838085
"Moore Reef (16-071)__MOO_16-071_112__2022-06-01",0.08,0,0.136482894420624
"Moore Reef (16-071)__MOO_16-071_113__2021-02-05",0.08,0,0.0322954915463924
"Moore Reef (16-071)__MOO_16-071_133__2021-02-17",0.08,0,0.0975303426384926
"Moore Reef (16-071)__MOO_16-071_134__2021-02-18",0.08,0,0.104345545172691
"Moore Reef (16-071)__MOO_16-071_136__2021-02-18",0.08,0,0.0770440697669983
"Moore Reef (16-071)__MOO_16-071_137__2021-02-19",0.08,0,0.0735988318920135
"Moore Reef (16-071)__MOO_16-071_146__2021-02-19",0.08,0,0.0335236601531506
"Moore Reef (16-071)__MOO_16-071_147__2020-09-21",0.08,0,0.079940639436245
"Moore Reef (16-071)__MOO_16-071_147__2022-06-01",0.08,0,0.145580753684044
"Moore Reef (16-071)__MOO_16-071_148__2020-09-20",0.08,0,0.144728675484657
"Moore Reef (16-071)__MOO_16-071_154__2020-09-20",0.08,0,0.121075421571732
"Moore Reef (16-071)__MOO_16-071_156__2020-09-21",0.08,0,0.0660580471158028
"Moore Reef (16-071)__MOO_16-071_157__2021-02-07",0.08,0,0.0319571904838085
"Moore Reef (16-071)__MOO_16-071_160__2021-02-16",0.08,0,0.0815221816301346
"Thetford Reef (16-068)__THE_16-068_13__2022-09-21",0.08,0,0.0385267846286297
"Thetford Reef (16-068)__THE_16-068_14__2022-08-14",0.08,0,0.0829124003648758
"Thetford Reef (16-068)__THE_16-068_15__2022-08-13",0.08,0,0.0740911811590195
"Thetford Reef (16-068)__THE_16-068_16__2022-08-12",0.08,0,0.0817612782120705
"Thetford Reef (16-068)__THE_16-068_17__2022-08-11",0.08,0,0.0750444456934929
"Thetford Reef (16-068)__THE_16-068_27__2022-09-21",0.08,0,0.0457054562866688
"Tongue Reef (16-026)__TON_16-026_36__2021-07-25",0.08,1,0.117973648011684
"Tongue Reef (16-026)__TON_16-026_37__2021-07-25",0.08,1,0.167839661240578
"Tongue Reef (16-026)__TON_16-026_43__2021-07-21",0.08,0,0.0261140745133162
"Tongue Reef (16-026)__TON_16-026_44__2021-07-21",0.08,0,0.0404094606637955
"U/N Reef (15-043)__U/N_15-043_17__2026-03-01",0.08,0,0.0769562125205994
"U/N Reef (21-069)__UN_21-069_3__2025-03-28",0.08,0,0.0417081266641617
"U/N Reef (21-069)__UN_21-069_6__2025-03-28",0.08,0,0.0417081266641617
"U/N Reef (21-069)__UN_21-069_8__2025-03-28",0.08,0,0.0417081266641617
"U/N Reef (21-250a)__U/N_21-250a_11__2025-12-11",0.08,0,0.150953531265259
"U/N Reef (21-250a)__U/N_21-250a_20__2025-12-11",0.08,0,0.0447907522320747
"U/N Reef (21-250a)__U/N_21-250a_21__2025-12-11",0.08,0,0.0670636147260666
"U/N Reef (21-250a)__U/N_21-250a_5__2025-12-11",0.08,0,0.0538430474698544
"U/N Reef (21-250a)__U/N_21-250a_6__2025-12-10",0.08,0,0.0600732527673244
"U/N Reef (21-250a)__U/N_21-250a_7__2025-12-10",0.08,0,0.111556865274906
"U/N Reef (21-250a)__U/N_21-250a_8__2025-12-10",0.08,0,0.142902433872223
"U/N Reef (21-250a)__U/N_21-250a_9__2025-12-10",0.08,0,0.142902433872223
"Banfield Reef (North) (18-105a)__BAN_18-105a_10__2023-04-17",0.08,1,0.230953976511955
"Banfield Reef (North) (18-105a)__BAN_18-105a_1__2023-03-31",0.08,1,0.681990027427673
"Banfield Reef (North) (18-105a)__BAN_18-105a_2__2023-06-23",0.08,1,0.12962019443512
"Banfield Reef (North) (18-105a)__BAN_18-105a_3__2023-08-14",0.08,0,0.01298847515136
"Banfield Reef (North) (18-105a)__BAN_18-105a_4__2023-08-14",0.08,1,0.0128710698336363
"Batt Reef (16-029)__BAT_16-029_80__2025-06-06",0.08,0,0.288980007171631
"Batt Reef (16-029)__BAT_16-029_81__2025-06-06",0.08,0,0.292706310749054
"Batt Reef (16-029)__BAT_16-029_82__2021-11-03",0.08,1,0.0818140208721161
"Batt Reef (16-029)__BAT_16-029_82__2025-07-03",0.08,0,0.118818610906601
"Batt Reef (16-029)__BAT_16-029_83__2021-11-02",0.08,1,0.0818140208721161
"Batt Reef (16-029)__BAT_16-029_83__2025-08-14",0.08,1,0.246177718043327
"Batt Reef (16-029)__BAT_16-029_84__2021-10-17",0.08,1,0.111857295036316
"Batt Reef (16-029)__BAT_16-029_84__2025-08-15",0.08,0,0.227938279509544
"Batt Reef (16-029)__BAT_16-029_85__2021-10-17",0.08,0,0.185162797570229
"Batt Reef (16-029)__BAT_16-029_85__2025-09-05",0.08,1,0.120210058987141
"Batt Reef (16-029)__BAT_16-029_86__2025-11-15",0.08,0,0.120154947042465
"Batt Reef (16-029)__BAT_16-029_91__2025-09-05",0.08,0,0.21983328461647
"Batt Reef (16-029)__BAT_16-029_92__2025-09-05",0.08,0,0.0640766024589539
"Davies Reef (18-096)__DAV_18-096_13__2024-10-20",0.08,0,0.13075165450573
"Davies Reef (18-096)__DAV_18-096_14__2024-10-05",0.08,0,0.0952635556459427
"Davies Reef (18-096)__DAV_18-096_15__2024-10-05",0.08,0,0.0952635556459427
"Davies Reef (18-096)__DAV_18-096_16__2020-09-22",0.08,0,0.0818140208721161
"Davies Reef (18-096)__DAV_18-096_16__2024-10-20",0.08,0,0.13075165450573
"Davies Reef (18-096)__DAV_18-096_17__2024-10-20",0.08,0,0.175333738327026
"Davies Reef (18-096)__DAV_18-096_18__2024-09-18",0.08,0,0.274566531181335
"Davies Reef (18-096)__DAV_18-096_19__2020-09-22",0.08,1,0.236934274435043
"Davies Reef (18-096)__DAV_18-096_19__2024-08-30",0.08,0,0.277917236089706
"Davies Reef (18-096)__DAV_18-096_20__2024-11-04",0.08,0,0.244351714849472
"Davies Reef (18-096)__DAV_18-096_21__2024-11-05",0.08,0,0.227938279509544
"Davies Reef (18-096)__DAV_18-096_22__2024-11-04",0.08,0,0.127790778875351
"Davies Reef (18-096)__DAV_18-096_23__2024-11-04",0.08,0,0.104843407869339
"Davies Reef (18-096)__DAV_18-096_24__2024-11-04",0.08,0,0.103159919381142
"Davies Reef (18-096)__DAV_18-096_29__2024-09-14",0.08,0,0.218503445386887
"Davies Reef (18-096)__DAV_18-096_32__2024-10-20",0.08,0,0.132818758487701
"Davies Reef (18-096)__DAV_18-096_33__2024-11-24",0.08,0,0.109064318239689
"Davies Reef (18-096)__DAV_18-096_34__2024-10-20",0.08,0,0.13075165450573
"Davies Reef (18-096)__DAV_18-096_37__2024-08-30",0.08,0,0.0994630977511406
"Eyrie Reef (14-118)__EYR_14-118_14__2023-10-28",0.08,0,0.0107446312904358
"Eyrie Reef (14-118)__EYR_14-118_16__2023-10-28",0.08,0,0.0107446312904358
"Eyrie Reef (14-118)__EYR_14-118_17__2024-01-08",0.08,0,0.0458931066095829
"Eyrie Reef (14-118)__EYR_14-118_18__2021-12-17",0.08,0,0.0101006180047989
"Eyrie Reef (14-118)__EYR_14-118_18__2023-11-13",0.08,0,0.075101763010025
"Eyrie Reef (14-118)__EYR_14-118_19__2021-12-17",0.08,0,0.0142174400389194
"Eyrie Reef (14-118)__EYR_14-118_19__2023-11-13",0.08,0,0.102956458926201
"Eyrie Reef (14-118)__EYR_14-118_20__2023-11-12",0.08,0,0.171556055545807
"Eyrie Reef (14-118)__EYR_14-118_21__2021-12-16",0.08,0,0.0281538870185614
"Eyrie Reef (14-118)__EYR_14-118_21__2023-11-12",0.08,0,0.187346830964088
"Eyrie Reef (14-118)__EYR_14-118_24__2021-12-16",0.08,0,0.0142174400389194
"Eyrie Reef (14-118)__EYR_14-118_29__2024-03-12",0.08,0,0.0281538870185614
"Eyrie Reef (14-118)__EYR_14-118_31__2024-03-12",0.08,0,0.0104485219344497
"Eyrie Reef (14-118)__EYR_14-118_32__2023-11-14",0.08,0,0.0169334542006254
"Eyrie Reef (14-118)__EYR_14-118_33__2024-02-03",0.08,0,0.0101006180047989
"Eyrie Reef (14-118)__EYR_14-118_6__2021-11-29",0.08,1,0.0108510740101337
"Eyrie Reef (14-118)__EYR_14-118_7__2021-11-30",0.08,1,0.0108510740101337
"Eyrie Reef (14-118)__EYR_14-118_8__2021-11-30",0.08,1,0.0108510740101337
"Eyrie Reef (14-118)__EYR_14-118_8__2023-10-27",0.08,1,0.0122415637597442
"Fitzroy Reef (23-077)__FIT_23-077_21__2026-05-23",0.08,0,0.230143368244171
"Fitzroy Reef (23-077)__FIT_23-077_22__2026-05-23",0.08,0,0.212756648659706
"Fitzroy Reef (23-077)__FIT_23-077_24__2026-05-24",0.08,0,0.0395272262394428
"Fitzroy Reef (23-077)__FIT_23-077_25__2026-05-23",0.08,0,0.0596365705132484
"Fitzroy Reef (23-077)__FIT_23-077_32__2026-05-23",0.08,0,0.0301949065178633
"Fitzroy Reef (23-077)__FIT_23-077_33__2026-05-23",0.08,0,0.11859443038702
"Green Island Reef (16-049)__GRE_16-049_14__2025-10-17",0.08,0,0.0130008468404412
"Green Island Reef (16-049)__GRE_16-049_15__2025-10-17",0.08,0,0.0132347298786044
"Keeper Reef (18-079)__KEE_18-079_10__2020-09-04",0.08,0,0.0463914945721626
"Keeper Reef (18-079)__KEE_18-079_11__2020-05-22",0.08,0,0.20821687579155
"Keeper Reef (18-079)__KEE_18-079_12__2020-07-30",0.08,0,0.146977916359901
"Keeper Reef (18-079)__KEE_18-079_13__2020-07-29",0.08,0,0.146977916359901
"Keeper Reef (18-079)__KEE_18-079_17__2020-06-08",0.08,1,0.0485619343817234
"Keeper Reef (18-079)__KEE_18-079_18__2020-05-21",0.08,1,0.215082809329033
"Keeper Reef (18-079)__KEE_18-079_19__2020-05-21",0.08,0,0.116716094315052
"Keeper Reef (18-079)__KEE_18-079_20__2020-05-22",0.08,0,0.113557897508144
"Keeper Reef (18-079)__KEE_18-079_23__2020-06-22",0.08,0,0.0154179278761148
"Keeper Reef (18-079)__KEE_18-079_4__2020-06-22",0.08,0,0.0156945791095495
"Keeper Reef (18-079)__KEE_18-079_5__2020-06-23",0.08,0,0.0156945791095495
"Keeper Reef (18-079)__KEE_18-079_6__2020-08-08",0.08,0,0.0131698744371533
"Keeper Reef (18-079)__KEE_18-079_7__2020-09-22",0.08,0,0.0101006180047989
"Keeper Reef (18-079)__KEE_18-079_8__2020-10-26",0.08,1,0.0449010916054249
"Keeper Reef (18-079)__KEE_18-079_9__2020-06-07",0.08,1,0.0528351813554764
"Lizard Island Reef (Lagoon) (14-116d)__LIZ_14-116d_13__2020-11-13",0.08,0,0.0130008468404412
"Lizard Island Reef (Lagoon) (14-116d)__LIZ_14-116d_14__2020-11-13",0.08,0,0.0130008468404412
"Lizard Island Reef (Lagoon) (14-116d)__LIZ_14-116d_29__2020-11-17",0.08,0,0.0181726682931185
"Lizard Island Reef (North East) (14-116b)__LIZ_14-116b_1__2020-11-16",0.08,0,0.0366738438606262
"Lizard Island Reef (North West) (14-116a)__LIZ_14-116a_30__2020-11-17",0.08,0,0.0167148094624281
"Lizard Island Reef (North West) (14-116a)__LIZ_14-116a_31__2020-11-16",0.08,0,0.0331193469464779
"Lizard Island Reef (North West) (14-116a)__LIZ_14-116a_33__2020-11-16",0.08,0,0.0493950769305229
"Lizard Island Reef (North West) (14-116a)__LIZ_14-116a_35__2020-11-16",0.08,0,0.0131698744371533
"North Direction Reef (14-143)__NOR_14-143_3__2021-11-25",0.08,0,0.0345229543745518
"North Direction Reef (14-143)__NOR_14-143_4__2022-02-21",0.08,0,0.0281538870185614
"U/N Reef (21-057)__U/N_21-057_41__2025-08-22",0.08,0,0.260166019201279
"U/N Reef (21-057)__U/N_21-057_42__2025-08-22",0.08,0,0.183936417102814
"U/N Reef (21-057)__U/N_21-057_43__2025-08-22",0.08,0,0.197163015604019
"U/N Reef (21-057)__U/N_21-057_44__2025-08-22",0.08,0,0.100360505282879
"Batt Reef (16-029)__BAT_16-029_82__2023-07-21",0.08,0,0.0767259672284126
"Batt Reef (16-029)__BAT_16-029_83__2023-09-02",0.08,0,0.0330833233892918
"Batt Reef (16-029)__BAT_16-029_84__2023-09-02",0.08,0,0.0331443622708321
"Batt Reef (16-029)__BAT_16-029_85__2023-07-20",0.08,0,0.0866940841078758
"Bushy-Redbill Reef (20-310)__BUS_20-310_19__2025-09-11",0.08,1,0.242316573858261
"Bushy-Redbill Reef (20-310)__BUS_20-310_1__2025-08-23",0.08,1,0.460819363594055
"Bushy-Redbill Reef (20-310)__BUS_20-310_20__2025-08-24",0.08,1,0.508581459522247
"Bushy-Redbill Reef (20-310)__BUS_20-310_21__2025-08-23",0.08,1,0.532639980316162
"Bushy-Redbill Reef (20-310)__BUS_20-310_22__2025-08-24",0.08,1,0.544285237789154
"Davies Reef (18-096)__DAV_18-096_12__2019-08-18",0.08,0,0.149844616651535
"Davies Reef (18-096)__DAV_18-096_13__2023-08-15",0.08,0,0.103224717080593
"Davies Reef (18-096)__DAV_18-096_14__2022-06-13",0.08,0,0.103224717080593
"Davies Reef (18-096)__DAV_18-096_14__2023-08-15",0.08,0,0.103224717080593
"Davies Reef (18-096)__DAV_18-096_15__2023-12-02",0.08,0,0.176866725087166
"Davies Reef (18-096)__DAV_18-096_16__2019-08-20",0.08,0,0.149844616651535
"Davies Reef (18-096)__DAV_18-096_16__2023-12-02",0.08,0,0.176866725087166
"Davies Reef (18-096)__DAV_18-096_17__2019-08-05",0.08,1,0.13638037443161
"Davies Reef (18-096)__DAV_18-096_18__2019-08-05",0.08,1,0.14866429567337
"Davies Reef (18-096)__DAV_18-096_18__2022-06-24",0.08,1,0.114135526120663
"Davies Reef (18-096)__DAV_18-096_18__2023-07-20",0.08,0,0.253378957509995
"Davies Reef (18-096)__DAV_18-096_19__2019-08-01",0.08,1,0.177668124437332
"Davies Reef (18-096)__DAV_18-096_19__2022-06-25",0.08,1,0.0354589708149433
"Davies Reef (18-096)__DAV_18-096_19__2023-07-19",0.08,0,0.254786312580109
"Davies Reef (18-096)__DAV_18-096_20__2019-08-07",0.08,0,0.375153362751007
"Davies Reef (18-096)__DAV_18-096_20__2022-06-26",0.08,0,0.0343141108751297
"Davies Reef (18-096)__DAV_18-096_21__2022-07-24",0.08,0,0.0359524711966515
"Davies Reef (18-096)__DAV_18-096_22__2019-09-13",0.08,0,0.145361945033073
"Davies Reef (18-096)__DAV_18-096_22__2022-09-07",0.08,0,0.0459581576287746
"Davies Reef (18-096)__DAV_18-096_23__2019-08-02",0.08,0,0.160788387060165
"Davies Reef (18-096)__DAV_18-096_23__2022-09-07",0.08,0,0.0573649182915688
"Davies Reef (18-096)__DAV_18-096_24__2019-08-02",0.08,0,0.160788387060165
"Davies Reef (18-096)__DAV_18-096_24__2022-06-11",0.08,0,0.04837766289711
"Davies Reef (18-096)__DAV_18-096_25__2022-06-11",0.08,0,0.04837766289711
"Davies Reef (18-096)__DAV_18-096_25__2023-08-24",0.08,0,0.0315714292228222
"Davies Reef (18-096)__DAV_18-096_29__2019-08-03",0.08,0,0.0558425188064575
"Davies Reef (18-096)__DAV_18-096_29__2022-06-24",0.08,1,0.111475490033627
"Davies Reef (18-096)__DAV_18-096_29__2023-07-19",0.08,0,0.248383671045303
"Davies Reef (18-096)__DAV_18-096_30__2019-10-25",0.08,0,0.150981843471527
"Davies Reef (18-096)__DAV_18-096_30__2022-06-25",0.08,1,0.0262721534818411
"Davies Reef (18-096)__DAV_18-096_31__2022-09-06",0.08,1,0.167562916874886
"Davies Reef (18-096)__DAV_18-096_31__2023-08-12",0.08,0,0.0973366498947144
"Davies Reef (18-096)__DAV_18-096_33__2022-09-02",0.08,0,0.159851044416428
"Davies Reef (18-096)__DAV_18-096_34__2022-06-13",0.08,0,0.103224717080593
"Davies Reef (18-096)__DAV_18-096_35__2022-09-02",0.08,0,0.0416079200804234
"Davies Reef (18-096)__DAV_18-096_36__2022-09-02",0.08,0,0.0574898049235344
"Elford Reef (16-073)__ELF_16-073_12__2023-09-28",0.08,0,0.0726826041936874
"Elford Reef (16-073)__ELF_16-073_3__2023-10-30",0.08,0,0.0358463414013386
"Lady Musgrave Reef (23-082a)__LAD_23-082a_16__2026-05-18",0.08,0,0.0973366498947144
"Lady Musgrave Reef (23-082a)__LAD_23-082a_17__2026-05-21",0.08,0,0.102277204394341
"Lady Musgrave Reef (23-082a)__LAD_23-082a_18__2026-05-18",0.08,0,0.111475490033627
"Lady Musgrave Reef (23-082a)__LAD_23-082a_19__2026-05-17",0.08,0,0.122786492109299
"Lady Musgrave Reef (23-082a)__LAD_23-082a_20__2026-05-17",0.08,1,0.111475490033627
"Lady Musgrave Reef (23-082a)__LAD_23-082a_21__2026-05-20",0.08,0,0.102277204394341
"Lady Musgrave Reef (23-082a)__LAD_23-082a_25__2026-05-21",0.08,0,0.0973366498947144
"Lady Musgrave Reef (23-082a)__LAD_23-082a_40__2026-05-16",0.08,0,0.114135526120663
"Lady Musgrave Reef (23-082a)__LAD_23-082a_41__2026-05-20",0.08,0,0.116202160716057
"Lady Musgrave Reef (23-082a)__LAD_23-082a_43__2026-05-16",0.08,0,0.114135526120663
"Lady Musgrave Reef (23-082a)__LAD_23-082a_45__2026-05-16",0.08,0,0.0973366498947144
"Lady Musgrave Reef (23-082a)__LAD_23-082a_52__2026-05-21",0.08,0,0.103224717080593
"Lady Musgrave Reef (23-082a)__LAD_23-082a_55__2026-05-16",0.08,0,0.103224717080593
"Lady Musgrave Reef (23-082a)__LAD_23-082a_56__2026-05-16",0.08,0,0.103224717080593
"Lady Musgrave Reef (23-082a)__LAD_23-082a_57__2026-05-21",0.08,0,0.103224717080593
"Lizard Island Reef (Lagoon) (14-116d)__LIZ_14-116d_13__2021-11-15",0.08,0,0.0318048298358917
"Lizard Island Reef (Lagoon) (14-116d)__LIZ_14-116d_13__2022-10-27",0.08,0,0.0168993081897497
"Lizard Island Reef (Lagoon) (14-116d)__LIZ_14-116d_14__2022-10-27",0.08,0,0.0168993081897497
"Lizard Island Reef (Lagoon) (14-116d)__LIZ_14-116d_15__2021-11-26",0.08,0,0.0813475698232651
"Lizard Island Reef (Lagoon) (14-116d)__LIZ_14-116d_15__2022-10-27",0.08,0,0.0168993081897497
"Lizard Island Reef (Lagoon) (14-116d)__LIZ_14-116d_16__2022-10-27",0.08,0,0.0168993081897497
"Lizard Island Reef (Lagoon) (14-116d)__LIZ_14-116d_21__2024-10-01",0.08,0,0.0400773510336876
"Lizard Island Reef (Lagoon) (14-116d)__LIZ_14-116d_22__2024-10-25",0.08,0,0.103224717080593
"Lizard Island Reef (Lagoon) (14-116d)__LIZ_14-116d_23__2024-10-25",0.08,0,0.10435501486063
"Lizard Island Reef (Lagoon) (14-116d)__LIZ_14-116d_25__2024-10-02",0.08,1,0.242316573858261
"Lizard Island Reef (Lagoon) (14-116d)__LIZ_14-116d_26__2021-11-26",0.08,0,0.0831249207258224
"Lizard Island Reef (Lagoon) (14-116d)__LIZ_14-116d_26__2024-10-02",0.08,0,0.231010988354683
"Lizard Island Reef (Lagoon) (14-116d)__LIZ_14-116d_28__2022-10-14",0.08,0,0.0215074382722378
"Lizard Island Reef (Lagoon) (14-116d)__LIZ_14-116d_28__2025-01-16",0.08,0,0.189758509397507
"Lizard Island Reef (Lagoon) (14-116d)__LIZ_14-116d_29__2022-10-14",0.08,0,0.0167210660874844
"Lizard Island Reef (Lagoon) (14-116d)__LIZ_14-116d_30__2022-11-10",0.08,0,0.16104581952095
"Lizard Island Reef (North East) (14-116b)__LIZ_14-116b_1__2024-01-12",0.08,0,0.0394133925437927
"Lizard Island Reef (North East) (14-116b)__LIZ_14-116b_3__2022-10-29",0.08,0,0.0166116990149021
"Lizard Island Reef (North East) (14-116b)__LIZ_14-116b_4__2022-10-29",0.08,0,0.0168993081897497
"Lizard Island Reef (North West) (14-116a)__LIZ_14-116a_30__2021-11-16",0.08,0,0.30363604426384
"Lizard Island Reef (North West) (14-116a)__LIZ_14-116a_32__2021-11-16",0.08,0,0.375153362751007
"Lizard Island Reef (North West) (14-116a)__LIZ_14-116a_33__2021-11-16",0.08,0,0.386200606822968
"Lizard Island Reef (North West) (14-116a)__LIZ_14-116a_34__2021-11-16",0.08,0,0.30363604426384
"Prawn Reef (19-024)__PRA_19-024_11__2023-03-27",0.08,0,0.139537498354912
"Prawn Reef (19-024)__PRA_19-024_4__2023-03-27",0.08,0,0.16643413901329
"U/N Reef (21-067)__UN_21-067_1__2025-03-27",0.08,1,0.0175389237701893
"U/N Reef (21-067)__UN_21-067_3__2025-03-27",0.08,1,0.111475490033627
"U/N Reef (21-067)__UN_21-067_5__2025-03-27",0.08,0,0.0869786292314529
"U/N Reef (21-067)__UN_21-067_6__2025-03-27",0.08,1,0.0180028565227985
