"model","prediction_scale","edna_pct","estimate","AIC","reef_sd","crossing_002","crossing_004","crossing_008"
"prop_only","conditional_typical_reef",0,0.00969215904444106,13652.7059577976,1.222283184771,76.9875303120774,NA,NA
"prop_only","conditional_typical_reef",1,0.00978378787403466,13652.7059577976,1.222283184771,76.9875303120774,NA,NA
"prop_only","conditional_typical_reef",2,0.00987628295462292,13652.7059577976,1.222283184771,76.9875303120774,NA,NA
"prop_only","conditional_typical_reef",3,0.00996965247566749,13652.7059577976,1.222283184771,76.9875303120774,NA,NA
"prop_only","conditional_typical_reef",4,0.0100639047040525,13652.7059577976,1.222283184771,76.9875303120774,NA,NA
"prop_only","conditional_typical_reef",5,0.0101590479848164,13652.7059577976,1.222283184771,76.9875303120774,NA,NA
"prop_only","conditional_typical_reef",6,0.010255090741891,13652.7059577976,1.222283184771,76.9875303120774,NA,NA
"prop_only","conditional_typical_reef",7,0.0103520414788473,13652.7059577976,1.222283184771,76.9875303120774,NA,NA
"prop_only","conditional_typical_reef",8,0.010449908779648,13652.7059577976,1.222283184771,76.9875303120774,NA,NA
"prop_only","conditional_typical_reef",9,0.0105487013094083,13652.7059577976,1.222283184771,76.9875303120774,NA,NA
"prop_only","conditional_typical_reef",10,0.0106484278151622,13652.7059577976,1.222283184771,76.9875303120774,NA,NA
"prop_only","conditional_typical_reef",11,0.0107490971266377,13652.7059577976,1.222283184771,76.9875303120774,NA,NA
"prop_only","conditional_typical_reef",12,0.0108507181570383,13652.7059577976,1.222283184771,76.9875303120774,NA,NA
"prop_only","conditional_typical_reef",13,0.0109532999038318,13652.7059577976,1.222283184771,76.9875303120774,NA,NA
"prop_only","conditional_typical_reef",14,0.0110568514495476,13652.7059577976,1.222283184771,76.9875303120774,NA,NA
"prop_only","conditional_typical_reef",15,0.0111613819625806,13652.7059577976,1.222283184771,76.9875303120774,NA,NA
"prop_only","conditional_typical_reef",16,0.0112669006980026,13652.7059577976,1.222283184771,76.9875303120774,NA,NA
"prop_only","conditional_typical_reef",17,0.0113734169983822,13652.7059577976,1.222283184771,76.9875303120774,NA,NA
"prop_only","conditional_typical_reef",18,0.011480940294612,13652.7059577976,1.222283184771,76.9875303120774,NA,NA
"prop_only","conditional_typical_reef",19,0.0115894801067432,13652.7059577976,1.222283184771,76.9875303120774,NA,NA
"prop_only","conditional_typical_reef",20,0.0116990460448288,13652.7059577976,1.222283184771,76.9875303120774,NA,NA
"prop_only","conditional_typical_reef",21,0.0118096478097745,13652.7059577976,1.222283184771,76.9875303120774,NA,NA
"prop_only","conditional_typical_reef",22,0.0119212951941974,13652.7059577976,1.222283184771,76.9875303120774,NA,NA
"prop_only","conditional_typical_reef",23,0.0120339980832931,13652.7059577976,1.222283184771,76.9875303120774,NA,NA
"prop_only","conditional_typical_reef",24,0.0121477664557113,13652.7059577976,1.222283184771,76.9875303120774,NA,NA
"prop_only","conditional_typical_reef",25,0.0122626103844385,13652.7059577976,1.222283184771,76.9875303120774,NA,NA
"prop_only","conditional_typical_reef",26,0.0123785400376908,13652.7059577976,1.222283184771,76.9875303120774,NA,NA
"prop_only","conditional_typical_reef",27,0.0124955656798135,13652.7059577976,1.222283184771,76.9875303120774,NA,NA
"prop_only","conditional_typical_reef",28,0.0126136976721902,13652.7059577976,1.222283184771,76.9875303120774,NA,NA
"prop_only","conditional_typical_reef",29,0.01273294647416,13652.7059577976,1.222283184771,76.9875303120774,NA,NA
"prop_only","conditional_typical_reef",30,0.0128533226439438,13652.7059577976,1.222283184771,76.9875303120774,NA,NA
"prop_only","conditional_typical_reef",31,0.0129748368395789,13652.7059577976,1.222283184771,76.9875303120774,NA,NA
"prop_only","conditional_typical_reef",32,0.013097499819863,13652.7059577976,1.222283184771,76.9875303120774,NA,NA
"prop_only","conditional_typical_reef",33,0.0132213224453063,13652.7059577976,1.222283184771,76.9875303120774,NA,NA
"prop_only","conditional_typical_reef",34,0.0133463156790933,13652.7059577976,1.222283184771,76.9875303120774,NA,NA
"prop_only","conditional_typical_reef",35,0.0134724905880537,13652.7059577976,1.222283184771,76.9875303120774,NA,NA
"prop_only","conditional_typical_reef",36,0.0135998583436419,13652.7059577976,1.222283184771,76.9875303120774,NA,NA
"prop_only","conditional_typical_reef",37,0.0137284302229263,13652.7059577976,1.222283184771,76.9875303120774,NA,NA
"prop_only","conditional_typical_reef",38,0.0138582176095876,13652.7059577976,1.222283184771,76.9875303120774,NA,NA
"prop_only","conditional_typical_reef",39,0.0139892319949271,13652.7059577976,1.222283184771,76.9875303120774,NA,NA
"prop_only","conditional_typical_reef",40,0.0141214849788836,13652.7059577976,1.222283184771,76.9875303120774,NA,NA
"prop_only","conditional_typical_reef",41,0.0142549882710609,13652.7059577976,1.222283184771,76.9875303120774,NA,NA
"prop_only","conditional_typical_reef",42,0.0143897536917642,13652.7059577976,1.222283184771,76.9875303120774,NA,NA
"prop_only","conditional_typical_reef",43,0.014525793173047,13652.7059577976,1.222283184771,76.9875303120774,NA,NA
"prop_only","conditional_typical_reef",44,0.0146631187597674,13652.7059577976,1.222283184771,76.9875303120774,NA,NA
"prop_only","conditional_typical_reef",45,0.0148017426106544,13652.7059577976,1.222283184771,76.9875303120774,NA,NA
"prop_only","conditional_typical_reef",46,0.0149416769993846,13652.7059577976,1.222283184771,76.9875303120774,NA,NA
"prop_only","conditional_typical_reef",47,0.015082934315669,13652.7059577976,1.222283184771,76.9875303120774,NA,NA
"prop_only","conditional_typical_reef",48,0.0152255270663497,13652.7059577976,1.222283184771,76.9875303120774,NA,NA
"prop_only","conditional_typical_reef",49,0.0153694678765075,13652.7059577976,1.222283184771,76.9875303120774,NA,NA
"prop_only","conditional_typical_reef",50,0.0155147694905796,13652.7059577976,1.222283184771,76.9875303120774,NA,NA
"prop_only","conditional_typical_reef",51,0.015661444773488,13652.7059577976,1.222283184771,76.9875303120774,NA,NA
"prop_only","conditional_typical_reef",52,0.0158095067117784,13652.7059577976,1.222283184771,76.9875303120774,NA,NA
"prop_only","conditional_typical_reef",53,0.0159589684147705,13652.7059577976,1.222283184771,76.9875303120774,NA,NA
"prop_only","conditional_typical_reef",54,0.0161098431157181,13652.7059577976,1.222283184771,76.9875303120774,NA,NA
"prop_only","conditional_typical_reef",55,0.0162621441729812,13652.7059577976,1.222283184771,76.9875303120774,NA,NA
"prop_only","conditional_typical_reef",56,0.0164158850712083,13652.7059577976,1.222283184771,76.9875303120774,NA,NA
"prop_only","conditional_typical_reef",57,0.0165710794225309,13652.7059577976,1.222283184771,76.9875303120774,NA,NA
"prop_only","conditional_typical_reef",58,0.0167277409677683,13652.7059577976,1.222283184771,76.9875303120774,NA,NA
"prop_only","conditional_typical_reef",59,0.0168858835776444,13652.7059577976,1.222283184771,76.9875303120774,NA,NA
"prop_only","conditional_typical_reef",60,0.0170455212540154,13652.7059577976,1.222283184771,76.9875303120774,NA,NA
"prop_only","conditional_typical_reef",61,0.0172066681311103,13652.7059577976,1.222283184771,76.9875303120774,NA,NA
"prop_only","conditional_typical_reef",62,0.0173693384767814,13652.7059577976,1.222283184771,76.9875303120774,NA,NA
"prop_only","conditional_typical_reef",63,0.0175335466937685,13652.7059577976,1.222283184771,76.9875303120774,NA,NA
"prop_only","conditional_typical_reef",64,0.0176993073209732,13652.7059577976,1.222283184771,76.9875303120774,NA,NA
"prop_only","conditional_typical_reef",65,0.017866635034747,13652.7059577976,1.222283184771,76.9875303120774,NA,NA
"prop_only","conditional_typical_reef",66,0.0180355446501901,13652.7059577976,1.222283184771,76.9875303120774,NA,NA
"prop_only","conditional_typical_reef",67,0.0182060511224634,13652.7059577976,1.222283184771,76.9875303120774,NA,NA
"prop_only","conditional_typical_reef",68,0.0183781695481128,13652.7059577976,1.222283184771,76.9875303120774,NA,NA
"prop_only","conditional_typical_reef",69,0.0185519151664054,13652.7059577976,1.222283184771,76.9875303120774,NA,NA
"prop_only","conditional_typical_reef",70,0.018727303360679,13652.7059577976,1.222283184771,76.9875303120774,NA,NA
"prop_only","conditional_typical_reef",71,0.0189043496597043,13652.7059577976,1.222283184771,76.9875303120774,NA,NA
"prop_only","conditional_typical_reef",72,0.0190830697390597,13652.7059577976,1.222283184771,76.9875303120774,NA,NA
"prop_only","conditional_typical_reef",73,0.0192634794225188,13652.7059577976,1.222283184771,76.9875303120774,NA,NA
"prop_only","conditional_typical_reef",74,0.0194455946834521,13652.7059577976,1.222283184771,76.9875303120774,NA,NA
"prop_only","conditional_typical_reef",75,0.0196294316462409,13652.7059577976,1.222283184771,76.9875303120774,NA,NA
"prop_only","conditional_typical_reef",76,0.019815006587705,13652.7059577976,1.222283184771,76.9875303120774,NA,NA
"prop_only","conditional_typical_reef",77,0.0200023359385437,13652.7059577976,1.222283184771,76.9875303120774,NA,NA
"prop_only","conditional_typical_reef",78,0.0201914362847909,13652.7059577976,1.222283184771,76.9875303120774,NA,NA
"prop_only","conditional_typical_reef",79,0.0203823243692833,13652.7059577976,1.222283184771,76.9875303120774,NA,NA
"prop_only","conditional_typical_reef",80,0.020575017093143,13652.7059577976,1.222283184771,76.9875303120774,NA,NA
"prop_only","conditional_typical_reef",81,0.0207695315172737,13652.7059577976,1.222283184771,76.9875303120774,NA,NA
"prop_only","conditional_typical_reef",82,0.0209658848638716,13652.7059577976,1.222283184771,76.9875303120774,NA,NA
"prop_only","conditional_typical_reef",83,0.0211640945179499,13652.7059577976,1.222283184771,76.9875303120774,NA,NA
"prop_only","conditional_typical_reef",84,0.0213641780288783,13652.7059577976,1.222283184771,76.9875303120774,NA,NA
"prop_only","conditional_typical_reef",85,0.0215661531119366,13652.7059577976,1.222283184771,76.9875303120774,NA,NA
"prop_only","conditional_typical_reef",86,0.0217700376498834,13652.7059577976,1.222283184771,76.9875303120774,NA,NA
"prop_only","conditional_typical_reef",87,0.0219758496945394,13652.7059577976,1.222283184771,76.9875303120774,NA,NA
"prop_only","conditional_typical_reef",88,0.0221836074683855,13652.7059577976,1.222283184771,76.9875303120774,NA,NA
"prop_only","conditional_typical_reef",89,0.0223933293661765,13652.7059577976,1.222283184771,76.9875303120774,NA,NA
"prop_only","conditional_typical_reef",90,0.0226050339565694,13652.7059577976,1.222283184771,76.9875303120774,NA,NA
"prop_only","conditional_typical_reef",91,0.022818739983768,13652.7059577976,1.222283184771,76.9875303120774,NA,NA
"prop_only","conditional_typical_reef",92,0.0230344663691818,13652.7059577976,1.222283184771,76.9875303120774,NA,NA
"prop_only","conditional_typical_reef",93,0.023252232213102,13652.7059577976,1.222283184771,76.9875303120774,NA,NA
"prop_only","conditional_typical_reef",94,0.023472056796392,13652.7059577976,1.222283184771,76.9875303120774,NA,NA
"prop_only","conditional_typical_reef",95,0.0236939595821951,13652.7059577976,1.222283184771,76.9875303120774,NA,NA
"prop_only","conditional_typical_reef",96,0.0239179602176572,13652.7059577976,1.222283184771,76.9875303120774,NA,NA
"prop_only","conditional_typical_reef",97,0.0241440785356667,13652.7059577976,1.222283184771,76.9875303120774,NA,NA
"prop_only","conditional_typical_reef",98,0.0243723345566105,13652.7059577976,1.222283184771,76.9875303120774,NA,NA
"prop_only","conditional_typical_reef",99,0.0246027484901465,13652.7059577976,1.222283184771,76.9875303120774,NA,NA
"prop_only","conditional_typical_reef",100,0.0248353407369928,13652.7059577976,1.222283184771,76.9875303120774,NA,NA
"prop_only","marginal_new_reef",0,0.0204565945947199,13652.7059577976,1.222283184771,NA,71.2647001088718,NA
"prop_only","marginal_new_reef",1,0.0206499894628386,13652.7059577976,1.222283184771,NA,71.2647001088718,NA
"prop_only","marginal_new_reef",2,0.0208452126692391,13652.7059577976,1.222283184771,NA,71.2647001088718,NA
"prop_only","marginal_new_reef",3,0.0210422814988729,13652.7059577976,1.222283184771,NA,71.2647001088718,NA
"prop_only","marginal_new_reef",4,0.0212412134001015,13652.7059577976,1.222283184771,NA,71.2647001088718,NA
"prop_only","marginal_new_reef",5,0.021442025986242,13652.7059577976,1.222283184771,NA,71.2647001088718,NA
"prop_only","marginal_new_reef",6,0.0216447370371261,13652.7059577976,1.222283184771,NA,71.2647001088718,NA
"prop_only","marginal_new_reef",7,0.0218493645006746,13652.7059577976,1.222283184771,NA,71.2647001088718,NA
"prop_only","marginal_new_reef",8,0.0220559264944864,13652.7059577976,1.222283184771,NA,71.2647001088718,NA
"prop_only","marginal_new_reef",9,0.0222644413074425,13652.7059577976,1.222283184771,NA,71.2647001088718,NA
"prop_only","marginal_new_reef",10,0.0224749274013254,13652.7059577976,1.222283184771,NA,71.2647001088718,NA
"prop_only","marginal_new_reef",11,0.0226874034124538,13652.7059577976,1.222283184771,NA,71.2647001088718,NA
"prop_only","marginal_new_reef",12,0.0229018881533324,13652.7059577976,1.222283184771,NA,71.2647001088718,NA
"prop_only","marginal_new_reef",13,0.0231184006143177,13652.7059577976,1.222283184771,NA,71.2647001088718,NA
"prop_only","marginal_new_reef",14,0.0233369599652995,13652.7059577976,1.222283184771,NA,71.2647001088718,NA
"prop_only","marginal_new_reef",15,0.0235575855573981,13652.7059577976,1.222283184771,NA,71.2647001088718,NA
"prop_only","marginal_new_reef",16,0.0237802969246773,13652.7059577976,1.222283184771,NA,71.2647001088718,NA
"prop_only","marginal_new_reef",17,0.0240051137858746,13652.7059577976,1.222283184771,NA,71.2647001088718,NA
"prop_only","marginal_new_reef",18,0.0242320560461466,13652.7059577976,1.222283184771,NA,71.2647001088718,NA
"prop_only","marginal_new_reef",19,0.0244611437988314,13652.7059577976,1.222283184771,NA,71.2647001088718,NA
"prop_only","marginal_new_reef",20,0.024692397327228,13652.7059577976,1.222283184771,NA,71.2647001088718,NA
"prop_only","marginal_new_reef",21,0.0249258371063917,13652.7059577976,1.222283184771,NA,71.2647001088718,NA
"prop_only","marginal_new_reef",22,0.0251614838049474,13652.7059577976,1.222283184771,NA,71.2647001088718,NA
"prop_only","marginal_new_reef",23,0.0253993582869193,13652.7059577976,1.222283184771,NA,71.2647001088718,NA
"prop_only","marginal_new_reef",24,0.0256394816135782,13652.7059577976,1.222283184771,NA,71.2647001088718,NA
"prop_only","marginal_new_reef",25,0.0258818750453065,13652.7059577976,1.222283184771,NA,71.2647001088718,NA
"prop_only","marginal_new_reef",26,0.0261265600434803,13652.7059577976,1.222283184771,NA,71.2647001088718,NA
"prop_only","marginal_new_reef",27,0.0263735582723697,13652.7059577976,1.222283184771,NA,71.2647001088718,NA
"prop_only","marginal_new_reef",28,0.0266228916010568,13652.7059577976,1.222283184771,NA,71.2647001088718,NA
"prop_only","marginal_new_reef",29,0.0268745821053724,13652.7059577976,1.222283184771,NA,71.2647001088718,NA
"prop_only","marginal_new_reef",30,0.02712865206985,13652.7059577976,1.222283184771,NA,71.2647001088718,NA
"prop_only","marginal_new_reef",31,0.0273851239896992,13652.7059577976,1.222283184771,NA,71.2647001088718,NA
"prop_only","marginal_new_reef",32,0.0276440205727976,13652.7059577976,1.222283184771,NA,71.2647001088718,NA
"prop_only","marginal_new_reef",33,0.0279053647417008,13652.7059577976,1.222283184771,NA,71.2647001088718,NA
"prop_only","marginal_new_reef",34,0.0281691796356723,13652.7059577976,1.222283184771,NA,71.2647001088718,NA
"prop_only","marginal_new_reef",35,0.0284354886127324,13652.7059577976,1.222283184771,NA,71.2647001088718,NA
"prop_only","marginal_new_reef",36,0.0287043152517258,13652.7059577976,1.222283184771,NA,71.2647001088718,NA
"prop_only","marginal_new_reef",37,0.0289756833544098,13652.7059577976,1.222283184771,NA,71.2647001088718,NA
"prop_only","marginal_new_reef",38,0.0292496169475612,13652.7059577976,1.222283184771,NA,71.2647001088718,NA
"prop_only","marginal_new_reef",39,0.0295261402851042,13652.7059577976,1.222283184771,NA,71.2647001088718,NA
"prop_only","marginal_new_reef",40,0.0298052778502571,13652.7059577976,1.222283184771,NA,71.2647001088718,NA
"prop_only","marginal_new_reef",41,0.0300870543577008,13652.7059577976,1.222283184771,NA,71.2647001088718,NA
"prop_only","marginal_new_reef",42,0.0303714947557663,13652.7059577976,1.222283184771,NA,71.2647001088718,NA
"prop_only","marginal_new_reef",43,0.0306586242286442,13652.7059577976,1.222283184771,NA,71.2647001088718,NA
"prop_only","marginal_new_reef",44,0.0309484681986141,13652.7059577976,1.222283184771,NA,71.2647001088718,NA
"prop_only","marginal_new_reef",45,0.0312410523282957,13652.7059577976,1.222283184771,NA,71.2647001088718,NA
"prop_only","marginal_new_reef",46,0.0315364025229209,13652.7059577976,1.222283184771,NA,71.2647001088718,NA
"prop_only","marginal_new_reef",47,0.0318345449326273,13652.7059577976,1.222283184771,NA,71.2647001088718,NA
"prop_only","marginal_new_reef",48,0.0321355059547738,13652.7059577976,1.222283184771,NA,71.2647001088718,NA
"prop_only","marginal_new_reef",49,0.0324393122362775,13652.7059577976,1.222283184771,NA,71.2647001088718,NA
"prop_only","marginal_new_reef",50,0.0327459906759732,13652.7059577976,1.222283184771,NA,71.2647001088718,NA
"prop_only","marginal_new_reef",51,0.0330555684269948,13652.7059577976,1.222283184771,NA,71.2647001088718,NA
"prop_only","marginal_new_reef",52,0.0333680728991799,13652.7059577976,1.222283184771,NA,71.2647001088718,NA
"prop_only","marginal_new_reef",53,0.0336835317614959,13652.7059577976,1.222283184771,NA,71.2647001088718,NA
"prop_only","marginal_new_reef",54,0.0340019729444906,13652.7059577976,1.222283184771,NA,71.2647001088718,NA
"prop_only","marginal_new_reef",55,0.0343234246427646,13652.7059577976,1.222283184771,NA,71.2647001088718,NA
"prop_only","marginal_new_reef",56,0.0346479153174677,13652.7059577976,1.222283184771,NA,71.2647001088718,NA
"prop_only","marginal_new_reef",57,0.0349754736988191,13652.7059577976,1.222283184771,NA,71.2647001088718,NA
"prop_only","marginal_new_reef",58,0.035306128788651,13652.7059577976,1.222283184771,NA,71.2647001088718,NA
"prop_only","marginal_new_reef",59,0.0356399098629763,13652.7059577976,1.222283184771,NA,71.2647001088718,NA
"prop_only","marginal_new_reef",60,0.0359768464745807,13652.7059577976,1.222283184771,NA,71.2647001088718,NA
"prop_only","marginal_new_reef",61,0.0363169684556397,13652.7059577976,1.222283184771,NA,71.2647001088718,NA
"prop_only","marginal_new_reef",62,0.0366603059203594,13652.7059577976,1.222283184771,NA,71.2647001088718,NA
"prop_only","marginal_new_reef",63,0.0370068892676428,13652.7059577976,1.222283184771,NA,71.2647001088718,NA
"prop_only","marginal_new_reef",64,0.0373567491837818,13652.7059577976,1.222283184771,NA,71.2647001088718,NA
"prop_only","marginal_new_reef",65,0.0377099166451737,13652.7059577976,1.222283184771,NA,71.2647001088718,NA
"prop_only","marginal_new_reef",66,0.0380664229210639,13652.7059577976,1.222283184771,NA,71.2647001088718,NA
"prop_only","marginal_new_reef",67,0.0384262995763146,13652.7059577976,1.222283184771,NA,71.2647001088718,NA
"prop_only","marginal_new_reef",68,0.0387895784741996,13652.7059577976,1.222283184771,NA,71.2647001088718,NA
"prop_only","marginal_new_reef",69,0.0391562917792252,13652.7059577976,1.222283184771,NA,71.2647001088718,NA
"prop_only","marginal_new_reef",70,0.0395264719599779,13652.7059577976,1.222283184771,NA,71.2647001088718,NA
"prop_only","marginal_new_reef",71,0.0399001517919999,13652.7059577976,1.222283184771,NA,71.2647001088718,NA
"prop_only","marginal_new_reef",72,0.0402773643606901,13652.7059577976,1.222283184771,NA,71.2647001088718,NA
"prop_only","marginal_new_reef",73,0.0406581430642341,13652.7059577976,1.222283184771,NA,71.2647001088718,NA
"prop_only","marginal_new_reef",74,0.0410425216165611,13652.7059577976,1.222283184771,NA,71.2647001088718,NA
"prop_only","marginal_new_reef",75,0.0414305340503286,13652.7059577976,1.222283184771,NA,71.2647001088718,NA
"prop_only","marginal_new_reef",76,0.0418222147199361,13652.7059577976,1.222283184771,NA,71.2647001088718,NA
"prop_only","marginal_new_reef",77,0.0422175983045666,13652.7059577976,1.222283184771,NA,71.2647001088718,NA
"prop_only","marginal_new_reef",78,0.042616719811257,13652.7059577976,1.222283184771,NA,71.2647001088718,NA
"prop_only","marginal_new_reef",79,0.0430196145779977,13652.7059577976,1.222283184771,NA,71.2647001088718,NA
"prop_only","marginal_new_reef",80,0.0434263182768614,13652.7059577976,1.222283184771,NA,71.2647001088718,NA
"prop_only","marginal_new_reef",81,0.0438368669171615,13652.7059577976,1.222283184771,NA,71.2647001088718,NA
"prop_only","marginal_new_reef",82,0.0442512968486403,13652.7059577976,1.222283184771,NA,71.2647001088718,NA
"prop_only","marginal_new_reef",83,0.0446696447646875,13652.7059577976,1.222283184771,NA,71.2647001088718,NA
"prop_only","marginal_new_reef",84,0.0450919477055887,13652.7059577976,1.222283184771,NA,71.2647001088718,NA
"prop_only","marginal_new_reef",85,0.0455182430618054,13652.7059577976,1.222283184771,NA,71.2647001088718,NA
"prop_only","marginal_new_reef",86,0.0459485685772851,13652.7059577976,1.222283184771,NA,71.2647001088718,NA
"prop_only","marginal_new_reef",87,0.0463829623528033,13652.7059577976,1.222283184771,NA,71.2647001088718,NA
"prop_only","marginal_new_reef",88,0.046821462849337,13652.7059577976,1.222283184771,NA,71.2647001088718,NA
"prop_only","marginal_new_reef",89,0.04726410889147,13652.7059577976,1.222283184771,NA,71.2647001088718,NA
"prop_only","marginal_new_reef",90,0.0477109396708301,13652.7059577976,1.222283184771,NA,71.2647001088718,NA
"prop_only","marginal_new_reef",91,0.0481619947495595,13652.7059577976,1.222283184771,NA,71.2647001088718,NA
"prop_only","marginal_new_reef",92,0.0486173140638176,13652.7059577976,1.222283184771,NA,71.2647001088718,NA
"prop_only","marginal_new_reef",93,0.0490769379273165,13652.7059577976,1.222283184771,NA,71.2647001088718,NA
"prop_only","marginal_new_reef",94,0.0495409070348908,13652.7059577976,1.222283184771,NA,71.2647001088718,NA
"prop_only","marginal_new_reef",95,0.0500092624661005,13652.7059577976,1.222283184771,NA,71.2647001088718,NA
"prop_only","marginal_new_reef",96,0.0504820456888682,13652.7059577976,1.222283184771,NA,71.2647001088718,NA
"prop_only","marginal_new_reef",97,0.0509592985631506,13652.7059577976,1.222283184771,NA,71.2647001088718,NA
"prop_only","marginal_new_reef",98,0.0514410633446448,13652.7059577976,1.222283184771,NA,71.2647001088718,NA
"prop_only","marginal_new_reef",99,0.0519273826885296,13652.7059577976,1.222283184771,NA,71.2647001088718,NA
"prop_only","marginal_new_reef",100,0.0524182996532422,13652.7059577976,1.222283184771,NA,71.2647001088718,NA
"prop_time","conditional_typical_reef",0,0.00934406491034996,13647.7293275377,1.2248519998284,79.9780842466958,NA,NA
"prop_time","conditional_typical_reef",1,0.00943339783480549,13647.7293275377,1.2248519998284,79.9780842466958,NA,NA
"prop_time","conditional_typical_reef",2,0.00952358481704727,13647.7293275377,1.2248519998284,79.9780842466958,NA,NA
"prop_time","conditional_typical_reef",3,0.00961463402220259,13647.7293275377,1.2248519998284,79.9780842466958,NA,NA
"prop_time","conditional_typical_reef",4,0.00970655369346062,13647.7293275377,1.2248519998284,79.9780842466958,NA,NA
"prop_time","conditional_typical_reef",5,0.00979935215281861,13647.7293275377,1.2248519998284,79.9780842466958,NA,NA
"prop_time","conditional_typical_reef",6,0.00989303780183537,13647.7293275377,1.2248519998284,79.9780842466958,NA,NA
"prop_time","conditional_typical_reef",7,0.00998761912239192,13647.7293275377,1.2248519998284,79.9780842466958,NA,NA
"prop_time","conditional_typical_reef",8,0.0100831046774594,13647.7293275377,1.2248519998284,79.9780842466958,NA,NA
"prop_time","conditional_typical_reef",9,0.0101795031118743,13647.7293275377,1.2248519998284,79.9780842466958,NA,NA
"prop_time","conditional_typical_reef",10,0.0102768231531211,13647.7293275377,1.2248519998284,79.9780842466958,NA,NA
"prop_time","conditional_typical_reef",11,0.0103750736121225,13647.7293275377,1.2248519998284,79.9780842466958,NA,NA
"prop_time","conditional_typical_reef",12,0.010474263384037,13647.7293275377,1.2248519998284,79.9780842466958,NA,NA
"prop_time","conditional_typical_reef",13,0.0105744014490645,13647.7293275377,1.2248519998284,79.9780842466958,NA,NA
"prop_time","conditional_typical_reef",14,0.0106754968732589,13647.7293275377,1.2248519998284,79.9780842466958,NA,NA
"prop_time","conditional_typical_reef",15,0.0107775588093492,13647.7293275377,1.2248519998284,79.9780842466958,NA,NA
"prop_time","conditional_typical_reef",16,0.0108805964975682,13647.7293275377,1.2248519998284,79.9780842466958,NA,NA
"prop_time","conditional_typical_reef",17,0.0109846192664888,13647.7293275377,1.2248519998284,79.9780842466958,NA,NA
"prop_time","conditional_typical_reef",18,0.0110896365338688,13647.7293275377,1.2248519998284,79.9780842466958,NA,NA
"prop_time","conditional_typical_reef",19,0.0111956578075033,13647.7293275377,1.2248519998284,79.9780842466958,NA,NA
"prop_time","conditional_typical_reef",20,0.011302692686086,13647.7293275377,1.2248519998284,79.9780842466958,NA,NA
"prop_time","conditional_typical_reef",21,0.0114107508600775,13647.7293275377,1.2248519998284,79.9780842466958,NA,NA
"prop_time","conditional_typical_reef",22,0.0115198421125831,13647.7293275377,1.2248519998284,79.9780842466958,NA,NA
"prop_time","conditional_typical_reef",23,0.0116299763202386,13647.7293275377,1.2248519998284,79.9780842466958,NA,NA
"prop_time","conditional_typical_reef",24,0.0117411634541042,13647.7293275377,1.2248519998284,79.9780842466958,NA,NA
"prop_time","conditional_typical_reef",25,0.0118534135805672,13647.7293275377,1.2248519998284,79.9780842466958,NA,NA
"prop_time","conditional_typical_reef",26,0.0119667368622538,13647.7293275377,1.2248519998284,79.9780842466958,NA,NA
"prop_time","conditional_typical_reef",27,0.0120811435589486,13647.7293275377,1.2248519998284,79.9780842466958,NA,NA
"prop_time","conditional_typical_reef",28,0.0121966440285239,13647.7293275377,1.2248519998284,79.9780842466958,NA,NA
"prop_time","conditional_typical_reef",29,0.0123132487278774,13647.7293275377,1.2248519998284,79.9780842466958,NA,NA
"prop_time","conditional_typical_reef",30,0.0124309682138788,13647.7293275377,1.2248519998284,79.9780842466958,NA,NA
"prop_time","conditional_typical_reef",31,0.0125498131443255,13647.7293275377,1.2248519998284,79.9780842466958,NA,NA
"prop_time","conditional_typical_reef",32,0.0126697942789076,13647.7293275377,1.2248519998284,79.9780842466958,NA,NA
"prop_time","conditional_typical_reef",33,0.0127909224801823,13647.7293275377,1.2248519998284,79.9780842466958,NA,NA
"prop_time","conditional_typical_reef",34,0.0129132087145569,13647.7293275377,1.2248519998284,79.9780842466958,NA,NA
"prop_time","conditional_typical_reef",35,0.013036664053282,13647.7293275377,1.2248519998284,79.9780842466958,NA,NA
"prop_time","conditional_typical_reef",36,0.0131612996734535,13647.7293275377,1.2248519998284,79.9780842466958,NA,NA
"prop_time","conditional_typical_reef",37,0.0132871268590248,13647.7293275377,1.2248519998284,79.9780842466958,NA,NA
"prop_time","conditional_typical_reef",38,0.0134141570018285,13647.7293275377,1.2248519998284,79.9780842466958,NA,NA
"prop_time","conditional_typical_reef",39,0.0135424016026073,13647.7293275377,1.2248519998284,79.9780842466958,NA,NA
"prop_time","conditional_typical_reef",40,0.0136718722720556,13647.7293275377,1.2248519998284,79.9780842466958,NA,NA
"prop_time","conditional_typical_reef",41,0.0138025807318709,13647.7293275377,1.2248519998284,79.9780842466958,NA,NA
"prop_time","conditional_typical_reef",42,0.0139345388158142,13647.7293275377,1.2248519998284,79.9780842466958,NA,NA
"prop_time","conditional_typical_reef",43,0.0140677584707822,13647.7293275377,1.2248519998284,79.9780842466958,NA,NA
"prop_time","conditional_typical_reef",44,0.0142022517578887,13647.7293275377,1.2248519998284,79.9780842466958,NA,NA
"prop_time","conditional_typical_reef",45,0.0143380308535562,13647.7293275377,1.2248519998284,79.9780842466958,NA,NA
"prop_time","conditional_typical_reef",46,0.0144751080506188,13647.7293275377,1.2248519998284,79.9780842466958,NA,NA
"prop_time","conditional_typical_reef",47,0.0146134957594348,13647.7293275377,1.2248519998284,79.9780842466958,NA,NA
"prop_time","conditional_typical_reef",48,0.0147532065090105,13647.7293275377,1.2248519998284,79.9780842466958,NA,NA
"prop_time","conditional_typical_reef",49,0.0148942529481343,13647.7293275377,1.2248519998284,79.9780842466958,NA,NA
"prop_time","conditional_typical_reef",50,0.015036647846522,13647.7293275377,1.2248519998284,79.9780842466958,NA,NA
"prop_time","conditional_typical_reef",51,0.0151804040959729,13647.7293275377,1.2248519998284,79.9780842466958,NA,NA
"prop_time","conditional_typical_reef",52,0.015325534711537,13647.7293275377,1.2248519998284,79.9780842466958,NA,NA
"prop_time","conditional_typical_reef",53,0.0154720528326932,13647.7293275377,1.2248519998284,79.9780842466958,NA,NA
"prop_time","conditional_typical_reef",54,0.0156199717245391,13647.7293275377,1.2248519998284,79.9780842466958,NA,NA
"prop_time","conditional_typical_reef",55,0.0157693047789917,13647.7293275377,1.2248519998284,79.9780842466958,NA,NA
"prop_time","conditional_typical_reef",56,0.015920065516,13647.7293275377,1.2248519998284,79.9780842466958,NA,NA
"prop_time","conditional_typical_reef",57,0.0160722675847691,13647.7293275377,1.2248519998284,79.9780842466958,NA,NA
"prop_time","conditional_typical_reef",58,0.0162259247649958,13647.7293275377,1.2248519998284,79.9780842466958,NA,NA
"prop_time","conditional_typical_reef",59,0.0163810509681161,13647.7293275377,1.2248519998284,79.9780842466958,NA,NA
"prop_time","conditional_typical_reef",60,0.016537660238565,13647.7293275377,1.2248519998284,79.9780842466958,NA,NA
"prop_time","conditional_typical_reef",61,0.0166957667550477,13647.7293275377,1.2248519998284,79.9780842466958,NA,NA
"prop_time","conditional_typical_reef",62,0.0168553848318232,13647.7293275377,1.2248519998284,79.9780842466958,NA,NA
"prop_time","conditional_typical_reef",63,0.0170165289200007,13647.7293275377,1.2248519998284,79.9780842466958,NA,NA
"prop_time","conditional_typical_reef",64,0.0171792136088477,13647.7293275377,1.2248519998284,79.9780842466958,NA,NA
"prop_time","conditional_typical_reef",65,0.0173434536271105,13647.7293275377,1.2248519998284,79.9780842466958,NA,NA
"prop_time","conditional_typical_reef",66,0.0175092638443482,13647.7293275377,1.2248519998284,79.9780842466958,NA,NA
"prop_time","conditional_typical_reef",67,0.0176766592722788,13647.7293275377,1.2248519998284,79.9780842466958,NA,NA
"prop_time","conditional_typical_reef",68,0.017845655066138,13647.7293275377,1.2248519998284,79.9780842466958,NA,NA
"prop_time","conditional_typical_reef",69,0.0180162665260517,13647.7293275377,1.2248519998284,79.9780842466958,NA,NA
"prop_time","conditional_typical_reef",70,0.0181885090984208,13647.7293275377,1.2248519998284,79.9780842466958,NA,NA
"prop_time","conditional_typical_reef",71,0.01836239837732,13647.7293275377,1.2248519998284,79.9780842466958,NA,NA
"prop_time","conditional_typical_reef",72,0.0185379501059094,13647.7293275377,1.2248519998284,79.9780842466958,NA,NA
"prop_time","conditional_typical_reef",73,0.0187151801778599,13647.7293275377,1.2248519998284,79.9780842466958,NA,NA
"prop_time","conditional_typical_reef",74,0.0188941046387922,13647.7293275377,1.2248519998284,79.9780842466958,NA,NA
"prop_time","conditional_typical_reef",75,0.0190747396877292,13647.7293275377,1.2248519998284,79.9780842466958,NA,NA
"prop_time","conditional_typical_reef",76,0.0192571016785632,13647.7293275377,1.2248519998284,79.9780842466958,NA,NA
"prop_time","conditional_typical_reef",77,0.0194412071215356,13647.7293275377,1.2248519998284,79.9780842466958,NA,NA
"prop_time","conditional_typical_reef",78,0.0196270726847328,13647.7293275377,1.2248519998284,79.9780842466958,NA,NA
"prop_time","conditional_typical_reef",79,0.019814715195594,13647.7293275377,1.2248519998284,79.9780842466958,NA,NA
"prop_time","conditional_typical_reef",80,0.0200041516424358,13647.7293275377,1.2248519998284,79.9780842466958,NA,NA
"prop_time","conditional_typical_reef",81,0.0201953991759896,13647.7293275377,1.2248519998284,79.9780842466958,NA,NA
"prop_time","conditional_typical_reef",82,0.0203884751109544,13647.7293275377,1.2248519998284,79.9780842466958,NA,NA
"prop_time","conditional_typical_reef",83,0.0205833969275648,13647.7293275377,1.2248519998284,79.9780842466958,NA,NA
"prop_time","conditional_typical_reef",84,0.0207801822731729,13647.7293275377,1.2248519998284,79.9780842466958,NA,NA
"prop_time","conditional_typical_reef",85,0.0209788489638469,13647.7293275377,1.2248519998284,79.9780842466958,NA,NA
"prop_time","conditional_typical_reef",86,0.0211794149859831,13647.7293275377,1.2248519998284,79.9780842466958,NA,NA
"prop_time","conditional_typical_reef",87,0.0213818984979351,13647.7293275377,1.2248519998284,79.9780842466958,NA,NA
"prop_time","conditional_typical_reef",88,0.0215863178316574,13647.7293275377,1.2248519998284,79.9780842466958,NA,NA
"prop_time","conditional_typical_reef",89,0.0217926914943652,13647.7293275377,1.2248519998284,79.9780842466958,NA,NA
"prop_time","conditional_typical_reef",90,0.02200103817021,13647.7293275377,1.2248519998284,79.9780842466958,NA,NA
"prop_time","conditional_typical_reef",91,0.0222113767219709,13647.7293275377,1.2248519998284,79.9780842466958,NA,NA
"prop_time","conditional_typical_reef",92,0.0224237261927627,13647.7293275377,1.2248519998284,79.9780842466958,NA,NA
"prop_time","conditional_typical_reef",93,0.0226381058077599,13647.7293275377,1.2248519998284,79.9780842466958,NA,NA
"prop_time","conditional_typical_reef",94,0.0228545349759371,13647.7293275377,1.2248519998284,79.9780842466958,NA,NA
"prop_time","conditional_typical_reef",95,0.0230730332918264,13647.7293275377,1.2248519998284,79.9780842466958,NA,NA
"prop_time","conditional_typical_reef",96,0.0232936205372912,13647.7293275377,1.2248519998284,79.9780842466958,NA,NA
"prop_time","conditional_typical_reef",97,0.0235163166833174,13647.7293275377,1.2248519998284,79.9780842466958,NA,NA
"prop_time","conditional_typical_reef",98,0.0237411418918213,13647.7293275377,1.2248519998284,79.9780842466958,NA,NA
"prop_time","conditional_typical_reef",99,0.023968116517475,13647.7293275377,1.2248519998284,79.9780842466958,NA,NA
"prop_time","conditional_typical_reef",100,0.0241972611095492,13647.7293275377,1.2248519998284,79.9780842466958,NA,NA
"prop_time","marginal_new_reef",0,0.0197839812710038,13647.7293275377,1.2248519998284,1.14074880546684,73.9892605564784,NA
"prop_time","marginal_new_reef",1,0.0199731238894754,13647.7293275377,1.2248519998284,1.14074880546684,73.9892605564784,NA
"prop_time","marginal_new_reef",2,0.0201640747855446,13647.7293275377,1.2248519998284,1.14074880546684,73.9892605564784,NA
"prop_time","marginal_new_reef",3,0.0203568512470541,13647.7293275377,1.2248519998284,1.14074880546684,73.9892605564784,NA
"prop_time","marginal_new_reef",4,0.0205514707271255,13647.7293275377,1.2248519998284,1.14074880546684,73.9892605564784,NA
"prop_time","marginal_new_reef",5,0.0207479508457389,13647.7293275377,1.2248519998284,1.14074880546684,73.9892605564784,NA
"prop_time","marginal_new_reef",6,0.0209463093913282,13647.7293275377,1.2248519998284,1.14074880546684,73.9892605564784,NA
"prop_time","marginal_new_reef",7,0.021146564322392,13647.7293275377,1.2248519998284,1.14074880546684,73.9892605564784,NA
"prop_time","marginal_new_reef",8,0.021348733769119,13647.7293275377,1.2248519998284,1.14074880546684,73.9892605564784,NA
"prop_time","marginal_new_reef",9,0.0215528360350296,13647.7293275377,1.2248519998284,1.14074880546684,73.9892605564784,NA
"prop_time","marginal_new_reef",10,0.021758889598633,13647.7293275377,1.2248519998284,1.14074880546684,73.9892605564784,NA
"prop_time","marginal_new_reef",11,0.0219669131151005,13647.7293275377,1.2248519998284,1.14074880546684,73.9892605564784,NA
"prop_time","marginal_new_reef",12,0.0221769254179537,13647.7293275377,1.2248519998284,1.14074880546684,73.9892605564784,NA
"prop_time","marginal_new_reef",13,0.0223889455207704,13647.7293275377,1.2248519998284,1.14074880546684,73.9892605564784,NA
"prop_time","marginal_new_reef",14,0.0226029926189054,13647.7293275377,1.2248519998284,1.14074880546684,73.9892605564784,NA
"prop_time","marginal_new_reef",15,0.0228190860912289,13647.7293275377,1.2248519998284,1.14074880546684,73.9892605564784,NA
"prop_time","marginal_new_reef",16,0.0230372455018805,13647.7293275377,1.2248519998284,1.14074880546684,73.9892605564784,NA
"prop_time","marginal_new_reef",17,0.0232574906020407,13647.7293275377,1.2248519998284,1.14074880546684,73.9892605564784,NA
"prop_time","marginal_new_reef",18,0.0234798413317189,13647.7293275377,1.2248519998284,1.14074880546684,73.9892605564784,NA
"prop_time","marginal_new_reef",19,0.0237043178215591,13647.7293275377,1.2248519998284,1.14074880546684,73.9892605564784,NA
"prop_time","marginal_new_reef",20,0.023930940394662,13647.7293275377,1.2248519998284,1.14074880546684,73.9892605564784,NA
"prop_time","marginal_new_reef",21,0.0241597295684249,13647.7293275377,1.2248519998284,1.14074880546684,73.9892605564784,NA
"prop_time","marginal_new_reef",22,0.0243907060563998,13647.7293275377,1.2248519998284,1.14074880546684,73.9892605564784,NA
"prop_time","marginal_new_reef",23,0.0246238907701682,13647.7293275377,1.2248519998284,1.14074880546684,73.9892605564784,NA
"prop_time","marginal_new_reef",24,0.0248593048212346,13647.7293275377,1.2248519998284,1.14074880546684,73.9892605564784,NA
"prop_time","marginal_new_reef",25,0.0250969695229377,13647.7293275377,1.2248519998284,1.14074880546684,73.9892605564784,NA
"prop_time","marginal_new_reef",26,0.02533690639238,13647.7293275377,1.2248519998284,1.14074880546684,73.9892605564784,NA
"prop_time","marginal_new_reef",27,0.0255791371523762,13647.7293275377,1.2248519998284,1.14074880546684,73.9892605564784,NA
"prop_time","marginal_new_reef",28,0.0258236837334193,13647.7293275377,1.2248519998284,1.14074880546684,73.9892605564784,NA
"prop_time","marginal_new_reef",29,0.0260705682756666,13647.7293275377,1.2248519998284,1.14074880546684,73.9892605564784,NA
"prop_time","marginal_new_reef",30,0.026319813130944,13647.7293275377,1.2248519998284,1.14074880546684,73.9892605564784,NA
"prop_time","marginal_new_reef",31,0.0265714408647696,13647.7293275377,1.2248519998284,1.14074880546684,73.9892605564784,NA
"prop_time","marginal_new_reef",32,0.0268254742583966,13647.7293275377,1.2248519998284,1.14074880546684,73.9892605564784,NA
"prop_time","marginal_new_reef",33,0.027081936310876,13647.7293275377,1.2248519998284,1.14074880546684,73.9892605564784,NA
"prop_time","marginal_new_reef",34,0.0273408502411388,13647.7293275377,1.2248519998284,1.14074880546684,73.9892605564784,NA
"prop_time","marginal_new_reef",35,0.0276022394900979,13647.7293275377,1.2248519998284,1.14074880546684,73.9892605564784,NA
"prop_time","marginal_new_reef",36,0.0278661277227707,13647.7293275377,1.2248519998284,1.14074880546684,73.9892605564784,NA
"prop_time","marginal_new_reef",37,0.0281325388304214,13647.7293275377,1.2248519998284,1.14074880546684,73.9892605564784,NA
"prop_time","marginal_new_reef",38,0.0284014969327241,13647.7293275377,1.2248519998284,1.14074880546684,73.9892605564784,NA
"prop_time","marginal_new_reef",39,0.0286730263799462,13647.7293275377,1.2248519998284,1.14074880546684,73.9892605564784,NA
"prop_time","marginal_new_reef",40,0.0289471517551535,13647.7293275377,1.2248519998284,1.14074880546684,73.9892605564784,NA
"prop_time","marginal_new_reef",41,0.0292238978764355,13647.7293275377,1.2248519998284,1.14074880546684,73.9892605564784,NA
"prop_time","marginal_new_reef",42,0.0295032897991521,13647.7293275377,1.2248519998284,1.14074880546684,73.9892605564784,NA
"prop_time","marginal_new_reef",43,0.0297853528182027,13647.7293275377,1.2248519998284,1.14074880546684,73.9892605564784,NA
"prop_time","marginal_new_reef",44,0.0300701124703154,13647.7293275377,1.2248519998284,1.14074880546684,73.9892605564784,NA
"prop_time","marginal_new_reef",45,0.0303575945363597,13647.7293275377,1.2248519998284,1.14074880546684,73.9892605564784,NA
"prop_time","marginal_new_reef",46,0.0306478250436804,13647.7293275377,1.2248519998284,1.14074880546684,73.9892605564784,NA
"prop_time","marginal_new_reef",47,0.0309408302684537,13647.7293275377,1.2248519998284,1.14074880546684,73.9892605564784,NA
"prop_time","marginal_new_reef",48,0.0312366367380665,13647.7293275377,1.2248519998284,1.14074880546684,73.9892605564784,NA
"prop_time","marginal_new_reef",49,0.0315352712335178,13647.7293275377,1.2248519998284,1.14074880546684,73.9892605564784,NA
"prop_time","marginal_new_reef",50,0.0318367607918436,13647.7293275377,1.2248519998284,1.14074880546684,73.9892605564784,NA
"prop_time","marginal_new_reef",51,0.0321411327085644,13647.7293275377,1.2248519998284,1.14074880546684,73.9892605564784,NA
"prop_time","marginal_new_reef",52,0.0324484145401567,13647.7293275377,1.2248519998284,1.14074880546684,73.9892605564784,NA
"prop_time","marginal_new_reef",53,0.0327586341065476,13647.7293275377,1.2248519998284,1.14074880546684,73.9892605564784,NA
"prop_time","marginal_new_reef",54,0.0330718194936338,13647.7293275377,1.2248519998284,1.14074880546684,73.9892605564784,NA
"prop_time","marginal_new_reef",55,0.0333879990558241,13647.7293275377,1.2248519998284,1.14074880546684,73.9892605564784,NA
"prop_time","marginal_new_reef",56,0.0337072014186064,13647.7293275377,1.2248519998284,1.14074880546684,73.9892605564784,NA
"prop_time","marginal_new_reef",57,0.0340294554811398,13647.7293275377,1.2248519998284,1.14074880546684,73.9892605564784,NA
"prop_time","marginal_new_reef",58,0.0343547904188704,13647.7293275377,1.2248519998284,1.14074880546684,73.9892605564784,NA
"prop_time","marginal_new_reef",59,0.0346832356861732,13647.7293275377,1.2248519998284,1.14074880546684,73.9892605564784,NA
"prop_time","marginal_new_reef",60,0.0350148210190185,13647.7293275377,1.2248519998284,1.14074880546684,73.9892605564784,NA
"prop_time","marginal_new_reef",61,0.0353495764376641,13647.7293275377,1.2248519998284,1.14074880546684,73.9892605564784,NA
"prop_time","marginal_new_reef",62,0.0356875322493734,13647.7293275377,1.2248519998284,1.14074880546684,73.9892605564784,NA
"prop_time","marginal_new_reef",63,0.0360287190511588,13647.7293275377,1.2248519998284,1.14074880546684,73.9892605564784,NA
"prop_time","marginal_new_reef",64,0.0363731677325524,13647.7293275377,1.2248519998284,1.14074880546684,73.9892605564784,NA
"prop_time","marginal_new_reef",65,0.0367209094784024,13647.7293275377,1.2248519998284,1.14074880546684,73.9892605564784,NA
"prop_time","marginal_new_reef",66,0.0370719757716961,13647.7293275377,1.2248519998284,1.14074880546684,73.9892605564784,NA
"prop_time","marginal_new_reef",67,0.0374263983964108,13647.7293275377,1.2248519998284,1.14074880546684,73.9892605564784,NA
"prop_time","marginal_new_reef",68,0.0377842094403908,13647.7293275377,1.2248519998284,1.14074880546684,73.9892605564784,NA
"prop_time","marginal_new_reef",69,0.038145441298253,13647.7293275377,1.2248519998284,1.14074880546684,73.9892605564784,NA
"prop_time","marginal_new_reef",70,0.0385101266743194,13647.7293275377,1.2248519998284,1.14074880546684,73.9892605564784,NA
"prop_time","marginal_new_reef",71,0.0388782985855782,13647.7293275377,1.2248519998284,1.14074880546684,73.9892605564784,NA
"prop_time","marginal_new_reef",72,0.039249990364673,13647.7293275377,1.2248519998284,1.14074880546684,73.9892605564784,NA
"prop_time","marginal_new_reef",73,0.0396252356629204,13647.7293275377,1.2248519998284,1.14074880546684,73.9892605564784,NA
"prop_time","marginal_new_reef",74,0.040004068453357,13647.7293275377,1.2248519998284,1.14074880546684,73.9892605564784,NA
"prop_time","marginal_new_reef",75,0.0403865230338147,13647.7293275377,1.2248519998284,1.14074880546684,73.9892605564784,NA
"prop_time","marginal_new_reef",76,0.0407726340300264,13647.7293275377,1.2248519998284,1.14074880546684,73.9892605564784,NA
"prop_time","marginal_new_reef",77,0.0411624363987603,13647.7293275377,1.2248519998284,1.14074880546684,73.9892605564784,NA
"prop_time","marginal_new_reef",78,0.0415559654309851,13647.7293275377,1.2248519998284,1.14074880546684,73.9892605564784,NA
"prop_time","marginal_new_reef",79,0.0419532567550652,13647.7293275377,1.2248519998284,1.14074880546684,73.9892605564784,NA
"prop_time","marginal_new_reef",80,0.0423543463399858,13647.7293275377,1.2248519998284,1.14074880546684,73.9892605564784,NA
"prop_time","marginal_new_reef",81,0.04275927049861,13647.7293275377,1.2248519998284,1.14074880546684,73.9892605564784,NA
"prop_time","marginal_new_reef",82,0.043168065890966,13647.7293275377,1.2248519998284,1.14074880546684,73.9892605564784,NA
"prop_time","marginal_new_reef",83,0.0435807695275661,13647.7293275377,1.2248519998284,1.14074880546684,73.9892605564784,NA
"prop_time","marginal_new_reef",84,0.0439974187727579,13647.7293275377,1.2248519998284,1.14074880546684,73.9892605564784,NA
"prop_time","marginal_new_reef",85,0.0444180513481065,13647.7293275377,1.2248519998284,1.14074880546684,73.9892605564784,NA
"prop_time","marginal_new_reef",86,0.0448427053358102,13647.7293275377,1.2248519998284,1.14074880546684,73.9892605564784,NA
"prop_time","marginal_new_reef",87,0.0452714191821479,13647.7293275377,1.2248519998284,1.14074880546684,73.9892605564784,NA
"prop_time","marginal_new_reef",88,0.0457042317009602,13647.7293275377,1.2248519998284,1.14074880546684,73.9892605564784,NA
"prop_time","marginal_new_reef",89,0.0461411820771629,13647.7293275377,1.2248519998284,1.14074880546684,73.9892605564784,NA
"prop_time","marginal_new_reef",90,0.0465823098702953,13647.7293275377,1.2248519998284,1.14074880546684,73.9892605564784,NA
"prop_time","marginal_new_reef",91,0.0470276550181011,13647.7293275377,1.2248519998284,1.14074880546684,73.9892605564784,NA
"prop_time","marginal_new_reef",92,0.0474772578401448,13647.7293275377,1.2248519998284,1.14074880546684,73.9892605564784,NA
"prop_time","marginal_new_reef",93,0.0479311590414616,13647.7293275377,1.2248519998284,1.14074880546684,73.9892605564784,NA
"prop_time","marginal_new_reef",94,0.0483893997162427,13647.7293275377,1.2248519998284,1.14074880546684,73.9892605564784,NA
"prop_time","marginal_new_reef",95,0.048852021351556,13647.7293275377,1.2248519998284,1.14074880546684,73.9892605564784,NA
"prop_time","marginal_new_reef",96,0.049319065831102,13647.7293275377,1.2248519998284,1.14074880546684,73.9892605564784,NA
"prop_time","marginal_new_reef",97,0.0497905754390059,13647.7293275377,1.2248519998284,1.14074880546684,73.9892605564784,NA
"prop_time","marginal_new_reef",98,0.0502665928636455,13647.7293275377,1.2248519998284,1.14074880546684,73.9892605564784,NA
"prop_time","marginal_new_reef",99,0.0507471612015164,13647.7293275377,1.2248519998284,1.14074880546684,73.9892605564784,NA
"prop_time","marginal_new_reef",100,0.0512323239611337,13647.7293275377,1.2248519998284,1.14074880546684,73.9892605564784,NA
"prop_distance_time","conditional_typical_reef",0,0.00964540778033628,13636.1711494467,1.23524297783078,83.848576949932,NA,NA
"prop_distance_time","conditional_typical_reef",1,0.00972966140427165,13636.1711494467,1.23524297783078,83.848576949932,NA,NA
"prop_distance_time","conditional_typical_reef",2,0.00981465099223343,13636.1711494467,1.23524297783078,83.848576949932,NA,NA
"prop_distance_time","conditional_typical_reef",3,0.00990038297294267,13636.1711494467,1.23524297783078,83.848576949932,NA,NA
"prop_distance_time","conditional_typical_reef",4,0.009986863831276,13636.1711494467,1.23524297783078,83.848576949932,NA,NA
"prop_distance_time","conditional_typical_reef",5,0.0100741001087561,13636.1711494467,1.23524297783078,83.848576949932,NA,NA
"prop_distance_time","conditional_typical_reef",6,0.0101620984040465,13636.1711494467,1.23524297783078,83.848576949932,NA,NA
"prop_distance_time","conditional_typical_reef",7,0.0102508653734508,13636.1711494467,1.23524297783078,83.848576949932,NA,NA
"prop_distance_time","conditional_typical_reef",8,0.010340407731416,13636.1711494467,1.23524297783078,83.848576949932,NA,NA
"prop_distance_time","conditional_typical_reef",9,0.0104307322510404,13636.1711494467,1.23524297783078,83.848576949932,NA,NA
"prop_distance_time","conditional_typical_reef",10,0.0105218457645864,13636.1711494467,1.23524297783078,83.848576949932,NA,NA
"prop_distance_time","conditional_typical_reef",11,0.0106137551639964,13636.1711494467,1.23524297783078,83.848576949932,NA,NA
"prop_distance_time","conditional_typical_reef",12,0.010706467401415,13636.1711494467,1.23524297783078,83.848576949932,NA,NA
"prop_distance_time","conditional_typical_reef",13,0.0107999894897143,13636.1711494467,1.23524297783078,83.848576949932,NA,NA
"prop_distance_time","conditional_typical_reef",14,0.0108943285030245,13636.1711494467,1.23524297783078,83.848576949932,NA,NA
"prop_distance_time","conditional_typical_reef",15,0.0109894915772694,13636.1711494467,1.23524297783078,83.848576949932,NA,NA
"prop_distance_time","conditional_typical_reef",16,0.0110854859107055,13636.1711494467,1.23524297783078,83.848576949932,NA,NA
"prop_distance_time","conditional_typical_reef",17,0.0111823187644668,13636.1711494467,1.23524297783078,83.848576949932,NA,NA
"prop_distance_time","conditional_typical_reef",18,0.0112799974631142,13636.1711494467,1.23524297783078,83.848576949932,NA,NA
"prop_distance_time","conditional_typical_reef",19,0.0113785293951893,13636.1711494467,1.23524297783078,83.848576949932,NA,NA
"prop_distance_time","conditional_typical_reef",20,0.0114779220137735,13636.1711494467,1.23524297783078,83.848576949932,NA,NA
"prop_distance_time","conditional_typical_reef",21,0.0115781828370515,13636.1711494467,1.23524297783078,83.848576949932,NA,NA
"prop_distance_time","conditional_typical_reef",22,0.01167931944888,13636.1711494467,1.23524297783078,83.848576949932,NA,NA
"prop_distance_time","conditional_typical_reef",23,0.0117813394993618,13636.1711494467,1.23524297783078,83.848576949932,NA,NA
"prop_distance_time","conditional_typical_reef",24,0.0118842507054238,13636.1711494467,1.23524297783078,83.848576949932,NA,NA
"prop_distance_time","conditional_typical_reef",25,0.0119880608514012,13636.1711494467,1.23524297783078,83.848576949932,NA,NA
"prop_distance_time","conditional_typical_reef",26,0.0120927777896262,13636.1711494467,1.23524297783078,83.848576949932,NA,NA
"prop_distance_time","conditional_typical_reef",27,0.0121984094410218,13636.1711494467,1.23524297783078,83.848576949932,NA,NA
"prop_distance_time","conditional_typical_reef",28,0.0123049637957013,13636.1711494467,1.23524297783078,83.848576949932,NA,NA
"prop_distance_time","conditional_typical_reef",29,0.0124124489135721,13636.1711494467,1.23524297783078,83.848576949932,NA,NA
"prop_distance_time","conditional_typical_reef",30,0.012520872924946,13636.1711494467,1.23524297783078,83.848576949932,NA,NA
"prop_distance_time","conditional_typical_reef",31,0.0126302440311538,13636.1711494467,1.23524297783078,83.848576949932,NA,NA
"prop_distance_time","conditional_typical_reef",32,0.0127405705051658,13636.1711494467,1.23524297783078,83.848576949932,NA,NA
"prop_distance_time","conditional_typical_reef",33,0.0128518606922176,13636.1711494467,1.23524297783078,83.848576949932,NA,NA
"prop_distance_time","conditional_typical_reef",34,0.0129641230104412,13636.1711494467,1.23524297783078,83.848576949932,NA,NA
"prop_distance_time","conditional_typical_reef",35,0.0130773659515017,13636.1711494467,1.23524297783078,83.848576949932,NA,NA
"prop_distance_time","conditional_typical_reef",36,0.0131915980812401,13636.1711494467,1.23524297783078,83.848576949932,NA,NA
"prop_distance_time","conditional_typical_reef",37,0.0133068280403207,13636.1711494467,1.23524297783078,83.848576949932,NA,NA
"prop_distance_time","conditional_typical_reef",38,0.0134230645448848,13636.1711494467,1.23524297783078,83.848576949932,NA,NA
"prop_distance_time","conditional_typical_reef",39,0.0135403163872103,13636.1711494467,1.23524297783078,83.848576949932,NA,NA
"prop_distance_time","conditional_typical_reef",40,0.0136585924363764,13636.1711494467,1.23524297783078,83.848576949932,NA,NA
"prop_distance_time","conditional_typical_reef",41,0.0137779016389346,13636.1711494467,1.23524297783078,83.848576949932,NA,NA
"prop_distance_time","conditional_typical_reef",42,0.0138982530195856,13636.1711494467,1.23524297783078,83.848576949932,NA,NA
"prop_distance_time","conditional_typical_reef",43,0.0140196556818617,13636.1711494467,1.23524297783078,83.848576949932,NA,NA
"prop_distance_time","conditional_typical_reef",44,0.0141421188088153,13636.1711494467,1.23524297783078,83.848576949932,NA,NA
"prop_distance_time","conditional_typical_reef",45,0.014265651663714,13636.1711494467,1.23524297783078,83.848576949932,NA,NA
"prop_distance_time","conditional_typical_reef",46,0.0143902635907409,13636.1711494467,1.23524297783078,83.848576949932,NA,NA
"prop_distance_time","conditional_typical_reef",47,0.0145159640157014,13636.1711494467,1.23524297783078,83.848576949932,NA,NA
"prop_distance_time","conditional_typical_reef",48,0.0146427624467362,13636.1711494467,1.23524297783078,83.848576949932,NA,NA
"prop_distance_time","conditional_typical_reef",49,0.014770668475041,13636.1711494467,1.23524297783078,83.848576949932,NA,NA
"prop_distance_time","conditional_typical_reef",50,0.014899691775591,13636.1711494467,1.23524297783078,83.848576949932,NA,NA
"prop_distance_time","conditional_typical_reef",51,0.0150298421078738,13636.1711494467,1.23524297783078,83.848576949932,NA,NA
"prop_distance_time","conditional_typical_reef",52,0.0151611293166268,13636.1711494467,1.23524297783078,83.848576949932,NA,NA
"prop_distance_time","conditional_typical_reef",53,0.0152935633325823,13636.1711494467,1.23524297783078,83.848576949932,NA,NA
"prop_distance_time","conditional_typical_reef",54,0.0154271541732187,13636.1711494467,1.23524297783078,83.848576949932,NA,NA
"prop_distance_time","conditional_typical_reef",55,0.0155619119435177,13636.1711494467,1.23524297783078,83.848576949932,NA,NA
"prop_distance_time","conditional_typical_reef",56,0.0156978468367296,13636.1711494467,1.23524297783078,83.848576949932,NA,NA
"prop_distance_time","conditional_typical_reef",57,0.0158349691351432,13636.1711494467,1.23524297783078,83.848576949932,NA,NA
"prop_distance_time","conditional_typical_reef",58,0.0159732892108647,13636.1711494467,1.23524297783078,83.848576949932,NA,NA
"prop_distance_time","conditional_typical_reef",59,0.0161128175266013,13636.1711494467,1.23524297783078,83.848576949932,NA,NA
"prop_distance_time","conditional_typical_reef",60,0.0162535646364533,13636.1711494467,1.23524297783078,83.848576949932,NA,NA
"prop_distance_time","conditional_typical_reef",61,0.0163955411867118,13636.1711494467,1.23524297783078,83.848576949932,NA,NA
"prop_distance_time","conditional_typical_reef",62,0.0165387579166647,13636.1711494467,1.23524297783078,83.848576949932,NA,NA
"prop_distance_time","conditional_typical_reef",63,0.0166832256594085,13636.1711494467,1.23524297783078,83.848576949932,NA,NA
"prop_distance_time","conditional_typical_reef",64,0.016828955342668,13636.1711494467,1.23524297783078,83.848576949932,NA,NA
"prop_distance_time","conditional_typical_reef",65,0.0169759579896227,13636.1711494467,1.23524297783078,83.848576949932,NA,NA
"prop_distance_time","conditional_typical_reef",66,0.0171242447197406,13636.1711494467,1.23524297783078,83.848576949932,NA,NA
"prop_distance_time","conditional_typical_reef",67,0.0172738267496197,13636.1711494467,1.23524297783078,83.848576949932,NA,NA
"prop_distance_time","conditional_typical_reef",68,0.0174247153938359,13636.1711494467,1.23524297783078,83.848576949932,NA,NA
"prop_distance_time","conditional_typical_reef",69,0.0175769220657991,13636.1711494467,1.23524297783078,83.848576949932,NA,NA
"prop_distance_time","conditional_typical_reef",70,0.0177304582786166,13636.1711494467,1.23524297783078,83.848576949932,NA,NA
"prop_distance_time","conditional_typical_reef",71,0.0178853356459638,13636.1711494467,1.23524297783078,83.848576949932,NA,NA
"prop_distance_time","conditional_typical_reef",72,0.0180415658829627,13636.1711494467,1.23524297783078,83.848576949932,NA,NA
"prop_distance_time","conditional_typical_reef",73,0.0181991608070682,13636.1711494467,1.23524297783078,83.848576949932,NA,NA
"prop_distance_time","conditional_typical_reef",74,0.0183581323389617,13636.1711494467,1.23524297783078,83.848576949932,NA,NA
"prop_distance_time","conditional_typical_reef",75,0.0185184925034533,13636.1711494467,1.23524297783078,83.848576949932,NA,NA
"prop_distance_time","conditional_typical_reef",76,0.0186802534303906,13636.1711494467,1.23524297783078,83.848576949932,NA,NA
"prop_distance_time","conditional_typical_reef",77,0.0188434273555771,13636.1711494467,1.23524297783078,83.848576949932,NA,NA
"prop_distance_time","conditional_typical_reef",78,0.019008026621697,13636.1711494467,1.23524297783078,83.848576949932,NA,NA
"prop_distance_time","conditional_typical_reef",79,0.0191740636792492,13636.1711494467,1.23524297783078,83.848576949932,NA,NA
"prop_distance_time","conditional_typical_reef",80,0.019341551087489,13636.1711494467,1.23524297783078,83.848576949932,NA,NA
"prop_distance_time","conditional_typical_reef",81,0.019510501515378,13636.1711494467,1.23524297783078,83.848576949932,NA,NA
"prop_distance_time","conditional_typical_reef",82,0.0196809277425427,13636.1711494467,1.23524297783078,83.848576949932,NA,NA
"prop_distance_time","conditional_typical_reef",83,0.0198528426602406,13636.1711494467,1.23524297783078,83.848576949932,NA,NA
"prop_distance_time","conditional_typical_reef",84,0.0200262592723359,13636.1711494467,1.23524297783078,83.848576949932,NA,NA
"prop_distance_time","conditional_typical_reef",85,0.0202011906962829,13636.1711494467,1.23524297783078,83.848576949932,NA,NA
"prop_distance_time","conditional_typical_reef",86,0.0203776501641181,13636.1711494467,1.23524297783078,83.848576949932,NA,NA
"prop_distance_time","conditional_typical_reef",87,0.0205556510234612,13636.1711494467,1.23524297783078,83.848576949932,NA,NA
"prop_distance_time","conditional_typical_reef",88,0.0207352067385247,13636.1711494467,1.23524297783078,83.848576949932,NA,NA
"prop_distance_time","conditional_typical_reef",89,0.0209163308911325,13636.1711494467,1.23524297783078,83.848576949932,NA,NA
"prop_distance_time","conditional_typical_reef",90,0.021099037181747,13636.1711494467,1.23524297783078,83.848576949932,NA,NA
"prop_distance_time","conditional_typical_reef",91,0.0212833394305056,13636.1711494467,1.23524297783078,83.848576949932,NA,NA
"prop_distance_time","conditional_typical_reef",92,0.0214692515782659,13636.1711494467,1.23524297783078,83.848576949932,NA,NA
"prop_distance_time","conditional_typical_reef",93,0.0216567876876606,13636.1711494467,1.23524297783078,83.848576949932,NA,NA
"prop_distance_time","conditional_typical_reef",94,0.0218459619441606,13636.1711494467,1.23524297783078,83.848576949932,NA,NA
"prop_distance_time","conditional_typical_reef",95,0.0220367886571485,13636.1711494467,1.23524297783078,83.848576949932,NA,NA
"prop_distance_time","conditional_typical_reef",96,0.0222292822610009,13636.1711494467,1.23524297783078,83.848576949932,NA,NA
"prop_distance_time","conditional_typical_reef",97,0.02242345731618,13636.1711494467,1.23524297783078,83.848576949932,NA,NA
"prop_distance_time","conditional_typical_reef",98,0.0226193285103352,13636.1711494467,1.23524297783078,83.848576949932,NA,NA
"prop_distance_time","conditional_typical_reef",99,0.022816910659414,13636.1711494467,1.23524297783078,83.848576949932,NA,NA
"prop_distance_time","conditional_typical_reef",100,0.0230162187087828,13636.1711494467,1.23524297783078,83.848576949932,NA,NA
"prop_distance_time","marginal_new_reef",0,0.0206847048608011,13636.1711494467,1.23524297783078,NA,75.8268913044956,NA
"prop_distance_time","marginal_new_reef",1,0.0208653878743393,13636.1711494467,1.23524297783078,NA,75.8268913044956,NA
"prop_distance_time","marginal_new_reef",2,0.0210476491724894,13636.1711494467,1.23524297783078,NA,75.8268913044956,NA
"prop_distance_time","marginal_new_reef",3,0.0212315025417287,13636.1711494467,1.23524297783078,NA,75.8268913044956,NA
"prop_distance_time","marginal_new_reef",4,0.0214169618889614,13636.1711494467,1.23524297783078,NA,75.8268913044956,NA
"prop_distance_time","marginal_new_reef",5,0.0216040412425694,13636.1711494467,1.23524297783078,NA,75.8268913044956,NA
"prop_distance_time","marginal_new_reef",6,0.0217927547534742,13636.1711494467,1.23524297783078,NA,75.8268913044956,NA
"prop_distance_time","marginal_new_reef",7,0.021983116696207,13636.1711494467,1.23524297783078,NA,75.8268913044956,NA
"prop_distance_time","marginal_new_reef",8,0.0221751414699885,13636.1711494467,1.23524297783078,NA,75.8268913044956,NA
"prop_distance_time","marginal_new_reef",9,0.0223688435998181,13636.1711494467,1.23524297783078,NA,75.8268913044956,NA
"prop_distance_time","marginal_new_reef",10,0.0225642377375725,13636.1711494467,1.23524297783078,NA,75.8268913044956,NA
"prop_distance_time","marginal_new_reef",11,0.022761338663114,13636.1711494467,1.23524297783078,NA,75.8268913044956,NA
"prop_distance_time","marginal_new_reef",12,0.0229601612854087,13636.1711494467,1.23524297783078,NA,75.8268913044956,NA
"prop_distance_time","marginal_new_reef",13,0.0231607206436538,13636.1711494467,1.23524297783078,NA,75.8268913044956,NA
"prop_distance_time","marginal_new_reef",14,0.0233630319084155,13636.1711494467,1.23524297783078,NA,75.8268913044956,NA
"prop_distance_time","marginal_new_reef",15,0.0235671103827766,13636.1711494467,1.23524297783078,NA,75.8268913044956,NA
"prop_distance_time","marginal_new_reef",16,0.0237729715034938,13636.1711494467,1.23524297783078,NA,75.8268913044956,NA
"prop_distance_time","marginal_new_reef",17,0.0239806308421653,13636.1711494467,1.23524297783078,NA,75.8268913044956,NA
"prop_distance_time","marginal_new_reef",18,0.0241901041064091,13636.1711494467,1.23524297783078,NA,75.8268913044956,NA
"prop_distance_time","marginal_new_reef",19,0.0244014071410505,13636.1711494467,1.23524297783078,NA,75.8268913044956,NA
"prop_distance_time","marginal_new_reef",20,0.0246145559293212,13636.1711494467,1.23524297783078,NA,75.8268913044956,NA
"prop_distance_time","marginal_new_reef",21,0.0248295665940681,13636.1711494467,1.23524297783078,NA,75.8268913044956,NA
"prop_distance_time","marginal_new_reef",22,0.0250464553989728,13636.1711494467,1.23524297783078,NA,75.8268913044956,NA
"prop_distance_time","marginal_new_reef",23,0.0252652387497816,13636.1711494467,1.23524297783078,NA,75.8268913044956,NA
"prop_distance_time","marginal_new_reef",24,0.0254859331955469,13636.1711494467,1.23524297783078,NA,75.8268913044956,NA
"prop_distance_time","marginal_new_reef",25,0.0257085554298787,13636.1711494467,1.23524297783078,NA,75.8268913044956,NA
"prop_distance_time","marginal_new_reef",26,0.0259331222922073,13636.1711494467,1.23524297783078,NA,75.8268913044956,NA
"prop_distance_time","marginal_new_reef",27,0.0261596507690574,13636.1711494467,1.23524297783078,NA,75.8268913044956,NA
"prop_distance_time","marginal_new_reef",28,0.0263881579953325,13636.1711494467,1.23524297783078,NA,75.8268913044956,NA
"prop_distance_time","marginal_new_reef",29,0.0266186612556113,13636.1711494467,1.23524297783078,NA,75.8268913044956,NA
"prop_distance_time","marginal_new_reef",30,0.0268511779854551,13636.1711494467,1.23524297783078,NA,75.8268913044956,NA
"prop_distance_time","marginal_new_reef",31,0.0270857257727265,13636.1711494467,1.23524297783078,NA,75.8268913044956,NA
"prop_distance_time","marginal_new_reef",32,0.02732232235892,13636.1711494467,1.23524297783078,NA,75.8268913044956,NA
"prop_distance_time","marginal_new_reef",33,0.0275609856405039,13636.1711494467,1.23524297783078,NA,75.8268913044956,NA
"prop_distance_time","marginal_new_reef",34,0.0278017336702738,13636.1711494467,1.23524297783078,NA,75.8268913044956,NA
"prop_distance_time","marginal_new_reef",35,0.0280445846587185,13636.1711494467,1.23524297783078,NA,75.8268913044956,NA
"prop_distance_time","marginal_new_reef",36,0.0282895569753972,13636.1711494467,1.23524297783078,NA,75.8268913044956,NA
"prop_distance_time","marginal_new_reef",37,0.028536669150329,13636.1711494467,1.23524297783078,NA,75.8268913044956,NA
"prop_distance_time","marginal_new_reef",38,0.0287859398753948,13636.1711494467,1.23524297783078,NA,75.8268913044956,NA
"prop_distance_time","marginal_new_reef",39,0.0290373880057509,13636.1711494467,1.23524297783078,NA,75.8268913044956,NA
"prop_distance_time","marginal_new_reef",40,0.0292910325612553,13636.1711494467,1.23524297783078,NA,75.8268913044956,NA
"prop_distance_time","marginal_new_reef",41,0.0295468927279065,13636.1711494467,1.23524297783078,NA,75.8268913044956,NA
"prop_distance_time","marginal_new_reef",42,0.0298049878592944,13636.1711494467,1.23524297783078,NA,75.8268913044956,NA
"prop_distance_time","marginal_new_reef",43,0.0300653374780648,13636.1711494467,1.23524297783078,NA,75.8268913044956,NA
"prop_distance_time","marginal_new_reef",44,0.0303279612773956,13636.1711494467,1.23524297783078,NA,75.8268913044956,NA
"prop_distance_time","marginal_new_reef",45,0.0305928791224868,13636.1711494467,1.23524297783078,NA,75.8268913044956,NA
"prop_distance_time","marginal_new_reef",46,0.0308601110520627,13636.1711494467,1.23524297783078,NA,75.8268913044956,NA
"prop_distance_time","marginal_new_reef",47,0.0311296772798883,13636.1711494467,1.23524297783078,NA,75.8268913044956,NA
"prop_distance_time","marginal_new_reef",48,0.0314015981962975,13636.1711494467,1.23524297783078,NA,75.8268913044956,NA
"prop_distance_time","marginal_new_reef",49,0.031675894369736,13636.1711494467,1.23524297783078,NA,75.8268913044956,NA
"prop_distance_time","marginal_new_reef",50,0.0319525865483171,13636.1711494467,1.23524297783078,NA,75.8268913044956,NA
"prop_distance_time","marginal_new_reef",51,0.0322316956613909,13636.1711494467,1.23524297783078,NA,75.8268913044956,NA
"prop_distance_time","marginal_new_reef",52,0.0325132428211274,13636.1711494467,1.23524297783078,NA,75.8268913044956,NA
"prop_distance_time","marginal_new_reef",53,0.0327972493241138,13636.1711494467,1.23524297783078,NA,75.8268913044956,NA
"prop_distance_time","marginal_new_reef",54,0.0330837366529649,13636.1711494467,1.23524297783078,NA,75.8268913044956,NA
"prop_distance_time","marginal_new_reef",55,0.0333727264779486,13636.1711494467,1.23524297783078,NA,75.8268913044956,NA
"prop_distance_time","marginal_new_reef",56,0.0336642406586247,13636.1711494467,1.23524297783078,NA,75.8268913044956,NA
"prop_distance_time","marginal_new_reef",57,0.0339583012454984,13636.1711494467,1.23524297783078,NA,75.8268913044956,NA
"prop_distance_time","marginal_new_reef",58,0.0342549304816884,13636.1711494467,1.23524297783078,NA,75.8268913044956,NA
"prop_distance_time","marginal_new_reef",59,0.0345541508046093,13636.1711494467,1.23524297783078,NA,75.8268913044956,NA
"prop_distance_time","marginal_new_reef",60,0.034855984847669,13636.1711494467,1.23524297783078,NA,75.8268913044956,NA
"prop_distance_time","marginal_new_reef",61,0.0351604554419802,13636.1711494467,1.23524297783078,NA,75.8268913044956,NA
"prop_distance_time","marginal_new_reef",62,0.0354675856180879,13636.1711494467,1.23524297783078,NA,75.8268913044956,NA
"prop_distance_time","marginal_new_reef",63,0.0357773986077112,13636.1711494467,1.23524297783078,NA,75.8268913044956,NA
"prop_distance_time","marginal_new_reef",64,0.0360899178455007,13636.1711494467,1.23524297783078,NA,75.8268913044956,NA
"prop_distance_time","marginal_new_reef",65,0.0364051669708111,13636.1711494467,1.23524297783078,NA,75.8268913044956,NA
"prop_distance_time","marginal_new_reef",66,0.0367231698294893,13636.1711494467,1.23524297783078,NA,75.8268913044956,NA
"prop_distance_time","marginal_new_reef",67,0.0370439504756779,13636.1711494467,1.23524297783078,NA,75.8268913044956,NA
"prop_distance_time","marginal_new_reef",68,0.0373675331736351,13636.1711494467,1.23524297783078,NA,75.8268913044956,NA
"prop_distance_time","marginal_new_reef",69,0.0376939423995697,13636.1711494467,1.23524297783078,NA,75.8268913044956,NA
"prop_distance_time","marginal_new_reef",70,0.0380232028434931,13636.1711494467,1.23524297783078,NA,75.8268913044956,NA
"prop_distance_time","marginal_new_reef",71,0.0383553394110859,13636.1711494467,1.23524297783078,NA,75.8268913044956,NA
"prop_distance_time","marginal_new_reef",72,0.0386903772255828,13636.1711494467,1.23524297783078,NA,75.8268913044956,NA
"prop_distance_time","marginal_new_reef",73,0.0390283416296724,13636.1711494467,1.23524297783078,NA,75.8268913044956,NA
"prop_distance_time","marginal_new_reef",74,0.0393692581874141,13636.1711494467,1.23524297783078,NA,75.8268913044956,NA
"prop_distance_time","marginal_new_reef",75,0.0397131526861723,13636.1711494467,1.23524297783078,NA,75.8268913044956,NA
"prop_distance_time","marginal_new_reef",76,0.0400600511385664,13636.1711494467,1.23524297783078,NA,75.8268913044956,NA
"prop_distance_time","marginal_new_reef",77,0.0404099797844389,13636.1711494467,1.23524297783078,NA,75.8268913044956,NA
"prop_distance_time","marginal_new_reef",78,0.0407629650928398,13636.1711494467,1.23524297783078,NA,75.8268913044956,NA
"prop_distance_time","marginal_new_reef",79,0.041119033764029,13636.1711494467,1.23524297783078,NA,75.8268913044956,NA
"prop_distance_time","marginal_new_reef",80,0.0414782127314961,13636.1711494467,1.23524297783078,NA,75.8268913044956,NA
"prop_distance_time","marginal_new_reef",81,0.0418405291639974,13636.1711494467,1.23524297783078,NA,75.8268913044956,NA
"prop_distance_time","marginal_new_reef",82,0.0422060104676108,13636.1711494467,1.23524297783078,NA,75.8268913044956,NA
"prop_distance_time","marginal_new_reef",83,0.0425746842878095,13636.1711494467,1.23524297783078,NA,75.8268913044956,NA
"prop_distance_time","marginal_new_reef",84,0.0429465785115524,13636.1711494467,1.23524297783078,NA,75.8268913044956,NA
"prop_distance_time","marginal_new_reef",85,0.0433217212693942,13636.1711494467,1.23524297783078,NA,75.8268913044956,NA
"prop_distance_time","marginal_new_reef",86,0.0437001409376124,13636.1711494467,1.23524297783078,NA,75.8268913044956,NA
"prop_distance_time","marginal_new_reef",87,0.0440818661403547,13636.1711494467,1.23524297783078,NA,75.8268913044956,NA
"prop_distance_time","marginal_new_reef",88,0.0444669257518032,13636.1711494467,1.23524297783078,NA,75.8268913044956,NA
"prop_distance_time","marginal_new_reef",89,0.0448553488983593,13636.1711494467,1.23524297783078,NA,75.8268913044956,NA
"prop_distance_time","marginal_new_reef",90,0.0452471649608462,13636.1711494467,1.23524297783078,NA,75.8268913044956,NA
"prop_distance_time","marginal_new_reef",91,0.0456424035767319,13636.1711494467,1.23524297783078,NA,75.8268913044956,NA
"prop_distance_time","marginal_new_reef",92,0.0460410946423704,13636.1711494467,1.23524297783078,NA,75.8268913044956,NA
"prop_distance_time","marginal_new_reef",93,0.0464432683152637,13636.1711494467,1.23524297783078,NA,75.8268913044956,NA
"prop_distance_time","marginal_new_reef",94,0.0468489550163425,13636.1711494467,1.23524297783078,NA,75.8268913044956,NA
"prop_distance_time","marginal_new_reef",95,0.0472581854322674,13636.1711494467,1.23524297783078,NA,75.8268913044956,NA
"prop_distance_time","marginal_new_reef",96,0.0476709905177502,13636.1711494467,1.23524297783078,NA,75.8268913044956,NA
"prop_distance_time","marginal_new_reef",97,0.0480874014978953,13636.1711494467,1.23524297783078,NA,75.8268913044956,NA
"prop_distance_time","marginal_new_reef",98,0.0485074498705616,13636.1711494467,1.23524297783078,NA,75.8268913044956,NA
"prop_distance_time","marginal_new_reef",99,0.048931167408745,13636.1711494467,1.23524297783078,NA,75.8268913044956,NA
"prop_distance_time","marginal_new_reef",100,0.0493585861629815,13636.1711494467,1.23524297783078,NA,75.8268913044956,NA
"concentration_additive","conditional_typical_reef",0,0.0109832411951077,13636.4989537522,1.2223881936268,83.7801097222197,NA,NA
"concentration_additive","conditional_typical_reef",1,0.0110620962944323,13636.4989537522,1.2223881936268,83.7801097222197,NA,NA
"concentration_additive","conditional_typical_reef",2,0.0111415175405418,13636.4989537522,1.2223881936268,83.7801097222197,NA,NA
"concentration_additive","conditional_typical_reef",3,0.0112215089981342,13636.4989537522,1.2223881936268,83.7801097222197,NA,NA
"concentration_additive","conditional_typical_reef",4,0.0113020747610908,13636.4989537522,1.2223881936268,83.7801097222197,NA,NA
"concentration_additive","conditional_typical_reef",5,0.0113832189526849,13636.4989537522,1.2223881936268,83.7801097222197,NA,NA
"concentration_additive","conditional_typical_reef",6,0.0114649457257934,13636.4989537522,1.2223881936268,83.7801097222197,NA,NA
"concentration_additive","conditional_typical_reef",7,0.0115472592631089,13636.4989537522,1.2223881936268,83.7801097222197,NA,NA
"concentration_additive","conditional_typical_reef",8,0.0116301637773542,13636.4989537522,1.2223881936268,83.7801097222197,NA,NA
"concentration_additive","conditional_typical_reef",9,0.0117136635114977,13636.4989537522,1.2223881936268,83.7801097222197,NA,NA
"concentration_additive","conditional_typical_reef",10,0.0117977627389703,13636.4989537522,1.2223881936268,83.7801097222197,NA,NA
"concentration_additive","conditional_typical_reef",11,0.0118824657638847,13636.4989537522,1.2223881936268,83.7801097222197,NA,NA
"concentration_additive","conditional_typical_reef",12,0.011967776921255,13636.4989537522,1.2223881936268,83.7801097222197,NA,NA
"concentration_additive","conditional_typical_reef",13,0.0120537005772193,13636.4989537522,1.2223881936268,83.7801097222197,NA,NA
"concentration_additive","conditional_typical_reef",14,0.0121402411292622,13636.4989537522,1.2223881936268,83.7801097222197,NA,NA
"concentration_additive","conditional_typical_reef",15,0.012227403006441,13636.4989537522,1.2223881936268,83.7801097222197,NA,NA
"concentration_additive","conditional_typical_reef",16,0.0123151906696114,13636.4989537522,1.2223881936268,83.7801097222197,NA,NA
"concentration_additive","conditional_typical_reef",17,0.0124036086116563,13636.4989537522,1.2223881936268,83.7801097222197,NA,NA
"concentration_additive","conditional_typical_reef",18,0.0124926613577156,13636.4989537522,1.2223881936268,83.7801097222197,NA,NA
"concentration_additive","conditional_typical_reef",19,0.0125823534654178,13636.4989537522,1.2223881936268,83.7801097222197,NA,NA
"concentration_additive","conditional_typical_reef",20,0.0126726895251135,13636.4989537522,1.2223881936268,83.7801097222197,NA,NA
"concentration_additive","conditional_typical_reef",21,0.0127636741601097,13636.4989537522,1.2223881936268,83.7801097222197,NA,NA
"concentration_additive","conditional_typical_reef",22,0.0128553120269073,13636.4989537522,1.2223881936268,83.7801097222197,NA,NA
"concentration_additive","conditional_typical_reef",23,0.0129476078154385,13636.4989537522,1.2223881936268,83.7801097222197,NA,NA
"concentration_additive","conditional_typical_reef",24,0.0130405662493075,13636.4989537522,1.2223881936268,83.7801097222197,NA,NA
"concentration_additive","conditional_typical_reef",25,0.0131341920860319,13636.4989537522,1.2223881936268,83.7801097222197,NA,NA
"concentration_additive","conditional_typical_reef",26,0.0132284901172865,13636.4989537522,1.2223881936268,83.7801097222197,NA,NA
"concentration_additive","conditional_typical_reef",27,0.013323465169148,13636.4989537522,1.2223881936268,83.7801097222197,NA,NA
"concentration_additive","conditional_typical_reef",28,0.0134191221023427,13636.4989537522,1.2223881936268,83.7801097222197,NA,NA
"concentration_additive","conditional_typical_reef",29,0.0135154658124946,13636.4989537522,1.2223881936268,83.7801097222197,NA,NA
"concentration_additive","conditional_typical_reef",30,0.0136125012303763,13636.4989537522,1.2223881936268,83.7801097222197,NA,NA
"concentration_additive","conditional_typical_reef",31,0.0137102333221613,13636.4989537522,1.2223881936268,83.7801097222197,NA,NA
"concentration_additive","conditional_typical_reef",32,0.0138086670896784,13636.4989537522,1.2223881936268,83.7801097222197,NA,NA
"concentration_additive","conditional_typical_reef",33,0.013907807570667,13636.4989537522,1.2223881936268,83.7801097222197,NA,NA
"concentration_additive","conditional_typical_reef",34,0.0140076598390358,13636.4989537522,1.2223881936268,83.7801097222197,NA,NA
"concentration_additive","conditional_typical_reef",35,0.0141082290051217,13636.4989537522,1.2223881936268,83.7801097222197,NA,NA
"concentration_additive","conditional_typical_reef",36,0.014209520215952,13636.4989537522,1.2223881936268,83.7801097222197,NA,NA
"concentration_additive","conditional_typical_reef",37,0.0143115386555072,13636.4989537522,1.2223881936268,83.7801097222197,NA,NA
"concentration_additive","conditional_typical_reef",38,0.014414289544987,13636.4989537522,1.2223881936268,83.7801097222197,NA,NA
"concentration_additive","conditional_typical_reef",39,0.0145177781430768,13636.4989537522,1.2223881936268,83.7801097222197,NA,NA
"concentration_additive","conditional_typical_reef",40,0.0146220097462173,13636.4989537522,1.2223881936268,83.7801097222197,NA,NA
"concentration_additive","conditional_typical_reef",41,0.0147269896888755,13636.4989537522,1.2223881936268,83.7801097222197,NA,NA
"concentration_additive","conditional_typical_reef",42,0.0148327233438176,13636.4989537522,1.2223881936268,83.7801097222197,NA,NA
"concentration_additive","conditional_typical_reef",43,0.0149392161223839,13636.4989537522,1.2223881936268,83.7801097222197,NA,NA
"concentration_additive","conditional_typical_reef",44,0.0150464734747661,13636.4989537522,1.2223881936268,83.7801097222197,NA,NA
"concentration_additive","conditional_typical_reef",45,0.0151545008902859,13636.4989537522,1.2223881936268,83.7801097222197,NA,NA
"concentration_additive","conditional_typical_reef",46,0.015263303897676,13636.4989537522,1.2223881936268,83.7801097222197,NA,NA
"concentration_additive","conditional_typical_reef",47,0.0153728880653632,13636.4989537522,1.2223881936268,83.7801097222197,NA,NA
"concentration_additive","conditional_typical_reef",48,0.0154832590017531,13636.4989537522,1.2223881936268,83.7801097222197,NA,NA
"concentration_additive","conditional_typical_reef",49,0.0155944223555176,13636.4989537522,1.2223881936268,83.7801097222197,NA,NA
"concentration_additive","conditional_typical_reef",50,0.0157063838158834,13636.4989537522,1.2223881936268,83.7801097222197,NA,NA
"concentration_additive","conditional_typical_reef",51,0.0158191491129237,13636.4989537522,1.2223881936268,83.7801097222197,NA,NA
"concentration_additive","conditional_typical_reef",52,0.0159327240178513,13636.4989537522,1.2223881936268,83.7801097222197,NA,NA
"concentration_additive","conditional_typical_reef",53,0.0160471143433136,13636.4989537522,1.2223881936268,83.7801097222197,NA,NA
"concentration_additive","conditional_typical_reef",54,0.0161623259436906,13636.4989537522,1.2223881936268,83.7801097222197,NA,NA
"concentration_additive","conditional_typical_reef",55,0.0162783647153944,13636.4989537522,1.2223881936268,83.7801097222197,NA,NA
"concentration_additive","conditional_typical_reef",56,0.0163952365971707,13636.4989537522,1.2223881936268,83.7801097222197,NA,NA
"concentration_additive","conditional_typical_reef",57,0.0165129475704029,13636.4989537522,1.2223881936268,83.7801097222197,NA,NA
"concentration_additive","conditional_typical_reef",58,0.0166315036594185,13636.4989537522,1.2223881936268,83.7801097222197,NA,NA
"concentration_additive","conditional_typical_reef",59,0.0167509109317968,13636.4989537522,1.2223881936268,83.7801097222197,NA,NA
"concentration_additive","conditional_typical_reef",60,0.0168711754986801,13636.4989537522,1.2223881936268,83.7801097222197,NA,NA
"concentration_additive","conditional_typical_reef",61,0.0169923035150861,13636.4989537522,1.2223881936268,83.7801097222197,NA,NA
"concentration_additive","conditional_typical_reef",62,0.0171143011802228,13636.4989537522,1.2223881936268,83.7801097222197,NA,NA
"concentration_additive","conditional_typical_reef",63,0.017237174737806,13636.4989537522,1.2223881936268,83.7801097222197,NA,NA
"concentration_additive","conditional_typical_reef",64,0.017360930476379,13636.4989537522,1.2223881936268,83.7801097222197,NA,NA
"concentration_additive","conditional_typical_reef",65,0.0174855747296339,13636.4989537522,1.2223881936268,83.7801097222197,NA,NA
"concentration_additive","conditional_typical_reef",66,0.0176111138767363,13636.4989537522,1.2223881936268,83.7801097222197,NA,NA
"concentration_additive","conditional_typical_reef",67,0.0177375543426514,13636.4989537522,1.2223881936268,83.7801097222197,NA,NA
"concentration_additive","conditional_typical_reef",68,0.017864902598473,13636.4989537522,1.2223881936268,83.7801097222197,NA,NA
"concentration_additive","conditional_typical_reef",69,0.0179931651617549,13636.4989537522,1.2223881936268,83.7801097222197,NA,NA
"concentration_additive","conditional_typical_reef",70,0.0181223485968438,13636.4989537522,1.2223881936268,83.7801097222197,NA,NA
"concentration_additive","conditional_typical_reef",71,0.0182524595152161,13636.4989537522,1.2223881936268,83.7801097222197,NA,NA
"concentration_additive","conditional_typical_reef",72,0.0183835045758155,13636.4989537522,1.2223881936268,83.7801097222197,NA,NA
"concentration_additive","conditional_typical_reef",73,0.0185154904853944,13636.4989537522,1.2223881936268,83.7801097222197,NA,NA
"concentration_additive","conditional_typical_reef",74,0.0186484239988567,13636.4989537522,1.2223881936268,83.7801097222197,NA,NA
"concentration_additive","conditional_typical_reef",75,0.0187823119196039,13636.4989537522,1.2223881936268,83.7801097222197,NA,NA
"concentration_additive","conditional_typical_reef",76,0.0189171610998828,13636.4989537522,1.2223881936268,83.7801097222197,NA,NA
"concentration_additive","conditional_typical_reef",77,0.0190529784411368,13636.4989537522,1.2223881936268,83.7801097222197,NA,NA
"concentration_additive","conditional_typical_reef",78,0.0191897708943586,13636.4989537522,1.2223881936268,83.7801097222197,NA,NA
"concentration_additive","conditional_typical_reef",79,0.0193275454604462,13636.4989537522,1.2223881936268,83.7801097222197,NA,NA
"concentration_additive","conditional_typical_reef",80,0.0194663091905611,13636.4989537522,1.2223881936268,83.7801097222197,NA,NA
"concentration_additive","conditional_typical_reef",81,0.0196060691864892,13636.4989537522,1.2223881936268,83.7801097222197,NA,NA
"concentration_additive","conditional_typical_reef",82,0.0197468326010043,13636.4989537522,1.2223881936268,83.7801097222197,NA,NA
"concentration_additive","conditional_typical_reef",83,0.0198886066382341,13636.4989537522,1.2223881936268,83.7801097222197,NA,NA
"concentration_additive","conditional_typical_reef",84,0.0200313985540289,13636.4989537522,1.2223881936268,83.7801097222197,NA,NA
"concentration_additive","conditional_typical_reef",85,0.0201752156563332,13636.4989537522,1.2223881936268,83.7801097222197,NA,NA
"concentration_additive","conditional_typical_reef",86,0.0203200653055591,13636.4989537522,1.2223881936268,83.7801097222197,NA,NA
"concentration_additive","conditional_typical_reef",87,0.0204659549149639,13636.4989537522,1.2223881936268,83.7801097222197,NA,NA
"concentration_additive","conditional_typical_reef",88,0.0206128919510286,13636.4989537522,1.2223881936268,83.7801097222197,NA,NA
"concentration_additive","conditional_typical_reef",89,0.0207608839338406,13636.4989537522,1.2223881936268,83.7801097222197,NA,NA
"concentration_additive","conditional_typical_reef",90,0.0209099384374783,13636.4989537522,1.2223881936268,83.7801097222197,NA,NA
"concentration_additive","conditional_typical_reef",91,0.0210600630903989,13636.4989537522,1.2223881936268,83.7801097222197,NA,NA
"concentration_additive","conditional_typical_reef",92,0.0212112655758288,13636.4989537522,1.2223881936268,83.7801097222197,NA,NA
"concentration_additive","conditional_typical_reef",93,0.0213635536321566,13636.4989537522,1.2223881936268,83.7801097222197,NA,NA
"concentration_additive","conditional_typical_reef",94,0.0215169350533295,13636.4989537522,1.2223881936268,83.7801097222197,NA,NA
"concentration_additive","conditional_typical_reef",95,0.0216714176892519,13636.4989537522,1.2223881936268,83.7801097222197,NA,NA
"concentration_additive","conditional_typical_reef",96,0.0218270094461873,13636.4989537522,1.2223881936268,83.7801097222197,NA,NA
"concentration_additive","conditional_typical_reef",97,0.0219837182871627,13636.4989537522,1.2223881936268,83.7801097222197,NA,NA
"concentration_additive","conditional_typical_reef",98,0.0221415522323765,13636.4989537522,1.2223881936268,83.7801097222197,NA,NA
"concentration_additive","conditional_typical_reef",99,0.0223005193596087,13636.4989537522,1.2223881936268,83.7801097222197,NA,NA
"concentration_additive","conditional_typical_reef",100,0.0224606278046346,13636.4989537522,1.2223881936268,83.7801097222197,NA,NA
"concentration_additive","marginal_new_reef",0,0.0231845713932557,13636.4989537522,1.2223881936268,NA,76.2360772185699,NA
"concentration_additive","marginal_new_reef",1,0.0233510269638416,13636.4989537522,1.2223881936268,NA,76.2360772185699,NA
"concentration_additive","marginal_new_reef",2,0.0235186776161268,13636.4989537522,1.2223881936268,NA,76.2360772185699,NA
"concentration_additive","marginal_new_reef",3,0.0236875319303005,13636.4989537522,1.2223881936268,NA,76.2360772185699,NA
"concentration_additive","marginal_new_reef",4,0.0238575985481537,13636.4989537522,1.2223881936268,NA,76.2360772185699,NA
"concentration_additive","marginal_new_reef",5,0.0240288861735224,13636.4989537522,1.2223881936268,NA,76.2360772185699,NA
"concentration_additive","marginal_new_reef",6,0.0242014035727322,13636.4989537522,1.2223881936268,NA,76.2360772185699,NA
"concentration_additive","marginal_new_reef",7,0.0243751595750471,13636.4989537522,1.2223881936268,NA,76.2360772185699,NA
"concentration_additive","marginal_new_reef",8,0.024550163073122,13636.4989537522,1.2223881936268,NA,76.2360772185699,NA
"concentration_additive","marginal_new_reef",9,0.024726423023457,13636.4989537522,1.2223881936268,NA,76.2360772185699,NA
"concentration_additive","marginal_new_reef",10,0.0249039484468562,13636.4989537522,1.2223881936268,NA,76.2360772185699,NA
"concentration_additive","marginal_new_reef",11,0.0250827484288895,13636.4989537522,1.2223881936268,NA,76.2360772185699,NA
"concentration_additive","marginal_new_reef",12,0.0252628321203571,13636.4989537522,1.2223881936268,NA,76.2360772185699,NA
"concentration_additive","marginal_new_reef",13,0.0254442087377585,13636.4989537522,1.2223881936268,NA,76.2360772185699,NA
"concentration_additive","marginal_new_reef",14,0.0256268875637635,13636.4989537522,1.2223881936268,NA,76.2360772185699,NA
"concentration_additive","marginal_new_reef",15,0.0258108779476878,13636.4989537522,1.2223881936268,NA,76.2360772185699,NA
"concentration_additive","marginal_new_reef",16,0.0259961893059713,13636.4989537522,1.2223881936268,NA,76.2360772185699,NA
"concentration_additive","marginal_new_reef",17,0.0261828311226599,13636.4989537522,1.2223881936268,NA,76.2360772185699,NA
"concentration_additive","marginal_new_reef",18,0.0263708129498911,13636.4989537522,1.2223881936268,NA,76.2360772185699,NA
"concentration_additive","marginal_new_reef",19,0.0265601444083827,13636.4989537522,1.2223881936268,NA,76.2360772185699,NA
"concentration_additive","marginal_new_reef",20,0.0267508351879252,13636.4989537522,1.2223881936268,NA,76.2360772185699,NA
"concentration_additive","marginal_new_reef",21,0.0269428950478781,13636.4989537522,1.2223881936268,NA,76.2360772185699,NA
"concentration_additive","marginal_new_reef",22,0.0271363338176685,13636.4989537522,1.2223881936268,NA,76.2360772185699,NA
"concentration_additive","marginal_new_reef",23,0.0273311613972951,13636.4989537522,1.2223881936268,NA,76.2360772185699,NA
"concentration_additive","marginal_new_reef",24,0.0275273877578344,13636.4989537522,1.2223881936268,NA,76.2360772185699,NA
"concentration_additive","marginal_new_reef",25,0.0277250229419509,13636.4989537522,1.2223881936268,NA,76.2360772185699,NA
"concentration_additive","marginal_new_reef",26,0.0279240770644115,13636.4989537522,1.2223881936268,NA,76.2360772185699,NA
"concentration_additive","marginal_new_reef",27,0.0281245603126027,13636.4989537522,1.2223881936268,NA,76.2360772185699,NA
"concentration_additive","marginal_new_reef",28,0.0283264829470523,13636.4989537522,1.2223881936268,NA,76.2360772185699,NA
"concentration_additive","marginal_new_reef",29,0.0285298553019544,13636.4989537522,1.2223881936268,NA,76.2360772185699,NA
"concentration_additive","marginal_new_reef",30,0.0287346877856984,13636.4989537522,1.2223881936268,NA,76.2360772185699,NA
"concentration_additive","marginal_new_reef",31,0.0289409908814013,13636.4989537522,1.2223881936268,NA,76.2360772185699,NA
"concentration_additive","marginal_new_reef",32,0.029148775147445,13636.4989537522,1.2223881936268,NA,76.2360772185699,NA
"concentration_additive","marginal_new_reef",33,0.0293580512180157,13636.4989537522,1.2223881936268,NA,76.2360772185699,NA
"concentration_additive","marginal_new_reef",34,0.029568829803649,13636.4989537522,1.2223881936268,NA,76.2360772185699,NA
"concentration_additive","marginal_new_reef",35,0.0297811216917774,13636.4989537522,1.2223881936268,NA,76.2360772185699,NA
"concentration_additive","marginal_new_reef",36,0.0299949377472829,13636.4989537522,1.2223881936268,NA,76.2360772185699,NA
"concentration_additive","marginal_new_reef",37,0.0302102889130528,13636.4989537522,1.2223881936268,NA,76.2360772185699,NA
"concentration_additive","marginal_new_reef",38,0.0304271862105396,13636.4989537522,1.2223881936268,NA,76.2360772185699,NA
"concentration_additive","marginal_new_reef",39,0.0306456407403253,13636.4989537522,1.2223881936268,NA,76.2360772185699,NA
"concentration_additive","marginal_new_reef",40,0.0308656636826897,13636.4989537522,1.2223881936268,NA,76.2360772185699,NA
"concentration_additive","marginal_new_reef",41,0.031087266298182,13636.4989537522,1.2223881936268,NA,76.2360772185699,NA
"concentration_additive","marginal_new_reef",42,0.0313104599281977,13636.4989537522,1.2223881936268,NA,76.2360772185699,NA
"concentration_additive","marginal_new_reef",43,0.0315352559955587,13636.4989537522,1.2223881936268,NA,76.2360772185699,NA
"concentration_additive","marginal_new_reef",44,0.031761666005098,13636.4989537522,1.2223881936268,NA,76.2360772185699,NA
"concentration_additive","marginal_new_reef",45,0.0319897015442486,13636.4989537522,1.2223881936268,NA,76.2360772185699,NA
"concentration_additive","marginal_new_reef",46,0.0322193742836364,13636.4989537522,1.2223881936268,NA,76.2360772185699,NA
"concentration_additive","marginal_new_reef",47,0.0324506959776774,13636.4989537522,1.2223881936268,NA,76.2360772185699,NA
"concentration_additive","marginal_new_reef",48,0.0326836784651796,13636.4989537522,1.2223881936268,NA,76.2360772185699,NA
"concentration_additive","marginal_new_reef",49,0.0329183336699486,13636.4989537522,1.2223881936268,NA,76.2360772185699,NA
"concentration_additive","marginal_new_reef",50,0.0331546736013981,13636.4989537522,1.2223881936268,NA,76.2360772185699,NA
"concentration_additive","marginal_new_reef",51,0.0333927103551642,13636.4989537522,1.2223881936268,NA,76.2360772185699,NA
"concentration_additive","marginal_new_reef",52,0.0336324561137247,13636.4989537522,1.2223881936268,NA,76.2360772185699,NA
"concentration_additive","marginal_new_reef",53,0.0338739231470227,13636.4989537522,1.2223881936268,NA,76.2360772185699,NA
"concentration_additive","marginal_new_reef",54,0.0341171238130941,13636.4989537522,1.2223881936268,NA,76.2360772185699,NA
"concentration_additive","marginal_new_reef",55,0.0343620705587005,13636.4989537522,1.2223881936268,NA,76.2360772185699,NA
"concentration_additive","marginal_new_reef",56,0.0346087759199661,13636.4989537522,1.2223881936268,NA,76.2360772185699,NA
"concentration_additive","marginal_new_reef",57,0.0348572525230191,13636.4989537522,1.2223881936268,NA,76.2360772185699,NA
"concentration_additive","marginal_new_reef",58,0.0351075130846383,13636.4989537522,1.2223881936268,NA,76.2360772185699,NA
"concentration_additive","marginal_new_reef",59,0.0353595704129033,13636.4989537522,1.2223881936268,NA,76.2360772185699,NA
"concentration_additive","marginal_new_reef",60,0.0356134374078508,13636.4989537522,1.2223881936268,NA,76.2360772185699,NA
"concentration_additive","marginal_new_reef",61,0.0358691270621341,13636.4989537522,1.2223881936268,NA,76.2360772185699,NA
"concentration_additive","marginal_new_reef",62,0.0361266524616885,13636.4989537522,1.2223881936268,NA,76.2360772185699,NA
"concentration_additive","marginal_new_reef",63,0.0363860267864007,13636.4989537522,1.2223881936268,NA,76.2360772185699,NA
"concentration_additive","marginal_new_reef",64,0.0366472633107837,13636.4989537522,1.2223881936268,NA,76.2360772185699,NA
"concentration_additive","marginal_new_reef",65,0.0369103754046558,13636.4989537522,1.2223881936268,NA,76.2360772185699,NA
"concentration_additive","marginal_new_reef",66,0.0371753765338252,13636.4989537522,1.2223881936268,NA,76.2360772185699,NA
"concentration_additive","marginal_new_reef",67,0.0374422802607788,13636.4989537522,1.2223881936268,NA,76.2360772185699,NA
"concentration_additive","marginal_new_reef",68,0.0377111002453767,13636.4989537522,1.2223881936268,NA,76.2360772185699,NA
"concentration_additive","marginal_new_reef",69,0.037981850245551,13636.4989537522,1.2223881936268,NA,76.2360772185699,NA
"concentration_additive","marginal_new_reef",70,0.0382545441180101,13636.4989537522,1.2223881936268,NA,76.2360772185699,NA
"concentration_additive","marginal_new_reef",71,0.0385291958189476,13636.4989537522,1.2223881936268,NA,76.2360772185699,NA
"concentration_additive","marginal_new_reef",72,0.0388058194047571,13636.4989537522,1.2223881936268,NA,76.2360772185699,NA
"concentration_additive","marginal_new_reef",73,0.0390844290327509,13636.4989537522,1.2223881936268,NA,76.2360772185699,NA
"concentration_additive","marginal_new_reef",74,0.0393650389618852,13636.4989537522,1.2223881936268,NA,76.2360772185699,NA
"concentration_additive","marginal_new_reef",75,0.0396476635534893,13636.4989537522,1.2223881936268,NA,76.2360772185699,NA
"concentration_additive","marginal_new_reef",76,0.0399323172720011,13636.4989537522,1.2223881936268,NA,76.2360772185699,NA
"concentration_additive","marginal_new_reef",77,0.0402190146857071,13636.4989537522,1.2223881936268,NA,76.2360772185699,NA
"concentration_additive","marginal_new_reef",78,0.0405077704674878,13636.4989537522,1.2223881936268,NA,76.2360772185699,NA
"concentration_additive","marginal_new_reef",79,0.0407985993955692,13636.4989537522,1.2223881936268,NA,76.2360772185699,NA
"concentration_additive","marginal_new_reef",80,0.0410915163542786,13636.4989537522,1.2223881936268,NA,76.2360772185699,NA
"concentration_additive","marginal_new_reef",81,0.0413865363348067,13636.4989537522,1.2223881936268,NA,76.2360772185699,NA
"concentration_additive","marginal_new_reef",82,0.0416836744359746,13636.4989537522,1.2223881936268,NA,76.2360772185699,NA
"concentration_additive","marginal_new_reef",83,0.0419829458650067,13636.4989537522,1.2223881936268,NA,76.2360772185699,NA
"concentration_additive","marginal_new_reef",84,0.0422843659383089,13636.4989537522,1.2223881936268,NA,76.2360772185699,NA
"concentration_additive","marginal_new_reef",85,0.0425879500822526,13636.4989537522,1.2223881936268,NA,76.2360772185699,NA
"concentration_additive","marginal_new_reef",86,0.042893713833964,13636.4989537522,1.2223881936268,NA,76.2360772185699,NA
"concentration_additive","marginal_new_reef",87,0.0432016728421196,13636.4989537522,1.2223881936268,NA,76.2360772185699,NA
"concentration_additive","marginal_new_reef",88,0.0435118428677467,13636.4989537522,1.2223881936268,NA,76.2360772185699,NA
"concentration_additive","marginal_new_reef",89,0.0438242397850303,13636.4989537522,1.2223881936268,NA,76.2360772185699,NA
"concentration_additive","marginal_new_reef",90,0.0441388795821253,13636.4989537522,1.2223881936268,NA,76.2360772185699,NA
"concentration_additive","marginal_new_reef",91,0.0444557783619752,13636.4989537522,1.2223881936268,NA,76.2360772185699,NA
"concentration_additive","marginal_new_reef",92,0.0447749523431355,13636.4989537522,1.2223881936268,NA,76.2360772185699,NA
"concentration_additive","marginal_new_reef",93,0.0450964178606046,13636.4989537522,1.2223881936268,NA,76.2360772185699,NA
"concentration_additive","marginal_new_reef",94,0.0454201913666591,13636.4989537522,1.2223881936268,NA,76.2360772185699,NA
"concentration_additive","marginal_new_reef",95,0.0457462894316963,13636.4989537522,1.2223881936268,NA,76.2360772185699,NA
"concentration_additive","marginal_new_reef",96,0.0460747287450818,13636.4989537522,1.2223881936268,NA,76.2360772185699,NA
"concentration_additive","marginal_new_reef",97,0.0464055261160043,13636.4989537522,1.2223881936268,NA,76.2360772185699,NA
"concentration_additive","marginal_new_reef",98,0.0467386984743349,13636.4989537522,1.2223881936268,NA,76.2360772185699,NA
"concentration_additive","marginal_new_reef",99,0.0470742628714948,13636.4989537522,1.2223881936268,NA,76.2360772185699,NA
"concentration_additive","marginal_new_reef",100,0.0474122364813267,13636.4989537522,1.2223881936268,NA,76.2360772185699,NA
"concentration_distance","conditional_typical_reef",0,0.0096971305334275,13613.3132992562,1.18636358997938,81.1312480431437,NA,NA
"concentration_distance","conditional_typical_reef",1,0.00978404083007577,13613.3132992562,1.18636358997938,81.1312480431437,NA,NA
"concentration_distance","conditional_typical_reef",2,0.00987173005814477,13613.3132992562,1.18636358997938,81.1312480431437,NA,NA
"concentration_distance","conditional_typical_reef",3,0.00996020519878842,13613.3132992562,1.18636358997938,81.1312480431437,NA,NA
"concentration_distance","conditional_typical_reef",4,0.0100494732957291,13613.3132992562,1.18636358997938,81.1312480431437,NA,NA
"concentration_distance","conditional_typical_reef",5,0.0101395414558183,13613.3132992562,1.18636358997938,81.1312480431437,NA,NA
"concentration_distance","conditional_typical_reef",6,0.0102304168496025,13613.3132992562,1.18636358997938,81.1312480431437,NA,NA
"concentration_distance","conditional_typical_reef",7,0.0103221067118942,13613.3132992562,1.18636358997938,81.1312480431437,NA,NA
"concentration_distance","conditional_typical_reef",8,0.0104146183423475,13613.3132992562,1.18636358997938,81.1312480431437,NA,NA
"concentration_distance","conditional_typical_reef",9,0.0105079591060396,13613.3132992562,1.18636358997938,81.1312480431437,NA,NA
"concentration_distance","conditional_typical_reef",10,0.0106021364340569,13613.3132992562,1.18636358997938,81.1312480431437,NA,NA
"concentration_distance","conditional_typical_reef",11,0.010697157824087,13613.3132992562,1.18636358997938,81.1312480431437,NA,NA
"concentration_distance","conditional_typical_reef",12,0.010793030841015,13613.3132992562,1.18636358997938,81.1312480431437,NA,NA
"concentration_distance","conditional_typical_reef",13,0.0108897631175264,13613.3132992562,1.18636358997938,81.1312480431437,NA,NA
"concentration_distance","conditional_typical_reef",14,0.0109873623547142,13613.3132992562,1.18636358997938,81.1312480431437,NA,NA
"concentration_distance","conditional_typical_reef",15,0.0110858363226925,13613.3132992562,1.18636358997938,81.1312480431437,NA,NA
"concentration_distance","conditional_typical_reef",16,0.0111851928612147,13613.3132992562,1.18636358997938,81.1312480431437,NA,NA
"concentration_distance","conditional_typical_reef",17,0.0112854398802979,13613.3132992562,1.18636358997938,81.1312480431437,NA,NA
"concentration_distance","conditional_typical_reef",18,0.0113865853608523,13613.3132992562,1.18636358997938,81.1312480431437,NA,NA
"concentration_distance","conditional_typical_reef",19,0.0114886373553172,13613.3132992562,1.18636358997938,81.1312480431437,NA,NA
"concentration_distance","conditional_typical_reef",20,0.0115916039883014,13613.3132992562,1.18636358997938,81.1312480431437,NA,NA
"concentration_distance","conditional_typical_reef",21,0.0116954934572303,13613.3132992562,1.18636358997938,81.1312480431437,NA,NA
"concentration_distance","conditional_typical_reef",22,0.0118003140329987,13613.3132992562,1.18636358997938,81.1312480431437,NA,NA
"concentration_distance","conditional_typical_reef",23,0.0119060740606291,13613.3132992562,1.18636358997938,81.1312480431437,NA,NA
"concentration_distance","conditional_typical_reef",24,0.0120127819599359,13613.3132992562,1.18636358997938,81.1312480431437,NA,NA
"concentration_distance","conditional_typical_reef",25,0.0121204462261959,13613.3132992562,1.18636358997938,81.1312480431437,NA,NA
"concentration_distance","conditional_typical_reef",26,0.0122290754308247,13613.3132992562,1.18636358997938,81.1312480431437,NA,NA
"concentration_distance","conditional_typical_reef",27,0.012338678222059,13613.3132992562,1.18636358997938,81.1312480431437,NA,NA
"concentration_distance","conditional_typical_reef",28,0.012449263325645,13613.3132992562,1.18636358997938,81.1312480431437,NA,NA
"concentration_distance","conditional_typical_reef",29,0.0125608395455334,13613.3132992562,1.18636358997938,81.1312480431437,NA,NA
"concentration_distance","conditional_typical_reef",30,0.0126734157645799,13613.3132992562,1.18636358997938,81.1312480431437,NA,NA
"concentration_distance","conditional_typical_reef",31,0.0127870009452526,13613.3132992562,1.18636358997938,81.1312480431437,NA,NA
"concentration_distance","conditional_typical_reef",32,0.0129016041303456,13613.3132992562,1.18636358997938,81.1312480431437,NA,NA
"concentration_distance","conditional_typical_reef",33,0.0130172344436988,13613.3132992562,1.18636358997938,81.1312480431437,NA,NA
"concentration_distance","conditional_typical_reef",34,0.0131339010909242,13613.3132992562,1.18636358997938,81.1312480431437,NA,NA
"concentration_distance","conditional_typical_reef",35,0.0132516133601389,13613.3132992562,1.18636358997938,81.1312480431437,NA,NA
"concentration_distance","conditional_typical_reef",36,0.0133703806227046,13613.3132992562,1.18636358997938,81.1312480431437,NA,NA
"concentration_distance","conditional_typical_reef",37,0.0134902123339736,13613.3132992562,1.18636358997938,81.1312480431437,NA,NA
"concentration_distance","conditional_typical_reef",38,0.0136111180340415,13613.3132992562,1.18636358997938,81.1312480431437,NA,NA
"concentration_distance","conditional_typical_reef",39,0.0137331073485068,13613.3132992562,1.18636358997938,81.1312480431437,NA,NA
"concentration_distance","conditional_typical_reef",40,0.0138561899892371,13613.3132992562,1.18636358997938,81.1312480431437,NA,NA
"concentration_distance","conditional_typical_reef",41,0.0139803757551426,13613.3132992562,1.18636358997938,81.1312480431437,NA,NA
"concentration_distance","conditional_typical_reef",42,0.0141056745329558,13613.3132992562,1.18636358997938,81.1312480431437,NA,NA
"concentration_distance","conditional_typical_reef",43,0.0142320962980189,13613.3132992562,1.18636358997938,81.1312480431437,NA,NA
"concentration_distance","conditional_typical_reef",44,0.0143596511150778,13613.3132992562,1.18636358997938,81.1312480431437,NA,NA
"concentration_distance","conditional_typical_reef",45,0.0144883491390834,13613.3132992562,1.18636358997938,81.1312480431437,NA,NA
"concentration_distance","conditional_typical_reef",46,0.0146182006160003,13613.3132992562,1.18636358997938,81.1312480431437,NA,NA
"concentration_distance","conditional_typical_reef",47,0.0147492158836221,13613.3132992562,1.18636358997938,81.1312480431437,NA,NA
"concentration_distance","conditional_typical_reef",48,0.0148814053723947,13613.3132992562,1.18636358997938,81.1312480431437,NA,NA
"concentration_distance","conditional_typical_reef",49,0.0150147796062466,13613.3132992562,1.18636358997938,81.1312480431437,NA,NA
"concentration_distance","conditional_typical_reef",50,0.0151493492034268,13613.3132992562,1.18636358997938,81.1312480431437,NA,NA
"concentration_distance","conditional_typical_reef",51,0.01528512487735,13613.3132992562,1.18636358997938,81.1312480431437,NA,NA
"concentration_distance","conditional_typical_reef",52,0.0154221174374499,13613.3132992562,1.18636358997938,81.1312480431437,NA,NA
"concentration_distance","conditional_typical_reef",53,0.015560337790039,13613.3132992562,1.18636358997938,81.1312480431437,NA,NA
"concentration_distance","conditional_typical_reef",54,0.0156997969391778,13613.3132992562,1.18636358997938,81.1312480431437,NA,NA
"concentration_distance","conditional_typical_reef",55,0.0158405059875501,13613.3132992562,1.18636358997938,81.1312480431437,NA,NA
"concentration_distance","conditional_typical_reef",56,0.0159824761373476,13613.3132992562,1.18636358997938,81.1312480431437,NA,NA
"concentration_distance","conditional_typical_reef",57,0.0161257186911611,13613.3132992562,1.18636358997938,81.1312480431437,NA,NA
"concentration_distance","conditional_typical_reef",58,0.0162702450528806,13613.3132992562,1.18636358997938,81.1312480431437,NA,NA
"concentration_distance","conditional_typical_reef",59,0.0164160667286032,13613.3132992562,1.18636358997938,81.1312480431437,NA,NA
"concentration_distance","conditional_typical_reef",60,0.0165631953275493,13613.3132992562,1.18636358997938,81.1312480431437,NA,NA
"concentration_distance","conditional_typical_reef",61,0.0167116425629865,13613.3132992562,1.18636358997938,81.1312480431437,NA,NA
"concentration_distance","conditional_typical_reef",62,0.0168614202531621,13613.3132992562,1.18636358997938,81.1312480431437,NA,NA
"concentration_distance","conditional_typical_reef",63,0.0170125403222446,13613.3132992562,1.18636358997938,81.1312480431437,NA,NA
"concentration_distance","conditional_typical_reef",64,0.0171650148012722,13613.3132992562,1.18636358997938,81.1312480431437,NA,NA
"concentration_distance","conditional_typical_reef",65,0.0173188558291111,13613.3132992562,1.18636358997938,81.1312480431437,NA,NA
"concentration_distance","conditional_typical_reef",66,0.0174740756534218,13613.3132992562,1.18636358997938,81.1312480431437,NA,NA
"concentration_distance","conditional_typical_reef",67,0.0176306866316341,13613.3132992562,1.18636358997938,81.1312480431437,NA,NA
"concentration_distance","conditional_typical_reef",68,0.0177887012319312,13613.3132992562,1.18636358997938,81.1312480431437,NA,NA
"concentration_distance","conditional_typical_reef",69,0.0179481320342417,13613.3132992562,1.18636358997938,81.1312480431437,NA,NA
"concentration_distance","conditional_typical_reef",70,0.0181089917312419,13613.3132992562,1.18636358997938,81.1312480431437,NA,NA
"concentration_distance","conditional_typical_reef",71,0.0182712931293656,13613.3132992562,1.18636358997938,81.1312480431437,NA,NA
"concentration_distance","conditional_typical_reef",72,0.0184350491498241,13613.3132992562,1.18636358997938,81.1312480431437,NA,NA
"concentration_distance","conditional_typical_reef",73,0.0186002728296346,13613.3132992562,1.18636358997938,81.1312480431437,NA,NA
"concentration_distance","conditional_typical_reef",74,0.0187669773226586,13613.3132992562,1.18636358997938,81.1312480431437,NA,NA
"concentration_distance","conditional_typical_reef",75,0.0189351759006483,13613.3132992562,1.18636358997938,81.1312480431437,NA,NA
"concentration_distance","conditional_typical_reef",76,0.019104881954304,13613.3132992562,1.18636358997938,81.1312480431437,NA,NA
"concentration_distance","conditional_typical_reef",77,0.0192761089943398,13613.3132992562,1.18636358997938,81.1312480431437,NA,NA
"concentration_distance","conditional_typical_reef",78,0.0194488706525589,13613.3132992562,1.18636358997938,81.1312480431437,NA,NA
"concentration_distance","conditional_typical_reef",79,0.0196231806829396,13613.3132992562,1.18636358997938,81.1312480431437,NA,NA
"concentration_distance","conditional_typical_reef",80,0.0197990529627298,13613.3132992562,1.18636358997938,81.1312480431437,NA,NA
"concentration_distance","conditional_typical_reef",81,0.0199765014935517,13613.3132992562,1.18636358997938,81.1312480431437,NA,NA
"concentration_distance","conditional_typical_reef",82,0.020155540402517,13613.3132992562,1.18636358997938,81.1312480431437,NA,NA
"concentration_distance","conditional_typical_reef",83,0.0203361839433511,13613.3132992562,1.18636358997938,81.1312480431437,NA,NA
"concentration_distance","conditional_typical_reef",84,0.0205184464975281,13613.3132992562,1.18636358997938,81.1312480431437,NA,NA
"concentration_distance","conditional_typical_reef",85,0.0207023425754157,13613.3132992562,1.18636358997938,81.1312480431437,NA,NA
"concentration_distance","conditional_typical_reef",86,0.0208878868174305,13613.3132992562,1.18636358997938,81.1312480431437,NA,NA
"concentration_distance","conditional_typical_reef",87,0.0210750939952034,13613.3132992562,1.18636358997938,81.1312480431437,NA,NA
"concentration_distance","conditional_typical_reef",88,0.0212639790127557,13613.3132992562,1.18636358997938,81.1312480431437,NA,NA
"concentration_distance","conditional_typical_reef",89,0.0214545569076856,13613.3132992562,1.18636358997938,81.1312480431437,NA,NA
"concentration_distance","conditional_typical_reef",90,0.0216468428523654,13613.3132992562,1.18636358997938,81.1312480431437,NA,NA
"concentration_distance","conditional_typical_reef",91,0.0218408521551496,13613.3132992562,1.18636358997938,81.1312480431437,NA,NA
"concentration_distance","conditional_typical_reef",92,0.0220366002615932,13613.3132992562,1.18636358997938,81.1312480431437,NA,NA
"concentration_distance","conditional_typical_reef",93,0.0222341027556817,13613.3132992562,1.18636358997938,81.1312480431437,NA,NA
"concentration_distance","conditional_typical_reef",94,0.0224333753610719,13613.3132992562,1.18636358997938,81.1312480431437,NA,NA
"concentration_distance","conditional_typical_reef",95,0.0226344339423431,13613.3132992562,1.18636358997938,81.1312480431437,NA,NA
"concentration_distance","conditional_typical_reef",96,0.0228372945062608,13613.3132992562,1.18636358997938,81.1312480431437,NA,NA
"concentration_distance","conditional_typical_reef",97,0.0230419732030506,13613.3132992562,1.18636358997938,81.1312480431437,NA,NA
"concentration_distance","conditional_typical_reef",98,0.0232484863276842,13613.3132992562,1.18636358997938,81.1312480431437,NA,NA
"concentration_distance","conditional_typical_reef",99,0.0234568503211766,13613.3132992562,1.18636358997938,81.1312480431437,NA,NA
"concentration_distance","conditional_typical_reef",100,0.0236670817718949,13613.3132992562,1.18636358997938,81.1312480431437,NA,NA
"concentration_distance","marginal_new_reef",0,0.019600582874003,13613.3132992562,1.18636358997938,2.260037383547,79.9455334388807,NA
"concentration_distance","marginal_new_reef",1,0.01977625262148,13613.3132992562,1.18636358997938,2.260037383547,79.9455334388807,NA
"concentration_distance","marginal_new_reef",2,0.0199534968047978,13613.3132992562,1.18636358997938,2.260037383547,79.9455334388807,NA
"concentration_distance","marginal_new_reef",3,0.0201323295347994,13613.3132992562,1.18636358997938,2.260037383547,79.9455334388807,NA
"concentration_distance","marginal_new_reef",4,0.0203127650487959,13613.3132992562,1.18636358997938,2.260037383547,79.9455334388807,NA
"concentration_distance","marginal_new_reef",5,0.0204948177116998,13613.3132992562,1.18636358997938,2.260037383547,79.9455334388807,NA
"concentration_distance","marginal_new_reef",6,0.0206785020171689,13613.3132992562,1.18636358997938,2.260037383547,79.9455334388807,NA
"concentration_distance","marginal_new_reef",7,0.0208638325887601,13613.3132992562,1.18636358997938,2.260037383547,79.9455334388807,NA
"concentration_distance","marginal_new_reef",8,0.0210508241810933,13613.3132992562,1.18636358997938,2.260037383547,79.9455334388807,NA
"concentration_distance","marginal_new_reef",9,0.0212394916810266,13613.3132992562,1.18636358997938,2.260037383547,79.9455334388807,NA
"concentration_distance","marginal_new_reef",10,0.0214298501088413,13613.3132992562,1.18636358997938,2.260037383547,79.9455334388807,NA
"concentration_distance","marginal_new_reef",11,0.0216219146194371,13613.3132992562,1.18636358997938,2.260037383547,79.9455334388807,NA
"concentration_distance","marginal_new_reef",12,0.0218157005035397,13613.3132992562,1.18636358997938,2.260037383547,79.9455334388807,NA
"concentration_distance","marginal_new_reef",13,0.0220112231889173,13613.3132992562,1.18636358997938,2.260037383547,79.9455334388807,NA
"concentration_distance","marginal_new_reef",14,0.022208498241609,13613.3132992562,1.18636358997938,2.260037383547,79.9455334388807,NA
"concentration_distance","marginal_new_reef",15,0.0224075413671642,13613.3132992562,1.18636358997938,2.260037383547,79.9455334388807,NA
"concentration_distance","marginal_new_reef",16,0.0226083684118931,13613.3132992562,1.18636358997938,2.260037383547,79.9455334388807,NA
"concentration_distance","marginal_new_reef",17,0.0228109953641278,13613.3132992562,1.18636358997938,2.260037383547,79.9455334388807,NA
"concentration_distance","marginal_new_reef",18,0.0230154383554957,13613.3132992562,1.18636358997938,2.260037383547,79.9455334388807,NA
"concentration_distance","marginal_new_reef",19,0.0232217136622032,13613.3132992562,1.18636358997938,2.260037383547,79.9455334388807,NA
"concentration_distance","marginal_new_reef",20,0.0234298377063321,13613.3132992562,1.18636358997938,2.260037383547,79.9455334388807,NA
"concentration_distance","marginal_new_reef",21,0.0236398270571466,13613.3132992562,1.18636358997938,2.260037383547,79.9455334388807,NA
"concentration_distance","marginal_new_reef",22,0.0238516984324125,13613.3132992562,1.18636358997938,2.260037383547,79.9455334388807,NA
"concentration_distance","marginal_new_reef",23,0.0240654686997282,13613.3132992562,1.18636358997938,2.260037383547,79.9455334388807,NA
"concentration_distance","marginal_new_reef",24,0.0242811548778675,13613.3132992562,1.18636358997938,2.260037383547,79.9455334388807,NA
"concentration_distance","marginal_new_reef",25,0.0244987741381346,13613.3132992562,1.18636358997938,2.260037383547,79.9455334388807,NA
"concentration_distance","marginal_new_reef",26,0.024718343805731,13613.3132992562,1.18636358997938,2.260037383547,79.9455334388807,NA
"concentration_distance","marginal_new_reef",27,0.0249398813611351,13613.3132992562,1.18636358997938,2.260037383547,79.9455334388807,NA
"concentration_distance","marginal_new_reef",28,0.0251634044414935,13613.3132992562,1.18636358997938,2.260037383547,79.9455334388807,NA
"concentration_distance","marginal_new_reef",29,0.0253889308420252,13613.3132992562,1.18636358997938,2.260037383547,79.9455334388807,NA
"concentration_distance","marginal_new_reef",30,0.0256164785174387,13613.3132992562,1.18636358997938,2.260037383547,79.9455334388807,NA
"concentration_distance","marginal_new_reef",31,0.0258460655833609,13613.3132992562,1.18636358997938,2.260037383547,79.9455334388807,NA
"concentration_distance","marginal_new_reef",32,0.0260777103177797,13613.3132992562,1.18636358997938,2.260037383547,79.9455334388807,NA
"concentration_distance","marginal_new_reef",33,0.026311431162499,13613.3132992562,1.18636358997938,2.260037383547,79.9455334388807,NA
"concentration_distance","marginal_new_reef",34,0.0265472467246068,13613.3132992562,1.18636358997938,2.260037383547,79.9455334388807,NA
"concentration_distance","marginal_new_reef",35,0.0267851757779568,13613.3132992562,1.18636358997938,2.260037383547,79.9455334388807,NA
"concentration_distance","marginal_new_reef",36,0.027025237264663,13613.3132992562,1.18636358997938,2.260037383547,79.9455334388807,NA
"concentration_distance","marginal_new_reef",37,0.0272674502966073,13613.3132992562,1.18636358997938,2.260037383547,79.9455334388807,NA
"concentration_distance","marginal_new_reef",38,0.0275118341569617,13613.3132992562,1.18636358997938,2.260037383547,79.9455334388807,NA
"concentration_distance","marginal_new_reef",39,0.0277584083017231,13613.3132992562,1.18636358997938,2.260037383547,79.9455334388807,NA
"concentration_distance","marginal_new_reef",40,0.0280071923612622,13613.3132992562,1.18636358997938,2.260037383547,79.9455334388807,NA
"concentration_distance","marginal_new_reef",41,0.0282582061418864,13613.3132992562,1.18636358997938,2.260037383547,79.9455334388807,NA
"concentration_distance","marginal_new_reef",42,0.0285114696274168,13613.3132992562,1.18636358997938,2.260037383547,79.9455334388807,NA
"concentration_distance","marginal_new_reef",43,0.0287670029807789,13613.3132992562,1.18636358997938,2.260037383547,79.9455334388807,NA
"concentration_distance","marginal_new_reef",44,0.0290248265456079,13613.3132992562,1.18636358997938,2.260037383547,79.9455334388807,NA
"concentration_distance","marginal_new_reef",45,0.0292849608478685,13613.3132992562,1.18636358997938,2.260037383547,79.9455334388807,NA
"concentration_distance","marginal_new_reef",46,0.0295474265974887,13613.3132992562,1.18636358997938,2.260037383547,79.9455334388807,NA
"concentration_distance","marginal_new_reef",47,0.0298122446900088,13613.3132992562,1.18636358997938,2.260037383547,79.9455334388807,NA
"concentration_distance","marginal_new_reef",48,0.0300794362082448,13613.3132992562,1.18636358997938,2.260037383547,79.9455334388807,NA
"concentration_distance","marginal_new_reef",49,0.030349022423967,13613.3132992562,1.18636358997938,2.260037383547,79.9455334388807,NA
"concentration_distance","marginal_new_reef",50,0.0306210247995934,13613.3132992562,1.18636358997938,2.260037383547,79.9455334388807,NA
"concentration_distance","marginal_new_reef",51,0.0308954649898984,13613.3132992562,1.18636358997938,2.260037383547,79.9455334388807,NA
"concentration_distance","marginal_new_reef",52,0.0311723648437369,13613.3132992562,1.18636358997938,2.260037383547,79.9455334388807,NA
"concentration_distance","marginal_new_reef",53,0.0314517464057833,13613.3132992562,1.18636358997938,2.260037383547,79.9455334388807,NA
"concentration_distance","marginal_new_reef",54,0.0317336319182872,13613.3132992562,1.18636358997938,2.260037383547,79.9455334388807,NA
"concentration_distance","marginal_new_reef",55,0.0320180438228437,13613.3132992562,1.18636358997938,2.260037383547,79.9455334388807,NA
"concentration_distance","marginal_new_reef",56,0.0323050047621801,13613.3132992562,1.18636358997938,2.260037383547,79.9455334388807,NA
"concentration_distance","marginal_new_reef",57,0.0325945375819587,13613.3132992562,1.18636358997938,2.260037383547,79.9455334388807,NA
"concentration_distance","marginal_new_reef",58,0.0328866653325954,13613.3132992562,1.18636358997938,2.260037383547,79.9455334388807,NA
"concentration_distance","marginal_new_reef",59,0.033181411271095,13613.3132992562,1.18636358997938,2.260037383547,79.9455334388807,NA
"concentration_distance","marginal_new_reef",60,0.0334787988629025,13613.3132992562,1.18636358997938,2.260037383547,79.9455334388807,NA
"concentration_distance","marginal_new_reef",61,0.0337788517837714,13613.3132992562,1.18636358997938,2.260037383547,79.9455334388807,NA
"concentration_distance","marginal_new_reef",62,0.0340815939216488,13613.3132992562,1.18636358997938,2.260037383547,79.9455334388807,NA
"concentration_distance","marginal_new_reef",63,0.0343870493785765,13613.3132992562,1.18636358997938,2.260037383547,79.9455334388807,NA
"concentration_distance","marginal_new_reef",64,0.0346952424726107,13613.3132992562,1.18636358997938,2.260037383547,79.9455334388807,NA
"concentration_distance","marginal_new_reef",65,0.0350061977397573,13613.3132992562,1.18636358997938,2.260037383547,79.9455334388807,NA
"concentration_distance","marginal_new_reef",66,0.0353199399359258,13613.3132992562,1.18636358997938,2.260037383547,79.9455334388807,NA
"concentration_distance","marginal_new_reef",67,0.0356364940388997,13613.3132992562,1.18636358997938,2.260037383547,79.9455334388807,NA
"concentration_distance","marginal_new_reef",68,0.0359558852503254,13613.3132992562,1.18636358997938,2.260037383547,79.9455334388807,NA
"concentration_distance","marginal_new_reef",69,0.0362781389977185,13613.3132992562,1.18636358997938,2.260037383547,79.9455334388807,NA
"concentration_distance","marginal_new_reef",70,0.0366032809364879,13613.3132992562,1.18636358997938,2.260037383547,79.9455334388807,NA
"concentration_distance","marginal_new_reef",71,0.0369313369519786,13613.3132992562,1.18636358997938,2.260037383547,79.9455334388807,NA
"concentration_distance","marginal_new_reef",72,0.0372623331615325,13613.3132992562,1.18636358997938,2.260037383547,79.9455334388807,NA
"concentration_distance","marginal_new_reef",73,0.0375962959165672,13613.3132992562,1.18636358997938,2.260037383547,79.9455334388807,NA
"concentration_distance","marginal_new_reef",74,0.0379332518046747,13613.3132992562,1.18636358997938,2.260037383547,79.9455334388807,NA
"concentration_distance","marginal_new_reef",75,0.0382732276517371,13613.3132992562,1.18636358997938,2.260037383547,79.9455334388807,NA
"concentration_distance","marginal_new_reef",76,0.0386162505240634,13613.3132992562,1.18636358997938,2.260037383547,79.9455334388807,NA
"concentration_distance","marginal_new_reef",77,0.0389623477305433,13613.3132992562,1.18636358997938,2.260037383547,79.9455334388807,NA
"concentration_distance","marginal_new_reef",78,0.0393115468248219,13613.3132992562,1.18636358997938,2.260037383547,79.9455334388807,NA
"concentration_distance","marginal_new_reef",79,0.0396638756074932,13613.3132992562,1.18636358997938,2.260037383547,79.9455334388807,NA
"concentration_distance","marginal_new_reef",80,0.0400193621283133,13613.3132992562,1.18636358997938,2.260037383547,79.9455334388807,NA
"concentration_distance","marginal_new_reef",81,0.0403780346884337,13613.3132992562,1.18636358997938,2.260037383547,79.9455334388807,NA
"concentration_distance","marginal_new_reef",82,0.040739921842654,13613.3132992562,1.18636358997938,2.260037383547,79.9455334388807,NA
"concentration_distance","marginal_new_reef",83,0.0411050524016959,13613.3132992562,1.18636358997938,2.260037383547,79.9455334388807,NA
"concentration_distance","marginal_new_reef",84,0.0414734554344961,13613.3132992562,1.18636358997938,2.260037383547,79.9455334388807,NA
"concentration_distance","marginal_new_reef",85,0.041845160270521,13613.3132992562,1.18636358997938,2.260037383547,79.9455334388807,NA
"concentration_distance","marginal_new_reef",86,0.0422201965021019,13613.3132992562,1.18636358997938,2.260037383547,79.9455334388807,NA
"concentration_distance","marginal_new_reef",87,0.0425985939867905,13613.3132992562,1.18636358997938,2.260037383547,79.9455334388807,NA
"concentration_distance","marginal_new_reef",88,0.0429803828497359,13613.3132992562,1.18636358997938,2.260037383547,79.9455334388807,NA
"concentration_distance","marginal_new_reef",89,0.0433655934860835,13613.3132992562,1.18636358997938,2.260037383547,79.9455334388807,NA
"concentration_distance","marginal_new_reef",90,0.0437542565633939,13613.3132992562,1.18636358997938,2.260037383547,79.9455334388807,NA
"concentration_distance","marginal_new_reef",91,0.0441464030240856,13613.3132992562,1.18636358997938,2.260037383547,79.9455334388807,NA
"concentration_distance","marginal_new_reef",92,0.0445420640878973,13613.3132992562,1.18636358997938,2.260037383547,79.9455334388807,NA
"concentration_distance","marginal_new_reef",93,0.0449412712543741,13613.3132992562,1.18636358997938,2.260037383547,79.9455334388807,NA
"concentration_distance","marginal_new_reef",94,0.0453440563053748,13613.3132992562,1.18636358997938,2.260037383547,79.9455334388807,NA
"concentration_distance","marginal_new_reef",95,0.0457504513076026,13613.3132992562,1.18636358997938,2.260037383547,79.9455334388807,NA
"concentration_distance","marginal_new_reef",96,0.0461604886151576,13613.3132992562,1.18636358997938,2.260037383547,79.9455334388807,NA
"concentration_distance","marginal_new_reef",97,0.0465742008721126,13613.3132992562,1.18636358997938,2.260037383547,79.9455334388807,NA
"concentration_distance","marginal_new_reef",98,0.0469916210151124,13613.3132992562,1.18636358997938,2.260037383547,79.9455334388807,NA
"concentration_distance","marginal_new_reef",99,0.0474127822759955,13613.3132992562,1.18636358997938,2.260037383547,79.9455334388807,NA
"concentration_distance","marginal_new_reef",100,0.0478377181844399,13613.3132992562,1.18636358997938,2.260037383547,79.9455334388807,NA
