"cull_id","threshold","observed","probability"
"10249",0.02,0,0.354682385921478
"10250",0.02,0,0.354682385921478
"11187",0.02,0,0.601707875728607
"11188",0.02,0,0.601707875728607
"11189",0.02,1,0.314928203821182
"11190",0.02,1,0.314928203821182
"14801",0.02,0,0.177148833870888
"14802",0.02,0,0.177148833870888
"14803",0.02,0,0.177148833870888
"14804",0.02,0,0.177148833870888
"14805",0.02,0,0.576021254062653
"14806",0.02,0,0.576021254062653
"14807",0.02,0,0.576021254062653
"14808",0.02,0,0.576021254062653
"14809",0.02,0,0.446939766407013
"14810",0.02,0,0.446939766407013
"14811",0.02,0,0.446939766407013
"14812",0.02,0,0.446939766407013
"14813",0.02,0,0.621455073356628
"14814",0.02,0,0.621455073356628
"14815",0.02,0,0.621455073356628
"14816",0.02,0,0.621455073356628
"15121",0.02,0,0.528144717216492
"15122",0.02,0,0.290234684944153
"15123",0.02,0,0.290234684944153
"15339",0.02,0,0.604644596576691
"15340",0.02,0,0.713952302932739
"15341",0.02,1,0.896183848381042
"15342",0.02,0,0.490106612443924
"15343",0.02,0,0.896183848381042
"15344",0.02,1,0.599069714546204
"15345",0.02,0,0.552710294723511
"15346",0.02,0,0.705947577953339
"15347",0.02,0,0.644502222537994
"15348",0.02,0,0.721442639827728
"15349",0.02,0,0.484005779027939
"16260",0.02,0,0.836014151573181
"16261",0.02,0,0.588504016399384
"16262",0.02,0,0.677321434020996
"16263",0.02,0,0.890841662883759
"16264",0.02,0,0.6912761926651
"16265",0.02,1,0.574946701526642
"16266",0.02,1,0.673976242542267
"16267",0.02,1,0.862029552459717
"16268",0.02,1,0.713276326656342
"16269",0.02,1,0.570203542709351
"16270",0.02,1,0.573493599891663
"16271",0.02,1,0.796583473682404
"16272",0.02,1,0.688084006309509
"16273",0.02,1,0.621897220611572
"16274",0.02,1,0.658162653446198
"16275",0.02,1,0.794830977916718
"16276",0.02,1,0.714867532253265
"16277",0.02,1,0.766485750675201
"16278",0.02,1,0.819953978061676
"16279",0.02,1,0.856485843658447
"16280",0.02,1,0.649711489677429
"16281",0.02,1,0.754185736179352
"16282",0.02,0,0.64646327495575
"16283",0.02,1,0.755681335926056
"16284",0.02,0,0.654951155185699
"16285",0.02,1,0.82758241891861
"16286",0.02,0,0.673202812671661
"16287",0.02,0,0.831602573394775
"16288",0.02,1,0.78709614276886
"16289",0.02,1,0.784203469753265
"16290",0.02,1,0.816926777362823
"16291",0.02,0,0.72878497838974
"16292",0.02,1,0.839259803295135
"21184",0.02,0,0.854726314544678
"21344",0.02,0,0.159382313489914
"21345",0.02,0,0.159382313489914
"21346",0.02,0,0.159382313489914
"21347",0.02,0,0.159382313489914
"21348",0.02,0,0.159382313489914
"21349",0.02,1,0.159382313489914
"21350",0.02,0,0.159382313489914
"21371",0.02,0,0.254624575376511
"21372",0.02,0,0.254624575376511
"21373",0.02,1,0.254624575376511
"26356",0.02,0,0.929900884628296
"26357",0.02,1,0.929900884628296
"26358",0.02,1,0.929900884628296
"26359",0.02,0,0.929900884628296
"26360",0.02,1,0.929900884628296
"26501",0.02,0,0.939382016658783
"27944",0.02,0,0.413153439760208
"27945",0.02,0,0.413153439760208
"27946",0.02,0,0.413153439760208
"27947",0.02,0,0.413153439760208
"27948",0.02,1,0.553424477577209
"27949",0.02,1,0.434123754501343
"27950",0.02,1,0.553424477577209
"27951",0.02,1,0.434123754501343
"27952",0.02,0,0.459779649972916
"27953",0.02,0,0.387940376996994
"27954",0.02,0,0.459779649972916
"27955",0.02,0,0.387940376996994
"28153",0.02,0,0.529614210128784
"28154",0.02,1,0.411919742822647
"28155",0.02,0,0.442550003528595
"28156",0.02,1,0.529614210128784
"28157",0.02,1,0.411919742822647
"28158",0.02,1,0.442550003528595
"28159",0.02,0,0.597961127758026
"28160",0.02,0,0.607864141464233
"28161",0.02,0,0.442550003528595
"28162",0.02,0,0.59090256690979
"28163",0.02,0,0.597961127758026
"28164",0.02,0,0.607864141464233
"28165",0.02,0,0.442550003528595
"28166",0.02,0,0.59090256690979
"28319",0.02,1,0.338414520025253
"28320",0.02,0,0.316643685102463
"28321",0.02,0,0.317195415496826
"28322",0.02,0,0.446216404438019
"28323",0.02,0,0.338414520025253
"28324",0.02,0,0.316643685102463
"28325",0.02,0,0.317195415496826
"28326",0.02,0,0.446216404438019
"28327",0.02,0,0.343893855810165
"28328",0.02,0,0.343893855810165
"29074",0.02,1,0.425727844238281
"29075",0.02,1,0.389967024326324
"29076",0.02,0,0.394549995660782
"29077",0.02,1,0.425727844238281
"29078",0.02,0,0.714853465557098
"29079",0.02,0,0.398124575614929
"29163",0.02,0,0.526157200336456
"29164",0.02,1,0.602712154388428
"29165",0.02,0,0.694359242916107
"29166",0.02,0,0.724080622196198
"29169",0.02,1,0.439374685287476
"29170",0.02,0,0.693794965744019
"29171",0.02,1,0.766326308250427
"29172",0.02,1,0.541741907596588
"29366",0.02,0,0.719173610210419
"29370",0.02,0,0.719173610210419
"30460",0.02,1,0.413818448781967
"30461",0.02,0,0.335367500782013
"30462",0.02,0,0.665560364723206
"30463",0.02,1,0.721780121326447
"30464",0.02,1,0.771021485328674
"30465",0.02,0,0.387174516916275
"6195",0.02,1,0.696756184101105
"6196",0.02,0,0.514437019824982
"6197",0.02,1,0.696756184101105
"6198",0.02,1,0.696756184101105
"6199",0.02,1,0.514437019824982
"6200",0.02,1,0.696756184101105
"6201",0.02,0,0.696756184101105
"6202",0.02,1,0.696756184101105
"6203",0.02,1,0.696756184101105
"6204",0.02,1,0.514437019824982
"6205",0.02,1,0.685304164886475
"6206",0.02,1,0.501030623912811
"6207",0.02,1,0.586702466011047
"6208",0.02,1,0.501030623912811
"6209",0.02,0,0.586702466011047
"6210",0.02,0,0.586878836154938
"6211",0.02,0,0.586702466011047
"6212",0.02,0,0.586878836154938
"6213",0.02,1,0.685304164886475
"6214",0.02,1,0.501030623912811
"6215",0.02,0,0.586702466011047
"6216",0.02,0,0.501030623912811
"6217",0.02,0,0.608252048492432
"6218",0.02,0,0.608252048492432
"6219",0.02,1,0.608252048492432
"6220",0.02,0,0.608252048492432
"6221",0.02,1,0.604773223400116
"6222",0.02,1,0.518980860710144
"6223",0.02,1,0.600508153438568
"6224",0.02,1,0.600508153438568
"6225",0.02,1,0.604773223400116
"6226",0.02,1,0.518980860710144
"6227",0.02,1,0.600508153438568
"6228",0.02,1,0.600508153438568
"6345",0.02,1,0.771538496017456
"6346",0.02,1,0.632961690425873
"6347",0.02,1,0.632961690425873
"6348",0.02,1,0.771538496017456
"6349",0.02,1,0.632961690425873
"6350",0.02,1,0.632961690425873
"6351",0.02,1,0.771538496017456
"6352",0.02,1,0.608772099018097
"6353",0.02,1,0.608772099018097
"6354",0.02,1,0.771538496017456
"6355",0.02,1,0.771538496017456
"6356",0.02,1,0.608772099018097
"6357",0.02,1,0.474687963724136
"6358",0.02,1,0.474687963724136
"6359",0.02,1,0.500363767147064
"6360",0.02,1,0.500363767147064
"6361",0.02,1,0.474687963724136
"6362",0.02,1,0.474687963724136
"6363",0.02,1,0.500363767147064
"6364",0.02,1,0.500363767147064
"6365",0.02,1,0.608772099018097
"6366",0.02,1,0.771538496017456
"6472",0.02,1,0.677865147590637
"6473",0.02,1,0.677865147590637
"6474",0.02,1,0.677865147590637
"6475",0.02,0,0.429979354143143
"6476",0.02,1,0.429979354143143
"6477",0.02,1,0.429979354143143
"6478",0.02,0,0.677865147590637
"6479",0.02,1,0.429979354143143
"6480",0.02,1,0.429979354143143
"6481",0.02,1,0.429979354143143
"6482",0.02,1,0.677865147590637
"6483",0.02,1,0.677865147590637
"6484",0.02,1,0.675472140312195
"6485",0.02,1,0.427300602197647
"6486",0.02,0,0.401165008544922
"6487",0.02,0,0.535122990608215
"6488",0.02,0,0.535122990608215
"6489",0.02,0,0.401165008544922
"6490",0.02,1,0.675472140312195
"6491",0.02,1,0.427300602197647
"6492",0.02,1,0.401165008544922
"6493",0.02,1,0.535122990608215
"6494",0.02,1,0.535122990608215
"6495",0.02,1,0.401165008544922
"6496",0.02,1,0.535122990608215
"6497",0.02,0,0.535122990608215
"6498",0.02,0,0.535122990608215
"6499",0.02,1,0.455399483442307
"6500",0.02,1,0.455399483442307
"6501",0.02,1,0.535122990608215
"6502",0.02,1,0.535122990608215
"6503",0.02,1,0.535122990608215
"6504",0.02,1,0.455399483442307
"6505",0.02,1,0.455399483442307
"6597",0.02,0,0.546342194080353
"6598",0.02,1,0.546342194080353
"6599",0.02,1,0.432300597429276
"6600",0.02,1,0.432300597429276
"6601",0.02,1,0.546342194080353
"6602",0.02,1,0.432300597429276
"6603",0.02,1,0.432300597429276
"6604",0.02,1,0.432300597429276
"6605",0.02,1,0.546342194080353
"6606",0.02,1,0.432300597429276
"6607",0.02,1,0.714666903018951
"6608",0.02,1,0.714666903018951
"6609",0.02,1,0.714666903018951
"6610",0.02,1,0.714666903018951
"6611",0.02,1,0.714666903018951
"6612",0.02,1,0.714666903018951
"6736",0.02,0,0.65766042470932
"6737",0.02,1,0.374979764223099
"6738",0.02,1,0.374979764223099
"6739",0.02,0,0.65766042470932
"6740",0.02,1,0.374979764223099
"6741",0.02,1,0.374979764223099
"6742",0.02,1,0.440967530012131
"6743",0.02,1,0.440967530012131
"6744",0.02,0,0.440967530012131
"6745",0.02,0,0.440967530012131
"6746",0.02,0,0.621626913547516
"6747",0.02,0,0.621626913547516
"6748",0.02,0,0.621626913547516
"6749",0.02,0,0.621626913547516
"6784",0.02,1,0.30755478143692
"6785",0.02,0,0.30755478143692
"6786",0.02,1,0.680531561374664
"6787",0.02,1,0.648072242736816
"6788",0.02,1,0.485432624816895
"6789",0.02,1,0.485432624816895
"6790",0.02,1,0.680531561374664
"6791",0.02,0,0.648072242736816
"6792",0.02,1,0.485432624816895
"6793",0.02,1,0.485432624816895
"6794",0.02,1,0.534021139144897
"6795",0.02,1,0.534021139144897
"6796",0.02,1,0.430245220661163
"6797",0.02,1,0.465959280729294
"6798",0.02,1,0.465959280729294
"6799",0.02,0,0.534021139144897
"6800",0.02,1,0.534021139144897
"6801",0.02,1,0.430245220661163
"6802",0.02,1,0.465959280729294
"6803",0.02,1,0.465959280729294
"6804",0.02,0,0.625446915626526
"6805",0.02,1,0.625446915626526
"6806",0.02,1,0.461180329322815
"6807",0.02,1,0.461180329322815
"6808",0.02,0,0.625446915626526
"6809",0.02,1,0.625446915626526
"6810",0.02,1,0.461180329322815
"6811",0.02,1,0.461180329322815
"6812",0.02,1,0.467828691005707
"6813",0.02,1,0.567389845848083
"6814",0.02,1,0.634636223316193
"6815",0.02,1,0.634636223316193
"6816",0.02,1,0.467828691005707
"6817",0.02,1,0.567389845848083
"6928",0.02,1,0.565387666225433
"6929",0.02,0,0.565387666225433
"6930",0.02,0,0.565387666225433
"6931",0.02,1,0.565387666225433
"6932",0.02,1,0.565387666225433
"6933",0.02,1,0.764502763748169
"6934",0.02,1,0.764502763748169
"6935",0.02,1,0.764502763748169
"6936",0.02,0,0.565387666225433
"6937",0.02,1,0.764502763748169
"6938",0.02,0,0.764502763748169
"6939",0.02,1,0.764502763748169
"6940",0.02,1,0.629889965057373
"6941",0.02,1,0.629889965057373
"6942",0.02,1,0.629889965057373
"6943",0.02,1,0.629889965057373
"6944",0.02,1,0.629889965057373
"6945",0.02,1,0.629889965057373
"6946",0.02,1,0.629889965057373
"6947",0.02,1,0.629889965057373
"6948",0.02,0,0.57303386926651
"6949",0.02,0,0.611676275730133
"6950",0.02,0,0.611676275730133
"6951",0.02,1,0.611676275730133
"6952",0.02,1,0.611676275730133
"6953",0.02,0,0.57303386926651
"6954",0.02,0,0.611676275730133
"6955",0.02,0,0.611676275730133
"6956",0.02,1,0.611676275730133
"6957",0.02,1,0.611676275730133
"7089",0.02,0,0.730168998241425
"7090",0.02,0,0.730168998241425
"7091",0.02,0,0.45025223493576
"7092",0.02,1,0.45025223493576
"7093",0.02,1,0.728404879570007
"7094",0.02,0,0.728404879570007
"7095",0.02,1,0.45025223493576
"7096",0.02,0,0.45025223493576
"7097",0.02,1,0.728404879570007
"7098",0.02,0,0.728404879570007
"7099",0.02,1,0.58581268787384
"7100",0.02,1,0.58581268787384
"7101",0.02,0,0.58581268787384
"7102",0.02,1,0.58581268787384
"7103",0.02,1,0.58581268787384
"7104",0.02,1,0.58581268787384
"7229",0.02,0,0.725066840648651
"7230",0.02,0,0.725066840648651
"7231",0.02,0,0.725066840648651
"7232",0.02,0,0.725066840648651
"7233",0.02,1,0.587840020656586
"7234",0.02,1,0.587840020656586
"7235",0.02,1,0.587840020656586
"7236",0.02,1,0.587840020656586
"7237",0.02,1,0.587840020656586
"7238",0.02,1,0.377337962388992
"7239",0.02,1,0.377337962388992
"7240",0.02,1,0.377337962388992
"7241",0.02,1,0.377337962388992
"7242",0.02,1,0.377337962388992
"7243",0.02,1,0.377337962388992
"7244",0.02,1,0.377337962388992
"7245",0.02,1,0.415732532739639
"7246",0.02,1,0.415732532739639
"7247",0.02,1,0.582520723342896
"7248",0.02,1,0.415732532739639
"7249",0.02,1,0.582520723342896
"7250",0.02,1,0.582520723342896
"7251",0.02,1,0.582520723342896
"7252",0.02,1,0.731966137886047
"7253",0.02,0,0.731966137886047
"7254",0.02,0,0.587840020656586
"7255",0.02,0,0.377337962388992
"7256",0.02,1,0.415732532739639
"7257",0.02,1,0.582520723342896
"7258",0.02,1,0.463320672512054
"7259",0.02,1,0.463320672512054
"7260",0.02,1,0.582520723342896
"7261",0.02,1,0.463320672512054
"7262",0.02,1,0.463320672512054
"7398",0.02,1,0.364466637372971
"7399",0.02,1,0.364466637372971
"7400",0.02,1,0.287945061922073
"7401",0.02,1,0.287945061922073
"7402",0.02,1,0.287945061922073
"7403",0.02,1,0.364466637372971
"7404",0.02,1,0.364466637372971
"7405",0.02,1,0.287945061922073
"7406",0.02,1,0.287945061922073
"7407",0.02,1,0.287945061922073
"7408",0.02,1,0.318845838308334
"7409",0.02,1,0.318845838308334
"7410",0.02,1,0.478134721517563
"7411",0.02,1,0.478134721517563
"7412",0.02,1,0.318845838308334
"7413",0.02,1,0.318845838308334
"7414",0.02,1,0.478134721517563
"7415",0.02,1,0.478134721517563
"7416",0.02,1,0.478134721517563
"7417",0.02,1,0.503775298595428
"7418",0.02,0,0.407711297273636
"7419",0.02,1,0.478134721517563
"7420",0.02,1,0.503775298595428
"7421",0.02,0,0.407711297273636
"7422",0.02,1,0.510365724563599
"7423",0.02,1,0.414093673229218
"7424",0.02,1,0.510365724563599
"7425",0.02,0,0.414093673229218
"7567",0.02,0,0.41329300403595
"7568",0.02,0,0.41329300403595
"7569",0.02,0,0.41329300403595
"7570",0.02,1,0.41329300403595
"7571",0.02,1,0.259587585926056
"7572",0.02,1,0.259587585926056
"7573",0.02,1,0.291612178087234
"7574",0.02,1,0.259587585926056
"7575",0.02,1,0.259587585926056
"7576",0.02,1,0.259587585926056
"7577",0.02,1,0.291612178087234
"7578",0.02,1,0.259587585926056
"7579",0.02,1,0.291612178087234
"7580",0.02,1,0.291612178087234
"7581",0.02,1,0.453308194875717
"7582",0.02,1,0.453308194875717
"7583",0.02,1,0.291612178087234
"7584",0.02,1,0.291612178087234
"7585",0.02,1,0.453308194875717
"7586",0.02,1,0.453308194875717
"7587",0.02,1,0.451225221157074
"7588",0.02,1,0.465749889612198
"7589",0.02,1,0.412129610776901
"7590",0.02,1,0.451225221157074
"7591",0.02,1,0.465749889612198
"7592",0.02,1,0.412129610776901
"10270",0.02,1,0.806683778762817
"10271",0.02,1,0.806683778762817
"10272",0.02,1,0.829276502132416
"10273",0.02,1,0.829276502132416
"10274",0.02,1,0.843085587024689
"10275",0.02,1,0.741905927658081
"10276",0.02,1,0.898459196090698
"10277",0.02,1,0.741905927658081
"10428",0.02,1,0.879672884941101
"10429",0.02,1,0.879672884941101
"10642",0.02,1,0.772908806800842
"10643",0.02,1,0.679021120071411
"10644",0.02,1,0.853425443172455
"10645",0.02,1,0.679021120071411
"10799",0.02,1,0.897468268871307
"10800",0.02,1,0.773783922195435
"10801",0.02,1,0.730996251106262
"10802",0.02,1,0.730996251106262
"10803",0.02,1,0.829695641994476
"10804",0.02,1,0.849464595317841
"10805",0.02,1,0.843190014362335
"10806",0.02,1,0.843190014362335
"10900",0.02,1,0.856521666049957
"10901",0.02,1,0.701651155948639
"10902",0.02,1,0.791437923908234
"10903",0.02,1,0.701651155948639
"11026",0.02,1,0.731744706630707
"11027",0.02,1,0.731744706630707
"11028",0.02,1,0.543440282344818
"11029",0.02,1,0.543440282344818
"11030",0.02,1,0.786308586597443
"11031",0.02,1,0.599725067615509
"11032",0.02,1,0.716544151306152
"11033",0.02,1,0.599725067615509
"14148",0.02,1,0.714813828468323
"14149",0.02,1,0.714813828468323
"14150",0.02,0,0.604816377162933
"14151",0.02,1,0.604816377162933
"14156",0.02,1,0.837084352970123
"14157",0.02,1,0.837084352970123
"14158",0.02,1,0.877844452857971
"14159",0.02,1,0.877844452857971
"14233",0.02,1,0.904033303260803
"14234",0.02,1,0.904033303260803
"14235",0.02,1,0.754494845867157
"14236",0.02,1,0.754494845867157
"14237",0.02,1,0.328850746154785
"14238",0.02,1,0.328850746154785
"14239",0.02,1,0.371226102113724
"14240",0.02,1,0.371226102113724
"14241",0.02,1,0.384826838970184
"14379",0.02,1,0.719700336456299
"14380",0.02,1,0.293476074934006
"14381",0.02,1,0.293476074934006
"14382",0.02,1,0.881686985492706
"14383",0.02,1,0.719700336456299
"14384",0.02,1,0.293476074934006
"14385",0.02,1,0.293476074934006
"14386",0.02,1,0.293476074934006
"14387",0.02,1,0.881686985492706
"14388",0.02,1,0.293476074934006
"14389",0.02,1,0.881686985492706
"14390",0.02,1,0.719700336456299
"14391",0.02,1,0.32588067650795
"14392",0.02,1,0.32588067650795
"14393",0.02,1,0.881686985492706
"14394",0.02,1,0.719700336456299
"14395",0.02,0,0.32588067650795
"14396",0.02,1,0.32588067650795
"14397",0.02,0,0.373888194561005
"14398",0.02,0,0.373888194561005
"14783",0.02,1,0.773783922195435
"14784",0.02,1,0.773783922195435
"14785",0.02,1,0.367030113935471
"14786",0.02,1,0.367030113935471
"14787",0.02,1,0.773783922195435
"14788",0.02,1,0.773783922195435
"14789",0.02,1,0.367030113935471
"14790",0.02,1,0.367030113935471
"14791",0.02,1,0.773783922195435
"14792",0.02,1,0.773783922195435
"14793",0.02,1,0.367030113935471
"14794",0.02,1,0.367030113935471
"14795",0.02,1,0.773783922195435
"14796",0.02,1,0.367030113935471
"14797",0.02,1,0.367030113935471
"14798",0.02,1,0.773783922195435
"14864",0.02,1,0.897468268871307
"14865",0.02,1,0.897468268871307
"14866",0.02,1,0.897468268871307
"14867",0.02,1,0.773783922195435
"14946",0.02,1,0.698529899120331
"14947",0.02,1,0.910348474979401
"14948",0.02,1,0.698529899120331
"14949",0.02,1,0.910348474979401
"14950",0.02,0,0.910348474979401
"14951",0.02,1,0.910348474979401
"14952",0.02,0,0.328132212162018
"14953",0.02,1,0.328132212162018
"14958",0.02,1,0.682112753391266
"14959",0.02,1,0.29560187458992
"14960",0.02,1,0.29560187458992
"14961",0.02,1,0.841178178787231
"14962",0.02,1,0.682112753391266
"14963",0.02,1,0.841178178787231
"14964",0.02,1,0.841178178787231
"14965",0.02,1,0.29560187458992
"14966",0.02,1,0.785306215286255
"14967",0.02,1,0.682112753391266
"14968",0.02,1,0.841178178787231
"14969",0.02,1,0.841178178787231
"14970",0.02,1,0.29560187458992
"14971",0.02,1,0.785306215286255
"14972",0.02,1,0.277444273233414
"14973",0.02,1,0.277444273233414
"14974",0.02,0,0.517383098602295
"14975",0.02,1,0.277444273233414
"14976",0.02,1,0.277444273233414
"14977",0.02,0,0.517383098602295
"14978",0.02,1,0.277444273233414
"14979",0.02,1,0.277444273233414
"14980",0.02,1,0.517383098602295
"14981",0.02,0,0.277444273233414
"14982",0.02,1,0.277444273233414
"14983",0.02,1,0.517383098602295
"14988",0.02,0,0.219872653484344
"14989",0.02,0,0.219872653484344
"14990",0.02,1,0.442657440900803
"14991",0.02,1,0.442657440900803
"14995",0.02,0,0.442657440900803
"14996",0.02,0,0.442657440900803
"14997",0.02,1,0.442657440900803
"14998",0.02,1,0.442657440900803
"14999",0.02,0,0.442657440900803
"15193",0.02,1,0.626847445964813
"15194",0.02,1,0.626847445964813
"15195",0.02,1,0.231919080018997
"15196",0.02,1,0.231919080018997
"15197",0.02,1,0.79255622625351
"15198",0.02,1,0.233421608805656
"15199",0.02,1,0.233421608805656
"15200",0.02,1,0.233421608805656
"15201",0.02,1,0.233421608805656
"15397",0.02,0,0.682250797748566
"15398",0.02,1,0.832069098949432
"15399",0.02,1,0.27275887131691
"15400",0.02,1,0.27275887131691
"15402",0.02,1,0.335370033979416
"15403",0.02,1,0.27275887131691
"15404",0.02,1,0.665371835231781
"15405",0.02,1,0.665371835231781
"15406",0.02,1,0.75250256061554
"15446",0.02,1,0.868390619754791
"15447",0.02,1,0.868390619754791
"15448",0.02,1,0.804393827915192
"15449",0.02,0,0.804393827915192
"15450",0.02,1,0.868390619754791
"15451",0.02,1,0.868390619754791
"15452",0.02,1,0.804393827915192
"15453",0.02,1,0.804393827915192
"15454",0.02,0,0.44340392947197
"15455",0.02,1,0.44340392947197
"15456",0.02,1,0.517321884632111
"15457",0.02,1,0.811654210090637
"15458",0.02,1,0.811654210090637
"15459",0.02,1,0.44340392947197
"15460",0.02,1,0.44340392947197
"15461",0.02,1,0.517321884632111
"15462",0.02,1,0.811654210090637
"15463",0.02,1,0.811654210090637
"15464",0.02,0,0.447982370853424
"15465",0.02,1,0.447982370853424
"15466",0.02,1,0.447982370853424
"15467",0.02,1,0.447982370853424
"15679",0.02,1,0.805806398391724
"15680",0.02,1,0.805806398391724
"15681",0.02,1,0.805806398391724
"15682",0.02,0,0.805806398391724
"15684",0.02,1,0.240676030516624
"15685",0.02,1,0.240676030516624
"15686",0.02,1,0.240676030516624
"15687",0.02,0,0.300913155078888
"15688",0.02,0,0.240676030516624
"15689",0.02,1,0.240676030516624
"15690",0.02,1,0.240676030516624
"15691",0.02,1,0.240676030516624
"15692",0.02,1,0.300913155078888
"15693",0.02,0,0.300913155078888
"15694",0.02,0,0.300913155078888
"15695",0.02,1,0.240676030516624
"15696",0.02,1,0.240676030516624
"15697",0.02,1,0.800834774971008
"15698",0.02,1,0.240676030516624
"15699",0.02,1,0.800834774971008
"15823",0.02,1,0.800834774971008
"15824",0.02,1,0.800834774971008
"15825",0.02,1,0.800834774971008
"15826",0.02,1,0.631621181964874
"15827",0.02,1,0.240676030516624
"15828",0.02,0,0.240676030516624
"15829",0.02,1,0.800834774971008
"15830",0.02,0,0.631621181964874
"15831",0.02,1,0.240676030516624
"15832",0.02,0,0.240676030516624
"16300",0.02,1,0.442657440900803
"16301",0.02,1,0.442657440900803
"16302",0.02,1,0.841178178787231
"16303",0.02,1,0.682112753391266
"16304",0.02,1,0.29560187458992
"16305",0.02,1,0.29560187458992
"16306",0.02,1,0.442657440900803
"16307",0.02,1,0.335370033979416
"16994",0.02,0,0.846557378768921
"16995",0.02,0,0.834603667259216
"16996",0.02,0,0.761575877666473
"16998",0.02,0,0.81536990404129
"16999",0.02,1,0.90401953458786
"17000",0.02,1,0.755915224552155
"17001",0.02,1,0.344047039747238
"17002",0.02,1,0.855852842330933
"17003",0.02,0,0.855852842330933
"17004",0.02,0,0.421917229890823
"17005",0.02,1,0.756008207798004
"17006",0.02,1,0.745682895183563
"17007",0.02,0,0.422493129968643
"17034",0.02,1,0.725644171237946
"17035",0.02,1,0.761575877666473
"17036",0.02,0,0.812726378440857
"17037",0.02,1,0.823667764663696
"17211",0.02,0,0.235205292701721
"17213",0.02,1,0.641072690486908
"17214",0.02,1,0.741600751876831
"17344",0.02,0,0.727253496646881
"17791",0.02,1,0.877394378185272
"17792",0.02,1,0.713401794433594
"18443",0.02,1,0.934427738189697
"18444",0.02,1,0.934427738189697
"18445",0.02,1,0.824596762657166
"18447",0.02,1,0.395964324474335
"18448",0.02,1,0.395964324474335
"18449",0.02,1,0.888564169406891
"18450",0.02,1,0.888564169406891
"18451",0.02,1,0.395964324474335
"18452",0.02,1,0.395964324474335
"18453",0.02,1,0.888564169406891
"18454",0.02,1,0.888564169406891
"18455",0.02,1,0.888564169406891
"18456",0.02,0,0.888564169406891
"18457",0.02,1,0.888564169406891
"18458",0.02,1,0.888564169406891
"18459",0.02,1,0.888564169406891
"18460",0.02,1,0.888564169406891
"18461",0.02,1,0.888564169406891
"18462",0.02,1,0.888564169406891
"18463",0.02,1,0.888564169406891
"18464",0.02,0,0.888564169406891
"18529",0.02,1,0.824596762657166
"18737",0.02,1,0.62500411272049
"18738",0.02,1,0.62500411272049
"18739",0.02,1,0.62500411272049
"18740",0.02,0,0.62500411272049
"18741",0.02,1,0.876753389835358
"18742",0.02,0,0.876753389835358
"18743",0.02,1,0.649055480957031
"18744",0.02,1,0.649055480957031
"18745",0.02,1,0.876753389835358
"18746",0.02,1,0.876753389835358
"18747",0.02,1,0.876753389835358
"18748",0.02,1,0.876753389835358
"18749",0.02,1,0.876753389835358
"18750",0.02,1,0.876753389835358
"18947",0.02,1,0.686264395713806
"18948",0.02,1,0.686264395713806
"18949",0.02,1,0.686264395713806
"18950",0.02,1,0.676389157772064
"18951",0.02,1,0.686264395713806
"18952",0.02,1,0.686264395713806
"18953",0.02,1,0.676389157772064
"18954",0.02,1,0.686264395713806
"18955",0.02,1,0.680993676185608
"18956",0.02,1,0.680993676185608
"18957",0.02,1,0.671032011508942
"18958",0.02,0,0.810055494308472
"18959",0.02,1,0.810055494308472
"18960",0.02,1,0.671032011508942
"18961",0.02,1,0.680993676185608
"18962",0.02,1,0.680993676185608
"18963",0.02,0,0.671032011508942
"18964",0.02,1,0.810055494308472
"18965",0.02,1,0.810055494308472
"18966",0.02,0,0.671032011508942
"18967",0.02,1,0.205916494131088
"18968",0.02,1,0.810593903064728
"18969",0.02,1,0.810593903064728
"18970",0.02,1,0.810593903064728
"18971",0.02,1,0.810593903064728
"18972",0.02,1,0.205916494131088
"18973",0.02,1,0.205916494131088
"18974",0.02,1,0.810593903064728
"18975",0.02,1,0.810593903064728
"18976",0.02,1,0.810593903064728
"18977",0.02,1,0.205916494131088
"18978",0.02,0,0.810593903064728
"18979",0.02,1,0.822202086448669
"18980",0.02,1,0.822202086448669
"18981",0.02,1,0.822202086448669
"18982",0.02,1,0.486397355794907
"18983",0.02,1,0.822202086448669
"18984",0.02,1,0.822202086448669
"18985",0.02,1,0.822202086448669
"18986",0.02,1,0.822202086448669
"18987",0.02,1,0.486397355794907
"18988",0.02,1,0.822202086448669
"18989",0.02,1,0.808564782142639
"18990",0.02,1,0.879672884941101
"18991",0.02,1,0.66889613866806
"18992",0.02,1,0.66889613866806
"18993",0.02,1,0.808564782142639
"18994",0.02,1,0.66889613866806
"18995",0.02,1,0.879672884941101
"18996",0.02,1,0.66889613866806
"18997",0.02,0,0.66889613866806
"18998",0.02,1,0.66889613866806
"18999",0.02,1,0.808564782142639
"19000",0.02,1,0.66889613866806
"19001",0.02,0,0.808564782142639
"19002",0.02,1,0.808564782142639
"19003",0.02,1,0.66889613866806
"19004",0.02,0,0.808564782142639
"19120",0.02,0,0.780838251113892
"19121",0.02,1,0.780838251113892
"19122",0.02,1,0.628397703170776
"19123",0.02,1,0.628397703170776
"19124",0.02,1,0.780838251113892
"19125",0.02,1,0.780838251113892
"19126",0.02,1,0.628397703170776
"19127",0.02,1,0.780838251113892
"19128",0.02,1,0.628397703170776
"19129",0.02,1,0.854198276996613
"19130",0.02,1,0.780838251113892
"19131",0.02,1,0.628397703170776
"19132",0.02,0,0.628397703170776
"19133",0.02,1,0.780838251113892
"19134",0.02,1,0.628397703170776
"19135",0.02,1,0.854198276996613
"19136",0.02,1,0.780838251113892
"19137",0.02,0,0.628397703170776
"19138",0.02,1,0.628397703170776
"19139",0.02,1,0.637526214122772
"19140",0.02,1,0.637526214122772
"19141",0.02,1,0.626950800418854
"19142",0.02,1,0.626950800418854
"19143",0.02,1,0.637526214122772
"19144",0.02,1,0.637526214122772
"19145",0.02,1,0.626950800418854
"19146",0.02,1,0.626950800418854
"19147",0.02,1,0.448449105024338
"19148",0.02,0,0.804632663726807
"19149",0.02,1,0.804632663726807
"19150",0.02,0,0.804632663726807
"19151",0.02,0,0.804632663726807
"19152",0.02,1,0.448449105024338
"19153",0.02,1,0.804632663726807
"19154",0.02,0,0.804632663726807
"19155",0.02,1,0.804632663726807
"19156",0.02,1,0.804632663726807
"19157",0.02,1,0.787961900234222
"19158",0.02,1,0.787961900234222
"19159",0.02,1,0.17608530819416
"19160",0.02,1,0.17608530819416
"19161",0.02,1,0.17608530819416
"19162",0.02,1,0.787961900234222
"19163",0.02,0,0.787961900234222
"19164",0.02,1,0.787961900234222
"19165",0.02,1,0.787961900234222
"19166",0.02,1,0.787961900234222
"19167",0.02,0,0.9242302775383
"19168",0.02,1,0.9242302775383
"19169",0.02,1,0.9242302775383
"19170",0.02,1,0.9242302775383
"19632",0.02,1,0.920271992683411
"19633",0.02,0,0.784898400306702
"19634",0.02,0,0.920271992683411
"19635",0.02,0,0.784898400306702
"19636",0.02,1,0.920271992683411
"19637",0.02,1,0.819299042224884
"19638",0.02,1,0.784898400306702
"19639",0.02,1,0.784898400306702
"19640",0.02,1,0.920271992683411
"19641",0.02,1,0.819299042224884
"19642",0.02,1,0.784898400306702
"19643",0.02,1,0.784898400306702
"19775",0.02,1,0.754494845867157
"19776",0.02,1,0.754494845867157
"19777",0.02,1,0.754494845867157
"19778",0.02,0,0.754494845867157
"19779",0.02,1,0.754494845867157
"19780",0.02,0,0.754494845867157
"19781",0.02,1,0.847401320934296
"19782",0.02,1,0.847401320934296
"19783",0.02,1,0.847401320934296
"19784",0.02,0,0.847401320934296
"19785",0.02,1,0.401385843753815
"19786",0.02,0,0.748413264751434
"19787",0.02,1,0.401385843753815
"19788",0.02,0,0.748413264751434
"19803",0.02,1,0.561406493186951
"19804",0.02,1,0.607204437255859
"19805",0.02,0,0.561406493186951
"19806",0.02,1,0.607204437255859
"19909",0.02,1,0.688575923442841
"19910",0.02,1,0.688575923442841
"19911",0.02,0,0.695360481739044
"19912",0.02,0,0.65496414899826
"19913",0.02,1,0.695360481739044
"19914",0.02,1,0.65496414899826
"19915",0.02,0,0.481014490127563
"19916",0.02,1,0.481014490127563
"20945",0.02,1,0.89253830909729
"20946",0.02,0,0.81344336271286
"20947",0.02,1,0.89253830909729
"20948",0.02,0,0.81344336271286
"20949",0.02,0,0.746296525001526
"20950",0.02,1,0.787358641624451
"20951",0.02,1,0.746296525001526
"20952",0.02,1,0.787358641624451
"21107",0.02,1,0.717747569084167
"21108",0.02,1,0.879672884941101
"21214",0.02,1,0.178971752524376
"21215",0.02,1,0.178971752524376
"21216",0.02,1,0.178971752524376
"21217",0.02,1,0.178971752524376
"21218",0.02,1,0.247261345386505
"21219",0.02,1,0.247261345386505
"21220",0.02,1,0.247261345386505
"21221",0.02,0,0.852111458778381
"21222",0.02,1,0.852111458778381
"21223",0.02,1,0.852111458778381
"21224",0.02,1,0.852111458778381
"21225",0.02,0,0.852111458778381
"21290",0.02,1,0.884810447692871
"21291",0.02,1,0.884810447692871
"21292",0.02,1,0.884810447692871
"21293",0.02,0,0.884810447692871
"21294",0.02,0,0.884810447692871
"21295",0.02,1,0.884810447692871
"21296",0.02,1,0.884810447692871
"21297",0.02,1,0.884810447692871
"21298",0.02,1,0.884810447692871
"21299",0.02,1,0.884810447692871
"21300",0.02,0,0.884810447692871
"21301",0.02,0,0.884810447692871
"21302",0.02,0,0.884810447692871
"21303",0.02,0,0.884810447692871
"21304",0.02,0,0.145966142416
"21305",0.02,0,0.145966142416
"21306",0.02,0,0.145966142416
"21307",0.02,0,0.145966142416
"21308",0.02,0,0.145966142416
"21309",0.02,0,0.145966142416
"21310",0.02,1,0.145966142416
"21311",0.02,0,0.145966142416
"21312",0.02,0,0.145966142416
"21313",0.02,1,0.145966142416
"21314",0.02,0,0.145966142416
"21315",0.02,0,0.145966142416
"21316",0.02,1,0.145966142416
"21317",0.02,0,0.145966142416
"21330",0.02,1,0.842583835124969
"21331",0.02,1,0.842583835124969
"21332",0.02,1,0.842583835124969
"21333",0.02,1,0.842583835124969
"21334",0.02,1,0.842583835124969
"21335",0.02,1,0.842583835124969
"21336",0.02,1,0.842583835124969
"21337",0.02,0,0.526923954486847
"21338",0.02,1,0.526923954486847
"21339",0.02,1,0.526923954486847
"21340",0.02,1,0.526923954486847
"21341",0.02,1,0.526923954486847
"21342",0.02,1,0.526923954486847
"21343",0.02,1,0.526923954486847
"21378",0.02,0,0.524738907814026
"21379",0.02,0,0.524738907814026
"21380",0.02,0,0.524738907814026
"21381",0.02,1,0.524738907814026
"21382",0.02,0,0.524738907814026
"21383",0.02,0,0.524738907814026
"21384",0.02,0,0.524738907814026
"21385",0.02,0,0.524738907814026
"21386",0.02,0,0.524738907814026
"21387",0.02,0,0.524738907814026
"21388",0.02,0,0.524738907814026
"21389",0.02,0,0.524738907814026
"21390",0.02,0,0.524738907814026
"21391",0.02,0,0.524738907814026
"21392",0.02,0,0.524738907814026
"21393",0.02,0,0.524738907814026
"21433",0.02,1,0.925316631793976
"21434",0.02,1,0.925316631793976
"21435",0.02,1,0.927328824996948
"21436",0.02,1,0.927328824996948
"21437",0.02,1,0.927328824996948
"21438",0.02,1,0.927328824996948
"21439",0.02,1,0.730996251106262
"21441",0.02,1,0.730996251106262
"21442",0.02,1,0.730996251106262
"21443",0.02,1,0.730996251106262
"21444",0.02,1,0.739845931529999
"21445",0.02,1,0.739845931529999
"21613",0.02,1,0.819299042224884
"21614",0.02,1,0.819299042224884
"21956",0.02,1,0.761484324932098
"21957",0.02,1,0.745682895183563
"21958",0.02,0,0.745682895183563
"21959",0.02,1,0.761484324932098
"21960",0.02,1,0.745682895183563
"21961",0.02,1,0.745682895183563
"22064",0.02,0,0.653405904769897
"22065",0.02,1,0.774446666240692
"22066",0.02,1,0.653405904769897
"22067",0.02,0,0.774446666240692
"22068",0.02,0,0.653405904769897
"22069",0.02,1,0.774446666240692
"22070",0.02,1,0.653405904769897
"22071",0.02,0,0.774446666240692
"22072",0.02,1,0.774446666240692
"22073",0.02,0,0.774446666240692
"22074",0.02,0,0.774446666240692
"22075",0.02,0,0.774446666240692
"22294",0.02,0,0.783055424690247
"22295",0.02,0,0.711983621120453
"22502",0.02,0,0.71541839838028
"22503",0.02,0,0.71541839838028
"22514",0.02,1,0.628397703170776
"22515",0.02,1,0.628397703170776
"22516",0.02,0,0.646398305892944
"22517",0.02,0,0.628397703170776
"22518",0.02,1,0.628397703170776
"22519",0.02,0,0.646398305892944
"22520",0.02,0,0.663807570934296
"22521",0.02,0,0.741057574748993
"22522",0.02,1,0.646398305892944
"22523",0.02,1,0.628397703170776
"22524",0.02,0,0.663807570934296
"22525",0.02,0,0.663807570934296
"22526",0.02,0,0.646398305892944
"22527",0.02,0,0.628397703170776
"22528",0.02,1,0.71375173330307
"22529",0.02,1,0.71375173330307
"22530",0.02,0,0.71375173330307
"22531",0.02,0,0.780838251113892
"22532",0.02,1,0.71375173330307
"22533",0.02,0,0.780838251113892
"22534",0.02,1,0.780838251113892
"22535",0.02,1,0.780838251113892
"22536",0.02,0,0.628397703170776
"22537",0.02,1,0.780838251113892
"22538",0.02,0,0.780838251113892
"22539",0.02,1,0.628397703170776
"23264",0.02,0,0.812484860420227
"23265",0.02,0,0.812484860420227
"23266",0.02,1,0.742342889308929
"23267",0.02,0,0.812484860420227
"23268",0.02,1,0.812484860420227
"23269",0.02,1,0.742342889308929
"23270",0.02,1,0.787358641624451
"23271",0.02,1,0.746296525001526
"23272",0.02,1,0.815629601478577
"23273",0.02,1,0.787358641624451
"23274",0.02,0,0.815629601478577
"23275",0.02,1,0.84949666261673
"23438",0.02,1,0.800834774971008
"23439",0.02,1,0.800834774971008
"23440",0.02,1,0.800834774971008
"23441",0.02,1,0.631621181964874
"23442",0.02,1,0.576655507087708
"23443",0.02,1,0.800834774971008
"23444",0.02,1,0.631621181964874
"23445",0.02,1,0.576655507087708
"23460",0.02,1,0.631621181964874
"23461",0.02,1,0.666602671146393
"23462",0.02,1,0.666602671146393
"23463",0.02,1,0.576655507087708
"23464",0.02,1,0.666602671146393
"23465",0.02,1,0.666602671146393
"23466",0.02,1,0.576655507087708
"23467",0.02,1,0.631621181964874
"24221",0.02,1,0.859563708305359
"24222",0.02,1,0.859563708305359
"24223",0.02,1,0.784898400306702
"24224",0.02,1,0.784898400306702
"24225",0.02,1,0.859563708305359
"24226",0.02,1,0.859563708305359
"24227",0.02,0,0.784898400306702
"24228",0.02,0,0.784898400306702
"24431",0.02,0,0.90662682056427
"24432",0.02,1,0.718436360359192
"24433",0.02,0,0.718436360359192
"24434",0.02,1,0.90662682056427
"24435",0.02,1,0.718436360359192
"24436",0.02,0,0.718436360359192
"24437",0.02,1,0.810604870319366
"24438",0.02,1,0.810604870319366
"24439",0.02,0,0.810604870319366
"24440",0.02,1,0.810604870319366
"24441",0.02,1,0.755915224552155
"24442",0.02,0,0.755915224552155
"24623",0.02,0,0.734944343566895
"24624",0.02,0,0.734944343566895
"24625",0.02,1,0.676926255226135
"24626",0.02,0,0.695360481739044
"24627",0.02,0,0.734944343566895
"24628",0.02,0,0.734944343566895
"24629",0.02,0,0.676926255226135
"24630",0.02,1,0.695360481739044
"24771",0.02,0,0.804926693439484
"24772",0.02,1,0.752567648887634
"24773",0.02,0,0.672754287719727
"24775",0.02,1,0.779758095741272
"24776",0.02,1,0.773372232913971
"24777",0.02,0,0.672754287719727
"24928",0.02,0,0.786981046199799
"24929",0.02,0,0.646398305892944
"24930",0.02,0,0.764561355113983
"24931",0.02,0,0.71375173330307
"24932",0.02,0,0.786981046199799
"24933",0.02,0,0.646398305892944
"24934",0.02,0,0.764561355113983
"24935",0.02,0,0.71375173330307
"24937",0.02,1,0.788887023925781
"24941",0.02,1,0.788887023925781
"25160",0.02,0,0.860387146472931
"25161",0.02,0,0.860387146472931
"25162",0.02,0,0.725396037101746
"25163",0.02,0,0.860387146472931
"25925",0.02,0,0.696454524993896
"25926",0.02,1,0.696454524993896
"25927",0.02,0,0.645736932754517
"25928",0.02,1,0.696454524993896
"25929",0.02,1,0.696454524993896
"25930",0.02,1,0.696454524993896
"25931",0.02,1,0.645736932754517
"25932",0.02,1,0.645736932754517
"25933",0.02,1,0.772331237792969
"25934",0.02,1,0.772331237792969
"25936",0.02,1,0.772331237792969
"25937",0.02,1,0.772331237792969
"26331",0.02,1,0.652974605560303
"26332",0.02,1,0.449425399303436
"26333",0.02,1,0.0829121321439743
"26334",0.02,1,0.87418806552887
"26393",0.02,0,0.293588370084763
"26394",0.02,0,0.332436829805374
"26395",0.02,0,0.293588370084763
"26396",0.02,0,0.332436829805374
"27459",0.02,0,0.539578795433044
"27460",0.02,0,0.809901773929596
"27461",0.02,0,0.539578795433044
"27462",0.02,0,0.809901773929596
"27463",0.02,0,0.808811366558075
"27465",0.02,0,0.808811366558075
"27469",0.02,0,0.0436647795140743
"27472",0.02,0,0.0436647795140743
"27495",0.02,0,0.839446663856506
"27496",0.02,0,0.839446663856506
"27497",0.02,0,0.839446663856506
"27498",0.02,0,0.839446663856506
"27499",0.02,0,0.908138334751129
"27500",0.02,0,0.908138334751129
"27501",0.02,0,0.896467328071594
"27502",0.02,1,0.896467328071594
"27503",0.02,0,0.908138334751129
"27504",0.02,0,0.908138334751129
"27505",0.02,0,0.896467328071594
"27506",0.02,0,0.885322630405426
"27507",0.02,1,0.896467328071594
"27508",0.02,1,0.885322630405426
"27509",0.02,1,0.822110652923584
"27510",0.02,1,0.822110652923584
"27511",0.02,0,0.885322630405426
"27512",0.02,0,0.885322630405426
"27513",0.02,1,0.822110652923584
"27514",0.02,1,0.822110652923584
"27515",0.02,0,0.848876118659973
"27516",0.02,1,0.848876118659973
"27517",0.02,1,0.848876118659973
"27518",0.02,1,0.848876118659973
"27606",0.02,1,0.824600875377655
"27607",0.02,1,0.884810447692871
"27608",0.02,1,0.784804701805115
"27609",0.02,1,0.851298451423645
"27740",0.02,1,0.80193704366684
"27741",0.02,0,0.80193704366684
"27742",0.02,1,0.80193704366684
"27743",0.02,0,0.80193704366684
"27744",0.02,0,0.80193704366684
"27745",0.02,1,0.80193704366684
"27748",0.02,1,0.875079572200775
"27749",0.02,0,0.875079572200775
"28067",0.02,1,0.934427738189697
"29098",0.02,1,0.669575452804565
"29099",0.02,1,0.722853600978851
"29100",0.02,0,0.669575452804565
"29101",0.02,0,0.722853600978851
"29104",0.02,0,0.524490475654602
"29105",0.02,1,0.685652494430542
"29108",0.02,1,0.524490475654602
"29109",0.02,1,0.685652494430542
"29110",0.02,0,0.695914387702942
"29111",0.02,1,0.695914387702942
"29112",0.02,1,0.695914387702942
"29113",0.02,0,0.695914387702942
"29854",0.02,0,0.592187166213989
"29855",0.02,0,0.592187166213989
"3194",0.02,0,0.851371347904205
"3195",0.02,0,0.851371347904205
"3198",0.02,1,0.474370300769806
"3199",0.02,1,0.578988552093506
"3202",0.02,1,0.593774557113647
"3203",0.02,0,0.593774557113647
"3204",0.02,0,0.891135334968567
"3205",0.02,1,0.883511781692505
"3206",0.02,1,0.641358375549316
"3207",0.02,1,0.641358375549316
"3208",0.02,1,0.641358375549316
"3209",0.02,1,0.641358375549316
"3210",0.02,1,0.883511781692505
"3211",0.02,0,0.891135334968567
"3212",0.02,0,0.593774557113647
"3213",0.02,1,0.593774557113647
"3216",0.02,1,0.578988552093506
"3217",0.02,1,0.474370300769806
"3220",0.02,0,0.851371347904205
"3362",0.02,1,0.450281053781509
"3363",0.02,1,0.450281053781509
"3364",0.02,1,0.477538526058197
"3369",0.02,0,0.801339983940125
"3372",0.02,1,0.354106277227402
"3373",0.02,1,0.354106277227402
"3374",0.02,1,0.491356194019318
"3375",0.02,1,0.491356194019318
"3376",0.02,1,0.693471848964691
"3377",0.02,1,0.693471848964691
"3378",0.02,1,0.693471848964691
"3379",0.02,1,0.693471848964691
"3380",0.02,1,0.491356194019318
"3381",0.02,1,0.491356194019318
"3382",0.02,1,0.354106277227402
"3383",0.02,1,0.354106277227402
"3386",0.02,0,0.801339983940125
"3391",0.02,1,0.477538526058197
"3392",0.02,1,0.450281053781509
"3393",0.02,1,0.450281053781509
"3470",0.02,1,0.331853747367859
"3471",0.02,0,0.439286351203918
"3472",0.02,1,0.635960459709167
"3473",0.02,1,0.425082474946976
"3478",0.02,0,0.47162738442421
"3489",0.02,0,0.47162738442421
"3494",0.02,1,0.425082474946976
"3495",0.02,1,0.635960459709167
"3496",0.02,0,0.439286351203918
"3497",0.02,1,0.331853747367859
"3716",0.02,1,0.344117939472198
"3725",0.02,0,0.558306813240051
"3726",0.02,1,0.558306813240051
"3727",0.02,1,0.255973130464554
"3728",0.02,1,0.255973130464554
"3729",0.02,1,0.543440282344818
"3730",0.02,1,0.543440282344818
"3731",0.02,1,0.543440282344818
"3732",0.02,1,0.543440282344818
"3733",0.02,1,0.255973130464554
"3734",0.02,1,0.255973130464554
"3735",0.02,1,0.558306813240051
"3736",0.02,0,0.558306813240051
"3745",0.02,1,0.344117939472198
"3807",0.02,1,0.612351179122925
"3808",0.02,1,0.612351179122925
"3809",0.02,1,0.396029502153397
"3810",0.02,1,0.396029502153397
"3811",0.02,1,0.302241265773773
"3812",0.02,1,0.302241265773773
"3813",0.02,1,0.302241265773773
"3814",0.02,1,0.302241265773773
"3815",0.02,1,0.396029502153397
"3816",0.02,1,0.396029502153397
"3817",0.02,1,0.612351179122925
"3818",0.02,1,0.612351179122925
"4170",0.02,1,0.522174417972565
"4171",0.02,1,0.522174417972565
"4182",0.02,1,0.746296525001526
"4183",0.02,1,0.746296525001526
"4184",0.02,1,0.441505372524261
"4185",0.02,0,0.441505372524261
"4186",0.02,0,0.441505372524261
"4187",0.02,1,0.441505372524261
"4188",0.02,1,0.746296525001526
"4189",0.02,1,0.746296525001526
"4200",0.02,1,0.522174417972565
"4201",0.02,1,0.522174417972565
"4269",0.02,1,0.342756003141403
"4270",0.02,1,0.342756003141403
"4277",0.02,0,0.778254330158234
"4278",0.02,0,0.716415464878082
"4279",0.02,0,0.565554201602936
"4280",0.02,1,0.61291229724884
"4281",0.02,1,0.576655507087708
"4282",0.02,1,0.576655507087708
"4283",0.02,1,0.576655507087708
"4284",0.02,1,0.576655507087708
"4285",0.02,1,0.61291229724884
"4286",0.02,0,0.565554201602936
"4287",0.02,1,0.716415464878082
"4288",0.02,1,0.778254330158234
"4293",0.02,1,0.342756003141403
"4294",0.02,1,0.342756003141403
"4427",0.02,1,0.342756003141403
"4428",0.02,1,0.342756003141403
"4429",0.02,1,0.267968475818634
"4430",0.02,1,0.267968475818634
"4435",0.02,0,0.576655507087708
"4436",0.02,1,0.576655507087708
"4437",0.02,0,0.576655507087708
"4438",0.02,1,0.576655507087708
"4443",0.02,1,0.267968475818634
"4444",0.02,1,0.267968475818634
"4445",0.02,1,0.342756003141403
"4446",0.02,1,0.342756003141403
"7191",0.02,1,0.711475253105164
"7192",0.02,1,0.554829478263855
"7322",0.02,1,0.680937945842743
"9896",0.02,1,0.914399325847626
"9897",0.02,1,0.914399325847626
"9898",0.02,1,0.851684629917145
"9899",0.02,1,0.851684629917145
"9900",0.02,1,0.884374976158142
"9901",0.02,1,0.884374976158142
"9902",0.02,1,0.899024724960327
"9903",0.02,1,0.899024724960327
"11795",0.02,0,0.86411464214325
"11796",0.02,1,0.667945504188538
"11797",0.02,1,0.780486106872559
"11798",0.02,1,0.669428050518036
"12081",0.02,0,0.107055827975273
"12082",0.02,0,0.107055827975273
"12086",0.02,0,0.793846070766449
"12721",0.02,0,0.0530761256814003
"12722",0.02,0,0.0598280392587185
"12789",0.02,0,0.741958439350128
"15477",0.02,1,0.622824251651764
"15478",0.02,1,0.194916754961014
"18533",0.02,1,0.605679452419281
"18534",0.02,1,0.659141719341278
"19793",0.02,1,0.374323397874832
"19794",0.02,1,0.374323397874832
"19795",0.02,1,0.337819337844849
"19798",0.02,1,0.374323397874832
"19799",0.02,1,0.374323397874832
"19800",0.02,1,0.337819337844849
"20511",0.02,0,0.306100368499756
"20513",0.02,0,0.26281413435936
"20514",0.02,1,0.430827111005783
"20753",0.02,0,0.514364004135132
"20754",0.02,0,0.514364004135132
"21227",0.02,1,0.431700974702835
"21228",0.02,1,0.431700974702835
"21229",0.02,1,0.431700974702835
"21230",0.02,1,0.431700974702835
"21231",0.02,1,0.431700974702835
"21232",0.02,1,0.431700974702835
"21233",0.02,1,0.431700974702835
"21234",0.02,1,0.431700974702835
"21235",0.02,1,0.431700974702835
"21236",0.02,1,0.431700974702835
"21237",0.02,1,0.431700974702835
"21238",0.02,1,0.431700974702835
"21239",0.02,1,0.431700974702835
"21240",0.02,1,0.431700974702835
"21241",0.02,0,0.164156287908554
"21242",0.02,0,0.164156287908554
"21243",0.02,0,0.164156287908554
"21244",0.02,0,0.164156287908554
"21245",0.02,0,0.164156287908554
"21246",0.02,0,0.164156287908554
"21247",0.02,0,0.164156287908554
"21248",0.02,0,0.164156287908554
"21249",0.02,0,0.164156287908554
"21250",0.02,0,0.164156287908554
"21251",0.02,0,0.164156287908554
"21252",0.02,0,0.164156287908554
"21253",0.02,0,0.164156287908554
"21254",0.02,0,0.164156287908554
"21255",0.02,0,0.472570806741714
"21256",0.02,0,0.472570806741714
"21257",0.02,0,0.472570806741714
"21258",0.02,0,0.472570806741714
"21259",0.02,0,0.472570806741714
"21260",0.02,0,0.472570806741714
"21261",0.02,0,0.472570806741714
"21262",0.02,0,0.472570806741714
"21263",0.02,1,0.472570806741714
"21264",0.02,1,0.472570806741714
"21265",0.02,1,0.472570806741714
"21266",0.02,0,0.472570806741714
"21267",0.02,0,0.472570806741714
"21268",0.02,0,0.472570806741714
"21269",0.02,0,0.545662760734558
"21270",0.02,0,0.545662760734558
"21271",0.02,0,0.545662760734558
"21272",0.02,0,0.545662760734558
"21273",0.02,0,0.545662760734558
"21274",0.02,0,0.545662760734558
"21275",0.02,0,0.545662760734558
"21276",0.02,0,0.276952862739563
"21277",0.02,0,0.276952862739563
"21278",0.02,0,0.276952862739563
"21279",0.02,0,0.276952862739563
"21280",0.02,1,0.276952862739563
"21281",0.02,0,0.276952862739563
"21282",0.02,0,0.276952862739563
"21283",0.02,1,0.276952862739563
"21284",0.02,1,0.276952862739563
"21285",0.02,0,0.276952862739563
"21286",0.02,0,0.276952862739563
"21287",0.02,1,0.276952862739563
"21288",0.02,0,0.276952862739563
"21289",0.02,0,0.276952862739563
"21409",0.02,1,0.642253577709198
"21410",0.02,1,0.642253577709198
"21411",0.02,1,0.642253577709198
"21412",0.02,1,0.642253577709198
"21413",0.02,1,0.642253577709198
"21414",0.02,1,0.638406455516815
"21415",0.02,1,0.690612077713013
"21416",0.02,1,0.690612077713013
"21431",0.02,1,0.742256045341492
"21432",0.02,1,0.742256045341492
"21594",0.02,0,0.673134505748749
"21595",0.02,0,0.673134505748749
"21721",0.02,1,0.838841319084167
"21722",0.02,0,0.51274836063385
"21723",0.02,0,0.508205711841583
"21786",0.02,0,0.326832741498947
"21787",0.02,0,0.529935419559479
"24862",0.02,1,0.831004738807678
"24863",0.02,0,0.831004738807678
"24864",0.02,0,0.831004738807678
"24865",0.02,0,0.831004738807678
"25304",0.02,0,0.648188292980194
"25305",0.02,0,0.648188292980194
"25306",0.02,0,0.661550343036652
"25307",0.02,0,0.661550343036652
"26371",0.02,1,0.467402637004852
"26372",0.02,1,0.467402637004852
"26373",0.02,1,0.467402637004852
"26374",0.02,1,0.467402637004852
"26375",0.02,1,0.145985826849937
"26376",0.02,1,0.145985826849937
"26377",0.02,1,0.171023994684219
"26378",0.02,1,0.171023994684219
"26379",0.02,1,0.145985826849937
"26380",0.02,1,0.145985826849937
"26381",0.02,1,0.171023994684219
"26382",0.02,1,0.171023994684219
"26508",0.02,0,0.239384591579437
"26509",0.02,1,0.239384591579437
"26510",0.02,0,0.239384591579437
"26511",0.02,0,0.239384591579437
"26512",0.02,1,0.239384591579437
"26513",0.02,1,0.239384591579437
"26514",0.02,0,0.18593618273735
"26515",0.02,1,0.18593618273735
"26516",0.02,1,0.602985084056854
"26517",0.02,1,0.602985084056854
"26518",0.02,1,0.602985084056854
"26519",0.02,1,0.18593618273735
"26520",0.02,1,0.18593618273735
"26521",0.02,1,0.602985084056854
"26522",0.02,1,0.602985084056854
"26523",0.02,1,0.602985084056854
"27473",0.02,1,0.648337423801422
"27474",0.02,1,0.572289705276489
"27475",0.02,1,0.572289705276489
"27476",0.02,1,0.648337423801422
"27477",0.02,1,0.572289705276489
"27478",0.02,1,0.572289705276489
"27485",0.02,1,0.572289705276489
"27486",0.02,1,0.468918293714523
"27487",0.02,1,0.468918293714523
"27488",0.02,1,0.699565172195435
"27489",0.02,1,0.699565172195435
"27490",0.02,0,0.572289705276489
"27491",0.02,1,0.468918293714523
"27492",0.02,1,0.468918293714523
"27493",0.02,1,0.699565172195435
"27494",0.02,1,0.699565172195435
"27584",0.02,0,0.415403366088867
"27585",0.02,0,0.0561780370771885
"27586",0.02,1,0.225998774170876
"27587",0.02,1,0.294152647256851
"27588",0.02,0,0.464687317609787
"27589",0.02,1,0.0776849314570427
"27590",0.02,1,0.828328251838684
"27591",0.02,1,0.568109810352325
"27592",0.02,0,0.886212170124054
"27593",0.02,1,0.35066220164299
"27594",0.02,1,0.497947096824646
"27595",0.02,1,0.225998774170876
"27596",0.02,1,0.828328251838684
"27597",0.02,0,0.631956875324249
"27598",0.02,1,0.225998774170876
"27599",0.02,1,0.653945922851562
"27736",0.02,1,0.835458159446716
"27737",0.02,1,0.912624299526215
"27738",0.02,1,0.835458159446716
"27739",0.02,1,0.912624299526215
"27790",0.02,1,0.825148165225983
"27791",0.02,1,0.825148165225983
"27792",0.02,1,0.825148165225983
"27793",0.02,1,0.78887140750885
"27794",0.02,1,0.825148165225983
"27795",0.02,1,0.825148165225983
"27796",0.02,1,0.825148165225983
"27797",0.02,1,0.78887140750885
"27798",0.02,1,0.539856493473053
"27799",0.02,1,0.539856493473053
"27800",0.02,1,0.620371401309967
"27801",0.02,1,0.620371401309967
"27802",0.02,1,0.539856493473053
"27803",0.02,1,0.539856493473053
"27804",0.02,1,0.620371401309967
"27805",0.02,1,0.620371401309967
"27806",0.02,1,0.539856493473053
"27807",0.02,1,0.620371401309967
"27808",0.02,0,0.539856493473053
"27809",0.02,1,0.620371401309967
"28177",0.02,1,0.869122505187988
"28178",0.02,1,0.869122505187988
"28179",0.02,1,0.623398244380951
"28180",0.02,1,0.623398244380951
"28181",0.02,1,0.869122505187988
"28182",0.02,1,0.869122505187988
"28183",0.02,1,0.623398244380951
"28184",0.02,1,0.623398244380951
"28185",0.02,0,0.883548736572266
"28186",0.02,1,0.883548736572266
"28187",0.02,1,0.883548736572266
"28188",0.02,1,0.883548736572266
"28189",0.02,1,0.857292950153351
"28190",0.02,1,0.883548736572266
"28191",0.02,1,0.883548736572266
"28192",0.02,1,0.883548736572266
"28193",0.02,1,0.883548736572266
"28194",0.02,1,0.857292950153351
"28303",0.02,1,0.575717985630035
"28304",0.02,1,0.4651939868927
"28305",0.02,1,0.762430548667908
"28306",0.02,1,0.802110731601715
"28307",0.02,1,0.575717985630035
"28308",0.02,1,0.4651939868927
"28309",0.02,1,0.762430548667908
"28310",0.02,1,0.802110731601715
"28313",0.02,1,0.770688891410828
"28314",0.02,1,0.770688891410828
"28317",0.02,1,0.770688891410828
"28318",0.02,1,0.770688891410828
"28343",0.02,1,0.568703234195709
"28346",0.02,1,0.568703234195709
"28371",0.02,1,0.0915657579898834
"28379",0.02,0,0.330662876367569
"28380",0.02,0,0.330662876367569
"28381",0.02,0,0.0854708254337311
"28382",0.02,0,0.0854708254337311
"28543",0.02,1,0.878773212432861
"28544",0.02,1,0.949292361736298
"28546",0.02,1,0.783267319202423
"28547",0.02,1,0.878773212432861
"28549",0.02,1,0.949292361736298
"28550",0.02,1,0.783267319202423
"28551",0.02,1,0.760185182094574
"28552",0.02,1,0.760185182094574
"28553",0.02,1,0.865096032619476
"28554",0.02,1,0.890100121498108
"28555",0.02,1,0.760185182094574
"28556",0.02,1,0.760185182094574
"28557",0.02,1,0.865096032619476
"28558",0.02,1,0.890100121498108
"28591",0.02,1,0.952319264411926
"28592",0.02,1,0.952319264411926
"28593",0.02,1,0.792920410633087
"28594",0.02,1,0.792920410633087
"28595",0.02,1,0.952319264411926
"28596",0.02,1,0.952319264411926
"28597",0.02,1,0.792920410633087
"28598",0.02,1,0.792920410633087
"28599",0.02,1,0.886968076229095
"28600",0.02,1,0.898772120475769
"28601",0.02,1,0.898772120475769
"28602",0.02,1,0.898772120475769
"28603",0.02,1,0.886968076229095
"28604",0.02,1,0.898772120475769
"28605",0.02,1,0.898772120475769
"28606",0.02,0,0.898772120475769
"28607",0.02,0,0.773505032062531
"28608",0.02,1,0.773505032062531
"28609",0.02,1,0.773505032062531
"28610",0.02,1,0.773505032062531
"28889",0.02,1,0.854605793952942
"28890",0.02,1,0.869708240032196
"28891",0.02,1,0.869708240032196
"28892",0.02,1,0.854605793952942
"28893",0.02,1,0.869708240032196
"28894",0.02,1,0.869708240032196
"28895",0.02,0,0.935565829277039
"28896",0.02,1,0.935565829277039
"28899",0.02,0,0.935565829277039
"28900",0.02,1,0.935565829277039
"28945",0.02,1,0.856385350227356
"28946",0.02,1,0.856385350227356
"28947",0.02,1,0.871330678462982
"28948",0.02,1,0.871330678462982
"28949",0.02,0,0.856385350227356
"28950",0.02,1,0.856385350227356
"28951",0.02,1,0.871330678462982
"28952",0.02,1,0.871330678462982
"29261",0.02,1,0.208299919962883
"29262",0.02,0,0.208299919962883
"29265",0.02,1,0.0645854845643044
"29266",0.02,0,0.0645854845643044
"29267",0.02,1,0.236994788050652
"29268",0.02,1,0.236994788050652
"29389",0.02,1,0.874736368656158
"29390",0.02,1,0.874736368656158
"29391",0.02,1,0.874736368656158
"29392",0.02,1,0.874736368656158
"29393",0.02,0,0.874736368656158
"29394",0.02,0,0.874736368656158
"29513",0.02,1,0.502391934394836
"29514",0.02,1,0.28846737742424
"29515",0.02,1,0.624172627925873
"29516",0.02,1,0.605491697788239
"29517",0.02,1,0.547317981719971
"29518",0.02,1,0.486265331506729
"29519",0.02,1,0.733169317245483
"29520",0.02,1,0.40485417842865
"29521",0.02,1,0.321450024843216
"29522",0.02,1,0.591930150985718
"29523",0.02,1,0.591930150985718
"29524",0.02,1,0.373730689287186
"29525",0.02,1,0.336391538381577
"29526",0.02,0,0.744010388851166
"29527",0.02,0,0.467090010643005
"29555",0.02,1,0.844073057174683
"29556",0.02,1,0.874736368656158
"29557",0.02,1,0.874736368656158
"29558",0.02,1,0.844073057174683
"29559",0.02,1,0.874736368656158
"29560",0.02,1,0.874736368656158
"29561",0.02,1,0.503752827644348
"29562",0.02,1,0.503752827644348
"29563",0.02,1,0.856815457344055
"29564",0.02,1,0.618668675422668
"29565",0.02,1,0.503752827644348
"29566",0.02,1,0.503752827644348
"29567",0.02,1,0.856815457344055
"29568",0.02,1,0.618668675422668
"29689",0.02,0,0.0693729743361473
"29690",0.02,0,0.0693729743361473
"29691",0.02,0,0.136406362056732
"29692",0.02,0,0.0335146375000477
"29693",0.02,0,0.0335146375000477
"29722",0.02,0,0.489738196134567
"29723",0.02,1,0.375914692878723
"29724",0.02,1,0.362767368555069
"29725",0.02,1,0.404425024986267
"29743",0.02,0,0.6941978931427
"29744",0.02,1,0.697816789150238
"29745",0.02,1,0.479710549116135
"29746",0.02,1,0.320099890232086
"29769",0.02,0,0.166729941964149
"29770",0.02,0,0.278400450944901
"29771",0.02,0,0.323283225297928
"29772",0.02,0,0.33974626660347
"29971",0.02,1,0.245729625225067
"29972",0.02,1,0.648964047431946
"29973",0.02,0,0.467821419239044
"30261",0.02,1,0.500809133052826
"30273",0.02,0,0.711731195449829
"30441",0.02,0,0.671842455863953
"30442",0.02,0,0.671842455863953
"30444",0.02,0,0.824552893638611
"30445",0.02,0,0.824552893638611
"30446",0.02,0,0.603535294532776
"30447",0.02,1,0.811826407909393
"30448",0.02,1,0.811826407909393
"30449",0.02,1,0.884118378162384
"30450",0.02,1,0.843368589878082
"30451",0.02,1,0.843368589878082
"30452",0.02,1,0.811826407909393
"30453",0.02,1,0.599823653697968
"30454",0.02,0,0.783748865127563
"30455",0.02,1,0.72348952293396
"30456",0.02,1,0.587914288043976
"30457",0.02,1,0.661002695560455
"30458",0.02,1,0.720482587814331
"30459",0.02,0,0.659960567951202
"3750",0.02,0,0.323152959346771
"3751",0.02,0,0.389719218015671
"3752",0.02,0,0.311980187892914
"3753",0.02,0,0.32904976606369
"3754",0.02,0,0.433793753385544
"3759",0.02,0,0.433793753385544
"3760",0.02,0,0.389719218015671
"3761",0.02,0,0.323152959346771
"3766",0.02,0,0.524150252342224
"3967",0.02,0,0.141075670719147
"7824",0.02,0,0.44829073548317
"7825",0.02,0,0.663888454437256
"7826",0.02,0,0.369726479053497
"7828",0.02,0,0.224499568343163
"7829",0.02,0,0.224499568343163
"11170",0.02,1,0.626210868358612
"11171",0.02,0,0.233806163072586
"11372",0.02,1,0.671371400356293
"11373",0.02,1,0.671371400356293
"11374",0.02,1,0.663222789764404
"11375",0.02,1,0.663222789764404
"11599",0.02,1,0.665598392486572
"11600",0.02,1,0.665598392486572
"11601",0.02,1,0.665598392486572
"11602",0.02,1,0.665598392486572
"11605",0.02,1,0.800715208053589
"11606",0.02,1,0.800715208053589
"11777",0.02,1,0.689854562282562
"11778",0.02,1,0.689854562282562
"11791",0.02,0,0.277515947818756
"12083",0.02,1,0.360430508852005
"12085",0.02,0,0.766195297241211
"12094",0.02,1,0.483812719583511
"12095",0.02,1,0.483812719583511
"12096",0.02,1,0.488996237516403
"12097",0.02,1,0.488996237516403
"12098",0.02,1,0.488996237516403
"12099",0.02,1,0.488996237516403
"12235",0.02,1,0.427641987800598
"12236",0.02,1,0.427641987800598
"12237",0.02,1,0.422563880681992
"12238",0.02,1,0.422563880681992
"12239",0.02,1,0.422563880681992
"12240",0.02,1,0.422563880681992
"12241",0.02,0,0.337196409702301
"12242",0.02,1,0.378948330879211
"12243",0.02,1,0.378948330879211
"12244",0.02,0,0.506077468395233
"12245",0.02,0,0.506077468395233
"12246",0.02,0,0.500409662723541
"12247",0.02,1,0.500409662723541
"12595",0.02,1,0.623274028301239
"12596",0.02,1,0.623274028301239
"12605",0.02,1,0.623274028301239
"12606",0.02,1,0.468192040920258
"14591",0.02,0,0.12294789403677
"14592",0.02,0,0.12294789403677
"14593",0.02,0,0.532136678695679
"14594",0.02,0,0.532136678695679
"14595",0.02,0,0.532136678695679
"14596",0.02,0,0.532136678695679
"14863",0.02,0,0.149069428443909
"15094",0.02,0,0.144382134079933
"15095",0.02,0,0.144382134079933
"15096",0.02,0,0.141041353344917
"15097",0.02,0,0.141041353344917
"15295",0.02,0,0.809564352035522
"15296",0.02,1,0.732116997241974
"15297",0.02,1,0.762518227100372
"15476",0.02,1,0.675972819328308
"15479",0.02,1,0.579046964645386
"15480",0.02,1,0.587265193462372
"15728",0.02,0,0.146976411342621
"15729",0.02,0,0.144609540700912
"15730",0.02,1,0.184919685125351
"15731",0.02,0,0.179115176200867
"15736",0.02,0,0.285061985254288
"15737",0.02,0,0.285061985254288
"15738",0.02,0,0.14690788090229
"15739",0.02,0,0.14690788090229
"15750",0.02,0,0.689854562282562
"15751",0.02,0,0.689854562282562
"15890",0.02,0,0.156528428196907
"15891",0.02,0,0.16462379693985
"15892",0.02,0,0.16462379693985
"15893",0.02,0,0.235606968402863
"15894",0.02,0,0.235606968402863
"15895",0.02,0,0.341762751340866
"15896",0.02,0,0.341762751340866
"15897",0.02,0,0.366188436746597
"15898",0.02,0,0.366188436746597
"15901",0.02,0,0.30496746301651
"15902",0.02,0,0.30496746301651
"15911",0.02,1,0.422459930181503
"15912",0.02,1,0.422459930181503
"15913",0.02,1,0.422459930181503
"15914",0.02,0,0.422459930181503
"15917",0.02,1,0.427013725042343
"15918",0.02,1,0.427013725042343
"15925",0.02,1,0.622834861278534
"15926",0.02,1,0.622834861278534
"15927",0.02,0,0.538242936134338
"15928",0.02,0,0.538242936134338
"15929",0.02,0,0.540595352649689
"15930",0.02,0,0.540595352649689
"15931",0.02,0,0.589349508285522
"15932",0.02,1,0.589349508285522
"15933",0.02,1,0.376052051782608
"15934",0.02,0,0.376052051782608
"15947",0.02,1,0.557361960411072
"15948",0.02,0,0.557361960411072
"15949",0.02,1,0.697051823139191
"15950",0.02,1,0.532439053058624
"16242",0.02,0,0.158320501446724
"16243",0.02,0,0.158320501446724
"16244",0.02,0,0.150896042585373
"16245",0.02,0,0.150896042585373
"16246",0.02,0,0.403155326843262
"16247",0.02,0,0.403155326843262
"16248",0.02,1,0.218273192644119
"16249",0.02,0,0.218273192644119
"16256",0.02,1,0.497864693403244
"16257",0.02,1,0.497864693403244
"16769",0.02,0,0.639058232307434
"16770",0.02,0,0.639058232307434
"17087",0.02,0,0.439083784818649
"17088",0.02,0,0.439083784818649
"17089",0.02,0,0.399208694696426
"17090",0.02,0,0.399208694696426
"17091",0.02,0,0.623274028301239
"17092",0.02,0,0.623274028301239
"18536",0.02,1,0.722419738769531
"19448",0.02,0,0.734203040599823
"19449",0.02,0,0.734203040599823
"19450",0.02,0,0.734203040599823
"19451",0.02,0,0.734203040599823
"19619",0.02,0,0.607314169406891
"19620",0.02,1,0.742623329162598
"19621",0.02,0,0.742623329162598
"19622",0.02,1,0.742623329162598
"19623",0.02,1,0.742623329162598
"19873",0.02,0,0.391365587711334
"19874",0.02,0,0.391365587711334
"19875",0.02,0,0.391365587711334
"19876",0.02,0,0.391365587711334
"19905",0.02,0,0.594381809234619
"19906",0.02,0,0.594381809234619
"19907",0.02,0,0.685684144496918
"19908",0.02,0,0.685684144496918
"19947",0.02,1,0.548747003078461
"19948",0.02,1,0.548747003078461
"19949",0.02,0,0.548747003078461
"19950",0.02,0,0.548747003078461
"19951",0.02,1,0.5266153216362
"19952",0.02,1,0.5266153216362
"19953",0.02,0,0.5266153216362
"19954",0.02,0,0.5266153216362
"20189",0.02,0,0.285517454147339
"20190",0.02,0,0.285517454147339
"20191",0.02,0,0.285517454147339
"20488",0.02,0,0.268472641706467
"20489",0.02,0,0.268472641706467
"20496",0.02,1,0.395738869905472
"20497",0.02,1,0.395738869905472
"20498",0.02,1,0.395738869905472
"20499",0.02,1,0.395738869905472
"20504",0.02,1,0.53980553150177
"20505",0.02,0,0.56620991230011
"20506",0.02,1,0.53980553150177
"20507",0.02,1,0.53980553150177
"20508",0.02,1,0.56620991230011
"20509",0.02,1,0.56620991230011
"20510",0.02,1,0.503039062023163
"20512",0.02,1,0.680157065391541
"20751",0.02,0,0.840579628944397
"20752",0.02,0,0.840579628944397
"20757",0.02,1,0.761360883712769
"20758",0.02,1,0.761360883712769
"20759",0.02,1,0.698177576065063
"20760",0.02,0,0.698177576065063
"20761",0.02,1,0.698411762714386
"20762",0.02,0,0.698411762714386
"20763",0.02,1,0.711716890335083
"20764",0.02,0,0.711716890335083
"20766",0.02,0,0.678328931331635
"20767",0.02,0,0.678328931331635
"21318",0.02,0,0.596049845218658
"21319",0.02,1,0.596049845218658
"21320",0.02,0,0.596049845218658
"21321",0.02,0,0.596049845218658
"21322",0.02,1,0.596049845218658
"21323",0.02,1,0.596049845218658
"21324",0.02,0,0.596049845218658
"21325",0.02,1,0.596049845218658
"21326",0.02,1,0.596049845218658
"21327",0.02,1,0.596049845218658
"21328",0.02,1,0.596049845218658
"21329",0.02,0,0.596049845218658
"21578",0.02,1,0.641263008117676
"21579",0.02,1,0.641263008117676
"21596",0.02,1,0.371828734874725
"21597",0.02,0,0.371828734874725
"21713",0.02,1,0.615822553634644
"21714",0.02,0,0.164385184645653
"21715",0.02,0,0.164385184645653
"21716",0.02,1,0.164385184645653
"21717",0.02,0,0.206395730376244
"21718",0.02,0,0.206395730376244
"21734",0.02,0,0.164385184645653
"21735",0.02,1,0.164385184645653
"21736",0.02,1,0.164385184645653
"21737",0.02,1,0.164385184645653
"21738",0.02,0,0.164385184645653
"21739",0.02,0,0.164385184645653
"21740",0.02,0,0.237855389714241
"21741",0.02,0,0.237855389714241
"21742",0.02,1,0.197079136967659
"21743",0.02,1,0.197079136967659
"21826",0.02,0,0.599377632141113
"21827",0.02,1,0.599377632141113
"21828",0.02,0,0.726190030574799
"21829",0.02,0,0.726190030574799
"21830",0.02,0,0.29700031876564
"21831",0.02,0,0.29700031876564
"21832",0.02,0,0.293047487735748
"21833",0.02,1,0.293047487735748
"21836",0.02,0,0.802588820457458
"21837",0.02,1,0.802588820457458
"21842",0.02,0,0.784822344779968
"21843",0.02,0,0.784822344779968
"21850",0.02,1,0.714788734912872
"21851",0.02,1,0.714788734912872
"21930",0.02,1,0.288989543914795
"21931",0.02,0,0.288989543914795
"21932",0.02,0,0.344994783401489
"21933",0.02,1,0.344994783401489
"22174",0.02,0,0.685098052024841
"22175",0.02,1,0.685098052024841
"22240",0.02,0,0.28162756562233
"22241",0.02,0,0.28162756562233
"22242",0.02,0,0.28162756562233
"22245",0.02,0,0.790256857872009
"22350",0.02,1,0.28162756562233
"22402",0.02,0,0.652470827102661
"22403",0.02,0,0.626325607299805
"22404",0.02,0,0.28162756562233
"22405",0.02,0,0.28162756562233
"22406",0.02,0,0.28162756562233
"22407",0.02,1,0.28162756562233
"22408",0.02,1,0.28162756562233
"22409",0.02,0,0.511311650276184
"22410",0.02,0,0.511311650276184
"22411",0.02,0,0.624861180782318
"22412",0.02,0,0.624861180782318
"22413",0.02,0,0.77314966917038
"22414",0.02,0,0.77314966917038
"22415",0.02,0,0.812503457069397
"22416",0.02,0,0.812503457069397
"24531",0.02,1,0.816498041152954
"24532",0.02,1,0.816498041152954
"24533",0.02,1,0.755426585674286
"24534",0.02,1,0.755426585674286
"24535",0.02,0,0.759531915187836
"24536",0.02,1,0.759531915187836
"24866",0.02,1,0.580379664897919
"24867",0.02,0,0.580379664897919
"24868",0.02,0,0.570362210273743
"24869",0.02,1,0.570362210273743
"24870",0.02,1,0.575939476490021
"24871",0.02,1,0.575939476490021
"24872",0.02,0,0.570292711257935
"24873",0.02,0,0.570292711257935
"25732",0.02,1,0.529380738735199
"25733",0.02,0,0.529380738735199
"25734",0.02,1,0.594650685787201
"25735",0.02,1,0.594650685787201
"25736",0.02,1,0.677732586860657
"25737",0.02,1,0.677732586860657
"26944",0.02,1,0.699802815914154
"26945",0.02,0,0.699802815914154
"26946",0.02,1,0.683875381946564
"26947",0.02,1,0.683875381946564
"27089",0.02,1,0.80761730670929
"27090",0.02,1,0.80761730670929
"27244",0.02,1,0.627691090106964
"27245",0.02,1,0.627691090106964
"27246",0.02,0,0.546229720115662
"27247",0.02,1,0.546229720115662
"27654",0.02,1,0.638909220695496
"27655",0.02,1,0.638909220695496
"27656",0.02,1,0.492173790931702
"27657",0.02,1,0.425063848495483
"27658",0.02,1,0.425063848495483
"27659",0.02,1,0.606508076190948
"27684",0.02,1,0.797387301921844
"27685",0.02,1,0.797387301921844
"27686",0.02,1,0.784544289112091
"27687",0.02,1,0.784544289112091
"27957",0.02,1,0.781543254852295
"27958",0.02,1,0.781543254852295
"27959",0.02,1,0.806005954742432
"27960",0.02,1,0.806005954742432
"27961",0.02,0,0.746759533882141
"27962",0.02,1,0.746759533882141
"28006",0.02,1,0.626538634300232
"28007",0.02,1,0.626538634300232
"28105",0.02,1,0.867071211338043
"28106",0.02,0,0.867071211338043
"28372",0.02,1,0.610856711864471
"28373",0.02,1,0.447515487670898
"28374",0.02,1,0.447515487670898
"28375",0.02,1,0.907864391803741
"28376",0.02,1,0.907864391803741
"28377",0.02,1,0.7577965259552
"28378",0.02,1,0.7577965259552
"28383",0.02,0,0.83823549747467
"28384",0.02,1,0.83823549747467
"28385",0.02,0,0.709268510341644
"28386",0.02,0,0.709268510341644
"28452",0.02,1,0.0984959751367569
"28453",0.02,1,0.0984959751367569
"28454",0.02,1,0.106584936380386
"28455",0.02,0,0.106584936380386
"28456",0.02,0,0.726880550384521
"28457",0.02,1,0.726880550384521
"28458",0.02,1,0.780352473258972
"28459",0.02,1,0.780352473258972
"28742",0.02,1,0.717489659786224
"28743",0.02,1,0.526640594005585
"28744",0.02,1,0.588545739650726
"28750",0.02,0,0.588545739650726
"28756",0.02,0,0.717489659786224
"28757",0.02,1,0.526640594005585
"28758",0.02,1,0.684648394584656
"28759",0.02,1,0.588545739650726
"28760",0.02,0,0.655748248100281
"28767",0.02,0,0.717489659786224
"28770",0.02,0,0.526640594005585
"28771",0.02,0,0.684648394584656
"28772",0.02,0,0.588545739650726
"29263",0.02,0,0.203981846570969
"29264",0.02,0,0.203981846570969
"29635",0.02,0,0.195046424865723
"29636",0.02,0,0.195046424865723
"29637",0.02,1,0.224134340882301
"29638",0.02,1,0.224134340882301
"29844",0.02,1,0.630273044109344
"29845",0.02,1,0.630273044109344
"29846",0.02,1,0.71327418088913
"29847",0.02,1,0.71327418088913
"29881",0.02,1,0.582278549671173
"29882",0.02,1,0.582278549671173
"29883",0.02,1,0.868246495723724
"29884",0.02,1,0.868246495723724
"3749",0.02,0,0.246914386749268
"3755",0.02,0,0.366365820169449
"3756",0.02,0,0.381980985403061
"3757",0.02,0,0.381980985403061
"3758",0.02,0,0.366365820169449
"3762",0.02,0,0.12680821120739
"3763",0.02,0,0.329675763845444
"3764",0.02,0,0.246914386749268
"7820",0.02,0,0.164422005414963
"7821",0.02,0,0.164422005414963
"7822",0.02,0,0.19948336482048
"7823",0.02,0,0.19948336482048
"7827",0.02,0,0.101817414164543
"7830",0.02,0,0.10646566003561
"10434",0.02,0,0.548050701618195
"10435",0.02,0,0.548050701618195
"10436",0.02,0,0.0926054492592812
"10437",0.02,0,0.0926054492592812
"10442",0.02,1,0.615382730960846
"10443",0.02,1,0.615382730960846
"10444",0.02,1,0.820842385292053
"10445",0.02,1,0.820842385292053
"10596",0.02,1,0.62265956401825
"10597",0.02,1,0.62265956401825
"11172",0.02,1,0.887775540351868
"11173",0.02,1,0.887775540351868
"11191",0.02,1,0.607499420642853
"11192",0.02,1,0.607499420642853
"11193",0.02,1,0.833757221698761
"11194",0.02,0,0.833757221698761
"13847",0.02,0,0.629070401191711
"13848",0.02,0,0.79610288143158
"26335",0.02,0,0.198842346668243
"26336",0.02,0,0.308196604251862
"26337",0.02,0,0.199573993682861
"26342",0.02,0,0.308196604251862
"26481",0.02,0,0.209324032068253
"26482",0.02,0,0.154286310076714
"26483",0.02,0,0.0958188697695732
"26484",0.02,0,0.206967011094093
"26485",0.02,0,0.300642013549805
"26486",0.02,0,0.234372034668922
"26487",0.02,0,0.44522750377655
"26488",0.02,0,0.18154413998127
"26489",0.02,0,0.143985122442245
"26667",0.02,0,0.225614964962006
"26668",0.02,0,0.225614964962006
"26669",0.02,0,0.538079261779785
"26670",0.02,0,0.537924826145172
"26671",0.02,0,0.24863164126873
"26672",0.02,0,0.24863164126873
"26673",0.02,0,0.217455118894577
"26674",0.02,0,0.527765929698944
"26675",0.02,0,0.118840627372265
"26676",0.02,0,0.39535203576088
"26677",0.02,0,0.387310862541199
"26678",0.02,0,0.537844598293304
"26679",0.02,0,0.565731227397919
"27479",0.02,1,0.550212502479553
"27480",0.02,1,0.550212502479553
"27481",0.02,1,0.540106415748596
"27482",0.02,1,0.550212502479553
"27483",0.02,1,0.550212502479553
"27484",0.02,1,0.540106415748596
"27600",0.02,0,0.144000485539436
"27601",0.02,0,0.16555367410183
"27602",0.02,1,0.207109570503235
"27603",0.02,0,0.294397085905075
"27780",0.02,1,0.655038416385651
"27781",0.02,1,0.655038416385651
"27782",0.02,1,0.655038416385651
"27783",0.02,0,0.645771324634552
"27784",0.02,0,0.609279632568359
"27785",0.02,1,0.655038416385651
"27786",0.02,1,0.655038416385651
"27787",0.02,1,0.655038416385651
"27788",0.02,1,0.645771324634552
"27789",0.02,0,0.609279632568359
"28329",0.02,1,0.475361257791519
"28330",0.02,0,0.475361257791519
"28331",0.02,1,0.340139448642731
"28332",0.02,0,0.493502676486969
"28333",0.02,1,0.475361257791519
"28334",0.02,1,0.475361257791519
"28335",0.02,1,0.340139448642731
"28336",0.02,0,0.493502676486969
"28897",0.02,1,0.538573682308197
"28898",0.02,0,0.538573682308197
"28901",0.02,1,0.538573682308197
"28902",0.02,1,0.538573682308197
"28953",0.02,1,0.537053644657135
"28956",0.02,1,0.537053644657135
"7161",0.02,1,0.584368348121643
"7162",0.02,1,0.584368348121643
"7163",0.02,1,0.601753532886505
"7164",0.02,1,0.601753532886505
"7165",0.02,1,0.417845249176025
"7166",0.02,0,0.417845249176025
"7167",0.02,1,0.388207793235779
"7168",0.02,1,0.388207793235779
"8731",0.02,0,0.563711583614349
"8732",0.02,0,0.563711583614349
"8733",0.02,1,0.281523257493973
"8734",0.02,1,0.281523257493973
"8735",0.02,0,0.317753314971924
"8736",0.02,0,0.317753314971924
"8739",0.02,0,0.533815145492554
"8740",0.02,0,0.533815145492554
"8870",0.02,0,0.442852407693863
"8871",0.02,0,0.442852407693863
"8874",0.02,1,0.520915329456329
"8875",0.02,1,0.520915329456329
"8876",0.02,1,0.790355026721954
"8877",0.02,1,0.790355026721954
"8878",0.02,0,0.473591893911362
"8879",0.02,1,0.473591893911362
"8880",0.02,1,0.523093044757843
"8881",0.02,1,0.523093044757843
"8989",0.02,1,0.274541258811951
"8990",0.02,0,0.274541258811951
"8991",0.02,0,0.154494673013687
"8992",0.02,0,0.154494673013687
"8993",0.02,0,0.341142266988754
"10249",0.04,0,0.121540106832981
"10250",0.04,0,0.121540106832981
"11187",0.04,0,0.342881947755814
"11188",0.04,0,0.342881947755814
"11189",0.04,0,0.1597019135952
"11190",0.04,0,0.1597019135952
"14801",0.04,0,0.0972832217812538
"14802",0.04,0,0.0972832217812538
"14803",0.04,0,0.0972832217812538
"14804",0.04,0,0.0972832217812538
"14805",0.04,0,0.19675500690937
"14806",0.04,0,0.19675500690937
"14807",0.04,0,0.19675500690937
"14808",0.04,0,0.19675500690937
"14809",0.04,0,0.187652304768562
"14810",0.04,0,0.187652304768562
"14811",0.04,0,0.187652304768562
"14812",0.04,0,0.187652304768562
"14813",0.04,0,0.282649546861649
"14814",0.04,0,0.282649546861649
"14815",0.04,0,0.282649546861649
"14816",0.04,0,0.282649546861649
"15121",0.04,0,0.228691846132278
"15122",0.04,0,0.12938492000103
"15123",0.04,0,0.12938492000103
"15339",0.04,0,0.312893867492676
"15340",0.04,0,0.417601674795151
"15341",0.04,0,0.708137035369873
"15342",0.04,0,0.172847509384155
"15343",0.04,0,0.708137035369873
"15344",0.04,1,0.281051278114319
"15345",0.04,0,0.215524047613144
"15346",0.04,0,0.283983319997787
"15347",0.04,0,0.28675502538681
"15348",0.04,0,0.375676214694977
"15349",0.04,0,0.171602204442024
"16260",0.04,0,0.577272713184357
"16261",0.04,0,0.262154102325439
"16262",0.04,0,0.31573560833931
"16263",0.04,0,0.712643504142761
"16264",0.04,0,0.309582382440567
"16265",0.04,0,0.321756273508072
"16266",0.04,1,0.428205341100693
"16267",0.04,1,0.677506744861603
"16268",0.04,1,0.438240557909012
"16269",0.04,0,0.204338744282722
"16270",0.04,0,0.224899277091026
"16271",0.04,0,0.389305919408798
"16272",0.04,0,0.573534965515137
"16273",0.04,0,0.333254843950272
"16274",0.04,1,0.412268161773682
"16275",0.04,0,0.581972122192383
"16276",0.04,1,0.49186372756958
"16277",0.04,1,0.507229328155518
"16278",0.04,0,0.57000207901001
"16279",0.04,0,0.677506744861603
"16280",0.04,0,0.425130128860474
"16281",0.04,1,0.499389320611954
"16282",0.04,0,0.423671364784241
"16283",0.04,1,0.490401446819305
"16284",0.04,0,0.410822033882141
"16285",0.04,0,0.588201224803925
"16286",0.04,0,0.298754185438156
"16287",0.04,0,0.595884263515472
"16288",0.04,0,0.463518559932709
"16289",0.04,0,0.572145998477936
"16290",0.04,1,0.587028861045837
"16291",0.04,0,0.359054893255234
"16292",0.04,0,0.601853549480438
"21184",0.04,0,0.676200687885284
"21344",0.04,0,0.135769665241241
"21345",0.04,0,0.135769665241241
"21346",0.04,0,0.135769665241241
"21347",0.04,0,0.135769665241241
"21348",0.04,0,0.135769665241241
"21349",0.04,0,0.135769665241241
"21350",0.04,0,0.135769665241241
"21371",0.04,0,0.255773395299911
"21372",0.04,0,0.255773395299911
"21373",0.04,0,0.255773395299911
"26356",0.04,0,0.826722681522369
"26357",0.04,1,0.826722681522369
"26358",0.04,1,0.826722681522369
"26359",0.04,0,0.826722681522369
"26360",0.04,1,0.826722681522369
"26501",0.04,0,0.811410367488861
"27944",0.04,0,0.162907600402832
"27945",0.04,0,0.162907600402832
"27946",0.04,0,0.162907600402832
"27947",0.04,0,0.162907600402832
"27948",0.04,1,0.241384848952293
"27949",0.04,1,0.0948806181550026
"27950",0.04,1,0.241384848952293
"27951",0.04,1,0.0948806181550026
"27952",0.04,0,0.147452741861343
"27953",0.04,0,0.085347980260849
"27954",0.04,0,0.147452741861343
"27955",0.04,0,0.085347980260849
"28153",0.04,0,0.32279896736145
"28154",0.04,1,0.13462196290493
"28155",0.04,0,0.140027150511742
"28156",0.04,1,0.32279896736145
"28157",0.04,1,0.13462196290493
"28158",0.04,0,0.140027150511742
"28159",0.04,0,0.318222552537918
"28160",0.04,0,0.371382892131805
"28161",0.04,0,0.141164183616638
"28162",0.04,0,0.376980513334274
"28163",0.04,0,0.318222552537918
"28164",0.04,0,0.371382892131805
"28165",0.04,0,0.141164183616638
"28166",0.04,0,0.376980513334274
"28319",0.04,1,0.108564719557762
"28320",0.04,0,0.108564719557762
"28321",0.04,0,0.111075080931187
"28322",0.04,0,0.18501541018486
"28323",0.04,0,0.108564719557762
"28324",0.04,0,0.108564719557762
"28325",0.04,0,0.111075080931187
"28326",0.04,0,0.18501541018486
"28327",0.04,0,0.152499124407768
"28328",0.04,0,0.152499124407768
"29074",0.04,0,0.185630515217781
"29075",0.04,0,0.255499243736267
"29076",0.04,0,0.188256874680519
"29077",0.04,1,0.185630515217781
"29078",0.04,0,0.508496522903442
"29079",0.04,0,0.23092794418335
"29163",0.04,0,0.247800320386887
"29164",0.04,0,0.276198029518127
"29165",0.04,0,0.413149863481522
"29166",0.04,0,0.415910392999649
"29169",0.04,0,0.138530164957047
"29170",0.04,0,0.461175233125687
"29171",0.04,0,0.55852073431015
"29172",0.04,1,0.52714616060257
"29366",0.04,0,0.539186716079712
"29370",0.04,0,0.539186716079712
"30460",0.04,0,0.213031381368637
"30461",0.04,0,0.115186914801598
"30462",0.04,0,0.354912430047989
"30463",0.04,1,0.438600212335587
"30464",0.04,1,0.505849242210388
"30465",0.04,0,0.124415695667267
"6195",0.04,0,0.346099227666855
"6196",0.04,0,0.246799349784851
"6197",0.04,1,0.346099227666855
"6198",0.04,1,0.346099227666855
"6199",0.04,1,0.246799349784851
"6200",0.04,1,0.346099227666855
"6201",0.04,0,0.346099227666855
"6202",0.04,1,0.346099227666855
"6203",0.04,1,0.346099227666855
"6204",0.04,1,0.246799349784851
"6205",0.04,1,0.325648069381714
"6206",0.04,1,0.23377425968647
"6207",0.04,1,0.284471362829208
"6208",0.04,0,0.23377425968647
"6209",0.04,0,0.284471362829208
"6210",0.04,0,0.243893682956696
"6211",0.04,0,0.284471362829208
"6212",0.04,0,0.243893682956696
"6213",0.04,1,0.325648069381714
"6214",0.04,0,0.23377425968647
"6215",0.04,0,0.284471362829208
"6216",0.04,0,0.23377425968647
"6217",0.04,0,0.256451517343521
"6218",0.04,0,0.256451517343521
"6219",0.04,1,0.256451517343521
"6220",0.04,0,0.256451517343521
"6221",0.04,1,0.256451517343521
"6222",0.04,1,0.245980620384216
"6223",0.04,0,0.298294335603714
"6224",0.04,0,0.298294335603714
"6225",0.04,1,0.256451517343521
"6226",0.04,1,0.245980620384216
"6227",0.04,1,0.298294335603714
"6228",0.04,1,0.298294335603714
"6345",0.04,0,0.475514054298401
"6346",0.04,1,0.296033620834351
"6347",0.04,1,0.296033620834351
"6348",0.04,0,0.475514054298401
"6349",0.04,1,0.296033620834351
"6350",0.04,1,0.296033620834351
"6351",0.04,1,0.481421887874603
"6352",0.04,1,0.303974688053131
"6353",0.04,1,0.303974688053131
"6354",0.04,1,0.481421887874603
"6355",0.04,1,0.481421887874603
"6356",0.04,1,0.303974688053131
"6357",0.04,1,0.251482307910919
"6358",0.04,1,0.251482307910919
"6359",0.04,1,0.249957084655762
"6360",0.04,1,0.249957084655762
"6361",0.04,0,0.251482307910919
"6362",0.04,1,0.251482307910919
"6363",0.04,0,0.249957084655762
"6364",0.04,1,0.249957084655762
"6365",0.04,0,0.303974688053131
"6366",0.04,1,0.481421887874603
"6472",0.04,1,0.327304691076279
"6473",0.04,1,0.327304691076279
"6474",0.04,0,0.327304691076279
"6475",0.04,0,0.243550837039948
"6476",0.04,1,0.243550837039948
"6477",0.04,1,0.243550837039948
"6478",0.04,0,0.327304691076279
"6479",0.04,0,0.243550837039948
"6480",0.04,1,0.243550837039948
"6481",0.04,1,0.243550837039948
"6482",0.04,1,0.327304691076279
"6483",0.04,1,0.327304691076279
"6484",0.04,1,0.318381041288376
"6485",0.04,1,0.237542122602463
"6486",0.04,0,0.123372435569763
"6487",0.04,0,0.214470788836479
"6488",0.04,0,0.214470788836479
"6489",0.04,0,0.123372435569763
"6490",0.04,1,0.318381041288376
"6491",0.04,1,0.237542122602463
"6492",0.04,1,0.123372435569763
"6493",0.04,1,0.214470788836479
"6494",0.04,1,0.214470788836479
"6495",0.04,1,0.123372435569763
"6496",0.04,1,0.214470788836479
"6497",0.04,0,0.214470788836479
"6498",0.04,0,0.214470788836479
"6499",0.04,1,0.138562247157097
"6500",0.04,1,0.138562247157097
"6501",0.04,1,0.214470788836479
"6502",0.04,1,0.214470788836479
"6503",0.04,1,0.214470788836479
"6504",0.04,1,0.138562247157097
"6505",0.04,1,0.138562247157097
"6597",0.04,0,0.133292987942696
"6598",0.04,0,0.133292987942696
"6599",0.04,0,0.148134812712669
"6600",0.04,0,0.148134812712669
"6601",0.04,1,0.225057557225227
"6602",0.04,1,0.148134812712669
"6603",0.04,1,0.148134812712669
"6604",0.04,1,0.148134812712669
"6605",0.04,1,0.225057557225227
"6606",0.04,1,0.148134812712669
"6607",0.04,0,0.389491736888885
"6608",0.04,1,0.389491736888885
"6609",0.04,0,0.389491736888885
"6610",0.04,1,0.389491736888885
"6611",0.04,1,0.389491736888885
"6612",0.04,1,0.389491736888885
"6736",0.04,0,0.394720941781998
"6737",0.04,0,0.123899519443512
"6738",0.04,1,0.123899519443512
"6739",0.04,0,0.394720941781998
"6740",0.04,1,0.123899519443512
"6741",0.04,1,0.123899519443512
"6742",0.04,0,0.18543666601181
"6743",0.04,1,0.18543666601181
"6744",0.04,0,0.18543666601181
"6745",0.04,0,0.18543666601181
"6746",0.04,0,0.424812346696854
"6747",0.04,0,0.424812346696854
"6748",0.04,0,0.424812346696854
"6749",0.04,0,0.424812346696854
"6784",0.04,0,0.0848880782723427
"6785",0.04,0,0.0848880782723427
"6786",0.04,1,0.277692943811417
"6787",0.04,1,0.304867774248123
"6788",0.04,1,0.10791577398777
"6789",0.04,0,0.10791577398777
"6790",0.04,1,0.277692943811417
"6791",0.04,0,0.304867774248123
"6792",0.04,0,0.10791577398777
"6793",0.04,0,0.10791577398777
"6794",0.04,1,0.144382700324059
"6795",0.04,1,0.144382700324059
"6796",0.04,1,0.086904413998127
"6797",0.04,1,0.134547993540764
"6798",0.04,1,0.134547993540764
"6799",0.04,0,0.144382700324059
"6800",0.04,1,0.144382700324059
"6801",0.04,1,0.086904413998127
"6802",0.04,1,0.134547993540764
"6803",0.04,0,0.134547993540764
"6804",0.04,0,0.1625125259161
"6805",0.04,0,0.1625125259161
"6806",0.04,1,0.0923714116215706
"6807",0.04,1,0.0923714116215706
"6808",0.04,0,0.1625125259161
"6809",0.04,1,0.1625125259161
"6810",0.04,1,0.0923714116215706
"6811",0.04,1,0.0923714116215706
"6812",0.04,1,0.241188287734985
"6813",0.04,1,0.330075860023499
"6814",0.04,1,0.348318129777908
"6815",0.04,1,0.348318129777908
"6816",0.04,1,0.241188287734985
"6817",0.04,0,0.330075860023499
"6928",0.04,0,0.309225589036942
"6929",0.04,0,0.309225589036942
"6930",0.04,0,0.309225589036942
"6931",0.04,1,0.309225589036942
"6932",0.04,1,0.309225589036942
"6933",0.04,0,0.522881865501404
"6934",0.04,0,0.522881865501404
"6935",0.04,1,0.522881865501404
"6936",0.04,0,0.309225589036942
"6937",0.04,1,0.522881865501404
"6938",0.04,0,0.522881865501404
"6939",0.04,0,0.522881865501404
"6940",0.04,0,0.332665264606476
"6941",0.04,1,0.332665264606476
"6942",0.04,1,0.332665264606476
"6943",0.04,1,0.332665264606476
"6944",0.04,1,0.332665264606476
"6945",0.04,1,0.332665264606476
"6946",0.04,1,0.332665264606476
"6947",0.04,1,0.332665264606476
"6948",0.04,0,0.329667419195175
"6949",0.04,0,0.3639195561409
"6950",0.04,0,0.3639195561409
"6951",0.04,0,0.3639195561409
"6952",0.04,1,0.3639195561409
"6953",0.04,0,0.329667419195175
"6954",0.04,0,0.3639195561409
"6955",0.04,0,0.3639195561409
"6956",0.04,0,0.3639195561409
"6957",0.04,1,0.3639195561409
"7089",0.04,0,0.369582891464233
"7090",0.04,0,0.369582891464233
"7091",0.04,0,0.164334207773209
"7092",0.04,1,0.164334207773209
"7093",0.04,1,0.362632632255554
"7094",0.04,0,0.362632632255554
"7095",0.04,0,0.164334207773209
"7096",0.04,0,0.164334207773209
"7097",0.04,1,0.362632632255554
"7098",0.04,0,0.362632632255554
"7099",0.04,0,0.319838583469391
"7100",0.04,1,0.319838583469391
"7101",0.04,0,0.319838583469391
"7102",0.04,1,0.319838583469391
"7103",0.04,1,0.319838583469391
"7104",0.04,1,0.319838583469391
"7229",0.04,0,0.375753164291382
"7230",0.04,0,0.375753164291382
"7231",0.04,0,0.375753164291382
"7232",0.04,0,0.375753164291382
"7233",0.04,0,0.32316866517067
"7234",0.04,1,0.32316866517067
"7235",0.04,1,0.32316866517067
"7236",0.04,1,0.32316866517067
"7237",0.04,0,0.32316866517067
"7238",0.04,1,0.184430569410324
"7239",0.04,1,0.184430569410324
"7240",0.04,1,0.184430569410324
"7241",0.04,1,0.184430569410324
"7242",0.04,0,0.184430569410324
"7243",0.04,0,0.184430569410324
"7244",0.04,1,0.184430569410324
"7245",0.04,0,0.188300415873528
"7246",0.04,1,0.188300415873528
"7247",0.04,1,0.256500542163849
"7248",0.04,1,0.188300415873528
"7249",0.04,1,0.256500542163849
"7250",0.04,0,0.256500542163849
"7251",0.04,1,0.256500542163849
"7252",0.04,1,0.375753164291382
"7253",0.04,0,0.375753164291382
"7254",0.04,0,0.32316866517067
"7255",0.04,0,0.184430569410324
"7256",0.04,1,0.188300415873528
"7257",0.04,1,0.253974616527557
"7258",0.04,0,0.250311702489853
"7259",0.04,1,0.250311702489853
"7260",0.04,1,0.253974616527557
"7261",0.04,1,0.250311702489853
"7262",0.04,1,0.250311702489853
"7398",0.04,1,0.158923596143723
"7399",0.04,1,0.158923596143723
"7400",0.04,1,0.11311873793602
"7401",0.04,1,0.11311873793602
"7402",0.04,0,0.11311873793602
"7403",0.04,0,0.158923596143723
"7404",0.04,1,0.158923596143723
"7405",0.04,1,0.11311873793602
"7406",0.04,1,0.11311873793602
"7407",0.04,1,0.11311873793602
"7408",0.04,1,0.115094922482967
"7409",0.04,1,0.115094922482967
"7410",0.04,1,0.162759318947792
"7411",0.04,1,0.162759318947792
"7412",0.04,1,0.115094922482967
"7413",0.04,1,0.115094922482967
"7414",0.04,1,0.162759318947792
"7415",0.04,1,0.162759318947792
"7416",0.04,1,0.162759318947792
"7417",0.04,1,0.216295495629311
"7418",0.04,0,0.126619800925255
"7419",0.04,1,0.162759318947792
"7420",0.04,1,0.216295495629311
"7421",0.04,0,0.126619800925255
"7422",0.04,0,0.217953681945801
"7423",0.04,1,0.127702564001083
"7424",0.04,0,0.217953681945801
"7425",0.04,0,0.127702564001083
"7567",0.04,0,0.158731728792191
"7568",0.04,0,0.158731728792191
"7569",0.04,0,0.158731728792191
"7570",0.04,1,0.158731728792191
"7571",0.04,1,0.115330278873444
"7572",0.04,0,0.115330278873444
"7573",0.04,1,0.117402426898479
"7574",0.04,1,0.115330278873444
"7575",0.04,1,0.115330278873444
"7576",0.04,0,0.115330278873444
"7577",0.04,1,0.117402426898479
"7578",0.04,1,0.115330278873444
"7579",0.04,1,0.119078122079372
"7580",0.04,1,0.119078122079372
"7581",0.04,0,0.172562956809998
"7582",0.04,1,0.172562956809998
"7583",0.04,1,0.119078122079372
"7584",0.04,1,0.119078122079372
"7585",0.04,1,0.172562956809998
"7586",0.04,1,0.172562956809998
"7587",0.04,1,0.177538499236107
"7588",0.04,0,0.226385056972504
"7589",0.04,1,0.192560002207756
"7590",0.04,1,0.177538499236107
"7591",0.04,1,0.226385056972504
"7592",0.04,1,0.192560002207756
"10270",0.04,1,0.686827063560486
"10271",0.04,1,0.686827063560486
"10272",0.04,1,0.699683904647827
"10273",0.04,1,0.699683904647827
"10274",0.04,1,0.633887052536011
"10275",0.04,1,0.654594957828522
"10276",0.04,1,0.896028280258179
"10277",0.04,1,0.654594957828522
"10428",0.04,1,0.809516489505768
"10429",0.04,1,0.809516489505768
"10642",0.04,1,0.349395662546158
"10643",0.04,1,0.35969141125679
"10644",0.04,1,0.737452268600464
"10645",0.04,1,0.35969141125679
"10799",0.04,1,0.782392859458923
"10800",0.04,1,0.447457283735275
"10801",0.04,1,0.442634642124176
"10802",0.04,1,0.442634642124176
"10803",0.04,0,0.54280287027359
"10804",0.04,1,0.550391137599945
"10805",0.04,1,0.442051768302917
"10806",0.04,1,0.442051768302917
"10900",0.04,1,0.749447286128998
"10901",0.04,1,0.409659534692764
"10902",0.04,1,0.42267706990242
"10903",0.04,1,0.409659534692764
"11026",0.04,1,0.452889919281006
"11027",0.04,1,0.452889919281006
"11028",0.04,1,0.30005607008934
"11029",0.04,1,0.30005607008934
"11030",0.04,1,0.614351093769073
"11031",0.04,1,0.304173022508621
"11032",0.04,1,0.347367256879807
"11033",0.04,1,0.304173022508621
"14148",0.04,1,0.544207692146301
"14149",0.04,0,0.544207692146301
"14150",0.04,0,0.491839110851288
"14151",0.04,0,0.491839110851288
"14156",0.04,1,0.727993607521057
"14157",0.04,1,0.727993607521057
"14158",0.04,1,0.742971539497375
"14159",0.04,1,0.742971539497375
"14233",0.04,1,0.893733143806458
"14234",0.04,1,0.893733143806458
"14235",0.04,1,0.647880792617798
"14236",0.04,1,0.647880792617798
"14237",0.04,1,0.2436154037714
"14238",0.04,1,0.2436154037714
"14239",0.04,1,0.242246255278587
"14240",0.04,1,0.242246255278587
"14241",0.04,0,0.291326195001602
"14379",0.04,1,0.460897028446198
"14380",0.04,1,0.145457044243813
"14381",0.04,1,0.145457044243813
"14382",0.04,1,0.813720345497131
"14383",0.04,1,0.460897028446198
"14384",0.04,1,0.145457044243813
"14385",0.04,1,0.145457044243813
"14386",0.04,1,0.145457044243813
"14387",0.04,1,0.813720345497131
"14388",0.04,1,0.145457044243813
"14389",0.04,1,0.813720345497131
"14390",0.04,1,0.460897028446198
"14391",0.04,0,0.146619811654091
"14392",0.04,0,0.146619811654091
"14393",0.04,1,0.813720345497131
"14394",0.04,1,0.460897028446198
"14395",0.04,0,0.146619811654091
"14396",0.04,0,0.146619811654091
"14397",0.04,0,0.166560336947441
"14398",0.04,0,0.166560336947441
"14783",0.04,0,0.447457283735275
"14784",0.04,1,0.447457283735275
"14785",0.04,1,0.151417285203934
"14786",0.04,1,0.151417285203934
"14787",0.04,1,0.447457283735275
"14788",0.04,1,0.447457283735275
"14789",0.04,1,0.151417285203934
"14790",0.04,1,0.151417285203934
"14791",0.04,1,0.447457283735275
"14792",0.04,1,0.447457283735275
"14793",0.04,1,0.151417285203934
"14794",0.04,1,0.151417285203934
"14795",0.04,1,0.447457283735275
"14796",0.04,1,0.151417285203934
"14797",0.04,0,0.151417285203934
"14798",0.04,1,0.447457283735275
"14864",0.04,1,0.785214245319366
"14865",0.04,1,0.785214245319366
"14866",0.04,1,0.785214245319366
"14867",0.04,1,0.45157727599144
"14946",0.04,1,0.407486796379089
"14947",0.04,1,0.678326010704041
"14948",0.04,0,0.407486796379089
"14949",0.04,1,0.678326010704041
"14950",0.04,0,0.678326010704041
"14951",0.04,0,0.678326010704041
"14952",0.04,0,0.127619475126266
"14953",0.04,0,0.127619475126266
"14958",0.04,1,0.365497469902039
"14959",0.04,1,0.124590255320072
"14960",0.04,1,0.124590255320072
"14961",0.04,1,0.682503819465637
"14962",0.04,1,0.365497469902039
"14963",0.04,1,0.682503819465637
"14964",0.04,1,0.682503819465637
"14965",0.04,1,0.124590255320072
"14966",0.04,1,0.452146738767624
"14967",0.04,1,0.365497469902039
"14968",0.04,1,0.682503819465637
"14969",0.04,1,0.682503819465637
"14970",0.04,1,0.124590255320072
"14971",0.04,1,0.452146738767624
"14972",0.04,0,0.121079236268997
"14973",0.04,1,0.121079236268997
"14974",0.04,0,0.22618792951107
"14975",0.04,1,0.121079236268997
"14976",0.04,1,0.121079236268997
"14977",0.04,0,0.22618792951107
"14978",0.04,0,0.121079236268997
"14979",0.04,0,0.121079236268997
"14980",0.04,1,0.22618792951107
"14981",0.04,0,0.121079236268997
"14982",0.04,0,0.121079236268997
"14983",0.04,0,0.22618792951107
"14988",0.04,0,0.077886663377285
"14989",0.04,0,0.077886663377285
"14990",0.04,0,0.181441828608513
"14991",0.04,1,0.181441828608513
"14995",0.04,0,0.181441828608513
"14996",0.04,0,0.181441828608513
"14997",0.04,0,0.181441828608513
"14998",0.04,1,0.181441828608513
"14999",0.04,0,0.181441828608513
"15193",0.04,1,0.348358362913132
"15194",0.04,1,0.348358362913132
"15195",0.04,1,0.0956878960132599
"15196",0.04,1,0.0956878960132599
"15197",0.04,1,0.612747967243195
"15198",0.04,1,0.0968559309840202
"15199",0.04,1,0.0968559309840202
"15200",0.04,1,0.0968559309840202
"15201",0.04,1,0.0968559309840202
"15397",0.04,0,0.3699751496315
"15398",0.04,1,0.640011131763458
"15399",0.04,0,0.102679282426834
"15400",0.04,0,0.102679282426834
"15402",0.04,1,0.0940686389803886
"15403",0.04,1,0.102679282426834
"15404",0.04,1,0.322932988405228
"15405",0.04,1,0.322932988405228
"15406",0.04,1,0.404744654893875
"15446",0.04,1,0.696514070034027
"15447",0.04,1,0.696514070034027
"15448",0.04,1,0.471831530332565
"15449",0.04,0,0.471831530332565
"15450",0.04,1,0.696514070034027
"15451",0.04,1,0.696514070034027
"15452",0.04,1,0.471831530332565
"15453",0.04,1,0.471831530332565
"15454",0.04,0,0.119351282715797
"15455",0.04,1,0.119351282715797
"15456",0.04,1,0.112758331000805
"15457",0.04,1,0.374367117881775
"15458",0.04,1,0.374367117881775
"15459",0.04,1,0.119351282715797
"15460",0.04,1,0.119351282715797
"15461",0.04,0,0.112758331000805
"15462",0.04,0,0.374367117881775
"15463",0.04,1,0.374367117881775
"15464",0.04,0,0.137070402503014
"15465",0.04,0,0.137070402503014
"15466",0.04,1,0.137070402503014
"15467",0.04,1,0.137070402503014
"15679",0.04,1,0.678588390350342
"15680",0.04,1,0.678588390350342
"15681",0.04,1,0.678588390350342
"15682",0.04,0,0.678588390350342
"15684",0.04,0,0.119409322738647
"15685",0.04,0,0.119409322738647
"15686",0.04,1,0.119409322738647
"15687",0.04,0,0.115171924233437
"15688",0.04,0,0.119409322738647
"15689",0.04,1,0.119409322738647
"15690",0.04,1,0.119409322738647
"15691",0.04,1,0.119409322738647
"15692",0.04,1,0.115171924233437
"15693",0.04,0,0.115171924233437
"15694",0.04,0,0.115171924233437
"15695",0.04,0,0.119409322738647
"15696",0.04,1,0.119409322738647
"15697",0.04,1,0.716182827949524
"15698",0.04,1,0.119409322738647
"15699",0.04,1,0.716182827949524
"15823",0.04,1,0.716182827949524
"15824",0.04,1,0.716182827949524
"15825",0.04,1,0.716182827949524
"15826",0.04,1,0.377414911985397
"15827",0.04,1,0.119409322738647
"15828",0.04,0,0.119409322738647
"15829",0.04,1,0.716182827949524
"15830",0.04,0,0.377414911985397
"15831",0.04,0,0.119409322738647
"15832",0.04,0,0.119409322738647
"16300",0.04,0,0.181441828608513
"16301",0.04,0,0.181441828608513
"16302",0.04,0,0.682503819465637
"16303",0.04,1,0.365497469902039
"16304",0.04,1,0.124590255320072
"16305",0.04,1,0.124590255320072
"16306",0.04,1,0.181441828608513
"16307",0.04,1,0.0940686389803886
"16994",0.04,0,0.703130841255188
"16995",0.04,0,0.709895253181458
"16996",0.04,0,0.640434682369232
"16998",0.04,0,0.65679132938385
"16999",0.04,1,0.889014542102814
"17000",0.04,1,0.638505637645721
"17001",0.04,1,0.245865926146507
"17002",0.04,0,0.660409390926361
"17003",0.04,0,0.660409390926361
"17004",0.04,0,0.279099375009537
"17005",0.04,0,0.619695484638214
"17006",0.04,0,0.640434682369232
"17007",0.04,0,0.28613606095314
"17034",0.04,0,0.635881185531616
"17035",0.04,1,0.640434682369232
"17036",0.04,0,0.65679132938385
"17037",0.04,1,0.647620022296906
"17211",0.04,0,0.11241590231657
"17213",0.04,1,0.363778978586197
"17214",0.04,0,0.398593366146088
"17344",0.04,0,0.401963710784912
"17791",0.04,1,0.809516489505768
"17792",0.04,1,0.460551232099533
"18443",0.04,1,0.889807343482971
"18444",0.04,1,0.889807343482971
"18445",0.04,1,0.68064934015274
"18447",0.04,1,0.163457348942757
"18448",0.04,1,0.163457348942757
"18449",0.04,1,0.769641220569611
"18450",0.04,1,0.769641220569611
"18451",0.04,1,0.163457348942757
"18452",0.04,0,0.163457348942757
"18453",0.04,1,0.769641220569611
"18454",0.04,1,0.769641220569611
"18455",0.04,1,0.75814813375473
"18456",0.04,0,0.75814813375473
"18457",0.04,1,0.75814813375473
"18458",0.04,1,0.75814813375473
"18459",0.04,1,0.75814813375473
"18460",0.04,0,0.75814813375473
"18461",0.04,1,0.75814813375473
"18462",0.04,1,0.75814813375473
"18463",0.04,1,0.75814813375473
"18464",0.04,0,0.75814813375473
"18529",0.04,1,0.68064934015274
"18737",0.04,1,0.360176593065262
"18738",0.04,0,0.360176593065262
"18739",0.04,0,0.360176593065262
"18740",0.04,0,0.360176593065262
"18741",0.04,1,0.762286126613617
"18742",0.04,0,0.762286126613617
"18743",0.04,1,0.360176593065262
"18744",0.04,1,0.360176593065262
"18745",0.04,1,0.762286126613617
"18746",0.04,1,0.762286126613617
"18747",0.04,0,0.762286126613617
"18748",0.04,1,0.762286126613617
"18749",0.04,1,0.762286126613617
"18750",0.04,1,0.762286126613617
"18947",0.04,1,0.454699248075485
"18948",0.04,1,0.454699248075485
"18949",0.04,0,0.454699248075485
"18950",0.04,1,0.454699248075485
"18951",0.04,1,0.454699248075485
"18952",0.04,0,0.454699248075485
"18953",0.04,1,0.454699248075485
"18954",0.04,1,0.454699248075485
"18955",0.04,1,0.456049144268036
"18956",0.04,1,0.456049144268036
"18957",0.04,0,0.456049144268036
"18958",0.04,0,0.507527709007263
"18959",0.04,1,0.507527709007263
"18960",0.04,1,0.456049144268036
"18961",0.04,1,0.456049144268036
"18962",0.04,1,0.456049144268036
"18963",0.04,0,0.456049144268036
"18964",0.04,1,0.507527709007263
"18965",0.04,0,0.507527709007263
"18966",0.04,0,0.456049144268036
"18967",0.04,1,0.0824846252799034
"18968",0.04,1,0.627737104892731
"18969",0.04,1,0.627737104892731
"18970",0.04,1,0.627737104892731
"18971",0.04,1,0.627737104892731
"18972",0.04,1,0.0824846252799034
"18973",0.04,0,0.0824846252799034
"18974",0.04,1,0.627737104892731
"18975",0.04,1,0.627737104892731
"18976",0.04,1,0.627737104892731
"18977",0.04,1,0.0824846252799034
"18978",0.04,0,0.627737104892731
"18979",0.04,1,0.634038150310516
"18980",0.04,1,0.634038150310516
"18981",0.04,0,0.634038150310516
"18982",0.04,1,0.215580359101295
"18983",0.04,1,0.634038150310516
"18984",0.04,1,0.634038150310516
"18985",0.04,1,0.634038150310516
"18986",0.04,0,0.634038150310516
"18987",0.04,1,0.215580359101295
"18988",0.04,1,0.634038150310516
"18989",0.04,1,0.505433440208435
"18990",0.04,1,0.809516489505768
"18991",0.04,1,0.455703884363174
"18992",0.04,1,0.455703884363174
"18993",0.04,1,0.505433440208435
"18994",0.04,1,0.455703884363174
"18995",0.04,1,0.809516489505768
"18996",0.04,1,0.455703884363174
"18997",0.04,0,0.455703884363174
"18998",0.04,0,0.455703884363174
"18999",0.04,1,0.505433440208435
"19000",0.04,1,0.455703884363174
"19001",0.04,0,0.505433440208435
"19002",0.04,1,0.505433440208435
"19003",0.04,1,0.455703884363174
"19004",0.04,0,0.505433440208435
"19120",0.04,0,0.396021872758865
"19121",0.04,0,0.396021872758865
"19122",0.04,1,0.3552066385746
"19123",0.04,1,0.3552066385746
"19124",0.04,0,0.396021872758865
"19125",0.04,0,0.396021872758865
"19126",0.04,1,0.3552066385746
"19127",0.04,0,0.396021872758865
"19128",0.04,0,0.3552066385746
"19129",0.04,1,0.737452268600464
"19130",0.04,1,0.396021872758865
"19131",0.04,0,0.3552066385746
"19132",0.04,0,0.3552066385746
"19133",0.04,1,0.396021872758865
"19134",0.04,1,0.3552066385746
"19135",0.04,1,0.737452268600464
"19136",0.04,1,0.396021872758865
"19137",0.04,0,0.3552066385746
"19138",0.04,1,0.3552066385746
"19139",0.04,1,0.3552066385746
"19140",0.04,1,0.3552066385746
"19141",0.04,1,0.3552066385746
"19142",0.04,1,0.3552066385746
"19143",0.04,1,0.3552066385746
"19144",0.04,1,0.3552066385746
"19145",0.04,1,0.3552066385746
"19146",0.04,1,0.3552066385746
"19147",0.04,1,0.197552070021629
"19148",0.04,0,0.617651998996735
"19149",0.04,0,0.617651998996735
"19150",0.04,0,0.617651998996735
"19151",0.04,0,0.617651998996735
"19152",0.04,1,0.197552070021629
"19153",0.04,0,0.617651998996735
"19154",0.04,0,0.617651998996735
"19155",0.04,0,0.617651998996735
"19156",0.04,1,0.617651998996735
"19157",0.04,1,0.545602083206177
"19158",0.04,1,0.545602083206177
"19159",0.04,1,0.0558088049292564
"19160",0.04,1,0.0558088049292564
"19161",0.04,1,0.0558088049292564
"19162",0.04,1,0.545602083206177
"19163",0.04,0,0.545602083206177
"19164",0.04,1,0.545602083206177
"19165",0.04,1,0.545602083206177
"19166",0.04,1,0.545602083206177
"19167",0.04,0,0.773826420307159
"19168",0.04,1,0.773826420307159
"19169",0.04,1,0.773826420307159
"19170",0.04,1,0.773826420307159
"19632",0.04,0,0.856727361679077
"19633",0.04,0,0.63644140958786
"19634",0.04,0,0.856727361679077
"19635",0.04,0,0.63644140958786
"19636",0.04,1,0.856727361679077
"19637",0.04,1,0.64094740152359
"19638",0.04,1,0.63644140958786
"19639",0.04,1,0.63644140958786
"19640",0.04,0,0.856727361679077
"19641",0.04,1,0.64094740152359
"19642",0.04,0,0.63644140958786
"19643",0.04,0,0.63644140958786
"19775",0.04,1,0.647880792617798
"19776",0.04,1,0.647880792617798
"19777",0.04,0,0.647880792617798
"19778",0.04,0,0.647880792617798
"19779",0.04,0,0.647880792617798
"19780",0.04,0,0.647880792617798
"19781",0.04,0,0.675812602043152
"19782",0.04,1,0.675812602043152
"19783",0.04,0,0.675812602043152
"19784",0.04,0,0.675812602043152
"19785",0.04,1,0.114479333162308
"19786",0.04,0,0.406951725482941
"19787",0.04,1,0.114479333162308
"19788",0.04,0,0.406951725482941
"19803",0.04,1,0.381398975849152
"19804",0.04,1,0.386062264442444
"19805",0.04,0,0.381398975849152
"19806",0.04,1,0.386062264442444
"19909",0.04,1,0.364688664674759
"19910",0.04,1,0.364688664674759
"19911",0.04,0,0.394531071186066
"19912",0.04,0,0.389830380678177
"19913",0.04,0,0.394531071186066
"19914",0.04,1,0.389830380678177
"19915",0.04,0,0.207973405718803
"19916",0.04,0,0.207973405718803
"20945",0.04,1,0.714756488800049
"20946",0.04,0,0.540331363677979
"20947",0.04,1,0.714756488800049
"20948",0.04,0,0.540331363677979
"20949",0.04,0,0.415468066930771
"20950",0.04,1,0.420217901468277
"20951",0.04,1,0.415468066930771
"20952",0.04,1,0.420217901468277
"21107",0.04,1,0.460551232099533
"21108",0.04,1,0.809516489505768
"21214",0.04,1,0.064700536429882
"21215",0.04,1,0.064700536429882
"21216",0.04,1,0.064700536429882
"21217",0.04,1,0.064700536429882
"21218",0.04,0,0.0756150484085083
"21219",0.04,1,0.0756150484085083
"21220",0.04,1,0.0756150484085083
"21221",0.04,0,0.599957525730133
"21222",0.04,1,0.599957525730133
"21223",0.04,1,0.599957525730133
"21224",0.04,0,0.599957525730133
"21225",0.04,0,0.599957525730133
"21290",0.04,1,0.872806906700134
"21291",0.04,1,0.872806906700134
"21292",0.04,1,0.872806906700134
"21293",0.04,0,0.872806906700134
"21294",0.04,0,0.872806906700134
"21295",0.04,1,0.872806906700134
"21296",0.04,1,0.872806906700134
"21297",0.04,1,0.872806906700134
"21298",0.04,1,0.872806906700134
"21299",0.04,1,0.872806906700134
"21300",0.04,0,0.872806906700134
"21301",0.04,0,0.872806906700134
"21302",0.04,0,0.872806906700134
"21303",0.04,0,0.872806906700134
"21304",0.04,0,0.110273376107216
"21305",0.04,0,0.110273376107216
"21306",0.04,0,0.110273376107216
"21307",0.04,0,0.110273376107216
"21308",0.04,0,0.110273376107216
"21309",0.04,0,0.110273376107216
"21310",0.04,1,0.110273376107216
"21311",0.04,0,0.110273376107216
"21312",0.04,0,0.110273376107216
"21313",0.04,0,0.110273376107216
"21314",0.04,0,0.110273376107216
"21315",0.04,0,0.110273376107216
"21316",0.04,1,0.110273376107216
"21317",0.04,0,0.110273376107216
"21330",0.04,1,0.80588436126709
"21331",0.04,1,0.80588436126709
"21332",0.04,1,0.80588436126709
"21333",0.04,1,0.80588436126709
"21334",0.04,1,0.80588436126709
"21335",0.04,1,0.80588436126709
"21336",0.04,1,0.80588436126709
"21337",0.04,0,0.253094285726547
"21338",0.04,1,0.253094285726547
"21339",0.04,1,0.253094285726547
"21340",0.04,1,0.253094285726547
"21341",0.04,1,0.253094285726547
"21342",0.04,1,0.253094285726547
"21343",0.04,1,0.253094285726547
"21378",0.04,0,0.347360223531723
"21379",0.04,0,0.347360223531723
"21380",0.04,0,0.347360223531723
"21381",0.04,1,0.347360223531723
"21382",0.04,0,0.347360223531723
"21383",0.04,0,0.347360223531723
"21384",0.04,0,0.347360223531723
"21385",0.04,0,0.347360223531723
"21386",0.04,0,0.347360223531723
"21387",0.04,0,0.347360223531723
"21388",0.04,0,0.347360223531723
"21389",0.04,0,0.347360223531723
"21390",0.04,0,0.347360223531723
"21391",0.04,0,0.347360223531723
"21392",0.04,0,0.347360223531723
"21393",0.04,0,0.347360223531723
"21433",0.04,0,0.641864240169525
"21434",0.04,1,0.641864240169525
"21435",0.04,1,0.691528677940369
"21436",0.04,1,0.691528677940369
"21437",0.04,1,0.691528677940369
"21438",0.04,1,0.691528677940369
"21439",0.04,1,0.442634642124176
"21441",0.04,0,0.442634642124176
"21442",0.04,1,0.442634642124176
"21443",0.04,1,0.442634642124176
"21444",0.04,0,0.442634642124176
"21445",0.04,0,0.442634642124176
"21613",0.04,1,0.64094740152359
"21614",0.04,1,0.64094740152359
"21956",0.04,0,0.658784031867981
"21957",0.04,1,0.640434682369232
"21958",0.04,0,0.640434682369232
"21959",0.04,0,0.658784031867981
"21960",0.04,1,0.640434682369232
"21961",0.04,1,0.640434682369232
"22064",0.04,0,0.392702370882034
"22065",0.04,0,0.351310461759567
"22066",0.04,1,0.392702370882034
"22067",0.04,0,0.351310461759567
"22068",0.04,0,0.392702370882034
"22069",0.04,0,0.351310461759567
"22070",0.04,0,0.392702370882034
"22071",0.04,0,0.351310461759567
"22072",0.04,0,0.35305842757225
"22073",0.04,0,0.35305842757225
"22074",0.04,0,0.35305842757225
"22075",0.04,0,0.35305842757225
"22294",0.04,0,0.500408709049225
"22295",0.04,0,0.497329860925674
"22502",0.04,0,0.460551232099533
"22503",0.04,0,0.460551232099533
"22514",0.04,0,0.368004679679871
"22515",0.04,0,0.368004679679871
"22516",0.04,0,0.311715424060822
"22517",0.04,0,0.368004679679871
"22518",0.04,0,0.368004679679871
"22519",0.04,0,0.311715424060822
"22520",0.04,0,0.360332250595093
"22521",0.04,0,0.407294571399689
"22522",0.04,0,0.302679240703583
"22523",0.04,0,0.358185976743698
"22524",0.04,0,0.360332250595093
"22525",0.04,0,0.360332250595093
"22526",0.04,0,0.302679240703583
"22527",0.04,0,0.358185976743698
"22528",0.04,0,0.398975402116776
"22529",0.04,1,0.398975402116776
"22530",0.04,0,0.398975402116776
"22531",0.04,0,0.395696222782135
"22532",0.04,1,0.398975402116776
"22533",0.04,0,0.395696222782135
"22534",0.04,0,0.391117691993713
"22535",0.04,0,0.391117691993713
"22536",0.04,0,0.3552066385746
"22537",0.04,1,0.391117691993713
"22538",0.04,0,0.391117691993713
"22539",0.04,0,0.3552066385746
"23264",0.04,0,0.527732074260712
"23265",0.04,0,0.527732074260712
"23266",0.04,1,0.413273572921753
"23267",0.04,0,0.527732074260712
"23268",0.04,0,0.527732074260712
"23269",0.04,1,0.413273572921753
"23270",0.04,1,0.420217901468277
"23271",0.04,1,0.415468066930771
"23272",0.04,0,0.529985368251801
"23273",0.04,1,0.420217901468277
"23274",0.04,0,0.529985368251801
"23275",0.04,1,0.471097856760025
"23438",0.04,0,0.716182827949524
"23439",0.04,1,0.716182827949524
"23440",0.04,1,0.716182827949524
"23441",0.04,1,0.377414911985397
"23442",0.04,1,0.37283781170845
"23443",0.04,1,0.716182827949524
"23444",0.04,1,0.377414911985397
"23445",0.04,1,0.37283781170845
"23460",0.04,0,0.377414911985397
"23461",0.04,1,0.484281569719315
"23462",0.04,1,0.484281569719315
"23463",0.04,0,0.37283781170845
"23464",0.04,1,0.484281569719315
"23465",0.04,1,0.484281569719315
"23466",0.04,1,0.37283781170845
"23467",0.04,1,0.377414911985397
"24221",0.04,1,0.669408619403839
"24222",0.04,0,0.669408619403839
"24223",0.04,1,0.63644140958786
"24224",0.04,0,0.63644140958786
"24225",0.04,0,0.669408619403839
"24226",0.04,1,0.669408619403839
"24227",0.04,0,0.63644140958786
"24228",0.04,0,0.63644140958786
"24431",0.04,0,0.897495985031128
"24432",0.04,1,0.654381096363068
"24433",0.04,0,0.654381096363068
"24434",0.04,0,0.897495985031128
"24435",0.04,1,0.654381096363068
"24436",0.04,0,0.654381096363068
"24437",0.04,1,0.684721708297729
"24438",0.04,0,0.684721708297729
"24439",0.04,0,0.684721708297729
"24440",0.04,1,0.684721708297729
"24441",0.04,0,0.639901995658875
"24442",0.04,0,0.639901995658875
"24623",0.04,0,0.402525395154953
"24624",0.04,0,0.402525395154953
"24625",0.04,1,0.394531071186066
"24626",0.04,0,0.394531071186066
"24627",0.04,0,0.402525395154953
"24628",0.04,0,0.402525395154953
"24629",0.04,0,0.394531071186066
"24630",0.04,0,0.394531071186066
"24771",0.04,0,0.455057591199875
"24772",0.04,0,0.5231072306633
"24773",0.04,0,0.495142787694931
"24775",0.04,0,0.538165748119354
"24776",0.04,0,0.506661057472229
"24777",0.04,0,0.495142787694931
"24928",0.04,0,0.529453635215759
"24929",0.04,0,0.299945831298828
"24930",0.04,0,0.410946398973465
"24931",0.04,0,0.3958660364151
"24932",0.04,0,0.529453635215759
"24933",0.04,0,0.299945831298828
"24934",0.04,0,0.410946398973465
"24935",0.04,0,0.3958660364151
"24937",0.04,0,0.500575840473175
"24941",0.04,0,0.500575840473175
"25160",0.04,0,0.736104309558868
"25161",0.04,0,0.736104309558868
"25162",0.04,0,0.420581489801407
"25163",0.04,0,0.736104309558868
"25925",0.04,0,0.369345486164093
"25926",0.04,0,0.369345486164093
"25927",0.04,0,0.364808887243271
"25928",0.04,0,0.369345486164093
"25929",0.04,0,0.369345486164093
"25930",0.04,1,0.369345486164093
"25931",0.04,0,0.364808887243271
"25932",0.04,0,0.364808887243271
"25933",0.04,0,0.43834325671196
"25934",0.04,0,0.43834325671196
"25936",0.04,0,0.43834325671196
"25937",0.04,0,0.43834325671196
"26331",0.04,1,0.362328082323074
"26332",0.04,1,0.185287043452263
"26333",0.04,1,0.0372117534279823
"26334",0.04,1,0.762286126613617
"26393",0.04,0,0.110003612935543
"26394",0.04,0,0.139489054679871
"26395",0.04,0,0.110003612935543
"26396",0.04,0,0.139489054679871
"27459",0.04,0,0.320395916700363
"27460",0.04,0,0.707103908061981
"27461",0.04,0,0.320395916700363
"27462",0.04,0,0.707103908061981
"27463",0.04,0,0.707103908061981
"27465",0.04,0,0.707103908061981
"27469",0.04,0,0.01946160197258
"27472",0.04,0,0.01946160197258
"27495",0.04,0,0.646307647228241
"27496",0.04,0,0.646307647228241
"27497",0.04,0,0.646307647228241
"27498",0.04,0,0.646307647228241
"27499",0.04,0,0.671477198600769
"27500",0.04,0,0.671477198600769
"27501",0.04,0,0.753060162067413
"27502",0.04,1,0.753060162067413
"27503",0.04,0,0.671477198600769
"27504",0.04,0,0.671477198600769
"27505",0.04,0,0.753060162067413
"27506",0.04,0,0.675300061702728
"27507",0.04,0,0.753060162067413
"27508",0.04,0,0.675300061702728
"27509",0.04,1,0.64159369468689
"27510",0.04,0,0.64159369468689
"27511",0.04,0,0.675300061702728
"27512",0.04,0,0.675300061702728
"27513",0.04,0,0.64159369468689
"27514",0.04,1,0.64159369468689
"27515",0.04,0,0.649993598461151
"27516",0.04,1,0.649993598461151
"27517",0.04,1,0.649993598461151
"27518",0.04,0,0.649993598461151
"27606",0.04,1,0.64332127571106
"27607",0.04,1,0.873028516769409
"27608",0.04,1,0.688379406929016
"27609",0.04,1,0.803202450275421
"27740",0.04,0,0.628655850887299
"27741",0.04,0,0.628655850887299
"27742",0.04,0,0.628655850887299
"27743",0.04,0,0.628655850887299
"27744",0.04,0,0.628655850887299
"27745",0.04,0,0.628655850887299
"27748",0.04,0,0.634766340255737
"27749",0.04,0,0.634766340255737
"28067",0.04,1,0.88107967376709
"29098",0.04,0,0.462326496839523
"29099",0.04,0,0.445929676294327
"29100",0.04,0,0.462326496839523
"29101",0.04,0,0.445929676294327
"29104",0.04,0,0.286413490772247
"29105",0.04,0,0.388963162899017
"29108",0.04,0,0.286413490772247
"29109",0.04,0,0.388963162899017
"29110",0.04,0,0.379245668649673
"29111",0.04,1,0.379245668649673
"29112",0.04,1,0.379245668649673
"29113",0.04,0,0.379245668649673
"29854",0.04,0,0.427394151687622
"29855",0.04,0,0.427394151687622
"3194",0.04,0,0.596106469631195
"3195",0.04,0,0.596106469631195
"3198",0.04,1,0.196270123124123
"3199",0.04,1,0.200674563646317
"3202",0.04,0,0.262283086776733
"3203",0.04,0,0.262283086776733
"3204",0.04,0,0.467166185379028
"3205",0.04,0,0.494599759578705
"3206",0.04,1,0.366311401128769
"3207",0.04,1,0.366311401128769
"3208",0.04,1,0.366311401128769
"3209",0.04,1,0.366311401128769
"3210",0.04,0,0.494599759578705
"3211",0.04,0,0.467166185379028
"3212",0.04,0,0.262283086776733
"3213",0.04,0,0.262283086776733
"3216",0.04,1,0.200674563646317
"3217",0.04,1,0.196270123124123
"3220",0.04,0,0.596106469631195
"3362",0.04,1,0.199351951479912
"3363",0.04,1,0.199351951479912
"3364",0.04,1,0.25916662812233
"3369",0.04,0,0.470583468675613
"3372",0.04,1,0.134772479534149
"3373",0.04,1,0.134772479534149
"3374",0.04,0,0.147015824913979
"3375",0.04,1,0.147015824913979
"3376",0.04,1,0.387787699699402
"3377",0.04,1,0.387787699699402
"3378",0.04,1,0.387787699699402
"3379",0.04,1,0.387787699699402
"3380",0.04,1,0.147015824913979
"3381",0.04,0,0.147015824913979
"3382",0.04,1,0.134772479534149
"3383",0.04,1,0.134772479534149
"3386",0.04,0,0.470583468675613
"3391",0.04,1,0.25916662812233
"3392",0.04,1,0.199351951479912
"3393",0.04,1,0.199351951479912
"3470",0.04,1,0.131440386176109
"3471",0.04,0,0.156305134296417
"3472",0.04,1,0.372647941112518
"3473",0.04,0,0.157195687294006
"3478",0.04,0,0.261334151029587
"3489",0.04,0,0.261334151029587
"3494",0.04,1,0.157195687294006
"3495",0.04,1,0.372647941112518
"3496",0.04,0,0.156305134296417
"3497",0.04,0,0.131440386176109
"3716",0.04,1,0.116350777447224
"3725",0.04,0,0.292816340923309
"3726",0.04,1,0.292816340923309
"3727",0.04,1,0.0973626971244812
"3728",0.04,1,0.0973626971244812
"3729",0.04,1,0.301432639360428
"3730",0.04,1,0.301432639360428
"3731",0.04,0,0.301432639360428
"3732",0.04,1,0.301432639360428
"3733",0.04,1,0.0973626971244812
"3734",0.04,1,0.0973626971244812
"3735",0.04,1,0.292816340923309
"3736",0.04,0,0.292816340923309
"3745",0.04,1,0.116350777447224
"3807",0.04,0,0.309015810489655
"3808",0.04,1,0.309015810489655
"3809",0.04,1,0.125647664070129
"3810",0.04,0,0.125647664070129
"3811",0.04,1,0.103224016726017
"3812",0.04,0,0.103224016726017
"3813",0.04,1,0.103224016726017
"3814",0.04,1,0.103224016726017
"3815",0.04,0,0.125647664070129
"3816",0.04,1,0.125647664070129
"3817",0.04,1,0.309015810489655
"3818",0.04,1,0.309015810489655
"4170",0.04,1,0.169775098562241
"4171",0.04,1,0.169775098562241
"4182",0.04,1,0.415468066930771
"4183",0.04,1,0.415468066930771
"4184",0.04,0,0.140217870473862
"4185",0.04,0,0.140217870473862
"4186",0.04,0,0.140217870473862
"4187",0.04,1,0.140217870473862
"4188",0.04,1,0.415468066930771
"4189",0.04,0,0.415468066930771
"4200",0.04,1,0.169775098562241
"4201",0.04,1,0.169775098562241
"4269",0.04,1,0.159784317016602
"4270",0.04,1,0.159784317016602
"4277",0.04,0,0.673455536365509
"4278",0.04,0,0.481482625007629
"4279",0.04,0,0.372326225042343
"4280",0.04,1,0.386561721563339
"4281",0.04,1,0.37283781170845
"4282",0.04,1,0.37283781170845
"4283",0.04,1,0.37283781170845
"4284",0.04,1,0.37283781170845
"4285",0.04,1,0.386561721563339
"4286",0.04,0,0.372326225042343
"4287",0.04,0,0.481482625007629
"4288",0.04,0,0.673455536365509
"4293",0.04,1,0.159784317016602
"4294",0.04,1,0.159784317016602
"4427",0.04,1,0.159784317016602
"4428",0.04,1,0.159784317016602
"4429",0.04,1,0.120030954480171
"4430",0.04,1,0.120030954480171
"4435",0.04,0,0.37283781170845
"4436",0.04,1,0.37283781170845
"4437",0.04,0,0.37283781170845
"4438",0.04,1,0.37283781170845
"4443",0.04,1,0.120030954480171
"4444",0.04,1,0.120030954480171
"4445",0.04,1,0.159784317016602
"4446",0.04,1,0.159784317016602
"7191",0.04,1,0.446727305650711
"7192",0.04,1,0.301457583904266
"7322",0.04,1,0.369805067777634
"9896",0.04,1,0.628350734710693
"9897",0.04,1,0.628350734710693
"9898",0.04,1,0.646071374416351
"9899",0.04,1,0.646071374416351
"9900",0.04,1,0.691748082637787
"9901",0.04,1,0.691748082637787
"9902",0.04,1,0.704489827156067
"9903",0.04,1,0.704489827156067
"11795",0.04,0,0.557081460952759
"11796",0.04,0,0.417584002017975
"11797",0.04,1,0.547033488750458
"11798",0.04,0,0.417584002017975
"12081",0.04,0,0.052637591958046
"12082",0.04,0,0.052637591958046
"12086",0.04,0,0.579196155071259
"12721",0.04,0,0.0464841797947884
"12722",0.04,0,0.0343082547187805
"12789",0.04,0,0.566179811954498
"15477",0.04,0,0.38594251871109
"15478",0.04,1,0.12103595584631
"18533",0.04,1,0.378472685813904
"18534",0.04,1,0.490476042032242
"19793",0.04,1,0.197355762124062
"19794",0.04,1,0.197355762124062
"19795",0.04,1,0.185404643416405
"19798",0.04,1,0.197355762124062
"19799",0.04,1,0.197355762124062
"19800",0.04,0,0.185404643416405
"20511",0.04,0,0.114384979009628
"20513",0.04,0,0.114865481853485
"20514",0.04,1,0.185735762119293
"20753",0.04,0,0.282111316919327
"20754",0.04,0,0.282111316919327
"21227",0.04,1,0.317985087633133
"21228",0.04,1,0.317985087633133
"21229",0.04,1,0.317985087633133
"21230",0.04,1,0.317985087633133
"21231",0.04,1,0.317985087633133
"21232",0.04,1,0.317985087633133
"21233",0.04,1,0.317985087633133
"21234",0.04,1,0.317985087633133
"21235",0.04,1,0.317985087633133
"21236",0.04,1,0.317985087633133
"21237",0.04,1,0.317985087633133
"21238",0.04,1,0.317985087633133
"21239",0.04,1,0.317985087633133
"21240",0.04,0,0.317985087633133
"21241",0.04,0,0.169531002640724
"21242",0.04,0,0.169531002640724
"21243",0.04,0,0.169531002640724
"21244",0.04,0,0.169531002640724
"21245",0.04,0,0.169531002640724
"21246",0.04,0,0.169531002640724
"21247",0.04,0,0.169531002640724
"21248",0.04,0,0.169531002640724
"21249",0.04,0,0.169531002640724
"21250",0.04,0,0.169531002640724
"21251",0.04,0,0.169531002640724
"21252",0.04,0,0.169531002640724
"21253",0.04,0,0.169531002640724
"21254",0.04,0,0.169531002640724
"21255",0.04,0,0.534637808799744
"21256",0.04,0,0.534637808799744
"21257",0.04,0,0.534637808799744
"21258",0.04,0,0.534637808799744
"21259",0.04,0,0.534637808799744
"21260",0.04,0,0.534637808799744
"21261",0.04,0,0.534637808799744
"21262",0.04,0,0.534637808799744
"21263",0.04,1,0.534637808799744
"21264",0.04,0,0.534637808799744
"21265",0.04,0,0.534637808799744
"21266",0.04,0,0.534637808799744
"21267",0.04,0,0.534637808799744
"21268",0.04,0,0.534637808799744
"21269",0.04,0,0.390178769826889
"21270",0.04,0,0.390178769826889
"21271",0.04,0,0.390178769826889
"21272",0.04,0,0.390178769826889
"21273",0.04,0,0.390178769826889
"21274",0.04,0,0.390178769826889
"21275",0.04,0,0.390178769826889
"21276",0.04,0,0.223113387823105
"21277",0.04,0,0.223113387823105
"21278",0.04,0,0.223113387823105
"21279",0.04,0,0.223113387823105
"21280",0.04,1,0.223113387823105
"21281",0.04,0,0.223113387823105
"21282",0.04,0,0.223113387823105
"21283",0.04,1,0.223113387823105
"21284",0.04,1,0.223113387823105
"21285",0.04,0,0.223113387823105
"21286",0.04,0,0.223113387823105
"21287",0.04,1,0.223113387823105
"21288",0.04,0,0.223113387823105
"21289",0.04,0,0.223113387823105
"21409",0.04,1,0.350497096776962
"21410",0.04,1,0.350497096776962
"21411",0.04,1,0.350497096776962
"21412",0.04,1,0.350497096776962
"21413",0.04,0,0.350497096776962
"21414",0.04,1,0.352600365877151
"21415",0.04,1,0.442093014717102
"21416",0.04,1,0.442093014717102
"21431",0.04,1,0.457380354404449
"21432",0.04,1,0.457380354404449
"21594",0.04,0,0.455973297357559
"21595",0.04,0,0.455973297357559
"21721",0.04,0,0.701985359191895
"21722",0.04,0,0.264113932847977
"21723",0.04,0,0.355769485235214
"21786",0.04,0,0.202242359519005
"21787",0.04,0,0.318269044160843
"24862",0.04,1,0.605127096176147
"24863",0.04,0,0.605127096176147
"24864",0.04,0,0.605127096176147
"24865",0.04,0,0.605127096176147
"25304",0.04,0,0.344704210758209
"25305",0.04,0,0.344704210758209
"25306",0.04,0,0.333350598812103
"25307",0.04,0,0.333350598812103
"26371",0.04,1,0.340654909610748
"26372",0.04,1,0.340654909610748
"26373",0.04,1,0.340654909610748
"26374",0.04,1,0.340654909610748
"26375",0.04,1,0.0584018751978874
"26376",0.04,1,0.0584018751978874
"26377",0.04,1,0.0498867183923721
"26378",0.04,0,0.0498867183923721
"26379",0.04,1,0.0584018751978874
"26380",0.04,1,0.0584018751978874
"26381",0.04,1,0.0498867183923721
"26382",0.04,1,0.0498867183923721
"26508",0.04,0,0.0860394611954689
"26509",0.04,0,0.0860394611954689
"26510",0.04,0,0.0860394611954689
"26511",0.04,0,0.0860394611954689
"26512",0.04,1,0.0860394611954689
"26513",0.04,1,0.0860394611954689
"26514",0.04,0,0.0648522675037384
"26515",0.04,1,0.0648522675037384
"26516",0.04,1,0.39384126663208
"26517",0.04,1,0.39384126663208
"26518",0.04,1,0.39384126663208
"26519",0.04,0,0.0648522675037384
"26520",0.04,1,0.0648522675037384
"26521",0.04,1,0.39384126663208
"26522",0.04,1,0.39384126663208
"26523",0.04,1,0.39384126663208
"27473",0.04,1,0.714278638362885
"27474",0.04,1,0.389723598957062
"27475",0.04,1,0.389723598957062
"27476",0.04,1,0.714278638362885
"27477",0.04,1,0.389723598957062
"27478",0.04,1,0.389723598957062
"27485",0.04,1,0.388321906328201
"27486",0.04,1,0.453832060098648
"27487",0.04,1,0.453832060098648
"27488",0.04,1,0.74579656124115
"27489",0.04,1,0.74579656124115
"27490",0.04,0,0.388321906328201
"27491",0.04,1,0.453832060098648
"27492",0.04,1,0.453832060098648
"27493",0.04,1,0.74579656124115
"27494",0.04,1,0.74579656124115
"27584",0.04,0,0.283150225877762
"27585",0.04,0,0.0307959280908108
"27586",0.04,1,0.165288135409355
"27587",0.04,1,0.187689632177353
"27588",0.04,0,0.345179349184036
"27589",0.04,0,0.0443605557084084
"27590",0.04,1,0.72923070192337
"27591",0.04,1,0.388378709554672
"27592",0.04,0,0.794773459434509
"27593",0.04,1,0.314338833093643
"27594",0.04,1,0.357053250074387
"27595",0.04,0,0.159790590405464
"27596",0.04,1,0.728064775466919
"27597",0.04,0,0.492502391338348
"27598",0.04,0,0.164476126432419
"27599",0.04,1,0.552797615528107
"27736",0.04,0,0.835916340351105
"27737",0.04,1,0.800034165382385
"27738",0.04,1,0.835916340351105
"27739",0.04,1,0.800034165382385
"27790",0.04,1,0.806587934494019
"27791",0.04,1,0.806587934494019
"27792",0.04,1,0.806587934494019
"27793",0.04,1,0.778125405311584
"27794",0.04,1,0.806587934494019
"27795",0.04,1,0.806587934494019
"27796",0.04,1,0.806587934494019
"27797",0.04,1,0.778125405311584
"27798",0.04,0,0.416958183050156
"27799",0.04,1,0.416958183050156
"27800",0.04,1,0.338729679584503
"27801",0.04,1,0.338729679584503
"27802",0.04,1,0.416958183050156
"27803",0.04,1,0.416958183050156
"27804",0.04,1,0.338729679584503
"27805",0.04,1,0.338729679584503
"27806",0.04,1,0.416958183050156
"27807",0.04,1,0.338729679584503
"27808",0.04,0,0.416958183050156
"27809",0.04,1,0.338729679584503
"28177",0.04,0,0.894322395324707
"28178",0.04,1,0.894322395324707
"28179",0.04,1,0.524090766906738
"28180",0.04,1,0.524090766906738
"28181",0.04,1,0.894322395324707
"28182",0.04,1,0.894322395324707
"28183",0.04,1,0.524090766906738
"28184",0.04,1,0.524090766906738
"28185",0.04,0,0.889550149440765
"28186",0.04,1,0.889550149440765
"28187",0.04,1,0.889550149440765
"28188",0.04,1,0.889550149440765
"28189",0.04,1,0.871349036693573
"28190",0.04,0,0.889550149440765
"28191",0.04,1,0.889550149440765
"28192",0.04,1,0.889550149440765
"28193",0.04,1,0.889550149440765
"28194",0.04,1,0.871349036693573
"28303",0.04,1,0.325944066047668
"28304",0.04,1,0.409121751785278
"28305",0.04,1,0.826012670993805
"28306",0.04,1,0.849520266056061
"28307",0.04,1,0.325944066047668
"28308",0.04,0,0.409121751785278
"28309",0.04,0,0.826012670993805
"28310",0.04,1,0.849520266056061
"28313",0.04,1,0.831258177757263
"28314",0.04,1,0.831258177757263
"28317",0.04,1,0.831258177757263
"28318",0.04,1,0.831258177757263
"28343",0.04,0,0.291740924119949
"28346",0.04,1,0.291740924119949
"28371",0.04,0,0.0432342737913132
"28379",0.04,0,0.157138034701347
"28380",0.04,0,0.157138034701347
"28381",0.04,0,0.0408593267202377
"28382",0.04,0,0.0408593267202377
"28543",0.04,1,0.871542692184448
"28544",0.04,1,0.834454536437988
"28546",0.04,1,0.473090976476669
"28547",0.04,1,0.871542692184448
"28549",0.04,1,0.834454536437988
"28550",0.04,1,0.473090976476669
"28551",0.04,1,0.455339074134827
"28552",0.04,1,0.455339074134827
"28553",0.04,1,0.854515671730042
"28554",0.04,1,0.87475597858429
"28555",0.04,0,0.455339074134827
"28556",0.04,1,0.455339074134827
"28557",0.04,1,0.854515671730042
"28558",0.04,1,0.87475597858429
"28591",0.04,1,0.856917858123779
"28592",0.04,1,0.856917858123779
"28593",0.04,1,0.516157209873199
"28594",0.04,0,0.516157209873199
"28595",0.04,0,0.856917858123779
"28596",0.04,1,0.856917858123779
"28597",0.04,1,0.516157209873199
"28598",0.04,0,0.516157209873199
"28599",0.04,1,0.891220569610596
"28600",0.04,0,0.893123984336853
"28601",0.04,1,0.893123984336853
"28602",0.04,1,0.893123984336853
"28603",0.04,1,0.891220569610596
"28604",0.04,1,0.893123984336853
"28605",0.04,1,0.893123984336853
"28606",0.04,0,0.893123984336853
"28607",0.04,0,0.498317629098892
"28608",0.04,0,0.498317629098892
"28609",0.04,1,0.498317629098892
"28610",0.04,0,0.498317629098892
"28889",0.04,1,0.874354362487793
"28890",0.04,1,0.876512050628662
"28891",0.04,1,0.876512050628662
"28892",0.04,0,0.874354362487793
"28893",0.04,1,0.876512050628662
"28894",0.04,1,0.876512050628662
"28895",0.04,0,0.830755949020386
"28896",0.04,0,0.830755949020386
"28899",0.04,0,0.830755949020386
"28900",0.04,1,0.830755949020386
"28945",0.04,1,0.866598963737488
"28946",0.04,0,0.866598963737488
"28947",0.04,1,0.86886990070343
"28948",0.04,1,0.86886990070343
"28949",0.04,0,0.866598963737488
"28950",0.04,1,0.866598963737488
"28951",0.04,1,0.86886990070343
"28952",0.04,0,0.86886990070343
"29261",0.04,1,0.0530405752360821
"29262",0.04,0,0.0530405752360821
"29265",0.04,0,0.0272094272077084
"29266",0.04,0,0.0272094272077084
"29267",0.04,0,0.0937182754278183
"29268",0.04,0,0.0937182754278183
"29389",0.04,1,0.890206873416901
"29390",0.04,1,0.890206873416901
"29391",0.04,1,0.890206873416901
"29392",0.04,1,0.890206873416901
"29393",0.04,0,0.890206873416901
"29394",0.04,0,0.890206873416901
"29513",0.04,0,0.291626274585724
"29514",0.04,1,0.150629460811615
"29515",0.04,1,0.338003158569336
"29516",0.04,0,0.297433108091354
"29517",0.04,1,0.28177547454834
"29518",0.04,1,0.208225816488266
"29519",0.04,1,0.510001599788666
"29520",0.04,1,0.130969658493996
"29521",0.04,1,0.145221680402756
"29522",0.04,1,0.412556052207947
"29523",0.04,0,0.412556052207947
"29524",0.04,1,0.168571814894676
"29525",0.04,0,0.164838969707489
"29526",0.04,0,0.494641989469528
"29527",0.04,0,0.260329365730286
"29555",0.04,1,0.871632099151611
"29556",0.04,1,0.890206873416901
"29557",0.04,1,0.890206873416901
"29558",0.04,1,0.871632099151611
"29559",0.04,1,0.890206873416901
"29560",0.04,1,0.890206873416901
"29561",0.04,0,0.423683196306229
"29562",0.04,0,0.423683196306229
"29563",0.04,1,0.887843012809753
"29564",0.04,1,0.412760853767395
"29565",0.04,1,0.423683196306229
"29566",0.04,0,0.423683196306229
"29567",0.04,1,0.887843012809753
"29568",0.04,1,0.412760853767395
"29689",0.04,0,0.0314403511583805
"29690",0.04,0,0.0314403511583805
"29691",0.04,0,0.0520186312496662
"29692",0.04,0,0.0181599240750074
"29693",0.04,0,0.0181599240750074
"29722",0.04,0,0.244967520236969
"29723",0.04,0,0.192856252193451
"29724",0.04,0,0.213254630565643
"29725",0.04,1,0.23209510743618
"29743",0.04,0,0.529785394668579
"29744",0.04,1,0.555751085281372
"29745",0.04,1,0.335983633995056
"29746",0.04,0,0.152423620223999
"29769",0.04,0,0.135977119207382
"29770",0.04,0,0.151614412665367
"29771",0.04,0,0.244484350085258
"29772",0.04,0,0.225358992815018
"29971",0.04,0,0.11140064895153
"29972",0.04,0,0.569370329380035
"29973",0.04,0,0.304717302322388
"30261",0.04,0,0.270637422800064
"30273",0.04,0,0.480336278676987
"30441",0.04,0,0.52885913848877
"30442",0.04,0,0.52885913848877
"30444",0.04,0,0.65740305185318
"30445",0.04,0,0.65740305185318
"30446",0.04,0,0.412948340177536
"30447",0.04,1,0.766980230808258
"30448",0.04,1,0.766980230808258
"30449",0.04,1,0.695293486118317
"30450",0.04,1,0.712498247623444
"30451",0.04,1,0.712498247623444
"30452",0.04,1,0.766980230808258
"30453",0.04,1,0.262109309434891
"30454",0.04,0,0.472805619239807
"30455",0.04,1,0.390911132097244
"30456",0.04,0,0.227882146835327
"30457",0.04,0,0.279699981212616
"30458",0.04,0,0.364301532506943
"30459",0.04,0,0.275001645088196
"3750",0.04,0,0.160786017775536
"3751",0.04,0,0.189144998788834
"3752",0.04,0,0.122342638671398
"3753",0.04,0,0.122903756797314
"3754",0.04,0,0.127062320709229
"3759",0.04,0,0.127062320709229
"3760",0.04,0,0.189144998788834
"3761",0.04,0,0.160786017775536
"3766",0.04,0,0.316975265741348
"3967",0.04,0,0.054744616150856
"7824",0.04,0,0.292794406414032
"7825",0.04,0,0.546593964099884
"7826",0.04,0,0.194583982229233
"7828",0.04,0,0.10691387206316
"7829",0.04,0,0.10691387206316
"11170",0.04,1,0.311855256557465
"11171",0.04,0,0.0989286676049232
"11372",0.04,1,0.406899690628052
"11373",0.04,1,0.406899690628052
"11374",0.04,0,0.376610934734344
"11375",0.04,0,0.376610934734344
"11599",0.04,1,0.450675845146179
"11600",0.04,1,0.450675845146179
"11601",0.04,1,0.450675845146179
"11602",0.04,1,0.450675845146179
"11605",0.04,1,0.631139636039734
"11606",0.04,1,0.631139636039734
"11777",0.04,0,0.498810857534409
"11778",0.04,0,0.498810857534409
"11791",0.04,0,0.270003169775009
"12083",0.04,0,0.253509312868118
"12085",0.04,0,0.477224320173264
"12094",0.04,1,0.432361364364624
"12095",0.04,1,0.432361364364624
"12096",0.04,1,0.438592702150345
"12097",0.04,1,0.438592702150345
"12098",0.04,1,0.438592702150345
"12099",0.04,1,0.438592702150345
"12235",0.04,1,0.401046514511108
"12236",0.04,0,0.401046514511108
"12237",0.04,1,0.399355709552765
"12238",0.04,1,0.399355709552765
"12239",0.04,1,0.399355709552765
"12240",0.04,1,0.399355709552765
"12241",0.04,0,0.189862802624702
"12242",0.04,1,0.291904717683792
"12243",0.04,0,0.291904717683792
"12244",0.04,0,0.337616145610809
"12245",0.04,0,0.337616145610809
"12246",0.04,0,0.430954098701477
"12247",0.04,0,0.430954098701477
"12595",0.04,1,0.501064717769623
"12596",0.04,1,0.501064717769623
"12605",0.04,1,0.501064717769623
"12606",0.04,0,0.316099554300308
"14591",0.04,0,0.0591957233846188
"14592",0.04,0,0.0591957233846188
"14593",0.04,0,0.229629799723625
"14594",0.04,0,0.229629799723625
"14595",0.04,0,0.229629799723625
"14596",0.04,0,0.229629799723625
"14863",0.04,0,0.086947962641716
"15094",0.04,0,0.0795634388923645
"15095",0.04,0,0.0795634388923645
"15096",0.04,0,0.0697989836335182
"15097",0.04,0,0.0697989836335182
"15295",0.04,0,0.59537011384964
"15296",0.04,0,0.431606441736221
"15297",0.04,1,0.485273987054825
"15476",0.04,1,0.427309393882751
"15479",0.04,1,0.319791942834854
"15480",0.04,1,0.319556206464767
"15728",0.04,0,0.151404500007629
"15729",0.04,0,0.137724429368973
"15730",0.04,0,0.156348139047623
"15731",0.04,0,0.148584321141243
"15736",0.04,0,0.232126653194427
"15737",0.04,0,0.232126653194427
"15738",0.04,0,0.145457237958908
"15739",0.04,0,0.145457237958908
"15750",0.04,0,0.498810857534409
"15751",0.04,0,0.498810857534409
"15890",0.04,0,0.0718251913785934
"15891",0.04,0,0.0727338641881943
"15892",0.04,0,0.0727338641881943
"15893",0.04,0,0.0985988900065422
"15894",0.04,0,0.0985988900065422
"15895",0.04,0,0.197034850716591
"15896",0.04,0,0.197034850716591
"15897",0.04,0,0.216517716646194
"15898",0.04,0,0.216517716646194
"15901",0.04,0,0.210145533084869
"15902",0.04,0,0.210145533084869
"15911",0.04,0,0.348506271839142
"15912",0.04,0,0.348506271839142
"15913",0.04,0,0.348506271839142
"15914",0.04,0,0.348506271839142
"15917",0.04,0,0.389549493789673
"15918",0.04,0,0.389549493789673
"15925",0.04,1,0.520832180976868
"15926",0.04,1,0.520832180976868
"15927",0.04,0,0.371005296707153
"15928",0.04,0,0.371005296707153
"15929",0.04,0,0.283097237348557
"15930",0.04,0,0.283097237348557
"15931",0.04,0,0.284034729003906
"15932",0.04,0,0.284034729003906
"15933",0.04,0,0.283131211996078
"15934",0.04,0,0.283131211996078
"15947",0.04,0,0.310245662927628
"15948",0.04,0,0.310245662927628
"15949",0.04,0,0.391558915376663
"15950",0.04,0,0.274461477994919
"16242",0.04,0,0.100179113447666
"16243",0.04,0,0.100179113447666
"16244",0.04,0,0.12345427274704
"16245",0.04,0,0.12345427274704
"16246",0.04,0,0.178273007273674
"16247",0.04,0,0.178273007273674
"16248",0.04,0,0.171242505311966
"16249",0.04,0,0.171242505311966
"16256",0.04,0,0.422790497541428
"16257",0.04,0,0.422790497541428
"16769",0.04,0,0.470372587442398
"16770",0.04,0,0.470372587442398
"17087",0.04,0,0.30006331205368
"17088",0.04,0,0.30006331205368
"17089",0.04,0,0.220400854945183
"17090",0.04,0,0.220400854945183
"17091",0.04,0,0.501064717769623
"17092",0.04,0,0.501064717769623
"18536",0.04,0,0.335157454013824
"19448",0.04,0,0.288186639547348
"19449",0.04,0,0.288186639547348
"19450",0.04,0,0.288186639547348
"19451",0.04,0,0.288186639547348
"19619",0.04,0,0.319289594888687
"19620",0.04,1,0.442267417907715
"19621",0.04,0,0.442267417907715
"19622",0.04,1,0.442267417907715
"19623",0.04,1,0.442267417907715
"19873",0.04,0,0.201652213931084
"19874",0.04,0,0.201652213931084
"19875",0.04,0,0.201652213931084
"19876",0.04,0,0.201652213931084
"19905",0.04,0,0.30908128619194
"19906",0.04,0,0.30908128619194
"19907",0.04,0,0.353275537490845
"19908",0.04,0,0.353275537490845
"19947",0.04,1,0.298398703336716
"19948",0.04,0,0.298398703336716
"19949",0.04,0,0.298398703336716
"19950",0.04,0,0.298398703336716
"19951",0.04,1,0.331553936004639
"19952",0.04,1,0.331553936004639
"19953",0.04,0,0.331553936004639
"19954",0.04,0,0.331553936004639
"20189",0.04,0,0.273046016693115
"20190",0.04,0,0.273046016693115
"20191",0.04,0,0.273046016693115
"20488",0.04,0,0.234727248549461
"20489",0.04,0,0.234727248549461
"20496",0.04,1,0.257565706968307
"20497",0.04,0,0.257565706968307
"20498",0.04,1,0.257565706968307
"20499",0.04,1,0.257565706968307
"20504",0.04,0,0.409814745187759
"20505",0.04,0,0.438838690519333
"20506",0.04,0,0.409814745187759
"20507",0.04,0,0.409814745187759
"20508",0.04,1,0.438838690519333
"20509",0.04,0,0.438838690519333
"20510",0.04,0,0.222641363739967
"20512",0.04,1,0.385467112064362
"20751",0.04,0,0.627326607704163
"20752",0.04,0,0.627326607704163
"20757",0.04,0,0.494540870189667
"20758",0.04,0,0.494540870189667
"20759",0.04,0,0.51051265001297
"20760",0.04,0,0.51051265001297
"20761",0.04,0,0.405598908662796
"20762",0.04,0,0.405598908662796
"20763",0.04,0,0.393342286348343
"20764",0.04,0,0.393342286348343
"20766",0.04,0,0.587259531021118
"20767",0.04,0,0.587259531021118
"21318",0.04,0,0.429182887077332
"21319",0.04,0,0.429182887077332
"21320",0.04,0,0.429182887077332
"21321",0.04,0,0.429182887077332
"21322",0.04,1,0.429182887077332
"21323",0.04,0,0.429182887077332
"21324",0.04,0,0.429182887077332
"21325",0.04,0,0.429182887077332
"21326",0.04,1,0.429182887077332
"21327",0.04,0,0.429182887077332
"21328",0.04,0,0.429182887077332
"21329",0.04,0,0.429182887077332
"21578",0.04,1,0.49202424287796
"21579",0.04,1,0.49202424287796
"21596",0.04,0,0.195212423801422
"21597",0.04,0,0.195212423801422
"21713",0.04,0,0.431983143091202
"21714",0.04,0,0.196636572480202
"21715",0.04,0,0.195415586233139
"21716",0.04,1,0.195415586233139
"21717",0.04,0,0.198785871267319
"21718",0.04,0,0.198785871267319
"21734",0.04,0,0.195415586233139
"21735",0.04,1,0.195415586233139
"21736",0.04,0,0.195415586233139
"21737",0.04,1,0.195415586233139
"21738",0.04,0,0.195415586233139
"21739",0.04,0,0.195415586233139
"21740",0.04,0,0.191694408655167
"21741",0.04,0,0.191694408655167
"21742",0.04,0,0.196189418435097
"21743",0.04,0,0.196189418435097
"21826",0.04,0,0.307005316019058
"21827",0.04,0,0.307005316019058
"21828",0.04,0,0.380085408687592
"21829",0.04,0,0.380085408687592
"21830",0.04,0,0.239783689379692
"21831",0.04,0,0.239783689379692
"21832",0.04,0,0.220190227031708
"21833",0.04,0,0.220190227031708
"21836",0.04,0,0.553469121456146
"21837",0.04,0,0.553469121456146
"21842",0.04,0,0.653750360012054
"21843",0.04,0,0.653750360012054
"21850",0.04,1,0.470712244510651
"21851",0.04,1,0.470712244510651
"21930",0.04,0,0.217744797468185
"21931",0.04,0,0.217744797468185
"21932",0.04,0,0.231444001197815
"21933",0.04,0,0.231444001197815
"22174",0.04,0,0.410183310508728
"22175",0.04,0,0.410183310508728
"22240",0.04,0,0.256471633911133
"22241",0.04,0,0.256471633911133
"22242",0.04,0,0.256471633911133
"22245",0.04,0,0.586739718914032
"22350",0.04,1,0.256471633911133
"22402",0.04,0,0.393388211727142
"22403",0.04,0,0.367958843708038
"22404",0.04,0,0.256471633911133
"22405",0.04,0,0.256471633911133
"22406",0.04,0,0.256471633911133
"22407",0.04,0,0.256471633911133
"22408",0.04,0,0.256471633911133
"22409",0.04,0,0.298585414886475
"22410",0.04,0,0.298585414886475
"22411",0.04,0,0.406524389982224
"22412",0.04,0,0.406524389982224
"22413",0.04,0,0.687570989131927
"22414",0.04,0,0.687570989131927
"22415",0.04,0,0.680330693721771
"22416",0.04,0,0.680330693721771
"24531",0.04,0,0.571618854999542
"24532",0.04,0,0.571618854999542
"24533",0.04,1,0.591337502002716
"24534",0.04,1,0.591337502002716
"24535",0.04,0,0.5483677983284
"24536",0.04,1,0.5483677983284
"24866",0.04,1,0.474201261997223
"24867",0.04,0,0.474201261997223
"24868",0.04,0,0.452631413936615
"24869",0.04,1,0.452631413936615
"24870",0.04,0,0.385155916213989
"24871",0.04,0,0.385155916213989
"24872",0.04,0,0.35747367143631
"24873",0.04,0,0.35747367143631
"25732",0.04,1,0.425405085086823
"25733",0.04,0,0.425405085086823
"25734",0.04,1,0.39900478720665
"25735",0.04,0,0.39900478720665
"25736",0.04,0,0.562766253948212
"25737",0.04,1,0.562766253948212
"26944",0.04,0,0.616420149803162
"26945",0.04,0,0.616420149803162
"26946",0.04,1,0.520636439323425
"26947",0.04,1,0.520636439323425
"27089",0.04,1,0.475796759128571
"27090",0.04,1,0.475796759128571
"27244",0.04,0,0.388744682073593
"27245",0.04,0,0.388744682073593
"27246",0.04,0,0.377571612596512
"27247",0.04,1,0.377571612596512
"27654",0.04,1,0.397105783224106
"27655",0.04,1,0.397105783224106
"27656",0.04,1,0.23111754655838
"27657",0.04,0,0.238532885909081
"27658",0.04,1,0.238532885909081
"27659",0.04,1,0.40100309252739
"27684",0.04,1,0.531376779079437
"27685",0.04,0,0.531376779079437
"27686",0.04,1,0.543298602104187
"27687",0.04,0,0.543298602104187
"27957",0.04,0,0.418394148349762
"27958",0.04,1,0.418394148349762
"27959",0.04,1,0.522072494029999
"27960",0.04,1,0.522072494029999
"27961",0.04,0,0.399417549371719
"27962",0.04,1,0.399417549371719
"28006",0.04,1,0.362229704856873
"28007",0.04,1,0.362229704856873
"28105",0.04,0,0.64650547504425
"28106",0.04,0,0.64650547504425
"28372",0.04,1,0.214059144258499
"28373",0.04,1,0.281587898731232
"28374",0.04,0,0.281587898731232
"28375",0.04,0,0.779869019985199
"28376",0.04,1,0.779869019985199
"28377",0.04,1,0.595216453075409
"28378",0.04,1,0.595216453075409
"28383",0.04,0,0.541934370994568
"28384",0.04,1,0.541934370994568
"28385",0.04,0,0.44380995631218
"28386",0.04,0,0.44380995631218
"28452",0.04,0,0.0521823391318321
"28453",0.04,0,0.0521823391318321
"28454",0.04,0,0.0922013819217682
"28455",0.04,0,0.0922013819217682
"28456",0.04,0,0.390369802713394
"28457",0.04,0,0.390369802713394
"28458",0.04,1,0.458244174718857
"28459",0.04,1,0.458244174718857
"28742",0.04,0,0.492227494716644
"28743",0.04,1,0.40875631570816
"28744",0.04,1,0.317408233880997
"28750",0.04,0,0.317408233880997
"28756",0.04,0,0.492227494716644
"28757",0.04,1,0.40875631570816
"28758",0.04,1,0.433140695095062
"28759",0.04,1,0.317408233880997
"28760",0.04,0,0.405811607837677
"28767",0.04,0,0.492227494716644
"28770",0.04,0,0.40875631570816
"28771",0.04,0,0.433140695095062
"28772",0.04,0,0.317408233880997
"29263",0.04,0,0.121148824691772
"29264",0.04,0,0.121148824691772
"29635",0.04,0,0.119193553924561
"29636",0.04,0,0.119193553924561
"29637",0.04,0,0.152394965291023
"29638",0.04,0,0.152394965291023
"29844",0.04,1,0.319865792989731
"29845",0.04,1,0.319865792989731
"29846",0.04,1,0.420665889978409
"29847",0.04,1,0.420665889978409
"29881",0.04,1,0.361345082521439
"29882",0.04,1,0.361345082521439
"29883",0.04,1,0.659111797809601
"29884",0.04,1,0.659111797809601
"3749",0.04,0,0.211696460843086
"3755",0.04,0,0.229404076933861
"3756",0.04,0,0.166559681296349
"3757",0.04,0,0.166559681296349
"3758",0.04,0,0.229404076933861
"3762",0.04,0,0.0935077592730522
"3763",0.04,0,0.145407930016518
"3764",0.04,0,0.211696460843086
"7820",0.04,0,0.129596576094627
"7821",0.04,0,0.129596576094627
"7822",0.04,0,0.130971312522888
"7823",0.04,0,0.130971312522888
"7827",0.04,0,0.0703728049993515
"7830",0.04,0,0.0575788915157318
"10434",0.04,0,0.295620441436768
"10435",0.04,0,0.295620441436768
"10436",0.04,0,0.0484504774212837
"10437",0.04,0,0.0484504774212837
"10442",0.04,1,0.335051655769348
"10443",0.04,1,0.335051655769348
"10444",0.04,1,0.675182402133942
"10445",0.04,1,0.675182402133942
"10596",0.04,0,0.33419468998909
"10597",0.04,0,0.33419468998909
"11172",0.04,1,0.754961431026459
"11173",0.04,1,0.754961431026459
"11191",0.04,0,0.315428614616394
"11192",0.04,0,0.315428614616394
"11193",0.04,0,0.53938889503479
"11194",0.04,0,0.53938889503479
"13847",0.04,0,0.29960560798645
"13848",0.04,0,0.404314547777176
"26335",0.04,0,0.0936406627297401
"26336",0.04,0,0.217725679278374
"26337",0.04,0,0.0936406627297401
"26342",0.04,0,0.217725679278374
"26481",0.04,0,0.135579034686089
"26482",0.04,0,0.136157259345055
"26483",0.04,0,0.0882208794355392
"26484",0.04,0,0.153261467814445
"26485",0.04,0,0.194471001625061
"26486",0.04,0,0.156557604670525
"26487",0.04,0,0.262241810560226
"26488",0.04,0,0.136014774441719
"26489",0.04,0,0.122474446892738
"26667",0.04,0,0.154670894145966
"26668",0.04,0,0.154670894145966
"26669",0.04,0,0.308752447366714
"26670",0.04,0,0.310897707939148
"26671",0.04,0,0.164066135883331
"26672",0.04,0,0.164066135883331
"26673",0.04,0,0.156470060348511
"26674",0.04,0,0.353523910045624
"26675",0.04,0,0.0710321590304375
"26676",0.04,0,0.221327498555183
"26677",0.04,0,0.210705891251564
"26678",0.04,0,0.256667882204056
"26679",0.04,0,0.388085126876831
"27479",0.04,1,0.504270851612091
"27480",0.04,1,0.504270851612091
"27481",0.04,1,0.490274012088776
"27482",0.04,1,0.504270851612091
"27483",0.04,1,0.504270851612091
"27484",0.04,0,0.490274012088776
"27600",0.04,0,0.123123280704021
"27601",0.04,0,0.138580217957497
"27602",0.04,0,0.142565384507179
"27603",0.04,0,0.257625222206116
"27780",0.04,1,0.531626462936401
"27781",0.04,1,0.531626462936401
"27782",0.04,1,0.531626462936401
"27783",0.04,0,0.52174437046051
"27784",0.04,0,0.402881562709808
"27785",0.04,1,0.531626462936401
"27786",0.04,1,0.531626462936401
"27787",0.04,1,0.531626462936401
"27788",0.04,0,0.52174437046051
"27789",0.04,0,0.402881562709808
"28329",0.04,1,0.355181068181992
"28330",0.04,0,0.355181068181992
"28331",0.04,1,0.184994742274284
"28332",0.04,0,0.318316012620926
"28333",0.04,1,0.355181068181992
"28334",0.04,0,0.355181068181992
"28335",0.04,0,0.184994742274284
"28336",0.04,0,0.318316012620926
"28897",0.04,1,0.348737865686417
"28898",0.04,0,0.348737865686417
"28901",0.04,1,0.348737865686417
"28902",0.04,1,0.348737865686417
"28953",0.04,1,0.340430051088333
"28956",0.04,0,0.340430051088333
"7161",0.04,0,0.337411463260651
"7162",0.04,0,0.337411463260651
"7163",0.04,0,0.32804211974144
"7164",0.04,0,0.32804211974144
"7165",0.04,0,0.211298123002052
"7166",0.04,0,0.211298123002052
"7167",0.04,0,0.207135289907455
"7168",0.04,0,0.207135289907455
"8731",0.04,0,0.297957509756088
"8732",0.04,0,0.297957509756088
"8733",0.04,1,0.162977918982506
"8734",0.04,0,0.162977918982506
"8735",0.04,0,0.196079075336456
"8736",0.04,0,0.196079075336456
"8739",0.04,0,0.231110379099846
"8740",0.04,0,0.231110379099846
"8870",0.04,0,0.317239761352539
"8871",0.04,0,0.317239761352539
"8874",0.04,0,0.345586687326431
"8875",0.04,0,0.345586687326431
"8876",0.04,1,0.722013711929321
"8877",0.04,1,0.722013711929321
"8878",0.04,0,0.357786864042282
"8879",0.04,0,0.357786864042282
"8880",0.04,0,0.42322051525116
"8881",0.04,0,0.42322051525116
"8989",0.04,0,0.176600530743599
"8990",0.04,0,0.176600530743599
"8991",0.04,0,0.120912730693817
"8992",0.04,0,0.120912730693817
"8993",0.04,0,0.329331189393997
"10249",0.08,0,0.0453984141349792
"10250",0.08,0,0.0453984141349792
"11187",0.08,0,0.0723675787448883
"11188",0.08,0,0.0723675787448883
"11189",0.08,0,0.0489640645682812
"11190",0.08,0,0.0489640645682812
"14801",0.08,0,0.0461495779454708
"14802",0.08,0,0.0461495779454708
"14803",0.08,0,0.0461495779454708
"14804",0.08,0,0.0461495779454708
"14805",0.08,0,0.0408516936004162
"14806",0.08,0,0.0408516936004162
"14807",0.08,0,0.0408516936004162
"14808",0.08,0,0.0408516936004162
"14809",0.08,0,0.0518401600420475
"14810",0.08,0,0.0518401600420475
"14811",0.08,0,0.0518401600420475
"14812",0.08,0,0.0518401600420475
"14813",0.08,0,0.0826181024312973
"14814",0.08,0,0.0826181024312973
"14815",0.08,0,0.0826181024312973
"14816",0.08,0,0.0826181024312973
"15121",0.08,0,0.0395338535308838
"15122",0.08,0,0.0329199396073818
"15123",0.08,0,0.0329199396073818
"15339",0.08,0,0.183209642767906
"15340",0.08,0,0.16386578977108
"15341",0.08,0,0.242484703660011
"15342",0.08,0,0.10660208016634
"15343",0.08,0,0.242484703660011
"15344",0.08,0,0.0791861265897751
"15345",0.08,0,0.0763941779732704
"15346",0.08,0,0.0672044306993484
"15347",0.08,0,0.0656578242778778
"15348",0.08,0,0.101458631455898
"15349",0.08,0,0.10660208016634
"16260",0.08,0,0.146364822983742
"16261",0.08,0,0.0880140885710716
"16262",0.08,0,0.110489897429943
"16263",0.08,0,0.200815349817276
"16264",0.08,0,0.0810444578528404
"16265",0.08,0,0.205348953604698
"16266",0.08,0,0.157350942492485
"16267",0.08,1,0.152773857116699
"16268",0.08,1,0.184557795524597
"16269",0.08,0,0.0870007649064064
"16270",0.08,0,0.109150759875774
"16271",0.08,0,0.134230971336365
"16272",0.08,0,0.258987784385681
"16273",0.08,0,0.258987784385681
"16274",0.08,0,0.131412014365196
"16275",0.08,0,0.147903025150299
"16276",0.08,0,0.135040700435638
"16277",0.08,0,0.173537939786911
"16278",0.08,0,0.181404799222946
"16279",0.08,0,0.144722759723663
"16280",0.08,0,0.147859334945679
"16281",0.08,0,0.1828872859478
"16282",0.08,0,0.153962969779968
"16283",0.08,0,0.101602591574192
"16284",0.08,0,0.136945813894272
"16285",0.08,0,0.197395786643028
"16286",0.08,0,0.0784910470247269
"16287",0.08,0,0.201503992080688
"16288",0.08,0,0.101753674447536
"16289",0.08,0,0.151018843054771
"16290",0.08,0,0.154008135199547
"16291",0.08,0,0.0958906561136246
"16292",0.08,0,0.162201419472694
"21184",0.08,0,0.150719821453094
"21344",0.08,0,0.0689316615462303
"21345",0.08,0,0.0689316615462303
"21346",0.08,0,0.0689316615462303
"21347",0.08,0,0.0689316615462303
"21348",0.08,0,0.0689316615462303
"21349",0.08,0,0.0689316615462303
"21350",0.08,0,0.0689316615462303
"21371",0.08,0,0.147550716996193
"21372",0.08,0,0.147550716996193
"21373",0.08,0,0.147550716996193
"26356",0.08,0,0.356744587421417
"26357",0.08,0,0.356744587421417
"26358",0.08,0,0.356744587421417
"26359",0.08,0,0.356744587421417
"26360",0.08,0,0.356744587421417
"26501",0.08,0,0.315927177667618
"27944",0.08,0,0.0273861456662416
"27945",0.08,0,0.0273861456662416
"27946",0.08,0,0.0273861456662416
"27947",0.08,0,0.0273861456662416
"27948",0.08,0,0.0350713729858398
"27949",0.08,0,0.0266645327210426
"27950",0.08,1,0.0350713729858398
"27951",0.08,0,0.0266645327210426
"27952",0.08,0,0.0277710352092981
"27953",0.08,0,0.0336380563676357
"27954",0.08,0,0.0277710352092981
"27955",0.08,0,0.0336380563676357
"28153",0.08,0,0.0376804918050766
"28154",0.08,0,0.0286668203771114
"28155",0.08,0,0.0376804918050766
"28156",0.08,0,0.0376804918050766
"28157",0.08,0,0.0286668203771114
"28158",0.08,0,0.0376804918050766
"28159",0.08,0,0.0798906236886978
"28160",0.08,0,0.124615840613842
"28161",0.08,0,0.0376804918050766
"28162",0.08,0,0.0381301939487457
"28163",0.08,0,0.0798906236886978
"28164",0.08,0,0.124615840613842
"28165",0.08,0,0.0376804918050766
"28166",0.08,0,0.0381301939487457
"28319",0.08,0,0.0314255654811859
"28320",0.08,0,0.0300497356802225
"28321",0.08,0,0.0292995814234018
"28322",0.08,0,0.0215821098536253
"28323",0.08,0,0.0314255654811859
"28324",0.08,0,0.0300497356802225
"28325",0.08,0,0.0292995814234018
"28326",0.08,0,0.0215821098536253
"28327",0.08,0,0.0663799867033958
"28328",0.08,0,0.0663799867033958
"29074",0.08,0,0.0767160877585411
"29075",0.08,0,0.0511860474944115
"29076",0.08,0,0.0714127197861671
"29077",0.08,0,0.0767160877585411
"29078",0.08,0,0.132182136178017
"29079",0.08,0,0.0528380088508129
"29163",0.08,0,0.0926048383116722
"29164",0.08,0,0.141770347952843
"29165",0.08,0,0.168527007102966
"29166",0.08,0,0.168527007102966
"29169",0.08,0,0.0318937301635742
"29170",0.08,0,0.144587472081184
"29171",0.08,0,0.322779446840286
"29172",0.08,0,0.12700779736042
"29366",0.08,0,0.152536138892174
"29370",0.08,0,0.152536138892174
"30460",0.08,0,0.138783022761345
"30461",0.08,0,0.0474936664104462
"30462",0.08,0,0.138787418603897
"30463",0.08,0,0.199017003178596
"30464",0.08,0,0.227241918444633
"30465",0.08,0,0.054021667689085
"6195",0.08,0,0.175426915287971
"6196",0.08,0,0.0561944395303726
"6197",0.08,1,0.175426915287971
"6198",0.08,1,0.175426915287971
"6199",0.08,1,0.0561944395303726
"6200",0.08,0,0.175426915287971
"6201",0.08,0,0.175426915287971
"6202",0.08,1,0.175426915287971
"6203",0.08,1,0.175426915287971
"6204",0.08,1,0.0561944395303726
"6205",0.08,1,0.173614516854286
"6206",0.08,1,0.0567114874720573
"6207",0.08,1,0.0676837116479874
"6208",0.08,0,0.0567114874720573
"6209",0.08,0,0.0676837116479874
"6210",0.08,0,0.136693686246872
"6211",0.08,0,0.0676837116479874
"6212",0.08,0,0.136693686246872
"6213",0.08,0,0.173614516854286
"6214",0.08,0,0.0567114874720573
"6215",0.08,0,0.0676837116479874
"6216",0.08,0,0.0567114874720573
"6217",0.08,0,0.131084978580475
"6218",0.08,0,0.131084978580475
"6219",0.08,0,0.131084978580475
"6220",0.08,0,0.131084978580475
"6221",0.08,1,0.10839057713747
"6222",0.08,1,0.048800952732563
"6223",0.08,0,0.0583373382687569
"6224",0.08,0,0.0583373382687569
"6225",0.08,1,0.10839057713747
"6226",0.08,1,0.048800952732563
"6227",0.08,0,0.0583373382687569
"6228",0.08,0,0.0583373382687569
"6345",0.08,0,0.38590544462204
"6346",0.08,1,0.269287914037704
"6347",0.08,1,0.269287914037704
"6348",0.08,0,0.38590544462204
"6349",0.08,0,0.269287914037704
"6350",0.08,1,0.269287914037704
"6351",0.08,1,0.417256832122803
"6352",0.08,1,0.228019312024117
"6353",0.08,1,0.228019312024117
"6354",0.08,1,0.417256832122803
"6355",0.08,1,0.417256832122803
"6356",0.08,0,0.228019312024117
"6357",0.08,0,0.213991716504097
"6358",0.08,0,0.213991716504097
"6359",0.08,0,0.277926176786423
"6360",0.08,1,0.277926176786423
"6361",0.08,0,0.213991716504097
"6362",0.08,0,0.213991716504097
"6363",0.08,0,0.277926176786423
"6364",0.08,0,0.277926176786423
"6365",0.08,0,0.228019312024117
"6366",0.08,1,0.417256832122803
"6472",0.08,1,0.208356469869614
"6473",0.08,1,0.208356469869614
"6474",0.08,0,0.208356469869614
"6475",0.08,0,0.132685080170631
"6476",0.08,1,0.132685080170631
"6477",0.08,1,0.132685080170631
"6478",0.08,0,0.208356469869614
"6479",0.08,0,0.132685080170631
"6480",0.08,0,0.132685080170631
"6481",0.08,1,0.132685080170631
"6482",0.08,0,0.208356469869614
"6483",0.08,1,0.208356469869614
"6484",0.08,0,0.16885282099247
"6485",0.08,0,0.127756908535957
"6486",0.08,0,0.0447125807404518
"6487",0.08,0,0.0330641344189644
"6488",0.08,0,0.0330641344189644
"6489",0.08,0,0.0447125807404518
"6490",0.08,1,0.16885282099247
"6491",0.08,1,0.127756908535957
"6492",0.08,0,0.0447125807404518
"6493",0.08,0,0.0330641344189644
"6494",0.08,1,0.0330641344189644
"6495",0.08,1,0.0447125807404518
"6496",0.08,0,0.0330641344189644
"6497",0.08,0,0.0330641344189644
"6498",0.08,0,0.033489964902401
"6499",0.08,0,0.0739379525184631
"6500",0.08,0,0.0739379525184631
"6501",0.08,1,0.0330641344189644
"6502",0.08,1,0.0330641344189644
"6503",0.08,1,0.033489964902401
"6504",0.08,1,0.0739379525184631
"6505",0.08,0,0.0739379525184631
"6597",0.08,0,0.0781108811497688
"6598",0.08,0,0.0781108811497688
"6599",0.08,0,0.0468166917562485
"6600",0.08,0,0.0468166917562485
"6601",0.08,1,0.0781108811497688
"6602",0.08,0,0.0468166917562485
"6603",0.08,0,0.0468166917562485
"6604",0.08,0,0.0468166917562485
"6605",0.08,1,0.0781108811497688
"6606",0.08,0,0.0468166917562485
"6607",0.08,0,0.131785750389099
"6608",0.08,1,0.131785750389099
"6609",0.08,0,0.131785750389099
"6610",0.08,1,0.131785750389099
"6611",0.08,0,0.131785750389099
"6612",0.08,0,0.131785750389099
"6736",0.08,0,0.222398683428764
"6737",0.08,0,0.0663503855466843
"6738",0.08,0,0.0663503855466843
"6739",0.08,0,0.222398683428764
"6740",0.08,1,0.0663503855466843
"6741",0.08,0,0.0663503855466843
"6742",0.08,0,0.0225371774286032
"6743",0.08,0,0.0225371774286032
"6744",0.08,0,0.0225371774286032
"6745",0.08,0,0.0225371774286032
"6746",0.08,0,0.296865612268448
"6747",0.08,0,0.296865612268448
"6748",0.08,0,0.296865612268448
"6749",0.08,0,0.296865612268448
"6784",0.08,0,0.0322674363851547
"6785",0.08,0,0.0322674363851547
"6786",0.08,1,0.141215607523918
"6787",0.08,0,0.23787185549736
"6788",0.08,0,0.0555881410837173
"6789",0.08,0,0.0555881410837173
"6790",0.08,1,0.141215607523918
"6791",0.08,0,0.23787185549736
"6792",0.08,0,0.0555881410837173
"6793",0.08,0,0.0555881410837173
"6794",0.08,0,0.0232553724199533
"6795",0.08,1,0.0232553724199533
"6796",0.08,0,0.0312862209975719
"6797",0.08,0,0.063388280570507
"6798",0.08,0,0.063388280570507
"6799",0.08,0,0.0232553724199533
"6800",0.08,1,0.0232553724199533
"6801",0.08,0,0.0312862209975719
"6802",0.08,0,0.063388280570507
"6803",0.08,0,0.063388280570507
"6804",0.08,0,0.0819294154644012
"6805",0.08,0,0.0819294154644012
"6806",0.08,1,0.0319145992398262
"6807",0.08,1,0.0319145992398262
"6808",0.08,0,0.0819294154644012
"6809",0.08,0,0.0819294154644012
"6810",0.08,0,0.0319145992398262
"6811",0.08,0,0.0319145992398262
"6812",0.08,1,0.0657421797513962
"6813",0.08,0,0.0493171215057373
"6814",0.08,0,0.14266961812973
"6815",0.08,0,0.14266961812973
"6816",0.08,1,0.0657421797513962
"6817",0.08,0,0.0493171215057373
"6928",0.08,0,0.233963668346405
"6929",0.08,0,0.233963668346405
"6930",0.08,0,0.233963668346405
"6931",0.08,0,0.233963668346405
"6932",0.08,0,0.233963668346405
"6933",0.08,0,0.248695477843285
"6934",0.08,0,0.248695477843285
"6935",0.08,0,0.248695477843285
"6936",0.08,0,0.233963668346405
"6937",0.08,0,0.248695477843285
"6938",0.08,0,0.248695477843285
"6939",0.08,0,0.248695477843285
"6940",0.08,0,0.394467353820801
"6941",0.08,1,0.394467353820801
"6942",0.08,0,0.394467353820801
"6943",0.08,1,0.394467353820801
"6944",0.08,0,0.394467353820801
"6945",0.08,0,0.394467353820801
"6946",0.08,0,0.394467353820801
"6947",0.08,1,0.394467353820801
"6948",0.08,0,0.306749552488327
"6949",0.08,0,0.240095466375351
"6950",0.08,0,0.240095466375351
"6951",0.08,0,0.240095466375351
"6952",0.08,0,0.240095466375351
"6953",0.08,0,0.306749552488327
"6954",0.08,0,0.240095466375351
"6955",0.08,0,0.240095466375351
"6956",0.08,0,0.240095466375351
"6957",0.08,1,0.240095466375351
"7089",0.08,0,0.0805507153272629
"7090",0.08,0,0.0805507153272629
"7091",0.08,0,0.0344317853450775
"7092",0.08,0,0.0344317853450775
"7093",0.08,1,0.0790878906846046
"7094",0.08,0,0.0790878906846046
"7095",0.08,0,0.0344317853450775
"7096",0.08,0,0.0344317853450775
"7097",0.08,1,0.0790878906846046
"7098",0.08,0,0.0790878906846046
"7099",0.08,0,0.0914722010493279
"7100",0.08,0,0.0914722010493279
"7101",0.08,0,0.0914722010493279
"7102",0.08,1,0.0914722010493279
"7103",0.08,1,0.0914722010493279
"7104",0.08,1,0.0914722010493279
"7229",0.08,0,0.0824209749698639
"7230",0.08,0,0.0824209749698639
"7231",0.08,0,0.0824209749698639
"7232",0.08,0,0.0824209749698639
"7233",0.08,0,0.0961268842220306
"7234",0.08,0,0.0961268842220306
"7235",0.08,0,0.0961268842220306
"7236",0.08,0,0.0961268842220306
"7237",0.08,0,0.0961268842220306
"7238",0.08,0,0.0768699869513512
"7239",0.08,1,0.0768699869513512
"7240",0.08,1,0.0768699869513512
"7241",0.08,1,0.0768699869513512
"7242",0.08,0,0.0768699869513512
"7243",0.08,0,0.0768699869513512
"7244",0.08,1,0.0768699869513512
"7245",0.08,0,0.108136728405952
"7246",0.08,0,0.108136728405952
"7247",0.08,1,0.181605115532875
"7248",0.08,0,0.108136728405952
"7249",0.08,1,0.181605115532875
"7250",0.08,0,0.181605115532875
"7251",0.08,0,0.181605115532875
"7252",0.08,1,0.0824209749698639
"7253",0.08,0,0.0824209749698639
"7254",0.08,0,0.0961268842220306
"7255",0.08,0,0.0768699869513512
"7256",0.08,0,0.108136728405952
"7257",0.08,0,0.176373586058617
"7258",0.08,0,0.0540533177554607
"7259",0.08,0,0.0540533177554607
"7260",0.08,0,0.176373586058617
"7261",0.08,1,0.0540533177554607
"7262",0.08,1,0.0540533177554607
"7398",0.08,0,0.0483001321554184
"7399",0.08,1,0.0483001321554184
"7400",0.08,1,0.0671189278364182
"7401",0.08,1,0.0671189278364182
"7402",0.08,0,0.0671189278364182
"7403",0.08,0,0.0483001321554184
"7404",0.08,0,0.0483001321554184
"7405",0.08,1,0.0671189278364182
"7406",0.08,0,0.0671189278364182
"7407",0.08,0,0.0671189278364182
"7408",0.08,0,0.0989956334233284
"7409",0.08,0,0.0989956334233284
"7410",0.08,1,0.164411172270775
"7411",0.08,1,0.164411172270775
"7412",0.08,1,0.0989956334233284
"7413",0.08,1,0.0989956334233284
"7414",0.08,1,0.164411172270775
"7415",0.08,1,0.164411172270775
"7416",0.08,0,0.164411172270775
"7417",0.08,0,0.0889909565448761
"7418",0.08,0,0.0343031957745552
"7419",0.08,0,0.164411172270775
"7420",0.08,1,0.0889909565448761
"7421",0.08,0,0.0343031957745552
"7422",0.08,0,0.0896993204951286
"7423",0.08,0,0.0348633788526058
"7424",0.08,0,0.0896993204951286
"7425",0.08,0,0.0348633788526058
"7567",0.08,0,0.0568065941333771
"7568",0.08,0,0.0568065941333771
"7569",0.08,0,0.0568065941333771
"7570",0.08,1,0.0568065941333771
"7571",0.08,0,0.0795448422431946
"7572",0.08,0,0.0795448422431946
"7573",0.08,1,0.110970839858055
"7574",0.08,0,0.0795448422431946
"7575",0.08,1,0.0795448422431946
"7576",0.08,0,0.0795448422431946
"7577",0.08,0,0.110970839858055
"7578",0.08,0,0.0795448422431946
"7579",0.08,0,0.111191168427467
"7580",0.08,0,0.111191168427467
"7581",0.08,0,0.187815025448799
"7582",0.08,1,0.187815025448799
"7583",0.08,0,0.111191168427467
"7584",0.08,0,0.111191168427467
"7585",0.08,1,0.187815025448799
"7586",0.08,0,0.187815025448799
"7587",0.08,0,0.182888880372047
"7588",0.08,0,0.0983879864215851
"7589",0.08,0,0.182888880372047
"7590",0.08,1,0.182888880372047
"7591",0.08,0,0.0983879864215851
"7592",0.08,1,0.182888880372047
"10270",0.08,1,0.209096506237984
"10271",0.08,1,0.209096506237984
"10272",0.08,0,0.245016783475876
"10273",0.08,0,0.245016783475876
"10274",0.08,0,0.318085700273514
"10275",0.08,1,0.35638290643692
"10276",0.08,1,0.725566685199738
"10277",0.08,1,0.35638290643692
"10428",0.08,1,0.506330490112305
"10429",0.08,1,0.506330490112305
"10642",0.08,0,0.152717262506485
"10643",0.08,0,0.18592657148838
"10644",0.08,1,0.435971677303314
"10645",0.08,1,0.18592657148838
"10799",0.08,1,0.3826604783535
"10800",0.08,1,0.169294968247414
"10801",0.08,1,0.169294968247414
"10802",0.08,1,0.169294968247414
"10803",0.08,0,0.109641522169113
"10804",0.08,0,0.130750715732574
"10805",0.08,0,0.164154708385468
"10806",0.08,0,0.164154708385468
"10900",0.08,1,0.351162672042847
"10901",0.08,1,0.17258632183075
"10902",0.08,1,0.255934774875641
"10903",0.08,0,0.17258632183075
"11026",0.08,1,0.148515060544014
"11027",0.08,0,0.148515060544014
"11028",0.08,1,0.0993139073252678
"11029",0.08,1,0.0993139073252678
"11030",0.08,1,0.218410193920135
"11031",0.08,1,0.0993139073252678
"11032",0.08,0,0.148507729172707
"11033",0.08,0,0.0993139073252678
"14148",0.08,0,0.0736864507198334
"14149",0.08,0,0.0736864507198334
"14150",0.08,0,0.0882597640156746
"14151",0.08,0,0.0882597640156746
"14156",0.08,1,0.59358137845993
"14157",0.08,0,0.59358137845993
"14158",0.08,1,0.400039672851562
"14159",0.08,0,0.400039672851562
"14233",0.08,1,0.735894858837128
"14234",0.08,1,0.735894858837128
"14235",0.08,1,0.36760750412941
"14236",0.08,1,0.36760750412941
"14237",0.08,1,0.144291460514069
"14238",0.08,1,0.144291460514069
"14239",0.08,1,0.145717307925224
"14240",0.08,1,0.145717307925224
"14241",0.08,0,0.119276940822601
"14379",0.08,0,0.193061783909798
"14380",0.08,1,0.0589095465838909
"14381",0.08,1,0.0589095465838909
"14382",0.08,1,0.506330490112305
"14383",0.08,0,0.193061783909798
"14384",0.08,0,0.0589095465838909
"14385",0.08,1,0.0589095465838909
"14386",0.08,1,0.0589095465838909
"14387",0.08,1,0.506330490112305
"14388",0.08,1,0.0589095465838909
"14389",0.08,1,0.506330490112305
"14390",0.08,1,0.193061783909798
"14391",0.08,0,0.0595503821969032
"14392",0.08,0,0.0595503821969032
"14393",0.08,1,0.506330490112305
"14394",0.08,1,0.193061783909798
"14395",0.08,0,0.0595503821969032
"14396",0.08,0,0.0595503821969032
"14397",0.08,0,0.0460457876324654
"14398",0.08,0,0.0460457876324654
"14783",0.08,0,0.169294968247414
"14784",0.08,1,0.169294968247414
"14785",0.08,1,0.0601253770291805
"14786",0.08,1,0.0601253770291805
"14787",0.08,0,0.169294968247414
"14788",0.08,1,0.169294968247414
"14789",0.08,1,0.0601253770291805
"14790",0.08,1,0.0601253770291805
"14791",0.08,1,0.169294968247414
"14792",0.08,1,0.169294968247414
"14793",0.08,1,0.0601253770291805
"14794",0.08,1,0.0601253770291805
"14795",0.08,1,0.169294968247414
"14796",0.08,1,0.0601253770291805
"14797",0.08,0,0.0601253770291805
"14798",0.08,1,0.169294968247414
"14864",0.08,1,0.421374917030334
"14865",0.08,1,0.421374917030334
"14866",0.08,0,0.421374917030334
"14867",0.08,1,0.193177700042725
"14946",0.08,0,0.231133922934532
"14947",0.08,1,0.209288895130157
"14948",0.08,0,0.231133922934532
"14949",0.08,1,0.209288895130157
"14950",0.08,0,0.209288895130157
"14951",0.08,0,0.209288895130157
"14952",0.08,0,0.0510906800627708
"14953",0.08,0,0.0510906800627708
"14958",0.08,0,0.158249899744987
"14959",0.08,0,0.049871314316988
"14960",0.08,0,0.049871314316988
"14961",0.08,0,0.324326992034912
"14962",0.08,1,0.158249899744987
"14963",0.08,0,0.324326992034912
"14964",0.08,0,0.324326992034912
"14965",0.08,0,0.049871314316988
"14966",0.08,1,0.229884162545204
"14967",0.08,0,0.158249899744987
"14968",0.08,1,0.324326992034912
"14969",0.08,1,0.324326992034912
"14970",0.08,1,0.049871314316988
"14971",0.08,1,0.229884162545204
"14972",0.08,0,0.0583887547254562
"14973",0.08,0,0.0583887547254562
"14974",0.08,0,0.0849278345704079
"14975",0.08,0,0.0583887547254562
"14976",0.08,0,0.0583887547254562
"14977",0.08,0,0.0849278345704079
"14978",0.08,0,0.0583887547254562
"14979",0.08,0,0.0583887547254562
"14980",0.08,0,0.0849278345704079
"14981",0.08,0,0.0583887547254562
"14982",0.08,0,0.0583887547254562
"14983",0.08,0,0.0849278345704079
"14988",0.08,0,0.0191366262733936
"14989",0.08,0,0.0191366262733936
"14990",0.08,0,0.0826411172747612
"14991",0.08,0,0.0826411172747612
"14995",0.08,0,0.0774960964918137
"14996",0.08,0,0.0774960964918137
"14997",0.08,0,0.0774960964918137
"14998",0.08,0,0.0774960964918137
"14999",0.08,0,0.0774960964918137
"15193",0.08,0,0.170397028326988
"15194",0.08,0,0.170397028326988
"15195",0.08,1,0.0334253795444965
"15196",0.08,1,0.0334253795444965
"15197",0.08,1,0.246863350272179
"15198",0.08,0,0.0334253795444965
"15199",0.08,1,0.0334253795444965
"15200",0.08,0,0.0334253795444965
"15201",0.08,1,0.0334253795444965
"15397",0.08,0,0.202300876379013
"15398",0.08,0,0.277566850185394
"15399",0.08,0,0.0406670235097408
"15400",0.08,0,0.0406670235097408
"15402",0.08,0,0.0245082620531321
"15403",0.08,1,0.0406670235097408
"15404",0.08,0,0.145238101482391
"15405",0.08,1,0.145238101482391
"15406",0.08,1,0.205092817544937
"15446",0.08,0,0.270502150058746
"15447",0.08,0,0.270502150058746
"15448",0.08,0,0.203503176569939
"15449",0.08,0,0.203503176569939
"15450",0.08,0,0.270502150058746
"15451",0.08,1,0.270502150058746
"15452",0.08,0,0.203503176569939
"15453",0.08,0,0.203503176569939
"15454",0.08,0,0.0404795035719872
"15455",0.08,1,0.0404795035719872
"15456",0.08,0,0.0240166075527668
"15457",0.08,0,0.144641131162643
"15458",0.08,0,0.144641131162643
"15459",0.08,0,0.0404795035719872
"15460",0.08,1,0.0404795035719872
"15461",0.08,0,0.0240166075527668
"15462",0.08,0,0.144641131162643
"15463",0.08,1,0.144641131162643
"15464",0.08,0,0.0396150387823582
"15465",0.08,0,0.0396150387823582
"15466",0.08,0,0.0396150387823582
"15467",0.08,0,0.0396150387823582
"15679",0.08,0,0.364989519119263
"15680",0.08,0,0.364989519119263
"15681",0.08,1,0.364989519119263
"15682",0.08,0,0.364989519119263
"15684",0.08,0,0.0373778529465199
"15685",0.08,0,0.0373778529465199
"15686",0.08,1,0.0373778529465199
"15687",0.08,0,0.0223838575184345
"15688",0.08,0,0.0373778529465199
"15689",0.08,1,0.0373778529465199
"15690",0.08,0,0.0373778529465199
"15691",0.08,0,0.0373778529465199
"15692",0.08,0,0.0223838575184345
"15693",0.08,0,0.0223838575184345
"15694",0.08,0,0.0223838575184345
"15695",0.08,0,0.0373778529465199
"15696",0.08,0,0.0373778529465199
"15697",0.08,1,0.256469011306763
"15698",0.08,0,0.0373778529465199
"15699",0.08,1,0.256469011306763
"15823",0.08,0,0.256469011306763
"15824",0.08,0,0.256469011306763
"15825",0.08,1,0.256469011306763
"15826",0.08,1,0.13467863202095
"15827",0.08,0,0.0373778529465199
"15828",0.08,0,0.0373778529465199
"15829",0.08,0,0.256469011306763
"15830",0.08,0,0.13467863202095
"15831",0.08,0,0.0373778529465199
"15832",0.08,0,0.0373778529465199
"16300",0.08,0,0.0774960964918137
"16301",0.08,0,0.0774960964918137
"16302",0.08,0,0.324326992034912
"16303",0.08,0,0.158249899744987
"16304",0.08,0,0.049871314316988
"16305",0.08,0,0.049871314316988
"16306",0.08,0,0.0774960964918137
"16307",0.08,0,0.0245082620531321
"16994",0.08,0,0.262720584869385
"16995",0.08,0,0.238539561629295
"16996",0.08,0,0.321452379226685
"16998",0.08,0,0.173474624752998
"16999",0.08,0,0.732683956623077
"17000",0.08,0,0.362340331077576
"17001",0.08,0,0.142676547169685
"17002",0.08,0,0.300641387701035
"17003",0.08,0,0.300641387701035
"17004",0.08,0,0.118952080607414
"17005",0.08,0,0.324208676815033
"17006",0.08,0,0.321452379226685
"17007",0.08,0,0.119832023978233
"17034",0.08,0,0.321452379226685
"17035",0.08,0,0.321452379226685
"17036",0.08,0,0.168285146355629
"17037",0.08,0,0.182594761252403
"17211",0.08,0,0.0499345809221268
"17213",0.08,0,0.135729506611824
"17214",0.08,0,0.0688736885786057
"17344",0.08,0,0.0632482916116714
"17791",0.08,1,0.510578155517578
"17792",0.08,1,0.195723325014114
"18443",0.08,0,0.812498092651367
"18444",0.08,1,0.812498092651367
"18445",0.08,1,0.492271065711975
"18447",0.08,1,0.0296985916793346
"18448",0.08,1,0.0296985916793346
"18449",0.08,0,0.324645638465881
"18450",0.08,0,0.324645638465881
"18451",0.08,1,0.0296985916793346
"18452",0.08,0,0.0296985916793346
"18453",0.08,1,0.324645638465881
"18454",0.08,0,0.324645638465881
"18455",0.08,0,0.324645638465881
"18456",0.08,0,0.324645638465881
"18457",0.08,1,0.324645638465881
"18458",0.08,1,0.324645638465881
"18459",0.08,1,0.324645638465881
"18460",0.08,0,0.324645638465881
"18461",0.08,1,0.324645638465881
"18462",0.08,0,0.324645638465881
"18463",0.08,1,0.324645638465881
"18464",0.08,0,0.324645638465881
"18529",0.08,1,0.492271065711975
"18737",0.08,1,0.122119285166264
"18738",0.08,0,0.122119285166264
"18739",0.08,0,0.122119285166264
"18740",0.08,0,0.122119285166264
"18741",0.08,0,0.365746378898621
"18742",0.08,0,0.365746378898621
"18743",0.08,0,0.122119285166264
"18744",0.08,0,0.122119285166264
"18745",0.08,1,0.365746378898621
"18746",0.08,0,0.365746378898621
"18747",0.08,0,0.365746378898621
"18748",0.08,1,0.365746378898621
"18749",0.08,1,0.365746378898621
"18750",0.08,1,0.365746378898621
"18947",0.08,1,0.193061783909798
"18948",0.08,0,0.193061783909798
"18949",0.08,0,0.193061783909798
"18950",0.08,0,0.193061783909798
"18951",0.08,1,0.193061783909798
"18952",0.08,0,0.193061783909798
"18953",0.08,1,0.193061783909798
"18954",0.08,0,0.193061783909798
"18955",0.08,1,0.193061783909798
"18956",0.08,1,0.193061783909798
"18957",0.08,0,0.193061783909798
"18958",0.08,0,0.129506513476372
"18959",0.08,0,0.129506513476372
"18960",0.08,1,0.193061783909798
"18961",0.08,0,0.193061783909798
"18962",0.08,0,0.193061783909798
"18963",0.08,0,0.193061783909798
"18964",0.08,0,0.129506513476372
"18965",0.08,0,0.129506513476372
"18966",0.08,0,0.193061783909798
"18967",0.08,0,0.0166786424815655
"18968",0.08,1,0.129849672317505
"18969",0.08,1,0.129849672317505
"18970",0.08,1,0.129849672317505
"18971",0.08,1,0.129849672317505
"18972",0.08,1,0.0166786424815655
"18973",0.08,0,0.0166786424815655
"18974",0.08,1,0.129849672317505
"18975",0.08,1,0.129849672317505
"18976",0.08,1,0.129849672317505
"18977",0.08,1,0.0166786424815655
"18978",0.08,0,0.129849672317505
"18979",0.08,1,0.13047844171524
"18980",0.08,0,0.13047844171524
"18981",0.08,0,0.13047844171524
"18982",0.08,1,0.0539871491491795
"18983",0.08,1,0.13047844171524
"18984",0.08,1,0.13047844171524
"18985",0.08,1,0.13047844171524
"18986",0.08,0,0.13047844171524
"18987",0.08,1,0.0539871491491795
"18988",0.08,0,0.13047844171524
"18989",0.08,1,0.129506513476372
"18990",0.08,1,0.506330490112305
"18991",0.08,0,0.193061783909798
"18992",0.08,0,0.193061783909798
"18993",0.08,0,0.129506513476372
"18994",0.08,0,0.193061783909798
"18995",0.08,0,0.506330490112305
"18996",0.08,0,0.193061783909798
"18997",0.08,0,0.193061783909798
"18998",0.08,0,0.193061783909798
"18999",0.08,1,0.130209535360336
"19000",0.08,1,0.194032952189445
"19001",0.08,0,0.130209535360336
"19002",0.08,1,0.130209535360336
"19003",0.08,1,0.194032952189445
"19004",0.08,0,0.130209535360336
"19120",0.08,0,0.123793765902519
"19121",0.08,0,0.123793765902519
"19122",0.08,0,0.18592657148838
"19123",0.08,0,0.18592657148838
"19124",0.08,0,0.123793765902519
"19125",0.08,0,0.123793765902519
"19126",0.08,0,0.18592657148838
"19127",0.08,0,0.123793765902519
"19128",0.08,0,0.18592657148838
"19129",0.08,1,0.435971677303314
"19130",0.08,0,0.123793765902519
"19131",0.08,0,0.18592657148838
"19132",0.08,0,0.18592657148838
"19133",0.08,0,0.123793765902519
"19134",0.08,1,0.18592657148838
"19135",0.08,1,0.435971677303314
"19136",0.08,0,0.123793765902519
"19137",0.08,0,0.18592657148838
"19138",0.08,0,0.18592657148838
"19139",0.08,0,0.18592657148838
"19140",0.08,0,0.18592657148838
"19141",0.08,0,0.18592657148838
"19142",0.08,0,0.18592657148838
"19143",0.08,0,0.18592657148838
"19144",0.08,1,0.18592657148838
"19145",0.08,0,0.18592657148838
"19146",0.08,0,0.18592657148838
"19147",0.08,0,0.102358974516392
"19148",0.08,0,0.252415001392365
"19149",0.08,0,0.252415001392365
"19150",0.08,0,0.252415001392365
"19151",0.08,0,0.252415001392365
"19152",0.08,1,0.102358974516392
"19153",0.08,0,0.252415001392365
"19154",0.08,0,0.252415001392365
"19155",0.08,0,0.252415001392365
"19156",0.08,1,0.252415001392365
"19157",0.08,0,0.186669200658798
"19158",0.08,1,0.186669200658798
"19159",0.08,0,0.0237189922481775
"19160",0.08,1,0.0237189922481775
"19161",0.08,0,0.0237189922481775
"19162",0.08,1,0.186669200658798
"19163",0.08,0,0.186669200658798
"19164",0.08,0,0.186669200658798
"19165",0.08,0,0.186669200658798
"19166",0.08,1,0.186669200658798
"19167",0.08,0,0.440825968980789
"19168",0.08,0,0.440825968980789
"19169",0.08,1,0.440825968980789
"19170",0.08,0,0.440825968980789
"19632",0.08,0,0.636770486831665
"19633",0.08,0,0.287462949752808
"19634",0.08,0,0.636770486831665
"19635",0.08,0,0.287462949752808
"19636",0.08,0,0.636770486831665
"19637",0.08,0,0.287462949752808
"19638",0.08,0,0.287462949752808
"19639",0.08,0,0.287462949752808
"19640",0.08,0,0.636770486831665
"19641",0.08,0,0.287462949752808
"19642",0.08,0,0.287462949752808
"19643",0.08,0,0.287462949752808
"19775",0.08,1,0.36760750412941
"19776",0.08,0,0.36760750412941
"19777",0.08,0,0.36760750412941
"19778",0.08,0,0.36760750412941
"19779",0.08,0,0.36760750412941
"19780",0.08,0,0.36760750412941
"19781",0.08,0,0.295228689908981
"19782",0.08,0,0.295228689908981
"19783",0.08,0,0.295228689908981
"19784",0.08,0,0.295228689908981
"19785",0.08,0,0.0254149455577135
"19786",0.08,0,0.0995873734354973
"19787",0.08,0,0.0254149455577135
"19788",0.08,0,0.0995873734354973
"19803",0.08,0,0.140909478068352
"19804",0.08,0,0.140909478068352
"19805",0.08,0,0.140909478068352
"19806",0.08,1,0.140909478068352
"19909",0.08,0,0.122119285166264
"19910",0.08,0,0.122119285166264
"19911",0.08,0,0.128379747271538
"19912",0.08,0,0.128379747271538
"19913",0.08,0,0.128379747271538
"19914",0.08,0,0.128379747271538
"19915",0.08,0,0.0318847298622131
"19916",0.08,0,0.0318847298622131
"20945",0.08,1,0.364989519119263
"20946",0.08,0,0.178005784749985
"20947",0.08,0,0.364989519119263
"20948",0.08,0,0.178005784749985
"20949",0.08,0,0.13467863202095
"20950",0.08,1,0.13467863202095
"20951",0.08,0,0.13467863202095
"20952",0.08,1,0.13467863202095
"21107",0.08,0,0.193061783909798
"21108",0.08,0,0.506330490112305
"21214",0.08,1,0.0270168911665678
"21215",0.08,0,0.0270168911665678
"21216",0.08,1,0.0270168911665678
"21217",0.08,0,0.0270168911665678
"21218",0.08,0,0.0274061560630798
"21219",0.08,0,0.0274061560630798
"21220",0.08,0,0.0274061560630798
"21221",0.08,0,0.187805205583572
"21222",0.08,0,0.187805205583572
"21223",0.08,0,0.187805205583572
"21224",0.08,0,0.187805205583572
"21225",0.08,0,0.187805205583572
"21290",0.08,1,0.755376696586609
"21291",0.08,0,0.755376696586609
"21292",0.08,1,0.755376696586609
"21293",0.08,0,0.755376696586609
"21294",0.08,0,0.755376696586609
"21295",0.08,1,0.755376696586609
"21296",0.08,0,0.755376696586609
"21297",0.08,0,0.755376696586609
"21298",0.08,1,0.755376696586609
"21299",0.08,1,0.755376696586609
"21300",0.08,0,0.755376696586609
"21301",0.08,0,0.755376696586609
"21302",0.08,0,0.755376696586609
"21303",0.08,0,0.755376696586609
"21304",0.08,0,0.0433073826134205
"21305",0.08,0,0.0433073826134205
"21306",0.08,0,0.0433073826134205
"21307",0.08,0,0.0433073826134205
"21308",0.08,0,0.0433073826134205
"21309",0.08,0,0.0433073826134205
"21310",0.08,0,0.0433073826134205
"21311",0.08,0,0.0433073826134205
"21312",0.08,0,0.0433073826134205
"21313",0.08,0,0.0433073826134205
"21314",0.08,0,0.0433073826134205
"21315",0.08,0,0.0433073826134205
"21316",0.08,0,0.0433073826134205
"21317",0.08,0,0.0433073826134205
"21330",0.08,0,0.480998158454895
"21331",0.08,0,0.480998158454895
"21332",0.08,1,0.480998158454895
"21333",0.08,1,0.480998158454895
"21334",0.08,1,0.480998158454895
"21335",0.08,1,0.480998158454895
"21336",0.08,1,0.480998158454895
"21337",0.08,0,0.15277211368084
"21338",0.08,1,0.15277211368084
"21339",0.08,1,0.15277211368084
"21340",0.08,0,0.15277211368084
"21341",0.08,1,0.15277211368084
"21342",0.08,1,0.15277211368084
"21343",0.08,1,0.15277211368084
"21378",0.08,0,0.0824343711137772
"21379",0.08,0,0.0824343711137772
"21380",0.08,0,0.0824343711137772
"21381",0.08,0,0.0824343711137772
"21382",0.08,0,0.0824343711137772
"21383",0.08,0,0.0824343711137772
"21384",0.08,0,0.0824343711137772
"21385",0.08,0,0.0824343711137772
"21386",0.08,0,0.0824343711137772
"21387",0.08,0,0.0824343711137772
"21388",0.08,0,0.0824343711137772
"21389",0.08,0,0.0824343711137772
"21390",0.08,0,0.0824343711137772
"21391",0.08,0,0.0824343711137772
"21392",0.08,0,0.0824343711137772
"21393",0.08,0,0.0824343711137772
"21433",0.08,0,0.126503422856331
"21434",0.08,1,0.126503422856331
"21435",0.08,1,0.245386496186256
"21436",0.08,1,0.245386496186256
"21437",0.08,1,0.245386496186256
"21438",0.08,1,0.245386496186256
"21439",0.08,0,0.169294968247414
"21441",0.08,0,0.169294968247414
"21442",0.08,0,0.169294968247414
"21443",0.08,0,0.169294968247414
"21444",0.08,0,0.169294968247414
"21445",0.08,0,0.169294968247414
"21613",0.08,0,0.291244000196457
"21614",0.08,0,0.291244000196457
"21956",0.08,0,0.359432339668274
"21957",0.08,0,0.321452379226685
"21958",0.08,0,0.321452379226685
"21959",0.08,0,0.359432339668274
"21960",0.08,0,0.321452379226685
"21961",0.08,0,0.321452379226685
"22064",0.08,0,0.128379747271538
"22065",0.08,0,0.106776840984821
"22066",0.08,0,0.128379747271538
"22067",0.08,0,0.106776840984821
"22068",0.08,0,0.128379747271538
"22069",0.08,0,0.106776840984821
"22070",0.08,0,0.128379747271538
"22071",0.08,0,0.106776840984821
"22072",0.08,0,0.106776840984821
"22073",0.08,0,0.106776840984821
"22074",0.08,0,0.106776840984821
"22075",0.08,0,0.106776840984821
"22294",0.08,0,0.0938959494233131
"22295",0.08,0,0.188227906823158
"22502",0.08,0,0.264939576387405
"22503",0.08,0,0.264939576387405
"22514",0.08,0,0.18592657148838
"22515",0.08,0,0.18592657148838
"22516",0.08,0,0.157714858651161
"22517",0.08,0,0.18592657148838
"22518",0.08,0,0.18592657148838
"22519",0.08,0,0.157714858651161
"22520",0.08,0,0.18767361342907
"22521",0.08,0,0.0849146768450737
"22522",0.08,0,0.157714858651161
"22523",0.08,0,0.18592657148838
"22524",0.08,0,0.18767361342907
"22525",0.08,0,0.18767361342907
"22526",0.08,0,0.157714858651161
"22527",0.08,0,0.18592657148838
"22528",0.08,0,0.0894022583961487
"22529",0.08,0,0.0894022583961487
"22530",0.08,0,0.0894022583961487
"22531",0.08,0,0.127136334776878
"22532",0.08,0,0.0894022583961487
"22533",0.08,0,0.127136334776878
"22534",0.08,0,0.139315530657768
"22535",0.08,0,0.139315530657768
"22536",0.08,0,0.18592657148838
"22537",0.08,0,0.139315530657768
"22538",0.08,0,0.139315530657768
"22539",0.08,0,0.18592657148838
"23264",0.08,0,0.170629873871803
"23265",0.08,0,0.170629873871803
"23266",0.08,1,0.13467863202095
"23267",0.08,0,0.170629873871803
"23268",0.08,0,0.170629873871803
"23269",0.08,0,0.13467863202095
"23270",0.08,1,0.13467863202095
"23271",0.08,0,0.13467863202095
"23272",0.08,0,0.170629873871803
"23273",0.08,0,0.13467863202095
"23274",0.08,0,0.170629873871803
"23275",0.08,0,0.196843564510345
"23438",0.08,0,0.256469011306763
"23439",0.08,1,0.256469011306763
"23440",0.08,0,0.256469011306763
"23441",0.08,0,0.13467863202095
"23442",0.08,0,0.13467863202095
"23443",0.08,0,0.256469011306763
"23444",0.08,0,0.13467863202095
"23445",0.08,0,0.13467863202095
"23460",0.08,0,0.13467863202095
"23461",0.08,1,0.170629873871803
"23462",0.08,1,0.170629873871803
"23463",0.08,0,0.13467863202095
"23464",0.08,1,0.170629873871803
"23465",0.08,1,0.170629873871803
"23466",0.08,0,0.13467863202095
"23467",0.08,0,0.13467863202095
"24221",0.08,0,0.153878197073936
"24222",0.08,0,0.153878197073936
"24223",0.08,0,0.287462949752808
"24224",0.08,0,0.287462949752808
"24225",0.08,0,0.153878197073936
"24226",0.08,0,0.153878197073936
"24227",0.08,0,0.287462949752808
"24228",0.08,0,0.287462949752808
"24431",0.08,0,0.730207502841949
"24432",0.08,0,0.359432339668274
"24433",0.08,0,0.359432339668274
"24434",0.08,0,0.730207502841949
"24435",0.08,0,0.359432339668274
"24436",0.08,0,0.359432339668274
"24437",0.08,1,0.196251809597015
"24438",0.08,0,0.196251809597015
"24439",0.08,0,0.196251809597015
"24440",0.08,1,0.196251809597015
"24441",0.08,0,0.362340331077576
"24442",0.08,0,0.362340331077576
"24623",0.08,0,0.0591367110610008
"24624",0.08,0,0.0591367110610008
"24625",0.08,0,0.128379747271538
"24626",0.08,0,0.128379747271538
"24627",0.08,0,0.0591367110610008
"24628",0.08,0,0.0591367110610008
"24629",0.08,0,0.128379747271538
"24630",0.08,0,0.128379747271538
"24771",0.08,0,0.159521728754044
"24772",0.08,0,0.0944502055644989
"24773",0.08,0,0.188227906823158
"24775",0.08,0,0.113005839288235
"24776",0.08,0,0.0864165052771568
"24777",0.08,0,0.188227906823158
"24928",0.08,0,0.186669200658798
"24929",0.08,0,0.157714858651161
"24930",0.08,0,0.100550785660744
"24931",0.08,0,0.0894022583961487
"24932",0.08,0,0.186669200658798
"24933",0.08,0,0.157714858651161
"24934",0.08,0,0.100550785660744
"24935",0.08,0,0.0894022583961487
"24937",0.08,0,0.185620978474617
"24941",0.08,0,0.185620978474617
"25160",0.08,0,0.343914538621902
"25161",0.08,0,0.343914538621902
"25162",0.08,0,0.197535946965218
"25163",0.08,0,0.343914538621902
"25925",0.08,0,0.122119285166264
"25926",0.08,0,0.122119285166264
"25927",0.08,0,0.122119285166264
"25928",0.08,0,0.122119285166264
"25929",0.08,0,0.122119285166264
"25930",0.08,0,0.122119285166264
"25931",0.08,0,0.122119285166264
"25932",0.08,0,0.122119285166264
"25933",0.08,0,0.0742819160223007
"25934",0.08,0,0.0742819160223007
"25936",0.08,0,0.0742819160223007
"25937",0.08,0,0.0742819160223007
"26331",0.08,0,0.122119285166264
"26332",0.08,1,0.0299950782209635
"26333",0.08,1,0.0121704684570432
"26334",0.08,1,0.365746378898621
"26393",0.08,0,0.0521129705011845
"26394",0.08,0,0.0509413741528988
"26395",0.08,0,0.0521129705011845
"26396",0.08,0,0.0509413741528988
"27459",0.08,0,0.0995486229658127
"27460",0.08,0,0.359714329242706
"27461",0.08,0,0.0995486229658127
"27462",0.08,0,0.359714329242706
"27463",0.08,0,0.359714329242706
"27465",0.08,0,0.359714329242706
"27469",0.08,0,0.00756784481927752
"27472",0.08,0,0.00756784481927752
"27495",0.08,0,0.483722329139709
"27496",0.08,0,0.483722329139709
"27497",0.08,0,0.483722329139709
"27498",0.08,0,0.483722329139709
"27499",0.08,0,0.224919393658638
"27500",0.08,0,0.224919393658638
"27501",0.08,0,0.390626579523087
"27502",0.08,0,0.390626579523087
"27503",0.08,0,0.224919393658638
"27504",0.08,0,0.224919393658638
"27505",0.08,0,0.390626579523087
"27506",0.08,0,0.182419463992119
"27507",0.08,0,0.390626579523087
"27508",0.08,0,0.182419463992119
"27509",0.08,0,0.337076038122177
"27510",0.08,0,0.337076038122177
"27511",0.08,0,0.182419463992119
"27512",0.08,0,0.182419463992119
"27513",0.08,0,0.337076038122177
"27514",0.08,0,0.337076038122177
"27515",0.08,0,0.336008489131927
"27516",0.08,0,0.336008489131927
"27517",0.08,0,0.336008489131927
"27518",0.08,0,0.336008489131927
"27606",0.08,1,0.469067722558975
"27607",0.08,1,0.752470672130585
"27608",0.08,1,0.437449842691422
"27609",0.08,1,0.479271084070206
"27740",0.08,0,0.359619110822678
"27741",0.08,0,0.359619110822678
"27742",0.08,0,0.359619110822678
"27743",0.08,0,0.359619110822678
"27744",0.08,0,0.359619110822678
"27745",0.08,0,0.359619110822678
"27748",0.08,0,0.511098921298981
"27749",0.08,0,0.511098921298981
"28067",0.08,1,0.806477963924408
"29098",0.08,0,0.216933891177177
"29099",0.08,0,0.0890294685959816
"29100",0.08,0,0.216933891177177
"29101",0.08,0,0.0890294685959816
"29104",0.08,0,0.122574925422668
"29105",0.08,0,0.153698727488518
"29108",0.08,0,0.122574925422668
"29109",0.08,0,0.153698727488518
"29110",0.08,0,0.0989701971411705
"29111",0.08,0,0.0989701971411705
"29112",0.08,0,0.0989701971411705
"29113",0.08,0,0.0989701971411705
"29854",0.08,0,0.238567337393761
"29855",0.08,0,0.238567337393761
"3194",0.08,0,0.187805205583572
"3195",0.08,0,0.187805205583572
"3198",0.08,0,0.0883035063743591
"3199",0.08,0,0.0826752483844757
"3202",0.08,0,0.0673509761691093
"3203",0.08,0,0.0673509761691093
"3204",0.08,0,0.1053631529212
"3205",0.08,0,0.204270765185356
"3206",0.08,1,0.18592657148838
"3207",0.08,1,0.18592657148838
"3208",0.08,1,0.18592657148838
"3209",0.08,1,0.18592657148838
"3210",0.08,0,0.204270765185356
"3211",0.08,0,0.1053631529212
"3212",0.08,0,0.0673509761691093
"3213",0.08,0,0.0673509761691093
"3216",0.08,1,0.0826752483844757
"3217",0.08,1,0.0883035063743591
"3220",0.08,0,0.187805205583572
"3362",0.08,1,0.062258169054985
"3363",0.08,1,0.062258169054985
"3364",0.08,0,0.12374123185873
"3369",0.08,0,0.097763866186142
"3372",0.08,0,0.0569018237292767
"3373",0.08,0,0.0569018237292767
"3374",0.08,0,0.0712172016501427
"3375",0.08,0,0.0712172016501427
"3376",0.08,1,0.14855594933033
"3377",0.08,1,0.14855594933033
"3378",0.08,0,0.14855594933033
"3379",0.08,1,0.14855594933033
"3380",0.08,0,0.0712172016501427
"3381",0.08,0,0.0712172016501427
"3382",0.08,1,0.0569018237292767
"3383",0.08,1,0.0569018237292767
"3386",0.08,0,0.097763866186142
"3391",0.08,0,0.12374123185873
"3392",0.08,1,0.062258169054985
"3393",0.08,1,0.062258169054985
"3470",0.08,0,0.042415726929903
"3471",0.08,0,0.0676664710044861
"3472",0.08,1,0.142728924751282
"3473",0.08,0,0.0364506430923939
"3478",0.08,0,0.102104313671589
"3489",0.08,0,0.102104313671589
"3494",0.08,0,0.0364506430923939
"3495",0.08,1,0.142728924751282
"3496",0.08,0,0.0676664710044861
"3497",0.08,0,0.042415726929903
"3716",0.08,0,0.0264945272356272
"3725",0.08,0,0.111688084900379
"3726",0.08,0,0.111688084900379
"3727",0.08,0,0.0271482989192009
"3728",0.08,0,0.0271482989192009
"3729",0.08,1,0.0993139073252678
"3730",0.08,1,0.0993139073252678
"3731",0.08,0,0.0993139073252678
"3732",0.08,0,0.0993139073252678
"3733",0.08,0,0.0271482989192009
"3734",0.08,1,0.0271482989192009
"3735",0.08,0,0.111688084900379
"3736",0.08,0,0.111688084900379
"3745",0.08,1,0.0264945272356272
"3807",0.08,0,0.144537255167961
"3808",0.08,0,0.144537255167961
"3809",0.08,0,0.0309147778898478
"3810",0.08,0,0.0309147778898478
"3811",0.08,0,0.0406670235097408
"3812",0.08,0,0.0406670235097408
"3813",0.08,0,0.0406670235097408
"3814",0.08,0,0.0406670235097408
"3815",0.08,0,0.0309147778898478
"3816",0.08,0,0.0309147778898478
"3817",0.08,0,0.144537255167961
"3818",0.08,0,0.144537255167961
"4170",0.08,1,0.0278424546122551
"4171",0.08,1,0.0278424546122551
"4182",0.08,0,0.13467863202095
"4183",0.08,1,0.13467863202095
"4184",0.08,0,0.0373778529465199
"4185",0.08,0,0.0373778529465199
"4186",0.08,0,0.0373778529465199
"4187",0.08,0,0.0373778529465199
"4188",0.08,0,0.13467863202095
"4189",0.08,0,0.13467863202095
"4200",0.08,1,0.0278424546122551
"4201",0.08,1,0.0278424546122551
"4269",0.08,1,0.0278424546122551
"4270",0.08,1,0.0278424546122551
"4277",0.08,0,0.364989519119263
"4278",0.08,0,0.160605281591415
"4279",0.08,0,0.149055734276772
"4280",0.08,0,0.137671053409576
"4281",0.08,0,0.13467863202095
"4282",0.08,0,0.13467863202095
"4283",0.08,0,0.13467863202095
"4284",0.08,0,0.13467863202095
"4285",0.08,0,0.137671053409576
"4286",0.08,0,0.149055734276772
"4287",0.08,0,0.160605281591415
"4288",0.08,0,0.364989519119263
"4293",0.08,1,0.0278424546122551
"4294",0.08,1,0.0278424546122551
"4427",0.08,1,0.0278424546122551
"4428",0.08,1,0.0278424546122551
"4429",0.08,1,0.0373778529465199
"4430",0.08,1,0.0373778529465199
"4435",0.08,0,0.13467863202095
"4436",0.08,1,0.13467863202095
"4437",0.08,0,0.13467863202095
"4438",0.08,0,0.13467863202095
"4443",0.08,0,0.0373778529465199
"4444",0.08,1,0.0373778529465199
"4445",0.08,1,0.0278424546122551
"4446",0.08,1,0.0278424546122551
"7191",0.08,0,0.164288818836212
"7192",0.08,1,0.121738277375698
"7322",0.08,1,0.144641131162643
"9896",0.08,1,0.305431962013245
"9897",0.08,1,0.305431962013245
"9898",0.08,1,0.337076038122177
"9899",0.08,1,0.337076038122177
"9900",0.08,0,0.188368290662766
"9901",0.08,0,0.188368290662766
"9902",0.08,1,0.218083634972572
"9903",0.08,1,0.218083634972572
"11795",0.08,0,0.240172892808914
"11796",0.08,0,0.109099358320236
"11797",0.08,0,0.362334579229355
"11798",0.08,0,0.109099358320236
"12081",0.08,0,0.0554038062691689
"12082",0.08,0,0.0554038062691689
"12086",0.08,0,0.470558047294617
"12721",0.08,0,0.0139453271403909
"12722",0.08,0,0.0124659799039364
"12789",0.08,0,0.279803246259689
"15477",0.08,0,0.0944311916828156
"15478",0.08,0,0.0253888852894306
"18533",0.08,1,0.187399566173553
"18534",0.08,1,0.250365763902664
"19793",0.08,1,0.0400930307805538
"19794",0.08,1,0.0400930307805538
"19795",0.08,0,0.0345309898257256
"19798",0.08,1,0.0400930307805538
"19799",0.08,1,0.0400930307805538
"19800",0.08,0,0.0345309898257256
"20511",0.08,0,0.045950997620821
"20513",0.08,0,0.045950997620821
"20514",0.08,0,0.0674218907952309
"20753",0.08,0,0.111990734934807
"20754",0.08,0,0.111990734934807
"21227",0.08,1,0.158955082297325
"21228",0.08,1,0.158955082297325
"21229",0.08,1,0.158955082297325
"21230",0.08,1,0.158955082297325
"21231",0.08,1,0.158955082297325
"21232",0.08,1,0.158955082297325
"21233",0.08,1,0.158955082297325
"21234",0.08,1,0.158955082297325
"21235",0.08,1,0.158955082297325
"21236",0.08,0,0.158955082297325
"21237",0.08,1,0.158955082297325
"21238",0.08,0,0.158955082297325
"21239",0.08,1,0.158955082297325
"21240",0.08,0,0.158955082297325
"21241",0.08,0,0.128211811184883
"21242",0.08,0,0.128211811184883
"21243",0.08,0,0.128211811184883
"21244",0.08,0,0.128211811184883
"21245",0.08,0,0.128211811184883
"21246",0.08,0,0.128211811184883
"21247",0.08,0,0.128211811184883
"21248",0.08,0,0.128211811184883
"21249",0.08,0,0.128211811184883
"21250",0.08,0,0.128211811184883
"21251",0.08,0,0.128211811184883
"21252",0.08,0,0.128211811184883
"21253",0.08,0,0.128211811184883
"21254",0.08,0,0.128211811184883
"21255",0.08,0,0.179357782006264
"21256",0.08,0,0.179357782006264
"21257",0.08,0,0.179357782006264
"21258",0.08,0,0.179357782006264
"21259",0.08,0,0.179357782006264
"21260",0.08,0,0.179357782006264
"21261",0.08,0,0.179357782006264
"21262",0.08,0,0.179357782006264
"21263",0.08,1,0.179357782006264
"21264",0.08,0,0.179357782006264
"21265",0.08,0,0.179357782006264
"21266",0.08,0,0.179357782006264
"21267",0.08,0,0.179357782006264
"21268",0.08,0,0.179357782006264
"21269",0.08,0,0.307151108980179
"21270",0.08,0,0.307151108980179
"21271",0.08,0,0.307151108980179
"21272",0.08,0,0.307151108980179
"21273",0.08,0,0.307151108980179
"21274",0.08,0,0.307151108980179
"21275",0.08,0,0.307151108980179
"21276",0.08,0,0.132543101906776
"21277",0.08,0,0.132543101906776
"21278",0.08,0,0.132543101906776
"21279",0.08,0,0.132543101906776
"21280",0.08,0,0.132543101906776
"21281",0.08,0,0.132543101906776
"21282",0.08,0,0.132543101906776
"21283",0.08,1,0.132543101906776
"21284",0.08,0,0.132543101906776
"21285",0.08,0,0.132543101906776
"21286",0.08,0,0.132543101906776
"21287",0.08,0,0.132543101906776
"21288",0.08,0,0.132543101906776
"21289",0.08,0,0.132543101906776
"21409",0.08,1,0.15465335547924
"21410",0.08,1,0.15465335547924
"21411",0.08,0,0.15465335547924
"21412",0.08,1,0.15465335547924
"21413",0.08,0,0.15465335547924
"21414",0.08,1,0.15465335547924
"21415",0.08,1,0.213187530636787
"21416",0.08,1,0.213187530636787
"21431",0.08,0,0.155705913901329
"21432",0.08,1,0.155705913901329
"21594",0.08,0,0.230049654841423
"21595",0.08,0,0.230049654841423
"21721",0.08,0,0.230358555912971
"21722",0.08,0,0.0534091629087925
"21723",0.08,0,0.0626711621880531
"21786",0.08,0,0.0393395759165287
"21787",0.08,0,0.114759437739849
"24862",0.08,0,0.250335931777954
"24863",0.08,0,0.250335931777954
"24864",0.08,0,0.250335931777954
"24865",0.08,0,0.250335931777954
"25304",0.08,0,0.0812164396047592
"25305",0.08,0,0.0812164396047592
"25306",0.08,0,0.131094604730606
"25307",0.08,0,0.131094604730606
"26371",0.08,1,0.16367219388485
"26372",0.08,1,0.16367219388485
"26373",0.08,1,0.16367219388485
"26374",0.08,1,0.16367219388485
"26375",0.08,1,0.0523486062884331
"26376",0.08,0,0.0523486062884331
"26377",0.08,0,0.0484809204936028
"26378",0.08,0,0.0484809204936028
"26379",0.08,0,0.0523486062884331
"26380",0.08,1,0.0523486062884331
"26381",0.08,0,0.0484809204936028
"26382",0.08,0,0.0484809204936028
"26508",0.08,0,0.0865666121244431
"26509",0.08,0,0.0865666121244431
"26510",0.08,0,0.0865666121244431
"26511",0.08,0,0.0865666121244431
"26512",0.08,1,0.0865666121244431
"26513",0.08,1,0.0865666121244431
"26514",0.08,0,0.0648249983787537
"26515",0.08,1,0.0648249983787537
"26516",0.08,1,0.216928526759148
"26517",0.08,1,0.216928526759148
"26518",0.08,1,0.216928526759148
"26519",0.08,0,0.0648249983787537
"26520",0.08,0,0.0648249983787537
"26521",0.08,1,0.216928526759148
"26522",0.08,1,0.216928526759148
"26523",0.08,1,0.216928526759148
"27473",0.08,1,0.38580659031868
"27474",0.08,1,0.165357366204262
"27475",0.08,1,0.165357366204262
"27476",0.08,1,0.38580659031868
"27477",0.08,1,0.165357366204262
"27478",0.08,1,0.165357366204262
"27485",0.08,0,0.165357366204262
"27486",0.08,1,0.221755862236023
"27487",0.08,1,0.221755862236023
"27488",0.08,1,0.459447085857391
"27489",0.08,1,0.459447085857391
"27490",0.08,0,0.165357366204262
"27491",0.08,1,0.221755862236023
"27492",0.08,1,0.221755862236023
"27493",0.08,1,0.459447085857391
"27494",0.08,1,0.459447085857391
"27584",0.08,0,0.187516629695892
"27585",0.08,0,0.0468269884586334
"27586",0.08,1,0.118662282824516
"27587",0.08,0,0.176852121949196
"27588",0.08,0,0.156020745635033
"27589",0.08,0,0.0753225982189178
"27590",0.08,1,0.44231104850769
"27591",0.08,0,0.224332377314568
"27592",0.08,0,0.470278680324554
"27593",0.08,1,0.158955082297325
"27594",0.08,1,0.157642900943756
"27595",0.08,0,0.115744046866894
"27596",0.08,0,0.44231104850769
"27597",0.08,0,0.19117496907711
"27598",0.08,0,0.118662282824516
"27599",0.08,0,0.302513360977173
"27736",0.08,0,0.472999811172485
"27737",0.08,0,0.428489714860916
"27738",0.08,0,0.472999811172485
"27739",0.08,0,0.428489714860916
"27790",0.08,1,0.535064041614532
"27791",0.08,1,0.535064041614532
"27792",0.08,1,0.535064041614532
"27793",0.08,1,0.457803726196289
"27794",0.08,1,0.535064041614532
"27795",0.08,1,0.535064041614532
"27796",0.08,1,0.535064041614532
"27797",0.08,1,0.457803726196289
"27798",0.08,0,0.22360734641552
"27799",0.08,1,0.22360734641552
"27800",0.08,1,0.133338540792465
"27801",0.08,1,0.133338540792465
"27802",0.08,0,0.22360734641552
"27803",0.08,1,0.22360734641552
"27804",0.08,1,0.133338540792465
"27805",0.08,1,0.133338540792465
"27806",0.08,0,0.22360734641552
"27807",0.08,0,0.133338540792465
"27808",0.08,0,0.22360734641552
"27809",0.08,0,0.133338540792465
"28177",0.08,0,0.676311492919922
"28178",0.08,0,0.676311492919922
"28179",0.08,0,0.357222110033035
"28180",0.08,0,0.357222110033035
"28181",0.08,0,0.676311492919922
"28182",0.08,0,0.676311492919922
"28183",0.08,1,0.357222110033035
"28184",0.08,0,0.357222110033035
"28185",0.08,0,0.725549042224884
"28186",0.08,1,0.725549042224884
"28187",0.08,1,0.725549042224884
"28188",0.08,1,0.725549042224884
"28189",0.08,0,0.64946311712265
"28190",0.08,0,0.725549042224884
"28191",0.08,1,0.725549042224884
"28192",0.08,1,0.725549042224884
"28193",0.08,1,0.725549042224884
"28194",0.08,0,0.64946311712265
"28303",0.08,1,0.132493019104004
"28304",0.08,0,0.314253091812134
"28305",0.08,1,0.62369042634964
"28306",0.08,1,0.702810645103455
"28307",0.08,1,0.132493019104004
"28308",0.08,0,0.314253091812134
"28309",0.08,0,0.62369042634964
"28310",0.08,1,0.702810645103455
"28313",0.08,0,0.601300954818726
"28314",0.08,1,0.601300954818726
"28317",0.08,1,0.601300954818726
"28318",0.08,1,0.601300954818726
"28343",0.08,0,0.0687282532453537
"28346",0.08,1,0.0687282532453537
"28371",0.08,0,0.051485113799572
"28379",0.08,0,0.107138089835644
"28380",0.08,0,0.107138089835644
"28381",0.08,0,0.051485113799572
"28382",0.08,0,0.051485113799572
"28543",0.08,1,0.490242391824722
"28544",0.08,1,0.444386333227158
"28546",0.08,0,0.155705913901329
"28547",0.08,1,0.490242391824722
"28549",0.08,1,0.444386333227158
"28550",0.08,1,0.155705913901329
"28551",0.08,1,0.116556853055954
"28552",0.08,0,0.116556853055954
"28553",0.08,0,0.47915780544281
"28554",0.08,1,0.567598283290863
"28555",0.08,0,0.116556853055954
"28556",0.08,0,0.116556853055954
"28557",0.08,0,0.47915780544281
"28558",0.08,0,0.567598283290863
"28591",0.08,0,0.617372930049896
"28592",0.08,0,0.617372930049896
"28593",0.08,0,0.268828690052032
"28594",0.08,0,0.268828690052032
"28595",0.08,0,0.617372930049896
"28596",0.08,0,0.617372930049896
"28597",0.08,0,0.268828690052032
"28598",0.08,0,0.268828690052032
"28599",0.08,0,0.663003981113434
"28600",0.08,0,0.72588175535202
"28601",0.08,1,0.72588175535202
"28602",0.08,1,0.72588175535202
"28603",0.08,0,0.663003981113434
"28604",0.08,0,0.72588175535202
"28605",0.08,1,0.72588175535202
"28606",0.08,0,0.72588175535202
"28607",0.08,0,0.215337842702866
"28608",0.08,0,0.215337842702866
"28609",0.08,0,0.215337842702866
"28610",0.08,0,0.215337842702866
"28889",0.08,1,0.422213196754456
"28890",0.08,0,0.495855987071991
"28891",0.08,0,0.495855987071991
"28892",0.08,0,0.422213196754456
"28893",0.08,1,0.495855987071991
"28894",0.08,0,0.495855987071991
"28895",0.08,0,0.372285842895508
"28896",0.08,0,0.372285842895508
"28899",0.08,0,0.372285842895508
"28900",0.08,1,0.372285842895508
"28945",0.08,0,0.400121808052063
"28946",0.08,0,0.400121808052063
"28947",0.08,1,0.47306627035141
"28948",0.08,1,0.47306627035141
"28949",0.08,0,0.400121808052063
"28950",0.08,0,0.400121808052063
"28951",0.08,0,0.47306627035141
"28952",0.08,0,0.47306627035141
"29261",0.08,0,0.039555624127388
"29262",0.08,0,0.039555624127388
"29265",0.08,0,0.0145233431831002
"29266",0.08,0,0.0145233431831002
"29267",0.08,0,0.0403792634606361
"29268",0.08,0,0.0403792634606361
"29389",0.08,1,0.487489938735962
"29390",0.08,1,0.487489938735962
"29391",0.08,0,0.487489938735962
"29392",0.08,1,0.487489938735962
"29393",0.08,0,0.487489938735962
"29394",0.08,0,0.487489938735962
"29513",0.08,0,0.186446487903595
"29514",0.08,1,0.098748691380024
"29515",0.08,0,0.144525244832039
"29516",0.08,0,0.153803080320358
"29517",0.08,0,0.126300901174545
"29518",0.08,0,0.0936387553811073
"29519",0.08,0,0.289017230272293
"29520",0.08,0,0.0619843564927578
"29521",0.08,1,0.111953839659691
"29522",0.08,1,0.26029160618782
"29523",0.08,0,0.26029160618782
"29524",0.08,0,0.0761303827166557
"29525",0.08,0,0.0984124019742012
"29526",0.08,0,0.224416837096214
"29527",0.08,0,0.142839759588242
"29555",0.08,0,0.397414058446884
"29556",0.08,0,0.487489938735962
"29557",0.08,1,0.487489938735962
"29558",0.08,0,0.397414058446884
"29559",0.08,0,0.487489938735962
"29560",0.08,1,0.487489938735962
"29561",0.08,0,0.125907957553864
"29562",0.08,0,0.125907957553864
"29563",0.08,0,0.411469548940659
"29564",0.08,0,0.101849056780338
"29565",0.08,0,0.125907957553864
"29566",0.08,0,0.125907957553864
"29567",0.08,0,0.411469548940659
"29568",0.08,1,0.101849056780338
"29689",0.08,0,0.0287866536527872
"29690",0.08,0,0.0287866536527872
"29691",0.08,0,0.0127710448578
"29692",0.08,0,0.00831348262727261
"29693",0.08,0,0.00831348262727261
"29722",0.08,0,0.160503432154655
"29723",0.08,0,0.0998955518007278
"29724",0.08,0,0.166959777474403
"29725",0.08,0,0.149039581418037
"29743",0.08,0,0.227216377854347
"29744",0.08,0,0.272805601358414
"29745",0.08,0,0.123505644500256
"29746",0.08,0,0.0520886927843094
"29769",0.08,0,0.031823318451643
"29770",0.08,0,0.0356407128274441
"29771",0.08,0,0.0539308004081249
"29772",0.08,0,0.0439305864274502
"29971",0.08,0,0.0351475961506367
"29972",0.08,0,0.276166588068008
"29973",0.08,0,0.104664377868176
"30261",0.08,0,0.108412064611912
"30273",0.08,0,0.205866768956184
"30441",0.08,0,0.135543629527092
"30442",0.08,0,0.135543629527092
"30444",0.08,0,0.295896708965302
"30445",0.08,0,0.295896708965302
"30446",0.08,0,0.0914927646517754
"30447",0.08,1,0.459559410810471
"30448",0.08,1,0.459559410810471
"30449",0.08,0,0.366435825824738
"30450",0.08,0,0.486706584692001
"30451",0.08,1,0.486706584692001
"30452",0.08,1,0.459559410810471
"30453",0.08,0,0.0763574615120888
"30454",0.08,0,0.227814212441444
"30455",0.08,0,0.140888139605522
"30456",0.08,0,0.0656654015183449
"30457",0.08,0,0.0848052650690079
"30458",0.08,0,0.135303109884262
"30459",0.08,0,0.0674501359462738
"3750",0.08,0,0.0854596421122551
"3751",0.08,0,0.0868786722421646
"3752",0.08,0,0.116134874522686
"3753",0.08,0,0.102933518588543
"3754",0.08,0,0.1314537525177
"3759",0.08,0,0.1314537525177
"3760",0.08,0,0.0868786722421646
"3761",0.08,0,0.0854596421122551
"3766",0.08,0,0.148341819643974
"3967",0.08,0,0.0717038363218307
"7824",0.08,0,0.0562559738755226
"7825",0.08,0,0.133288636803627
"7826",0.08,0,0.0368085913360119
"7828",0.08,0,0.0200324114412069
"7829",0.08,0,0.0200324114412069
"11170",0.08,0,0.119256481528282
"11171",0.08,0,0.0375851541757584
"11372",0.08,1,0.151440680027008
"11373",0.08,1,0.151440680027008
"11374",0.08,0,0.120367877185345
"11375",0.08,0,0.120367877185345
"11599",0.08,1,0.211595058441162
"11600",0.08,1,0.211595058441162
"11601",0.08,0,0.211595058441162
"11602",0.08,0,0.211595058441162
"11605",0.08,1,0.288372606039047
"11606",0.08,1,0.288372606039047
"11777",0.08,0,0.165341511368752
"11778",0.08,0,0.165341511368752
"11791",0.08,0,0.0624026842415333
"12083",0.08,0,0.0612769946455956
"12085",0.08,0,0.190707251429558
"12094",0.08,1,0.0671424195170403
"12095",0.08,1,0.0671424195170403
"12096",0.08,1,0.0681121870875359
"12097",0.08,1,0.0681121870875359
"12098",0.08,1,0.0681121870875359
"12099",0.08,1,0.0681121870875359
"12235",0.08,0,0.0661729648709297
"12236",0.08,0,0.0661729648709297
"12237",0.08,0,0.0661729648709297
"12238",0.08,0,0.0661729648709297
"12239",0.08,0,0.0661729648709297
"12240",0.08,0,0.0661729648709297
"12241",0.08,0,0.03440086171031
"12242",0.08,0,0.120645426213741
"12243",0.08,0,0.120645426213741
"12244",0.08,0,0.131834462285042
"12245",0.08,0,0.131834462285042
"12246",0.08,0,0.172473281621933
"12247",0.08,0,0.172473281621933
"12595",0.08,0,0.0874016061425209
"12596",0.08,0,0.0874016061425209
"12605",0.08,1,0.0874016061425209
"12606",0.08,0,0.126046687364578
"14591",0.08,0,0.0239034183323383
"14592",0.08,0,0.0239034183323383
"14593",0.08,0,0.100642159581184
"14594",0.08,0,0.100642159581184
"14595",0.08,0,0.100642159581184
"14596",0.08,0,0.100642159581184
"14863",0.08,0,0.0360560789704323
"15094",0.08,0,0.0343022160232067
"15095",0.08,0,0.0343022160232067
"15096",0.08,0,0.0375287234783173
"15097",0.08,0,0.0375287234783173
"15295",0.08,0,0.287649005651474
"15296",0.08,0,0.210739567875862
"15297",0.08,0,0.165327280759811
"15476",0.08,0,0.265595197677612
"15479",0.08,0,0.126514628529549
"15480",0.08,0,0.114679887890816
"15728",0.08,0,0.0456942357122898
"15729",0.08,0,0.0456942357122898
"15730",0.08,0,0.0435714200139046
"15731",0.08,0,0.0435714200139046
"15736",0.08,0,0.0469930246472359
"15737",0.08,0,0.0469930246472359
"15738",0.08,0,0.0456942357122898
"15739",0.08,0,0.0456942357122898
"15750",0.08,0,0.165341511368752
"15751",0.08,0,0.165341511368752
"15890",0.08,0,0.0244842320680618
"15891",0.08,0,0.0245988108217716
"15892",0.08,0,0.0245988108217716
"15893",0.08,0,0.0191774908453226
"15894",0.08,0,0.0191774908453226
"15895",0.08,0,0.0222535170614719
"15896",0.08,0,0.0222535170614719
"15897",0.08,0,0.0219821911305189
"15898",0.08,0,0.0219821911305189
"15901",0.08,0,0.0240454934537411
"15902",0.08,0,0.0240454934537411
"15911",0.08,0,0.037392046302557
"15912",0.08,0,0.037392046302557
"15913",0.08,0,0.037392046302557
"15914",0.08,0,0.037392046302557
"15917",0.08,0,0.0641444623470306
"15918",0.08,0,0.0641444623470306
"15925",0.08,0,0.0824966281652451
"15926",0.08,0,0.0824966281652451
"15927",0.08,0,0.0653218850493431
"15928",0.08,0,0.0653218850493431
"15929",0.08,0,0.0641547664999962
"15930",0.08,0,0.0641547664999962
"15931",0.08,0,0.0994609668850899
"15932",0.08,0,0.0994609668850899
"15933",0.08,0,0.103103570640087
"15934",0.08,0,0.103103570640087
"15947",0.08,0,0.199018254876137
"15948",0.08,0,0.199018254876137
"15949",0.08,0,0.131821244955063
"15950",0.08,0,0.102824188768864
"16242",0.08,0,0.0264763347804546
"16243",0.08,0,0.0264763347804546
"16244",0.08,0,0.0389764793217182
"16245",0.08,0,0.0389764793217182
"16246",0.08,0,0.0380343347787857
"16247",0.08,0,0.0380343347787857
"16248",0.08,0,0.0383717007935047
"16249",0.08,0,0.0383717007935047
"16256",0.08,0,0.0634873956441879
"16257",0.08,0,0.0634873956441879
"16769",0.08,0,0.0864963531494141
"16770",0.08,0,0.0864963531494141
"17087",0.08,0,0.0586897060275078
"17088",0.08,0,0.0586897060275078
"17089",0.08,0,0.0403011813759804
"17090",0.08,0,0.0403011813759804
"17091",0.08,0,0.0860111638903618
"17092",0.08,0,0.0860111638903618
"18536",0.08,0,0.254079818725586
"19448",0.08,0,0.0694902986288071
"19449",0.08,0,0.0694902986288071
"19450",0.08,0,0.0694902986288071
"19451",0.08,0,0.0694902986288071
"19619",0.08,0,0.210090428590775
"19620",0.08,0,0.202818393707275
"19621",0.08,0,0.202818393707275
"19622",0.08,1,0.202818393707275
"19623",0.08,1,0.202818393707275
"19873",0.08,0,0.0473489314317703
"19874",0.08,0,0.0473489314317703
"19875",0.08,0,0.0473489314317703
"19876",0.08,0,0.0473489314317703
"19905",0.08,0,0.18614274263382
"19906",0.08,0,0.18614274263382
"19907",0.08,0,0.188370510935783
"19908",0.08,0,0.188370510935783
"19947",0.08,0,0.134349450469017
"19948",0.08,0,0.134349450469017
"19949",0.08,0,0.134349450469017
"19950",0.08,0,0.134349450469017
"19951",0.08,0,0.099263459444046
"19952",0.08,0,0.099263459444046
"19953",0.08,0,0.099263459444046
"19954",0.08,0,0.099263459444046
"20189",0.08,0,0.0783137455582619
"20190",0.08,0,0.0783137455582619
"20191",0.08,0,0.0783137455582619
"20488",0.08,0,0.08611711114645
"20489",0.08,0,0.08611711114645
"20496",0.08,0,0.0538939610123634
"20497",0.08,0,0.0538939610123634
"20498",0.08,1,0.0538939610123634
"20499",0.08,1,0.0538939610123634
"20504",0.08,0,0.0854978486895561
"20505",0.08,0,0.08452208340168
"20506",0.08,0,0.0854978486895561
"20507",0.08,0,0.0854978486895561
"20508",0.08,0,0.08452208340168
"20509",0.08,0,0.08452208340168
"20510",0.08,0,0.09537323564291
"20512",0.08,0,0.253376394510269
"20751",0.08,0,0.450329303741455
"20752",0.08,0,0.450329303741455
"20757",0.08,0,0.348361194133759
"20758",0.08,0,0.348361194133759
"20759",0.08,0,0.386392951011658
"20760",0.08,0,0.386392951011658
"20761",0.08,0,0.121470287442207
"20762",0.08,0,0.121470287442207
"20763",0.08,0,0.181470423936844
"20764",0.08,0,0.181470423936844
"20766",0.08,0,0.178262889385223
"20767",0.08,0,0.178262889385223
"21318",0.08,0,0.459314078092575
"21319",0.08,0,0.459314078092575
"21320",0.08,0,0.459314078092575
"21321",0.08,0,0.459314078092575
"21322",0.08,0,0.459314078092575
"21323",0.08,0,0.459314078092575
"21324",0.08,0,0.459314078092575
"21325",0.08,0,0.459314078092575
"21326",0.08,0,0.459314078092575
"21327",0.08,0,0.459314078092575
"21328",0.08,0,0.459314078092575
"21329",0.08,0,0.459314078092575
"21578",0.08,0,0.18972210586071
"21579",0.08,1,0.18972210586071
"21596",0.08,0,0.0990996733307838
"21597",0.08,0,0.0990996733307838
"21713",0.08,0,0.177474021911621
"21714",0.08,0,0.0629404857754707
"21715",0.08,0,0.0629404857754707
"21716",0.08,0,0.0629404857754707
"21717",0.08,0,0.0597387291491032
"21718",0.08,0,0.0597387291491032
"21734",0.08,0,0.0629404857754707
"21735",0.08,0,0.0629404857754707
"21736",0.08,0,0.0629404857754707
"21737",0.08,1,0.0629404857754707
"21738",0.08,0,0.0629404857754707
"21739",0.08,0,0.0629404857754707
"21740",0.08,0,0.0597387291491032
"21741",0.08,0,0.0597387291491032
"21742",0.08,0,0.0629404857754707
"21743",0.08,0,0.0629404857754707
"21826",0.08,0,0.126752257347107
"21827",0.08,0,0.126752257347107
"21828",0.08,0,0.164308100938797
"21829",0.08,0,0.164308100938797
"21830",0.08,0,0.0835276618599892
"21831",0.08,0,0.0835276618599892
"21832",0.08,0,0.0835276618599892
"21833",0.08,0,0.0835276618599892
"21836",0.08,0,0.228799253702164
"21837",0.08,0,0.228799253702164
"21842",0.08,0,0.289023250341415
"21843",0.08,0,0.289023250341415
"21850",0.08,0,0.2001061886549
"21851",0.08,1,0.2001061886549
"21930",0.08,0,0.0824049115180969
"21931",0.08,0,0.0824049115180969
"21932",0.08,0,0.0782957449555397
"21933",0.08,0,0.0782957449555397
"22174",0.08,0,0.185346633195877
"22175",0.08,0,0.185346633195877
"22240",0.08,0,0.0832712054252625
"22241",0.08,0,0.0832712054252625
"22242",0.08,0,0.0832712054252625
"22245",0.08,0,0.23441655933857
"22350",0.08,0,0.0832712054252625
"22402",0.08,0,0.166344434022903
"22403",0.08,0,0.129215806722641
"22404",0.08,0,0.0832712054252625
"22405",0.08,0,0.0832712054252625
"22406",0.08,0,0.0832712054252625
"22407",0.08,0,0.0832712054252625
"22408",0.08,0,0.0832712054252625
"22409",0.08,0,0.155124485492706
"22410",0.08,0,0.155124485492706
"22411",0.08,0,0.145451202988625
"22412",0.08,0,0.145451202988625
"22413",0.08,0,0.289819180965424
"22414",0.08,0,0.289819180965424
"22415",0.08,0,0.279871374368668
"22416",0.08,0,0.279871374368668
"24531",0.08,0,0.288291722536087
"24532",0.08,0,0.288291722536087
"24533",0.08,1,0.35338482260704
"24534",0.08,0,0.35338482260704
"24535",0.08,0,0.262159943580627
"24536",0.08,0,0.262159943580627
"24866",0.08,0,0.229250758886337
"24867",0.08,0,0.229250758886337
"24868",0.08,0,0.158208787441254
"24869",0.08,0,0.158208787441254
"24870",0.08,0,0.125434473156929
"24871",0.08,0,0.125434473156929
"24872",0.08,0,0.109208136796951
"24873",0.08,0,0.109208136796951
"25732",0.08,0,0.144003987312317
"25733",0.08,0,0.144003987312317
"25734",0.08,0,0.208232700824738
"25735",0.08,0,0.208232700824738
"25736",0.08,0,0.149796903133392
"25737",0.08,0,0.149796903133392
"26944",0.08,0,0.437366127967834
"26945",0.08,0,0.437366127967834
"26946",0.08,0,0.432270109653473
"26947",0.08,0,0.432270109653473
"27089",0.08,0,0.280287981033325
"27090",0.08,0,0.280287981033325
"27244",0.08,0,0.156035408377647
"27245",0.08,0,0.156035408377647
"27246",0.08,0,0.177155524492264
"27247",0.08,1,0.177155524492264
"27654",0.08,1,0.242868140339851
"27655",0.08,1,0.242868140339851
"27656",0.08,0,0.0923018902540207
"27657",0.08,0,0.100811697542667
"27658",0.08,0,0.100811697542667
"27659",0.08,0,0.193778902292252
"27684",0.08,0,0.239760339260101
"27685",0.08,0,0.239760339260101
"27686",0.08,0,0.210964560508728
"27687",0.08,0,0.210964560508728
"27957",0.08,0,0.165364667773247
"27958",0.08,1,0.165364667773247
"27959",0.08,1,0.23159658908844
"27960",0.08,1,0.23159658908844
"27961",0.08,0,0.175508603453636
"27962",0.08,1,0.175508603453636
"28006",0.08,0,0.157453924417496
"28007",0.08,0,0.157453924417496
"28105",0.08,0,0.272570878267288
"28106",0.08,0,0.272570878267288
"28372",0.08,0,0.0833113342523575
"28373",0.08,0,0.111771181225777
"28374",0.08,0,0.111771181225777
"28375",0.08,0,0.481674373149872
"28376",0.08,0,0.481674373149872
"28377",0.08,0,0.35338482260704
"28378",0.08,1,0.35338482260704
"28383",0.08,0,0.316745400428772
"28384",0.08,0,0.316745400428772
"28385",0.08,0,0.0708042979240417
"28386",0.08,0,0.0708042979240417
"28452",0.08,0,0.0196679159998894
"28453",0.08,0,0.0196679159998894
"28454",0.08,0,0.0224251486361027
"28455",0.08,0,0.0224251486361027
"28456",0.08,0,0.157330617308617
"28457",0.08,0,0.157330617308617
"28458",0.08,1,0.142533987760544
"28459",0.08,0,0.142533987760544
"28742",0.08,0,0.168635621666908
"28743",0.08,0,0.110319845378399
"28744",0.08,0,0.12886717915535
"28750",0.08,0,0.12886717915535
"28756",0.08,0,0.168635621666908
"28757",0.08,0,0.110319845378399
"28758",0.08,0,0.201035141944885
"28759",0.08,0,0.12886717915535
"28760",0.08,0,0.157344281673431
"28767",0.08,0,0.168635621666908
"28770",0.08,0,0.110319845378399
"28771",0.08,0,0.201035141944885
"28772",0.08,0,0.12886717915535
"29263",0.08,0,0.0572126284241676
"29264",0.08,0,0.0572126284241676
"29635",0.08,0,0.0273465011268854
"29636",0.08,0,0.0273465011268854
"29637",0.08,0,0.027728034183383
"29638",0.08,0,0.027728034183383
"29844",0.08,1,0.143999814987183
"29845",0.08,0,0.143999814987183
"29846",0.08,1,0.139696359634399
"29847",0.08,0,0.139696359634399
"29881",0.08,0,0.106471925973892
"29882",0.08,1,0.106471925973892
"29883",0.08,0,0.21148855984211
"29884",0.08,0,0.21148855984211
"3749",0.08,0,0.071173183619976
"3755",0.08,0,0.0738432630896568
"3756",0.08,0,0.117879621684551
"3757",0.08,0,0.117879621684551
"3758",0.08,0,0.0738432630896568
"3762",0.08,0,0.149723812937737
"3763",0.08,0,0.0758868008852005
"3764",0.08,0,0.071173183619976
"7820",0.08,0,0.0224251486361027
"7821",0.08,0,0.0224251486361027
"7822",0.08,0,0.0226630680263042
"7823",0.08,0,0.0226630680263042
"7827",0.08,0,0.0558379106223583
"7830",0.08,0,0.0249040368944407
"10434",0.08,0,0.142420187592506
"10435",0.08,0,0.142420187592506
"10436",0.08,0,0.0381490774452686
"10437",0.08,0,0.0381490774452686
"10442",0.08,1,0.0999947339296341
"10443",0.08,1,0.0999947339296341
"10444",0.08,1,0.335015863180161
"10445",0.08,0,0.335015863180161
"10596",0.08,0,0.0764654278755188
"10597",0.08,0,0.0764654278755188
"11172",0.08,1,0.213276773691177
"11173",0.08,1,0.213276773691177
"11191",0.08,0,0.105079688131809
"11192",0.08,0,0.105079688131809
"11193",0.08,0,0.145153746008873
"11194",0.08,0,0.145153746008873
"13847",0.08,0,0.0971642881631851
"13848",0.08,0,0.124422699213028
"26335",0.08,0,0.071334682404995
"26336",0.08,0,0.0689217746257782
"26337",0.08,0,0.071334682404995
"26342",0.08,0,0.0689217746257782
"26481",0.08,0,0.0587547272443771
"26482",0.08,0,0.0522924773395061
"26483",0.08,0,0.071382038295269
"26484",0.08,0,0.0530294179916382
"26485",0.08,0,0.085653692483902
"26486",0.08,0,0.0745239555835724
"26487",0.08,0,0.0558690018951893
"26488",0.08,0,0.0601817555725574
"26489",0.08,0,0.062108188867569
"26667",0.08,0,0.0788739919662476
"26668",0.08,0,0.0788739919662476
"26669",0.08,0,0.0972196534276009
"26670",0.08,0,0.0944243371486664
"26671",0.08,0,0.10109007358551
"26672",0.08,0,0.10109007358551
"26673",0.08,0,0.0847412273287773
"26674",0.08,0,0.138894870877266
"26675",0.08,0,0.0550194270908833
"26676",0.08,0,0.0613253973424435
"26677",0.08,0,0.0538753531873226
"26678",0.08,0,0.17157469689846
"26679",0.08,0,0.108266711235046
"27479",0.08,1,0.0780912935733795
"27480",0.08,0,0.0780912935733795
"27481",0.08,0,0.0731113851070404
"27482",0.08,1,0.0780912935733795
"27483",0.08,1,0.0780912935733795
"27484",0.08,0,0.0731113851070404
"27600",0.08,0,0.0558109246194363
"27601",0.08,0,0.047443401068449
"27602",0.08,0,0.0604542940855026
"27603",0.08,0,0.0650375857949257
"27780",0.08,1,0.178854152560234
"27781",0.08,0,0.178854152560234
"27782",0.08,1,0.178854152560234
"27783",0.08,0,0.179264098405838
"27784",0.08,0,0.261249363422394
"27785",0.08,1,0.178854152560234
"27786",0.08,0,0.178854152560234
"27787",0.08,1,0.178854152560234
"27788",0.08,0,0.179264098405838
"27789",0.08,0,0.261249363422394
"28329",0.08,1,0.106854148209095
"28330",0.08,0,0.106854148209095
"28331",0.08,0,0.0383853130042553
"28332",0.08,0,0.209616720676422
"28333",0.08,0,0.106854148209095
"28334",0.08,0,0.106854148209095
"28335",0.08,0,0.0383853130042553
"28336",0.08,0,0.209616720676422
"28897",0.08,0,0.0890165269374847
"28898",0.08,0,0.0890165269374847
"28901",0.08,0,0.0890165269374847
"28902",0.08,0,0.0890165269374847
"28953",0.08,0,0.0645531415939331
"28956",0.08,0,0.0645531415939331
"7161",0.08,0,0.108408465981483
"7162",0.08,0,0.108408465981483
"7163",0.08,0,0.0978574454784393
"7164",0.08,0,0.0978574454784393
"7165",0.08,0,0.0364790409803391
"7166",0.08,0,0.0364790409803391
"7167",0.08,0,0.0410350672900677
"7168",0.08,0,0.0410350672900677
"8731",0.08,0,0.092494897544384
"8732",0.08,0,0.092494897544384
"8733",0.08,0,0.029572332277894
"8734",0.08,0,0.029572332277894
"8735",0.08,0,0.0618284940719604
"8736",0.08,0,0.0618284940719604
"8739",0.08,0,0.0775809809565544
"8740",0.08,0,0.0775809809565544
"8870",0.08,0,0.0990516021847725
"8871",0.08,0,0.0990516021847725
"8874",0.08,0,0.115656986832619
"8875",0.08,0,0.115656986832619
"8876",0.08,0,0.157693773508072
"8877",0.08,0,0.157693773508072
"8878",0.08,0,0.115649454295635
"8879",0.08,0,0.115649454295635
"8880",0.08,0,0.208470180630684
"8881",0.08,0,0.208470180630684
"8989",0.08,0,0.0498197115957737
"8990",0.08,0,0.0498197115957737
"8991",0.08,0,0.0344407111406326
"8992",0.08,0,0.0344407111406326
"8993",0.08,0,0.166219294071198
