"cull_id","Reef","fold","observed_cpue","predicted_cpue"
"10249","Thetford Reef (16-068)",1,0.00625,0.0219035893678665
"10250","Thetford Reef (16-068)",1,0,0.0219035893678665
"11187","Thetford Reef (16-068)",1,0.00714285714285714,0.0249549542154585
"11188","Thetford Reef (16-068)",1,0.0107142857142857,0.0249549542154585
"11189","Thetford Reef (16-068)",1,0.025,0.0246657337461199
"11190","Thetford Reef (16-068)",1,0.0285714285714286,0.0246657337461199
"14801","Thetford Reef (16-068)",1,0.00298507462686567,0.00880979993450108
"14802","Thetford Reef (16-068)",1,0,0.00880979993450108
"14803","Thetford Reef (16-068)",1,0.00597014925373134,0.00880979993450108
"14804","Thetford Reef (16-068)",1,0,0.00880979993450108
"14805","Thetford Reef (16-068)",1,0,0.0192050962737112
"14806","Thetford Reef (16-068)",1,0,0.0192050962737112
"14807","Thetford Reef (16-068)",1,0.00606060606060606,0.0192050962737112
"14808","Thetford Reef (16-068)",1,0.00909090909090909,0.0192050962737112
"14809","Thetford Reef (16-068)",1,0,0.0190661947823426
"14810","Thetford Reef (16-068)",1,0,0.0190661938985189
"14811","Thetford Reef (16-068)",1,0,0.0190661938985189
"14812","Thetford Reef (16-068)",1,0.00888888888888889,0.0190661938985189
"14813","Thetford Reef (16-068)",1,0.0166666666666667,0.022751415570577
"14814","Thetford Reef (16-068)",1,0,0.022751415570577
"14815","Thetford Reef (16-068)",1,0.0133333333333333,0.022751415570577
"14816","Thetford Reef (16-068)",1,0,0.022751415570577
"15121","Thetford Reef (16-068)",1,0.005,0.0200286102294922
"15122","Thetford Reef (16-068)",1,0.0157894736842105,0.0221186964135421
"15123","Thetford Reef (16-068)",1,0.0105263157894737,0.0221186964135421
"15339","Bowden Reef (19-019)",1,0.00909090909090909,0.0403692982413552
"15340","Bowden Reef (19-019)",1,0.0136363636363636,0.0444291591644287
"15341","Bowden Reef (19-019)",1,0.0277777777777778,0.0689980491759285
"15342","Bowden Reef (19-019)",1,0.0129533678756477,0.0322980411312123
"15343","Bowden Reef (19-019)",1,0.0103448275862069,0.0689980539782294
"15344","Bowden Reef (19-019)",1,0.0452961672473868,0.0376004209086455
"15345","Bowden Reef (19-019)",1,0.00526315789473684,0.0338474399165103
"15346","Bowden Reef (19-019)",1,0.00471698113207547,0.0452203030856151
"15347","Bowden Reef (19-019)",1,0.0192307692307692,0.0454631126843966
"15348","Bowden Reef (19-019)",1,0.0186567164179104,0.0417769595758239
"15349","Bowden Reef (19-019)",1,0,0.0322979864526967
"16260","Bowden Reef (19-019)",1,0,0.0518171432855967
"16261","Bowden Reef (19-019)",1,0.00789473684210526,0.0340364129919755
"16262","Bowden Reef (19-019)",1,0.0093984962406015,0.0355459084188131
"16263","Bowden Reef (19-019)",1,0.00721153846153846,0.0625688158548795
"16264","Bowden Reef (19-019)",1,0,0.044285933444713
"16265","Bowden Reef (19-019)",1,0.0230263157894737,0.0404975257421795
"16266","Bowden Reef (19-019)",1,0.0507246376811594,0.0429684770280037
"16267","Bowden Reef (19-019)",1,0.0801526717557252,0.0515950071902676
"16268","Bowden Reef (19-019)",1,0.0844155844155844,0.0449195465484223
"16269","Bowden Reef (19-019)",1,0.0277777777777778,0.0339549420371888
"16270","Bowden Reef (19-019)",1,0.0203252032520325,0.0350710163271524
"16271","Bowden Reef (19-019)",1,0.0254237288135593,0.0418834362999867
"16272","Bowden Reef (19-019)",1,0.0327868852459016,0.0425235248002849
"16273","Bowden Reef (19-019)",1,0.0210727969348659,0.0430725908827507
"16274","Bowden Reef (19-019)",1,0.0468227424749164,0.0462446850677796
"16275","Bowden Reef (19-019)",1,0.0303030303030303,0.0520461833838261
"16276","Bowden Reef (19-019)",1,0.0646900269541779,0.0474107233340528
"16277","Bowden Reef (19-019)",1,0.0576923076923077,0.0450657587784987
"16278","Bowden Reef (19-019)",1,0.038135593220339,0.0565769591573941
"16279","Bowden Reef (19-019)",1,0.0314685314685315,0.0515950276301457
"16280","Bowden Reef (19-019)",1,0.0327868852459016,0.0429684685879066
"16281","Bowden Reef (19-019)",1,0.0632911392405063,0.0448114117489585
"16282","Bowden Reef (19-019)",1,0.016025641025641,0.0429685024114755
"16283","Bowden Reef (19-019)",1,0.0655737704918033,0.0535249319232878
"16284","Bowden Reef (19-019)",1,0.0172413793103448,0.0462446829368328
"16285","Bowden Reef (19-019)",1,0.0365853658536585,0.0567541006134777
"16286","Bowden Reef (19-019)",1,0.00423728813559322,0.045607477931653
"16287","Bowden Reef (19-019)",1,0.0113207547169811,0.0568007595134231
"16288","Bowden Reef (19-019)",1,0.0247252747252747,0.051849663912595
"16289","Bowden Reef (19-019)",1,0.0384615384615385,0.0520458184755766
"16290","Bowden Reef (19-019)",1,0.0422077922077922,0.0520456673262955
"16291","Bowden Reef (19-019)",1,0.0122950819672131,0.0406470689617219
"16292","Bowden Reef (19-019)",1,0.0256410256410256,0.0520133544237186
"21184","Bowden Reef (19-019)",1,0.0172413793103448,0.0515952521357043
"21344","Prawn Reef (19-024)",1,0,0.013366135267111
"21345","Prawn Reef (19-024)",1,0,0.013366135267111
"21346","Prawn Reef (19-024)",1,0,0.013366135267111
"21347","Prawn Reef (19-024)",1,0,0.0133661451664838
"21348","Prawn Reef (19-024)",1,0,0.0133661451664838
"21349","Prawn Reef (19-024)",1,0.0227272727272727,0.0133661451664838
"21350","Prawn Reef (19-024)",1,0,0.0133661451664838
"21371","Prawn Reef (19-024)",1,0,0.044112948810353
"21372","Prawn Reef (19-024)",1,0,0.044112948810353
"21373","Prawn Reef (19-024)",1,0.0392156862745098,0.044112948810353
"26356","U/N Reef (11-049)",1,0,0.0736686759524875
"26357","U/N Reef (11-049)",1,0.0583333333333333,0.0743384679158529
"26358","U/N Reef (11-049)",1,0.0647058823529412,0.0743384978350471
"26359","U/N Reef (11-049)",1,0.01875,0.0736686408519745
"26360","U/N Reef (11-049)",1,0.04375,0.0743384301662445
"26501","U/N Reef (11-049)",1,0.0111111111111111,0.0731915367974175
"27944","Bowden Reef (19-019)",1,0.00510204081632653,0.0202263715315838
"27945","Bowden Reef (19-019)",1,0.0106382978723404,0.0202263619037385
"27946","Bowden Reef (19-019)",1,0.00454545454545455,0.0202263940464366
"27947","Bowden Reef (19-019)",1,0,0.0202263553937276
"27948","Bowden Reef (19-019)",1,0.05,0.0210151473681132
"27949","Bowden Reef (19-019)",1,0.0708333333333333,0.0190931657950083
"27950","Bowden Reef (19-019)",1,0.0958333333333333,0.0210151473681132
"27951","Bowden Reef (19-019)",1,0.0458333333333333,0.0190931657950083
"27952","Bowden Reef (19-019)",1,0.01,0.020882682800293
"27953","Bowden Reef (19-019)",1,0.0125,0.0196844200293223
"27954","Bowden Reef (19-019)",1,0.0185185185185185,0.0208827036398428
"27955","Bowden Reef (19-019)",1,0,0.0196844200293223
"28153","Bowden Reef (19-019)",1,0.0166666666666667,0.0220093104574415
"28154","Bowden Reef (19-019)",1,0.0454545454545455,0.0199964436617764
"28155","Bowden Reef (19-019)",1,0,0.0208988618850708
"28156","Bowden Reef (19-019)",1,0.05,0.0220093104574415
"28157","Bowden Reef (19-019)",1,0.0416666666666667,0.0199964463710785
"28158","Bowden Reef (19-019)",1,0.0333333333333333,0.0208988845348358
"28159","Bowden Reef (19-019)",1,0.00416666666666667,0.0270083606243134
"28160","Bowden Reef (19-019)",1,0.00480769230769231,0.0299894121976999
"28161","Bowden Reef (19-019)",1,0,0.0212679982185364
"28162","Bowden Reef (19-019)",1,0.0129310344827586,0.0234757949566019
"28163","Bowden Reef (19-019)",1,0.00833333333333333,0.0270083606243134
"28164","Bowden Reef (19-019)",1,0.00555555555555556,0.0299893193774753
"28165","Bowden Reef (19-019)",1,0,0.0212679982185364
"28166","Bowden Reef (19-019)",1,0,0.0234757900238037
"28319","Bowden Reef (19-019)",1,0.075,0.0203444600105286
"28320","Bowden Reef (19-019)",1,0,0.0203444385528565
"28321","Bowden Reef (19-019)",1,0.00833333333333333,0.0203444600105286
"28322","Bowden Reef (19-019)",1,0.01,0.02155193567276
"28323","Bowden Reef (19-019)",1,0.0166666666666667,0.0203444189495511
"28324","Bowden Reef (19-019)",1,0,0.0203443815310796
"28325","Bowden Reef (19-019)",1,0.00595238095238095,0.0203444092046647
"28326","Bowden Reef (19-019)",1,0.0121212121212121,0.0215519067012903
"28327","Bowden Reef (19-019)",1,0,0.0290250219404697
"28328","Bowden Reef (19-019)",1,0.00806451612903226,0.0290250259061013
"29074","Bowden Reef (19-019)",1,0.025,0.0227927227814992
"29075","Bowden Reef (19-019)",1,0.0350877192982456,0.0244374568002266
"29076","Bowden Reef (19-019)",1,0,0.0227926698597995
"29077","Bowden Reef (19-019)",1,0.0583333333333333,0.0227927227814992
"29078","Bowden Reef (19-019)",1,0.00454545454545455,0.0357722022316672
"29079","Bowden Reef (19-019)",1,0,0.0237557689348857
"29163","U/N Reef (21-250a)",1,0,0.0253570444443647
"29164","U/N Reef (21-250a)",1,0.0235294117647059,0.0430786432004443
"29165","U/N Reef (21-250a)",1,0.0133333333333333,0.049863658481174
"29166","U/N Reef (21-250a)",1,0.0163265306122449,0.0498938579948581
"29169","U/N Reef (21-250a)",1,0.0212765957446809,0.0214880233115338
"29170","U/N Reef (21-250a)",1,0.0114503816793893,0.0364590928754734
"29171","U/N Reef (21-250a)",1,0.025,0.0614627798398336
"29172","U/N Reef (21-250a)",1,0.0464285714285714,0.0542239563805717
"29366","John Brewer Reef (18-075)",1,0,0.050142730985369
"29370","John Brewer Reef (18-075)",1,0,0.0501427253087362
"30460","Fitzroy Reef (23-077)",1,0.0214285714285714,0.0291308437074934
"30461","Fitzroy Reef (23-077)",1,0.00909090909090909,0.0228202624754472
"30462","Fitzroy Reef (23-077)",1,0.0188679245283019,0.0498636758552407
"30463","Fitzroy Reef (23-077)",1,0.0520325203252033,0.0580216074377541
"30464","Fitzroy Reef (23-077)",1,0.0646950092421442,0.058523893797023
"30465","Fitzroy Reef (23-077)",1,0.0167910447761194,0.0234798833505431
"6195","Keeper Reef (18-079)",1,0.0238095238095238,0.0472213342076256
"6196","Keeper Reef (18-079)",1,0,0.0322609891494115
"6197","Keeper Reef (18-079)",1,0.145454545454545,0.0472212661396373
"6198","Keeper Reef (18-079)",1,0.121428571428571,0.047221463067191
"6199","Keeper Reef (18-079)",1,0.1,0.032260924577713
"6200","Keeper Reef (18-079)",1,0.0511363636363636,0.0472213517535817
"6201","Keeper Reef (18-079)",1,0,0.0472212533156077
"6202","Keeper Reef (18-079)",1,0.365,0.0472213220596314
"6203","Keeper Reef (18-079)",1,0.154929577464789,0.0472214792815732
"6204","Keeper Reef (18-079)",1,0.0833333333333333,0.0322609742482503
"6205","Keeper Reef (18-079)",1,0.161764705882353,0.0472213053235821
"6206","Keeper Reef (18-079)",1,0.133333333333333,0.0322609901428223
"6207","Keeper Reef (18-079)",1,0.1,0.0322609752416611
"6208","Keeper Reef (18-079)",1,0.025,0.0322609901428223
"6209","Keeper Reef (18-079)",1,0,0.0322609752416611
"6210","Keeper Reef (18-079)",1,0.0192307692307692,0.0420901775360107
"6211","Keeper Reef (18-079)",1,0,0.0322609481058623
"6212","Keeper Reef (18-079)",1,0.00471698113207547,0.042090155043692
"6213","Keeper Reef (18-079)",1,0.065,0.0472213220596314
"6214","Keeper Reef (18-079)",1,0.0357142857142857,0.0322609692811966
"6215","Keeper Reef (18-079)",1,0.0138888888888889,0.0322609113322364
"6216","Keeper Reef (18-079)",1,0.00806451612903226,0.0322609947573754
"6217","Keeper Reef (18-079)",1,0.0106382978723404,0.0479694782419408
"6218","Keeper Reef (18-079)",1,0.0174418604651163,0.0479694798935292
"6219","Keeper Reef (18-079)",1,0.0691489361702128,0.0479694782419408
"6220","Keeper Reef (18-079)",1,0.0178571428571429,0.0479694661639986
"6221","Keeper Reef (18-079)",1,0.16,0.0392439818382263
"6222","Keeper Reef (18-079)",1,0.0803571428571429,0.0298567605870111
"6223","Keeper Reef (18-079)",1,0.0326086956521739,0.0298567595689193
"6224","Keeper Reef (18-079)",1,0.0288461538461538,0.0298568973174462
"6225","Keeper Reef (18-079)",1,0.141509433962264,0.0392439590310151
"6226","Keeper Reef (18-079)",1,0.09,0.0298567605018616
"6227","Keeper Reef (18-079)",1,0.0625,0.0298567605870111
"6228","Keeper Reef (18-079)",1,0.0566037735849057,0.0298568977499908
"6345","Keeper Reef (18-079)",1,0.025,0.0580984115600586
"6346","Keeper Reef (18-079)",1,0.116279069767442,0.0455652641695599
"6347","Keeper Reef (18-079)",1,0.153846153846154,0.0455651695911701
"6348","Keeper Reef (18-079)",1,0.03,0.0580984115600586
"6349","Keeper Reef (18-079)",1,0.0714285714285714,0.0455654377029056
"6350","Keeper Reef (18-079)",1,0.1,0.0455651760101319
"6351","Keeper Reef (18-079)",1,0.245,0.0588773584365845
"6352","Keeper Reef (18-079)",1,0.085,0.0426819562911987
"6353","Keeper Reef (18-079)",1,0.170454545454545,0.042682019147006
"6354","Keeper Reef (18-079)",1,0.0961538461538462,0.0588773488998413
"6355","Keeper Reef (18-079)",1,0.108695652173913,0.0588773955469546
"6356","Keeper Reef (18-079)",1,0.0585106382978723,0.0426819882494338
"6357","Keeper Reef (18-079)",1,0.0769230769230769,0.0409531639172481
"6358","Keeper Reef (18-079)",1,0.0597826086956522,0.0409531904303509
"6359","Keeper Reef (18-079)",1,0.05,0.0443058490753174
"6360","Keeper Reef (18-079)",1,0.138888888888889,0.0443058490753174
"6361","Keeper Reef (18-079)",1,0.0235849056603774,0.0409531548338116
"6362","Keeper Reef (18-079)",1,0.0511363636363636,0.0409533950415525
"6363","Keeper Reef (18-079)",1,0.0364583333333333,0.0443057815233866
"6364","Keeper Reef (18-079)",1,0.0406976744186047,0.0443059649578361
"6365","Keeper Reef (18-079)",1,0.0343137254901961,0.0426819558237113
"6366","Keeper Reef (18-079)",1,0.11046511627907,0.0588773849398591
"6472","Keeper Reef (18-079)",1,0.0930232558139535,0.0470483691193337
"6473","Keeper Reef (18-079)",1,0.22,0.0470486227671305
"6474","Keeper Reef (18-079)",1,0.0294117647058824,0.0470485897625194
"6475","Keeper Reef (18-079)",1,0,0.0315698011248719
"6476","Keeper Reef (18-079)",1,0.103260869565217,0.0315699033115221
"6477","Keeper Reef (18-079)",1,0.2,0.0315698474645615
"6478","Keeper Reef (18-079)",1,0,0.0470485795627941
"6479","Keeper Reef (18-079)",1,0.0294117647058824,0.0315698209930869
"6480","Keeper Reef (18-079)",1,0.0531914893617021,0.0315699272967399
"6481","Keeper Reef (18-079)",1,0.0833333333333333,0.0315698186556498
"6482","Keeper Reef (18-079)",1,0.0526315789473684,0.047048618918971
"6483","Keeper Reef (18-079)",1,0.12,0.0470483493804932
"6484","Keeper Reef (18-079)",1,0.05,0.0619417428970337
"6485","Keeper Reef (18-079)",1,0.0434782608695652,0.0416149756182795
"6486","Keeper Reef (18-079)",1,0.0106382978723404,0.0286751275366925
"6487","Keeper Reef (18-079)",1,0,0.0303770562876826
"6488","Keeper Reef (18-079)",1,0,0.0303769633173943
"6489","Keeper Reef (18-079)",1,0,0.0286750555038452
"6490","Keeper Reef (18-079)",1,0.1,0.0619417428970337
"6491","Keeper Reef (18-079)",1,0.0961538461538462,0.0416149772130526
"6492","Keeper Reef (18-079)",1,0.0769230769230769,0.028675166460184
"6493","Keeper Reef (18-079)",1,0.0576923076923077,0.0303771151946141
"6494","Keeper Reef (18-079)",1,0.0833333333333333,0.0303769931197166
"6495","Keeper Reef (18-079)",1,0.174242424242424,0.0286750757333004
"6496","Keeper Reef (18-079)",1,0.078125,0.0303770651419957
"6497","Keeper Reef (18-079)",1,0,0.0303769969940185
"6498","Keeper Reef (18-079)",1,0,0.0303769969940185
"6499","Keeper Reef (18-079)",1,0.0625,0.0431395719448725
"6500","Keeper Reef (18-079)",1,0.0581395348837209,0.0431398624597594
"6501","Keeper Reef (18-079)",1,0.08,0.0303770923614502
"6502","Keeper Reef (18-079)",1,0.16,0.0303769969940185
"6503","Keeper Reef (18-079)",1,0.117647058823529,0.0303768971387078
"6504","Keeper Reef (18-079)",1,0.114130434782609,0.0431395820949388
"6505","Keeper Reef (18-079)",1,0.0568181818181818,0.0431398830630563
"6597","Keeper Reef (18-079)",1,0.0196078431372549,0.0354199105618047
"6598","Keeper Reef (18-079)",1,0.0392156862745098,0.0354199105618047
"6599","Keeper Reef (18-079)",1,0.0284090909090909,0.0295876020734961
"6600","Keeper Reef (18-079)",1,0.0222222222222222,0.0295875946680705
"6601","Keeper Reef (18-079)",1,0.0954545454545455,0.0362471883947199
"6602","Keeper Reef (18-079)",1,0.0432692307692308,0.0295876012398646
"6603","Keeper Reef (18-079)",1,0.0511363636363636,0.0295876020734961
"6604","Keeper Reef (18-079)",1,0.053921568627451,0.0295875726961622
"6605","Keeper Reef (18-079)",1,0.0954545454545455,0.0362471883947199
"6606","Keeper Reef (18-079)",1,0.0588235294117647,0.0295875726961622
"6607","Keeper Reef (18-079)",1,0.0330188679245283,0.0423978364692544
"6608","Keeper Reef (18-079)",1,0.0943396226415094,0.0423978364692544
"6609","Keeper Reef (18-079)",1,0.025,0.0423978614807129
"6610","Keeper Reef (18-079)",1,0.08,0.0423978614807129
"6611","Keeper Reef (18-079)",1,0.0613207547169811,0.0423978364692544
"6612","Keeper Reef (18-079)",1,0.05,0.0423978614807129
"6736","Keeper Reef (18-079)",1,0.00490196078431373,0.0534439554401473
"6737","Keeper Reef (18-079)",1,0.0304878048780488,0.0301025495296571
"6738","Keeper Reef (18-079)",1,0.065,0.0301025176048279
"6739","Keeper Reef (18-079)",1,0.01,0.0534439849853516
"6740","Keeper Reef (18-079)",1,0.08,0.0301025176048279
"6741","Keeper Reef (18-079)",1,0.07,0.0301025176048279
"6742","Keeper Reef (18-079)",1,0.0235849056603774,0.0214170397452588
"6743","Keeper Reef (18-079)",1,0.04375,0.021416985988617
"6744","Keeper Reef (18-079)",1,0.00490196078431373,0.0214170264262779
"6745","Keeper Reef (18-079)",1,0.015,0.0214170145988464
"6746","Keeper Reef (18-079)",1,0,0.0564826279878616
"6747","Keeper Reef (18-079)",1,0,0.0564826011657715
"6748","Keeper Reef (18-079)",1,0.00595238095238095,0.0564826159250169
"6749","Keeper Reef (18-079)",1,0,0.0564826011657715
"6784","Keeper Reef (18-079)",1,0.0277777777777778,0.0211479167143504
"6785","Keeper Reef (18-079)",1,0,0.0211479150331937
"6786","Keeper Reef (18-079)",1,0.309090909090909,0.0522831873460249
"6787","Keeper Reef (18-079)",1,0.0444444444444444,0.0552558951907688
"6788","Keeper Reef (18-079)",1,0.0697674418604651,0.0314886126407357
"6789","Keeper Reef (18-079)",1,0.0245098039215686,0.0314885938868803
"6790","Keeper Reef (18-079)",1,0.0860215053763441,0.0522832511573709
"6791","Keeper Reef (18-079)",1,0,0.0552558541297913
"6792","Keeper Reef (18-079)",1,0.0388888888888889,0.0314886013666789
"6793","Keeper Reef (18-079)",1,0.025,0.0314885663986206
"6794","Keeper Reef (18-079)",1,0.0490196078431373,0.0225334985583436
"6795","Keeper Reef (18-079)",1,0.0984848484848485,0.0225334311976577
"6796","Keeper Reef (18-079)",1,0.075,0.021400497853756
"6797","Keeper Reef (18-079)",1,0.0441176470588235,0.0286139086181042
"6798","Keeper Reef (18-079)",1,0.0613207547169811,0.028613936226323
"6799","Keeper Reef (18-079)",1,0.00471698113207547,0.0225335134650176
"6800","Keeper Reef (18-079)",1,0.143939393939394,0.0225334311976577
"6801","Keeper Reef (18-079)",1,0.05,0.021400497853756
"6802","Keeper Reef (18-079)",1,0.07,0.0286139035224915
"6803","Keeper Reef (18-079)",1,0.03,0.0286139035224915
"6804","Keeper Reef (18-079)",1,0.0185185185185185,0.0385181815535934
"6805","Keeper Reef (18-079)",1,0.0263157894736842,0.0385181694700007
"6806","Keeper Reef (18-079)",1,0.254901960784314,0.0214389071745031
"6807","Keeper Reef (18-079)",1,0.0803571428571429,0.0214389264583588
"6808","Keeper Reef (18-079)",1,0.00526315789473684,0.0385182129709344
"6809","Keeper Reef (18-079)",1,0.07,0.0385182189941406
"6810","Keeper Reef (18-079)",1,0.0637254901960784,0.0214389071745031
"6811","Keeper Reef (18-079)",1,0.065,0.0214388966560364
"6812","Keeper Reef (18-079)",1,0.13,0.0235393619537354
"6813","Keeper Reef (18-079)",1,0.0666666666666667,0.0247220171822442
"6814","Keeper Reef (18-079)",1,0.0772727272727273,0.0411836147308349
"6815","Keeper Reef (18-079)",1,0.0471698113207547,0.0411836381228465
"6816","Keeper Reef (18-079)",1,0.0943396226415094,0.0235393902040877
"6817","Keeper Reef (18-079)",1,0.0277777777777778,0.0247220171822442
"6928","Keeper Reef (18-079)",1,0.0372340425531915,0.0373580176779564
"6929","Keeper Reef (18-079)",1,0.0116279069767442,0.0373580428056939
"6930","Keeper Reef (18-079)",1,0,0.037357742136175
"6931","Keeper Reef (18-079)",1,0.0444444444444444,0.0373580349816216
"6932","Keeper Reef (18-079)",1,0.055,0.0373577833175659
"6933","Keeper Reef (18-079)",1,0.03,0.0491525840759278
"6934","Keeper Reef (18-079)",1,0.025,0.0491525840759278
"6935","Keeper Reef (18-079)",1,0.0590909090909091,0.0491525259884921
"6936","Keeper Reef (18-079)",1,0.01,0.0373577833175659
"6937","Keeper Reef (18-079)",1,0.05,0.0491525840759278
"6938","Keeper Reef (18-079)",1,0.0181818181818182,0.0491525259884921
"6939","Keeper Reef (18-079)",1,0.035,0.0491525840759278
"6940","Keeper Reef (18-079)",1,0.0357142857142857,0.0437989575522287
"6941","Keeper Reef (18-079)",1,0.105769230769231,0.0437986208842351
"6942","Keeper Reef (18-079)",1,0.0636363636363636,0.0437985767017711
"6943","Keeper Reef (18-079)",1,0.116071428571429,0.0437985573496137
"6944","Keeper Reef (18-079)",1,0.0625,0.0437989354133606
"6945","Keeper Reef (18-079)",1,0.06,0.0437986278533936
"6946","Keeper Reef (18-079)",1,0.0545454545454545,0.0437985767017711
"6947","Keeper Reef (18-079)",1,0.235,0.0437986278533936
"6948","Keeper Reef (18-079)",1,0,0.0403967579205831
"6949","Keeper Reef (18-079)",1,0.0175438596491228,0.0463004446866219
"6950","Keeper Reef (18-079)",1,0,0.0463001944802024
"6951","Keeper Reef (18-079)",1,0.0240384615384615,0.0463001544658954
"6952","Keeper Reef (18-079)",1,0.0785714285714286,0.0463004282542638
"6953","Keeper Reef (18-079)",1,0.0166666666666667,0.0403967579205831
"6954","Keeper Reef (18-079)",1,0.00694444444444444,0.0463004377153185
"6955","Keeper Reef (18-079)",1,0.0121951219512195,0.0463002338642027
"6956","Keeper Reef (18-079)",1,0.0231481481481481,0.0463001154087208
"6957","Keeper Reef (18-079)",1,0.113636363636364,0.0463004509607951
"7089","Keeper Reef (18-079)",1,0,0.0482498198747635
"7090","Keeper Reef (18-079)",1,0,0.0482497913081471
"7091","Keeper Reef (18-079)",1,0.0144230769230769,0.0258643397918114
"7092","Keeper Reef (18-079)",1,0.0406976744186047,0.0258642629135487
"7093","Keeper Reef (18-079)",1,0.08,0.048249773979187
"7094","Keeper Reef (18-079)",1,0.01875,0.0482498198747635
"7095","Keeper Reef (18-079)",1,0.0283018867924528,0.025864340224356
"7096","Keeper Reef (18-079)",1,0.0166666666666667,0.0258642779456245
"7097","Keeper Reef (18-079)",1,0.14,0.048249773979187
"7098","Keeper Reef (18-079)",1,0.005,0.048249773979187
"7099","Keeper Reef (18-079)",1,0.0327102803738318,0.0355580722060159
"7100","Keeper Reef (18-079)",1,0.0542986425339367,0.0355580662170686
"7101","Keeper Reef (18-079)",1,0.015,0.035558226108551
"7102","Keeper Reef (18-079)",1,0.155,0.035558226108551
"7103","Keeper Reef (18-079)",1,0.137755102040816,0.0355583040081725
"7104","Keeper Reef (18-079)",1,0.150943396226415,0.0355580932689163
"7229","Keeper Reef (18-079)",1,0,0.0486070563395818
"7230","Keeper Reef (18-079)",1,0.00531914893617021,0.0486070856134942
"7231","Keeper Reef (18-079)",1,0,0.0486070346832276
"7232","Keeper Reef (18-079)",1,0,0.0486070346832276
"7233","Keeper Reef (18-079)",1,0.025,0.0359885263442993
"7234","Keeper Reef (18-079)",1,0.0660377358490566,0.0359884185611077
"7235","Keeper Reef (18-079)",1,0.0454545454545455,0.03598839152943
"7236","Keeper Reef (18-079)",1,0.0754716981132075,0.0359884185611077
"7237","Keeper Reef (18-079)",1,0.0204081632653061,0.0359886033194406
"7238","Keeper Reef (18-079)",1,0.045,0.0226500082015991
"7239","Keeper Reef (18-079)",1,0.095,0.0226500082015991
"7240","Keeper Reef (18-079)",1,0.216346153846154,0.0226500263580909
"7241","Keeper Reef (18-079)",1,0.268181818181818,0.022650035944852
"7242","Keeper Reef (18-079)",1,0.035,0.0226500082015991
"7243","Keeper Reef (18-079)",1,0.0377358490566038,0.022650032673242
"7244","Keeper Reef (18-079)",1,0.0875,0.0226500352223714
"7245","Keeper Reef (18-079)",1,0.0377358490566038,0.0228401557454523
"7246","Keeper Reef (18-079)",1,0.0441176470588235,0.022840142250061
"7247","Keeper Reef (18-079)",1,0.183035714285714,0.0373313043798719
"7248","Keeper Reef (18-079)",1,0.0584795321637427,0.0228400997251098
"7249","Keeper Reef (18-079)",1,0.108333333333333,0.0373313029607137
"7250","Keeper Reef (18-079)",1,0.0240384615384615,0.0373313610370343
"7251","Keeper Reef (18-079)",1,0.0490196078431373,0.0373313660715141
"7252","Keeper Reef (18-079)",1,0.105555555555556,0.0488337410820855
"7253","Keeper Reef (18-079)",1,0.015,0.0488336944580078
"7254","Keeper Reef (18-079)",1,0.015625,0.0359885866443316
"7255","Keeper Reef (18-079)",1,0.00925925925925926,0.0226500233014425
"7256","Keeper Reef (18-079)",1,0.0784313725490196,0.022840142250061
"7257","Keeper Reef (18-079)",1,0.0416666666666667,0.038571206231912
"7258","Keeper Reef (18-079)",1,0.0288461538461538,0.0243909404827998
"7259","Keeper Reef (18-079)",1,0.05,0.0243909215927124
"7260","Keeper Reef (18-079)",1,0.0424528301886792,0.0385709618622402
"7261","Keeper Reef (18-079)",1,0.110576923076923,0.0243909404827998
"7262","Keeper Reef (18-079)",1,0.125,0.0243908892507138
"7398","Keeper Reef (18-079)",1,0.0722222222222222,0.0222053488095601
"7399","Keeper Reef (18-079)",1,0.0808823529411765,0.0222053142154918
"7400","Keeper Reef (18-079)",1,0.0833333333333333,0.0212489366531372
"7401","Keeper Reef (18-079)",1,0.120192307692308,0.0212490719098311
"7402","Keeper Reef (18-079)",1,0.0388888888888889,0.0212490320205688
"7403","Keeper Reef (18-079)",1,0.0372340425531915,0.022205355319571
"7404","Keeper Reef (18-079)",1,0.0661764705882353,0.0222053142154918
"7405","Keeper Reef (18-079)",1,0.16304347826087,0.0212489094423211
"7406","Keeper Reef (18-079)",1,0.0490196078431373,0.0212490628747379
"7407","Keeper Reef (18-079)",1,0.0476190476190476,0.0212490246409462
"7408","Keeper Reef (18-079)",1,0.055,0.0214274191856384
"7409","Keeper Reef (18-079)",1,0.05,0.0214273899793625
"7410","Keeper Reef (18-079)",1,0.322727272727273,0.0351292501796375
"7411","Keeper Reef (18-079)",1,0.24375,0.0351295292377472
"7412","Keeper Reef (18-079)",1,0.138297872340426,0.0214274031050662
"7413","Keeper Reef (18-079)",1,0.089041095890411,0.0214273766295551
"7414","Keeper Reef (18-079)",1,0.1375,0.0351292332013448
"7415","Keeper Reef (18-079)",1,0.110294117647059,0.0351295366006739
"7416","Keeper Reef (18-079)",1,0.05625,0.0351295292377472
"7417","Keeper Reef (18-079)",1,0.0444444444444444,0.0339552084604899
"7418","Keeper Reef (18-079)",1,0,0.0244284073511759
"7419","Keeper Reef (18-079)",1,0.0743243243243243,0.0351295310097772
"7420","Keeper Reef (18-079)",1,0.0904255319148936,0.0339552113350402
"7421","Keeper Reef (18-079)",1,0.0153061224489796,0.0244284454657107
"7422","Keeper Reef (18-079)",1,0.025,0.0339552640914917
"7423","Keeper Reef (18-079)",1,0.0486111111111111,0.0244283907943302
"7424","Keeper Reef (18-079)",1,0.0333333333333333,0.0339552640914917
"7425","Keeper Reef (18-079)",1,0,0.0244283829416548
"7567","Keeper Reef (18-079)",1,0.00490196078431373,0.0224422169666664
"7568","Keeper Reef (18-079)",1,0.0196078431372549,0.0224422169666664
"7569","Keeper Reef (18-079)",1,0.0196078431372549,0.0224422169666664
"7570","Keeper Reef (18-079)",1,0.122448979591837,0.0224422021787994
"7571","Keeper Reef (18-079)",1,0.0550847457627119,0.0214298074528322
"7572","Keeper Reef (18-079)",1,0.0301724137931034,0.0214298018093767
"7573","Keeper Reef (18-079)",1,0.149122807017544,0.0216096786030552
"7574","Keeper Reef (18-079)",1,0.053921568627451,0.0214297864951339
"7575","Keeper Reef (18-079)",1,0.0991379310344828,0.0214298018093767
"7576","Keeper Reef (18-079)",1,0.0344827586206897,0.0214298018093767
"7577","Keeper Reef (18-079)",1,0.0474137931034483,0.0216096824613111
"7578","Keeper Reef (18-079)",1,0.0561224489795918,0.0214297722797005
"7579","Keeper Reef (18-079)",1,0.0772727272727273,0.0216096856377341
"7580","Keeper Reef (18-079)",1,0.0590909090909091,0.0216096856377341
"7581","Keeper Reef (18-079)",1,0.03,0.0356977820396423
"7582","Keeper Reef (18-079)",1,0.147058823529412,0.0356977640413771
"7583","Keeper Reef (18-079)",1,0.0666666666666667,0.0216096778710683
"7584","Keeper Reef (18-079)",1,0.0666666666666667,0.0216096809932164
"7585","Keeper Reef (18-079)",1,0.0872093023255814,0.0356977956239567
"7586","Keeper Reef (18-079)",1,0.0735294117647059,0.0356977640413771
"7587","Keeper Reef (18-079)",1,0.0581395348837209,0.0359429010125094
"7588","Keeper Reef (18-079)",1,0.0294117647058824,0.034359427059398
"7589","Keeper Reef (18-079)",1,0.0625,0.0340152899424235
"7590","Keeper Reef (18-079)",1,0.164634146341463,0.0359429382696384
"7591","Keeper Reef (18-079)",1,0.0428571428571429,0.034359427860805
"7592","Keeper Reef (18-079)",1,0.12719298245614,0.0340153125294468
"10270","Davies Reef (18-096)",2,0.116666666666667,0.0582554499308268
"10271","Davies Reef (18-096)",2,0.1,0.0582554499308268
"10272","Davies Reef (18-096)",2,0.0583333333333333,0.0581126769383748
"10273","Davies Reef (18-096)",2,0.0458333333333333,0.0581126769383748
"10274","Davies Reef (18-096)",2,0.0708333333333333,0.0583261768023173
"10275","Davies Reef (18-096)",2,0.179166666666667,0.0630217870076498
"10276","Davies Reef (18-096)",2,0.325471698113208,0.129411697387695
"10277","Davies Reef (18-096)",2,0.595833333333333,0.0630217870076498
"10428","Davies Reef (18-096)",2,0.2,0.0976813395818075
"10429","Davies Reef (18-096)",2,0.345833333333333,0.0976813395818075
"10642","Davies Reef (18-096)",2,0.06875,0.0443989336490631
"10643","Davies Reef (18-096)",2,0.078125,0.045415461063385
"10644","Davies Reef (18-096)",2,0.11875,0.0871193408966065
"10645","Davies Reef (18-096)",2,0.284375,0.045415461063385
"10799","Davies Reef (18-096)",2,0.175,0.0806577126185099
"10800","Davies Reef (18-096)",2,0.327102803738318,0.0483192149723802
"10801","Davies Reef (18-096)",2,0.119047619047619,0.048319217136928
"10802","Davies Reef (18-096)",2,0.125,0.04831915696462
"10803","Davies Reef (18-096)",2,0.0291666666666667,0.0507171432177226
"10804","Davies Reef (18-096)",2,0.0416666666666667,0.0501709183057149
"10805","Davies Reef (18-096)",2,0.0555555555555556,0.0488318204879761
"10806","Davies Reef (18-096)",2,0.075,0.0488317489624023
"10900","Davies Reef (18-096)",2,0.0892857142857143,0.0796422413417271
"10901","Davies Reef (18-096)",2,0.271428571428571,0.0492244379861014
"10902","Davies Reef (18-096)",2,0.114285714285714,0.0507168429238456
"10903","Davies Reef (18-096)",2,0.0571428571428571,0.0492244379861014
"11026","Davies Reef (18-096)",2,0.14375,0.0496235907077789
"11027","Davies Reef (18-096)",2,0.075,0.0496235807736715
"11028","Davies Reef (18-096)",2,0.145833333333333,0.0450748562812805
"11029","Davies Reef (18-096)",2,0.129166666666667,0.0450748562812805
"11030","Davies Reef (18-096)",2,0.116666666666667,0.0722797870635986
"11031","Davies Reef (18-096)",2,0.183333333333333,0.0450748562812805
"11032","Davies Reef (18-096)",2,0.0416666666666667,0.0481442054112752
"11033","Davies Reef (18-096)",2,0.0625,0.0450748562812805
"14148","Davies Reef (18-096)",2,0.0467532467532468,0.0406714625172801
"14149","Davies Reef (18-096)",2,0.0285714285714286,0.0406714625172801
"14150","Davies Reef (18-096)",2,0.0181818181818182,0.0364601407732282
"14151","Davies Reef (18-096)",2,0.025974025974026,0.0364601407732282
"14156","Davies Reef (18-096)",2,0.0815789473684211,0.0666588130750154
"14157","Davies Reef (18-096)",2,0.0736842105263158,0.0666588130750154
"14158","Davies Reef (18-096)",2,0.1,0.0751860718978079
"14159","Davies Reef (18-096)",2,0.0578947368421053,0.0751860718978079
"14233","Davies Reef (18-096)",2,0.253333333333333,0.129695358276367
"14234","Davies Reef (18-096)",2,0.24,0.129695358276367
"14235","Davies Reef (18-096)",2,0.233333333333333,0.0631600570678711
"14236","Davies Reef (18-096)",2,0.246666666666667,0.0631600570678711
"14237","Davies Reef (18-096)",2,0.146666666666667,0.0327134291330973
"14238","Davies Reef (18-096)",2,0.126666666666667,0.0327134291330973
"14239","Davies Reef (18-096)",2,0.0933333333333333,0.0327134291330973
"14240","Davies Reef (18-096)",2,0.108527131782946,0.0327134465062341
"14241","Davies Reef (18-096)",2,0.0266666666666667,0.0334080791473389
"14379","Davies Reef (18-096)",2,0.0518518518518519,0.0475408024258084
"14380","Davies Reef (18-096)",2,0.212121212121212,0.0251667156363979
"14381","Davies Reef (18-096)",2,0.158469945355191,0.0251667225947145
"14382","Davies Reef (18-096)",2,0.140243902439024,0.0976813479167659
"14383","Davies Reef (18-096)",2,0.0465116279069767,0.047540775565214
"14384","Davies Reef (18-096)",2,0.0666666666666667,0.0251667122046153
"14385","Davies Reef (18-096)",2,0.203389830508475,0.0251667438927343
"14386","Davies Reef (18-096)",2,0.112068965517241,0.0251667396775607
"14387","Davies Reef (18-096)",2,0.163793103448276,0.0976813990494301
"14388","Davies Reef (18-096)",2,0.121951219512195,0.0251667063410689
"14389","Davies Reef (18-096)",2,0.23728813559322,0.0976812718278271
"14390","Davies Reef (18-096)",2,0.192982456140351,0.0475408710234346
"14391","Davies Reef (18-096)",2,0.0246913580246914,0.0251667058026349
"14392","Davies Reef (18-096)",2,0.0256410256410256,0.0251667102177938
"14393","Davies Reef (18-096)",2,0.0833333333333333,0.097681458791097
"14394","Davies Reef (18-096)",2,0.114035087719298,0.0475408863603023
"14395","Davies Reef (18-096)",2,0,0.0251667456193404
"14396","Davies Reef (18-096)",2,0.02,0.0251667261123657
"14397","Davies Reef (18-096)",2,0,0.0257011461949003
"14398","Davies Reef (18-096)",2,0.0147058823529412,0.0257011476685019
"14783","Davies Reef (18-096)",2,0.0388888888888889,0.0483191437191433
"14784","Davies Reef (18-096)",2,0.211640211640212,0.0483191353934152
"14785","Davies Reef (18-096)",2,0.174863387978142,0.0256318967850482
"14786","Davies Reef (18-096)",2,0.0862068965517241,0.0256319018616073
"14787","Davies Reef (18-096)",2,0.0437158469945355,0.0483191234817922
"14788","Davies Reef (18-096)",2,0.182291666666667,0.048319141070048
"14789","Davies Reef (18-096)",2,0.225806451612903,0.0256318866565663
"14790","Davies Reef (18-096)",2,0.0833333333333333,0.0256319072511461
"14791","Davies Reef (18-096)",2,0.122222222222222,0.0483191437191433
"14792","Davies Reef (18-096)",2,0.122222222222222,0.0483191437191433
"14793","Davies Reef (18-096)",2,0.0847457627118644,0.025631907296046
"14794","Davies Reef (18-096)",2,0.0833333333333333,0.0256319072511461
"14795","Davies Reef (18-096)",2,0.147540983606557,0.0483191234817922
"14796","Davies Reef (18-096)",2,0.107344632768362,0.025631907296046
"14797","Davies Reef (18-096)",2,0.0222222222222222,0.0256319257948134
"14798","Davies Reef (18-096)",2,0.138888888888889,0.0483191437191433
"14864","Davies Reef (18-096)",2,0.0945945945945946,0.0915067518079603
"14865","Davies Reef (18-096)",2,0.26,0.0915067291259766
"14866","Davies Reef (18-096)",2,0.064,0.0915067291259766
"14867","Davies Reef (18-096)",2,0.252,0.049149959564209
"14946","Davies Reef (18-096)",2,0.0458333333333333,0.0481369058291117
"14947","Davies Reef (18-096)",2,0.259259259259259,0.0582874439380787
"14948","Davies Reef (18-096)",2,0.0340136054421769,0.0481368862852758
"14949","Davies Reef (18-096)",2,0.103174603174603,0.0582874918740893
"14950","Davies Reef (18-096)",2,0.0151515151515152,0.0582875157847549
"14951","Davies Reef (18-096)",2,0.0238095238095238,0.0582874615987142
"14952","Davies Reef (18-096)",2,0.0163934426229508,0.024999042677749
"14953","Davies Reef (18-096)",2,0.0296296296296296,0.0249990692845097
"14958","Davies Reef (18-096)",2,0.0708333333333333,0.0466349124908447
"14959","Davies Reef (18-096)",2,0.05,0.0247384289900462
"14960","Davies Reef (18-096)",2,0.0590717299578059,0.0247384365097883
"14961","Davies Reef (18-096)",2,0.0666666666666667,0.0747814178466797
"14962","Davies Reef (18-096)",2,0.149038461538462,0.0466349629255442
"14963","Davies Reef (18-096)",2,0.075,0.0747813105583191
"14964","Davies Reef (18-096)",2,0.0595238095238095,0.074781440553211
"14965","Davies Reef (18-096)",2,0.0431034482758621,0.0247384618068564
"14966","Davies Reef (18-096)",2,0.114406779661017,0.0494628195035255
"14967","Davies Reef (18-096)",2,0.0714285714285714,0.0466349266824268
"14968","Davies Reef (18-096)",2,0.152777777777778,0.0747814443376329
"14969","Davies Reef (18-096)",2,0.0833333333333333,0.0747814178466797
"14970","Davies Reef (18-096)",2,0.0972222222222222,0.0247384596754003
"14971","Davies Reef (18-096)",2,0.109090909090909,0.0494628689505837
"14972","Davies Reef (18-096)",2,0.0277777777777778,0.0257062435150146
"14973","Davies Reef (18-096)",2,0.05,0.0257062405347824
"14974","Davies Reef (18-096)",2,0.0135135135135135,0.0269113489099451
"14975","Davies Reef (18-096)",2,0.0625,0.0257062424312938
"14976","Davies Reef (18-096)",2,0.05,0.0257062405347824
"14977","Davies Reef (18-096)",2,0.0197368421052632,0.0269113214392411
"14978","Davies Reef (18-096)",2,0.0212765957446809,0.0257062607623161
"14979","Davies Reef (18-096)",2,0.0333333333333333,0.0257062216599782
"14980","Davies Reef (18-096)",2,0.0526315789473684,0.0269113674498441
"14981","Davies Reef (18-096)",2,0.0148148148148148,0.0257062611756501
"14982","Davies Reef (18-096)",2,0.0333333333333333,0.0257062216599782
"14983","Davies Reef (18-096)",2,0.0256410256410256,0.0269113789256821
"14988","Davies Reef (18-096)",2,0.0166666666666667,0.0264663994312286
"14989","Davies Reef (18-096)",2,0.0116959064327485,0.0264663724174276
"14990","Davies Reef (18-096)",2,0.0246913580246914,0.0262385327139019
"14991","Davies Reef (18-096)",2,0.0621468926553672,0.0262385626970711
"14995","Davies Reef (18-096)",2,0.0170454545454545,0.0262385606765747
"14996","Davies Reef (18-096)",2,0.0130718954248366,0.0262385380813499
"14997","Davies Reef (18-096)",2,0.0232558139534884,0.0262385671452959
"14998","Davies Reef (18-096)",2,0.0432098765432099,0.0262385327139019
"14999","Davies Reef (18-096)",2,0.00740740740740741,0.0262385809863055
"15193","Davies Reef (18-096)",2,0.0541666666666667,0.0472522338231405
"15194","Davies Reef (18-096)",2,0.0416666666666667,0.0472522338231405
"15195","Davies Reef (18-096)",2,0.2,0.0242838044961294
"15196","Davies Reef (18-096)",2,0.120689655172414,0.0242837955211771
"15197","Davies Reef (18-096)",2,0.135869565217391,0.0734070332153983
"15198","Davies Reef (18-096)",2,0.0625,0.0242837884209373
"15199","Davies Reef (18-096)",2,0.0972222222222222,0.0242837932374742
"15200","Davies Reef (18-096)",2,0.05625,0.0242837607860565
"15201","Davies Reef (18-096)",2,0.115740740740741,0.0242837932374742
"15397","Davies Reef (18-096)",2,0.0178571428571429,0.046683349779674
"15398","Davies Reef (18-096)",2,0.0572916666666667,0.0725232611099879
"15399","Davies Reef (18-096)",2,0.032258064516129,0.0239261273414858
"15400","Davies Reef (18-096)",2,0.025,0.0239261075854302
"15402","Davies Reef (18-096)",2,0.0572916666666667,0.0243239179253578
"15403","Davies Reef (18-096)",2,0.080188679245283,0.0239261366286368
"15404","Davies Reef (18-096)",2,0.05,0.045226628439767
"15405","Davies Reef (18-096)",2,0.1,0.0452267360687256
"15406","Davies Reef (18-096)",2,0.089622641509434,0.0484153954487927
"15446","Davies Reef (18-096)",2,0.0490196078431373,0.0726872051463408
"15447","Davies Reef (18-096)",2,0.0648148148148148,0.0726871578781693
"15448","Davies Reef (18-096)",2,0.0652173913043478,0.0485246440638666
"15449","Davies Reef (18-096)",2,0.0113636363636364,0.0485246018929915
"15450","Davies Reef (18-096)",2,0.0763888888888889,0.0726871424251133
"15451","Davies Reef (18-096)",2,0.115384615384615,0.0726871490478516
"15452","Davies Reef (18-096)",2,0.0486111111111111,0.0485246380170186
"15453","Davies Reef (18-096)",2,0.0486111111111111,0.0485246380170186
"15454","Davies Reef (18-096)",2,0.00666666666666667,0.0239801645278931
"15455","Davies Reef (18-096)",2,0.1,0.0239802022775014
"15456","Davies Reef (18-096)",2,0.0555555555555556,0.0243789222505358
"15457","Davies Reef (18-096)",2,0.0465116279069767,0.0453288130057875
"15458","Davies Reef (18-096)",2,0.0444444444444444,0.0453288555145264
"15459","Davies Reef (18-096)",2,0.0612244897959184,0.0239802063727865
"15460","Davies Reef (18-096)",2,0.15,0.0239801898598671
"15461","Davies Reef (18-096)",2,0.037037037037037,0.0243789045899003
"15462","Davies Reef (18-096)",2,0.0340909090909091,0.0453287904912775
"15463","Davies Reef (18-096)",2,0.0862068965517241,0.0453288801785173
"15464","Davies Reef (18-096)",2,0,0.0244139358401299
"15465","Davies Reef (18-096)",2,0.0208333333333333,0.0244139358401299
"15466","Davies Reef (18-096)",2,0.0465116279069767,0.0244139312773712
"15467","Davies Reef (18-096)",2,0.0612244897959184,0.0244139165294414
"15679","Davies Reef (18-096)",2,0.0576923076923077,0.0601431589860183
"15680","Davies Reef (18-096)",2,0.0512820512820513,0.0601431589860183
"15681","Davies Reef (18-096)",2,0.160714285714286,0.0601432025432587
"15682","Davies Reef (18-096)",2,0.00961538461538462,0.0601432644403898
"15684","Davies Reef (18-096)",2,0.025,0.0247821132342021
"15685","Davies Reef (18-096)",2,0.0333333333333333,0.0247821132342021
"15686","Davies Reef (18-096)",2,0.1,0.0247820893923442
"15687","Davies Reef (18-096)",2,0.0166666666666667,0.0251650989055634
"15688","Davies Reef (18-096)",2,0,0.0247821018099785
"15689","Davies Reef (18-096)",2,0.0806451612903226,0.0247820833677887
"15690","Davies Reef (18-096)",2,0.0555555555555556,0.0247821039623684
"15691","Davies Reef (18-096)",2,0.0641025641025641,0.0247821441063514
"15692","Davies Reef (18-096)",2,0.0423728813559322,0.0251651153726093
"15693","Davies Reef (18-096)",2,0,0.0251651379195127
"15694","Davies Reef (18-096)",2,0.0111111111111111,0.0251651287078857
"15695","Davies Reef (18-096)",2,0.0208333333333333,0.0247821087638537
"15696","Davies Reef (18-096)",2,0.0614035087719298,0.0242371768282171
"15697","Davies Reef (18-096)",2,0.112068965517241,0.0772547721862793
"15698","Davies Reef (18-096)",2,0.0402298850574713,0.0242371696165238
"15699","Davies Reef (18-096)",2,0.0804597701149425,0.0772546790112024
"15823","Davies Reef (18-096)",2,0.0583333333333333,0.11852289835612
"15824","Davies Reef (18-096)",2,0.0560344827586207,0.118522964674851
"15825","Davies Reef (18-096)",2,0.140350877192982,0.113638877868652
"15826","Davies Reef (18-096)",2,0.087719298245614,0.0700978647198593
"15827","Davies Reef (18-096)",2,0.0444444444444444,0.0282655821906196
"15828","Davies Reef (18-096)",2,0.0147058823529412,0.0282655650494145
"15829","Davies Reef (18-096)",2,0.0517241379310345,0.113638894311313
"15830","Davies Reef (18-096)",2,0.00925925925925926,0.0700979056181731
"15831","Davies Reef (18-096)",2,0.0388888888888889,0.0282655821906196
"15832","Davies Reef (18-096)",2,0.015625,0.0282655656337738
"16300","Davies Reef (18-096)",2,0.0363636363636364,0.0262385801835494
"16301","Davies Reef (18-096)",2,0.0219298245614035,0.0262385711335299
"16302","Davies Reef (18-096)",2,0.0333333333333333,0.0747814178466797
"16303","Davies Reef (18-096)",2,0.0614754098360656,0.0466348812228343
"16304","Davies Reef (18-096)",2,0.0573770491803279,0.0247384427023716
"16305","Davies Reef (18-096)",2,0.0570175438596491,0.0247384602563423
"16306","Davies Reef (18-096)",2,0.0714285714285714,0.0262385322934105
"16307","Davies Reef (18-096)",2,0.0625,0.0243239656090736
"16994","Davies Reef (18-096)",2,0.00892857142857143,0.0585249832698277
"16995","Davies Reef (18-096)",2,0.00416666666666667,0.0584998687108358
"16996","Davies Reef (18-096)",2,0.00625,0.0509792725245158
"16998","Davies Reef (18-096)",2,0.00746268656716418,0.057026186985756
"16999","Davies Reef (18-096)",2,0.05,0.12903479470147
"17000","Davies Reef (18-096)",2,0.0614035087719298,0.0628380942762943
"17001","Davies Reef (18-096)",2,0.0465116279069767,0.0325468011604723
"17002","Davies Reef (18-096)",2,0.0329457364341085,0.0577254923739175
"17003","Davies Reef (18-096)",2,0.0199203187250996,0.0577255492191391
"17004","Davies Reef (18-096)",2,0,0.0332379766872951
"17005","Davies Reef (18-096)",2,0.0358974358974359,0.0499679614336063
"17006","Davies Reef (18-096)",2,0.0365384615384615,0.0509792547959548
"17007","Davies Reef (18-096)",2,0.0111940298507463,0.0332379269955763
"17034","Davies Reef (18-096)",2,0.0204918032786885,0.0497779572596315
"17035","Davies Reef (18-096)",2,0.0579710144927536,0.0505585048509681
"17036","Davies Reef (18-096)",2,0.0113636363636364,0.057026176741629
"17037","Davies Reef (18-096)",2,0.0570175438596491,0.057130918168185
"17211","Davies Reef (18-096)",2,0.0175438596491228,0.0249406262447959
"17213","Davies Reef (18-096)",2,0.0427698574338086,0.0471135467715759
"17214","Davies Reef (18-096)",2,0.0218446601941748,0.0459278301127906
"17344","Davies Reef (18-096)",2,0.0072202166064982,0.0458437372200756
"17791","Davies Reef (18-096)",2,0.0925925925925926,0.0976815047087493
"17792","Davies Reef (18-096)",2,0.0962962962962963,0.0475407847651729
"18443","Davies Reef (18-096)",2,0.071875,0.123270928859711
"18444","Davies Reef (18-096)",2,0.114130434782609,0.123270874438078
"18445","Davies Reef (18-096)",2,0.147435897435897,0.0825500916212033
"18447","Lynchs Reef (18-091)",2,0.103703703703704,0.0180994757899532
"18448","Lynchs Reef (18-091)",2,0.105555555555556,0.0180995424588521
"18449","Lynchs Reef (18-091)",2,0.0508474576271186,0.0728709549553651
"18450","Lynchs Reef (18-091)",2,0.0777777777777778,0.0728709485795763
"18451","Lynchs Reef (18-091)",2,0.105555555555556,0.0180995424588521
"18452","Lynchs Reef (18-091)",2,0.0350877192982456,0.0180995283071061
"18453","Lynchs Reef (18-091)",2,0.127777777777778,0.0728709485795763
"18454","Lynchs Reef (18-091)",2,0.049645390070922,0.0728709917541937
"18455","Lynchs Reef (18-091)",2,0.0757575757575758,0.0728707530281761
"18456","Lynchs Reef (18-091)",2,0.0175438596491228,0.0728709070306075
"18457","Lynchs Reef (18-091)",2,0.116666666666667,0.0728709485795763
"18458","Lynchs Reef (18-091)",2,0.0833333333333333,0.0728709485795763
"18459","Lynchs Reef (18-091)",2,0.105555555555556,0.0728709485795763
"18460","Lynchs Reef (18-091)",2,0.0303030303030303,0.0728707530281761
"18461","Lynchs Reef (18-091)",2,0.0952380952380952,0.0728708993820917
"18462","Lynchs Reef (18-091)",2,0.0722222222222222,0.0728709485795763
"18463","Lynchs Reef (18-091)",2,0.111111111111111,0.0728709485795763
"18464","Lynchs Reef (18-091)",2,0.0166666666666667,0.0728709485795763
"18529","Davies Reef (18-096)",2,0.106995884773663,0.0825502372082369
"18737","Davies Reef (18-096)",2,0.0833333333333333,0.046008574962616
"18738","Davies Reef (18-096)",2,0.0256410256410256,0.0460085226939275
"18739","Davies Reef (18-096)",2,0.0375,0.046008574962616
"18740","Davies Reef (18-096)",2,0.0178571428571429,0.0460084676742554
"18741","Davies Reef (18-096)",2,0.0666666666666667,0.0689106464385986
"18742","Davies Reef (18-096)",2,0,0.0689105908075969
"18743","Davies Reef (18-096)",2,0.0722222222222222,0.0461192713843452
"18744","Davies Reef (18-096)",2,0.0402298850574713,0.0461192843557774
"18745","Davies Reef (18-096)",2,0.096969696969697,0.0689106507734819
"18746","Davies Reef (18-096)",2,0.075,0.0689106464385986
"18747","Davies Reef (18-096)",2,0.0222222222222222,0.0689105404747857
"18748","Davies Reef (18-096)",2,0.0994152046783626,0.0689106266400967
"18749","Davies Reef (18-096)",2,0.106382978723404,0.068910686682302
"18750","Davies Reef (18-096)",2,0.116666666666667,0.0689107259114583
"18947","Davies Reef (18-096)",2,0.0882352941176471,0.0475409077663048
"18948","Davies Reef (18-096)",2,0.0729166666666667,0.0475408981243769
"18949","Davies Reef (18-096)",2,0.0326086956521739,0.047540835712267
"18950","Davies Reef (18-096)",2,0.0625,0.0475407838821411
"18951","Davies Reef (18-096)",2,0.08,0.0475409078598022
"18952","Davies Reef (18-096)",2,0.0272108843537415,0.0475408690316337
"18953","Davies Reef (18-096)",2,0.125786163522013,0.0475408716021844
"18954","Davies Reef (18-096)",2,0.0740740740740741,0.0475408677701597
"18955","Davies Reef (18-096)",2,0.105263157894737,0.0475408863603023
"18956","Davies Reef (18-096)",2,0.108333333333333,0.0475408792495728
"18957","Davies Reef (18-096)",2,0.0277777777777778,0.0475407044092814
"18958","Davies Reef (18-096)",2,0,0.0460306618894849
"18959","Davies Reef (18-096)",2,0.0571428571428571,0.0460307359695434
"18960","Davies Reef (18-096)",2,0.16,0.047540717124939
"18961","Davies Reef (18-096)",2,0.0747126436781609,0.0475408565038922
"18962","Davies Reef (18-096)",2,0.0483870967741935,0.0475408236185709
"18963","Davies Reef (18-096)",2,0,0.0475408315658569
"18964","Davies Reef (18-096)",2,0.0583333333333333,0.0460307836532593
"18965","Davies Reef (18-096)",2,0.0277777777777778,0.046030773056878
"18966","Davies Reef (18-096)",2,0.0196078431372549,0.0475407160964667
"18967","Lynchs Reef (18-091)",2,0.0465116279069767,0.0118344592493634
"18968","Lynchs Reef (18-091)",2,0.116666666666667,0.0473246653874715
"18969","Lynchs Reef (18-091)",2,0.1,0.0473246199744089
"18970","Lynchs Reef (18-091)",2,0.164383561643836,0.0473246639722014
"18971","Lynchs Reef (18-091)",2,0.1,0.0473245620727539
"18972","Lynchs Reef (18-091)",2,0.157894736842105,0.0118344661436583
"18973","Lynchs Reef (18-091)",2,0.0232558139534884,0.0118344592493634
"18974","Lynchs Reef (18-091)",2,0.172413793103448,0.0473246368868598
"18975","Lynchs Reef (18-091)",2,0.106060606060606,0.0473246357657693
"18976","Lynchs Reef (18-091)",2,0.207142857142857,0.0473246199744089
"18977","Lynchs Reef (18-091)",2,0.15,0.0118344619870186
"18978","Lynchs Reef (18-091)",2,0,0.0473245620727539
"18979","Lynchs Reef (18-091)",2,0.15962441314554,0.0480654541875275
"18980","Lynchs Reef (18-091)",2,0.0469483568075117,0.0480654541875275
"18981","Lynchs Reef (18-091)",2,0.0272108843537415,0.0480653671991258
"18982","Lynchs Reef (18-091)",2,0.151515151515152,0.0391266165357648
"18983","Lynchs Reef (18-091)",2,0.113475177304965,0.0480653005288848
"18984","Lynchs Reef (18-091)",2,0.107142857142857,0.0480652945382255
"18985","Lynchs Reef (18-091)",2,0.107142857142857,0.0480652945382255
"18986","Lynchs Reef (18-091)",2,0.0319148936170213,0.048065388456304
"18987","Lynchs Reef (18-091)",2,0.08,0.0391265535354614
"18988","Lynchs Reef (18-091)",2,0.0673076923076923,0.0480654285504268
"18989","Davies Reef (18-096)",2,0.151162790697674,0.0460306794144387
"18990","Davies Reef (18-096)",2,0.0952380952380952,0.071034794762021
"18991","Davies Reef (18-096)",2,0.0555555555555556,0.0475408342149523
"18992","Davies Reef (18-096)",2,0.0652173913043478,0.047540835712267
"18993","Davies Reef (18-096)",2,0.0465116279069767,0.0460306794144387
"18994","Davies Reef (18-096)",2,0.06,0.047540717124939
"18995","Davies Reef (18-096)",2,0.0737704918032787,0.071034806673644
"18996","Davies Reef (18-096)",2,0.0545454545454545,0.0475408770821311
"18997","Davies Reef (18-096)",2,0.0106382978723404,0.0475408675822806
"18998","Davies Reef (18-096)",2,0.037037037037037,0.0475407353153935
"18999","Davies Reef (18-096)",2,0.0862068965517241,0.0460307885860575
"19000","Davies Reef (18-096)",2,0.118181818181818,0.0475408770821311
"19001","Davies Reef (18-096)",2,0,0.0460308122634887
"19002","Davies Reef (18-096)",2,0.109756097560976,0.0460306871228102
"19003","Davies Reef (18-096)",2,0.154545454545455,0.0475408770821311
"19004","Davies Reef (18-096)",2,0,0.0460308122634887
"19120","Davies Reef (18-096)",2,0.00416666666666667,0.0445887764294942
"19121","Davies Reef (18-096)",2,0.0256410256410256,0.0445888317548312
"19122","Davies Reef (18-096)",2,0.0595238095238095,0.04594981386548
"19123","Davies Reef (18-096)",2,0.05,0.0459498269217355
"19124","Davies Reef (18-096)",2,0.02,0.04458877881368
"19125","Davies Reef (18-096)",2,0.036231884057971,0.0445887662362361
"19126","Davies Reef (18-096)",2,0.0545454545454545,0.0459498983440977
"19127","Davies Reef (18-096)",2,0.0227272727272727,0.0445888345891779
"19128","Davies Reef (18-096)",2,0.03,0.0459499406814575
"19129","Davies Reef (18-096)",2,0.0833333333333333,0.0644749132792155
"19130","Davies Reef (18-096)",2,0.0404040404040404,0.0445888596351701
"19131","Davies Reef (18-096)",2,0.037037037037037,0.0459497813825254
"19132","Davies Reef (18-096)",2,0.0185185185185185,0.0459498858746187
"19133","Davies Reef (18-096)",2,0.0727272727272727,0.0445888288093336
"19134","Davies Reef (18-096)",2,0.106666666666667,0.045949878692627
"19135","Davies Reef (18-096)",2,0.0888888888888889,0.0644749281141493
"19136","Davies Reef (18-096)",2,0.0476190476190476,0.0445887418020339
"19137","Davies Reef (18-096)",2,0,0.0459498604138692
"19138","Davies Reef (18-096)",2,0.0727272727272727,0.0459499185735529
"19139","Davies Reef (18-096)",2,0.046875,0.045415461063385
"19140","Davies Reef (18-096)",2,0.0416666666666667,0.0454155604044596
"19141","Davies Reef (18-096)",2,0.0541666666666667,0.0454155604044596
"19142","Davies Reef (18-096)",2,0.05,0.0454155921936035
"19143","Davies Reef (18-096)",2,0.0765765765765766,0.0454156076585924
"19144","Davies Reef (18-096)",2,0.117948717948718,0.0454155652950972
"19145","Davies Reef (18-096)",2,0.054421768707483,0.04541556689204
"19146","Davies Reef (18-096)",2,0.0546448087431694,0.0454155291364492
"19147","Lynchs Reef (18-091)",2,0.0576923076923077,0.0381010984763121
"19148","Lynchs Reef (18-091)",2,0.00666666666666667,0.0489748191833496
"19149","Lynchs Reef (18-091)",2,0.0277777777777778,0.0489747689829932
"19150","Lynchs Reef (18-091)",2,0,0.0489747577243381
"19151","Lynchs Reef (18-091)",2,0.018018018018018,0.0489748104198559
"19152","Lynchs Reef (18-091)",2,0.1,0.0381011414527893
"19153","Lynchs Reef (18-091)",2,0.0357142857142857,0.0489747572918328
"19154","Lynchs Reef (18-091)",2,0.00980392156862745,0.0489748318990072
"19155","Lynchs Reef (18-091)",2,0.0208333333333333,0.0489748219648997
"19156","Lynchs Reef (18-091)",2,0.111111111111111,0.0489747193124559
"19157","Lynchs Reef (18-091)",2,0.05,0.0470309310489231
"19158","Lynchs Reef (18-091)",2,0.131313131313131,0.0470310220814715
"19159","Lynchs Reef (18-091)",2,0.0617283950617284,0.0117854512768027
"19160","Lynchs Reef (18-091)",2,0.111111111111111,0.0117854555447896
"19161","Lynchs Reef (18-091)",2,0.062015503875969,0.0117854462113491
"19162","Lynchs Reef (18-091)",2,0.291666666666667,0.0470309541338966
"19163","Lynchs Reef (18-091)",2,0.0166666666666667,0.0470310091972351
"19164","Lynchs Reef (18-091)",2,0.0666666666666667,0.0470309456189474
"19165","Lynchs Reef (18-091)",2,0.0777777777777778,0.0470309310489231
"19166","Lynchs Reef (18-091)",2,0.105691056910569,0.0470309839016054
"19167","Davies Reef (18-096)",2,0.0125,0.0704394896825155
"19168","Davies Reef (18-096)",2,0.0533333333333333,0.070439510345459
"19169","Davies Reef (18-096)",2,0.0833333333333333,0.0704394552442763
"19170","Davies Reef (18-096)",2,0.0611111111111111,0.0704394552442763
"19632","Davies Reef (18-096)",2,0.0317460317460317,0.145162673223586
"19633","Davies Reef (18-096)",2,0,0.0703253777198542
"19634","Davies Reef (18-096)",2,0.00833333333333333,0.145162773132324
"19635","Davies Reef (18-096)",2,0.00925925925925926,0.0703252818849351
"19636","Davies Reef (18-096)",2,0.054726368159204,0.145162515972384
"19637","Davies Reef (18-096)",2,0.0769230769230769,0.0703253929431622
"19638","Davies Reef (18-096)",2,0.0666666666666667,0.0703253163231744
"19639","Davies Reef (18-096)",2,0.0612244897959184,0.0703253518967401
"19640","Davies Reef (18-096)",2,0.037037037037037,0.145162638911494
"19641","Davies Reef (18-096)",2,0.0484848484848485,0.0703253196947503
"19642","Davies Reef (18-096)",2,0.0261437908496732,0.0703253777198542
"19643","Davies Reef (18-096)",2,0.0212765957446809,0.0703253509305048
"19775","Davies Reef (18-096)",2,0.0905172413793103,0.063160016618926
"19776","Davies Reef (18-096)",2,0.0431034482758621,0.063160016618926
"19777","Davies Reef (18-096)",2,0.029535864978903,0.0631599828663757
"19778","Davies Reef (18-096)",2,0.0159574468085106,0.0631599984270461
"19779","Davies Reef (18-096)",2,0.0326086956521739,0.0631598735201186
"19780","Davies Reef (18-096)",2,0,0.0631600472985244
"19781","Davies Reef (18-096)",2,0.0208333333333333,0.0578943822118971
"19782","Davies Reef (18-096)",2,0.0514705882352941,0.0578943806536057
"19783","Davies Reef (18-096)",2,0.0318181818181818,0.057894416288896
"19784","Davies Reef (18-096)",2,0.0108695652173913,0.0578943283661552
"19785","Lynchs Reef (18-091)",2,0.0780141843971631,0.0291123153470087
"19786","Lynchs Reef (18-091)",2,0.00709219858156028,0.0456474080998847
"19787","Lynchs Reef (18-091)",2,0.0555555555555556,0.0291122939851549
"19788","Lynchs Reef (18-091)",2,0.016304347826087,0.0456474656644075
"19803","Davies Reef (18-096)",2,0.0641025641025641,0.0398437610039344
"19804","Davies Reef (18-096)",2,0.0416666666666667,0.0404686108231544
"19805","Davies Reef (18-096)",2,0,0.0398437809525875
"19806","Davies Reef (18-096)",2,0.102564102564103,0.0404685786646655
"19909","Davies Reef (18-096)",2,0.0595238095238095,0.0461192925771078
"19910","Davies Reef (18-096)",2,0.0425531914893617,0.0461192739770768
"19911","Davies Reef (18-096)",2,0.01875,0.0402508705854416
"19912","Davies Reef (18-096)",2,0,0.0396294689178467
"19913","Davies Reef (18-096)",2,0.035,0.0402509117126465
"19914","Davies Reef (18-096)",2,0.0797872340425532,0.0396294340174249
"19915","Davies Reef (18-096)",2,0.0178571428571429,0.0278314820357731
"19916","Davies Reef (18-096)",2,0.037037037037037,0.0278314616945055
"20945","Davies Reef (18-096)",2,0.087719298245614,0.0603002804761741
"20946","Davies Reef (18-096)",2,0.0166666666666667,0.0571174250708686
"20947","Davies Reef (18-096)",2,0.0666666666666667,0.0603002442253961
"20948","Davies Reef (18-096)",2,0.0166666666666667,0.0571174383163452
"20949","Davies Reef (18-096)",2,0.00416666666666667,0.0488640705744426
"20950","Davies Reef (18-096)",2,0.0875,0.0488640705744426
"20951","Davies Reef (18-096)",2,0.0583333333333333,0.0488640705744426
"20952","Davies Reef (18-096)",2,0.0958333333333333,0.0488640705744426
"21107","Davies Reef (18-096)",2,0.0665024630541872,0.0475407351413971
"21108","Davies Reef (18-096)",2,0.0456730769230769,0.0976813756502592
"21214","Lynchs Reef (18-091)",2,0.0888888888888889,0.0169602725240919
"21215","Lynchs Reef (18-091)",2,0.0681818181818182,0.0169602513313293
"21216","Lynchs Reef (18-091)",2,0.0817307692307692,0.0164351245531669
"21217","Lynchs Reef (18-091)",2,0.0490196078431373,0.0164351299697278
"21218","Lynchs Reef (18-091)",2,0.0232558139534884,0.012606237285821
"21219","Lynchs Reef (18-091)",2,0.0681818181818182,0.0126062436537309
"21220","Lynchs Reef (18-091)",2,0.0462962962962963,0.0126062499152289
"21221","Lynchs Reef (18-091)",2,0.0196078431372549,0.0503062313678218
"21222","Lynchs Reef (18-091)",2,0.0541666666666667,0.0503063639005025
"21223","Lynchs Reef (18-091)",2,0.0666666666666667,0.0503063639005025
"21224","Lynchs Reef (18-091)",2,0.0267857142857143,0.050306396824973
"21225","Lynchs Reef (18-091)",2,0.0147058823529412,0.0503063949884153
"21290","Davies Reef (18-096)",2,0.166666666666667,0.163298384348551
"21291","Davies Reef (18-096)",2,0.0666666666666667,0.163298384348551
"21292","Davies Reef (18-096)",2,0.333333333333333,0.163298384348551
"21293","Davies Reef (18-096)",2,0,0.163298066457113
"21294","Davies Reef (18-096)",2,0,0.163298066457113
"21295","Davies Reef (18-096)",2,0.192982456140351,0.163298372636762
"21296","Davies Reef (18-096)",2,0.0701754385964912,0.163298372636762
"21297","Davies Reef (18-096)",2,0.0526315789473684,0.163298372636762
"21298","Davies Reef (18-096)",2,0.105263157894737,0.163298372636762
"21299","Davies Reef (18-096)",2,0.153846153846154,0.163297946636493
"21300","Davies Reef (18-096)",2,0,0.163297946636493
"21301","Davies Reef (18-096)",2,0,0.163297946636493
"21302","Davies Reef (18-096)",2,0,0.163297946636493
"21303","Davies Reef (18-096)",2,0,0.163298066457113
"21304","Davies Reef (18-096)",2,0.0175438596491228,0.00902292289231953
"21305","Davies Reef (18-096)",2,0,0.00902292289231953
"21306","Davies Reef (18-096)",2,0,0.00902292289231953
"21307","Davies Reef (18-096)",2,0,0.0090229274595485
"21308","Davies Reef (18-096)",2,0,0.0090229274595485
"21309","Davies Reef (18-096)",2,0,0.0090229274595485
"21310","Davies Reef (18-096)",2,0.0677966101694915,0.009022924859645
"21311","Davies Reef (18-096)",2,0,0.009022924859645
"21312","Davies Reef (18-096)",2,0,0.009022924859645
"21313","Davies Reef (18-096)",2,0.0338983050847458,0.009022924859645
"21314","Davies Reef (18-096)",2,0,0.00902292912914639
"21315","Davies Reef (18-096)",2,0,0.00902292912914639
"21316","Davies Reef (18-096)",2,0.0476190476190476,0.00902292912914639
"21317","Davies Reef (18-096)",2,0,0.00902292912914639
"21330","Lynchs Reef (18-091)",2,0.0535714285714286,0.12193009683064
"21331","Lynchs Reef (18-091)",2,0.0714285714285714,0.12193009683064
"21332","Lynchs Reef (18-091)",2,0.107142857142857,0.12193009683064
"21333","Lynchs Reef (18-091)",2,0.0892857142857143,0.12193009683064
"21334","Lynchs Reef (18-091)",2,0.415094339622642,0.121930212344763
"21335","Lynchs Reef (18-091)",2,0.132075471698113,0.121930212344763
"21336","Lynchs Reef (18-091)",2,0.169811320754717,0.121930212344763
"21337","Lynchs Reef (18-091)",2,0.0166666666666667,0.0604874769846598
"21338","Lynchs Reef (18-091)",2,0.0833333333333333,0.0604874769846598
"21339","Lynchs Reef (18-091)",2,0.0833333333333333,0.0604874769846598
"21340","Lynchs Reef (18-091)",2,0.05,0.0604874769846598
"21341","Lynchs Reef (18-091)",2,0.708860759493671,0.0604875962945479
"21342","Lynchs Reef (18-091)",2,0.177215189873418,0.0604875962945479
"21343","Lynchs Reef (18-091)",2,0.139240506329114,0.0604875962945479
"21378","Shrimp Reef (18-118)",2,0,0.0531803328415443
"21379","Shrimp Reef (18-118)",2,0,0.0531803328415443
"21380","Shrimp Reef (18-118)",2,0,0.0531803328415443
"21381","Shrimp Reef (18-118)",2,0.0689655172413793,0.0531803328415443
"21382","Shrimp Reef (18-118)",2,0,0.0531804263591766
"21383","Shrimp Reef (18-118)",2,0,0.0531804263591766
"21384","Shrimp Reef (18-118)",2,0,0.0531804263591766
"21385","Shrimp Reef (18-118)",2,0,0.0531804263591766
"21386","Shrimp Reef (18-118)",2,0,0.0531803631201023
"21387","Shrimp Reef (18-118)",2,0,0.0531803631201023
"21388","Shrimp Reef (18-118)",2,0,0.0531803631201023
"21389","Shrimp Reef (18-118)",2,0,0.0531803631201023
"21390","Shrimp Reef (18-118)",2,0,0.053180422101702
"21391","Shrimp Reef (18-118)",2,0,0.053180422101702
"21392","Shrimp Reef (18-118)",2,0,0.053180422101702
"21393","Shrimp Reef (18-118)",2,0,0.053180422101702
"21433","Davies Reef (18-096)",2,0.021505376344086,0.0577950118690409
"21434","Davies Reef (18-096)",2,0.183333333333333,0.0577950199445089
"21435","Davies Reef (18-096)",2,0.19047619047619,0.0679191180637905
"21436","Davies Reef (18-096)",2,0.0909090909090909,0.067919008659594
"21437","Davies Reef (18-096)",2,0.1,0.0679190158843994
"21438","Davies Reef (18-096)",2,0.543478260869565,0.067919021067412
"21439","Davies Reef (18-096)",2,0.0541666666666667,0.04831915696462
"21441","Davies Reef (18-096)",2,0.025,0.0483191919326782
"21442","Davies Reef (18-096)",2,0.0466101694915254,0.0483191700304969
"21443","Davies Reef (18-096)",2,0.0443548387096774,0.048319116715462
"21444","Davies Reef (18-096)",2,0.0380952380952381,0.0483192216782343
"21445","Davies Reef (18-096)",2,0.0285714285714286,0.0483192216782343
"21613","Davies Reef (18-096)",2,0.0666666666666667,0.0703253163231744
"21614","Davies Reef (18-096)",2,0.065,0.0703252840042115
"21956","Davies Reef (18-096)",2,0.0204081632653061,0.0635808779268849
"21957","Davies Reef (18-096)",2,0.0681818181818182,0.0509794408624823
"21958","Davies Reef (18-096)",2,0.016304347826087,0.0509794173033341
"21959","Davies Reef (18-096)",2,0.0288461538461538,0.0635809439879197
"21960","Davies Reef (18-096)",2,0.0520833333333333,0.0509794404109319
"21961","Davies Reef (18-096)",2,0.0652173913043478,0.0509794173033341
"22064","Davies Reef (18-096)",2,0.016304347826087,0.0404884815216064
"22065","Davies Reef (18-096)",2,0.025,0.0448794325192769
"22066","Davies Reef (18-096)",2,0.0406976744186047,0.0404885480570239
"22067","Davies Reef (18-096)",2,0,0.044879408677419
"22068","Davies Reef (18-096)",2,0.00641025641025641,0.0404884692950126
"22069","Davies Reef (18-096)",2,0.0277777777777778,0.044879420598348
"22070","Davies Reef (18-096)",2,0.024390243902439,0.0404884640763446
"22071","Davies Reef (18-096)",2,0,0.0448793040381538
"22072","Davies Reef (18-096)",2,0.0222222222222222,0.044879420598348
"22073","Davies Reef (18-096)",2,0.00952380952380952,0.0448794591994513
"22074","Davies Reef (18-096)",2,0.00555555555555556,0.044879420598348
"22075","Davies Reef (18-096)",2,0,0.0448794153001573
"22294","Davies Reef (18-096)",2,0,0.046701212282534
"22295","Davies Reef (18-096)",2,0,0.0414915376239353
"22502","Davies Reef (18-096)",2,0.00625,0.0480635195970535
"22503","Davies Reef (18-096)",2,0.0166666666666667,0.0480635603268941
"22514","Davies Reef (18-096)",2,0.025,0.0459498822689057
"22515","Davies Reef (18-096)",2,0.0296296296296296,0.0459498405456543
"22516","Davies Reef (18-096)",2,0.00775193798449612,0.0443429688150569
"22517","Davies Reef (18-096)",2,0.0170454545454545,0.045949865471233
"22518","Davies Reef (18-096)",2,0.0333333333333333,0.0459498511420356
"22519","Davies Reef (18-096)",2,0.0185185185185185,0.0443430035202591
"22520","Davies Reef (18-096)",2,0.00543478260869565,0.0459498374358467
"22521","Davies Reef (18-096)",2,0.00555555555555556,0.0453481091393365
"22522","Davies Reef (18-096)",2,0.03125,0.0443429734025683
"22523","Davies Reef (18-096)",2,0.0238095238095238,0.0459498734701248
"22524","Davies Reef (18-096)",2,0.00595238095238095,0.0459498734701248
"22525","Davies Reef (18-096)",2,0.015,0.0459498977661133
"22526","Davies Reef (18-096)",2,0.00862068965517241,0.044343035796593
"22527","Davies Reef (18-096)",2,0,0.045949923992157
"22528","Davies Reef (18-096)",2,0.0304878048780488,0.0448359309173212
"22529","Davies Reef (18-096)",2,0.0792682926829268,0.0448359309173212
"22530","Davies Reef (18-096)",2,0.0106382978723404,0.0448358870567159
"22531","Davies Reef (18-096)",2,0,0.0445887777540419
"22532","Davies Reef (18-096)",2,0.0576923076923077,0.0448359342721792
"22533","Davies Reef (18-096)",2,0.0104166666666667,0.0445887645085653
"22534","Davies Reef (18-096)",2,0.0378787878787879,0.0445887572837598
"22535","Davies Reef (18-096)",2,0.0301204819277108,0.0445887984999691
"22536","Davies Reef (18-096)",2,0.0141843971631206,0.0459498446038429
"22537","Davies Reef (18-096)",2,0.05,0.0445887671576606
"22538","Davies Reef (18-096)",2,0.00625,0.0445888191461563
"22539","Davies Reef (18-096)",2,0.0222222222222222,0.0459498511420356
"23264","Davies Reef (18-096)",2,0.00416666666666667,0.0566896239916484
"23265","Davies Reef (18-096)",2,0.0174418604651163,0.0566896394241688
"23266","Davies Reef (18-096)",2,0.0948275862068965,0.0488640850987928
"23267","Davies Reef (18-096)",2,0.0148148148148148,0.0566896120707194
"23268","Davies Reef (18-096)",2,0.0256410256410256,0.0566896597544352
"23269","Davies Reef (18-096)",2,0.0518518518518519,0.0488640290719491
"23270","Davies Reef (18-096)",2,0.0928571428571429,0.0488639559064593
"23271","Davies Reef (18-096)",2,0.0666666666666667,0.0488640705744426
"23272","Davies Reef (18-096)",2,0.0238095238095238,0.0566896370479039
"23273","Davies Reef (18-096)",2,0.0535714285714286,0.0488639559064593
"23274","Davies Reef (18-096)",2,0.00892857142857143,0.0566896668502263
"23275","Davies Reef (18-096)",2,0.0583333333333333,0.0530861417452494
"23438","Davies Reef (18-096)",2,0.025,0.0784092982610067
"23439","Davies Reef (18-096)",2,0.108333333333333,0.0784092982610067
"23440","Davies Reef (18-096)",2,0.0492957746478873,0.0781642886954294
"23441","Davies Reef (18-096)",2,0.075,0.0490752744674683
"23442","Davies Reef (18-096)",2,0.0614035087719298,0.0490752814108865
"23443","Davies Reef (18-096)",2,0.0607142857142857,0.0781643050057548
"23444","Davies Reef (18-096)",2,0.05,0.0490753000432795
"23445","Davies Reef (18-096)",2,0.0526315789473684,0.0490752814108865
"23460","Davies Reef (18-096)",2,0.0304054054054054,0.0482078661789765
"23461","Davies Reef (18-096)",2,0.220238095238095,0.0560016972678048
"23462","Davies Reef (18-096)",2,0.104166666666667,0.0560016681750615
"23463","Davies Reef (18-096)",2,0.037037037037037,0.0482079452938504
"23464","Davies Reef (18-096)",2,0.125,0.0560016848824241
"23465","Davies Reef (18-096)",2,0.106666666666667,0.0560017267862956
"23466","Davies Reef (18-096)",2,0.05,0.0482079068819682
"23467","Davies Reef (18-096)",2,0.0777027027027027,0.0482078661789765
"24221","Davies Reef (18-096)",2,0.0691489361702128,0.0616789675773458
"24222","Davies Reef (18-096)",2,0.025,0.0616789388656616
"24223","Davies Reef (18-096)",2,0.04,0.0703252840042115
"24224","Davies Reef (18-096)",2,0.0208333333333333,0.0703253149986267
"24225","Davies Reef (18-096)",2,0.0334928229665072,0.0616789320439243
"24226","Davies Reef (18-096)",2,0.0660377358490566,0.0616789448936031
"24227","Davies Reef (18-096)",2,0.0129310344827586,0.0703252348406562
"24228","Davies Reef (18-096)",2,0.005,0.0703252840042115
"24431","Davies Reef (18-096)",2,0.00709219858156028,0.130559569554971
"24432","Davies Reef (18-096)",2,0.05,0.063580846786499
"24433","Davies Reef (18-096)",2,0,0.0635808900345204
"24434","Davies Reef (18-096)",2,0.0277777777777778,0.130559433831109
"24435","Davies Reef (18-096)",2,0.0416666666666667,0.0635808149973552
"24436","Davies Reef (18-096)",2,0.00454545454545455,0.0635809074748646
"24437","Davies Reef (18-096)",2,0.16,0.058204402923584
"24438","Davies Reef (18-096)",2,0.0388888888888889,0.0582043753729926
"24439","Davies Reef (18-096)",2,0.015625,0.0582043727238973
"24440","Davies Reef (18-096)",2,0.0904255319148936,0.0582043769511771
"24441","Davies Reef (18-096)",2,0.0388888888888889,0.0628382470872667
"24442","Davies Reef (18-096)",2,0.00833333333333333,0.0628382484118144
"24623","Davies Reef (18-096)",2,0.015,0.0449018430709839
"24624","Davies Reef (18-096)",2,0.01,0.0449018430709839
"24625","Davies Reef (18-096)",2,0.0545454545454545,0.0405859730460427
"24626","Davies Reef (18-096)",2,0,0.0402509117126465
"24627","Davies Reef (18-096)",2,0.00909090909090909,0.0449018651788885
"24628","Davies Reef (18-096)",2,0.0111111111111111,0.0449018001556396
"24629","Davies Reef (18-096)",2,0.00833333333333333,0.0405859231948853
"24630","Davies Reef (18-096)",2,0.03,0.0402509117126465
"24771","Davies Reef (18-096)",2,0.00909090909090909,0.0463741605932062
"24772","Davies Reef (18-096)",2,0.02,0.0466351938247681
"24773","Davies Reef (18-096)",2,0.00714285714285714,0.0408508913857596
"24775","Davies Reef (18-096)",2,0.0272727272727273,0.0464049946178089
"24776","Davies Reef (18-096)",2,0.0333333333333333,0.0466157171461317
"24777","Davies Reef (18-096)",2,0.0125,0.0408509820699692
"24928","Davies Reef (18-096)",2,0.00833333333333333,0.0470309416453044
"24929","Davies Reef (18-096)",2,0.00862068965517241,0.044342957693955
"24930","Davies Reef (18-096)",2,0.00416666666666667,0.0449400981267293
"24931","Davies Reef (18-096)",2,0.00833333333333333,0.04483589331309
"24932","Davies Reef (18-096)",2,0.0166666666666667,0.0470309416453044
"24933","Davies Reef (18-096)",2,0.00531914893617021,0.0443429338171127
"24934","Davies Reef (18-096)",2,0,0.0449401330947876
"24935","Davies Reef (18-096)",2,0,0.04483589331309
"24937","Davies Reef (18-096)",2,0.02,0.0463799619674683
"24941","Davies Reef (18-096)",2,0.0303030303030303,0.0463799650018866
"25160","Davies Reef (18-096)",2,0.0141509433962264,0.0780575230436505
"25161","Davies Reef (18-096)",2,0.0166666666666667,0.0780574242273967
"25162","Davies Reef (18-096)",2,0,0.0491303110122681
"25163","Davies Reef (18-096)",2,0.00833333333333333,0.0780574242273967
"25925","Davies Reef (18-096)",2,0.0136363636363636,0.0461193344809792
"25926","Davies Reef (18-096)",2,0.032258064516129,0.0461193207771547
"25927","Davies Reef (18-096)",2,0.0125,0.0461192806561788
"25928","Davies Reef (18-096)",2,0.02,0.0461192417144775
"25929","Davies Reef (18-096)",2,0.0363636363636364,0.0461193344809792
"25930","Davies Reef (18-096)",2,0.0541666666666667,0.0461192806561788
"25931","Davies Reef (18-096)",2,0.0208333333333333,0.0461192806561788
"25932","Davies Reef (18-096)",2,0.0227272727272727,0.0461193344809792
"25933","Davies Reef (18-096)",2,0.0343137254901961,0.0450173639783672
"25934","Davies Reef (18-096)",2,0.0291666666666667,0.0450173298517863
"25936","Davies Reef (18-096)",2,0.0291666666666667,0.0450173298517863
"25937","Davies Reef (18-096)",2,0.0263157894736842,0.0450173720978854
"26331","U/N Reef (21-067)",2,0.0787037037037037,0.0461193455590142
"26332","U/N Reef (21-067)",2,0.127659574468085,0.0279548523273874
"26333","U/N Reef (21-067)",2,0.145454545454545,0.00523137992078608
"26334","U/N Reef (21-067)",2,0.193965517241379,0.0689106850788511
"26393","(Big) Broadhurst Reef (No 1) (18-100a)",2,0,0.0281778313896873
"26394","(Big) Broadhurst Reef (No 1) (18-100a)",2,0.0125,0.0210640549659729
"26395","(Big) Broadhurst Reef (No 1) (18-100a)",2,0.00490196078431373,0.0281778153251199
"26396","(Big) Broadhurst Reef (No 1) (18-100a)",2,0,0.0210640549659729
"27459","(Big) Broadhurst Reef (No 1) (18-100a)",2,0,0.0324303110440572
"27460","(Big) Broadhurst Reef (No 1) (18-100a)",2,0.00416666666666667,0.0469499429066976
"27461","(Big) Broadhurst Reef (No 1) (18-100a)",2,0,0.0324302339553833
"27462","(Big) Broadhurst Reef (No 1) (18-100a)",2,0.0192307692307692,0.046949945963346
"27463","(Big) Broadhurst Reef (No 1) (18-100a)",2,0.005,0.0386818480491638
"27465","(Big) Broadhurst Reef (No 1) (18-100a)",2,0.00454545454545455,0.038681884245439
"27469","(Big) Broadhurst Reef (No 1) (18-100a)",2,0,0.00704929729302724
"27472","(Big) Broadhurst Reef (No 1) (18-100a)",2,0,0.00704930370504206
"27495","Davies Reef (18-096)",2,0,0.0775310785874076
"27496","Davies Reef (18-096)",2,0.01,0.0775310420989991
"27497","Davies Reef (18-096)",2,0,0.077531071119411
"27498","Davies Reef (18-096)",2,0.0136363636363636,0.0775310082869096
"27499","Davies Reef (18-096)",2,0.00625,0.0653720080852509
"27500","Davies Reef (18-096)",2,0.015,0.0653719472885132
"27501","Davies Reef (18-096)",2,0.015,0.0759845399856568
"27502","Davies Reef (18-096)",2,0.0416666666666667,0.0759844303131104
"27503","Davies Reef (18-096)",2,0.00543478260869565,0.0653719798378322
"27504","Davies Reef (18-096)",2,0.01,0.0653719472885132
"27505","Davies Reef (18-096)",2,0.0178571428571429,0.0759844524519784
"27506","Davies Reef (18-096)",2,0.0136363636363636,0.0645073890686035
"27507","Davies Reef (18-096)",2,0.0272727272727273,0.0759845040061257
"27508","Davies Reef (18-096)",2,0.025,0.064507417678833
"27509","Davies Reef (18-096)",2,0.0416666666666667,0.0740139961242676
"27510","Davies Reef (18-096)",2,0.0375,0.0740139961242676
"27511","Davies Reef (18-096)",2,0.0141509433962264,0.0645074259560063
"27512","Davies Reef (18-096)",2,0.0178571428571429,0.0645073396818979
"27513","Davies Reef (18-096)",2,0.0291666666666667,0.0740139961242676
"27514","Davies Reef (18-096)",2,0.0416666666666667,0.0740139961242676
"27515","Davies Reef (18-096)",2,0.01,0.0735091209411621
"27516","Davies Reef (18-096)",2,0.05,0.0735091209411621
"27517","Davies Reef (18-096)",2,0.0409090909090909,0.073509086262096
"27518","Davies Reef (18-096)",2,0.02,0.0735091209411621
"27606","Bushy-Redbill Reef (20-310)",2,0.297734627831715,0.113620634603655
"27607","Bushy-Redbill Reef (20-310)",2,0.281159420289855,0.173120249872622
"27608","Bushy-Redbill Reef (20-310)",2,0.202816901408451,0.114206244240344
"27609","Bushy-Redbill Reef (20-310)",2,0.196,0.116631301879883
"27740","Davies Reef (18-096)",2,0.0277777777777778,0.0744971752166748
"27741","Davies Reef (18-096)",2,0.015,0.0744971370697022
"27742","Davies Reef (18-096)",2,0.025,0.0744971370697022
"27743","Davies Reef (18-096)",2,0.00454545454545455,0.0744971015236594
"27744","Davies Reef (18-096)",2,0.015,0.0744971370697022
"27745","Davies Reef (18-096)",2,0.02,0.0744971370697022
"27748","Davies Reef (18-096)",2,0.0245098039215686,0.0797949865752576
"27749","Davies Reef (18-096)",2,0.01,0.0797949934005738
"28067","Bushy-Redbill Reef (20-310)",2,0.2375,0.132726621627808
"29098","Davies Reef (18-096)",2,0.0375,0.0356740236282349
"29099","Davies Reef (18-096)",2,0.0318181818181818,0.0357292760502208
"29100","Davies Reef (18-096)",2,0.0144230769230769,0.0356740355491638
"29101","Davies Reef (18-096)",2,0.00416666666666667,0.0357292572657267
"29104","Davies Reef (18-096)",2,0.0181818181818182,0.0446542696519331
"29105","Davies Reef (18-096)",2,0.0277777777777778,0.0483480135599772
"29108","Davies Reef (18-096)",2,0.0227272727272727,0.0446542696519331
"29109","Davies Reef (18-096)",2,0.0333333333333333,0.0483480135599772
"29110","Davies Reef (18-096)",2,0.005,0.0453736114501953
"29111","Davies Reef (18-096)",2,0.05,0.0453735748926799
"29112","Davies Reef (18-096)",2,0.0458333333333333,0.0453735748926799
"29113","Davies Reef (18-096)",2,0.0181818181818182,0.0453736305236816
"29854","U/N Reef (15-043)",2,0,0.0387033621470134
"29855","U/N Reef (15-043)",2,0,0.0387033621470134
"3194","Davies Reef (18-096)",2,0,0.0503063639005025
"3195","Davies Reef (18-096)",2,0.0125,0.0503063639005025
"3198","Davies Reef (18-096)",2,0.0708333333333333,0.0279568831125895
"3199","Davies Reef (18-096)",2,0.0791666666666667,0.0277255773544312
"3202","Davies Reef (18-096)",2,0.0291666666666667,0.040458357334137
"3203","Davies Reef (18-096)",2,0.0125,0.040458357334137
"3204","Davies Reef (18-096)",2,0.00416666666666667,0.0511468887329102
"3205","Davies Reef (18-096)",2,0.025,0.0519274791081746
"3206","Davies Reef (18-096)",2,0.170833333333333,0.0458957314491272
"3207","Davies Reef (18-096)",2,0.191666666666667,0.0458957314491272
"3208","Davies Reef (18-096)",2,0.15,0.0458957314491272
"3209","Davies Reef (18-096)",2,0.220833333333333,0.0458957314491272
"3210","Davies Reef (18-096)",2,0.025,0.0519274791081746
"3211","Davies Reef (18-096)",2,0.0125,0.0511468887329102
"3212","Davies Reef (18-096)",2,0.0125,0.040458357334137
"3213","Davies Reef (18-096)",2,0.0375,0.040458357334137
"3216","Davies Reef (18-096)",2,0.0833333333333333,0.0277255773544312
"3217","Davies Reef (18-096)",2,0.0916666666666667,0.0279568831125895
"3220","Davies Reef (18-096)",2,0.00416666666666667,0.0503063639005025
"3362","Davies Reef (18-096)",2,0.1,0.0332087779045105
"3363","Davies Reef (18-096)",2,0.0975,0.0332087779045105
"3364","Davies Reef (18-096)",2,0.0525,0.0279715633392334
"3369","Davies Reef (18-096)",2,0.00357142857142857,0.0359567608152117
"3372","Davies Reef (18-096)",2,0.055,0.0256079292297363
"3373","Davies Reef (18-096)",2,0.0678391959798995,0.0256079357473095
"3374","Davies Reef (18-096)",2,0.0321428571428571,0.025991986479078
"3375","Davies Reef (18-096)",2,0.0714285714285714,0.025991986479078
"3376","Davies Reef (18-096)",2,0.139285714285714,0.0483190434319633
"3377","Davies Reef (18-096)",2,0.142857142857143,0.0483190434319633
"3378","Davies Reef (18-096)",2,0.0714285714285714,0.0483190434319633
"3379","Davies Reef (18-096)",2,0.167857142857143,0.0483190434319633
"3380","Davies Reef (18-096)",2,0.0428571428571429,0.025991986479078
"3381","Davies Reef (18-096)",2,0.025,0.025991986479078
"3382","Davies Reef (18-096)",2,0.0944444444444444,0.0256079408857557
"3383","Davies Reef (18-096)",2,0.085,0.0256079292297363
"3386","Davies Reef (18-096)",2,0.0107142857142857,0.0359567608152117
"3391","Davies Reef (18-096)",2,0.0444444444444444,0.0279715776443481
"3392","Davies Reef (18-096)",2,0.1075,0.0332087779045105
"3393","Davies Reef (18-096)",2,0.08,0.0332087779045105
"3470","Davies Reef (18-096)",2,0.0527777777777778,0.0250022729237874
"3471","Davies Reef (18-096)",2,0.00833333333333333,0.0264587216907077
"3472","Davies Reef (18-096)",2,0.138888888888889,0.0471320364210341
"3473","Davies Reef (18-096)",2,0.0305555555555556,0.0313787380854289
"3478","Davies Reef (18-096)",2,0.00833333333333333,0.0276625368330214
"3489","Davies Reef (18-096)",2,0.0138888888888889,0.0276625368330214
"3494","Davies Reef (18-096)",2,0.0555555555555556,0.0313787380854289
"3495","Davies Reef (18-096)",2,0.113888888888889,0.0471320364210341
"3496","Davies Reef (18-096)",2,0.0194444444444444,0.0264587216907077
"3497","Davies Reef (18-096)",2,0.0388888888888889,0.0250022729237874
"3716","Davies Reef (18-096)",2,0.05625,0.0304770886898041
"3725","Davies Reef (18-096)",2,0.015625,0.0470308631658554
"3726","Davies Reef (18-096)",2,0.04375,0.0470308631658554
"3727","Davies Reef (18-096)",2,0.059375,0.0239109292626381
"3728","Davies Reef (18-096)",2,0.06875,0.0239109292626381
"3729","Davies Reef (18-096)",2,0.109375,0.0450747579336166
"3730","Davies Reef (18-096)",2,0.134375,0.0450747579336166
"3731","Davies Reef (18-096)",2,0.03125,0.0450747579336166
"3732","Davies Reef (18-096)",2,0.059375,0.0450747579336166
"3733","Davies Reef (18-096)",2,0.065625,0.0239109292626381
"3734","Davies Reef (18-096)",2,0.08125,0.0239109292626381
"3735","Davies Reef (18-096)",2,0.040625,0.0470308631658554
"3736","Davies Reef (18-096)",2,0.0125,0.0470308631658554
"3745","Davies Reef (18-096)",2,0.084375,0.0304770886898041
"3807","Davies Reef (18-096)",2,0.0392857142857143,0.0452265977859497
"3808","Davies Reef (18-096)",2,0.0464285714285714,0.0452265977859497
"3809","Davies Reef (18-096)",2,0.05,0.0300282103674752
"3810","Davies Reef (18-096)",2,0.0392857142857143,0.0300282103674752
"3811","Davies Reef (18-096)",2,0.0428571428571429,0.0239261661257063
"3812","Davies Reef (18-096)",2,0.0357142857142857,0.0239261661257063
"3813","Davies Reef (18-096)",2,0.0428571428571429,0.0239261661257063
"3814","Davies Reef (18-096)",2,0.0428571428571429,0.0239261661257063
"3815","Davies Reef (18-096)",2,0.0357142857142857,0.0300282103674752
"3816","Davies Reef (18-096)",2,0.0535714285714286,0.0300282103674752
"3817","Davies Reef (18-096)",2,0.0535714285714286,0.0452265977859497
"3818","Davies Reef (18-096)",2,0.0535714285714286,0.0452265977859497
"4170","Davies Reef (18-096)",2,0.090625,0.0309896737337112
"4171","Davies Reef (18-096)",2,0.178125,0.0309896737337112
"4182","Davies Reef (18-096)",2,0.0458333333333333,0.0488640705744426
"4183","Davies Reef (18-096)",2,0.0833333333333333,0.0488640705744426
"4184","Davies Reef (18-096)",2,0.034375,0.0248520001769066
"4185","Davies Reef (18-096)",2,0.015625,0.0248520001769066
"4186","Davies Reef (18-096)",2,0.01875,0.0248520001769066
"4187","Davies Reef (18-096)",2,0.059375,0.0248520001769066
"4188","Davies Reef (18-096)",2,0.075,0.0488640705744426
"4189","Davies Reef (18-096)",2,0.0375,0.0488640705744426
"4200","Davies Reef (18-096)",2,0.1625,0.0309896737337112
"4201","Davies Reef (18-096)",2,0.1375,0.0309896737337112
"4269","Davies Reef (18-096)",2,0.103125,0.0382145047187805
"4270","Davies Reef (18-096)",2,0.128125,0.0382145047187805
"4277","Davies Reef (18-096)",2,0.01875,0.0573846697807312
"4278","Davies Reef (18-096)",2,0.00625,0.0522939682006836
"4279","Davies Reef (18-096)",2,0.01875,0.0504535615444183
"4280","Davies Reef (18-096)",2,0.04375,0.0483297199010849
"4281","Davies Reef (18-096)",2,0.059375,0.0478259414434433
"4282","Davies Reef (18-096)",2,0.046875,0.0478259414434433
"4283","Davies Reef (18-096)",2,0.053125,0.0478259414434433
"4284","Davies Reef (18-096)",2,0.075,0.0478259414434433
"4285","Davies Reef (18-096)",2,0.040625,0.0483297199010849
"4286","Davies Reef (18-096)",2,0.01875,0.0504535615444183
"4287","Davies Reef (18-096)",2,0.03125,0.0522939682006836
"4288","Davies Reef (18-096)",2,0.021875,0.0573846697807312
"4293","Davies Reef (18-096)",2,0.1125,0.0382145047187805
"4294","Davies Reef (18-096)",2,0.13125,0.0382145047187805
"4427","Davies Reef (18-096)",2,0.11875,0.0182123467326164
"4428","Davies Reef (18-096)",2,0.11875,0.0182123467326164
"4429","Davies Reef (18-096)",2,0.167857142857143,0.0124045525278364
"4430","Davies Reef (18-096)",2,0.182142857142857,0.0124045525278364
"4435","Davies Reef (18-096)",2,0.009375,0.0373671025037766
"4436","Davies Reef (18-096)",2,0.096875,0.0373671025037766
"4437","Davies Reef (18-096)",2,0.01875,0.0373671025037766
"4438","Davies Reef (18-096)",2,0.065625,0.0373671025037766
"4443","Davies Reef (18-096)",2,0.0785714285714286,0.0124045525278364
"4444","Davies Reef (18-096)",2,0.128571428571429,0.0124045525278364
"4445","Davies Reef (18-096)",2,0.140625,0.0182123467326164
"4446","Davies Reef (18-096)",2,0.19375,0.0182123467326164
"7191","Davies Reef (18-096)",2,0.0466666666666667,0.0510935910542806
"7192","Davies Reef (18-096)",2,0.27,0.0457777945200602
"7322","Davies Reef (18-096)",2,0.140625,0.0453287690877915
"9896","Davies Reef (18-096)",2,0.1,0.0675641298294068
"9897","Davies Reef (18-096)",2,0.104166666666667,0.0675641298294068
"9898","Davies Reef (18-096)",2,0.320833333333333,0.0740139961242676
"9899","Davies Reef (18-096)",2,0.529166666666667,0.0740139961242676
"9900","Davies Reef (18-096)",2,0.0531400966183575,0.0645507867785468
"9901","Davies Reef (18-096)",2,0.075,0.0645506938298543
"9902","Davies Reef (18-096)",2,0.105990783410138,0.0643925644835019
"9903","Davies Reef (18-096)",2,0.129166666666667,0.0643924951553345
"11795","Lizard Island Reef (North West) (14-116a)",3,0.00357142857142857,0.0616329738071987
"11796","Lizard Island Reef (North West) (14-116a)",3,0.0357142857142857,0.0493223769324167
"11797","Lizard Island Reef (North West) (14-116a)",3,0.0571428571428571,0.0671665259769985
"11798","Lizard Island Reef (North West) (14-116a)",3,0.0321428571428571,0.0493223769324167
"12081","North Direction Reef (14-143)",3,0,0.0110778621264866
"12082","North Direction Reef (14-143)",3,0.0107142857142857,0.0110778621264866
"12086","Lizard Island Reef (North West) (14-116a)",3,0.0178571428571429,0.0700324399130685
"12721","North Direction Reef (14-143)",3,0,0.0152152633666992
"12722","North Direction Reef (14-143)",3,0.00666666666666667,0.0128993076748318
"12789","Lizard Island Reef (North West) (14-116a)",3,0.0155555555555556,0.0795389387342665
"15477","Lizard Island Reef (North West) (14-116a)",3,0.0245614035087719,0.0308614797759474
"15478","Lizard Island Reef (North West) (14-116a)",3,0.0491228070175439,0.0239713819403397
"18533","Banfield Reef (North) (18-105a)",3,0.129508196721311,0.0535302209072425
"18534","Banfield Reef (North) (18-105a)",3,0.0924956369982548,0.0583184327130542
"19793","Banfield Reef (North) (18-105a)",3,0.117647058823529,0.0263469710069544
"19794","Banfield Reef (North) (18-105a)",3,0.1953125,0.0263469703495503
"19795","Banfield Reef (North) (18-105a)",3,0.0416666666666667,0.0264241645733515
"19798","Banfield Reef (North) (18-105a)",3,0.108974358974359,0.0263469983369876
"19799","Banfield Reef (North) (18-105a)",3,0.12,0.026346918741862
"19800","Banfield Reef (North) (18-105a)",3,0.0380952380952381,0.026424180893671
"20511","Lizard Island Reef (North West) (14-116a)",3,0.00666666666666667,0.0246036942799886
"20513","Lizard Island Reef (North West) (14-116a)",3,0,0.0246036797239069
"20514","Lizard Island Reef (North West) (14-116a)",3,0.0421052631578947,0.0262920664067854
"20753","Lizard Island Reef (North West) (14-116a)",3,0.00444444444444444,0.0285287284851074
"20754","Lizard Island Reef (North West) (14-116a)",3,0.00444444444444444,0.0285287284851074
"21227","Banfield Reef (North) (18-105a)",3,0.254237288135593,0.139730938410355
"21228","Banfield Reef (North) (18-105a)",3,0.169491525423729,0.139730938410355
"21229","Banfield Reef (North) (18-105a)",3,0.254237288135593,0.139730938410355
"21230","Banfield Reef (North) (18-105a)",3,0.131578947368421,0.139730453491211
"21231","Banfield Reef (North) (18-105a)",3,0.157894736842105,0.139730453491211
"21232","Banfield Reef (North) (18-105a)",3,0.157894736842105,0.139730453491211
"21233","Banfield Reef (North) (18-105a)",3,0.35,0.139730962117513
"21234","Banfield Reef (North) (18-105a)",3,0.1,0.139730962117513
"21235","Banfield Reef (North) (18-105a)",3,0.15,0.139730962117513
"21236","Banfield Reef (North) (18-105a)",3,0.05,0.139730962117513
"21237","Banfield Reef (North) (18-105a)",3,0.315789473684211,0.139730453491211
"21238","Banfield Reef (North) (18-105a)",3,0.0789473684210526,0.139730453491211
"21239","Banfield Reef (North) (18-105a)",3,0.105263157894737,0.139730453491211
"21240","Banfield Reef (North) (18-105a)",3,0.0263157894736842,0.139730453491211
"21241","Darley Reef (19-043)",3,0,0.0212865153948466
"21242","Darley Reef (19-043)",3,0,0.0212865153948466
"21243","Darley Reef (19-043)",3,0,0.0212865153948466
"21244","Darley Reef (19-043)",3,0,0.0212865153948466
"21245","Darley Reef (19-043)",3,0,0.0212865442037582
"21246","Darley Reef (19-043)",3,0,0.0212865442037582
"21247","Darley Reef (19-043)",3,0,0.0212865442037582
"21248","Darley Reef (19-043)",3,0,0.0212865442037582
"21249","Darley Reef (19-043)",3,0,0.0212865405612522
"21250","Darley Reef (19-043)",3,0,0.0212865405612522
"21251","Darley Reef (19-043)",3,0,0.0212865405612522
"21252","Darley Reef (19-043)",3,0,0.0212865378707647
"21253","Darley Reef (19-043)",3,0,0.0212865378707647
"21254","Darley Reef (19-043)",3,0,0.0212865378707647
"21255","Darley Reef (19-043)",3,0,0.0843821147392536
"21256","Darley Reef (19-043)",3,0,0.0843821147392536
"21257","Darley Reef (19-043)",3,0,0.0843821147392536
"21258","Darley Reef (19-043)",3,0,0.0843821763992309
"21259","Darley Reef (19-043)",3,0.0172413793103448,0.0843821147392536
"21260","Darley Reef (19-043)",3,0,0.0843821763992309
"21261","Darley Reef (19-043)",3,0,0.0843821763992309
"21262","Darley Reef (19-043)",3,0,0.0843821763992309
"21263","Darley Reef (19-043)",3,0.0833333333333333,0.0843821446100871
"21264","Darley Reef (19-043)",3,0.0333333333333333,0.0843821446100871
"21265","Darley Reef (19-043)",3,0.0333333333333333,0.0843821446100871
"21266","Darley Reef (19-043)",3,0,0.0843821697764926
"21267","Darley Reef (19-043)",3,0,0.0843821697764926
"21268","Darley Reef (19-043)",3,0,0.0843821697764926
"21269","Darley Reef (19-043)",3,0,0.102361901601156
"21270","Darley Reef (19-043)",3,0,0.102361901601156
"21271","Darley Reef (19-043)",3,0,0.102361901601156
"21272","Darley Reef (19-043)",3,0,0.102361838022868
"21273","Darley Reef (19-043)",3,0,0.102361838022868
"21274","Darley Reef (19-043)",3,0,0.102361838022868
"21275","Darley Reef (19-043)",3,0,0.102361838022868
"21276","Darley Reef (19-043)",3,0.0166666666666667,0.0353467583656311
"21277","Darley Reef (19-043)",3,0,0.0353467583656311
"21278","Darley Reef (19-043)",3,0.0166666666666667,0.0353467583656311
"21279","Darley Reef (19-043)",3,0,0.0353467894925012
"21280","Darley Reef (19-043)",3,0.0555555555555556,0.0353467894925012
"21281","Darley Reef (19-043)",3,0,0.0353467894925012
"21282","Darley Reef (19-043)",3,0.0185185185185185,0.0353467950114497
"21283","Darley Reef (19-043)",3,0.0925925925925926,0.0353467950114497
"21284","Darley Reef (19-043)",3,0.0555555555555556,0.0353467950114497
"21285","Darley Reef (19-043)",3,0.0185185185185185,0.0353467950114497
"21286","Darley Reef (19-043)",3,0,0.0353467997751738
"21287","Darley Reef (19-043)",3,0.0526315789473684,0.0353467997751738
"21288","Darley Reef (19-043)",3,0,0.0353467997751738
"21289","Darley Reef (19-043)",3,0,0.0353467997751738
"21409","Banfield Reef (North) (18-105a)",3,0.135,0.0521550369262696
"21410","Banfield Reef (North) (18-105a)",3,0.120689655172414,0.0521549027541588
"21411","Banfield Reef (North) (18-105a)",3,0.0706521739130435,0.0521549971207328
"21412","Banfield Reef (North) (18-105a)",3,0.172413793103448,0.0521549027541588
"21413","Banfield Reef (North) (18-105a)",3,0.0292207792207792,0.0521551540919713
"21414","Banfield Reef (North) (18-105a)",3,0.107638888888889,0.0518415437804328
"21415","Banfield Reef (North) (18-105a)",3,0.212765957446809,0.0595428047450722
"21416","Banfield Reef (North) (18-105a)",3,0.206140350877193,0.0595429361912242
"21431","Banfield Reef (North) (18-105a)",3,0.0576923076923077,0.0507869261961717
"21432","Banfield Reef (North) (18-105a)",3,0.193548387096774,0.0507869143639841
"21594","Lizard Island Reef (North West) (14-116a)",3,0.005,0.0392425680160523
"21595","Lizard Island Reef (North West) (14-116a)",3,0.0025,0.0392425680160523
"21721","North Direction Reef (14-143)",3,0.0394736842105263,0.0409897126649555
"21722","North Direction Reef (14-143)",3,0.0157894736842105,0.0308821853838469
"21723","North Direction Reef (14-143)",3,0.00526315789473684,0.0334548448261462
"21786","Lizard Island Reef (North West) (14-116a)",3,0.00444444444444444,0.0301236724853516
"21787","Lizard Island Reef (North West) (14-116a)",3,0,0.0344314363267687
"24862","Lizard Island Reef (North West) (14-116a)",3,0.07,0.0552411142985026
"24863","Lizard Island Reef (North West) (14-116a)",3,0,0.0552411142985026
"24864","Lizard Island Reef (North West) (14-116a)",3,0.00666666666666667,0.0552411142985026
"24865","Lizard Island Reef (North West) (14-116a)",3,0.00666666666666667,0.0552411142985026
"25304","Lizard Island Reef (North West) (14-116a)",3,0.00888888888888889,0.0473597123887804
"25305","Lizard Island Reef (North West) (14-116a)",3,0.0111111111111111,0.0473597123887804
"25306","Lizard Island Reef (North West) (14-116a)",3,0.0155555555555556,0.0502280214097765
"25307","Lizard Island Reef (North West) (14-116a)",3,0.00888888888888889,0.0502280214097765
"26371","Banfield Reef (North) (18-105a)",3,0.0848214285714286,0.136860770838601
"26372","Banfield Reef (North) (18-105a)",3,0.141666666666667,0.136860863367716
"26373","Banfield Reef (North) (18-105a)",3,0.122727272727273,0.13686093417081
"26374","Banfield Reef (North) (18-105a)",3,0.258620689655172,0.136860781702502
"26375","Banfield Reef (North) (18-105a)",3,0.0958333333333333,0.0193941573301951
"26376","Banfield Reef (North) (18-105a)",3,0.0708333333333333,0.0193941573301951
"26377","Banfield Reef (North) (18-105a)",3,0.0561224489795918,0.0134613915365569
"26378","Banfield Reef (North) (18-105a)",3,0.035,0.0134614026546478
"26379","Banfield Reef (North) (18-105a)",3,0.0416666666666667,0.0193941573301951
"26380","Banfield Reef (North) (18-105a)",3,0.125,0.019394143819809
"26381","Banfield Reef (North) (18-105a)",3,0.0454545454545455,0.0134614131667397
"26382","Banfield Reef (North) (18-105a)",3,0.045,0.0134614026546478
"26508","Banfield Reef (North) (18-105a)",3,0,0.0187803122732374
"26509","Banfield Reef (North) (18-105a)",3,0.0333333333333333,0.0187803010145823
"26510","Banfield Reef (North) (18-105a)",3,0.0172413793103448,0.0187802972464726
"26511","Banfield Reef (North) (18-105a)",3,0.00555555555555556,0.0187802738613553
"26512","Banfield Reef (North) (18-105a)",3,0.0833333333333333,0.0187803010145823
"26513","Banfield Reef (North) (18-105a)",3,0.0863636363636364,0.0187802964990789
"26514","Banfield Reef (North) (18-105a)",3,0,0.0124427286946044
"26515","Banfield Reef (North) (18-105a)",3,0.120535714285714,0.0124427442039762
"26516","Banfield Reef (North) (18-105a)",3,0.0916666666666667,0.0500440080960592
"26517","Banfield Reef (North) (18-105a)",3,0.113636363636364,0.0500439643859863
"26518","Banfield Reef (North) (18-105a)",3,0.104166666666667,0.0500439604123433
"26519","Banfield Reef (North) (18-105a)",3,0.0272727272727273,0.0124427416107871
"26520","Banfield Reef (North) (18-105a)",3,0.0727272727272727,0.0124427416107871
"26521","Banfield Reef (North) (18-105a)",3,0.125,0.0500440080960592
"26522","Banfield Reef (North) (18-105a)",3,0.14,0.050043903986613
"26523","Banfield Reef (North) (18-105a)",3,0.228448275862069,0.0500440022041058
"27473","Banfield Reef (North) (18-105a)",3,0.12,0.25371955871582
"27474","Banfield Reef (North) (18-105a)",3,0.108333333333333,0.143829679489136
"27475","Banfield Reef (North) (18-105a)",3,0.108333333333333,0.143829679489136
"27476","Banfield Reef (North) (18-105a)",3,0.125,0.253719917933146
"27477","Banfield Reef (North) (18-105a)",3,0.1,0.143829679489136
"27478","Banfield Reef (North) (18-105a)",3,0.26219512195122,0.143829659717839
"27485","Banfield Reef (North) (18-105a)",3,0.075,0.0773083607355754
"27486","Banfield Reef (North) (18-105a)",3,0.1,0.0885280556148953
"27487","Banfield Reef (North) (18-105a)",3,0.116666666666667,0.0885280556148953
"27488","Banfield Reef (North) (18-105a)",3,0.177884615384615,0.169213753480178
"27489","Banfield Reef (North) (18-105a)",3,0.32,0.169213733673096
"27490","Banfield Reef (North) (18-105a)",3,0.00892857142857143,0.0773083056722369
"27491","Banfield Reef (North) (18-105a)",3,0.132978723404255,0.0885280345348602
"27492","Banfield Reef (North) (18-105a)",3,0.185185185185185,0.0885278678234713
"27493","Banfield Reef (North) (18-105a)",3,0.15625,0.169213652610779
"27494","Banfield Reef (North) (18-105a)",3,0.210227272727273,0.169213609261946
"27584","U/N Reef (20-386)",3,0.00606060606060606,0.0496108546401515
"27585","U/N Reef (20-386)",3,0.0156862745098039,0.00760513333713307
"27586","U/N Reef (20-386)",3,0.088135593220339,0.044662139375331
"27587","U/N Reef (20-386)",3,0.0481481481481481,0.0447349371733489
"27588","U/N Reef (20-386)",3,0.015,0.124158201217651
"27589","U/N Reef (20-386)",3,0.0352422907488987,0.00674044770816349
"27590","U/N Reef (20-386)",3,0.0918032786885246,0.0786257196645267
"27591","U/N Reef (20-386)",3,0.0651162790697674,0.0490561019542606
"27592","U/N Reef (20-386)",3,0.00446428571428571,0.266674246106829
"27593","U/N Reef (20-386)",3,0.118918918918919,0.0812593614732897
"27594","U/N Reef (20-386)",3,0.158620689655172,0.0728701229753166
"27595","U/N Reef (20-386)",3,0.025,0.0382379452387492
"27596","U/N Reef (20-386)",3,0.0428571428571429,0.068052407673427
"27597","U/N Reef (20-386)",3,0.00851063829787234,0.0825216739735705
"27598","U/N Reef (20-386)",3,0.0263157894736842,0.0383283840982538
"27599","U/N Reef (20-386)",3,0.0603174603174603,0.0645630427769252
"27736","Banfield Reef (North) (18-105a)",3,0.0318181818181818,0.111145981875333
"27737","Banfield Reef (North) (18-105a)",3,0.0406976744186047,0.0908830443093943
"27738","Banfield Reef (North) (18-105a)",3,0.0708333333333333,0.111145981152852
"27739","Banfield Reef (North) (18-105a)",3,0.04,0.090883150100708
"27790","Banfield Reef (North) (18-105a)",3,0.156862745098039,0.102399162217683
"27791","Banfield Reef (North) (18-105a)",3,0.173469387755102,0.102399193510717
"27792","Banfield Reef (North) (18-105a)",3,0.258333333333333,0.102399237950643
"27793","Banfield Reef (North) (18-105a)",3,0.108333333333333,0.0892887989679972
"27794","Banfield Reef (North) (18-105a)",3,0.163157894736842,0.102399153458445
"27795","Banfield Reef (North) (18-105a)",3,0.195,0.102399168014526
"27796","Banfield Reef (North) (18-105a)",3,0.2125,0.102399237950643
"27797","Banfield Reef (North) (18-105a)",3,0.2,0.0892887592315674
"27798","Banfield Reef (North) (18-105a)",3,0.0333333333333333,0.0527976075808207
"27799","Banfield Reef (North) (18-105a)",3,0.13,0.0527975845336914
"27800","Banfield Reef (North) (18-105a)",3,0.179166666666667,0.0443627556165059
"27801","Banfield Reef (North) (18-105a)",3,0.209090909090909,0.044362718408758
"27802","Banfield Reef (North) (18-105a)",3,0.0545454545454545,0.0527976122769442
"27803","Banfield Reef (North) (18-105a)",3,0.127358490566038,0.0527976413942733
"27804","Banfield Reef (North) (18-105a)",3,0.25,0.0443627201780981
"27805","Banfield Reef (North) (18-105a)",3,0.138888888888889,0.044362735748291
"27806","Banfield Reef (North) (18-105a)",3,0.0454545454545455,0.0527976122769442
"27807","Banfield Reef (North) (18-105a)",3,0.075,0.0443627556165059
"27808","Banfield Reef (North) (18-105a)",3,0.0136363636363636,0.0527976122769442
"27809","Banfield Reef (North) (18-105a)",3,0.075,0.0443627166748047
"28177","Banfield Reef (North) (18-105a)",3,0.0333333333333333,0.104098550478617
"28178","Banfield Reef (North) (18-105a)",3,0.05,0.104098453521729
"28179","Banfield Reef (North) (18-105a)",3,0.0458333333333333,0.0539485017458598
"28180","Banfield Reef (North) (18-105a)",3,0.078125,0.0539484371741613
"28181","Banfield Reef (North) (18-105a)",3,0.0476190476190476,0.10409848349435
"28182","Banfield Reef (North) (18-105a)",3,0.055,0.104098453521729
"28183","Banfield Reef (North) (18-105a)",3,0.0918367346938776,0.0539484559273233
"28184","Banfield Reef (North) (18-105a)",3,0.0769230769230769,0.0539484941042387
"28185","Banfield Reef (North) (18-105a)",3,0.01,0.104631280899048
"28186","Banfield Reef (North) (18-105a)",3,0.105,0.104631280899048
"28187","Banfield Reef (North) (18-105a)",3,0.2,0.104631389271129
"28188","Banfield Reef (North) (18-105a)",3,0.208333333333333,0.104631352424622
"28189","Banfield Reef (North) (18-105a)",3,0.07,0.0912350940704346
"28190","Banfield Reef (North) (18-105a)",3,0.025,0.104631280899048
"28191","Banfield Reef (North) (18-105a)",3,0.14622641509434,0.104631315987065
"28192","Banfield Reef (North) (18-105a)",3,0.185,0.104631280899048
"28193","Banfield Reef (North) (18-105a)",3,0.116666666666667,0.104631352424622
"28194","Banfield Reef (North) (18-105a)",3,0.075,0.0912351369857788
"28303","Banfield Reef (North) (18-105a)",3,0.165,0.0455332040786743
"28304","Banfield Reef (North) (18-105a)",3,0.0535714285714286,0.0543072351387569
"28305","Banfield Reef (North) (18-105a)",3,0.165,0.0907038974761963
"28306","Banfield Reef (North) (18-105a)",3,0.0888888888888889,0.10402201546563
"28307","Banfield Reef (North) (18-105a)",3,0.0862068965517241,0.0455332418967938
"28308","Banfield Reef (North) (18-105a)",3,0.0235849056603774,0.0543072448586518
"28309","Banfield Reef (North) (18-105a)",3,0.0272727272727273,0.0907039815729314
"28310","Banfield Reef (North) (18-105a)",3,0.25,0.104022125028214
"28313","Banfield Reef (North) (18-105a)",3,0.0541666666666667,0.103492450714111
"28314","Banfield Reef (North) (18-105a)",3,0.173611111111111,0.103492127524482
"28317","Banfield Reef (North) (18-105a)",3,0.127450980392157,0.103492344126982
"28318","Banfield Reef (North) (18-105a)",3,0.0954545454545455,0.103492450714111
"28343","Banfield Reef (North) (18-105a)",3,0.0333333333333333,0.0449543833732605
"28346","Banfield Reef (North) (18-105a)",3,0.115,0.0449543428421021
"28371","Lizard Island Reef (North West) (14-116a)",3,0.0275,0.00621840655803681
"28379","Lizard Island Reef (North West) (14-116a)",3,0.00285714285714286,0.0111993544442313
"28380","Lizard Island Reef (North West) (14-116a)",3,0.00285714285714286,0.0111993544442313
"28381","Lizard Island Reef (North West) (14-116a)",3,0,0.00615678991590228
"28382","Lizard Island Reef (North West) (14-116a)",3,0.0114285714285714,0.00615678991590228
"28543","Banfield Reef (North) (18-105a)",3,0.10625,0.103529167175293
"28544","Banfield Reef (North) (18-105a)",3,0.286363636363636,0.101389659534801
"28546","Banfield Reef (North) (18-105a)",3,0.0588235294117647,0.0512984546960569
"28547","Banfield Reef (North) (18-105a)",3,0.0855263157894737,0.103529064278854
"28549","Banfield Reef (North) (18-105a)",3,0.145833333333333,0.101389654477437
"28550","Banfield Reef (North) (18-105a)",3,0.0818181818181818,0.0512984319166703
"28551","Banfield Reef (North) (18-105a)",3,0.0848214285714286,0.0514702541487558
"28552","Banfield Reef (North) (18-105a)",3,0.0613207547169811,0.0514702931889948
"28553","Banfield Reef (North) (18-105a)",3,0.0543478260869565,0.0910621104033097
"28554","Banfield Reef (North) (18-105a)",3,0.170833333333333,0.103433744112651
"28555","Banfield Reef (North) (18-105a)",3,0.0333333333333333,0.0514702876408895
"28556","Banfield Reef (North) (18-105a)",3,0.0480349344978166,0.0514702359661785
"28557","Banfield Reef (North) (18-105a)",3,0.0446428571428571,0.0910621540887015
"28558","Banfield Reef (North) (18-105a)",3,0.0791666666666667,0.103433744112651
"28591","Banfield Reef (North) (18-105a)",3,0.0727272727272727,0.108475971221924
"28592","Banfield Reef (North) (18-105a)",3,0.045,0.108475914001465
"28593","Banfield Reef (North) (18-105a)",3,0.0541666666666667,0.0550555268923442
"28594","Banfield Reef (North) (18-105a)",3,0.0318181818181818,0.0550554752349853
"28595","Banfield Reef (North) (18-105a)",3,0.0208333333333333,0.108475963274638
"28596","Banfield Reef (North) (18-105a)",3,0.0408163265306122,0.10847587001567
"28597","Banfield Reef (North) (18-105a)",3,0.0409090909090909,0.0550554752349853
"28598","Banfield Reef (North) (18-105a)",3,0.035,0.0550554466247559
"28599","Banfield Reef (North) (18-105a)",3,0.0611111111111111,0.1107651286655
"28600","Banfield Reef (North) (18-105a)",3,0.025,0.111332241694132
"28601","Banfield Reef (North) (18-105a)",3,0.115,0.111332159042358
"28602","Banfield Reef (North) (18-105a)",3,0.0909090909090909,0.111331657929854
"28603","Banfield Reef (North) (18-105a)",3,0.06,0.110765209197998
"28604","Banfield Reef (North) (18-105a)",3,0.05,0.111332241694132
"28605","Banfield Reef (North) (18-105a)",3,0.0863636363636364,0.111332269148393
"28606","Banfield Reef (North) (18-105a)",3,0.00735294117647059,0.111331890611088
"28607","Banfield Reef (North) (18-105a)",3,0.0181818181818182,0.0555739749561656
"28608","Banfield Reef (North) (18-105a)",3,0.0227272727272727,0.0555739749561656
"28609","Banfield Reef (North) (18-105a)",3,0.0541666666666667,0.0555740237236023
"28610","Banfield Reef (North) (18-105a)",3,0.035,0.0555739688873291
"28889","Banfield Reef (North) (18-105a)",3,0.0869565217391304,0.101168808729752
"28890","Banfield Reef (North) (18-105a)",3,0.0727272727272727,0.101686772433194
"28891","Banfield Reef (North) (18-105a)",3,0.0520833333333333,0.101686666409175
"28892","Banfield Reef (North) (18-105a)",3,0.0277777777777778,0.1011687596639
"28893","Banfield Reef (North) (18-105a)",3,0.127272727272727,0.101686772433194
"28894","Banfield Reef (North) (18-105a)",3,0.0708333333333333,0.10168673992157
"28895","Banfield Reef (North) (18-105a)",3,0.00416666666666667,0.0912952105204264
"28896","Banfield Reef (North) (18-105a)",3,0.025,0.0912949323654175
"28899","Banfield Reef (North) (18-105a)",3,0.0133928571428571,0.0912952593394688
"28900","Banfield Reef (North) (18-105a)",3,0.087962962962963,0.0912952599702058
"28945","Banfield Reef (North) (18-105a)",3,0.05625,0.0924444973468781
"28946","Banfield Reef (North) (18-105a)",3,0.0324074074074074,0.0924446494491012
"28947","Banfield Reef (North) (18-105a)",3,0.086734693877551,0.0929178607707121
"28948","Banfield Reef (North) (18-105a)",3,0.0875,0.0929179032643636
"28949","Banfield Reef (North) (18-105a)",3,0.0138888888888889,0.0924444529745314
"28950","Banfield Reef (North) (18-105a)",3,0.0425531914893617,0.0924446329157403
"28951","Banfield Reef (North) (18-105a)",3,0.0681818181818182,0.092917927828702
"28952","Banfield Reef (North) (18-105a)",3,0.0338983050847458,0.0929178625850354
"29261","Lizard Island Reef (North West) (14-116a)",3,0.04,0.00882320213317872
"29262","Lizard Island Reef (North West) (14-116a)",3,0.00888888888888889,0.00882321463690864
"29265","Lizard Island Reef (North West) (14-116a)",3,0.0288888888888889,0.00623866505093045
"29266","Lizard Island Reef (North West) (14-116a)",3,0.0177777777777778,0.00623866505093045
"29267","Lizard Island Reef (North West) (14-116a)",3,0.0355555555555556,0.0107828617095947
"29268","Lizard Island Reef (North West) (14-116a)",3,0.0244444444444444,0.0107828617095947
"29389","Banfield Reef (North) (18-105a)",3,0.0818181818181818,0.0901884512467818
"29390","Banfield Reef (North) (18-105a)",3,0.112903225806452,0.090188354574224
"29391","Banfield Reef (North) (18-105a)",3,0.0732758620689655,0.0901883963880868
"29392","Banfield Reef (North) (18-105a)",3,0.0817307692307692,0.0901884390757634
"29393","Banfield Reef (North) (18-105a)",3,0.0166666666666667,0.0901884237925212
"29394","Banfield Reef (North) (18-105a)",3,0.0175438596491228,0.0901883945130465
"29513","Vicki Harriott Reef (15-070)",3,0.0223880597014925,0.0353285839308554
"29514","Vicki Harriott Reef (15-070)",3,0.0974576271186441,0.029317869978436
"29515","Vicki Harriott Reef (15-070)",3,0.0407407407407407,0.0497480463098597
"29516","Vicki Harriott Reef (15-070)",3,0.0285714285714286,0.0502303804670062
"29517","Vicki Harriott Reef (15-070)",3,0.040983606557377,0.0472543864953713
"29518","Vicki Harriott Reef (15-070)",3,0.041025641025641,0.0291621257097293
"29519","Vicki Harriott Reef (15-070)",3,0.0416666666666667,0.0567907293637594
"29520","Vicki Harriott Reef (15-070)",3,0.0476190476190476,0.0294129205128503
"29521","Vicki Harriott Reef (15-070)",3,0.080188679245283,0.0326582553251734
"29522","Vicki Harriott Reef (15-070)",3,0.1,0.0592930830441989
"29523","Vicki Harriott Reef (15-070)",3,0.0388888888888889,0.0592930475870768
"29524","Vicki Harriott Reef (15-070)",3,0.0489130434782609,0.0305625511252362
"29525","Vicki Harriott Reef (15-070)",3,0.0357142857142857,0.0296804658950321
"29526","Vicki Harriott Reef (15-070)",3,0.00641025641025641,0.059818365635016
"29527","Vicki Harriott Reef (15-070)",3,0.0166666666666667,0.0354959779315525
"29555","Banfield Reef (North) (18-105a)",3,0.0740740740740741,0.108559202264856
"29556","Banfield Reef (North) (18-105a)",3,0.0590909090909091,0.123513473163951
"29557","Banfield Reef (North) (18-105a)",3,0.109090909090909,0.123513473163951
"29558","Banfield Reef (North) (18-105a)",3,0.0614035087719298,0.108559240374649
"29559","Banfield Reef (North) (18-105a)",3,0.0583333333333333,0.123513436317444
"29560","Banfield Reef (North) (18-105a)",3,0.0958333333333333,0.123513436317444
"29561","Banfield Reef (North) (18-105a)",3,0.0344827586206897,0.0725179787339835
"29562","Banfield Reef (North) (18-105a)",3,0.0288461538461538,0.0725179452162523
"29563","Banfield Reef (North) (18-105a)",3,0.0458333333333333,0.123993070920308
"29564","Banfield Reef (North) (18-105a)",3,0.05,0.0663416703542074
"29565","Banfield Reef (North) (18-105a)",3,0.0611111111111111,0.0725179036458333
"29566","Banfield Reef (North) (18-105a)",3,0.0277777777777778,0.0725179036458333
"29567","Banfield Reef (North) (18-105a)",3,0.05,0.123993070920308
"29568","Banfield Reef (North) (18-105a)",3,0.108333333333333,0.0663416703542074
"29689","Lizard Island Reef (North West) (14-116a)",3,0.00697674418604651,0.00734708364619765
"29690","Lizard Island Reef (North West) (14-116a)",3,0.00232558139534884,0.00734708364619765
"29691","Lizard Island Reef (North West) (14-116a)",3,0,0.00841976165771485
"29692","Lizard Island Reef (North West) (14-116a)",3,0.0166666666666667,0.00557334025700887
"29693","Lizard Island Reef (North West) (14-116a)",3,0,0.00557334755742273
"29722","Vicki Harriott Reef (15-070)",3,0.00628930817610063,0.0312368434929998
"29723","Vicki Harriott Reef (15-070)",3,0.0234042553191489,0.0299255594294122
"29724","Vicki Harriott Reef (15-070)",3,0.02,0.0315464496612549
"29725","Vicki Harriott Reef (15-070)",3,0.05,0.031020321448644
"29743","Vicki Harriott Reef (15-070)",3,0.0166666666666667,0.0457967440287272
"29744","Vicki Harriott Reef (15-070)",3,0.04,0.0459073162078858
"29745","Vicki Harriott Reef (15-070)",3,0.06,0.0381441140174866
"29746","Vicki Harriott Reef (15-070)",3,0.02,0.0238269352912903
"29769","U/N Reef (20-386)",3,0.0099009900990099,0.0454560119326752
"29770","U/N Reef (20-386)",3,0.0197530864197531,0.045323129347813
"29771","U/N Reef (20-386)",3,0.00434782608695652,0.0466002713079038
"29772","U/N Reef (20-386)",3,0,0.0487231803662849
"29971","Vicki Harriott Reef (15-070)",3,0.0325581395348837,0.0245375566704329
"29972","Vicki Harriott Reef (15-070)",3,0.0348837209302326,0.0468011235081872
"29973","Vicki Harriott Reef (15-070)",3,0.0197530864197531,0.0365824075392735
"30261","Vicki Harriott Reef (15-070)",3,0.0369393139841689,0.0337460978364567
"30273","Vicki Harriott Reef (15-070)",3,0.0175,0.0533806800842285
"30441","Lady Musgrave Reef (23-082a)",3,0.00555555555555556,0.0405172427495321
"30442","Lady Musgrave Reef (23-082a)",3,0.00980392156862745,0.0412547494850907
"30444","Lady Musgrave Reef (23-082a)",3,0.00531914893617021,0.0679252857857562
"30445","Lady Musgrave Reef (23-082a)",3,0.0101010101010101,0.0679253327726114
"30446","Lady Musgrave Reef (23-082a)",3,0,0.0388586462997809
"30447","Lady Musgrave Reef (23-082a)",3,0.136861313868613,0.0806765799974873
"30448","Lady Musgrave Reef (23-082a)",3,0.19047619047619,0.0806765076975343
"30449","Lady Musgrave Reef (23-082a)",3,0.0493562231759657,0.0775962141962011
"30450","Lady Musgrave Reef (23-082a)",3,0.072463768115942,0.0681794415349546
"30451","Lady Musgrave Reef (23-082a)",3,0.0819327731092437,0.0681794911873441
"30452","Lady Musgrave Reef (23-082a)",3,0.0975609756097561,0.0806757415213236
"30453","Lady Musgrave Reef (23-082a)",3,0.0461847389558233,0.038383349836112
"30454","Lady Musgrave Reef (23-082a)",3,0.0029585798816568,0.054565525619236
"30455","Lady Musgrave Reef (23-082a)",3,0.0741525423728814,0.0459252009957524
"30456","Lady Musgrave Reef (23-082a)",3,0.0206185567010309,0.0383834421020193
"30457","Lady Musgrave Reef (23-082a)",3,0.035230352303523,0.0461586691176665
"30458","Lady Musgrave Reef (23-082a)",3,0.0209205020920502,0.0459251603322049
"30459","Lady Musgrave Reef (23-082a)",3,0.00206611570247934,0.046010663686705
"3750","Lizard Island Reef (North West) (14-116a)",3,0.0125,0.0190524473786354
"3751","Lizard Island Reef (North West) (14-116a)",3,0.01875,0.02051140666008
"3752","Lizard Island Reef (North West) (14-116a)",3,0,0.0222524121403694
"3753","Lizard Island Reef (North West) (14-116a)",3,0.00625,0.0135223105549812
"3754","Lizard Island Reef (North West) (14-116a)",3,0,0.0147325649857521
"3759","Lizard Island Reef (North West) (14-116a)",3,0.00625,0.0147325649857521
"3760","Lizard Island Reef (North West) (14-116a)",3,0.015625,0.02051140666008
"3761","Lizard Island Reef (North West) (14-116a)",3,0.015625,0.0190524473786354
"3766","Lizard Island Reef (North West) (14-116a)",3,0,0.020570419728756
"3967","Lizard Island Reef (North West) (14-116a)",3,0.00625,0.0126239866018295
"7824","Lizard Island Reef (North West) (14-116a)",3,0.0158730158730159,0.0334179704151456
"7825","Lizard Island Reef (North West) (14-116a)",3,0.008,0.0483436317443848
"7826","Lizard Island Reef (North West) (14-116a)",3,0.00784313725490196,0.0296973602444518
"7828","Lizard Island Reef (North West) (14-116a)",3,0.00392156862745098,0.0271765129238952
"7829","Lizard Island Reef (North West) (14-116a)",3,0.00714285714285714,0.0271765078817095
"11170","Green Island Reef (16-049)",4,0.0678571428571429,0.0304089716502598
"11171","Green Island Reef (16-049)",4,0.00714285714285714,0.00817128505025591
"11372","Batt Reef (16-029)",4,0.119444444444444,0.0435029718610975
"11373","Batt Reef (16-029)",4,0.113496932515337,0.0435029802146865
"11374","Batt Reef (16-029)",4,0.0361111111111111,0.044821744494968
"11375","Batt Reef (16-029)",4,0.0305555555555556,0.044821744494968
"11599","Batt Reef (16-029)",4,0.267857142857143,0.0414072854178293
"11600","Batt Reef (16-029)",4,0.250980392156863,0.0414073121313955
"11601","Batt Reef (16-029)",4,0.0642857142857143,0.0414072854178293
"11602","Batt Reef (16-029)",4,0.0714285714285714,0.0414072854178293
"11605","Batt Reef (16-029)",4,0.116666666666667,0.0515892624855042
"11606","Batt Reef (16-029)",4,0.142201834862385,0.051589244002596
"11777","Batt Reef (16-029)",4,0.0285714285714286,0.0412572145462036
"11778","Batt Reef (16-029)",4,0.0339622641509434,0.0412572284914413
"11791","Lizard Island Reef (Lagoon) (14-116d)",4,0.00357142857142857,0.010771861246654
"12083","Lizard Island Reef (Lagoon) (14-116d)",4,0.0321428571428571,0.0119781724044255
"12085","Lizard Island Reef (Lagoon) (14-116d)",4,0.00714285714285714,0.050448032787868
"12094","Eyrie Reef (14-118)",4,0.135714285714286,0.0276988625526428
"12095","Eyrie Reef (14-118)",4,0.108949416342412,0.0276988786482162
"12096","Eyrie Reef (14-118)",4,0.121428571428571,0.0276988625526428
"12097","Eyrie Reef (14-118)",4,0.0905660377358491,0.0276988659264906
"12098","Eyrie Reef (14-118)",4,0.185714285714286,0.0279985870633807
"12099","Eyrie Reef (14-118)",4,0.192156862745098,0.0279985857944863
"12235","Eyrie Reef (14-118)",4,0.0464285714285714,0.0278348803520203
"12236","Eyrie Reef (14-118)",4,0.0392857142857143,0.0278348803520203
"12237","Eyrie Reef (14-118)",4,0.0607142857142857,0.0281360762459891
"12238","Eyrie Reef (14-118)",4,0.0714285714285714,0.0281360762459891
"12239","Eyrie Reef (14-118)",4,0.0535714285714286,0.0278348803520203
"12240","Eyrie Reef (14-118)",4,0.0464285714285714,0.0278348803520203
"12241","Eyrie Reef (14-118)",4,0.0107142857142857,0.0276424952915737
"12242","Eyrie Reef (14-118)",4,0.0607142857142857,0.0375300543648856
"12243","Eyrie Reef (14-118)",4,0.025,0.0375300543648856
"12244","Eyrie Reef (14-118)",4,0.0142857142857143,0.0350548028945923
"12245","Eyrie Reef (14-118)",4,0.0142857142857143,0.0350548028945923
"12246","Eyrie Reef (14-118)",4,0.0142857142857143,0.0349973099572318
"12247","Eyrie Reef (14-118)",4,0.025,0.0349973099572318
"12595","Eyrie Reef (14-118)",4,0.05,0.0349664979510837
"12596","Eyrie Reef (14-118)",4,0.0555555555555556,0.0349664979510837
"12605","Eyrie Reef (14-118)",4,0.0833333333333333,0.0353448655870226
"12606","Eyrie Reef (14-118)",4,0.0305555555555556,0.0392147541046143
"14591","Elford Reef (16-073)",4,0,0.00856517553329468
"14592","Elford Reef (16-073)",4,0,0.00856517553329468
"14593","Elford Reef (16-073)",4,0.00666666666666667,0.0364595031738281
"14594","Elford Reef (16-073)",4,0.01,0.0364595031738281
"14595","Elford Reef (16-073)",4,0,0.0364594671461317
"14596","Elford Reef (16-073)",4,0,0.0364594671461317
"14863","Elford Reef (16-073)",4,0,0.00837236642837525
"15094","Elford Reef (16-073)",4,0,0.00851632595062256
"15095","Elford Reef (16-073)",4,0,0.00851632595062256
"15096","Elford Reef (16-073)",4,0,0.0108948159217834
"15097","Elford Reef (16-073)",4,0,0.0108948159217834
"15295","Batt Reef (16-029)",4,0.00416666666666667,0.0466447234153748
"15296","Batt Reef (16-029)",4,0.025,0.042294446627299
"15297","Batt Reef (16-029)",4,0.0416666666666667,0.0429011106491089
"15476","Lizard Island Reef (Lagoon) (14-116d)",4,0.0733333333333333,0.03663956006368
"15479","Lizard Island Reef (Lagoon) (14-116d)",4,0.0596491228070175,0.0322735368159779
"15480","Eyrie Reef (14-118)",4,0.0666666666666667,0.0335065138967414
"15728","Lizard Island Reef (Lagoon) (14-116d)",4,0.00917431192660551,0.00845608033171488
"15729","Lizard Island Reef (Lagoon) (14-116d)",4,0.00526315789473684,0.00882330568213212
"15730","Lizard Island Reef (Lagoon) (14-116d)",4,0.0315789473684211,0.00945864664880853
"15731","Lizard Island Reef (Lagoon) (14-116d)",4,0,0.00945864664880853
"15736","Lizard Island Reef (North East) (14-116b)",4,0,0.0153745298800261
"15737","Lizard Island Reef (North East) (14-116b)",4,0,0.015374527922992
"15738","Lizard Island Reef (North East) (14-116b)",4,0.0045045045045045,0.00791083799826132
"15739","Lizard Island Reef (North East) (14-116b)",4,0.00416666666666667,0.00791083474953969
"15750","Batt Reef (16-029)",4,0.008,0.041340446472168
"15751","Batt Reef (16-029)",4,0.005,0.0413404035568237
"15890","Eyrie Reef (14-118)",4,0,0.0171876152356466
"15891","Eyrie Reef (14-118)",4,0,0.0171876176874688
"15892","Eyrie Reef (14-118)",4,0,0.0171876042388206
"15893","Eyrie Reef (14-118)",4,0,0.0170244094937347
"15894","Eyrie Reef (14-118)",4,0,0.0170244613251129
"15895","Eyrie Reef (14-118)",4,0,0.0203551044711819
"15896","Eyrie Reef (14-118)",4,0,0.0203551044711819
"15897","Eyrie Reef (14-118)",4,0.0025974025974026,0.0203551044711819
"15898","Eyrie Reef (14-118)",4,0,0.0203551044711819
"15901","Eyrie Reef (14-118)",4,0,0.0153902567349947
"15902","Eyrie Reef (14-118)",4,0.00512820512820513,0.0153902567349947
"15911","Eyrie Reef (14-118)",4,0.0275862068965517,0.0181041366752537
"15912","Eyrie Reef (14-118)",4,0.0344827586206897,0.0181041366752537
"15913","Eyrie Reef (14-118)",4,0.0275862068965517,0.0181041366752537
"15914","Eyrie Reef (14-118)",4,0.0137931034482759,0.0181041366752537
"15917","Eyrie Reef (14-118)",4,0.0348837209302326,0.0189276318217433
"15918","Eyrie Reef (14-118)",4,0.0236842105263158,0.0189276193317614
"15925","Eyrie Reef (14-118)",4,0.04375,0.0316577792167664
"15926","Eyrie Reef (14-118)",4,0.0479166666666667,0.0316577792167664
"15927","Eyrie Reef (14-118)",4,0.0105263157894737,0.0301492565556576
"15928","Eyrie Reef (14-118)",4,0.00263157894736842,0.0301492565556576
"15929","Eyrie Reef (14-118)",4,0.0105263157894737,0.0306432598515561
"15930","Eyrie Reef (14-118)",4,0.00263157894736842,0.0306432598515561
"15931","Eyrie Reef (14-118)",4,0.00697674418604651,0.0360354423522949
"15932","Eyrie Reef (14-118)",4,0.0232558139534884,0.0360354423522949
"15933","Eyrie Reef (14-118)",4,0.0232558139534884,0.0421428192493528
"15934","Eyrie Reef (14-118)",4,0.00697674418604651,0.0421428192493528
"15947","Lizard Island Reef (Lagoon) (14-116d)",4,0.0225,0.0389969277381897
"15948","Lizard Island Reef (Lagoon) (14-116d)",4,0.01,0.0389969277381897
"15949","Lizard Island Reef (Lagoon) (14-116d)",4,0.0315789473684211,0.046606801685534
"15950","Lizard Island Reef (Lagoon) (14-116d)",4,0.0236842105263158,0.0349739576640882
"16242","Eyrie Reef (14-118)",4,0,0.0173094534873962
"16243","Eyrie Reef (14-118)",4,0,0.0173094534873962
"16244","Eyrie Reef (14-118)",4,0,0.028298544883728
"16245","Eyrie Reef (14-118)",4,0.0025,0.028298544883728
"16246","Eyrie Reef (14-118)",4,0,0.0289417440241033
"16247","Eyrie Reef (14-118)",4,0.00779220779220779,0.0289417440241033
"16248","Eyrie Reef (14-118)",4,0.0207792207792208,0.0338468650718788
"16249","Eyrie Reef (14-118)",4,0.012987012987013,0.0338468650718788
"16256","Eyrie Reef (14-118)",4,0.0252873563218391,0.0301580034453293
"16257","Eyrie Reef (14-118)",4,0.0358208955223881,0.0301579831251458
"16769","Eyrie Reef (14-118)",4,0.00298507462686567,0.0302105547776863
"16770","Eyrie Reef (14-118)",4,0.0149253731343284,0.0302105547776863
"17087","Eyrie Reef (14-118)",4,0.0103896103896104,0.0300011622441279
"17088","Eyrie Reef (14-118)",4,0.012987012987013,0.0300011622441279
"17089","Eyrie Reef (14-118)",4,0,0.029962834444913
"17090","Eyrie Reef (14-118)",4,0.0181818181818182,0.029962834444913
"17091","Eyrie Reef (14-118)",4,0.0025974025974026,0.0373218561147714
"17092","Eyrie Reef (14-118)",4,0.0103896103896104,0.0373218561147714
"18536","Faith Reef (19-044)",4,0.026530612244898,0.0398825314580178
"19448","Green Island Reef (16-049)",4,0.0025,0.0335553693771362
"19449","Green Island Reef (16-049)",4,0.005,0.0335553693771362
"19450","Green Island Reef (16-049)",4,0,0.0335553693771362
"19451","Green Island Reef (16-049)",4,0,0.0335553693771362
"19619","Batt Reef (16-029)",4,0,0.0359974956512451
"19620","Batt Reef (16-029)",4,0.0566666666666667,0.0366328779856364
"19621","Batt Reef (16-029)",4,0.0133333333333333,0.0366328779856364
"19622","Batt Reef (16-029)",4,0.0888888888888889,0.0366328451368544
"19623","Batt Reef (16-029)",4,0.1,0.0366328451368544
"19873","Batt Reef (16-029)",4,0.0171428571428571,0.025694443838937
"19874","Batt Reef (16-029)",4,0.00571428571428571,0.025694443838937
"19875","Batt Reef (16-029)",4,0.015,0.0256944608688355
"19876","Batt Reef (16-029)",4,0.01,0.0256944608688355
"19905","Green Island Reef (16-049)",4,0.00857142857142857,0.0356318719046457
"19906","Green Island Reef (16-049)",4,0.00857142857142857,0.0356318719046457
"19907","Green Island Reef (16-049)",4,0.0142857142857143,0.0362374360220773
"19908","Green Island Reef (16-049)",4,0.0142857142857143,0.0362374360220773
"19947","Batt Reef (16-029)",4,0.06,0.0318268775939941
"19948","Batt Reef (16-029)",4,0.0266666666666667,0.0318268775939941
"19949","Batt Reef (16-029)",4,0.00740740740740741,0.0318268634654857
"19950","Batt Reef (16-029)",4,0,0.0318268634654857
"19951","Batt Reef (16-029)",4,0.045,0.0318429493904114
"19952","Batt Reef (16-029)",4,0.065,0.0318429493904114
"19953","Batt Reef (16-029)",4,0.0166666666666667,0.0318428993225098
"19954","Batt Reef (16-029)",4,0.0166666666666667,0.0318428993225098
"20189","Elford Reef (16-073)",4,0,0.0108419402440389
"20190","Elford Reef (16-073)",4,0,0.0108419402440389
"20191","Elford Reef (16-073)",4,0,0.0108419402440389
"20488","Elford Reef (16-073)",4,0,0.0124219858646393
"20489","Elford Reef (16-073)",4,0,0.0124219858646393
"20496","Eyrie Reef (14-118)",4,0.0533333333333333,0.0237798420588176
"20497","Eyrie Reef (14-118)",4,0.0333333333333333,0.0237798420588176
"20498","Eyrie Reef (14-118)",4,0.140740740740741,0.0237798302261918
"20499","Eyrie Reef (14-118)",4,0.140740740740741,0.0237798302261918
"20504","Eyrie Reef (14-118)",4,0.02,0.0353689161936442
"20505","Eyrie Reef (14-118)",4,0.00666666666666667,0.0353689161936442
"20506","Eyrie Reef (14-118)",4,0.0222222222222222,0.0353688946476689
"20507","Eyrie Reef (14-118)",4,0.037037037037037,0.0353688946476689
"20508","Eyrie Reef (14-118)",4,0.0518518518518519,0.0353688946476689
"20509","Eyrie Reef (14-118)",4,0.0296296296296296,0.0353688946476689
"20510","Lizard Island Reef (Lagoon) (14-116d)",4,0.0233333333333333,0.0413185024261475
"20512","Lizard Island Reef (Lagoon) (14-116d)",4,0.0633333333333333,0.0539607111612956
"20751","Lizard Island Reef (Lagoon) (14-116d)",4,0.00888888888888889,0.0596418889363607
"20752","Lizard Island Reef (Lagoon) (14-116d)",4,0.00888888888888889,0.0596418889363607
"20757","Eyrie Reef (14-118)",4,0.025,0.0487392942110697
"20758","Eyrie Reef (14-118)",4,0.0333333333333333,0.0487392942110697
"20759","Eyrie Reef (14-118)",4,0.0354166666666667,0.0576123595237732
"20760","Eyrie Reef (14-118)",4,0.0125,0.0576123595237732
"20761","Eyrie Reef (14-118)",4,0.0208333333333333,0.0386758248011271
"20762","Eyrie Reef (14-118)",4,0.0145833333333333,0.0386758248011271
"20763","Eyrie Reef (14-118)",4,0.0208333333333333,0.0403522253036499
"20764","Eyrie Reef (14-118)",4,0.0125,0.0403522253036499
"20766","Eyrie Reef (14-118)",4,0.00208333333333333,0.0393278121948242
"20767","Eyrie Reef (14-118)",4,0.00833333333333333,0.0393278121948242
"21318","Faith Reef (19-044)",4,0.0166666666666667,0.0718517223993937
"21319","Faith Reef (19-044)",4,0.0333333333333333,0.0718517223993937
"21320","Faith Reef (19-044)",4,0.0166666666666667,0.0718517223993937
"21321","Faith Reef (19-044)",4,0,0.0718516611283825
"21322","Faith Reef (19-044)",4,0.0645161290322581,0.0718516611283825
"21323","Faith Reef (19-044)",4,0.032258064516129,0.0718516611283825
"21324","Faith Reef (19-044)",4,0,0.0718517223993937
"21325","Faith Reef (19-044)",4,0.0333333333333333,0.0718517223993937
"21326","Faith Reef (19-044)",4,0.0666666666666667,0.0718517223993937
"21327","Faith Reef (19-044)",4,0.0333333333333333,0.0718516906102498
"21328","Faith Reef (19-044)",4,0.0333333333333333,0.0718516906102498
"21329","Faith Reef (19-044)",4,0,0.0718516906102498
"21578","Eyrie Reef (14-118)",4,0.0421052631578947,0.0416787072231895
"21579","Eyrie Reef (14-118)",4,0.110526315789474,0.0416787072231895
"21596","Lizard Island Reef (North East) (14-116b)",4,0.02,0.0310489130020142
"21597","Lizard Island Reef (North East) (14-116b)",4,0.0075,0.0310489130020142
"21713","Lizard Island Reef (Lagoon) (14-116d)",4,0.024,0.0502236480712891
"21714","Lizard Island Reef (Lagoon) (14-116d)",4,0.016,0.0102547187805176
"21715","Lizard Island Reef (Lagoon) (14-116d)",4,0.00789473684210526,0.0102547331860191
"21716","Lizard Island Reef (Lagoon) (14-116d)",4,0.0552631578947368,0.0102547331860191
"21717","Lizard Island Reef (Lagoon) (14-116d)",4,0.0184210526315789,0.0116126637709768
"21718","Lizard Island Reef (Lagoon) (14-116d)",4,0.0184210526315789,0.0116126637709768
"21734","Lizard Island Reef (Lagoon) (14-116d)",4,0.0142857142857143,0.0104037128176008
"21735","Lizard Island Reef (Lagoon) (14-116d)",4,0.0428571428571429,0.00956769670758929
"21736","Lizard Island Reef (Lagoon) (14-116d)",4,0.0296296296296296,0.00956771638658311
"21737","Lizard Island Reef (Lagoon) (14-116d)",4,0.103703703703704,0.00956771638658311
"21738","Lizard Island Reef (Lagoon) (14-116d)",4,0,0.0104037437174055
"21739","Lizard Island Reef (Lagoon) (14-116d)",4,0.0166666666666667,0.0104037437174055
"21740","Lizard Island Reef (Lagoon) (14-116d)",4,0.0105263157894737,0.0116126637709768
"21741","Lizard Island Reef (Lagoon) (14-116d)",4,0.00526315789473684,0.0116126637709768
"21742","Lizard Island Reef (Lagoon) (14-116d)",4,0.0368421052631579,0.00969813497442948
"21743","Lizard Island Reef (Lagoon) (14-116d)",4,0.0263157894736842,0.00969813497442948
"21826","Eyrie Reef (14-118)",4,0.00298507462686567,0.0451046730155376
"21827","Eyrie Reef (14-118)",4,0.0208955223880597,0.0451046730155376
"21828","Eyrie Reef (14-118)",4,0,0.036695656847598
"21829","Eyrie Reef (14-118)",4,0,0.036695656847598
"21830","Lizard Island Reef (Lagoon) (14-116d)",4,0.0142857142857143,0.0102331468037197
"21831","Lizard Island Reef (Lagoon) (14-116d)",4,0.0142857142857143,0.0102331468037197
"21832","Lizard Island Reef (Lagoon) (14-116d)",4,0.00857142857142857,0.0107927519934518
"21833","Lizard Island Reef (Lagoon) (14-116d)",4,0.0285714285714286,0.0107927519934518
"21836","Eyrie Reef (14-118)",4,0.0149253731343284,0.0403951958044251
"21837","Eyrie Reef (14-118)",4,0.0208955223880597,0.0403951958044251
"21842","Eyrie Reef (14-118)",4,0,0.0340826715741839
"21843","Eyrie Reef (14-118)",4,0,0.0340826715741839
"21850","Eyrie Reef (14-118)",4,0.0776119402985075,0.0318821494259051
"21851","Eyrie Reef (14-118)",4,0.0865671641791045,0.0318821494259051
"21930","Lizard Island Reef (Lagoon) (14-116d)",4,0.0242424242424242,0.0107927546356664
"21931","Lizard Island Reef (Lagoon) (14-116d)",4,0.00606060606060606,0.0107927546356664
"21932","Lizard Island Reef (Lagoon) (14-116d)",4,0.0121212121212121,0.011366191777316
"21933","Lizard Island Reef (Lagoon) (14-116d)",4,0.0212121212121212,0.011366191777316
"22174","Eyrie Reef (14-118)",4,0.0132075471698113,0.0358182979079912
"22175","Eyrie Reef (14-118)",4,0.0264150943396226,0.0358182979079912
"22240","Lizard Island Reef (Lagoon) (14-116d)",4,0.004,0.0120464715957642
"22241","Lizard Island Reef (Lagoon) (14-116d)",4,0.0133333333333333,0.0120464791191949
"22242","Lizard Island Reef (Lagoon) (14-116d)",4,0,0.0120464791191949
"22245","Eyrie Reef (14-118)",4,0.008,0.0503700790405274
"22350","Lizard Island Reef (Lagoon) (14-116d)",4,0.056,0.0120464715957642
"22402","Eyrie Reef (14-118)",4,0,0.0401263111516049
"22403","Eyrie Reef (14-118)",4,0.0105263157894737,0.0404562121943424
"22404","Lizard Island Reef (Lagoon) (14-116d)",4,0,0.0128845170140266
"22405","Lizard Island Reef (Lagoon) (14-116d)",4,0.0125,0.0130714380741119
"22406","Lizard Island Reef (Lagoon) (14-116d)",4,0.0075,0.0130714380741119
"22407","Lizard Island Reef (Lagoon) (14-116d)",4,0.025,0.0123420226573944
"22408","Lizard Island Reef (Lagoon) (14-116d)",4,0.0225,0.0123420226573944
"22409","Eyrie Reef (14-118)",4,0.00222222222222222,0.0363503138224284
"22410","Eyrie Reef (14-118)",4,0.00222222222222222,0.0363503138224284
"22411","Eyrie Reef (14-118)",4,0,0.038242195977105
"22412","Eyrie Reef (14-118)",4,0,0.038242195977105
"22413","Eyrie Reef (14-118)",4,0,0.0467736477322049
"22414","Eyrie Reef (14-118)",4,0,0.0467736477322049
"22415","Eyrie Reef (14-118)",4,0,0.0564665815565321
"22416","Eyrie Reef (14-118)",4,0,0.0564665815565321
"24531","Lizard Island Reef (Lagoon) (14-116d)",4,0.025,0.0465678071975708
"24532","Lizard Island Reef (Lagoon) (14-116d)",4,0.0275,0.0465678071975708
"24533","Lizard Island Reef (Lagoon) (14-116d)",4,0.105263157894737,0.0717766159459164
"24534","Lizard Island Reef (Lagoon) (14-116d)",4,0.068421052631579,0.0717766159459164
"24535","Lizard Island Reef (Lagoon) (14-116d)",4,0.0105263157894737,0.0627507360357987
"24536","Lizard Island Reef (Lagoon) (14-116d)",4,0.0763157894736842,0.0627507360357987
"24866","Lizard Island Reef (Lagoon) (14-116d)",4,0.0466666666666667,0.0632900365193685
"24867","Lizard Island Reef (Lagoon) (14-116d)",4,0.0166666666666667,0.0632900365193685
"24868","Lizard Island Reef (Lagoon) (14-116d)",4,0,0.0524531618754069
"24869","Lizard Island Reef (Lagoon) (14-116d)",4,0.0466666666666667,0.0524531618754069
"24870","Lizard Island Reef (Lagoon) (14-116d)",4,0.0366666666666667,0.0448971652984619
"24871","Lizard Island Reef (Lagoon) (14-116d)",4,0.0266666666666667,0.0448971652984619
"24872","Lizard Island Reef (Lagoon) (14-116d)",4,0.00666666666666667,0.0484063847859701
"24873","Lizard Island Reef (Lagoon) (14-116d)",4,0.01,0.0484063847859701
"25732","Lizard Island Reef (Lagoon) (14-116d)",4,0.0578947368421053,0.0546516067103336
"25733","Lizard Island Reef (Lagoon) (14-116d)",4,0.0131578947368421,0.0546516067103336
"25734","Lizard Island Reef (Lagoon) (14-116d)",4,0.0575,0.0450071048736572
"25735","Lizard Island Reef (Lagoon) (14-116d)",4,0.02,0.0450071048736572
"25736","Lizard Island Reef (Lagoon) (14-116d)",4,0.0236842105263158,0.050848022260164
"25737","Lizard Island Reef (Lagoon) (14-116d)",4,0.0473684210526316,0.050848022260164
"26944","Batt Reef (16-029)",4,0.0257142857142857,0.0755592673165458
"26945","Batt Reef (16-029)",4,0.0142857142857143,0.0755592673165458
"26946","Batt Reef (16-029)",4,0.0457142857142857,0.085521959577288
"26947","Batt Reef (16-029)",4,0.0457142857142857,0.085521959577288
"27089","Batt Reef (16-029)",4,0.04,0.0550631284713745
"27090","Batt Reef (16-029)",4,0.0525,0.0550631284713745
"27244","Batt Reef (16-029)",4,0.0244444444444444,0.0437948905097114
"27245","Batt Reef (16-029)",4,0.0355555555555556,0.0437948905097114
"27246","Batt Reef (16-029)",4,0.0177777777777778,0.0450675794813368
"27247","Batt Reef (16-029)",4,0.0844444444444444,0.0450675794813368
"27654","Batt Reef (16-029)",4,0.12,0.0582574674818251
"27655","Batt Reef (16-029)",4,0.0955555555555556,0.0582574674818251
"27656","Batt Reef (16-029)",4,0.0755555555555556,0.0429706743028429
"27657","Batt Reef (16-029)",4,0.02,0.0442193688286675
"27658","Batt Reef (16-029)",4,0.0517241379310345,0.0442193928610515
"27659","Batt Reef (16-029)",4,0.0511111111111111,0.0585328250461154
"27684","Batt Reef (16-029)",4,0.0511627906976744,0.0617179205251295
"27685","Batt Reef (16-029)",4,0.0395348837209302,0.0617179205251295
"27686","Batt Reef (16-029)",4,0.0418604651162791,0.0629268557526345
"27687","Batt Reef (16-029)",4,0.0302325581395349,0.0629268557526345
"27957","Batt Reef (16-029)",4,0.025,0.047565034031868
"27958","Batt Reef (16-029)",4,0.08125,0.047565034031868
"27959","Batt Reef (16-029)",4,0.125,0.0585136365890503
"27960","Batt Reef (16-029)",4,0.11,0.0585136365890503
"27961","Batt Reef (16-029)",4,0.0133333333333333,0.0478308010101318
"27962","Batt Reef (16-029)",4,0.173333333333333,0.0478308010101318
"28006","Batt Reef (16-029)",4,0.0733333333333333,0.0448481019337972
"28007","Batt Reef (16-029)",4,0.0666666666666667,0.0448481019337972
"28105","Batt Reef (16-029)",4,0.025,0.0660195827484131
"28106","Batt Reef (16-029)",4,0,0.0660195827484131
"28372","Lizard Island Reef (Lagoon) (14-116d)",4,0.0775,0.0310713195800781
"28373","Lizard Island Reef (Lagoon) (14-116d)",4,0.04,0.0410975408554077
"28374","Lizard Island Reef (Lagoon) (14-116d)",4,0.025,0.0410975408554077
"28375","Lizard Island Reef (Lagoon) (14-116d)",4,0.0298507462686567,0.089747431740832
"28376","Lizard Island Reef (Lagoon) (14-116d)",4,0.0417910447761194,0.089747431740832
"28377","Lizard Island Reef (Lagoon) (14-116d)",4,0.0507462686567164,0.071776671907795
"28378","Lizard Island Reef (Lagoon) (14-116d)",4,0.0805970149253731,0.071776671907795
"28383","Lizard Island Reef (Lagoon) (14-116d)",4,0.0184210526315789,0.0610760638588353
"28384","Lizard Island Reef (Lagoon) (14-116d)",4,0.0552631578947368,0.0610760638588353
"28385","Lizard Island Reef (Lagoon) (14-116d)",4,0.0184210526315789,0.0294187420292904
"28386","Lizard Island Reef (Lagoon) (14-116d)",4,0.0184210526315789,0.0273902265649093
"28452","Green Island Reef (16-049)",4,0.034,0.0082763319015503
"28453","Green Island Reef (16-049)",4,0.03,0.0082763319015503
"28454","Green Island Reef (16-049)",4,0.02,0.00844195938110352
"28455","Green Island Reef (16-049)",4,0.014,0.00844195938110352
"28456","Batt Reef (16-029)",4,0.016,0.0418082008361817
"28457","Batt Reef (16-029)",4,0.03,0.0418082008361817
"28458","Batt Reef (16-029)",4,0.11,0.0466658477783203
"28459","Batt Reef (16-029)",4,0.06,0.0466658020019531
"28742","Batt Reef (16-029)",4,0.0326086956521739,0.0467066142870032
"28743","Batt Reef (16-029)",4,0.0423280423280423,0.0408763052925231
"28744","Batt Reef (16-029)",4,0.0628019323671498,0.0414968711742457
"28750","Batt Reef (16-029)",4,0.0147058823529412,0.0416043057161219
"28756","Batt Reef (16-029)",4,0.00546448087431694,0.0467066321868062
"28757","Batt Reef (16-029)",4,0.0666666666666667,0.0408763249715169
"28758","Batt Reef (16-029)",4,0.0673076923076923,0.0493020415306091
"28759","Batt Reef (16-029)",4,0.0666666666666667,0.0414969364802043
"28760","Batt Reef (16-029)",4,0.0133333333333333,0.0404051526387533
"28767","Batt Reef (16-029)",4,0,0.0467066398033729
"28770","Batt Reef (16-029)",4,0,0.040876366297404
"28771","Batt Reef (16-029)",4,0,0.0493020369456365
"28772","Batt Reef (16-029)",4,0,0.0414969325065613
"29263","Lizard Island Reef (North East) (14-116b)",4,0.0133333333333333,0.0295407825046115
"29264","Lizard Island Reef (North East) (14-116b)",4,0.00888888888888889,0.0295408376057943
"29635","Lizard Island Reef (Lagoon) (14-116d)",4,0.00666666666666667,0.027386163075765
"29636","Lizard Island Reef (Lagoon) (14-116d)",4,0.00666666666666667,0.027386163075765
"29637","Lizard Island Reef (Lagoon) (14-116d)",4,0.0288888888888889,0.0309216796027289
"29638","Lizard Island Reef (Lagoon) (14-116d)",4,0.0333333333333333,0.0309216796027289
"29844","Eyrie Reef (14-118)",4,0.0842105263157895,0.0425187361867804
"29845","Eyrie Reef (14-118)",4,0.0789473684210526,0.0425187361867804
"29846","Eyrie Reef (14-118)",4,0.184615384615385,0.0430831579061655
"29847","Eyrie Reef (14-118)",4,0.0615384615384615,0.0430831579061655
"29881","Lizard Island Reef (Lagoon) (14-116d)",4,0.0482758620689655,0.0508886753827676
"29882","Lizard Island Reef (Lagoon) (14-116d)",4,0.105747126436782,0.0508886753827676
"29883","Lizard Island Reef (Lagoon) (14-116d)",4,0.0413793103448276,0.0641476554432134
"29884","Lizard Island Reef (Lagoon) (14-116d)",4,0.0436781609195402,0.0641476554432134
"3749","Lizard Island Reef (Lagoon) (14-116d)",4,0,0.00992088913917542
"3755","Lizard Island Reef (Lagoon) (14-116d)",4,0.003125,0.0106119148433208
"3756","Lizard Island Reef (North East) (14-116b)",4,0,0.0100855425000191
"3757","Lizard Island Reef (North East) (14-116b)",4,0.003125,0.0100855425000191
"3758","Lizard Island Reef (Lagoon) (14-116d)",4,0.003125,0.0106119148433208
"3762","Lizard Island Reef (Lagoon) (14-116d)",4,0.009375,0.0110342584550381
"3763","Lizard Island Reef (Lagoon) (14-116d)",4,0.00625,0.00899716764688492
"3764","Lizard Island Reef (Lagoon) (14-116d)",4,0,0.00992088913917542
"7820","Lizard Island Reef (Lagoon) (14-116d)",4,0.00378787878787879,0.00859816417549596
"7821","Lizard Island Reef (Lagoon) (14-116d)",4,0,0.00859815478324891
"7822","Lizard Island Reef (Lagoon) (14-116d)",4,0,0.00961754530554942
"7823","Lizard Island Reef (Lagoon) (14-116d)",4,0.00357142857142857,0.00961755684443883
"7827","Lizard Island Reef (North East) (14-116b)",4,0.00387596899224806,0.0112819024758746
"7830","Lizard Island Reef (Lagoon) (14-116d)",4,0.00775193798449612,0.00867920051249423
"10434","Tongue Reef (16-026)",5,0.0178571428571429,0.0282755817685809
"10435","Tongue Reef (16-026)",5,0,0.0282755817685809
"10436","Tongue Reef (16-026)",5,0.0142857142857143,0.0107397564819881
"10437","Tongue Reef (16-026)",5,0.00714285714285714,0.0107397564819881
"10442","Tongue Reef (16-026)",5,0.104166666666667,0.0420226097106934
"10443","Tongue Reef (16-026)",5,0.122727272727273,0.0420226313851096
"10444","Tongue Reef (16-026)",5,0.1,0.0678173780441284
"10445","Tongue Reef (16-026)",5,0.0590909090909091,0.0678173845464533
"10596","Tongue Reef (16-026)",5,0.0375,0.0423326015472412
"10597","Tongue Reef (16-026)",5,0.0318181818181818,0.0423326232216575
"11172","Tongue Reef (16-026)",5,0.0857142857142857,0.0604456492832729
"11173","Tongue Reef (16-026)",5,0.0821428571428571,0.0604456492832729
"11191","Moore Reef (16-071)",5,0.025,0.0411104559898377
"11192","Moore Reef (16-071)",5,0.0291666666666667,0.0411104559898377
"11193","Moore Reef (16-071)",5,0.0291666666666667,0.0499430497487386
"11194","Moore Reef (16-071)",5,0.0125,0.0499430497487386
"13847","Moore Reef (16-071)",5,0,0.0320361614227295
"13848","Moore Reef (16-071)",5,0,0.0483392397562663
"26335","U/N Reef (21-069)",5,0,0.0150142942483609
"26336","U/N Reef (21-069)",5,0,0.0196014816562335
"26337","U/N Reef (21-069)",5,0,0.0140350858370463
"26342","U/N Reef (21-069)",5,0,0.019601467408632
"26481","U/N Reef (21-460)",5,0,0.0204365860260962
"26482","U/N Reef (21-460)",5,0,0.0196090279793253
"26483","U/N Reef (21-460)",5,0,0.0190108710321887
"26484","U/N Reef (21-460)",5,0,0.0204488771455782
"26485","U/N Reef (21-460)",5,0.00175438596491228,0.0187788427921764
"26486","U/N Reef (21-460)",5,0,0.0198523967824084
"26487","U/N Reef (21-460)",5,0,0.0176404941649664
"26488","U/N Reef (21-466)",5,0,0.0173368838948941
"26489","U/N Reef (21-466)",5,0,0.018235186735789
"26667","U/N Reef (21-466)",5,0,0.0138784015387819
"26668","U/N Reef (21-466)",5,0,0.0138783988306078
"26669","U/N Reef (21-466)",5,0,0.0245154641239519
"26670","U/N Reef (21-466)",5,0.00170357751277683,0.0245154606625818
"26671","U/N Reef (21-466)",5,0,0.0167180637980616
"26672","U/N Reef (21-466)",5,0.00366300366300366,0.0167180487524459
"26673","U/N Reef (21-466)",5,0,0.0142277570871206
"26674","U/N Reef (21-466)",5,0.00588235294117647,0.0339762968175552
"26675","U/N Reef (21-466)",5,0,0.0105578609244533
"26676","U/N Reef (21-466)",5,0,0.0186594913915261
"26677","U/N Reef (21-466)",5,0,0.018201340194297
"26678","U/N Reef (21-466)",5,0,0.0370199983770197
"26679","U/N Reef (21-466)",5,0,0.0270811302717342
"27479","Judith Wright Reef (18-101)",5,0.108333333333333,0.0430564880371094
"27480","Judith Wright Reef (18-101)",5,0.0590909090909091,0.0430565270510587
"27481","Judith Wright Reef (18-101)",5,0.06,0.0490701627731323
"27482","Judith Wright Reef (18-101)",5,0.105555555555556,0.0430565065807766
"27483","Judith Wright Reef (18-101)",5,0.162280701754386,0.0430565047682377
"27484","Judith Wright Reef (18-101)",5,0.025,0.0490701627731323
"27600","U/N Reef (21-057)",5,0.00892857142857143,0.0193823476632436
"27601","U/N Reef (21-057)",5,0.0185185185185185,0.0201525758813929
"27602","U/N Reef (21-057)",5,0.0245614035087719,0.018799520793714
"27603","U/N Reef (21-057)",5,0.0168539325842697,0.0215088562126017
"27780","Judith Wright Reef (18-101)",5,0.158333333333333,0.0408031384150187
"27781","Judith Wright Reef (18-101)",5,0.0666666666666667,0.0408031384150187
"27782","Judith Wright Reef (18-101)",5,0.138888888888889,0.0408033198780484
"27783","Judith Wright Reef (18-101)",5,0.00609756097560976,0.046502130787547
"27784","Judith Wright Reef (18-101)",5,0,0.0434591033241965
"27785","Judith Wright Reef (18-101)",5,0.0909090909090909,0.0408031810413707
"27786","Judith Wright Reef (18-101)",5,0.05,0.0408031810413707
"27787","Judith Wright Reef (18-101)",5,0.0892857142857143,0.0408032536506653
"27788","Judith Wright Reef (18-101)",5,0.0304878048780488,0.046502130787547
"27789","Judith Wright Reef (18-101)",5,0,0.0434591033241965
"28329","Judith Wright Reef (18-101)",5,0.120833333333333,0.0299273868401845
"28330","Judith Wright Reef (18-101)",5,0.00454545454545455,0.0299274617975408
"28331","Judith Wright Reef (18-101)",5,0.05,0.0491020298004151
"28332","Judith Wright Reef (18-101)",5,0.0166666666666667,0.0361459056536357
"28333","Judith Wright Reef (18-101)",5,0.0784313725490196,0.0299274376015258
"28334","Judith Wright Reef (18-101)",5,0.0208333333333333,0.0299273868401845
"28335","Judith Wright Reef (18-101)",5,0.0217391304347826,0.049102026483287
"28336","Judith Wright Reef (18-101)",5,0.00555555555555556,0.0361459202236599
"28897","Judith Wright Reef (18-101)",5,0.0708333333333333,0.027354621887207
"28898","Judith Wright Reef (18-101)",5,0,0.0273546387509602
"28901","Judith Wright Reef (18-101)",5,0.075,0.027354621887207
"28902","Judith Wright Reef (18-101)",5,0.0517241379310345,0.0273546453179984
"28953","Judith Wright Reef (18-101)",5,0.0708333333333333,0.0262957533200582
"28956","Judith Wright Reef (18-101)",5,0.0283018867924528,0.0262957811355591
"7161","Moore Reef (16-071)",5,0.0321285140562249,0.0344572948164729
"7162","Moore Reef (16-071)",5,0.0321428571428571,0.0344572952815465
"7163","Moore Reef (16-071)",5,0.0313725490196078,0.034092955495797
"7164","Moore Reef (16-071)",5,0.0321428571428571,0.0340929508209229
"7165","Moore Reef (16-071)",5,0.0237154150197628,0.0193660136739256
"7166","Moore Reef (16-071)",5,0.00714285714285714,0.0193660003798349
"7167","Moore Reef (16-071)",5,0.0337078651685393,0.0198958893393756
"7168","Moore Reef (16-071)",5,0.0214285714285714,0.019895897592817
"8731","Moore Reef (16-071)",5,0.00357142857142857,0.0216054371425084
"8732","Moore Reef (16-071)",5,0,0.0216054371425084
"8733","Moore Reef (16-071)",5,0.0571428571428571,0.0165853823934283
"8734","Moore Reef (16-071)",5,0.0214285714285714,0.0165853823934283
"8735","Moore Reef (16-071)",5,0.0107142857142857,0.018477840082986
"8736","Moore Reef (16-071)",5,0,0.018477840082986
"8739","Moore Reef (16-071)",5,0,0.0211208190236773
"8740","Moore Reef (16-071)",5,0,0.0211208190236773
"8870","Moore Reef (16-071)",5,0,0.0312595397233963
"8871","Moore Reef (16-071)",5,0.015625,0.0312595397233963
"8874","Moore Reef (16-071)",5,0.025,0.0320304781198502
"8875","Moore Reef (16-071)",5,0.03125,0.0320304781198502
"8876","Moore Reef (16-071)",5,0.0625,0.0424443453550339
"8877","Moore Reef (16-071)",5,0.05625,0.0424443453550339
"8878","Moore Reef (16-071)",5,0.01875,0.0318839758634567
"8879","Moore Reef (16-071)",5,0.034375,0.0318839758634567
"8880","Moore Reef (16-071)",5,0.0285714285714286,0.0351923976625715
"8881","Moore Reef (16-071)",5,0.0285714285714286,0.0351923976625715
"8989","Moore Reef (16-071)",5,0.0357142857142857,0.018404597895486
"8990","Moore Reef (16-071)",5,0.0107142857142857,0.018404597895486
"8991","Moore Reef (16-071)",5,0,0.0178952366113663
"8992","Moore Reef (16-071)",5,0.00714285714285714,0.0178952285221645
"8993","Moore Reef (16-071)",5,0,0.0272027611732483
