"cull_id","Reef","fold","observed_cpue","bottom_time","predicted_cpue","expected_lower","expected_upper","prediction_lower","prediction_upper","prob_002","prob_004","prob_008"
3194,"Davies Reef (18-096)",2,0,240,0.038949359228306,0.0246208382867348,0.0880908189448736,0,0.270833333333333,0.432093788290735,0.253468985000817,0.123370985673496
3195,"Davies Reef (18-096)",2,0.0125,240,0.038949359228306,0.0246208382867348,0.0880908189448736,0,0.237708333333332,0.427514231557953,0.245601409601231,0.113987806083786
3198,"Davies Reef (18-096)",2,0.0708333333333333,240,0.03594043754265,0.0229672212908504,0.0815655494306434,0,0.216874999999999,0.412453026947429,0.234637727759046,0.109390303534799
3199,"Davies Reef (18-096)",2,0.0791666666666667,240,0.0379318593221267,0.0238466155835255,0.0857686455554079,0,0.245937499999999,0.427117371782001,0.247577783162199,0.117997427741634
3202,"Davies Reef (18-096)",2,0.0291666666666667,240,0.0333031622929056,0.0207571335956359,0.0756324268875654,0,0.216770833333333,0.403234860250435,0.229564065577386,0.108241870935274
3203,"Davies Reef (18-096)",2,0.0125,240,0.0333031622929056,0.0207571335956359,0.0756324268875654,0,0.225,0.405272744116161,0.231236863176908,0.108292449799532
3204,"Davies Reef (18-096)",2,0.00416666666666667,240,0.0438476835258695,0.0273503518861359,0.100386237852015,0,0.325,0.457778990607812,0.276665127732811,0.138527079537321
3205,"Davies Reef (18-096)",2,0.025,240,0.0452220192429316,0.0277709048180671,0.103768404646336,0,0.254270833333333,0.474448258820746,0.291089648506316,0.146438418684174
3206,"Davies Reef (18-096)",2,0.170833333333333,240,0.0403626248291121,0.0256726477767537,0.0911824066445706,0,0.245833333333333,0.435971238059258,0.256964506541204,0.12555239472437
3207,"Davies Reef (18-096)",2,0.191666666666667,240,0.0403626248291121,0.0256726477767537,0.0911824066445706,0,0.262604166666666,0.439903633302625,0.259753919811624,0.125572201407438
3208,"Davies Reef (18-096)",2,0.15,240,0.0403626248291121,0.0256726477767537,0.0911824066445706,0,0.241666666666667,0.436674637143548,0.255577366202277,0.123299501632115
3209,"Davies Reef (18-096)",2,0.220833333333333,240,0.0403626248291121,0.0256726477767537,0.0911824066445706,0,0.258541666666666,0.440932912170581,0.262475674279932,0.1283652407244
3210,"Davies Reef (18-096)",2,0.025,240,0.0452220192429316,0.0277709048180671,0.103768404646336,0,0.337708333333332,0.472553659244916,0.292853134434266,0.151516538905162
3211,"Davies Reef (18-096)",2,0.0125,240,0.0438476835258695,0.0273503518861359,0.100386237852015,0,0.325104166666666,0.457613120877311,0.274292495272243,0.13697237284569
3212,"Davies Reef (18-096)",2,0.0125,240,0.0333031622929056,0.0207571335956359,0.0756324268875654,0,0.212604166666666,0.3957849255413,0.220962412732073,0.0996013673383859
3213,"Davies Reef (18-096)",2,0.0375,240,0.0333031622929056,0.0207571335956359,0.0756324268875654,0,0.216666666666667,0.389571416000063,0.220386631557397,0.101808382946097
3216,"Davies Reef (18-096)",2,0.0833333333333333,240,0.0379318593221267,0.0238466155835255,0.0857686455554079,0,0.25,0.425699309696546,0.246517214436379,0.116972147168003
3217,"Davies Reef (18-096)",2,0.0916666666666667,240,0.03594043754265,0.0229672212908504,0.0815655494306434,0,0.254270833333333,0.424708764012615,0.248018794990183,0.119450681845596
3220,"Davies Reef (18-096)",2,0.00416666666666667,240,0.038949359228306,0.0246208382867348,0.0880908189448736,0,0.241666666666667,0.43846486879831,0.256838611598722,0.122788728195227
3362,"Davies Reef (18-096)",2,0.1,400,0.0327723234280409,0.0203390047591614,0.074740194388194,0,0.227624999999999,0.399128852241917,0.23035501057857,0.110129005908464
3363,"Davies Reef (18-096)",2,0.0975,400,0.0327723234280409,0.0203390047591614,0.074740194388194,0,0.245187499999999,0.398778324218293,0.228703700963786,0.11018921482811
3364,"Davies Reef (18-096)",2,0.0525,400,0.0388502836819321,0.0243608114424861,0.0887897007483912,0,0.2225,0.440193095161462,0.262351371042907,0.128270748900244
3369,"Davies Reef (18-096)",2,0.00357142857142857,280,0.0397057285608736,0.0247646654983659,0.0910105685117392,0,0.246607142857142,0.431920779884644,0.254648616119578,0.129578491575688
3372,"Davies Reef (18-096)",2,0.055,400,0.0355759863340581,0.0226016894668774,0.0808058379550859,0,0.24,0.413921747682339,0.241781493747844,0.116795579787279
3373,"Davies Reef (18-096)",2,0.0678391959798995,398,0.0355759863340581,0.0226016894668774,0.0808058379550859,0,0.248806532663316,0.425651189947137,0.24923121062112,0.120931482893734
3374,"Davies Reef (18-096)",2,0.0321428571428571,280,0.0375407169301262,0.0236373447358618,0.0850299062713006,0,0.275089285714285,0.407888949203243,0.234827842607833,0.1186003857055
3375,"Davies Reef (18-096)",2,0.0714285714285714,280,0.0375407169301262,0.0236373447358618,0.0850299062713006,0,0.271517857142857,0.42171753256255,0.246704817133492,0.125593184998671
3376,"Davies Reef (18-096)",2,0.139285714285714,280,0.0398337842243519,0.0253464398819817,0.0904463611367231,0,0.314375,0.440510705039579,0.261977533280926,0.135704698652246
3377,"Davies Reef (18-096)",2,0.142857142857143,280,0.0398337842243519,0.0253464398819817,0.0904463611367231,0,0.285714285714286,0.432085605064661,0.256188604132602,0.131718563159113
3378,"Davies Reef (18-096)",2,0.0714285714285714,280,0.0398337842243519,0.0253464398819817,0.0904463611367231,0,0.221607142857142,0.421986370398672,0.243713710305204,0.121385086264341
3379,"Davies Reef (18-096)",2,0.167857142857143,280,0.0398337842243519,0.0253464398819817,0.0904463611367231,0,0.303571428571429,0.428758735740055,0.25092992122467,0.127728984041188
3380,"Davies Reef (18-096)",2,0.0428571428571429,280,0.0375407169301262,0.0236373447358618,0.0850299062713006,0,0.214285714285714,0.407638467516191,0.234896554050669,0.118617526057712
3381,"Davies Reef (18-096)",2,0.025,280,0.0375407169301262,0.0236373447358618,0.0850299062713006,0,0.210803571428571,0.408312580856495,0.232074546665754,0.111929097358903
3382,"Davies Reef (18-096)",2,0.0944444444444444,360,0.0355759863340581,0.0226016894668774,0.0808058379550859,0,0.186180555555555,0.390460851993761,0.2344312056729,0.11423825583336
3383,"Davies Reef (18-096)",2,0.085,400,0.0355759863340581,0.0226016894668774,0.0808058379550859,0,0.2375625,0.411014559929237,0.239274865269711,0.116234922860229
3386,"Davies Reef (18-096)",2,0.0107142857142857,280,0.0397057285608736,0.0247646654983659,0.0910105685117392,0,0.228749999999999,0.426223877381503,0.248416710659938,0.125102998145863
3391,"Davies Reef (18-096)",2,0.0444444444444444,360,0.0388502836819321,0.0243608114424861,0.0887897007483913,0,0.236180555555555,0.40465084462579,0.243536986660229,0.118941677427579
3392,"Davies Reef (18-096)",2,0.1075,400,0.0327723234280409,0.0203390047591614,0.074740194388194,0,0.2175,0.39467946266085,0.224078762398684,0.105327813577933
3393,"Davies Reef (18-096)",2,0.08,400,0.0327723234280409,0.0203390047591614,0.074740194388194,0,0.220124999999999,0.406742891158108,0.234328565484115,0.110490990621719
3470,"Davies Reef (18-096)",2,0.0527777777777778,360,0.0350288806197945,0.0222024722877604,0.0796715922227709,0,0.213888888888889,0.374754576221721,0.222265186031683,0.108055062538655
3471,"Davies Reef (18-096)",2,0.00833333333333333,360,0.0369004789716878,0.0232684446056149,0.0835950018647938,0,0.208472222222221,0.397898589322105,0.240141460456344,0.117526587046432
3472,"Davies Reef (18-096)",2,0.138888888888889,360,0.0391903815013503,0.024930168815357,0.0889623031149673,0,0.247291666666666,0.40253876875442,0.247843426388078,0.127681906543065
3473,"Davies Reef (18-096)",2,0.0305555555555556,360,0.0324674933647076,0.0202291421649945,0.0738739713117846,0,0.188888888888889,0.359593932136596,0.208389114108967,0.0984807917268259
3478,"Davies Reef (18-096)",2,0.00833333333333333,360,0.038544635053446,0.0241507632133556,0.0881147895474601,0,0.241805555555555,0.398697659186589,0.240838977293385,0.121700494664836
3489,"Davies Reef (18-096)",2,0.0138888888888889,360,0.038544635053446,0.0241507632133556,0.0881147895474601,0,0.261249999999999,0.406473386143994,0.248412341872824,0.125970454967114
3494,"Davies Reef (18-096)",2,0.0555555555555556,360,0.0324674933647076,0.0202291421649945,0.0738739713117846,0,0.222222222222222,0.363214070017748,0.210457130316207,0.0985500812158176
3495,"Davies Reef (18-096)",2,0.113888888888889,360,0.0391903815013503,0.024930168815357,0.0889623031149673,0,0.236180555555555,0.418792874442572,0.259568223827226,0.131989399406439
3496,"Davies Reef (18-096)",2,0.0194444444444444,360,0.0369004789716878,0.0232684446056149,0.0835950018647938,0,0.233402777777777,0.391402585433371,0.234952083332201,0.114809519038875
3497,"Davies Reef (18-096)",2,0.0388888888888889,360,0.0350288806197945,0.0222024722877604,0.0796715922227709,0,0.230694444444444,0.380254182607922,0.226320654612438,0.111117790786646
3716,"Davies Reef (18-096)",2,0.05625,320,0.0320637474358129,0.0199208049122278,0.0728664213027882,0,0.200078125,0.370599129174446,0.219486259058243,0.101179621064635
3725,"Davies Reef (18-096)",2,0.015625,320,0.0406229811531826,0.0252587894078718,0.0922712116959507,0,0.265625,0.425856089180109,0.267324388447624,0.131495679208517
3726,"Davies Reef (18-096)",2,0.04375,320,0.0406229811531826,0.0252587894078718,0.0922712116959507,0,0.275156249999999,0.42428482683349,0.267698964423832,0.134527417438626
3727,"Davies Reef (18-096)",2,0.059375,320,0.0348345562533803,0.0219668566196173,0.0789497790832901,0,0.24375,0.381817059421835,0.229446035585514,0.109003705791248
3728,"Davies Reef (18-096)",2,0.06875,320,0.0348345562533803,0.0219668566196173,0.0789497790832901,0,0.228125,0.383030838328243,0.229854398884243,0.107001035959428
3729,"Davies Reef (18-096)",2,0.109375,320,0.0389699794264616,0.0247463292123144,0.088318271223877,0,0.221953125,0.410095468919847,0.253172420084241,0.122449954377021
3730,"Davies Reef (18-096)",2,0.134375,320,0.0389699794264616,0.0247463292123144,0.088318271223877,0,0.278203125,0.427452149127216,0.269650235159049,0.134935760363298
3731,"Davies Reef (18-096)",2,0.03125,320,0.0389699794264616,0.0247463292123144,0.088318271223877,0,0.281328125,0.410075408861789,0.25336150016967,0.122487231710829
3732,"Davies Reef (18-096)",2,0.059375,320,0.0389699794264616,0.0247463292123144,0.088318271223877,0,0.231328125,0.413830506147013,0.256191784727633,0.124240846872605
3733,"Davies Reef (18-096)",2,0.065625,320,0.0348345562533803,0.0219668566196173,0.0789497790832901,0,0.203203125,0.388795506221932,0.232814350737073,0.107648641244259
3734,"Davies Reef (18-096)",2,0.08125,320,0.0348345562533803,0.0219668566196173,0.0789497790832901,0,0.225078125,0.389627778852725,0.234278310565863,0.10932763739775
3735,"Davies Reef (18-096)",2,0.040625,320,0.0406229811531826,0.0252587894078718,0.0922712116959507,0,0.234453125,0.418210738857338,0.258802762256715,0.12535615343949
3736,"Davies Reef (18-096)",2,0.0125,320,0.0406229811531826,0.0252587894078718,0.0922712116959507,0,0.25625,0.431375900384669,0.268868670493379,0.130398531086635
3745,"Davies Reef (18-096)",2,0.084375,320,0.0320637474358129,0.0199208049122278,0.0728664213027882,0,0.171875,0.360745890760342,0.211949424954635,0.095791656128996
3749,"Lizard Island Reef (Lagoon) (14-116d)",4,0,200,0.0234058415659723,0.0119099398470185,0.0812038827038693,0,0.165124999999999,0.282511656171473,0.149220238392731,0.067127089930931
3750,"Lizard Island Reef (North West) (14-116a)",3,0.0125,320,0.0300921142956984,0.0170040604066832,0.0863811108568107,0,0.234531249999999,0.283499280607266,0.168953861562786,0.0836819904808325
3751,"Lizard Island Reef (North West) (14-116a)",3,0.01875,320,0.0301075151650262,0.0169802487982151,0.0863605617869388,0,0.212578125,0.299517040179316,0.179995540233407,0.0887623094565534
3752,"Lizard Island Reef (North West) (14-116a)",3,0,320,0.0319090644038279,0.0179447590744037,0.0916588634262547,0,0.240781249999999,0.306077680582093,0.186344300224017,0.0941209803139307
3753,"Lizard Island Reef (North West) (14-116a)",3,0.00625,320,0.0260739039224594,0.0144764249032988,0.0736139043184314,0,0.184453125,0.273134184220304,0.161644333270651,0.0789412315953019
3754,"Lizard Island Reef (North West) (14-116a)",3,0,320,0.0252336913272624,0.0139712470059233,0.0711015828836224,0,0.206328125,0.267584129730587,0.15720864660476,0.0765371914008467
3755,"Lizard Island Reef (Lagoon) (14-116d)",4,0.003125,320,0.0251916774780333,0.0130528257521039,0.0865374465998832,0,0.190703125,0.258630526146994,0.150222226608699,0.0728820308032544
3756,"Lizard Island Reef (North East) (14-116b)",4,0,320,0.0289631823746654,0.0151671465165135,0.0988448255639779,0,0.222031249999999,0.287703626209766,0.16984002480596,0.083365665956056
3757,"Lizard Island Reef (North East) (14-116b)",4,0.003125,320,0.0289631823746654,0.0151671465165135,0.0988448255639779,0,0.215703125,0.295726792619755,0.178098112429036,0.089140286585135
3758,"Lizard Island Reef (Lagoon) (14-116d)",4,0.003125,320,0.0251916774780333,0.0130528257521039,0.0865374465998832,0,0.165625,0.27066468862356,0.157276551728607,0.0745887671117284
3759,"Lizard Island Reef (North West) (14-116a)",3,0.00625,320,0.0252336913272624,0.0139712470059233,0.0711015828836224,0,0.178125,0.267811358423252,0.156874788160519,0.0754210924176362
3760,"Lizard Island Reef (North West) (14-116a)",3,0.015625,320,0.0301075151650262,0.0169802487982151,0.0863605617869388,0,0.218906249999999,0.282536997838549,0.17035028414655,0.0875447643413446
3761,"Lizard Island Reef (North West) (14-116a)",3,0.015625,320,0.0300921142956984,0.0170040604066832,0.0863811108568107,0,0.221875,0.303740768250769,0.184891891706201,0.0940549021661802
3762,"Lizard Island Reef (Lagoon) (14-116d)",4,0.009375,320,0.0318940169925175,0.0165929338811935,0.108837284622286,0,0.275,0.321011364358997,0.196977509813157,0.0982912305850431
3763,"Lizard Island Reef (Lagoon) (14-116d)",4,0.00625,320,0.0251382435753978,0.0129219644722711,0.0870322524882269,0,0.175078125,0.25813561331137,0.146895143853571,0.0680014000089005
3764,"Lizard Island Reef (Lagoon) (14-116d)",4,0,200,0.0234058415659723,0.0119099398470185,0.0812038827038693,0,0.200124999999999,0.282823668547235,0.149131327642805,0.068235024909718
3766,"Lizard Island Reef (North West) (14-116a)",3,0,320,0.0297316737888739,0.0167591559542394,0.0848197201462895,0,0.25,0.291472820893888,0.176976967541446,0.0894126359814832
3807,"Davies Reef (18-096)",2,0.0392857142857143,280,0.0385677767842355,0.0243825302258831,0.0873120960949273,0,0.25,0.422723028679921,0.244555374981499,0.122379959166295
3808,"Davies Reef (18-096)",2,0.0464285714285714,280,0.0385677767842355,0.0243825302258831,0.0873120960949273,0,0.25,0.425013171879141,0.24512445162317,0.119818799204838
3809,"Davies Reef (18-096)",2,0.05,280,0.0319034635994932,0.0198275244972821,0.0724331178088642,0,0.242946428571428,0.378683558878493,0.212324383891864,0.103239279936899
3810,"Davies Reef (18-096)",2,0.0392857142857143,280,0.0319034635994932,0.0198275244972821,0.0724331178088642,0,0.192857142857143,0.379053952362107,0.208321576381815,0.0981099739793064
3811,"Davies Reef (18-096)",2,0.0428571428571429,280,0.0344861209449147,0.021810832125811,0.07829433144342,0,0.235892857142856,0.402836035856258,0.229037908849572,0.113115049207338
3812,"Davies Reef (18-096)",2,0.0357142857142857,280,0.0344861209449147,0.021810832125811,0.07829433144342,0,0.200089285714285,0.394207247797563,0.220845846454638,0.105744010409709
3813,"Davies Reef (18-096)",2,0.0428571428571429,280,0.0344861209449147,0.021810832125811,0.07829433144342,0,0.20017857142857,0.392486146980322,0.217216670102904,0.102451099653378
3814,"Davies Reef (18-096)",2,0.0428571428571429,280,0.0344861209449147,0.021810832125811,0.07829433144342,0,0.232232142857142,0.395460198779766,0.222472968638208,0.107637725503835
3815,"Davies Reef (18-096)",2,0.0357142857142857,280,0.0319034635994932,0.0198275244972821,0.0724331178088642,0,0.210714285714286,0.369910273157338,0.205435483245717,0.0994561713136674
3816,"Davies Reef (18-096)",2,0.0535714285714286,280,0.0319034635994932,0.0198275244972821,0.0724331178088642,0,0.193124999999999,0.372398548950332,0.205064963727726,0.0976090208781682
3817,"Davies Reef (18-096)",2,0.0535714285714286,280,0.0385677767842355,0.0243825302258831,0.0873120960949273,0,0.25017857142857,0.423328771166061,0.244479435511215,0.121939871934005
3818,"Davies Reef (18-096)",2,0.0535714285714286,280,0.0385677767842355,0.0243825302258831,0.0873120960949273,0,0.250089285714285,0.423106873410938,0.249100499489678,0.126275808044666
3967,"Lizard Island Reef (North West) (14-116a)",3,0.00625,320,0.027627961984287,0.015473282406284,0.0784756187103169,0,0.181484374999999,0.271581677299075,0.15927133259121,0.0771858537313958
4170,"Davies Reef (18-096)",2,0.090625,320,0.0315463933729449,0.0195873020755671,0.0713858467877323,0,0.234765624999998,0.36002647047397,0.212414128440916,0.0994693603072982
4171,"Davies Reef (18-096)",2,0.178125,320,0.0315463933729449,0.0195873020755671,0.0713858467877323,0,0.20625,0.353866126327425,0.20585843861657,0.0935962093268771
4182,"Davies Reef (18-096)",2,0.0458333333333333,240,0.038302310617046,0.0240524649714786,0.0867084592749129,0,0.250104166666666,0.436516058995812,0.257752472703183,0.126607870708075
4183,"Davies Reef (18-096)",2,0.0833333333333333,240,0.038302310617046,0.0240524649714786,0.0867084592749129,0,0.275208333333332,0.429363307699782,0.252506261204187,0.12337005926603
4184,"Davies Reef (18-096)",2,0.034375,320,0.0342142205066697,0.0216603116980447,0.0777112306347724,0,0.246953125,0.386160864664682,0.232865720656555,0.111691672712645
4185,"Davies Reef (18-096)",2,0.015625,320,0.0342142205066697,0.0216603116980447,0.0777112306347724,0,0.225078125,0.383844512641781,0.230172651870511,0.107413828931551
4186,"Davies Reef (18-096)",2,0.01875,320,0.0342142205066697,0.0216603116980447,0.0777112306347724,0,0.221875,0.383882244105507,0.231232679141778,0.10811870529106
4187,"Davies Reef (18-096)",2,0.059375,320,0.0342142205066697,0.0216603116980447,0.0777112306347724,0,0.203125,0.388854569165172,0.230628376111599,0.105148156197161
4188,"Davies Reef (18-096)",2,0.075,240,0.038302310617046,0.0240524649714786,0.0867084592749129,0,0.212604166666666,0.434686401019443,0.252433829362258,0.119435620019155
4189,"Davies Reef (18-096)",2,0.0375,240,0.038302310617046,0.0240524649714786,0.0867084592749129,0,0.241770833333333,0.436128613586826,0.256160164453719,0.124173412798194
4200,"Davies Reef (18-096)",2,0.1625,320,0.0315463933729449,0.0195873020755671,0.0713858467877323,0,0.18125,0.362880599445662,0.211033905448638,0.093814800826458
4201,"Davies Reef (18-096)",2,0.1375,320,0.0315463933729449,0.0195873020755671,0.0713858467877323,0,0.181328125,0.374587655725363,0.222762545673337,0.102405431910525
4269,"Davies Reef (18-096)",2,0.103125,320,0.031305734470003,0.0194387083412406,0.0707552071351008,0,0.203203125,0.354357039891191,0.205326483213898,0.0928116606297801
4270,"Davies Reef (18-096)",2,0.128125,320,0.031305734470003,0.0194387083412406,0.0707552071351008,0,0.215859374999999,0.357732300590328,0.209700274435649,0.0949639460266954
4277,"Davies Reef (18-096)",2,0.01875,320,0.0424651795506211,0.02603845648212,0.0983788994109842,0,0.275078125,0.442276923580448,0.280415641644022,0.14036219094213
4278,"Davies Reef (18-096)",2,0.00625,320,0.04130482233864,0.0256443334568442,0.0947156009891943,0,0.243828125,0.434003592558903,0.272563256704397,0.133684108211869
4279,"Davies Reef (18-096)",2,0.01875,320,0.0396495773471796,0.0246465887100416,0.0903904811266702,0,0.250078125,0.409437737013137,0.255883455283197,0.126261717492152
4280,"Davies Reef (18-096)",2,0.04375,320,0.0385522641793896,0.0241516006925377,0.0876139672972812,0,0.284531249999999,0.41939076284276,0.261408534053485,0.12767966110058
4281,"Davies Reef (18-096)",2,0.059375,320,0.0380092103190414,0.0238179357608809,0.086118024449424,0,0.24375,0.405277668201819,0.25069747095499,0.122312246697271
4282,"Davies Reef (18-096)",2,0.046875,320,0.0380092103190414,0.0238179357608809,0.086118024449424,0,0.278203125,0.408563708763998,0.251627719251483,0.122722069520141
4283,"Davies Reef (18-096)",2,0.053125,320,0.0380092103190414,0.0238179357608809,0.086118024449424,0,0.225078125,0.414212080101183,0.255291354547439,0.123341043569151
4284,"Davies Reef (18-096)",2,0.075,320,0.0380092103190414,0.0238179357608809,0.086118024449424,0,0.246875,0.426621364678928,0.268571631383849,0.132650631927039
4285,"Davies Reef (18-096)",2,0.040625,320,0.0385522641793896,0.0241516006925377,0.0876139672972812,0,0.228125,0.411820227826325,0.254030127738599,0.123276037884866
4286,"Davies Reef (18-096)",2,0.01875,320,0.0396495773471796,0.0246465887100416,0.0903904811266702,0,0.262578125,0.413026608214849,0.252693347442895,0.119197538207012
4287,"Davies Reef (18-096)",2,0.03125,320,0.04130482233864,0.0256443334568442,0.0947156009891943,0,0.234375,0.415165614447069,0.25525002640665,0.122329624227292
4288,"Davies Reef (18-096)",2,0.021875,320,0.0424651795506211,0.02603845648212,0.0983788994109842,0,0.275312499999998,0.427368816034632,0.268555662249743,0.13340252938473
4293,"Davies Reef (18-096)",2,0.1125,320,0.031305734470003,0.0194387083412406,0.0707552071351008,0,0.181328125,0.362915505097183,0.211849397273473,0.0936504039722425
4294,"Davies Reef (18-096)",2,0.13125,320,0.031305734470003,0.0194387083412406,0.0707552071351008,0,0.246875,0.360336990651417,0.21380291312993,0.100885820276588
4427,"Davies Reef (18-096)",2,0.11875,320,0.0311153753018931,0.0192761308642678,0.0703011476629965,0,0.209375,0.362758179544022,0.212869460600766,0.0970966427594721
4428,"Davies Reef (18-096)",2,0.11875,320,0.0311153753018931,0.0192761308642678,0.0703011476629965,0,0.209453125,0.361422313681222,0.213565014999722,0.0995023957531782
4429,"Davies Reef (18-096)",2,0.167857142857143,280,0.03370444002431,0.0211997682229205,0.0765731510442753,0,0.196517857142857,0.381481503268008,0.210370944689564,0.0992175956545432
4430,"Davies Reef (18-096)",2,0.182142857142857,280,0.03370444002431,0.0211997682229205,0.0765731510442753,0,0.232232142857142,0.394257859591674,0.222167295031036,0.108361115447741
4435,"Davies Reef (18-096)",2,0.009375,320,0.0377754765480639,0.02364233045347,0.0856162012197776,0,0.253281249999999,0.417592466942919,0.257195130094339,0.123827983644659
4436,"Davies Reef (18-096)",2,0.096875,320,0.0377754765480639,0.02364233045347,0.0856162012197776,0,0.225234374999999,0.399606293163472,0.244330108186811,0.117190035613653
4437,"Davies Reef (18-096)",2,0.01875,320,0.0377754765480639,0.02364233045347,0.0856162012197776,0,0.2375,0.407523074693958,0.249045735370139,0.119679421516486
4438,"Davies Reef (18-096)",2,0.065625,320,0.0377754765480639,0.02364233045347,0.0856162012197776,0,0.287656249999999,0.411374700540542,0.253892532648997,0.122858234762007
4443,"Davies Reef (18-096)",2,0.0785714285714286,280,0.03370444002431,0.0211997682229205,0.0765731510442753,0,0.253749999999999,0.394714065364147,0.221594505173936,0.107467668611636
4444,"Davies Reef (18-096)",2,0.128571428571429,280,0.03370444002431,0.0211997682229205,0.0765731510442753,0,0.239285714285714,0.393022829126545,0.221765983394805,0.108123502679283
4445,"Davies Reef (18-096)",2,0.140625,320,0.0311153753018931,0.0192761308642678,0.0703011476629965,0,0.200078125,0.358599082566923,0.20905981920636,0.0949199108470264
4446,"Davies Reef (18-096)",2,0.19375,320,0.0311153753018931,0.0192761308642678,0.0703011476629965,0,0.2,0.357680056179706,0.210837101671528,0.0976535253088666
6195,"Keeper Reef (18-079)",1,0.0238095238095238,168,0.0641963100449439,0.0338728933282168,0.185792463923964,0,0.488244047619047,0.440741668454172,0.303883971287957,0.168488629315235
6196,"Keeper Reef (18-079)",1,0,24,0.0586935697960246,0.0316722734470271,0.172636711464413,0,0.501041666666661,0.417325079162027,0.417325079162027,0.233130695865614
6197,"Keeper Reef (18-079)",1,0.145454545454545,220,0.0641963100449439,0.0338728933282168,0.185792463923964,0,0.527272727272727,0.467522597186768,0.325689006574017,0.188034140564161
6198,"Keeper Reef (18-079)",1,0.121428571428571,140,0.0641963100449438,0.0338728933282168,0.185792463923964,0,0.357142857142857,0.468277270362259,0.298099216724648,0.165588535255207
6199,"Keeper Reef (18-079)",1,0.1,60,0.0586935697960246,0.0316722734470271,0.172636711464413,0,0.417083333333331,0.389816722216756,0.289142072014552,0.185340371990604
6200,"Keeper Reef (18-079)",1,0.0511363636363636,176,0.0641963100449438,0.0338728933282168,0.185792463923964,0,0.437784090909089,0.463526016113116,0.30192705856238,0.182934202673433
6201,"Keeper Reef (18-079)",1,0,24,0.0641963100449439,0.0338728933282168,0.185792463923964,0,0.542708333333328,0.424222815993452,0.424222815993452,0.240556280115205
6202,"Keeper Reef (18-079)",1,0.365,200,0.0641963100449438,0.0338728933282168,0.185792463923964,0,0.416249999999993,0.490811138379013,0.324278138939395,0.186918210665853
6203,"Keeper Reef (18-079)",1,0.154929577464789,142,0.0641963100449439,0.0338728933282168,0.185792463923964,0,0.422535211267606,0.477285315418168,0.306687737339402,0.169397671696132
6204,"Keeper Reef (18-079)",1,0.0833333333333333,36,0.0586935697960246,0.0316722734470271,0.172636711464413,0,0.555555555555556,0.478445028132365,0.292242394305806,0.203309061853221
6205,"Keeper Reef (18-079)",1,0.161764705882353,204,0.0635817831850676,0.0335177549493151,0.183824099985872,0,0.451470588235291,0.441587179360113,0.304372592769003,0.183104033918004
6206,"Keeper Reef (18-079)",1,0.133333333333333,120,0.0581282298558886,0.0313077991207957,0.169820060643773,0,0.433749999999998,0.422601539462296,0.301313099531323,0.169521011138525
6207,"Keeper Reef (18-079)",1,0.1,80,0.0572541898484824,0.0308416949595378,0.167773274954085,0,0.450312499999998,0.456716105638424,0.282698147871163,0.171554934378378
6208,"Keeper Reef (18-079)",1,0.025,120,0.0581282298558886,0.0313077991207957,0.169820060643773,0,0.400208333333332,0.427366685492293,0.300838468641598,0.164253985289237
6209,"Keeper Reef (18-079)",1,0,80,0.0572541898484824,0.0308416949595378,0.167773274954085,0,0.400312499999998,0.448093273404461,0.275370816727495,0.166843763103186
6210,"Keeper Reef (18-079)",1,0.0192307692307692,208,0.0615507341523058,0.0322632757034331,0.177085814478042,0,0.418269230769231,0.429361038816018,0.294255118842967,0.176320835243391
6211,"Keeper Reef (18-079)",1,0,76,0.0572541898484824,0.0308416949595378,0.167773274954085,0,0.421052631578947,0.424932052215758,0.256093279274672,0.153093085822267
6212,"Keeper Reef (18-079)",1,0.00471698113207547,212,0.0615507341523058,0.0322632757034331,0.177085814478042,0,0.43455188679245,0.452979408893476,0.316245529117519,0.191197325495225
6213,"Keeper Reef (18-079)",1,0.065,200,0.0635817831850676,0.0335177549493151,0.183824099985872,0,0.47,0.489306099798448,0.323445964182427,0.185903517771967
6214,"Keeper Reef (18-079)",1,0.0357142857142857,112,0.0581282298558886,0.0313077991207957,0.169820060643772,0,0.455803571428569,0.422875602616695,0.299862967474406,0.185229868291973
6215,"Keeper Reef (18-079)",1,0.0138888888888889,72,0.0572541898484824,0.0308416949595378,0.167773274954085,0,0.388888888888889,0.428887608534973,0.323665627079035,0.17528602125973
6216,"Keeper Reef (18-079)",1,0.00806451612903226,124,0.0581282298558886,0.0313077991207957,0.169820060643773,0,0.419556451612902,0.439731988050963,0.314006268262288,0.17597644408465
6217,"Keeper Reef (18-079)",1,0.0106382978723404,188,0.0605354431869768,0.031865476778778,0.174469416380419,0,0.40438829787234,0.4606782864,0.296593770953153,0.168530197137811
6218,"Keeper Reef (18-079)",1,0.0174418604651163,172,0.0605354431869768,0.031865476778778,0.174469416380419,0,0.430377906976743,0.445332788716269,0.310619977213213,0.17391947922977
6219,"Keeper Reef (18-079)",1,0.0691489361702128,188,0.0605354431869768,0.031865476778778,0.174469416380419,0,0.462898936170212,0.461139021201973,0.298831622436596,0.17057817233515
6220,"Keeper Reef (18-079)",1,0.0178571428571429,168,0.0605354431869768,0.031865476778778,0.174469416380419,0,0.410863095238094,0.445351184600156,0.309149900487646,0.171011034202214
6221,"Keeper Reef (18-079)",1,0.16,200,0.0601573088017253,0.0316295560393039,0.174525738046115,0,0.415124999999999,0.48587763807738,0.319337209596607,0.180406508650476
6222,"Keeper Reef (18-079)",1,0.0803571428571429,112,0.0566513284506891,0.0304368675617923,0.165373354721294,0,0.482589285714283,0.412956843817588,0.290784425681561,0.177223372938635
6223,"Keeper Reef (18-079)",1,0.0326086956521739,92,0.0557958136874019,0.0300343405059662,0.163389358987224,0,0.402445652173912,0.487612739935032,0.310892453121784,0.169730594767802
6224,"Keeper Reef (18-079)",1,0.0288461538461538,208,0.0557958136874019,0.0300343405059662,0.163389358987224,0,0.442668269230767,0.410679112342988,0.274430802980149,0.159760609189972
6225,"Keeper Reef (18-079)",1,0.141509433962264,212,0.0601573088017253,0.0316295560393039,0.174525738046115,0,0.495283018867925,0.44333410531368,0.308138961523703,0.185691710110997
6226,"Keeper Reef (18-079)",1,0.09,100,0.0566513284506892,0.0304368675617924,0.165373354721294,0,0.41,0.503834002884686,0.328771482752786,0.185804163775201
6227,"Keeper Reef (18-079)",1,0.0625,112,0.0557958136874019,0.0300343405059662,0.163389358987224,0,0.464285714285714,0.411537802773493,0.291232506566792,0.179248705668447
6228,"Keeper Reef (18-079)",1,0.0566037735849057,212,0.0557958136874019,0.0300343405059662,0.163389358987224,0,0.438679245283019,0.41043735590664,0.278976117853047,0.166173490756826
6345,"Keeper Reef (18-079)",1,0.025,200,0.0591443515304851,0.0312076223204998,0.173614521186389,0,0.440249999999999,0.480341178523517,0.314112767448234,0.17962773681103
6346,"Keeper Reef (18-079)",1,0.116279069767442,172,0.0487597053163119,0.0253764281761998,0.144041734767535,0,0.302325581395349,0.398470556212312,0.269254683767539,0.146445920083141
6347,"Keeper Reef (18-079)",1,0.153846153846154,208,0.0487597053163119,0.0253764281761998,0.144041734767535,0,0.370312499999999,0.379225694371816,0.250988597632993,0.144217657283655
6348,"Keeper Reef (18-079)",1,0.03,200,0.0591443515304851,0.0312076223204998,0.173614521186389,0,0.39,0.47334592516149,0.30796611824215,0.173444103236997
6349,"Keeper Reef (18-079)",1,0.0714285714285714,168,0.0487597053163119,0.0253764281761998,0.144041734767535,0,0.380952380952381,0.393561879799686,0.265558188780798,0.144662486446052
6350,"Keeper Reef (18-079)",1,0.1,200,0.0487597053163119,0.0253764281761998,0.144041734767535,0,0.355124999999999,0.440763812154011,0.276256247233392,0.152310639246224
6351,"Keeper Reef (18-079)",1,0.245,200,0.0590423562629215,0.0311521123699488,0.173075553154971,0,0.455,0.477701353749038,0.311353056073975,0.175655776166256
6352,"Keeper Reef (18-079)",1,0.085,200,0.0507625831159344,0.0266395025916129,0.149044437136452,0,0.365124999999999,0.431736732431319,0.270666697897339,0.148979037449647
6353,"Keeper Reef (18-079)",1,0.170454545454545,176,0.0507625831159344,0.0266395025916129,0.149044437136452,0,0.357954545454545,0.410340562569926,0.249419284192445,0.141322948207748
6354,"Keeper Reef (18-079)",1,0.0961538461538462,208,0.0590423562629215,0.0311521123699488,0.173075553154971,0,0.399038461538462,0.424403651584074,0.285822365739901,0.16567091248852
6355,"Keeper Reef (18-079)",1,0.108695652173913,184,0.0590423562629215,0.0311521123699488,0.173075553154971,0,0.418614130434782,0.460994881249026,0.295293207923392,0.175446576167472
6356,"Keeper Reef (18-079)",1,0.0585106382978723,188,0.0507625831159345,0.0266395025916129,0.149044437136452,0,0.351196808510638,0.419680119610115,0.256185121830236,0.136361260975804
6357,"Keeper Reef (18-079)",1,0.0769230769230769,208,0.0505514964684324,0.0265463708126278,0.148174453970829,0,0.360576923076923,0.37975399863934,0.252106185677775,0.146000435993912
6358,"Keeper Reef (18-079)",1,0.0597826086956522,184,0.0505514964684324,0.0265463708126278,0.148174453970829,0,0.33736413043478,0.420188487612821,0.261597136952673,0.150983045070118
6359,"Keeper Reef (18-079)",1,0.05,180,0.0484525750425648,0.0252303754881609,0.142971868281533,0,0.383472222222221,0.403279683389354,0.245254692144897,0.139184802600297
6360,"Keeper Reef (18-079)",1,0.138888888888889,180,0.0484525750425648,0.0252303754881609,0.142971868281533,0,0.322222222222222,0.399535942863499,0.243398376437696,0.13810745416877
6361,"Keeper Reef (18-079)",1,0.0235849056603774,212,0.0505514964684324,0.0265463708126278,0.148174453970829,0,0.448349056603772,0.408915550653345,0.276701601052667,0.163799228643539
6362,"Keeper Reef (18-079)",1,0.0511363636363636,176,0.0505514964684324,0.0265463708126278,0.148174453970829,0,0.432102272727271,0.407021702355742,0.248878536194695,0.14099439482164
6363,"Keeper Reef (18-079)",1,0.0364583333333333,192,0.0484525750425648,0.0252303754881609,0.142971868281533,0,0.364973958333331,0.421526589087064,0.262881229011262,0.144528786480079
6364,"Keeper Reef (18-079)",1,0.0406976744186047,172,0.0484525750425648,0.0252303754881609,0.142971868281533,0,0.337499999999998,0.39695324800631,0.267413307869337,0.142907406635963
6365,"Keeper Reef (18-079)",1,0.0343137254901961,204,0.0507625831159344,0.0266395025916129,0.149044437136452,0,0.289338235294117,0.379555147372849,0.247599288781996,0.14000982691353
6366,"Keeper Reef (18-079)",1,0.11046511627907,172,0.0590423562629215,0.0311521123699488,0.173075553154971,0,0.366569767441859,0.432041218644535,0.299116672506327,0.168225302923748
6472,"Keeper Reef (18-079)",1,0.0930232558139535,172,0.0577112550951819,0.0305987383542943,0.167694976812335,0,0.383720930232558,0.428798012655119,0.294382587080112,0.162977082420903
6473,"Keeper Reef (18-079)",1,0.22,150,0.0577112550951819,0.0305987383542943,0.167694976812335,0,0.406666666666667,0.473877754713598,0.305861103868278,0.172459310760332
6474,"Keeper Reef (18-079)",1,0.0294117647058824,136,0.0577112550951819,0.0305987383542943,0.167694976812335,0,0.5,0.451558133622012,0.283566021246298,0.168927749436785
6475,"Keeper Reef (18-079)",1,0,51,0.0525495548518378,0.0281830155793797,0.15527746746091,0,0.352941176470588,0.339221743022637,0.241273054728085,0.144729541214217
6476,"Keeper Reef (18-079)",1,0.103260869565217,184,0.0525495548518378,0.0281830155793797,0.15527746746091,0,0.369565217391304,0.436122921445019,0.272747196450683,0.15798853832959
6477,"Keeper Reef (18-079)",1,0.2,40,0.0525495548518378,0.0281830155793797,0.15527746746091,0,0.325,0.473380153785235,0.280220701316967,0.136748872250288
6478,"Keeper Reef (18-079)",1,0,132,0.0577112550951819,0.0305987383542943,0.167694976812335,0,0.446969696969697,0.450746522478998,0.281292673004321,0.165837264288375
6479,"Keeper Reef (18-079)",1,0.0294117647058824,68,0.0525495548518378,0.0281830155793797,0.15527746746091,0,0.352941176470588,0.400765125608484,0.297156621832856,0.156774481929968
6480,"Keeper Reef (18-079)",1,0.0531914893617021,188,0.0525495548518378,0.0281830155793797,0.15527746746091,0,0.42034574468085,0.44533576641892,0.28511141582332,0.160332257706836
6481,"Keeper Reef (18-079)",1,0.0833333333333333,48,0.0525495548518378,0.0281830155793797,0.15527746746091,0,0.4375,0.517202099520122,0.326756022073733,0.175097547448309
6482,"Keeper Reef (18-079)",1,0.0526315789473684,152,0.0577112550951819,0.0305987383542943,0.167694976812335,0,0.467105263157895,0.405580079704756,0.275430041149593,0.161023901892984
6483,"Keeper Reef (18-079)",1,0.12,200,0.0577112550951819,0.0305987383542943,0.167694976812335,0,0.390374999999998,0.469500181335622,0.303140103225843,0.170221638954803
6484,"Keeper Reef (18-079)",1,0.05,80,0.0576258368062724,0.0305656987617039,0.16742000990433,0,0.3375,0.449552141747302,0.277836106286269,0.169092642430679
6485,"Keeper Reef (18-079)",1,0.0434782608695652,92,0.0524676866867581,0.0281447122471696,0.155103842275342,0,0.33695652173913,0.452984472790316,0.277656840822556,0.144717101028064
6486,"Keeper Reef (18-079)",1,0.0106382978723404,188,0.0384145536612641,0.0205571041466733,0.112527552311263,0,0.297872340425532,0.369226171676452,0.217737973337006,0.112505735304275
6487,"Keeper Reef (18-079)",1,0,184,0.0396997752428625,0.0211972419090396,0.117741508786364,0,0.304483695652173,0.375556019751188,0.221082632497481,0.120240162754848
6488,"Keeper Reef (18-079)",1,0,32,0.0396997752428625,0.0211972419090396,0.117741508786364,0,0.3125,0.391520947851054,0.212613560196597,0.137189731902093
6489,"Keeper Reef (18-079)",1,0,140,0.0384145536612641,0.0205571041466733,0.112527552311263,0,0.278571428571429,0.380916800167051,0.224505279066827,0.114131065052398
6490,"Keeper Reef (18-079)",1,0.1,80,0.0576258368062724,0.0305656987617039,0.16742000990433,0,0.412812499999998,0.455159113426592,0.279587935518242,0.167941117692132
6491,"Keeper Reef (18-079)",1,0.0961538461538462,104,0.0524676866867581,0.0281447122471696,0.155103842275342,0,0.423317307692306,0.389489602693443,0.270231639741691,0.161121233721248
6492,"Keeper Reef (18-079)",1,0.0769230769230769,208,0.0384145536612641,0.0205571041466733,0.112527552311263,0,0.322235576923076,0.344280461238277,0.21886005880957,0.122019917045225
6493,"Keeper Reef (18-079)",1,0.0576923076923077,208,0.0396997752428625,0.0211972419090396,0.117741508786364,0,0.327043269230769,0.348395239010988,0.222157359899451,0.122403401687692
6494,"Keeper Reef (18-079)",1,0.0833333333333333,24,0.0396997752428625,0.0211972419090396,0.117741508786364,0,0.333333333333333,0.347457692677355,0.347457692677355,0.174598766214292
6495,"Keeper Reef (18-079)",1,0.174242424242424,132,0.0384145536612641,0.0205571041466733,0.112527552311263,0,0.333333333333333,0.370622223286126,0.217829369623903,0.122883110589508
6496,"Keeper Reef (18-079)",1,0.078125,192,0.0396435199287669,0.0211775666071085,0.11754449285473,0,0.348958333333333,0.384244863883018,0.231784081462469,0.124075880315175
6497,"Keeper Reef (18-079)",1,0,100,0.0396435199287669,0.0211775666071086,0.11754449285473,0,0.28,0.406815841068962,0.238246829748356,0.121964475125125
6498,"Keeper Reef (18-079)",1,0,100,0.0394695457858797,0.0210888279251132,0.116825704540644,0,0.28,0.406317472868435,0.23717853270231,0.118133320443314
6499,"Keeper Reef (18-079)",1,0.0625,192,0.0495388365735875,0.0259446506314607,0.144340653491057,0,0.390625,0.411644924653685,0.252044060976481,0.134193657753258
6500,"Keeper Reef (18-079)",1,0.0581395348837209,172,0.0495388365735874,0.0259446506314607,0.144340653491057,0,0.354796511627906,0.406661999242704,0.279248826486086,0.153891468754917
6501,"Keeper Reef (18-079)",1,0.08,200,0.0396435199287669,0.0211775666071085,0.11754449285473,0,0.28,0.391494765812893,0.234769534756922,0.121464992020295
6502,"Keeper Reef (18-079)",1,0.16,100,0.0396435199287669,0.0211775666071086,0.11754449285473,0,0.310249999999999,0.422580679951004,0.254261061818668,0.133058208983313
6503,"Keeper Reef (18-079)",1,0.117647058823529,85,0.0394695457858797,0.0210888279251132,0.116825704540644,0,0.282352941176471,0.383374499565079,0.216466050869226,0.121465610842597
6504,"Keeper Reef (18-079)",1,0.114130434782609,184,0.0495388365735875,0.0259446506314608,0.144340653491057,0,0.353396739130434,0.398998751989174,0.243597719198557,0.139811880479995
6505,"Keeper Reef (18-079)",1,0.0568181818181818,176,0.0495388365735874,0.0259446506314607,0.144340653491057,0,0.375284090909089,0.406164219082793,0.250088544453887,0.143477215911159
6597,"Keeper Reef (18-079)",1,0.0196078431372549,204,0.054723687060988,0.0289889519608227,0.158936962107199,0,0.377450980392157,0.407740329421485,0.273448637430565,0.158416622351298
6598,"Keeper Reef (18-079)",1,0.0392156862745098,204,0.054723687060988,0.0289889519608227,0.158936962107199,0,0.416789215686274,0.400519961009523,0.264301092947398,0.150835639186694
6599,"Keeper Reef (18-079)",1,0.0284090909090909,176,0.0487223658476359,0.0254886602446503,0.141473718419545,0,0.352272727272727,0.401182730968154,0.246215977670882,0.140986599442318
6600,"Keeper Reef (18-079)",1,0.0222222222222222,180,0.048722365847636,0.0254886602446504,0.141473718419545,0,0.338888888888889,0.404153815023861,0.249766076651175,0.14315843452858
6601,"Keeper Reef (18-079)",1,0.0954545454545455,220,0.0546837555817618,0.0289714012036236,0.158816380874736,0,0.441136363636362,0.422138706534012,0.286641562956904,0.161617435264825
6602,"Keeper Reef (18-079)",1,0.0432692307692308,208,0.048722365847636,0.0254886602446503,0.141473718419545,0,0.327043269230769,0.377955033347933,0.248353122195056,0.141333309627054
6603,"Keeper Reef (18-079)",1,0.0511363636363636,176,0.0487223658476359,0.0254886602446503,0.141473718419545,0,0.420454545454545,0.415028615615417,0.256273624675776,0.14607228559716
6604,"Keeper Reef (18-079)",1,0.053921568627451,204,0.0487223658476359,0.0254886602446503,0.141473718419545,0,0.348039215686274,0.383615476962541,0.256563845841041,0.149511913549822
6605,"Keeper Reef (18-079)",1,0.0954545454545455,220,0.0546837555817618,0.0289714012036236,0.158816380874736,0,0.422840909090908,0.422670387943951,0.286646782890842,0.159883352424456
6606,"Keeper Reef (18-079)",1,0.0588235294117647,204,0.0487223658476359,0.0254886602446503,0.141473718419545,0,0.367769607843137,0.380496571124222,0.249589568329673,0.142241783303432
6607,"Keeper Reef (18-079)",1,0.0330188679245283,212,0.056511156736384,0.0300717482170784,0.163195470788121,0,0.448466981132074,0.423320713425251,0.287519001720113,0.170455681045187
6608,"Keeper Reef (18-079)",1,0.0943396226415094,212,0.056511156736384,0.0300717482170784,0.163195470788121,0,0.415212264150943,0.415414149648628,0.280170483448833,0.166095775655442
6609,"Keeper Reef (18-079)",1,0.025,200,0.056511156736384,0.0300717482170784,0.163195470788121,0,0.380124999999999,0.464996431406408,0.302712903367505,0.172115885710462
6610,"Keeper Reef (18-079)",1,0.08,200,0.056511156736384,0.0300717482170784,0.163195470788121,0,0.37,0.456937947146929,0.29562601246466,0.167642656491119
6611,"Keeper Reef (18-079)",1,0.0613207547169811,212,0.056511156736384,0.0300717482170784,0.163195470788121,0,0.410613207547169,0.429220219188306,0.296215316975483,0.179170839869865
6612,"Keeper Reef (18-079)",1,0.05,200,0.056511156736384,0.0300717482170784,0.163195470788121,0,0.395,0.464656649498496,0.302675398486757,0.172539204090323
6736,"Keeper Reef (18-079)",1,0.00490196078431373,204,0.0635424268237666,0.0337509548192133,0.18326983936165,0,0.544240196078431,0.441529152799887,0.304513281032988,0.18215518505106
6737,"Keeper Reef (18-079)",1,0.0304878048780488,164,0.047911483756354,0.0252145516054414,0.139652832074716,0,0.372103658536585,0.387129419532052,0.260676467980263,0.141734570012386
6738,"Keeper Reef (18-079)",1,0.065,200,0.047911483756354,0.0252145516054413,0.139652832074716,0,0.385,0.428546508615163,0.270425692295883,0.150276435595178
6739,"Keeper Reef (18-079)",1,0.01,200,0.0635424268237666,0.0337509548192133,0.18326983936165,0,0.515374999999998,0.487166156868406,0.318461995995947,0.182215261202869
6740,"Keeper Reef (18-079)",1,0.08,200,0.047911483756354,0.0252145516054413,0.139652832074716,0,0.305249999999999,0.427805516088132,0.266744786611567,0.144264107791516
6741,"Keeper Reef (18-079)",1,0.07,200,0.047911483756354,0.0252145516054413,0.139652832074716,0,0.330124999999999,0.429794434379548,0.269077999416247,0.148508642139563
6742,"Keeper Reef (18-079)",1,0.0235849056603774,212,0.0383404616420975,0.0203975441718151,0.11342720450246,0,0.245400943396226,0.343181861533947,0.21460527106978,0.1142332953898
6743,"Keeper Reef (18-079)",1,0.04375,160,0.0383404616420975,0.0203975441718151,0.11342720450246,0,0.28125,0.34267749474581,0.221961416038179,0.122258542905106
6744,"Keeper Reef (18-079)",1,0.00490196078431373,204,0.0383404616420975,0.0203975441718151,0.11342720450246,0,0.314215686274507,0.321851203781038,0.203772388945645,0.114044536445878
6745,"Keeper Reef (18-079)",1,0.015,200,0.0383404616420975,0.0203975441718151,0.11342720450246,0,0.315,0.383512253288791,0.229998629990298,0.120382846843886
6746,"Keeper Reef (18-079)",1,0,192,0.0655400922934528,0.0346961101470612,0.191533504276092,0,0.411458333333333,0.483439049569055,0.317084019727289,0.181447753587119
6747,"Keeper Reef (18-079)",1,0,200,0.0655400922934528,0.0346961101470612,0.191533504276092,0,0.570499999999997,0.509398992211866,0.346685812209875,0.208585941879037
6748,"Keeper Reef (18-079)",1,0.00595238095238095,168,0.0655400922934528,0.0346961101470612,0.191533504276092,0,0.452380952380952,0.45889251286715,0.323862329030226,0.187014853756136
6749,"Keeper Reef (18-079)",1,0,200,0.0655400922934528,0.0346961101470612,0.191533504276092,0,0.540124999999999,0.498047088593048,0.330676138926627,0.192766428738036
6784,"Keeper Reef (18-079)",1,0.0277777777777778,144,0.0369212571495177,0.019734530833185,0.108853448931155,0,0.291666666666667,0.384617064495743,0.227261361330961,0.11696183078601
6785,"Keeper Reef (18-079)",1,0,130,0.0369212571495177,0.019734530833185,0.108853448931155,0,0.307692307692308,0.351982004040046,0.201454290642617,0.11088347536034
6786,"Keeper Reef (18-079)",1,0.309090909090909,220,0.0631271083661025,0.0335577952173875,0.18190730270188,0,0.45,0.449543988586623,0.311632320797206,0.179282329755173
6787,"Keeper Reef (18-079)",1,0.0444444444444444,180,0.0652195996330971,0.0345082770296214,0.190083565402993,0,0.422222222222222,0.464409067073441,0.299231545432204,0.179539183881275
6788,"Keeper Reef (18-079)",1,0.0697674418604651,172,0.0476168602549535,0.0250754413284795,0.139272990387765,0,0.377906976744186,0.405906503800754,0.276015029103844,0.150775316589421
6789,"Keeper Reef (18-079)",1,0.0245098039215686,204,0.0476168602549535,0.0250754413284795,0.139272990387765,0,0.313725490196078,0.365607697999677,0.236015893798823,0.131132090860782
6790,"Keeper Reef (18-079)",1,0.0860215053763441,186,0.0631271083661025,0.0335577952173875,0.18190730270188,0,0.532258064516129,0.464285445976851,0.300374235776224,0.179750041484575
6791,"Keeper Reef (18-079)",1,0,160,0.0652195996330971,0.0345082770296214,0.190083565402993,0,0.51875,0.442261624977386,0.310291177348892,0.190212875840185
6792,"Keeper Reef (18-079)",1,0.0388888888888889,180,0.0476168602549535,0.0250754413284795,0.139272990387765,0,0.439027777777777,0.401725316061528,0.246056127450613,0.141124221135187
6793,"Keeper Reef (18-079)",1,0.025,200,0.0476168602549535,0.0250754413284795,0.139272990387765,0,0.365499999999997,0.422943046149524,0.264077808972921,0.144243050409201
6794,"Keeper Reef (18-079)",1,0.0490196078431373,204,0.0379483614953183,0.0202367956701084,0.112295175004847,0,0.313725490196078,0.338397563825022,0.213783802048733,0.11512313216317
6795,"Keeper Reef (18-079)",1,0.0984848484848485,132,0.0379483614953183,0.0202367956701084,0.112295175004847,0,0.310795454545453,0.370962305929652,0.217081790866326,0.121128699978584
6796,"Keeper Reef (18-079)",1,0.075,80,0.0371475226708568,0.0198304706825636,0.109777518698617,0,0.25,0.349313376687431,0.192259749910749,0.106315741678957
6797,"Keeper Reef (18-079)",1,0.0441176470588235,204,0.0505588066616229,0.0270107630230106,0.148996869068044,0,0.333333333333333,0.381047059845086,0.249757409748859,0.142238808422966
6798,"Keeper Reef (18-079)",1,0.0613207547169811,212,0.0505588066616229,0.0270107630230106,0.148996869068044,0,0.321108490566036,0.400446308962289,0.266615329756559,0.153574611995176
6799,"Keeper Reef (18-079)",1,0.00471698113207547,212,0.0379483614953183,0.0202367956701084,0.112295175004847,0,0.325589622641509,0.332487360676242,0.208522354168394,0.112114889195524
6800,"Keeper Reef (18-079)",1,0.143939393939394,132,0.0379483614953183,0.0202367956701084,0.112295175004847,0,0.265151515151515,0.362953447979368,0.211699330868051,0.11796849537717
6801,"Keeper Reef (18-079)",1,0.05,80,0.0371475226708568,0.0198304706825636,0.109777518698617,0,0.2625,0.343438111217068,0.185614785611749,0.101391075017243
6802,"Keeper Reef (18-079)",1,0.07,200,0.0505588066616229,0.0270107630230106,0.148996869068044,0,0.340874999999995,0.445281455715153,0.282675075143634,0.157735506360247
6803,"Keeper Reef (18-079)",1,0.03,200,0.0505588066616229,0.0270107630230106,0.148996869068044,0,0.430124999999999,0.436882639704354,0.274269644328684,0.151698045670994
6804,"Keeper Reef (18-079)",1,0.0185185185185185,216,0.0534301777547619,0.0283645552794947,0.155928814416466,0,0.314930555555555,0.407858302820289,0.270010809055937,0.145056555863891
6805,"Keeper Reef (18-079)",1,0.0263157894736842,228,0.0534301777547619,0.0283645552794947,0.155928814416466,0,0.474013157894735,0.436300352100102,0.277355382736608,0.163804140707384
6806,"Keeper Reef (18-079)",1,0.254901960784314,204,0.0371276355393452,0.0198179879833306,0.109747517185784,0,0.264705882352941,0.323651941493144,0.203406984141995,0.1096292555003
6807,"Keeper Reef (18-079)",1,0.0803571428571429,224,0.0371276355393452,0.0198179879833306,0.109747517185784,0,0.263504464285714,0.341850005278157,0.216174493927101,0.110773319734926
6808,"Keeper Reef (18-079)",1,0.00526315789473684,190,0.0534301777547619,0.0283645552794946,0.155928814416466,0,0.447368421052632,0.431368657613985,0.268374092327541,0.145081318723339
6809,"Keeper Reef (18-079)",1,0.07,200,0.0534301777547619,0.0283645552794946,0.155928814416466,0,0.415124999999999,0.460398156890825,0.294510324758187,0.164993130934228
6810,"Keeper Reef (18-079)",1,0.0637254901960784,204,0.0371276355393452,0.0198179879833306,0.109747517185784,0,0.264705882352941,0.316429498931548,0.198846832984464,0.108839903304053
6811,"Keeper Reef (18-079)",1,0.065,200,0.0371276355393452,0.0198179879833306,0.109747517185784,0,0.285,0.375418848863679,0.220956284350678,0.113257084002564
6812,"Keeper Reef (18-079)",1,0.13,200,0.0371079955319007,0.0198067158820628,0.109717879135901,0,0.29,0.383498348113556,0.227696752276875,0.116153223090211
6813,"Keeper Reef (18-079)",1,0.0666666666666667,180,0.03789974171109,0.0202121537339425,0.112152928179908,0,0.316805555555555,0.363957771031422,0.213018698594209,0.114452537747009
6814,"Keeper Reef (18-079)",1,0.0772727272727273,220,0.0533992176037528,0.0283341034664173,0.15585530710367,0,0.431818181818182,0.418487496116213,0.285544523957549,0.162511841006238
6815,"Keeper Reef (18-079)",1,0.0471698113207547,212,0.0533992176037528,0.0283341034664173,0.15585530710367,0,0.349174528301886,0.397184727265576,0.262762800965336,0.150769573061625
6816,"Keeper Reef (18-079)",1,0.0943396226415094,212,0.0371079955319007,0.0198067158820628,0.109717879135901,0,0.297405660377357,0.346475039573819,0.220748839549428,0.120031594298926
6817,"Keeper Reef (18-079)",1,0.0277777777777778,180,0.03789974171109,0.0202121537339425,0.112152928179908,0,0.289027777777777,0.349526703069247,0.201390957249605,0.109009918285364
6928,"Keeper Reef (18-079)",1,0.0372340425531915,188,0.0472043210036306,0.0249727700742873,0.137931588003299,0,0.329920212765957,0.414538069426676,0.25535878142197,0.135613305117969
6929,"Keeper Reef (18-079)",1,0.0116279069767442,172,0.0472043210036306,0.0249727700742873,0.137931588003299,0,0.331686046511626,0.395306136279668,0.265089122962844,0.14264228081896
6930,"Keeper Reef (18-079)",1,0,220,0.0472043210036306,0.0249727700742873,0.137931588003299,0,0.386477272727272,0.392804206526124,0.264265352666225,0.146386302000396
6931,"Keeper Reef (18-079)",1,0.0444444444444444,180,0.0472043210036306,0.0249727700742873,0.137931588003299,0,0.311249999999999,0.400259541618802,0.239682065029667,0.133616097482296
6932,"Keeper Reef (18-079)",1,0.055,200,0.047184602090706,0.0249665864607743,0.137825321033073,0,0.355249999999999,0.430407358964613,0.272449565796898,0.149875619723938
6933,"Keeper Reef (18-079)",1,0.03,200,0.0548205842221417,0.0291664609101902,0.159482387464262,0,0.375,0.447507793596439,0.28583433098472,0.159016091784721
6934,"Keeper Reef (18-079)",1,0.025,200,0.0548205842221417,0.0291664609101902,0.159482387464262,0,0.475499999999997,0.455517757464364,0.293772453919209,0.165227142262666
6935,"Keeper Reef (18-079)",1,0.0590909090909091,220,0.0548205842221418,0.0291664609101902,0.159482387464262,0,0.436363636363636,0.420959452932498,0.283134567523423,0.157415767065662
6936,"Keeper Reef (18-079)",1,0.01,200,0.047184602090706,0.0249665864607743,0.137825321033073,0,0.355,0.423116796793521,0.262610136402333,0.142300196212601
6937,"Keeper Reef (18-079)",1,0.05,200,0.0548205842221417,0.0291664609101902,0.159482387464262,0,0.430499999999997,0.455716788626271,0.296654418309199,0.168470876552926
6938,"Keeper Reef (18-079)",1,0.0181818181818182,220,0.0548205842221418,0.0291664609101902,0.159482387464262,0,0.4,0.416599993608067,0.280235181358422,0.156370382897174
6939,"Keeper Reef (18-079)",1,0.035,200,0.0548205842221417,0.0291664609101902,0.159482387464262,0,0.425124999999999,0.452367670930421,0.287360095528318,0.158802446522413
6940,"Keeper Reef (18-079)",1,0.0357142857142857,168,0.0452054797061168,0.0237629106176074,0.13191681482347,0,0.297767857142856,0.385986152617792,0.258033801140826,0.139222221472159
6941,"Keeper Reef (18-079)",1,0.105769230769231,208,0.0452054797061168,0.0237629106176074,0.13191681482347,0,0.317307692307692,0.366451593908529,0.236308577152593,0.130259762062051
6942,"Keeper Reef (18-079)",1,0.0636363636363636,220,0.0452054797061169,0.0237629106176074,0.13191681482347,0,0.345454545454545,0.374924954066228,0.243233220754127,0.129756481532064
6943,"Keeper Reef (18-079)",1,0.116071428571429,224,0.0452054797061168,0.0237629106176074,0.13191681482347,0,0.312611607142857,0.385824786362712,0.254455865532326,0.137155055625991
6944,"Keeper Reef (18-079)",1,0.0625,160,0.0452054797061168,0.0237629106176074,0.13191681482347,0,0.331406249999999,0.36652045372233,0.242626382103155,0.138007146780051
6945,"Keeper Reef (18-079)",1,0.06,200,0.0452054797061168,0.0237629106176074,0.13191681482347,0,0.320124999999999,0.407252540568276,0.251065556262061,0.13518231445575
6946,"Keeper Reef (18-079)",1,0.0545454545454545,220,0.0452054797061169,0.0237629106176074,0.13191681482347,0,0.345568181818181,0.3787145295062,0.24767673295068,0.133053152828722
6947,"Keeper Reef (18-079)",1,0.235,200,0.0452054797061168,0.0237629106176074,0.13191681482347,0,0.295,0.414695538586792,0.258124163178714,0.140398695484647
6948,"Keeper Reef (18-079)",1,0,60,0.0471457857886272,0.0249544107974358,0.137616244500381,0,0.383333333333333,0.345536142320231,0.247027348581868,0.149041062452311
6949,"Keeper Reef (18-079)",1,0.0175438596491228,114,0.0529410618106711,0.0280823617140254,0.154406246475624,0,0.359649122807018,0.393061707328321,0.27171724657395,0.14522889412373
6950,"Keeper Reef (18-079)",1,0,176,0.0529410618106711,0.0280823617140254,0.154406246475624,0,0.40369318181818,0.42239109287097,0.262026516735851,0.150426496304784
6951,"Keeper Reef (18-079)",1,0.0240384615384615,208,0.0529410618106711,0.0280823617140254,0.154406246475624,0,0.35108173076923,0.413172916238201,0.281364402217064,0.16721737424151
6952,"Keeper Reef (18-079)",1,0.0785714285714286,140,0.0529410618106711,0.0280823617140254,0.154406246475624,0,0.4,0.444892531517843,0.27432130686959,0.144312589917345
6953,"Keeper Reef (18-079)",1,0.0166666666666667,60,0.0471457857886272,0.0249544107974358,0.137616244500381,0,0.350416666666664,0.357523957161869,0.257708352054295,0.158001514165803
6954,"Keeper Reef (18-079)",1,0.00694444444444444,144,0.0529410618106711,0.0280823617140254,0.154406246475624,0,0.37517361111111,0.447843547568339,0.284744810686847,0.1574607876049
6955,"Keeper Reef (18-079)",1,0.0121951219512195,164,0.0529410618106711,0.0280823617140254,0.154406246475624,0,0.305182926829267,0.400906416303146,0.27054962733597,0.14526536689489
6956,"Keeper Reef (18-079)",1,0.0231481481481481,216,0.0529410618106711,0.0280823617140254,0.154406246475624,0,0.352083333333332,0.404047562976013,0.268182114446531,0.145075556603713
6957,"Keeper Reef (18-079)",1,0.113636363636364,132,0.0529410618106711,0.0280823617140254,0.154406246475624,0,0.386363636363636,0.428383369864191,0.260122739558822,0.148629779630395
7089,"Keeper Reef (18-079)",1,0,160,0.0624705183381076,0.0331114942299009,0.179542417184444,0,0.456562499999998,0.432865357384595,0.300879521801324,0.181143191980548
7090,"Keeper Reef (18-079)",1,0,164,0.0624705183381076,0.0331114942299009,0.179542417184444,0,0.4577743902439,0.430816300698643,0.299094588737113,0.168059841759681
7091,"Keeper Reef (18-079)",1,0.0144230769230769,208,0.0498840939391924,0.0267288452548188,0.146845226948003,0,0.375,0.393565887537279,0.26114412675459,0.151083920432277
7092,"Keeper Reef (18-079)",1,0.0406976744186047,172,0.0498840939391924,0.0267288452548188,0.146845226948003,0,0.372238372093022,0.392942857872816,0.264815428787821,0.144713401369856
7093,"Keeper Reef (18-079)",1,0.08,200,0.0624479876812828,0.0330967982108944,0.17946508617441,0,0.550124999999999,0.485766252406319,0.323268960797861,0.188173606513603
7094,"Keeper Reef (18-079)",1,0.01875,160,0.0624479876812828,0.0330967982108944,0.17946508617441,0,0.556406249999999,0.442155381379741,0.307836168165718,0.186302964210382
7095,"Keeper Reef (18-079)",1,0.0283018867924528,212,0.0498840939391924,0.0267288452548188,0.146845226948003,0,0.382193396226414,0.403724442684448,0.270202934488748,0.155595491305633
7096,"Keeper Reef (18-079)",1,0.0166666666666667,180,0.0498840939391924,0.0267288452548188,0.146845226948003,0,0.355694444444444,0.418606792057288,0.257926481321102,0.148284034758538
7097,"Keeper Reef (18-079)",1,0.14,200,0.0624479876812828,0.0330967982108944,0.17946508617441,0,0.48,0.479117936947796,0.31916947178952,0.189048550344745
7098,"Keeper Reef (18-079)",1,0.005,200,0.0624479876812828,0.0330967982108944,0.17946508617441,0,0.500749999999996,0.487016135021583,0.320934176329448,0.186194145429607
7099,"Keeper Reef (18-079)",1,0.0327102803738318,214,0.0484499679886795,0.0256585781906831,0.141041925461403,0,0.322429906542056,0.382112626727985,0.253296112689506,0.136363594158622
7100,"Keeper Reef (18-079)",1,0.0542986425339367,221,0.0484499679886795,0.0256585781906831,0.141041925461403,0,0.348529411764705,0.389963874069311,0.259202329715034,0.141461257611462
7101,"Keeper Reef (18-079)",1,0.015,200,0.0484324431120398,0.0256454561899861,0.140945239664018,0,0.335,0.430048902013995,0.271348614202666,0.149638994181338
7102,"Keeper Reef (18-079)",1,0.155,200,0.0484324431120398,0.0256454561899861,0.140945239664018,0,0.360374999999998,0.436559986599298,0.274331428742886,0.152058224868685
7103,"Keeper Reef (18-079)",1,0.137755102040816,196,0.0484324431120398,0.0256454561899861,0.140945239664018,0,0.346938775510204,0.425482147899296,0.270136011279182,0.150427867097605
7104,"Keeper Reef (18-079)",1,0.150943396226415,212,0.0484324431120398,0.0256454561899861,0.140945239664018,0,0.368042452830188,0.389099597834351,0.257040166383174,0.146849707167546
7161,"Moore Reef (16-071)",5,0.0321285140562249,249,0.0425309691129308,0.026886417127836,0.0850109265154063,0,0.240963855421687,0.475486117041173,0.281636497128175,0.135373088498055
7162,"Moore Reef (16-071)",5,0.0321428571428571,280,0.0425309691129308,0.026886417127836,0.0850109265154063,0,0.239285714285714,0.461445495039377,0.271516003563768,0.136166123798398
7163,"Moore Reef (16-071)",5,0.0313725490196078,255,0.0407204365165048,0.0258667439200784,0.0812191671372511,0,0.247156862745098,0.438318567560632,0.273576721994526,0.138737657628393
7164,"Moore Reef (16-071)",5,0.0321428571428571,280,0.0407204365165048,0.0258667439200784,0.0812191671372511,0,0.203571428571429,0.451158672047933,0.261720432524003,0.1284938605876
7165,"Moore Reef (16-071)",5,0.0237154150197628,253,0.0305205516999686,0.0191345192635798,0.0613315513250118,0,0.16600790513834,0.350681107836747,0.198850128631258,0.087664718200517
7166,"Moore Reef (16-071)",5,0.00714285714285714,280,0.0305205516999685,0.0191345192635798,0.0613315513250117,0,0.189285714285714,0.37017789884661,0.196078012440183,0.0886420844508258
7167,"Moore Reef (16-071)",5,0.0337078651685393,267,0.0325397571098832,0.0204198465757434,0.0657679224746132,0,0.221067415730337,0.385381078247065,0.23059674077934,0.104915189428673
7168,"Moore Reef (16-071)",5,0.0214285714285714,280,0.0325397571098832,0.0204198465757434,0.0657679224746132,0,0.178660714285714,0.389023536749347,0.212774764403289,0.0995117505323131
7191,"Davies Reef (18-096)",2,0.0466666666666667,300,0.0425008789945086,0.0263552468957112,0.0971156709799355,0,0.280083333333333,0.464897655572495,0.280303771556922,0.138316049965583
7192,"Davies Reef (18-096)",2,0.27,300,0.0387754083377728,0.0246134060892526,0.087852334748809,0,0.23675,0.440439973633559,0.260092733217651,0.125945462312222
7229,"Keeper Reef (18-079)",1,0,192,0.0621249194625184,0.0329910133398506,0.178319852213388,0,0.432421874999999,0.478922461039277,0.313020584860911,0.177581580124652
7230,"Keeper Reef (18-079)",1,0.00531914893617021,188,0.0621249194625184,0.0329910133398507,0.178319852213388,0,0.436170212765957,0.469773209722859,0.305646660707695,0.174511807954521
7231,"Keeper Reef (18-079)",1,0,200,0.0621249194625183,0.0329910133398506,0.178319852213388,0,0.510249999999999,0.479862720158413,0.314793946492944,0.181433619975261
7232,"Keeper Reef (18-079)",1,0,200,0.0621249194625183,0.0329910133398506,0.178319852213388,0,0.430249999999999,0.476578022855065,0.312862665201888,0.180190282228079
7233,"Keeper Reef (18-079)",1,0.025,200,0.0481288372308309,0.0254460752136743,0.139598031190352,0,0.395124999999999,0.423716155141357,0.265704806265895,0.14798681683917
7234,"Keeper Reef (18-079)",1,0.0660377358490566,212,0.0481288372308309,0.0254460752136743,0.139598031190352,0,0.377476415094339,0.38250844734659,0.252615977824014,0.143806895750833
7235,"Keeper Reef (18-079)",1,0.0454545454545455,220,0.0481288372308309,0.0254460752136743,0.139598031190352,0,0.336477272727272,0.383314046486482,0.253153518272978,0.137628429848969
7236,"Keeper Reef (18-079)",1,0.0754716981132075,212,0.0481288372308309,0.0254460752136743,0.139598031190352,0,0.433962264150943,0.395013771594055,0.261960403752801,0.151018306018871
7237,"Keeper Reef (18-079)",1,0.0204081632653061,196,0.0481288372308309,0.0254460752136743,0.139598031190352,0,0.341964285714285,0.43250665880153,0.268823045607952,0.143608952500491
7238,"Keeper Reef (18-079)",1,0.045,200,0.0364353328227025,0.0193145863863788,0.107436413313362,0,0.27,0.358093440294631,0.209602666637522,0.10752980911744
7239,"Keeper Reef (18-079)",1,0.095,200,0.0364353328227025,0.0193145863863788,0.107436413313362,0,0.260249999999999,0.364830174721923,0.216222922117268,0.111327903449275
7240,"Keeper Reef (18-079)",1,0.216346153846154,208,0.0364353328227025,0.0193145863863788,0.107436413313363,0,0.240384615384615,0.318230984072419,0.198997164053195,0.107311792398388
7241,"Keeper Reef (18-079)",1,0.268181818181818,220,0.0364353328227025,0.0193145863863788,0.107436413313363,0,0.236363636363636,0.339614168085378,0.210819116251542,0.10420716977939
7242,"Keeper Reef (18-079)",1,0.035,200,0.0364353328227025,0.0193145863863788,0.107436413313362,0,0.350249999999999,0.373505935114994,0.224344886026778,0.120285330856493
7243,"Keeper Reef (18-079)",1,0.0377358490566038,212,0.0364353328227025,0.0193145863863788,0.107436413313363,0,0.245400943396226,0.331499268215634,0.209944103535042,0.115349348621216
7244,"Keeper Reef (18-079)",1,0.0875,240,0.0364353328227025,0.0193145863863788,0.107436413313363,0,0.316770833333333,0.350933218301434,0.206156533655644,0.107123350317616
7245,"Keeper Reef (18-079)",1,0.0377358490566038,212,0.0356150382059342,0.0188521778079681,0.105097614436034,0,0.306839622641508,0.325827159977116,0.203520965875899,0.10978951737423
7246,"Keeper Reef (18-079)",1,0.0441176470588235,204,0.0356150382059342,0.0188521778079681,0.105097614436034,0,0.245343137254901,0.310936596574776,0.192567499800705,0.102451891584122
7247,"Keeper Reef (18-079)",1,0.183035714285714,224,0.0446741103108015,0.0235102743065351,0.13012221869283,0,0.339397321428571,0.376234908180099,0.246995496871681,0.134797521429885
7248,"Keeper Reef (18-079)",1,0.0584795321637427,171,0.0356150382059342,0.0188521778079681,0.105097614436034,0,0.239766081871345,0.32376139978809,0.206104459249389,0.103911945272522
7249,"Keeper Reef (18-079)",1,0.108333333333333,240,0.0446741103108015,0.0235102743065351,0.13012221869283,0,0.308333333333333,0.395896978955347,0.242777462311958,0.130751885108344
7250,"Keeper Reef (18-079)",1,0.0240384615384615,208,0.0446741103108015,0.0235102743065351,0.13012221869283,0,0.322235576923076,0.371906676883152,0.242931049252046,0.136361690762799
7251,"Keeper Reef (18-079)",1,0.0490196078431373,204,0.0446741103108015,0.0235102743065351,0.13012221869283,0,0.284436274509803,0.361173663428568,0.228585525949939,0.121826060137125
7252,"Keeper Reef (18-079)",1,0.105555555555556,180,0.0621110241022843,0.0329861181057647,0.178253454459125,0,0.45,0.4529620576825,0.289998015326983,0.171318908382593
7253,"Keeper Reef (18-079)",1,0.015,200,0.0621110241022843,0.0329861181057646,0.178253454459125,0,0.415374999999998,0.477757017994731,0.3118265635904,0.177883476517945
7254,"Keeper Reef (18-079)",1,0.015625,192,0.0481288372308309,0.0254460752136743,0.139598031190352,0,0.333723958333331,0.41296919834355,0.255692210221059,0.137408401091998
7255,"Keeper Reef (18-079)",1,0.00925925925925926,216,0.0364353328227025,0.0193145863863788,0.107436413313363,0,0.301041666666666,0.337404154315685,0.212584678477766,0.108628656615213
7256,"Keeper Reef (18-079)",1,0.0784313725490196,204,0.0356150382059342,0.0188521778079681,0.105097614436034,0,0.25,0.302925699285052,0.184894851672903,0.0981206719333063
7257,"Keeper Reef (18-079)",1,0.0416666666666667,192,0.0446590447421218,0.0234997665284556,0.130066141216449,0,0.291666666666667,0.401981498586105,0.24333432168868,0.127608343661271
7258,"Keeper Reef (18-079)",1,0.0288461538461538,208,0.0371843918130962,0.0197356888488381,0.109262147920629,0,0.283653846153846,0.332805160643795,0.209973074279773,0.114086378274459
7259,"Keeper Reef (18-079)",1,0.05,200,0.0371843918130962,0.0197356888488381,0.109262147920629,0,0.260124999999999,0.374819292564987,0.225263446060051,0.118695500319211
7260,"Keeper Reef (18-079)",1,0.0424528301886792,212,0.0446590447421218,0.0234997665284556,0.130066141216449,0,0.363325471698113,0.369796308974217,0.244546371602629,0.140340986218036
7261,"Keeper Reef (18-079)",1,0.110576923076923,208,0.0371843918130962,0.0197356888488381,0.109262147920629,0,0.269831730769227,0.33488718460435,0.212154816700365,0.116340773782218
7262,"Keeper Reef (18-079)",1,0.125,184,0.0371843918130962,0.0197356888488381,0.109262147920629,0,0.266440217391304,0.349667205851956,0.200455417578859,0.107691262595425
7322,"Davies Reef (18-096)",2,0.140625,320,0.0384154987208314,0.0242259302298451,0.0870262064721254,0,0.253281249999999,0.408039442321106,0.251420820297144,0.122311563210904
7398,"Keeper Reef (18-079)",1,0.0722222222222222,180,0.0369449888592285,0.019637403557208,0.108722770876832,0,0.266805555555555,0.340775292162222,0.194549500189471,0.103897641634961
7399,"Keeper Reef (18-079)",1,0.0808823529411765,136,0.0369449888592285,0.019637403557208,0.108722770876832,0,0.294117647058824,0.371683897158802,0.216906129487061,0.121589829518085
7400,"Keeper Reef (18-079)",1,0.0833333333333333,72,0.0362488004855084,0.0192396249022034,0.106767343749599,0,0.278124999999998,0.326305192550052,0.2295638651275,0.111386780739257
7401,"Keeper Reef (18-079)",1,0.120192307692308,208,0.0362488004855084,0.0192396249022034,0.106767343749599,0,0.278846153846154,0.326831514617874,0.205379539543586,0.11119867318912
7402,"Keeper Reef (18-079)",1,0.0388888888888889,180,0.0362488004855084,0.0192396249022034,0.106767343749599,0,0.277916666666666,0.347605929090947,0.202413628548323,0.110328864256335
7403,"Keeper Reef (18-079)",1,0.0372340425531915,188,0.0369449888592285,0.019637403557208,0.108722770876832,0,0.228723404255319,0.350835198503032,0.201694629317841,0.0997496569674526
7404,"Keeper Reef (18-079)",1,0.0661764705882353,136,0.0369449888592285,0.019637403557208,0.108722770876832,0,0.279411764705882,0.352890165114511,0.202390013175987,0.110294742707201
7405,"Keeper Reef (18-079)",1,0.16304347826087,92,0.0362488004855084,0.0192396249022034,0.106767343749599,0,0.282608695652174,0.396272703516534,0.230576471184554,0.116493490693708
7406,"Keeper Reef (18-079)",1,0.0490196078431373,204,0.0362488004855084,0.0192396249022034,0.106767343749599,0,0.260049019607842,0.318426972804861,0.200939410203896,0.109861712088702
7407,"Keeper Reef (18-079)",1,0.0476190476190476,168,0.0362488004855084,0.0192396249022034,0.106767343749599,0,0.291815476190475,0.340797831466911,0.220627314926358,0.114764889100813
7408,"Keeper Reef (18-079)",1,0.055,200,0.0353763162920422,0.0187415467302243,0.104608868485945,0,0.23,0.358569423144135,0.207943753710807,0.104494896791847
7409,"Keeper Reef (18-079)",1,0.05,160,0.0353763162920422,0.0187415467302243,0.104608868485945,0,0.237812499999998,0.317334332981024,0.197392435041167,0.10452426177647
7410,"Keeper Reef (18-079)",1,0.322727272727273,220,0.0443479930707654,0.0233523506736172,0.129128534969052,0,0.263863636363635,0.371594526101523,0.2413680787835,0.125296443901891
7411,"Keeper Reef (18-079)",1,0.24375,160,0.0443479930707654,0.0233523506736172,0.129128534969052,0,0.368906249999999,0.361502756284135,0.236811952330166,0.134058242077085
7412,"Keeper Reef (18-079)",1,0.138297872340426,188,0.0353763162920422,0.0187415467302243,0.104608868485945,0,0.228723404255319,0.348918418931691,0.200858016046925,0.0991916983341508
7413,"Keeper Reef (18-079)",1,0.089041095890411,146,0.0353763162920422,0.0187415467302243,0.104608868485945,0,0.280993150684931,0.376513682989915,0.218458378040038,0.10996709657158
7414,"Keeper Reef (18-079)",1,0.1375,240,0.0443479930707654,0.0233523506736172,0.129128534969052,0,0.3,0.391764692515159,0.236869445767103,0.124125085797604
7415,"Keeper Reef (18-079)",1,0.110294117647059,136,0.0443479930707654,0.0233523506736172,0.129128534969052,0,0.375183823529411,0.395169567568811,0.239853923524656,0.139573424815537
7416,"Keeper Reef (18-079)",1,0.05625,160,0.0443311155759865,0.0233418357637415,0.129080056273941,0,0.2875,0.357087397389688,0.231925314353878,0.128394653864397
7417,"Keeper Reef (18-079)",1,0.0444444444444444,180,0.0477935520654195,0.025160392709752,0.137906152506839,0,0.361111111111111,0.406291149341575,0.249793098063259,0.143596369729251
7418,"Keeper Reef (18-079)",1,0,192,0.0491600156227768,0.0263942654900514,0.144627928772214,0,0.359375,0.429194858842255,0.268593819152826,0.146533809793735
7419,"Keeper Reef (18-079)",1,0.0743243243243243,148,0.0443311155759865,0.0233418357637415,0.129080056273941,0,0.398648648648649,0.422708187075671,0.260542121333841,0.140196866391272
7420,"Keeper Reef (18-079)",1,0.0904255319148936,188,0.0477935520654195,0.025160392709752,0.137906152506839,0,0.398936170212766,0.414079043358963,0.257958175233247,0.141028041525713
7421,"Keeper Reef (18-079)",1,0.0153061224489796,196,0.0491600156227768,0.0263942654900514,0.144627928772214,0,0.341964285714285,0.424044797328355,0.267249673149501,0.148101500796018
7422,"Keeper Reef (18-079)",1,0.025,120,0.0477730807667519,0.0251513238149545,0.137835807233179,0,0.383541666666666,0.381091778994042,0.258621845447307,0.134816760401826
7423,"Keeper Reef (18-079)",1,0.0486111111111111,144,0.049147054478276,0.0263861681820796,0.144576980701553,0,0.395833333333333,0.432734121855914,0.270661273242204,0.147466439167289
7424,"Keeper Reef (18-079)",1,0.0333333333333333,120,0.0477730807667519,0.0251513238149545,0.137835807233179,0,0.383541666666666,0.390690291260107,0.270300232458015,0.145394253168857
7425,"Keeper Reef (18-079)",1,0,140,0.049147054478276,0.0263861681820796,0.144576980701553,0,0.364285714285714,0.432109554511124,0.268683098193898,0.145416736625952
7567,"Keeper Reef (18-079)",1,0.00490196078431373,204,0.0368432328194957,0.0195266604537058,0.108352679590464,0,0.274632352941176,0.32011108325006,0.195941263354981,0.102726709452935
7568,"Keeper Reef (18-079)",1,0.0196078431372549,204,0.0368432328194957,0.0195266604537058,0.108352679590464,0,0.362867647058823,0.328777740259712,0.20835987542833,0.114946461883697
7569,"Keeper Reef (18-079)",1,0.0196078431372549,204,0.0368432328194957,0.0195266604537058,0.108352679590464,0,0.259803921568627,0.33179079882302,0.210145892371362,0.113811046433865
7570,"Keeper Reef (18-079)",1,0.122448979591837,196,0.0368432328194957,0.0195266604537058,0.108352679590464,0,0.285714285714286,0.364513702273279,0.215762008412268,0.11151820227827
7571,"Keeper Reef (18-079)",1,0.0550847457627119,236,0.0360661771328376,0.019152722759422,0.106257155278493,0,0.275423728813559,0.344635395358835,0.201243569740328,0.109640307817419
7572,"Keeper Reef (18-079)",1,0.0301724137931034,232,0.0360661771328376,0.019152722759422,0.106257155278493,0,0.245689655172414,0.338940737686698,0.192945052821524,0.100931378086861
7573,"Keeper Reef (18-079)",1,0.149122807017544,228,0.0352466374461055,0.0186720672494369,0.104342870724969,0,0.272149122807016,0.321387319398275,0.181989160198865,0.0960614945956816
7574,"Keeper Reef (18-079)",1,0.053921568627451,204,0.0360661771328376,0.019152722759422,0.106257155278493,0,0.245220588235293,0.313388211280224,0.193472077184095,0.10229365512128
7575,"Keeper Reef (18-079)",1,0.0991379310344828,232,0.0360661771328376,0.019152722759422,0.106257155278493,0,0.29331896551724,0.348680656688386,0.203060307910784,0.109884914609108
7576,"Keeper Reef (18-079)",1,0.0344827586206897,232,0.0360661771328376,0.019152722759422,0.106257155278493,0,0.241487068965517,0.342846078235233,0.195255081963592,0.100017933863193
7577,"Keeper Reef (18-079)",1,0.0474137931034483,232,0.0352466374461055,0.0186720672494369,0.104342870724969,0,0.250107758620689,0.336125228409671,0.193744049078083,0.102552274106464
7578,"Keeper Reef (18-079)",1,0.0561224489795918,196,0.0360661771328376,0.019152722759422,0.106257155278493,0,0.260204081632653,0.359947883014983,0.208398916007993,0.104230279654559
7579,"Keeper Reef (18-079)",1,0.0772727272727273,220,0.0352387444717745,0.0186683027604548,0.104323340177866,0,0.313636363636364,0.330855398407312,0.210347659865201,0.110381805995173
7580,"Keeper Reef (18-079)",1,0.0590909090909091,220,0.0352387444717745,0.0186683027604548,0.104323340177866,0,0.254772727272726,0.323960040972289,0.202961962532339,0.103926626315085
7581,"Keeper Reef (18-079)",1,0.03,200,0.0441048713723183,0.0232116525550016,0.12847956232083,0,0.365249999999999,0.406669643615649,0.252063431061822,0.137666089351584
7582,"Keeper Reef (18-079)",1,0.147058823529412,204,0.0441048713723183,0.0232116525550016,0.12847956232083,0,0.284436274509803,0.347017595548703,0.220816401723606,0.121147244760807
7583,"Keeper Reef (18-079)",1,0.0666666666666667,240,0.0352387444717745,0.0186683027604548,0.104323340177866,0,0.25,0.343847601565376,0.202870604285097,0.104559190560323
7584,"Keeper Reef (18-079)",1,0.0666666666666667,210,0.0352387444717745,0.0186683027604548,0.104323340177866,0,0.28595238095238,0.331658176791897,0.208489344700739,0.111519532914074
7585,"Keeper Reef (18-079)",1,0.0872093023255814,172,0.0441048713723183,0.0232116525550016,0.12847956232083,0,0.34331395348837,0.380113993772478,0.255378093029236,0.137501696943083
7586,"Keeper Reef (18-079)",1,0.0735294117647059,204,0.0441048713723183,0.0232116525550016,0.12847956232083,0,0.33345588235294,0.352357199416923,0.22450404501277,0.123070211224777
7587,"Keeper Reef (18-079)",1,0.0581395348837209,172,0.0440874141343153,0.0232021068577767,0.128435510018559,0,0.308139534883721,0.371712222568569,0.246917587992253,0.130587266656962
7588,"Keeper Reef (18-079)",1,0.0294117647058824,136,0.0476007369466274,0.0250389626090205,0.136964975996355,0,0.389705882352941,0.414755040575686,0.249644554255117,0.140848255318033
7589,"Keeper Reef (18-079)",1,0.0625,240,0.0435919856548707,0.0229237873295553,0.127278442678211,0,0.266666666666667,0.39176307883957,0.239844169417628,0.128466208821933
7590,"Keeper Reef (18-079)",1,0.164634146341463,164,0.0440874141343153,0.0232021068577767,0.128435510018559,0,0.274390243902439,0.362172077386514,0.235990751918786,0.122470842966929
7591,"Keeper Reef (18-079)",1,0.0428571428571429,140,0.0476007369466274,0.0250389626090204,0.136964975996355,0,0.378749999999999,0.423945437928652,0.260683680563992,0.137627715211512
7592,"Keeper Reef (18-079)",1,0.12719298245614,228,0.0435919856548707,0.0229237873295553,0.127278442678211,0,0.320175438596491,0.381568158765031,0.231806419827044,0.129363299810458
7820,"Lizard Island Reef (Lagoon) (14-116d)",4,0.00378787878787879,264,0.0204838002480892,0.0104248918814761,0.069787203318764,0,0.147727272727273,0.236451853592957,0.134061259306567,0.0624961191579597
7821,"Lizard Island Reef (Lagoon) (14-116d)",4,0,280,0.0204838002480892,0.0104248918814761,0.069787203318764,0,0.178571428571429,0.239682266921444,0.125660339044129,0.0598483608328739
7822,"Lizard Island Reef (Lagoon) (14-116d)",4,0,263,0.0211458188560471,0.010783023482252,0.0717583341197813,0,0.144581749049429,0.225666561140967,0.122053542007739,0.0530559276084081
7823,"Lizard Island Reef (Lagoon) (14-116d)",4,0.00357142857142857,280,0.0211458188560471,0.010783023482252,0.0717583341197813,0,0.150089285714285,0.242105885366158,0.125307475434787,0.0605360004027186
7824,"Lizard Island Reef (North West) (14-116a)",3,0.0158730158730159,252,0.0377592307764222,0.0213146907353506,0.107507412391966,0,0.269940476190476,0.318654869288806,0.198179816241203,0.10692327566561
7825,"Lizard Island Reef (North West) (14-116a)",3,0.008,250,0.0372362326156458,0.0210644099060221,0.106134924589474,0,0.268099999999999,0.375930777399378,0.225876678373856,0.116976719505841
7826,"Lizard Island Reef (North West) (14-116a)",3,0.00784313725490196,255,0.0327695264440576,0.0183496269001395,0.0912129363617643,0,0.247058823529412,0.295928432013846,0.178971920739409,0.093442310858527
7827,"Lizard Island Reef (North East) (14-116b)",4,0.00387596899224806,258,0.0367968988680021,0.0196503734730851,0.1235366268908,0,0.244186046511628,0.33825106794429,0.211173003803944,0.113149199434018
7828,"Lizard Island Reef (North West) (14-116a)",3,0.00392156862745098,255,0.0348052865008471,0.0195854700226063,0.0990771604611061,0,0.227450980392157,0.31541034652225,0.195288965560951,0.103929727862545
7829,"Lizard Island Reef (North West) (14-116a)",3,0.00714285714285714,280,0.0348052865008471,0.0195854700226063,0.0990771604611061,0,0.257410714285713,0.323959045452198,0.189193226226383,0.102219309586181
7830,"Lizard Island Reef (Lagoon) (14-116d)",4,0.00775193798449612,258,0.0270379022139203,0.0141690490338176,0.0921675496348735,0,0.166763565891472,0.264445109698886,0.15301295916303,0.0758235923980869
8731,"Moore Reef (16-071)",5,0.00357142857142857,280,0.025960508486352,0.0161649817902281,0.0514854090890068,0,0.139374999999999,0.332033148364691,0.165286098787448,0.0690381875197935
8732,"Moore Reef (16-071)",5,0,280,0.025960508486352,0.0161649817902281,0.0514854090890068,0,0.15017857142857,0.331060364820243,0.168449892808622,0.072813468629176
8733,"Moore Reef (16-071)",5,0.0571428571428571,280,0.0284792707030396,0.0178102637378815,0.057115049909138,0,0.164375,0.360535002212438,0.190210737690942,0.0848304889127835
8734,"Moore Reef (16-071)",5,0.0214285714285714,280,0.0284792707030396,0.0178102637378815,0.057115049909138,0,0.185714285714286,0.358174542473788,0.185426420125218,0.0812090095838942
8735,"Moore Reef (16-071)",5,0.0107142857142857,280,0.0270214031169782,0.0168335387220102,0.053744126865365,0,0.160803571428571,0.33337229439169,0.168892002812628,0.0728556785882818
8736,"Moore Reef (16-071)",5,0,280,0.0270214031169782,0.0168335387220102,0.053744126865365,0,0.167857142857143,0.348057710138701,0.182014412984026,0.0815369694542023
8739,"Moore Reef (16-071)",5,0,280,0.0266865855837817,0.0166431886456459,0.0530667414967515,0,0.164285714285714,0.343792554710917,0.173811427627258,0.0738498692849406
8740,"Moore Reef (16-071)",5,0,280,0.0266865855837817,0.0166431886456459,0.0530667414967515,0,0.153660714285714,0.335515956319265,0.169628321404973,0.0728531433105135
8870,"Moore Reef (16-071)",5,0,320,0.0384009311267611,0.0243025240085565,0.0756910958370534,0,0.243828125,0.427949149989171,0.263369341487658,0.126478183435077
8871,"Moore Reef (16-071)",5,0.015625,320,0.0384009311267611,0.0243025240085565,0.0756910958370534,0,0.225078125,0.432738854009324,0.266523674481219,0.126056023615567
8874,"Moore Reef (16-071)",5,0.025,320,0.0397249472754612,0.0252654670140259,0.0783361680327458,0,0.2125,0.422146632102409,0.256521496440189,0.119514074433331
8875,"Moore Reef (16-071)",5,0.03125,320,0.0397249472754612,0.0252654670140259,0.0783361680327458,0,0.231484374999999,0.425440128000825,0.261925372445366,0.125498073266185
8876,"Moore Reef (16-071)",5,0.0625,320,0.044668574700557,0.0285384745175402,0.0901285433701324,0,0.306406249999999,0.465933981753795,0.296411198814942,0.147676959662235
8877,"Moore Reef (16-071)",5,0.05625,320,0.044668574700557,0.0285384745175402,0.0901285433701324,0,0.290781249999999,0.469059795006783,0.300723171512951,0.150863312093322
8878,"Moore Reef (16-071)",5,0.01875,320,0.0370753899720062,0.023465225558603,0.07369989858217,0,0.212578125,0.42027471344593,0.255840300694885,0.118314885330069
8879,"Moore Reef (16-071)",5,0.034375,320,0.0370753899720062,0.023465225558603,0.07369989858217,0,0.240625,0.416259688343027,0.251094988352485,0.11700547928285
8880,"Moore Reef (16-071)",5,0.0285714285714286,280,0.0353370688467517,0.0222436165261499,0.0699619064005407,0,0.253660714285714,0.415682159092487,0.236007499190764,0.115467952097887
8881,"Moore Reef (16-071)",5,0.0285714285714286,280,0.0353370688467517,0.0222436165261499,0.0699619064005407,0,0.235803571428571,0.422212082990318,0.238752959051316,0.115304301107927
8989,"Moore Reef (16-071)",5,0.0357142857142857,280,0.0276145101861668,0.01716782197556,0.0551118898241851,0,0.175,0.354312308669786,0.186028166742066,0.0819019504170775
8990,"Moore Reef (16-071)",5,0.0107142857142857,280,0.0276145101861668,0.01716782197556,0.0551118898241851,0,0.167946428571428,0.354559794852644,0.184070015734656,0.0807073347761519
8991,"Moore Reef (16-071)",5,0,320,0.0275124502323565,0.0170935604908954,0.0549157434142084,0,0.175,0.338804299401816,0.189360929307342,0.0814505662438746
8992,"Moore Reef (16-071)",5,0.00714285714285714,280,0.0275124502323565,0.0170935604908954,0.0549157434142084,0,0.167857142857143,0.343871192900103,0.177589688224628,0.0778728455364391
8993,"Moore Reef (16-071)",5,0,280,0.0352568944653652,0.0221217750440276,0.0697128713233506,0,0.221517857142857,0.409912557084791,0.228580388011932,0.109197457915149
9896,"Davies Reef (18-096)",2,0.1,240,0.0525667239211909,0.0323947533695058,0.116666267574386,0,0.375,0.508495234523544,0.321205313853099,0.169294552875776
9897,"Davies Reef (18-096)",2,0.104166666666667,240,0.0525667239211909,0.0323947533695058,0.116666267574386,0,0.341979166666665,0.510241607695291,0.323711204735561,0.170747681232769
9898,"Davies Reef (18-096)",2,0.320833333333333,240,0.0500105650016227,0.0309859892746113,0.111429791111165,0,0.3125,0.497904081486372,0.309321960799179,0.157896388854423
9899,"Davies Reef (18-096)",2,0.529166666666667,240,0.0500105650016227,0.0309859892746113,0.111429791111165,0,0.3125,0.505296121662345,0.318376080447252,0.165291464941115
9900,"Davies Reef (18-096)",2,0.0531400966183575,207,0.0536165810342098,0.0329203412231675,0.120154883674314,0,0.386473429951691,0.478407898599212,0.321002756507661,0.179811780893306
9901,"Davies Reef (18-096)",2,0.075,240,0.0536165810342098,0.0329203412231675,0.120154883674314,0,0.308437499999999,0.510763641040499,0.320456609927789,0.164451672707581
9902,"Davies Reef (18-096)",2,0.105990783410138,217,0.0535222257038345,0.0328740184560589,0.120022013537208,0,0.354838709677419,0.491231448628939,0.333133446749976,0.178585110141079
9903,"Davies Reef (18-096)",2,0.129166666666667,240,0.0535222257038345,0.0328740184560589,0.120022013537208,0,0.404270833333333,0.520736896335492,0.33470093345692,0.179750384663387
10249,"Thetford Reef (16-068)",1,0.00625,160,0.0437890063844126,0.0234983078001081,0.128259644759295,0,0.34375,0.359417881387826,0.236187042378771,0.134501180904043
10250,"Thetford Reef (16-068)",1,0,160,0.0437890063844126,0.0234983078001081,0.128259644759295,0,0.337656249999999,0.363288155693349,0.238524299314125,0.135419553656127
10270,"Davies Reef (18-096)",2,0.116666666666667,240,0.0473404226237268,0.0295204212082094,0.107192261750337,0,0.266770833333333,0.475965006161256,0.291289652284888,0.145921092535325
10271,"Davies Reef (18-096)",2,0.1,240,0.0473404226237268,0.0295204212082094,0.107192261750337,0,0.312708333333332,0.488681374456461,0.304155331117566,0.156682100640445
10272,"Davies Reef (18-096)",2,0.0583333333333333,240,0.0472254782929152,0.0294497505938046,0.106844044998015,0,0.291770833333333,0.476230004387592,0.294231923801428,0.151361371443202
10273,"Davies Reef (18-096)",2,0.0458333333333333,240,0.0472254782929152,0.0294497505938046,0.106844044998015,0,0.283437499999999,0.477884195721105,0.293852527111091,0.149961080053604
10274,"Davies Reef (18-096)",2,0.0708333333333333,240,0.0455372290211729,0.0285166096099587,0.103081981499936,0,0.345937499999999,0.477341845164869,0.294431344815124,0.150365322331242
10275,"Davies Reef (18-096)",2,0.179166666666667,240,0.043150848121757,0.0272535312416918,0.0967878039791987,0,0.270833333333333,0.454001849268076,0.271165195367237,0.132659751894105
10276,"Davies Reef (18-096)",2,0.325471698113208,212,0.0398349970266821,0.0250423932904489,0.0907274682647019,0,0.231132075471698,0.413564280119009,0.258066014838856,0.129770955923334
10277,"Davies Reef (18-096)",2,0.595833333333333,240,0.043150848121757,0.0272535312416918,0.0967878039791987,0,0.312604166666666,0.47089565813767,0.2866157738073,0.14562172779017
10428,"Davies Reef (18-096)",2,0.2,240,0.0379322073658183,0.0238209837214796,0.0862446752085086,0,0.262604166666666,0.432167233584695,0.25365041841716,0.121375028942575
10429,"Davies Reef (18-096)",2,0.345833333333333,240,0.0379322073658183,0.0238209837214796,0.0862446752085086,0,0.233333333333333,0.42072693011902,0.242643189796753,0.11485433009581
10434,"Tongue Reef (16-026)",5,0.0178571428571429,280,0.0347608710191644,0.0221021376644721,0.0694582122440098,0,0.196517857142857,0.397392549680606,0.217825926804446,0.101185153373
10435,"Tongue Reef (16-026)",5,0,280,0.0347608710191644,0.0221021376644721,0.0694582122440098,0,0.192857142857143,0.403170740682283,0.221398524186905,0.102107307264112
10436,"Tongue Reef (16-026)",5,0.0142857142857143,280,0.0203667047517051,0.0124876746348801,0.0414853451992236,0,0.132142857142857,0.276154520011762,0.131164635438384,0.0515750692158992
10437,"Tongue Reef (16-026)",5,0.00714285714285714,280,0.0203667047517051,0.0124876746348801,0.0414853451992236,0,0.125089285714285,0.272689111857232,0.126516690083519,0.0497431685011715
10442,"Tongue Reef (16-026)",5,0.104166666666667,240,0.0456546236327761,0.0288129521963448,0.0891545645797815,0,0.266666666666667,0.485356464834867,0.291608081075495,0.141941169888185
10443,"Tongue Reef (16-026)",5,0.122727272727273,220,0.0456546236327761,0.0288129521963448,0.0891545645797815,0,0.263749999999999,0.466006386464885,0.300890473033239,0.146619829404697
10444,"Tongue Reef (16-026)",5,0.1,240,0.049192300697985,0.031430711838333,0.0962895546899062,0,0.283541666666666,0.499957273703576,0.308814826080754,0.157143007517228
10445,"Tongue Reef (16-026)",5,0.0590909090909091,220,0.049192300697985,0.0314307118383331,0.0962895546899063,0,0.300113636363636,0.489958393440904,0.328248038621412,0.169363386440924
10596,"Tongue Reef (16-026)",5,0.0375,240,0.0454668882833373,0.0286768270480688,0.0886366401208229,0,0.262604166666666,0.493528372410753,0.302104174602839,0.147751874987132
10597,"Tongue Reef (16-026)",5,0.0318181818181818,220,0.0454668882833373,0.0286768270480688,0.088636640120823,0,0.277386363636363,0.462034536515933,0.298485918069218,0.14717847250428
10642,"Davies Reef (18-096)",2,0.06875,320,0.042565087386924,0.0264568572096462,0.0961841797693991,0,0.253203125,0.42657668561346,0.268607937906515,0.133424689894905
10643,"Davies Reef (18-096)",2,0.078125,320,0.0402722922235881,0.0255849997296576,0.0909390180735515,0,0.271875,0.424391192394623,0.268093960500761,0.135156136553766
10644,"Davies Reef (18-096)",2,0.11875,320,0.0373537907595851,0.0232846213415042,0.0843847061384098,0,0.253125,0.402736485184581,0.244091467639666,0.115411246493324
10645,"Davies Reef (18-096)",2,0.284375,320,0.0402722922235881,0.0255849997296576,0.0909390180735515,0,0.25,0.425129865278588,0.264603565429581,0.129765998959808
10799,"Davies Reef (18-096)",2,0.175,240,0.0369349892517559,0.0229360046678185,0.0837407146727994,0,0.220937499999999,0.416731936989396,0.236400091707049,0.107774168903844
10800,"Davies Reef (18-096)",2,0.327102803738318,214,0.0397718185858481,0.0253057213913834,0.0902523502848837,0,0.243107476635513,0.413830341729066,0.262706485094606,0.128643680906897
10801,"Davies Reef (18-096)",2,0.119047619047619,210,0.0399276897787427,0.0253761800154287,0.0905529971426299,0,0.23345238095238,0.407446399392648,0.256266762489047,0.132214819335844
10802,"Davies Reef (18-096)",2,0.125,240,0.0399276897787427,0.0253761800154287,0.0905529971426299,0,0.2625,0.434479643128746,0.253994240024367,0.123407285873222
10803,"Davies Reef (18-096)",2,0.0291666666666667,240,0.0436693337993937,0.027065589831388,0.0998443406148158,0,0.320833333333333,0.464704933210552,0.281049532403958,0.139899320832017
10804,"Davies Reef (18-096)",2,0.0416666666666667,240,0.0435843637196865,0.027039087623515,0.099619749445935,0,0.291770833333333,0.465050693571932,0.282093351654878,0.142269508526273
10805,"Davies Reef (18-096)",2,0.0555555555555556,216,0.0420172116405357,0.0261632837777034,0.0951726038785043,0,0.24537037037037,0.428417754598988,0.274855406532125,0.135968980847026
10806,"Davies Reef (18-096)",2,0.075,240,0.0420172116405357,0.0261632837777033,0.0951726038785043,0,0.350104166666666,0.452355476252445,0.273358999547239,0.1388834566681
10900,"Davies Reef (18-096)",2,0.0892857142857143,280,0.0366051702708263,0.0226948979752966,0.0830171581517063,0,0.246517857142857,0.405117859083233,0.231082204185005,0.11493671885099
10901,"Davies Reef (18-096)",2,0.271428571428571,280,0.0394130042497191,0.0250531055776883,0.0895133744817655,0,0.303839285714284,0.429730026553404,0.253194018757585,0.130209196722502
10902,"Davies Reef (18-096)",2,0.114285714285714,280,0.0416856209080906,0.0259291074767338,0.094635609333731,0,0.278660714285714,0.437003399937719,0.261451175076133,0.135444033491368
10903,"Davies Reef (18-096)",2,0.0571428571428571,280,0.0394130042497191,0.0250531055776883,0.0895133744817655,0,0.228571428571429,0.42687618770309,0.24784058986074,0.122542810434782
11026,"Davies Reef (18-096)",2,0.14375,160,0.0426559034794025,0.0263871822955018,0.0976605314585674,0,0.2625,0.418713110846701,0.27180190369794,0.145622064763503
11027,"Davies Reef (18-096)",2,0.075,240,0.0426559034794025,0.0263871822955018,0.0976605314585674,0,0.266770833333333,0.453049030589275,0.268713305554539,0.129642436773426
11028,"Davies Reef (18-096)",2,0.145833333333333,240,0.0390502133852774,0.024805908035795,0.0885269986270482,0,0.275104166666666,0.435300939801564,0.253959804256106,0.121312459110385
11029,"Davies Reef (18-096)",2,0.129166666666667,240,0.0390502133852774,0.024805908035795,0.0885269986270482,0,0.195833333333333,0.431845778357782,0.250231292785188,0.117767048616948
11030,"Davies Reef (18-096)",2,0.116666666666667,240,0.0360785547569818,0.0222937524873357,0.0818631980989848,0,0.225312499999998,0.423260322696934,0.24416392818373,0.115561754529987
11031,"Davies Reef (18-096)",2,0.183333333333333,240,0.0388551510865852,0.0246643153602401,0.0881446443104011,0,0.270833333333333,0.441327002512243,0.258939142818103,0.124677668396015
11032,"Davies Reef (18-096)",2,0.0416666666666667,240,0.041215093988494,0.0255911371825376,0.0935349823816281,0,0.270937499999999,0.450125491866,0.268545356031994,0.132014669865007
11033,"Davies Reef (18-096)",2,0.0625,240,0.0388551510865852,0.0246643153602401,0.0881446443104011,0,0.225,0.42958476597437,0.250333242143352,0.120143907383623
11170,"Green Island Reef (16-049)",4,0.0678571428571429,280,0.0428696885672703,0.0233127982400984,0.141948810779699,0,0.292946428571428,0.378663311051615,0.230021593401252,0.129911550889233
11171,"Green Island Reef (16-049)",4,0.00714285714285714,280,0.0272354112314413,0.0142225540061807,0.0918530550565231,0,0.2,0.282029505664142,0.152696082875638,0.0755329031004892
11172,"Tongue Reef (16-026)",5,0.0857142857142857,280,0.0478636854608806,0.0304539945753463,0.0936705962782108,0,0.296517857142857,0.493628822709273,0.303094092652266,0.158490614124891
11173,"Tongue Reef (16-026)",5,0.0821428571428571,280,0.0478636854608806,0.0304539945753463,0.0936705962782108,0,0.307410714285713,0.485488636536209,0.296580613680391,0.155753734630169
11187,"Thetford Reef (16-068)",1,0.00714285714285714,280,0.0447148623417176,0.0240136669881712,0.129899103322487,0,0.328749999999999,0.395097428897341,0.240927464598452,0.132511265083726
11188,"Thetford Reef (16-068)",1,0.0107142857142857,280,0.0447148623417176,0.0240136669881712,0.129899103322487,0,0.300357142857141,0.380710143826089,0.230379076419889,0.127188686083574
11189,"Thetford Reef (16-068)",1,0.025,280,0.0505953800156748,0.0271500655569975,0.149064795233305,0,0.435982142857141,0.40845508704966,0.255217587389321,0.145448990015194
11190,"Thetford Reef (16-068)",1,0.0285714285714286,280,0.0505953800156748,0.0271500655569975,0.149064795233305,0,0.467946428571428,0.416936106642899,0.263803691943922,0.152737674438617
11191,"Moore Reef (16-071)",5,0.025,240,0.0461696587347049,0.0297646327657413,0.0911964965077123,0,0.316979166666665,0.500072413612126,0.3065973742824,0.154698931910551
11192,"Moore Reef (16-071)",5,0.0291666666666667,240,0.0461696587347049,0.0297646327657413,0.0911964965077123,0,0.291666666666667,0.497902785622,0.305481772718783,0.153659693633286
11193,"Moore Reef (16-071)",5,0.0291666666666667,240,0.0462457506154062,0.0292896995089991,0.0908530822494724,0,0.329270833333333,0.489803156671083,0.297956966579076,0.148885901321241
11194,"Moore Reef (16-071)",5,0.0125,240,0.0462457506154062,0.0292896995089991,0.0908530822494724,0,0.329270833333333,0.503369935284046,0.314557885324379,0.161042445073004
11372,"Batt Reef (16-029)",4,0.119444444444444,360,0.0489415873988635,0.0261218629431319,0.161016914382274,0,0.419444444444444,0.401110476988166,0.265028032797129,0.154913156984504
11373,"Batt Reef (16-029)",4,0.113496932515337,326,0.0489415873988635,0.0261218629431319,0.161016914382274,0,0.362039877300613,0.415405911321495,0.258601800612943,0.144051600869895
11374,"Batt Reef (16-029)",4,0.0361111111111111,360,0.0558773738176152,0.029709397681046,0.184109897918884,0,0.34736111111111,0.420217049743741,0.275915985861005,0.158958647940341
11375,"Batt Reef (16-029)",4,0.0305555555555556,360,0.0558773738176152,0.029709397681046,0.184109897918884,0,0.408402777777777,0.422323587218409,0.280758114105873,0.163528886216359
11599,"Batt Reef (16-029)",4,0.267857142857143,280,0.0444468550834206,0.0234970274113425,0.146603454258715,0,0.332232142857142,0.393788951358225,0.240489524135339,0.131461816301728
11600,"Batt Reef (16-029)",4,0.250980392156863,255,0.0444468550834206,0.0234970274113425,0.146603454258715,0,0.301960784313725,0.370749858415416,0.235629552911119,0.128117774557982
11601,"Batt Reef (16-029)",4,0.0642857142857143,280,0.0444468550834206,0.0234970274113425,0.146603454258715,0,0.325089285714285,0.392505477664767,0.240166024363511,0.133069341056332
11602,"Batt Reef (16-029)",4,0.0714285714285714,280,0.0444468550834206,0.0234970274113425,0.146603454258715,0,0.235803571428571,0.376157024037833,0.221498425235542,0.117005412450773
11605,"Batt Reef (16-029)",4,0.116666666666667,240,0.0416346506090906,0.0217312630216861,0.137916471431877,0,0.2875,0.388026999059085,0.233029301232439,0.12233068792851
11606,"Batt Reef (16-029)",4,0.142201834862385,218,0.0416346506090906,0.0217312630216861,0.137916471431877,0,0.33038990825688,0.373018497335948,0.241350223022904,0.126743677457883
11777,"Batt Reef (16-029)",4,0.0285714285714286,280,0.0486122366338353,0.0259072004176115,0.159782834223634,0,0.4,0.404971251260045,0.250544946749934,0.141729910900651
11778,"Batt Reef (16-029)",4,0.0339622641509434,265,0.0486122366338353,0.0259072004176115,0.159782834223634,0,0.362264150943396,0.394738531042902,0.258160361477703,0.139533450457157
11791,"Lizard Island Reef (Lagoon) (14-116d)",4,0.00357142857142857,280,0.0248561861592724,0.0128469791852481,0.084030939697818,0,0.207232142857142,0.273373741924147,0.147923219281598,0.072946198847852
11795,"Lizard Island Reef (North West) (14-116a)",3,0.00357142857142857,280,0.0595221459965608,0.0327391088658084,0.167783976137563,0,0.500089285714285,0.456072445953659,0.298752819447103,0.178782877760812
11796,"Lizard Island Reef (North West) (14-116a)",3,0.0357142857142857,280,0.055361699081138,0.0302060246591599,0.155017850948486,0,0.446607142857142,0.422150027823447,0.268321600839539,0.15679068199415
11797,"Lizard Island Reef (North West) (14-116a)",3,0.0571428571428571,280,0.0632262956969259,0.0350972122710172,0.178733385138396,0,0.428928571428569,0.453690031180641,0.298837626369325,0.180560345712519
11798,"Lizard Island Reef (North West) (14-116a)",3,0.0321428571428571,280,0.055216182644806,0.0301133193713349,0.154643073826277,0,0.332410714285713,0.416147372357848,0.263198244274097,0.150064448854578
12081,"North Direction Reef (14-143)",3,0,280,0.027798475316182,0.0154279251105571,0.0795570458420984,0,0.21455357142857,0.286902085508647,0.160989430595039,0.0838095138021039
12082,"North Direction Reef (14-143)",3,0.0107142857142857,280,0.027798475316182,0.0154279251105571,0.0795570458420984,0,0.20017857142857,0.29145013095985,0.160933767543322,0.0802162727826931
12083,"Lizard Island Reef (Lagoon) (14-116d)",4,0.0321428571428571,280,0.0256495219705632,0.0133432248817503,0.0868588267027618,0,0.17517857142857,0.277071415318853,0.148197094163699,0.0710600019721966
12085,"Lizard Island Reef (Lagoon) (14-116d)",4,0.00714285714285714,280,0.049228508701851,0.0263678876168093,0.16287890259186,0,0.378571428571429,0.410313808727638,0.258978983517051,0.150960876072267
12086,"Lizard Island Reef (North West) (14-116a)",3,0.0178571428571429,280,0.0633146744811239,0.0351827864692269,0.179051191647867,0,0.464464285714285,0.465155117691519,0.304803514917948,0.182099279346032
12094,"Eyrie Reef (14-118)",4,0.135714285714286,280,0.0310163949784833,0.0162382033700731,0.103619226727549,0,0.221428571428571,0.312363837545104,0.174730350703612,0.0882141802498803
12095,"Eyrie Reef (14-118)",4,0.108949416342412,257,0.0310163949784833,0.0162382033700731,0.103619226727549,0,0.194552529182879,0.281409054316415,0.164212562220535,0.0821406762336275
12096,"Eyrie Reef (14-118)",4,0.121428571428571,280,0.0309959187639106,0.0162195085169724,0.10353484363814,0,0.239642857142855,0.311249571348135,0.174514473495208,0.0905919808368846
12097,"Eyrie Reef (14-118)",4,0.0905660377358491,265,0.0309959187639106,0.0162195085169724,0.10353484363814,0,0.233962264150943,0.299876243466941,0.18173081140181,0.0915571828718108
12098,"Eyrie Reef (14-118)",4,0.185714285714286,280,0.0308275399864928,0.016092706202783,0.102852605916381,0,0.232142857142857,0.312876963712291,0.176192972870729,0.0915553442705223
12099,"Eyrie Reef (14-118)",4,0.192156862745098,255,0.0308275399864928,0.016092706202783,0.102852605916381,0,0.235588235294116,0.29039646366414,0.17323679997241,0.0882579753302751
12235,"Eyrie Reef (14-118)",4,0.0464285714285714,280,0.0307881206009334,0.0160443354797116,0.102806543574195,0,0.218035714285713,0.315240857956575,0.180015112602291,0.0948323702764625
12236,"Eyrie Reef (14-118)",4,0.0392857142857143,280,0.0307881206009334,0.0160443354797116,0.102806543574195,0,0.25,0.31366710972066,0.177331716891908,0.0909409708974257
12237,"Eyrie Reef (14-118)",4,0.0607142857142857,280,0.0305888439359449,0.0159269204450558,0.102052507740041,0,0.207232142857142,0.297407948070978,0.164200259550998,0.082687649072504
12238,"Eyrie Reef (14-118)",4,0.0714285714285714,280,0.0305888439359449,0.0159269204450558,0.102052507740041,0,0.189285714285714,0.305223482705331,0.167939873102998,0.0847859241751887
12239,"Eyrie Reef (14-118)",4,0.0535714285714286,280,0.0307748059163823,0.016028031675196,0.102729890961125,0,0.217857142857143,0.305267474921628,0.17065064808137,0.0889666692749044
12240,"Eyrie Reef (14-118)",4,0.0464285714285714,280,0.0307748059163823,0.016028031675196,0.102729890961125,0,0.257499999999998,0.320137937527469,0.181198373866749,0.0945125065477324
12241,"Eyrie Reef (14-118)",4,0.0107142857142857,280,0.0360609782512061,0.019218386965315,0.123007233949752,0,0.278571428571429,0.345118939950045,0.196738766002761,0.102155066879591
12242,"Eyrie Reef (14-118)",4,0.0607142857142857,280,0.0460751481482972,0.024835471863681,0.151995573720289,0,0.378660714285714,0.397728623891265,0.241217067277986,0.133518709447284
12243,"Eyrie Reef (14-118)",4,0.025,280,0.0460751481482972,0.024835471863681,0.151995573720289,0,0.353571428571429,0.411084003071178,0.256538824775755,0.144700343775147
12244,"Eyrie Reef (14-118)",4,0.0142857142857143,280,0.0386120661473771,0.0206230877649224,0.130642913593288,0,0.253571428571429,0.349279512093664,0.202779825024586,0.10693120369406
12245,"Eyrie Reef (14-118)",4,0.0142857142857143,280,0.0386120661473771,0.0206230877649224,0.130642913593288,0,0.260803571428571,0.372543989199215,0.220068733977171,0.116001549521242
12246,"Eyrie Reef (14-118)",4,0.0142857142857143,280,0.0353732287358157,0.0186767663958392,0.118526452344586,0,0.310714285714286,0.33980891652614,0.20003735026615,0.109231745371653
12247,"Eyrie Reef (14-118)",4,0.025,280,0.0353732287358157,0.0186767663958392,0.118526452344586,0,0.303571428571429,0.33529279909666,0.192021677614594,0.100992187749564
12595,"Eyrie Reef (14-118)",4,0.05,360,0.0301744342982501,0.0157090527556762,0.100700178799662,0,0.211388888888887,0.300535090523318,0.179025452125858,0.092545653791884
12596,"Eyrie Reef (14-118)",4,0.0555555555555556,360,0.0301668914122198,0.0157063751383359,0.100674244557028,0,0.191736111111111,0.29890133227065,0.175056655070517,0.0868256990181032
12605,"Eyrie Reef (14-118)",4,0.0833333333333333,360,0.0299460938825059,0.0155809073580398,0.0999428947540459,0,0.202916666666666,0.293782858303555,0.175527134638706,0.0907594739159384
12606,"Eyrie Reef (14-118)",4,0.0305555555555556,360,0.045107727941631,0.0244119651049558,0.148446457597338,0,0.355555555555556,0.389626057362048,0.247399018342503,0.134728699313484
12721,"North Direction Reef (14-143)",3,0,450,0.0270987023241009,0.0150273576958135,0.0778872225254877,0,0.233333333333333,0.29011106351541,0.164455793192626,0.082335179596868
12722,"North Direction Reef (14-143)",3,0.00666666666666667,450,0.0278638117792872,0.0154759464561918,0.0803223743489867,0,0.202277777777777,0.290647773506851,0.163959789873593,0.0799637050283984
12789,"Lizard Island Reef (North West) (14-116a)",3,0.0155555555555556,450,0.0634094398232718,0.0351160249329347,0.179203969350956,0,0.515666666666666,0.486939204144419,0.328619037675324,0.194922682641076
13847,"Moore Reef (16-071)",5,0,300,0.0421289155701006,0.0268510919618946,0.0845945193705946,0,0.21675,0.466358268183092,0.27783316081688,0.134425847382403
13848,"Moore Reef (16-071)",5,0,300,0.046841597062502,0.0296774363535848,0.0936159976212848,0,0.313333333333333,0.509531932583848,0.317838779400733,0.161828885824744
14148,"Davies Reef (18-096)",2,0.0467532467532468,385,0.0317220298555735,0.0203258748150537,0.0722840117587798,0,0.194805194805195,0.38324938418513,0.214270911537985,0.100855728362254
14149,"Davies Reef (18-096)",2,0.0285714285714286,385,0.0317220298555735,0.0203258748150537,0.0722840117587798,0,0.194805194805195,0.377129231451133,0.208774668351498,0.0982648745929602
14150,"Davies Reef (18-096)",2,0.0181818181818182,385,0.0312476001454398,0.0201222807922963,0.0712846786300059,0,0.207792207792208,0.371951150055123,0.206394816282076,0.0975580877719462
14151,"Davies Reef (18-096)",2,0.025974025974026,385,0.0312476001454398,0.0201222807922963,0.0712846786300059,0,0.202662337662337,0.374378675896931,0.209904722992858,0.100780591745089
14156,"Davies Reef (18-096)",2,0.0815789473684211,380,0.050691557080602,0.0313542614972106,0.115797847386756,0,0.318486842105263,0.487153168379181,0.304779075946457,0.163622553371979
14157,"Davies Reef (18-096)",2,0.0736842105263158,380,0.050691557080602,0.0313542614972106,0.115797847386756,0,0.315921052631578,0.486951507274667,0.305306216678744,0.165568546836426
14158,"Davies Reef (18-096)",2,0.1,380,0.0498031443223003,0.0309478350734463,0.113408168486941,0,0.286907894736842,0.481666939163698,0.298992389174088,0.158498483183641
14159,"Davies Reef (18-096)",2,0.0578947368421053,380,0.0498031443223003,0.0309478350734463,0.113408168486941,0,0.365789473684211,0.500863065522862,0.314754310024111,0.168897171815852
14233,"Davies Reef (18-096)",2,0.253333333333333,150,0.0400159120115755,0.0251378618030742,0.0912461374834254,0,0.253499999999999,0.470503013197381,0.281636881357984,0.137282737691567
14234,"Davies Reef (18-096)",2,0.24,150,0.0400159120115755,0.0251378618030742,0.0912461374834254,0,0.300166666666666,0.472092345180808,0.284644333403351,0.142056099135421
14235,"Davies Reef (18-096)",2,0.233333333333333,150,0.0433245635133495,0.0273410191905857,0.0973069852090076,0,0.266833333333332,0.490750729342301,0.303863954721367,0.155005631102082
14236,"Davies Reef (18-096)",2,0.246666666666667,150,0.0433245635133495,0.0273410191905857,0.0973069852090076,0,0.293499999999999,0.475022914211044,0.288547551766222,0.144909419996549
14237,"Davies Reef (18-096)",2,0.146666666666667,150,0.03950602254949,0.0251534965423842,0.0891949203915317,0,0.253333333333333,0.470193345423913,0.284102694022181,0.140538520136721
14238,"Davies Reef (18-096)",2,0.126666666666667,150,0.03950602254949,0.0251534965423842,0.0891949203915317,0,0.24,0.460140504677023,0.274980241522051,0.134963987737918
14239,"Davies Reef (18-096)",2,0.0933333333333333,150,0.040147239946612,0.025696293171176,0.0907368083893934,0,0.246666666666667,0.476396413378603,0.288153582869172,0.141598561436251
14240,"Davies Reef (18-096)",2,0.108527131782946,129,0.040147239946612,0.025696293171176,0.0907368083893934,0,0.240503875968991,0.433450638214979,0.250605634074388,0.131269786485342
14241,"Davies Reef (18-096)",2,0.0266666666666667,150,0.0383848973621998,0.0244531797046868,0.0858916116917681,0,0.260166666666666,0.464804931977731,0.275988498948221,0.134967932463078
14379,"Davies Reef (18-096)",2,0.0518518518518519,135,0.0411752474648112,0.0261908973247476,0.0929999665768834,0,0.311111111111111,0.45230285755174,0.265726467878153,0.141303964972824
14380,"Davies Reef (18-096)",2,0.212121212121212,33,0.0377013624258776,0.0240684637282072,0.0853001575702754,0,0.242424242424242,0.444151861683579,0.241281188657833,0.148917551475267
14381,"Davies Reef (18-096)",2,0.158469945355191,183,0.0377013624258776,0.0240684637282072,0.0853001575702755,0,0.273224043715847,0.422058838337269,0.24469246778503,0.12721902737864
14382,"Davies Reef (18-096)",2,0.140243902439024,164,0.0380810045003536,0.0238933186135639,0.0867301449332655,0,0.268292682926829,0.402347785358522,0.256473347181972,0.122306388276261
14383,"Davies Reef (18-096)",2,0.0465116279069767,86,0.0411752474648112,0.0261908973247476,0.0929999665768834,0,0.255813953488372,0.460889409712814,0.265479932541954,0.143751814561731
14384,"Davies Reef (18-096)",2,0.0666666666666667,30,0.0377013624258776,0.0240684637282072,0.0853001575702754,0,0.266666666666667,0.421179753128626,0.218568825306001,0.130074376169059
14385,"Davies Reef (18-096)",2,0.203389830508475,118,0.0377013624258776,0.0240684637282072,0.0853001575702755,0,0.26271186440678,0.403378975954078,0.265743751827147,0.127915032271586
14386,"Davies Reef (18-096)",2,0.112068965517241,116,0.0377013624258776,0.0240684637282072,0.0853001575702754,0,0.29331896551724,0.389262223679852,0.254038832417116,0.119294664828915
14387,"Davies Reef (18-096)",2,0.163793103448276,116,0.0380810045003536,0.0238933186135638,0.0867301449332655,0,0.258620689655172,0.401335192507233,0.265801800874864,0.128252413599827
14388,"Davies Reef (18-096)",2,0.121951219512195,164,0.0377013624258776,0.0240684637282072,0.0853001575702755,0,0.250152439024389,0.400256865822675,0.252218591591719,0.117534788002917
14389,"Davies Reef (18-096)",2,0.23728813559322,177,0.0380281621002453,0.0238706851733089,0.0865654537343285,0,0.29957627118644,0.416049861905192,0.237613745414218,0.120596633569996
14390,"Davies Reef (18-096)",2,0.192982456140351,171,0.0411172516123772,0.0261545647840814,0.0928916821903825,0,0.269005847953216,0.428945407484288,0.277497931607236,0.134026347622499
14391,"Davies Reef (18-096)",2,0.0246913580246914,162,0.0382103211484953,0.0244988723850823,0.0867150966467031,0,0.216203703703703,0.405464267540552,0.259383265043237,0.135411399789449
14392,"Davies Reef (18-096)",2,0.0256410256410256,156,0.0382103211484953,0.0244988723850824,0.0867150966467031,0,0.275801282051281,0.388767602772627,0.243101343671096,0.124365200214168
14393,"Davies Reef (18-096)",2,0.0833333333333333,120,0.0380281621002453,0.0238706851733089,0.0865654537343285,0,0.233541666666666,0.411098599836039,0.274256401857369,0.131336098836799
14394,"Davies Reef (18-096)",2,0.114035087719298,114,0.0411172516123772,0.0261545647840813,0.0928916821903825,0,0.280701754385965,0.406660105668273,0.268801851320867,0.128224948678974
14395,"Davies Reef (18-096)",2,0,110,0.0382103211484953,0.0244988723850824,0.0867150966467031,0,0.2,0.380742503376868,0.244359930027746,0.126262209851468
14396,"Davies Reef (18-096)",2,0.02,100,0.0382103211484953,0.0244988723850824,0.0867150966467031,0,0.260249999999999,0.482769627131615,0.289900925952099,0.14207854556688
14397,"Davies Reef (18-096)",2,0,138,0.0369550062198472,0.0235881120040525,0.0833787580042561,0,0.232065217391303,0.425090080187827,0.240383305211306,0.109690397797038
14398,"Davies Reef (18-096)",2,0.0147058823529412,136,0.0369550062198472,0.0235881120040525,0.0833787580042561,0,0.220588235294118,0.42645747688974,0.242131869803701,0.12399813991201
14591,"Elford Reef (16-073)",4,0,300,0.0298534183128801,0.0157880459557843,0.101397870077624,0,0.256833333333332,0.333152063046323,0.192214905332122,0.0978954188143947
14592,"Elford Reef (16-073)",4,0,300,0.0298534183128801,0.0157880459557843,0.101397870077624,0,0.293583333333332,0.330920942787019,0.192914200766997,0.0992510849701347
14593,"Elford Reef (16-073)",4,0.00666666666666667,300,0.0475056735862234,0.0254205665593189,0.157096146936234,0,0.356666666666667,0.417950794733557,0.260896784900705,0.141598152112396
14594,"Elford Reef (16-073)",4,0.01,300,0.0475056735862234,0.0254205665593189,0.157096146936234,0,0.39,0.41735297388775,0.259763980650571,0.141913287575136
14595,"Elford Reef (16-073)",4,0,270,0.0475056735862234,0.0254205665593189,0.157096146936234,0,0.359444444444443,0.412462567908184,0.275541383540398,0.151539264433722
14596,"Elford Reef (16-073)",4,0,270,0.0475056735862234,0.0254205665593189,0.157096146936234,0,0.329907407407406,0.401562855495452,0.264245430669709,0.143882928351868
14783,"Davies Reef (18-096)",2,0.0388888888888889,180,0.0398099123764712,0.0253327648075888,0.0903058582041658,0,0.227916666666666,0.42770911562142,0.247402024271997,0.125829627844803
14784,"Davies Reef (18-096)",2,0.211640211640212,189,0.0398099123764712,0.0253327648075888,0.0903058582041658,0,0.243386243386243,0.44878342813863,0.26861316386051,0.13247653372475
14785,"Davies Reef (18-096)",2,0.174863387978142,183,0.0365357675330664,0.0233716043437899,0.0828223731872767,0,0.246038251366119,0.407904199301267,0.231270619170309,0.117199210194406
14786,"Davies Reef (18-096)",2,0.0862068965517241,174,0.0365357675330664,0.0233716043437899,0.0828223731872766,0,0.235775862068965,0.408144546360308,0.260252703298368,0.123358364599284
14787,"Davies Reef (18-096)",2,0.0437158469945355,183,0.0398099123764712,0.0253327648075888,0.0903058582041658,0,0.251366120218579,0.433070811512841,0.252338746488117,0.130417794641041
14788,"Davies Reef (18-096)",2,0.182291666666667,192,0.0398099123764712,0.0253327648075888,0.0903058582041658,0,0.234635416666665,0.448715506983177,0.266607635403399,0.130465097082224
14789,"Davies Reef (18-096)",2,0.225806451612903,186,0.0365357675330664,0.0233716043437899,0.0828223731872767,0,0.242069892473118,0.420963236485483,0.239573253809935,0.121959800687041
14790,"Davies Reef (18-096)",2,0.0833333333333333,180,0.0365357675330664,0.0233716043437899,0.0828223731872766,0,0.216805555555555,0.413640319563565,0.230849049264406,0.112834891085678
14791,"Davies Reef (18-096)",2,0.122222222222222,180,0.0397718185858481,0.0253057213913834,0.0902523502848838,0,0.300138888888888,0.424736387701755,0.247946592857292,0.130454179271896
14792,"Davies Reef (18-096)",2,0.122222222222222,180,0.0397718185858481,0.0253057213913834,0.0902523502848838,0,0.277777777777778,0.443055139781747,0.260781768129231,0.135261802758542
14793,"Davies Reef (18-096)",2,0.0847457627118644,177,0.0364919960734181,0.0233521572357716,0.0827530887847709,0,0.237429378531073,0.413203268955115,0.232601887196646,0.11542195031672
14794,"Davies Reef (18-096)",2,0.0833333333333333,180,0.0364919960734181,0.0233521572357716,0.082753088784771,0,0.216666666666667,0.413276220738425,0.234307638692985,0.118107026723879
14795,"Davies Reef (18-096)",2,0.147540983606557,183,0.0397718185858482,0.0253057213913834,0.0902523502848838,0,0.224180327868852,0.446275854778954,0.263148467721151,0.135585342821362
14796,"Davies Reef (18-096)",2,0.107344632768362,177,0.0364919960734181,0.0233521572357716,0.0827530887847709,0,0.265536723163842,0.408316464079711,0.235686356245455,0.122841784650351
14797,"Davies Reef (18-096)",2,0.0222222222222222,135,0.0364919960734181,0.0233521572357716,0.082753088784771,0,0.274074074074074,0.419894459313687,0.238390674709467,0.123279003683954
14798,"Davies Reef (18-096)",2,0.138888888888889,180,0.0397718185858481,0.0253057213913834,0.0902523502848838,0,0.305555555555556,0.434643838656714,0.257307628247493,0.136707957776111
14801,"Thetford Reef (16-068)",1,0.00298507462686567,335,0.025640565214735,0.0136300859098346,0.0779342192094983,0,0.220970149253731,0.282814567202232,0.157768369037822,0.0804938832887949
14802,"Thetford Reef (16-068)",1,0,335,0.025640565214735,0.0136300859098346,0.0779342192094983,0,0.218059701492537,0.272635808539923,0.149505339938608,0.0769647772876755
14803,"Thetford Reef (16-068)",1,0.00597014925373134,335,0.025640565214735,0.0136300859098346,0.0779342192094983,0,0.206119402985074,0.274959837943657,0.150249639857557,0.0762362458858968
14804,"Thetford Reef (16-068)",1,0,335,0.025640565214735,0.0136300859098346,0.0779342192094983,0,0.188134328358209,0.259973827318995,0.14186021547367,0.0724216976480907
14805,"Thetford Reef (16-068)",1,0,330,0.030609378078485,0.0162845411174553,0.0913126163686728,0,0.239621212121211,0.312730706034839,0.178538353087924,0.0926063600685772
14806,"Thetford Reef (16-068)",1,0,330,0.030609378078485,0.0162845411174553,0.0913126163686728,0,0.233333333333333,0.322110453828214,0.183300278183925,0.0945470567917086
14807,"Thetford Reef (16-068)",1,0.00606060606060606,330,0.030609378078485,0.0162845411174553,0.0913126163686728,0,0.248560606060606,0.304137035925682,0.169944125708149,0.0877539689903142
14808,"Thetford Reef (16-068)",1,0.00909090909090909,330,0.030609378078485,0.0162845411174553,0.0913126163686728,0,0.251590909090909,0.314112109182698,0.176221576107,0.0898629365902823
14809,"Thetford Reef (16-068)",1,0,223,0.0316485370858291,0.0169277666420264,0.0945126065168943,0,0.237892376681613,0.316281678206809,0.196678322374242,0.0983941965430706
14810,"Thetford Reef (16-068)",1,0,225,0.0316485370858291,0.0169277666420264,0.0945126065168943,0,0.204666666666665,0.302136291124381,0.183781686442773,0.0891401378459923
14811,"Thetford Reef (16-068)",1,0,225,0.0316485370858291,0.0169277666420264,0.0945126065168943,0,0.28911111111111,0.32401301067356,0.204871269828843,0.106596764582482
14812,"Thetford Reef (16-068)",1,0.00888888888888889,225,0.0316485370858291,0.0169277666420264,0.0945126065168943,0,0.284444444444444,0.313682594161303,0.194217576256689,0.0982906782975692
14813,"Thetford Reef (16-068)",1,0.0166666666666667,300,0.0327834651151627,0.0175212523165506,0.0982002275175427,0,0.21675,0.332541240374436,0.193634034872609,0.0984906957043888
14814,"Thetford Reef (16-068)",1,0,300,0.0327834651151627,0.0175212523165506,0.0982002275175427,0,0.230083333333333,0.337999899268421,0.194023933077513,0.0971371894407307
14815,"Thetford Reef (16-068)",1,0.0133333333333333,300,0.0327834651151627,0.0175212523165506,0.0982002275175427,0,0.22,0.339946946107324,0.199565768963192,0.102051744045536
14816,"Thetford Reef (16-068)",1,0,300,0.0327834651151627,0.0175212523165506,0.0982002275175427,0,0.243333333333333,0.333640889660241,0.193080913886442,0.0975981385223206
14863,"Elford Reef (16-073)",4,0,160,0.0251498975597429,0.0130953490853635,0.0850543595877981,0,0.2,0.250820663862471,0.148026732196134,0.0739879567732694
14864,"Davies Reef (18-096)",2,0.0945945945945946,222,0.0370521572817001,0.0230209056610813,0.0839462478657551,0,0.216216216216216,0.404960290876395,0.255535927104303,0.12409980702813
14865,"Davies Reef (18-096)",2,0.26,250,0.0370521572817001,0.0230209056610813,0.0839462478657551,0,0.264,0.4372902593215,0.256203664316666,0.122934705518455
14866,"Davies Reef (18-096)",2,0.064,250,0.0370521572817001,0.0230209056610813,0.0839462478657551,0,0.224099999999999,0.44753202838358,0.266299099111447,0.128581532276568
14867,"Davies Reef (18-096)",2,0.252,250,0.0399413487217392,0.0254013965703096,0.0904701813991557,0,0.280099999999999,0.456367461976328,0.2725545316735,0.132030692797602
14946,"Davies Reef (18-096)",2,0.0458333333333333,240,0.0403155895070749,0.025294553580145,0.0915684297862508,0,0.245833333333333,0.447702056515607,0.26469327123079,0.126985236334308
14947,"Davies Reef (18-096)",2,0.259259259259259,54,0.0440062248943355,0.0271695069746666,0.100822960707006,0,0.314814814814815,0.366809412585671,0.254782062570028,0.143556747148406
14948,"Davies Reef (18-096)",2,0.0340136054421769,147,0.0403155895070749,0.025294553580145,0.0915684297862508,0,0.286054421768706,0.47021618445326,0.281725056070448,0.138183910707229
14949,"Davies Reef (18-096)",2,0.103174603174603,126,0.0440062248943355,0.0271695069746665,0.100822960707006,0,0.277976190476189,0.452863774455569,0.267289028915325,0.142745586003072
14950,"Davies Reef (18-096)",2,0.0151515151515152,132,0.0440062248943355,0.0271695069746665,0.100822960707006,0,0.296022727272724,0.466825819677337,0.27717207973936,0.147769200558092
14951,"Davies Reef (18-096)",2,0.0238095238095238,168,0.0440062248943355,0.0271695069746665,0.100822960707006,0,0.285714285714286,0.450589088344715,0.299901289848226,0.150102481661739
14952,"Davies Reef (18-096)",2,0.0163934426229508,183,0.0365502206114587,0.023319604466694,0.0833650195296217,0,0.246038251366119,0.423805977957921,0.24371242872304,0.123319021951423
14953,"Davies Reef (18-096)",2,0.0296296296296296,135,0.0365502206114587,0.023319604466694,0.0833650195296217,0,0.214814814814815,0.429668059092394,0.242717505830924,0.12263218600952
14958,"Davies Reef (18-096)",2,0.0708333333333333,240,0.0392292560679842,0.024937890292388,0.0891081362083108,0,0.245833333333333,0.439286851033033,0.257494104881559,0.123394388853239
14959,"Davies Reef (18-096)",2,0.05,240,0.0359771817769148,0.0228589546365979,0.0817921001384598,0,0.220937499999999,0.4106135950332,0.233049331284893,0.107591921432155
14960,"Davies Reef (18-096)",2,0.0590717299578059,237,0.0359771817769149,0.0228589546365979,0.0817921001384599,0,0.227848101265823,0.419957959903842,0.241115089140064,0.120736648108805
14961,"Davies Reef (18-096)",2,0.0666666666666667,240,0.0364682258805469,0.0225744755484732,0.0825594903258171,0,0.233333333333333,0.421227995860861,0.238964675515463,0.110395814268274
14962,"Davies Reef (18-096)",2,0.149038461538462,208,0.0391992034059287,0.0249155830016564,0.0890295783233671,0,0.245432692307691,0.403609170096371,0.255350510061093,0.133582710160195
14963,"Davies Reef (18-096)",2,0.075,40,0.0364382055547808,0.0225515698100259,0.082469992038616,0,0.25,0.469114364677373,0.262294914983258,0.111522503355057
14964,"Davies Reef (18-096)",2,0.0595238095238095,252,0.0364382055547808,0.0225515698100259,0.082469992038616,0,0.250099206349206,0.383647243601373,0.23376033898377,0.116620350336429
14965,"Davies Reef (18-096)",2,0.0431034482758621,232,0.0359479519066338,0.0228341104316883,0.081732573667599,0,0.224245689655172,0.412816443698862,0.238938542255634,0.120530959309346
14966,"Davies Reef (18-096)",2,0.114406779661017,236,0.0417569692839077,0.025945817498932,0.0947870129960787,0,0.279661016949153,0.449083702336149,0.265638687391523,0.137021421730493
14967,"Davies Reef (18-096)",2,0.0714285714285714,168,0.0391992034059287,0.0249155830016564,0.0890295783233671,0,0.262053571428571,0.411416369156146,0.263207974439093,0.126462442496492
14968,"Davies Reef (18-096)",2,0.152777777777778,72,0.0364382055547808,0.0225515698100259,0.082469992038616,0,0.236458333333331,0.393792840499151,0.279399006921925,0.129450039073384
14969,"Davies Reef (18-096)",2,0.0833333333333333,240,0.0364382055547808,0.0225515698100259,0.082469992038616,0,0.241666666666667,0.417231454658447,0.240430831914338,0.1142919758569
14970,"Davies Reef (18-096)",2,0.0972222222222222,216,0.0359479519066338,0.0228341104316884,0.081732573667599,0,0.227083333333332,0.396133242952038,0.245386517888606,0.11560791006091
14971,"Davies Reef (18-096)",2,0.109090909090909,220,0.0417569692839077,0.025945817498932,0.0947870129960787,0,0.277499999999999,0.43393985451972,0.279372199169421,0.13768013812936
14972,"Davies Reef (18-096)",2,0.0277777777777778,180,0.0373208474337592,0.023534812432106,0.0849613074120447,0,0.239027777777777,0.423812659936943,0.242165078759034,0.120358909613305
14973,"Davies Reef (18-096)",2,0.05,40,0.0373208474337592,0.023534812432106,0.0849613074120447,0,0.25,0.48036583140663,0.27413252306797,0.121990795698848
14974,"Davies Reef (18-096)",2,0.0135135135135135,148,0.0390446876593124,0.0244360316304294,0.0889971626440353,0,0.256756756756757,0.45435517731526,0.267552513481682,0.130234162991616
14975,"Davies Reef (18-096)",2,0.0625,176,0.0373208474337592,0.023534812432106,0.0849613074120447,0,0.250142045454545,0.410300354839308,0.23118659944747,0.115463724138659
14976,"Davies Reef (18-096)",2,0.05,40,0.0373208474337592,0.023534812432106,0.0849613074120447,0,0.25,0.481181692837564,0.277183924101075,0.125006770687675
14977,"Davies Reef (18-096)",2,0.0197368421052632,152,0.0390446876593124,0.0244360316304294,0.0889971626440353,0,0.230263157894737,0.386482172279397,0.240578532400856,0.120821770978649
14978,"Davies Reef (18-096)",2,0.0212765957446809,141,0.0373208474337592,0.023534812432106,0.0849613074120447,0,0.234219858156027,0.438300660697898,0.252823831865634,0.116807429282253
14979,"Davies Reef (18-096)",2,0.0333333333333333,30,0.0373208474337592,0.023534812432106,0.0849613074120448,0,0.266666666666667,0.42156601257319,0.2202743944788,0.132802202374191
14980,"Davies Reef (18-096)",2,0.0526315789473684,114,0.0390446876593124,0.0244360316304294,0.0889971626440354,0,0.271929824561404,0.394354371727654,0.259442706061067,0.123771753292223
14981,"Davies Reef (18-096)",2,0.0148148148148148,135,0.0373208474337592,0.023534812432106,0.0849613074120448,0,0.266851851851851,0.424934492835894,0.243284926687521,0.126721573141932
14982,"Davies Reef (18-096)",2,0.0333333333333333,30,0.0373208474337592,0.023534812432106,0.0849613074120448,0,0.233333333333333,0.421982409052685,0.220570518802283,0.132561348158906
14983,"Davies Reef (18-096)",2,0.0256410256410256,117,0.0390446876593124,0.0244360316304294,0.0889971626440354,0,0.247863247863248,0.404294444177829,0.266853777380484,0.126242001616865
14988,"Davies Reef (18-096)",2,0.0166666666666667,240,0.0237997895352594,0.0152029972363069,0.0552811330851747,0,0.145937499999999,0.315579510954849,0.159480699405123,0.0648363076075029
14989,"Davies Reef (18-096)",2,0.0116959064327485,171,0.0237997895352594,0.0152029972363069,0.0552811330851747,0,0.169590643274854,0.297139310866247,0.170574961185035,0.0703232868482256
14990,"Davies Reef (18-096)",2,0.0246913580246914,162,0.0382199068148914,0.0240084533461886,0.0866936283246061,0,0.265432098765432,0.393657725110738,0.247443969299393,0.126793818594831
14991,"Davies Reef (18-096)",2,0.0621468926553672,177,0.0382199068148914,0.0240084533461886,0.0866936283246061,0,0.259887005649718,0.426323679318905,0.24269535321093,0.121881791452117
14995,"Davies Reef (18-096)",2,0.0170454545454545,176,0.0381495817855365,0.0239692715163046,0.0864969428358434,0,0.244460227272727,0.415904664642912,0.234780677332629,0.116912305359533
14996,"Davies Reef (18-096)",2,0.0130718954248366,153,0.0381495817855365,0.0239692715163046,0.0864969428358434,0,0.287581699346405,0.381582197768591,0.23954280283628,0.122214878105395
14997,"Davies Reef (18-096)",2,0.0232558139534884,129,0.0381495817855365,0.0239692715163046,0.0864969428358434,0,0.232751937984495,0.421946468434755,0.240210350619597,0.123900399320997
14998,"Davies Reef (18-096)",2,0.0432098765432099,162,0.0381495817855365,0.0239692715163046,0.0864969428358434,0,0.246913580246914,0.39180996168419,0.246798010384331,0.126495264147249
14999,"Davies Reef (18-096)",2,0.00740740740740741,135,0.0381495817855365,0.0239692715163046,0.0864969428358434,0,0.222222222222222,0.434821983457673,0.250873177495008,0.130175282177794
15094,"Elford Reef (16-073)",4,0,150,0.0249846077360307,0.0129826977125666,0.0846346383487849,0,0.173333333333333,0.302407709481456,0.163800328899398,0.0766558551964082
15095,"Elford Reef (16-073)",4,0,150,0.0249846077360307,0.0129826977125666,0.0846346383487849,0,0.2,0.306924571226845,0.16613000773731,0.078529921766178
15096,"Elford Reef (16-073)",4,0,150,0.0285048625475943,0.0149289202237106,0.0978126735918073,0,0.213333333333333,0.344598219188944,0.194550684511815,0.0945249603628472
15097,"Elford Reef (16-073)",4,0,150,0.0285048625475943,0.0149289202237106,0.0978126735918073,0,0.22,0.338247810692113,0.190244987020794,0.0933724665684502
15121,"Thetford Reef (16-068)",1,0.005,200,0.0321838272208859,0.0172016695139389,0.0969453407636608,0,0.21,0.338307714991107,0.19611472185873,0.099023292382318
15122,"Thetford Reef (16-068)",1,0.0157894736842105,190,0.0378894781449805,0.020362831193608,0.113778362844692,0,0.347499999999999,0.378379562224066,0.226002132388193,0.118224882680299
15123,"Thetford Reef (16-068)",1,0.0105263157894737,190,0.0378894781449805,0.020362831193608,0.113778362844692,0,0.300131578947368,0.369912573894373,0.217625275416362,0.112399264831573
15193,"Davies Reef (18-096)",2,0.0541666666666667,240,0.0396100381196873,0.0249037229622197,0.0898589103167164,0,0.295937499999999,0.44180181886206,0.264218191796149,0.132122866244204
15194,"Davies Reef (18-096)",2,0.0416666666666667,240,0.0396100381196873,0.0249037229622197,0.0898589103167164,0,0.245833333333333,0.443555994923765,0.264746556240385,0.130427531048434
15195,"Davies Reef (18-096)",2,0.2,60,0.0354412713333004,0.0223397177491059,0.0806328234668165,0,0.25,0.350136978355796,0.241194944802857,0.134838197765686
15196,"Davies Reef (18-096)",2,0.120689655172414,232,0.0354412713333004,0.0223397177491059,0.0806328234668165,0,0.245689655172414,0.40090800601591,0.226425703890871,0.112225854227351
15197,"Davies Reef (18-096)",2,0.135869565217391,184,0.0359118831681686,0.0221659106779141,0.0815604184636591,0,0.255706521739129,0.406779841323932,0.228736196321707,0.114239685237468
15198,"Davies Reef (18-096)",2,0.0625,176,0.0354190530667856,0.0223228281037787,0.0805571108722034,0,0.227414772727272,0.395866444635292,0.219432673860875,0.108231786409686
15199,"Davies Reef (18-096)",2,0.0972222222222222,216,0.0354190530667857,0.0223228281037787,0.0805571108722034,0,0.203935185185184,0.380225625195205,0.230563769734116,0.103723412112265
15200,"Davies Reef (18-096)",2,0.05625,160,0.0354190530667856,0.0223228281037787,0.0805571108722034,0,0.225,0.375105318849698,0.232711451092123,0.117736861146737
15201,"Davies Reef (18-096)",2,0.115740740740741,216,0.0354190530667857,0.0223228281037787,0.0805571108722034,0,0.236226851851851,0.385296244422087,0.234964901653365,0.107781721324993
15295,"Batt Reef (16-029)",4,0.00416666666666667,240,0.0421174817360404,0.0219964967664011,0.1393470018309,0,0.325,0.37572279659761,0.223725334252694,0.117887641351911
15296,"Batt Reef (16-029)",4,0.025,240,0.0449731927694112,0.0237559097937624,0.14818433410029,0,0.233437499999999,0.39213565200413,0.23303147900264,0.118601729018858
15297,"Batt Reef (16-029)",4,0.0416666666666667,240,0.0492002310839974,0.0262693991748573,0.162068522543388,0,0.329166666666667,0.415425913627665,0.254702557396034,0.137917828366747
15339,"Bowden Reef (19-019)",1,0.00909090909090909,220,0.0486934275672649,0.0255364984831863,0.14020672721921,0,0.382045454545453,0.388589762413638,0.256432507285063,0.137836485270458
15340,"Bowden Reef (19-019)",1,0.0136363636363636,220,0.0546919322829071,0.0287596846088248,0.157638941914825,0,0.436590909090908,0.421445419200555,0.285352587549312,0.159383923741887
15341,"Bowden Reef (19-019)",1,0.0277777777777778,252,0.0609419380918912,0.0320964818221341,0.175190376895358,0,0.388988095238095,0.422290162260771,0.285990415193356,0.169548454008023
15342,"Bowden Reef (19-019)",1,0.0129533678756477,386,0.0457661835027164,0.0242563494902818,0.132767662786241,0,0.35252590673575,0.384106787809251,0.233927178589383,0.128013565688519
15343,"Bowden Reef (19-019)",1,0.0103448275862069,290,0.060847724647452,0.0320463101425349,0.174953971722516,0,0.503620689655171,0.475521260505075,0.311679177121789,0.178508351263567
15344,"Bowden Reef (19-019)",1,0.0452961672473868,574,0.051995418470725,0.0277259896932049,0.150473790323303,0,0.449782229965155,0.418815412544933,0.273909757578551,0.153065845713147
15345,"Bowden Reef (19-019)",1,0.00526315789473684,380,0.0468011851251498,0.0247419318337674,0.135546399643162,0,0.342105263157895,0.413772460358343,0.262967049425638,0.150883959177407
15346,"Bowden Reef (19-019)",1,0.00471698113207547,212,0.0594604989337203,0.0317535587546173,0.170498911161873,0,0.466981132075472,0.443962954877751,0.307010442403061,0.18539614648137
15347,"Bowden Reef (19-019)",1,0.0192307692307692,208,0.060585698937488,0.0322518474215007,0.17380587986635,0,0.504927884615384,0.423084136230693,0.28777623459708,0.170116801623751
15348,"Bowden Reef (19-019)",1,0.0186567164179104,268,0.0536824598287129,0.0285205876040282,0.155211716535546,0,0.354570895522388,0.411642753571701,0.270825610681975,0.147073918290428
15349,"Bowden Reef (19-019)",1,0,488,0.0453789137064934,0.0240616265913703,0.131725098310788,0,0.309579918032786,0.394432555113954,0.244942067606495,0.132843127462225
15397,"Davies Reef (18-096)",2,0.0178571428571429,112,0.0393463873960195,0.024713723729427,0.0892804858665084,0,0.294642857142857,0.396425076602825,0.260952425129212,0.140309276201831
15398,"Davies Reef (18-096)",2,0.0572916666666667,192,0.0356897491380806,0.0220166667673923,0.080986697118354,0,0.224088541666666,0.420461672997634,0.240758186030469,0.111568467138521
15399,"Davies Reef (18-096)",2,0.032258064516129,248,0.0352596385936338,0.0221994115717809,0.079974284057349,0,0.254133064516128,0.426613548208193,0.248558309903258,0.119104329204635
15400,"Davies Reef (18-096)",2,0.025,160,0.0352596385936338,0.0221994115717809,0.079974284057349,0,0.25,0.374473251070194,0.232569269354755,0.117687184953439
15402,"Davies Reef (18-096)",2,0.0572916666666667,192,0.0341637494178609,0.0216219630627135,0.0776841804204473,0,0.203255208333333,0.40455764306847,0.227308631004889,0.103660888269202
15403,"Davies Reef (18-096)",2,0.080188679245283,212,0.0352393534361014,0.0221879598609915,0.0799041408238592,0,0.240566037735849,0.389348256519137,0.238850164828476,0.119086070813347
15404,"Davies Reef (18-096)",2,0.05,140,0.0384514019478341,0.0243228925429411,0.0870527367860227,0,0.228571428571429,0.442873532908859,0.257965363924945,0.122317638890567
15405,"Davies Reef (18-096)",2,0.1,100,0.0384514019478341,0.0243228925429412,0.0870527367860227,0,0.260249999999999,0.471808200199866,0.280190367314742,0.136729693787039
15406,"Davies Reef (18-096)",2,0.089622641509434,212,0.0408683282030434,0.0253555337912331,0.0932929075144823,0,0.235966981132075,0.41436410102107,0.260885541383835,0.135196299976502
15446,"Davies Reef (18-096)",2,0.0490196078431373,102,0.0355248723280934,0.0218936904479702,0.0805072615953938,0,0.225490196078431,0.346410395688663,0.217269610557179,0.109459290024174
15447,"Davies Reef (18-096)",2,0.0648148148148148,108,0.0355248723280934,0.0218936904479702,0.0805072615953938,0,0.268518518518519,0.368102288995015,0.235848217825085,0.122331574244949
15448,"Davies Reef (18-096)",2,0.0652173913043478,92,0.0406802336065838,0.0252429657007595,0.0930310739709162,0,0.272010869565216,0.485232951525723,0.295229793629241,0.148725738047287
15449,"Davies Reef (18-096)",2,0.0113636363636364,88,0.0406802336065838,0.0252429657007595,0.0930310739709162,0,0.238636363636364,0.465529498880436,0.271490231182119,0.125690917008912
15450,"Davies Reef (18-096)",2,0.0763888888888889,144,0.0355248723280934,0.0218936904479702,0.0805072615953938,0,0.229340277777777,0.428567012597988,0.244775430581326,0.113428457559141
15451,"Davies Reef (18-096)",2,0.115384615384615,156,0.0355248723280934,0.0218936904479702,0.0805072615953938,0,0.230769230769231,0.37641402855156,0.233811374553619,0.115796840503216
15452,"Davies Reef (18-096)",2,0.0486111111111111,144,0.0406802336065838,0.0252429657007595,0.0930310739709162,0,0.263888888888889,0.455905043977536,0.271354122440117,0.132265686915104
15453,"Davies Reef (18-096)",2,0.0486111111111111,144,0.0406802336065838,0.0252429657007595,0.0930310739709162,0,0.264236111111109,0.46520512680072,0.276744227148032,0.133703695052959
15454,"Davies Reef (18-096)",2,0.00666666666666667,150,0.0350645277214566,0.0220994471986927,0.0793628474146246,0,0.266833333333332,0.438496031867419,0.256752842600881,0.124376990457852
15455,"Davies Reef (18-096)",2,0.1,60,0.0350645277214566,0.0220994471986927,0.0793628474146247,0,0.233749999999998,0.348858811281029,0.240219646772001,0.133718270539691
15456,"Davies Reef (18-096)",2,0.0555555555555556,90,0.0340083133168651,0.0214489572548615,0.0772841836628838,0,0.255555555555556,0.428988122056195,0.237101123646892,0.104371822310671
15457,"Davies Reef (18-096)",2,0.0465116279069767,129,0.038308105236294,0.0241148043908391,0.0866728453186848,0,0.224806201550388,0.431678016498594,0.24653219852128,0.12666331892603
15458,"Davies Reef (18-096)",2,0.0444444444444444,180,0.0383081052362941,0.0241148043908391,0.0866728453186848,0,0.244444444444444,0.422181252118527,0.24312755503958,0.123537668232562
15459,"Davies Reef (18-096)",2,0.0612244897959184,98,0.0350645277214566,0.0220994471986927,0.0793628474146247,0,0.255102040816327,0.45267290597496,0.260103788627965,0.120173482085801
15460,"Davies Reef (18-096)",2,0.15,40,0.0350645277214566,0.0220994471986927,0.0793628474146247,0,0.2,0.465849251410745,0.257839845049959,0.108277298060007
15461,"Davies Reef (18-096)",2,0.037037037037037,54,0.0340083133168651,0.0214489572548615,0.0772841836628838,0,0.259259259259259,0.30804580814445,0.203749770987609,0.107478956967419
15462,"Davies Reef (18-096)",2,0.0340909090909091,88,0.0383081052362941,0.0241148043908391,0.0866728453186849,0,0.272727272727273,0.448694305889894,0.257464818201896,0.120739322652985
15463,"Davies Reef (18-096)",2,0.0862068965517241,116,0.038308105236294,0.0241148043908391,0.0866728453186848,0,0.241379310344828,0.398262792928847,0.262045503906852,0.123448759483986
15464,"Davies Reef (18-096)",2,0,96,0.0350411920730956,0.0220887522183187,0.0792975459321611,0,0.219010416666665,0.446767150026965,0.257473947367211,0.120052162836987
15465,"Davies Reef (18-096)",2,0.0208333333333333,96,0.0350411920730956,0.0220887522183187,0.0792975459321611,0,0.260416666666667,0.448074702284154,0.259090840757601,0.122699587577147
15466,"Davies Reef (18-096)",2,0.0465116279069767,129,0.0350411920730956,0.0220887522183187,0.0792975459321611,0,0.224999999999999,0.400472928186707,0.220586358179197,0.108791362634851
15467,"Davies Reef (18-096)",2,0.0612244897959184,147,0.0350411920730956,0.0220887522183187,0.0792975459321611,0,0.224489795918367,0.439389294188161,0.25497601727528,0.119324354493877
15476,"Lizard Island Reef (Lagoon) (14-116d)",4,0.0733333333333333,300,0.0505083032000182,0.0269425728449249,0.167726210396123,0,0.36,0.425864688215611,0.265162289240829,0.145087407307386
15477,"Lizard Island Reef (North West) (14-116a)",3,0.0245614035087719,285,0.0375786366980224,0.0211941905250319,0.106615317864879,0,0.245701754385964,0.353887500470816,0.210115453995177,0.113146706684106
15478,"Lizard Island Reef (North West) (14-116a)",3,0.0491228070175439,285,0.0346980126793153,0.0195411221700061,0.09789930894748,0,0.263333333333332,0.337003278578683,0.197975375407075,0.108425038957249
15479,"Lizard Island Reef (Lagoon) (14-116d)",4,0.0596491228070175,285,0.0418048413394059,0.022455627126445,0.142018436341677,0,0.319649122807016,0.386424389464279,0.234225794664291,0.129031769464682
15480,"Eyrie Reef (14-118)",4,0.0666666666666667,285,0.0428142411240451,0.0232027534036559,0.143870219757593,0,0.259649122807018,0.376923264406378,0.224783284600368,0.121166080282682
15679,"Davies Reef (18-096)",2,0.0576923076923077,156,0.0430973932870202,0.0263047154894282,0.0998906364197436,0,0.262980769230768,0.41762143541155,0.270805373636854,0.144153538124993
15680,"Davies Reef (18-096)",2,0.0512820512820513,156,0.0430973932870202,0.0263047154894282,0.0998906364197436,0,0.262820512820513,0.408679408844328,0.260775464574426,0.135483937148164
15681,"Davies Reef (18-096)",2,0.160714285714286,112,0.0430973932870201,0.0263047154894281,0.0998906364197436,0,0.277008928571427,0.410070450270274,0.272718126212849,0.149444179360106
15682,"Davies Reef (18-096)",2,0.00961538461538462,104,0.0430973932870201,0.0263047154894281,0.0998906364197436,0,0.25,0.399303064706024,0.260967763152769,0.138110232382584
15684,"Davies Reef (18-096)",2,0.025,120,0.0347269397093615,0.021927564730312,0.0783835753630102,0,0.241666666666667,0.372929054770822,0.238687437390938,0.107905711971561
15685,"Davies Reef (18-096)",2,0.0333333333333333,120,0.0347269397093615,0.021927564730312,0.0783835753630102,0,0.258333333333333,0.39048998050232,0.25620642737686,0.120039008064602
15686,"Davies Reef (18-096)",2,0.1,30,0.0347269397093616,0.021927564730312,0.0783835753630103,0,0.266666666666667,0.41416657443748,0.214276285390622,0.128088773357068
15687,"Davies Reef (18-096)",2,0.0166666666666667,60,0.0336785574920466,0.0211162752336576,0.0765590883326604,0,0.200416666666664,0.330969734451556,0.222848466517165,0.120435397538439
15688,"Davies Reef (18-096)",2,0,40,0.0347269397093616,0.021927564730312,0.0783835753630103,0,0.25,0.466616069096379,0.260776621236465,0.113023919749247
15689,"Davies Reef (18-096)",2,0.0806451612903226,186,0.0347269397093616,0.021927564730312,0.0783835753630103,0,0.236559139784946,0.402660556361604,0.227236588638061,0.115331608007838
15690,"Davies Reef (18-096)",2,0.0555555555555556,180,0.0347269397093616,0.021927564730312,0.0783835753630103,0,0.211249999999999,0.40417348961102,0.226148595862439,0.111960944665039
15691,"Davies Reef (18-096)",2,0.0641025641025641,78,0.0347269397093616,0.021927564730312,0.0783835753630103,0,0.231089743589742,0.397159472346494,0.211952378221144,0.107434003051199
15692,"Davies Reef (18-096)",2,0.0423728813559322,118,0.0336785574920466,0.0211162752336576,0.0765590883326604,0,0.220338983050847,0.360975675137225,0.229219258492335,0.103147883191919
15693,"Davies Reef (18-096)",2,0,88,0.0336785574920466,0.0211162752336576,0.0765590883326604,0,0.227272727272727,0.416917298191145,0.22955173111616,0.10186431026374
15694,"Davies Reef (18-096)",2,0.0111111111111111,90,0.0336785574920466,0.0211162752336576,0.0765590883326604,0,0.233333333333333,0.434861982468677,0.246917854436024,0.113331878732994
15695,"Davies Reef (18-096)",2,0.0208333333333333,48,0.0347269397093616,0.021927564730312,0.0783835753630103,0,0.229166666666667,0.499026373477049,0.288565127888245,0.127366582975181
15696,"Davies Reef (18-096)",2,0.0614035087719298,114,0.0347150875853825,0.0219180631087559,0.0783467821079389,0,0.245614035087719,0.375891431584829,0.244367708538331,0.115516912814751
15697,"Davies Reef (18-096)",2,0.112068965517241,116,0.0350785642787729,0.0216321699540371,0.0794774294859476,0,0.25,0.377938364642237,0.242873178557759,0.110217046136783
15698,"Davies Reef (18-096)",2,0.0402298850574713,174,0.0347150875853825,0.0219180631087559,0.0783467821079389,0,0.218390804597701,0.384092175837516,0.240938203840181,0.113062822353569
15699,"Davies Reef (18-096)",2,0.0804597701149425,174,0.0350785642787729,0.0216321699540372,0.0794774294859476,0,0.224137931034483,0.396254446598432,0.250873138449895,0.118332532832303
15728,"Lizard Island Reef (Lagoon) (14-116d)",4,0.00917431192660551,218,0.020712576224947,0.0105106217902999,0.0710280309836288,0,0.160665137614678,0.234051122118742,0.132113057588795,0.0598906180560077
15729,"Lizard Island Reef (Lagoon) (14-116d)",4,0.00526315789473684,190,0.0212628594006935,0.010833431482173,0.0727387822893177,0,0.163157894736842,0.250621844813665,0.131198399794529,0.0610204725733996
15730,"Lizard Island Reef (Lagoon) (14-116d)",4,0.0315789473684211,190,0.0215014272663215,0.010955482228047,0.0734680060223137,0,0.147368421052632,0.256170768902251,0.133348871868564,0.0617341286135679
15731,"Lizard Island Reef (Lagoon) (14-116d)",4,0,190,0.021434219478803,0.0109205460285973,0.0732735713214875,0,0.168421052631579,0.266049993218844,0.140987352098341,0.0658115530002764
15736,"Lizard Island Reef (North East) (14-116b)",4,0,230,0.0296586459000871,0.0155044942177601,0.0997337069602597,0,0.221847826086956,0.313452551782471,0.173166681818952,0.0871038073993188
15737,"Lizard Island Reef (North East) (14-116b)",4,0,232,0.0296586459000871,0.0155044942177601,0.0997337069602597,0,0.254310344827586,0.302433171493167,0.169647237100701,0.0899780330521675
15738,"Lizard Island Reef (North East) (14-116b)",4,0.0045045045045045,222,0.0248032089738727,0.0127892243509927,0.0838851757980003,0,0.184684684684685,0.269862362887598,0.162003921242983,0.0782103121063407
15739,"Lizard Island Reef (North East) (14-116b)",4,0.00416666666666667,240,0.0248032089738727,0.0127892243509927,0.0838851757980003,0,0.216770833333333,0.27375752280555,0.145493180255821,0.0698845902532151
15750,"Batt Reef (16-029)",4,0.008,250,0.0487201119599341,0.02599760994947,0.160163526383817,0,0.412,0.412768342054376,0.253466685166969,0.13558048317499
15751,"Batt Reef (16-029)",4,0.005,200,0.0487201119599341,0.02599760994947,0.160163526383817,0,0.310124999999999,0.426235847554178,0.262279726757355,0.141010625439722
15823,"Davies Reef (18-096)",2,0.0583333333333333,240,0.0349256843842612,0.021519545388334,0.0790828433175708,0,0.204270833333333,0.40241880928384,0.227441500275189,0.105664372731542
15824,"Davies Reef (18-096)",2,0.0560344827586207,232,0.0349256843842612,0.021519545388334,0.0790828433175708,0,0.258620689655172,0.403315762968318,0.229749710959333,0.11435164156562
15825,"Davies Reef (18-096)",2,0.140350877192982,228,0.0349053523956366,0.0215070508077686,0.0790349572534678,0,0.228179824561403,0.392995522218108,0.221863679605823,0.110412685456859
15826,"Davies Reef (18-096)",2,0.087719298245614,228,0.0377300337526511,0.0236633363435544,0.0855397785451277,0,0.250109649122806,0.414007752218021,0.23596738748125,0.118013707078073
15827,"Davies Reef (18-096)",2,0.0444444444444444,180,0.0345868008225789,0.0218026212245568,0.0780261844317883,0,0.272222222222222,0.413022740742396,0.234743967011715,0.11883852728061
15828,"Davies Reef (18-096)",2,0.0147058823529412,204,0.0345868008225789,0.0218026212245568,0.0780261844317883,0,0.225490196078431,0.369624588708681,0.224881864330827,0.110433668594594
15829,"Davies Reef (18-096)",2,0.0517241379310345,232,0.0349053523956366,0.0215070508077686,0.0790349572534677,0,0.202586206896552,0.39746287629344,0.222329821920497,0.10807122189902
15830,"Davies Reef (18-096)",2,0.00925925925925926,216,0.0377300337526511,0.0236633363435544,0.0855397785451277,0,0.25486111111111,0.402979265915632,0.249594192220511,0.117047828837492
15831,"Davies Reef (18-096)",2,0.0388888888888889,180,0.0345868008225789,0.0218026212245568,0.0780261844317883,0,0.244444444444444,0.398066078701319,0.222672172756149,0.110824292114581
15832,"Davies Reef (18-096)",2,0.015625,192,0.0345868008225789,0.0218026212245568,0.0780261844317883,0,0.218880208333333,0.409136885408259,0.229168571417087,0.102887888124498
15890,"Eyrie Reef (14-118)",4,0,480,0.0338048977296438,0.0179892216710314,0.114984573921646,0,0.262552083333333,0.32973808744089,0.193593203239191,0.101294098882222
15891,"Eyrie Reef (14-118)",4,0,470,0.0337386454076747,0.0179478790567874,0.114722978610996,0,0.238351063829787,0.316182382747278,0.190484981950689,0.0962590346585348
15892,"Eyrie Reef (14-118)",4,0,430,0.0337386454076747,0.0179478790567874,0.114722978610996,0,0.28610465116279,0.328798047458943,0.187510819467226,0.0965458920165857
15893,"Eyrie Reef (14-118)",4,0,430,0.0312977664132884,0.0165527331668556,0.106271189330278,0,0.202441860465116,0.306950328801554,0.176200968751417,0.0911324701092402
15894,"Eyrie Reef (14-118)",4,0,385,0.0312977664132884,0.0165527331668556,0.106271189330278,0,0.202662337662337,0.312642924571677,0.176574389267749,0.0909875946549855
15895,"Eyrie Reef (14-118)",4,0,385,0.0291426119324567,0.0153202021634391,0.0981926114405236,0,0.226103896103895,0.310735717725613,0.173047199712425,0.0865537743497339
15896,"Eyrie Reef (14-118)",4,0,385,0.0291426119324567,0.0153202021634391,0.0981926114405236,0,0.231168831168831,0.303587012805179,0.175525885033177,0.0931014717200892
15897,"Eyrie Reef (14-118)",4,0.0025974025974026,385,0.0289832250828599,0.0151996423268715,0.0975379556624645,0,0.238961038961039,0.309221767467867,0.173921685604937,0.0874391288058956
15898,"Eyrie Reef (14-118)",4,0,385,0.0289832250828599,0.0151996423268715,0.0975379556624645,0,0.218376623376622,0.301874678059926,0.173131759785271,0.0884610963120341
15901,"Eyrie Reef (14-118)",4,0,390,0.0274506610674704,0.0142253959159059,0.0927427551947211,0,0.200128205128204,0.301211070301184,0.168847538281042,0.0822918077652258
15902,"Eyrie Reef (14-118)",4,0.00512820512820513,390,0.0274506610674704,0.0142253959159059,0.0927427551947211,0,0.20775641025641,0.295227601345044,0.165027397109829,0.0799981652834624
15911,"Eyrie Reef (14-118)",4,0.0275862068965517,435,0.0258911143176142,0.0133311789541776,0.0869413857534065,0,0.209195402298851,0.270333187897556,0.147255948522492,0.0729679964142976
15912,"Eyrie Reef (14-118)",4,0.0344827586206897,435,0.0258911143176142,0.0133311789541776,0.0869413857534065,0,0.163218390804598,0.272151268844566,0.146104766887671,0.0697287076939414
15913,"Eyrie Reef (14-118)",4,0.0275862068965517,435,0.0258972413938213,0.0133348889269947,0.0869615549135438,0,0.19551724137931,0.273781512289269,0.148281191497297,0.0736944638832403
15914,"Eyrie Reef (14-118)",4,0.0137931034482759,435,0.0258972413938213,0.0133348889269947,0.0869615549135438,0,0.190804597701149,0.265509748067644,0.148369422007474,0.0760874535930477
15917,"Eyrie Reef (14-118)",4,0.0348837209302326,430,0.0257293065067278,0.013240480767273,0.0863934308784852,0,0.1675,0.261039414391412,0.14090277089598,0.0696986199735909
15918,"Eyrie Reef (14-118)",4,0.0236842105263158,380,0.0257293065067278,0.013240480767273,0.0863934308784853,0,0.176315789473684,0.263092338470062,0.140458712390899,0.0677476295516784
15925,"Eyrie Reef (14-118)",4,0.04375,480,0.0317201452539768,0.0166830633007903,0.106403006948026,0,0.24375,0.300893054121072,0.170285516882053,0.0864746124925043
15926,"Eyrie Reef (14-118)",4,0.0479166666666667,480,0.0317201452539768,0.0166830633007903,0.106403006948026,0,0.189635416666666,0.322579574931424,0.187073033223561,0.0964469080031282
15927,"Eyrie Reef (14-118)",4,0.0105263157894737,380,0.0337899465910099,0.0178077576373294,0.114393908462515,0,0.205394736842105,0.334420513480841,0.194184743719562,0.100170377703962
15928,"Eyrie Reef (14-118)",4,0.00263157894736842,380,0.0337899465910099,0.0178077576373294,0.114393908462515,0,0.226381578947368,0.322546128518677,0.184791664593351,0.0944305693140177
15929,"Eyrie Reef (14-118)",4,0.0105263157894737,380,0.0368228637936377,0.0196292579354045,0.125837041776394,0,0.27375,0.354624336296512,0.211012842986328,0.113415421917008
15930,"Eyrie Reef (14-118)",4,0.00263157894736842,380,0.0368228637936377,0.0196292579354045,0.125837041776394,0,0.263223684210526,0.337759400224687,0.195268585664175,0.101464332244336
15931,"Eyrie Reef (14-118)",4,0.00697674418604651,430,0.0418757481613874,0.0226296692123317,0.139585395026797,0,0.341918604651162,0.369976354946897,0.229962908314119,0.130133660416234
15932,"Eyrie Reef (14-118)",4,0.0232558139534884,430,0.0418757481613874,0.0226296692123317,0.139585395026797,0,0.351279069767441,0.379884126403148,0.231981905659566,0.129471831292441
15933,"Eyrie Reef (14-118)",4,0.0232558139534884,430,0.0439375703707904,0.0236616848430971,0.146692294744718,0,0.318720930232557,0.384471278175076,0.23369778635833,0.12599097269887
15934,"Eyrie Reef (14-118)",4,0.00697674418604651,430,0.0439375703707904,0.0236616848430971,0.146692294744718,0,0.334883720930233,0.390294647552082,0.238699613749702,0.129383269705312
15947,"Lizard Island Reef (Lagoon) (14-116d)",4,0.0225,400,0.0493291694245603,0.0263887921704635,0.163804693148223,0,0.287624999999999,0.410894689363726,0.252907109034141,0.135507432920023
15948,"Lizard Island Reef (Lagoon) (14-116d)",4,0.01,400,0.0493291694245603,0.0263887921704635,0.163804693148223,0,0.358062499999997,0.424711341248966,0.266670070220182,0.146573729768896
15949,"Lizard Island Reef (Lagoon) (14-116d)",4,0.0315789473684211,380,0.0505413741841389,0.0270229529572492,0.1678946440401,0,0.350394736842103,0.414182726939202,0.255555345357184,0.139704450692669
15950,"Lizard Island Reef (Lagoon) (14-116d)",4,0.0236842105263158,380,0.040927294236344,0.0219368581914875,0.13833985713741,0,0.255263157894737,0.367408571032251,0.214784353206188,0.112456039310971
16242,"Eyrie Reef (14-118)",4,0,400,0.0308203728553137,0.0162807378343615,0.104543854916129,0,0.22,0.31430837900699,0.176932586014943,0.0856859534309003
16243,"Eyrie Reef (14-118)",4,0,400,0.0308203728553137,0.0162807378343615,0.104543854916129,0,0.1875,0.308725197797747,0.173627977087283,0.0858265923713306
16244,"Eyrie Reef (14-118)",4,0,400,0.0382701259883525,0.0205241145412433,0.129916364739682,0,0.3275625,0.357923523784992,0.214163359583628,0.114224224728412
16245,"Eyrie Reef (14-118)",4,0.0025,400,0.0382701259883525,0.0205241145412433,0.129916364739682,0,0.312624999999999,0.370561710956728,0.222537594994621,0.11824532372386
16246,"Eyrie Reef (14-118)",4,0,385,0.0415062755171183,0.0222897492914416,0.138049547917788,0,0.361103896103896,0.386017516863678,0.235384363039648,0.131119540391165
16247,"Eyrie Reef (14-118)",4,0.00779220779220779,385,0.0415062755171183,0.0222897492914416,0.138049547917788,0,0.361103896103896,0.383028652891724,0.232784520127792,0.127386765039273
16248,"Eyrie Reef (14-118)",4,0.0207792207792208,385,0.0435346482557036,0.0234492393852468,0.14518864868971,0,0.309090909090909,0.400488094792547,0.246892954518905,0.136895850243445
16249,"Eyrie Reef (14-118)",4,0.012987012987013,385,0.0435346482557036,0.0234492393852468,0.14518864868971,0,0.275584415584414,0.390678239479987,0.239295172294433,0.130992627801015
16256,"Eyrie Reef (14-118)",4,0.0252873563218391,435,0.0313627003648187,0.0164778909105103,0.105105113672159,0,0.211551724137931,0.29817903562915,0.168336411197507,0.0866569512431704
16257,"Eyrie Reef (14-118)",4,0.0358208955223881,335,0.0313627003648187,0.0164778909105103,0.105105113672159,0,0.280671641791044,0.316784802930435,0.181575078610824,0.0946392166697532
16260,"Bowden Reef (19-019)",1,0,296,0.0590880352036396,0.0310755883447531,0.169693660569832,0,0.452787162162162,0.443151138070674,0.28211549330865,0.157628370023509
16261,"Bowden Reef (19-019)",1,0.00789473684210526,380,0.0463184325280833,0.0244405499732235,0.133863852357269,0,0.410657894736841,0.387571722155311,0.240014490956363,0.133946111210906
16262,"Bowden Reef (19-019)",1,0.0093984962406015,532,0.0497190720921554,0.0264181248872943,0.143485262204714,0,0.345958646616541,0.41311915943146,0.260367032975976,0.145673513611533
16263,"Bowden Reef (19-019)",1,0.00721153846153846,416,0.0569571238541729,0.0302785424359764,0.163497795088474,0,0.370192307692308,0.427391551753408,0.282922342548276,0.158377045720156
16264,"Bowden Reef (19-019)",1,0,593,0.058324688653559,0.0310844868301755,0.166799321286977,0,0.462352445193928,0.458572820793504,0.299112008635747,0.172258647091573
16265,"Bowden Reef (19-019)",1,0.0230263157894737,304,0.0482095000502031,0.0252856293851853,0.138646234970395,0,0.348684210526316,0.384335835485655,0.248838842516614,0.140580849889846
16266,"Bowden Reef (19-019)",1,0.0507246376811594,276,0.0517969526247238,0.0272238700960674,0.149090915886501,0,0.355072463768116,0.412347015169069,0.257993883239194,0.147728054746616
16267,"Bowden Reef (19-019)",1,0.0801526717557252,262,0.0598747325713446,0.0315599658736946,0.17197952426985,0,0.393511450381677,0.431227264295649,0.289067677672093,0.16833388216512
16268,"Bowden Reef (19-019)",1,0.0844155844155844,308,0.054147912192671,0.0284755901142459,0.155866423865792,0,0.545779220779219,0.419364876064209,0.281975627731579,0.166660595764764
16269,"Bowden Reef (19-019)",1,0.0277777777777778,252,0.0464989958668683,0.0245293113115469,0.134355322687057,0,0.313690476190475,0.37194236485594,0.238092303535714,0.132272497348857
16270,"Bowden Reef (19-019)",1,0.0203252032520325,246,0.0505243871343073,0.0269109684193041,0.145725522676132,0,0.337499999999999,0.426687117288977,0.268181647076638,0.146413094632177
16271,"Bowden Reef (19-019)",1,0.0254237288135593,236,0.0548537521908219,0.0291576914223541,0.158297071925883,0,0.512923728813558,0.438803254937572,0.28294515875396,0.170238103699397
16272,"Bowden Reef (19-019)",1,0.0327868852459016,488,0.0464058264348491,0.0242072359138607,0.134328892455991,0,0.285450819672128,0.379841214486583,0.234923476373754,0.127644628184822
16273,"Bowden Reef (19-019)",1,0.0210727969348659,522,0.0472452751169349,0.0247441667514251,0.136290487395592,0,0.388936781609195,0.400677312203735,0.261901975964594,0.145084078791724
16274,"Bowden Reef (19-019)",1,0.0468227424749164,299,0.0552505112595469,0.0290719153238128,0.158933996593105,0,0.411454849498327,0.435727603845981,0.278402840516961,0.159159823926995
16275,"Bowden Reef (19-019)",1,0.0303030303030303,66,0.0574366994222112,0.030252997837137,0.16492205313936,0,0.378787878787879,0.415366400024963,0.30985858723366,0.163400112690153
16276,"Bowden Reef (19-019)",1,0.0646900269541779,371,0.0564276039250853,0.0297537284893601,0.162136825209172,0,0.453571428571425,0.430497652022505,0.288862744544422,0.163475683390077
16277,"Bowden Reef (19-019)",1,0.0576923076923077,260,0.053432367348195,0.0280040119136634,0.153589555932612,0,0.361730769230768,0.415577227656603,0.278402587863206,0.16258416143681
16278,"Bowden Reef (19-019)",1,0.038135593220339,236,0.0673485975829976,0.0356465706691736,0.193471694319218,0,0.550847457627119,0.486812224831075,0.325250659513431,0.200510194601912
16279,"Bowden Reef (19-019)",1,0.0314685314685315,286,0.0598591076791312,0.0315513121615096,0.171890010829253,0,0.402185314685314,0.464473528842177,0.300577165156581,0.175516068507136
16280,"Bowden Reef (19-019)",1,0.0327868852459016,244,0.0505025980165088,0.026580843056243,0.145400214448327,0,0.385245901639344,0.427268407939716,0.271050448350649,0.150589047317047
16281,"Bowden Reef (19-019)",1,0.0632911392405063,316,0.0537245481094954,0.028180733049232,0.154535626954923,0,0.424050632911392,0.417708138465521,0.280247660749957,0.15803780079171
16282,"Bowden Reef (19-019)",1,0.016025641025641,312,0.0507835593984067,0.0266949497058758,0.146149633060471,0,0.388060897435896,0.389257304285789,0.255446608017986,0.145846149029512
16283,"Bowden Reef (19-019)",1,0.0655737704918033,244,0.0647970946620522,0.0343082445119546,0.185082968945217,0,0.430635245901638,0.474925121784586,0.313117174471794,0.179931197424506
16284,"Bowden Reef (19-019)",1,0.0172413793103448,232,0.0552531440587332,0.0290757514336929,0.158908726691744,0,0.439655172413793,0.436631131362057,0.277170741013287,0.161871412585316
16285,"Bowden Reef (19-019)",1,0.0365853658536585,328,0.0695181497255676,0.0368793645729875,0.200471674597174,0,0.60076219512195,0.482149167924414,0.319191951896395,0.192428069456659
16286,"Bowden Reef (19-019)",1,0.00423728813559322,236,0.0607427829341416,0.0323583408678141,0.174084965406128,0,0.44936440677966,0.456074794804384,0.293995728864412,0.175294621816715
16287,"Bowden Reef (19-019)",1,0.0113207547169811,265,0.0669053277340128,0.0354375046080437,0.192205861835197,0,0.498207547169811,0.477199532198478,0.332469879542645,0.193684465887261
16288,"Bowden Reef (19-019)",1,0.0247252747252747,364,0.0626113145424994,0.0331700303348806,0.179053700631255,0,0.541346153846153,0.455910246628971,0.311229648001511,0.180394764932427
16289,"Bowden Reef (19-019)",1,0.0384615384615385,260,0.0576733618159479,0.0303947262511205,0.165520801992076,0,0.42326923076923,0.426448150893008,0.288626398811584,0.170536991807679
16290,"Bowden Reef (19-019)",1,0.0422077922077922,616,0.057147865605153,0.0300935293449556,0.164098859180155,0,0.368547077922078,0.426913053331817,0.278033767943872,0.155127603582379
16291,"Bowden Reef (19-019)",1,0.0122950819672131,244,0.0527161348802833,0.0281199604058252,0.152120344097291,0,0.451434426229505,0.43016156387175,0.272368817206924,0.153127105291063
16292,"Bowden Reef (19-019)",1,0.0256410256410256,156,0.0589126166866234,0.031041141651136,0.169014940978416,0,0.404006410256409,0.412185619746099,0.279972674166478,0.163565577705077
16300,"Davies Reef (18-096)",2,0.0363636363636364,220,0.0381495817855365,0.0239692715163046,0.0864969428358434,0,0.259090909090909,0.414405096371431,0.262766328488649,0.126980091491339
16301,"Davies Reef (18-096)",2,0.0219298245614035,228,0.0381495817855365,0.0239692715163047,0.0864969428358434,0,0.258881578947368,0.416039461755465,0.240790817645811,0.122502547875867
16302,"Davies Reef (18-096)",2,0.0333333333333333,240,0.0364682258805469,0.0225744755484732,0.0825594903258171,0,0.266666666666667,0.417468379006532,0.242650150577894,0.116831227989175
16303,"Davies Reef (18-096)",2,0.0614754098360656,244,0.0392292560679842,0.024937890292388,0.0891081362083108,0,0.258196721311475,0.457257217347323,0.270871552953124,0.130502725884996
16304,"Davies Reef (18-096)",2,0.0573770491803279,244,0.0359771817769149,0.0228589546365979,0.0817921001384599,0,0.254098360655738,0.429473587350202,0.253046666953346,0.124552300057373
16305,"Davies Reef (18-096)",2,0.0570175438596491,228,0.0359771817769149,0.0228589546365979,0.0817921001384599,0,0.241337719298245,0.40034535637763,0.227574369788043,0.113219935143748
16306,"Davies Reef (18-096)",2,0.0714285714285714,168,0.0381495817855365,0.0239692715163046,0.0864969428358434,0,0.226339285714285,0.401955768265373,0.256136814135007,0.120474685445047
16307,"Davies Reef (18-096)",2,0.0625,80,0.0341837965075775,0.0216383859425161,0.0777204274916429,0,0.2125,0.400466701830373,0.214934346552625,0.110265776801237
16769,"Eyrie Reef (14-118)",4,0.00298507462686567,335,0.0309431102202942,0.0161446204010978,0.103529926701816,0,0.203059701492537,0.320260123239919,0.182124967223183,0.0939173734090201
16770,"Eyrie Reef (14-118)",4,0.0149253731343284,335,0.0309431102202942,0.0161446204010978,0.103529926701816,0,0.254029850746267,0.317212672914465,0.180955497557451,0.0943284785430348
16994,"Davies Reef (18-096)",2,0.00892857142857143,224,0.047968735495085,0.0296891817935005,0.107832056501027,0,0.276897321428571,0.46847432907473,0.310801171076895,0.159407190684339
16995,"Davies Reef (18-096)",2,0.00416666666666667,240,0.0482682120147401,0.0299863491827602,0.108818025808552,0,0.321041666666666,0.493342734936115,0.310532966110659,0.163758535653708
16996,"Davies Reef (18-096)",2,0.00625,480,0.0496894146184072,0.0309569836101308,0.114031583090488,0,0.316822916666666,0.484012892260405,0.305566925770513,0.165504507083589
16998,"Davies Reef (18-096)",2,0.00746268656716418,268,0.0489850851991447,0.0305147302526646,0.111813705142035,0,0.298694029850745,0.464049647871888,0.303774980819483,0.155966646337466
16999,"Davies Reef (18-096)",2,0.05,360,0.0405719581223377,0.0253109052064888,0.092705197946316,0,0.230694444444444,0.420366009122887,0.257922643868362,0.129763470989001
17000,"Davies Reef (18-096)",2,0.0614035087719298,456,0.0439083724303352,0.0276488769776304,0.0989049085700987,0,0.307127192982456,0.442498432656158,0.277972952219457,0.14453560428964
17001,"Davies Reef (18-096)",2,0.0465116279069767,516,0.0366688765800532,0.023576762248844,0.0828483843261645,0,0.222965116279069,0.410103291442799,0.248472068743942,0.119474734068693
17002,"Davies Reef (18-096)",2,0.0329457364341085,516,0.0465960358384095,0.0291922779161784,0.105147057234904,0,0.327567829457364,0.457818337119229,0.289231932080578,0.146329802328184
17003,"Davies Reef (18-096)",2,0.0199203187250996,502,0.0465094067811039,0.029113976834292,0.104878741952393,0,0.284860557768924,0.454420204933346,0.288915549893164,0.152336963221243
17004,"Davies Reef (18-096)",2,0,336,0.0359087441250913,0.0230920457335822,0.0808533857585099,0,0.244122023809523,0.411266870061179,0.234870402846314,0.11535673471203
17005,"Davies Reef (18-096)",2,0.0358974358974359,390,0.0495608882414267,0.030779555811315,0.113637549311679,0,0.295128205128204,0.492069158678267,0.309312914578544,0.161570482928094
17006,"Davies Reef (18-096)",2,0.0365384615384615,520,0.049499139385737,0.030866902053861,0.113387740211335,0,0.313557692307692,0.472895845642993,0.306455376021887,0.162116152835025
17007,"Davies Reef (18-096)",2,0.0111940298507463,536,0.0355376224426535,0.0227917833764973,0.0797904367852012,0,0.220195895522388,0.405037077955046,0.237019040998873,0.117039590325209
17034,"Davies Reef (18-096)",2,0.0204918032786885,244,0.0494307286155027,0.0308151745524441,0.112942260248237,0,0.282786885245902,0.506780980371155,0.320289754975332,0.168118515105409
17035,"Davies Reef (18-096)",2,0.0579710144927536,276,0.049811457220591,0.0309369165483835,0.114149741596085,0,0.315307971014492,0.477885445951371,0.296896996084394,0.163158499489671
17036,"Davies Reef (18-096)",2,0.0113636363636364,264,0.0489253392576553,0.0304162173085384,0.111459359596948,0,0.299242424242424,0.472386122303756,0.310341486768974,0.162349353088466
17037,"Davies Reef (18-096)",2,0.0570175438596491,228,0.0490503938259211,0.0305768895187747,0.111999686571248,0,0.324561403508772,0.476881606838458,0.291399468689653,0.156346916388892
17087,"Eyrie Reef (14-118)",4,0.0103896103896104,385,0.0327282731291342,0.017244881238933,0.110566308008783,0,0.220844155844155,0.327972938101068,0.188782174537379,0.0971013652385822
17088,"Eyrie Reef (14-118)",4,0.012987012987013,385,0.0327282731291342,0.017244881238933,0.110566308008783,0,0.213116883116882,0.319353540659818,0.184377954375304,0.0950104741405142
17089,"Eyrie Reef (14-118)",4,0,385,0.0356440909229337,0.0189871466776983,0.119749637437322,0,0.27025974025974,0.335866147578071,0.196862393715229,0.105603870333914
17090,"Eyrie Reef (14-118)",4,0.0181818181818182,385,0.0356440909229337,0.0189871466776983,0.119749637437322,0,0.244285714285714,0.341745602245476,0.197900201064522,0.101776078826533
17091,"Eyrie Reef (14-118)",4,0.0025974025974026,385,0.0307171249495054,0.0160344955295158,0.102720304501672,0,0.226038961038961,0.311237814520693,0.175254522251591,0.0882081074985331
17092,"Eyrie Reef (14-118)",4,0.0103896103896104,385,0.0307171249495054,0.0160344955295158,0.102720304501672,0,0.244155844155844,0.321129178172419,0.184130842295936,0.095880290175694
17211,"Davies Reef (18-096)",2,0.0175438596491228,570,0.0356216349543408,0.0228790618779746,0.0803287894127056,0,0.235263157894736,0.397062684243014,0.235596924674133,0.111982207449782
17213,"Davies Reef (18-096)",2,0.0427698574338086,491,0.0427362963079691,0.0270327635485511,0.0958711535270471,0,0.250661914460284,0.459872226226226,0.281926835436389,0.142624333107457
17214,"Davies Reef (18-096)",2,0.0218446601941748,412,0.0475348923270639,0.0297454787296546,0.109008599453332,0,0.296116504854369,0.450528478979731,0.28580878220567,0.149541303558275
17344,"Davies Reef (18-096)",2,0.0072202166064982,554,0.0474403870626966,0.0296724400894464,0.108645909689001,0,0.274458483754512,0.459826088518632,0.287837724210936,0.148664559265716
17791,"Davies Reef (18-096)",2,0.0925925925925926,324,0.0378169356949243,0.023707253530989,0.0857836556335689,0,0.256172839506173,0.414116705425385,0.257093878048595,0.125696323670971
17792,"Davies Reef (18-096)",2,0.0962962962962963,270,0.0408430197461424,0.0259037004900072,0.0923750204109822,0,0.27787037037037,0.422865102543927,0.267013272082938,0.132398726066289
18443,"Davies Reef (18-096)",2,0.071875,320,0.0403157910382464,0.0249774281380183,0.0917199143308435,0,0.234375,0.415219231349425,0.256080353030449,0.123466778878544
18444,"Davies Reef (18-096)",2,0.114130434782609,184,0.0403157910382464,0.0249774281380183,0.0917199143308435,0,0.299184782608694,0.44110626467307,0.259625982331329,0.136648749586014
18445,"Davies Reef (18-096)",2,0.147435897435897,312,0.0455299527141242,0.0284695650510219,0.101932088731994,0,0.266185897435897,0.451682715725413,0.286904700874225,0.149136758959968
18447,"Lynchs Reef (18-091)",2,0.103703703703704,135,0.0222694716797418,0.014244340394241,0.0512703497278064,0,0.140740740740741,0.303552707754049,0.149296614965926,0.0678742483210817
18448,"Lynchs Reef (18-091)",2,0.105555555555556,180,0.0222694716797418,0.014244340394241,0.0512703497278064,0,0.161249999999999,0.298625716762702,0.151622077164836,0.070908060500881
18449,"Lynchs Reef (18-091)",2,0.0508474576271186,177,0.0454832561317371,0.0284090216308934,0.10205686841449,0,0.288135593220339,0.458384936073974,0.275173777777863,0.145630450020048
18450,"Lynchs Reef (18-091)",2,0.0777777777777778,180,0.0454832561317371,0.0284090216308934,0.10205686841449,0,0.316805555555555,0.463916365623982,0.278343395934926,0.146920210824562
18451,"Lynchs Reef (18-091)",2,0.105555555555556,180,0.0222694716797418,0.014244340394241,0.0512703497278064,0,0.127777777777778,0.290301171942552,0.141601428819065,0.0615573212257545
18452,"Lynchs Reef (18-091)",2,0.0350877192982456,171,0.0222694716797418,0.014244340394241,0.0512703497278064,0,0.146198830409357,0.270566892718894,0.148703442731592,0.0595161137585348
18453,"Lynchs Reef (18-091)",2,0.127777777777778,180,0.0454832561317371,0.0284090216308934,0.10205686841449,0,0.277777777777778,0.471897937641197,0.28549830443092,0.153199151245651
18454,"Lynchs Reef (18-091)",2,0.049645390070922,141,0.0454832561317371,0.0284090216308934,0.10205686841449,0,0.276950354609927,0.485557767122027,0.298414667422273,0.150251728813504
18455,"Lynchs Reef (18-091)",2,0.0757575757575758,66,0.0452100919392371,0.0282402500568835,0.101491984817004,0,0.288257575757574,0.410661279442112,0.296427479600998,0.141900509159777
18456,"Lynchs Reef (18-091)",2,0.0175438596491228,114,0.0452251600896958,0.0282471765689038,0.101541587169176,0,0.245614035087719,0.425497093770092,0.28598739439894,0.138714247373228
18457,"Lynchs Reef (18-091)",2,0.116666666666667,180,0.0452251600896957,0.0282471765689038,0.101541587169176,0,0.305555555555556,0.452694162886623,0.265880957903404,0.138242759583865
18458,"Lynchs Reef (18-091)",2,0.0833333333333333,180,0.0452251600896957,0.0282471765689038,0.101541587169176,0,0.311388888888887,0.469880160586228,0.283647291501461,0.150962534496899
18459,"Lynchs Reef (18-091)",2,0.105555555555556,180,0.0452251600896957,0.0282471765689038,0.101541587169176,0,0.272222222222222,0.443950040934847,0.260560610630682,0.136457318587455
18460,"Lynchs Reef (18-091)",2,0.0303030303030303,66,0.0452100919392371,0.0282402500568835,0.101491984817004,0,0.318181818181818,0.426350321585431,0.311869603365581,0.153897540523013
18461,"Lynchs Reef (18-091)",2,0.0952380952380952,105,0.0452251600896957,0.0282471765689038,0.101541587169176,0,0.323809523809524,0.407025301793261,0.269501329139513,0.146198126565442
18462,"Lynchs Reef (18-091)",2,0.0722222222222222,180,0.0452251600896957,0.0282471765689038,0.101541587169176,0,0.266805555555555,0.452363059808614,0.267241905882129,0.140377235610298
18463,"Lynchs Reef (18-091)",2,0.111111111111111,180,0.0452251600896957,0.0282471765689038,0.101541587169176,0,0.261805555555552,0.461334303808872,0.274558894149323,0.14452879368675
18464,"Lynchs Reef (18-091)",2,0.0166666666666667,180,0.0452251600896957,0.0282471765689038,0.101541587169176,0,0.28361111111111,0.46740646336018,0.28321756149183,0.152188458438763
18529,"Davies Reef (18-096)",2,0.106995884773663,243,0.0455299527141241,0.0284695650510219,0.101932088731994,0,0.288065843621399,0.473830715285832,0.286579751873996,0.141720795549478
18533,"Banfield Reef (North) (18-105a)",3,0.129508196721311,610,0.0615326242973386,0.0339172390822512,0.174436704931601,0,0.446065573770491,0.444698419449346,0.297883846150767,0.175653594389159
18534,"Banfield Reef (North) (18-105a)",3,0.0924956369982548,573,0.0609135534945511,0.0336449828021,0.173116744363906,0,0.366492146596859,0.439561534158156,0.296205262254997,0.172599753609213
18536,"Faith Reef (19-044)",4,0.026530612244898,490,0.0445510149443457,0.0237728599342228,0.14630196865582,0,0.355561224489793,0.392387697151363,0.242569704253805,0.132154044394294
18737,"Davies Reef (18-096)",2,0.0833333333333333,240,0.0426254866983702,0.0270468017406363,0.096172446924831,0,0.283333333333333,0.468437419536637,0.285970164617611,0.144837849446447
18738,"Davies Reef (18-096)",2,0.0256410256410256,78,0.0426254866983702,0.0270468017406363,0.096172446924831,0,0.282051282051282,0.445818553426517,0.254491187717388,0.137366016061847
18739,"Davies Reef (18-096)",2,0.0375,240,0.0426254866983702,0.0270468017406363,0.096172446924831,0,0.270937499999999,0.455414613008736,0.272920639757568,0.134224727719902
18740,"Davies Reef (18-096)",2,0.0178571428571429,56,0.0426254866983703,0.0270468017406364,0.0961724469248311,0,0.286160714285712,0.370856981419803,0.259910970662316,0.148840738587566
18741,"Davies Reef (18-096)",2,0.0666666666666667,240,0.0376767306729797,0.0233569790030608,0.0850293908562332,0,0.245833333333333,0.421977449549942,0.244927611077251,0.118381470184296
18742,"Davies Reef (18-096)",2,0,60,0.0376767306729797,0.0233569790030608,0.0850293908562332,0,0.266666666666667,0.3623910230672,0.251636183475757,0.141944212193071
18743,"Davies Reef (18-096)",2,0.0722222222222222,180,0.042546385938368,0.0270029715047742,0.0960433103810829,0,0.239027777777777,0.444768866030607,0.257959702410527,0.129791021085065
18744,"Davies Reef (18-096)",2,0.0402298850574713,174,0.042546385938368,0.0270029715047742,0.0960433103810829,0,0.298850574712644,0.444270868370413,0.294090145921632,0.147777645216044
18745,"Davies Reef (18-096)",2,0.096969696969697,165,0.0376767306729797,0.0233569790030608,0.0850293908562332,0,0.266818181818181,0.39895440588671,0.253094507684484,0.118687609235748
18746,"Davies Reef (18-096)",2,0.075,240,0.0376767306729797,0.0233569790030608,0.0850293908562332,0,0.246041666666666,0.436847650787926,0.256923758194638,0.123383725938427
18747,"Davies Reef (18-096)",2,0.0222222222222222,90,0.0376767306729797,0.0233569790030608,0.0850293908562333,0,0.266666666666667,0.447130181178016,0.254738287977996,0.116044450554472
18748,"Davies Reef (18-096)",2,0.0994152046783626,171,0.0376767306729797,0.0233569790030609,0.0850293908562333,0,0.245760233918128,0.409391767903799,0.263650610427171,0.126744745392231
18749,"Davies Reef (18-096)",2,0.106382978723404,141,0.0376767306729797,0.0233569790030608,0.0850293908562333,0,0.248404255319148,0.441597359352699,0.254989596418557,0.119278362568827
18750,"Davies Reef (18-096)",2,0.116666666666667,120,0.0376767306729797,0.0233569790030608,0.0850293908562332,0,0.242083333333331,0.400192786634692,0.265143231676895,0.128383984670595
18947,"Davies Reef (18-096)",2,0.0882352941176471,102,0.0416873561227936,0.0264774418259907,0.0944978860666263,0,0.284313725490196,0.393081244123356,0.25670312837705,0.135630551349428
18948,"Davies Reef (18-096)",2,0.0729166666666667,96,0.0416873561227936,0.0264774418259907,0.0944978860666263,0,0.25,0.479471676415552,0.2859012533012,0.13911943901588
18949,"Davies Reef (18-096)",2,0.0326086956521739,92,0.0416873561227937,0.0264774418259907,0.0944978860666264,0,0.25,0.470171948136743,0.273973416037124,0.127993948923081
18950,"Davies Reef (18-096)",2,0.0625,80,0.0415362966910345,0.0263416068073981,0.093919475925423,0,0.25,0.445352665374547,0.253108994339435,0.135950697941888
18951,"Davies Reef (18-096)",2,0.08,100,0.0416873561227937,0.0264774418259907,0.0944978860666264,0,0.26,0.489435820557454,0.295718443872227,0.145882258646498
18952,"Davies Reef (18-096)",2,0.0272108843537415,147,0.0416873561227936,0.0264774418259907,0.0944978860666263,0,0.272108843537415,0.481315132815484,0.293655233472586,0.149100221024774
18953,"Davies Reef (18-096)",2,0.125786163522013,159,0.0415362966910345,0.0263416068073981,0.0939194759254231,0,0.276886792452829,0.414097794291672,0.269974861984213,0.146332614633908
18954,"Davies Reef (18-096)",2,0.0740740740740741,108,0.0416873561227937,0.0264774418259907,0.0944978860666264,0,0.259259259259259,0.394738127958887,0.25669617068161,0.134853134093085
18955,"Davies Reef (18-096)",2,0.105263157894737,114,0.0415363421136705,0.026377882287654,0.0941540842501575,0,0.280921052631578,0.419229617086066,0.279607929423405,0.134194792609895
18956,"Davies Reef (18-096)",2,0.108333333333333,120,0.0415363421136705,0.026377882287654,0.0941540842501575,0,0.275,0.419091638113851,0.282009664490592,0.139073483129658
18957,"Davies Reef (18-096)",2,0.0277777777777778,36,0.0413814884401526,0.0262329501288237,0.093580917094271,0,0.277777777777778,0.468837851089602,0.263276943700603,0.166886018851781
18958,"Davies Reef (18-096)",2,0,56,0.0438333705250814,0.027397685186426,0.0991726081987418,0,0.267857142857143,0.37424898229676,0.261919065830633,0.148595158425731
18959,"Davies Reef (18-096)",2,0.0571428571428571,70,0.0438333705250814,0.027397685186426,0.0991726081987418,0,0.32892857142857,0.421666956285321,0.307006768357212,0.149664730365089
18960,"Davies Reef (18-096)",2,0.16,50,0.0413814884401526,0.0262329501288237,0.093580917094271,0,0.32,0.5409736362879,0.334020349544332,0.164937190290613
18961,"Davies Reef (18-096)",2,0.0747126436781609,174,0.0415363421136705,0.026377882287654,0.0941540842501575,0,0.25301724137931,0.435916098651346,0.285208120953811,0.137508431973879
18962,"Davies Reef (18-096)",2,0.0483870967741935,186,0.0415363421136705,0.026377882287654,0.0941540842501575,0,0.301075268817204,0.459975026894711,0.276913664717589,0.148603804324516
18963,"Davies Reef (18-096)",2,0,60,0.0413814884401526,0.0262329501288237,0.093580917094271,0,0.3,0.373581212528942,0.262855020844277,0.151642977780116
18964,"Davies Reef (18-096)",2,0.0583333333333333,120,0.0438333705250814,0.0273976851864259,0.0991726081987417,0,0.291874999999999,0.439590662125066,0.298263386791789,0.146602920789916
18965,"Davies Reef (18-096)",2,0.0277777777777778,108,0.0438333705250814,0.0273976851864259,0.0991726081987418,0,0.259259259259259,0.409528789550786,0.270408365722756,0.144485639473092
18966,"Davies Reef (18-096)",2,0.0196078431372549,51,0.0413814884401526,0.0262329501288237,0.093580917094271,0,0.274999999999997,0.351862698685242,0.242428721900652,0.135280269866926
18967,"Lynchs Reef (18-091)",2,0.0465116279069767,86,0.0198967226951101,0.0127373981454251,0.0468363797624772,0,0.13953488372093,0.297381089126989,0.137496748731391,0.0619489130018583
18968,"Lynchs Reef (18-091)",2,0.116666666666667,60,0.0406145003424099,0.0256999230520101,0.0921221487982943,0,0.283333333333333,0.379921118282544,0.267607267112852,0.153868181783662
18969,"Lynchs Reef (18-091)",2,0.1,140,0.0406145003424099,0.0256999230520101,0.0921221487982943,0,0.292857142857143,0.468949882445696,0.28179426153505,0.13902851457944
18970,"Lynchs Reef (18-091)",2,0.164383561643836,146,0.0406145003424099,0.0256999230520101,0.0921221487982943,0,0.226027397260274,0.45479802375777,0.268192701690322,0.128553179127684
18971,"Lynchs Reef (18-091)",2,0.1,30,0.0406145003424099,0.0256999230520101,0.0921221487982944,0,0.267499999999995,0.434443899533262,0.232153524517403,0.1422809890317
18972,"Lynchs Reef (18-091)",2,0.157894736842105,76,0.0198967226951101,0.0127373981454251,0.0468363797624773,0,0.144736842105263,0.278317574414403,0.122253260952846,0.0514983558081919
18973,"Lynchs Reef (18-091)",2,0.0232558139534884,86,0.0198967226951101,0.0127373981454251,0.0468363797624772,0,0.13953488372093,0.295282733377446,0.135965406088666,0.0619156180833818
18974,"Lynchs Reef (18-091)",2,0.172413793103448,58,0.0406145003424099,0.0256999230520101,0.0921221487982943,0,0.275862068965517,0.361796600363088,0.25221568051944,0.144115101366365
18975,"Lynchs Reef (18-091)",2,0.106060606060606,132,0.0406145003424099,0.0256999230520101,0.0921221487982943,0,0.272916666666666,0.436659268001572,0.253470200049958,0.13491624335368
18976,"Lynchs Reef (18-091)",2,0.207142857142857,140,0.0406145003424099,0.0256999230520101,0.0921221487982943,0,0.257142857142857,0.461759442208345,0.274906511305169,0.133662114148125
18977,"Lynchs Reef (18-091)",2,0.15,80,0.0198967226951101,0.0127373981454251,0.0468363797624772,0,0.125,0.283997185544047,0.127629645696857,0.0562712663653059
18978,"Lynchs Reef (18-091)",2,0,30,0.0406145003424099,0.0256999230520101,0.0921221487982944,0,0.233333333333333,0.426364971316807,0.222548658895898,0.133112929523954
18979,"Lynchs Reef (18-091)",2,0.15962441314554,213,0.0405458212301043,0.0256564717837706,0.0919675524544275,0,0.267605633802817,0.412442839658561,0.26310106865604,0.128551079915394
18980,"Lynchs Reef (18-091)",2,0.0469483568075117,213,0.0405458212301043,0.0256564717837706,0.0919675524544275,0,0.281807511737089,0.417831630481685,0.267634407497813,0.134598541628657
18981,"Lynchs Reef (18-091)",2,0.0272108843537415,147,0.0405582608625389,0.0256585819784826,0.0920032535722032,0,0.26547619047619,0.469018682499945,0.28146529567097,0.138833707273903
18982,"Lynchs Reef (18-091)",2,0.151515151515152,66,0.0292854037861435,0.0184165011611377,0.0662664367801893,0,0.212121212121212,0.3208225823029,0.215544647325531,0.0909761511583651
18983,"Lynchs Reef (18-091)",2,0.113475177304965,141,0.0405582608625389,0.0256585819784827,0.0920032535722032,0,0.269680851063829,0.45114240082054,0.263772794689809,0.125872397156724
18984,"Lynchs Reef (18-091)",2,0.107142857142857,140,0.0405458212301043,0.0256564717837706,0.0919675524544275,0,0.257321428571428,0.467756973706428,0.280286961531372,0.137851992409321
18985,"Lynchs Reef (18-091)",2,0.107142857142857,140,0.0405458212301043,0.0256564717837706,0.0919675524544275,0,0.285892857142856,0.459009645643812,0.268839654632247,0.127031278879836
18986,"Lynchs Reef (18-091)",2,0.0319148936170213,94,0.0405582608625389,0.0256585819784826,0.0920032535722032,0,0.244946808510637,0.483052827212238,0.288248345937929,0.138774477180559
18987,"Lynchs Reef (18-091)",2,0.08,50,0.0292854037861435,0.0184165011611377,0.0662664367801893,0,0.2,0.475955479367739,0.270049877789223,0.118498433867012
18988,"Lynchs Reef (18-091)",2,0.0673076923076923,104,0.0405582608625389,0.0256585819784826,0.0920032535722032,0,0.25,0.388964603479328,0.254410149869636,0.13591712499711
18989,"Davies Reef (18-096)",2,0.151162790697674,86,0.0437115831490885,0.0272724173804572,0.0988118275339788,0,0.31424418604651,0.474771267280365,0.27885958572594,0.1550919375952
18990,"Davies Reef (18-096)",2,0.0952380952380952,126,0.0366992135389884,0.0226770809749514,0.0823500772993626,0,0.254166666666666,0.398312323912952,0.222086112615176,0.114163896320006
18991,"Davies Reef (18-096)",2,0.0555555555555556,90,0.0412094406551724,0.0261433740275488,0.0932569729831752,0,0.289166666666665,0.477748980293883,0.282487888659574,0.135834136398369
18992,"Davies Reef (18-096)",2,0.0652173913043478,92,0.0412992388415682,0.0262220286764781,0.0936293225069585,0,0.315217391304348,0.483628197398936,0.289231141782357,0.141292927111334
18993,"Davies Reef (18-096)",2,0.0465116279069767,86,0.0437115831490885,0.0272724173804572,0.0988118275339788,0,0.302325581395349,0.479889650587978,0.287890025317835,0.164244129207579
18994,"Davies Reef (18-096)",2,0.06,50,0.0412094406551724,0.0261433740275488,0.0932569729831752,0,0.28,0.545577060357075,0.339069528197567,0.166692980291046
18995,"Davies Reef (18-096)",2,0.0737704918032787,122,0.0366992135389884,0.0226770809749514,0.0823500772993626,0,0.229713114754097,0.400193756602535,0.263551144109086,0.125435500600202
18996,"Davies Reef (18-096)",2,0.0545454545454545,110,0.0412094406551724,0.0261433740275488,0.0932569729831752,0,0.281818181818182,0.404063351853022,0.267973965322635,0.146284083331494
18997,"Davies Reef (18-096)",2,0.0106382978723404,94,0.0412992388415682,0.0262220286764781,0.0936293225069585,0,0.25531914893617,0.478650708851585,0.282542504148347,0.133989618040427
18998,"Davies Reef (18-096)",2,0.037037037037037,54,0.0412094406551724,0.0261433740275488,0.0932569729831752,0,0.259259259259259,0.355658307608329,0.245302957605336,0.137597416863061
18999,"Davies Reef (18-096)",2,0.0862068965517241,116,0.043661101718959,0.0272320657491722,0.0986950527699915,0,0.319181034482757,0.424007276552286,0.286523865046994,0.141468579904507
19000,"Davies Reef (18-096)",2,0.118181818181818,110,0.0412434755745447,0.0261857123392253,0.0934882013783198,0,0.300227272727271,0.40726184890568,0.271124619776613,0.148203203022237
19001,"Davies Reef (18-096)",2,0,100,0.043661101718959,0.0272320657491723,0.0986950527699916,0,0.31,0.521166901260354,0.325081923550184,0.163892787658345
19002,"Davies Reef (18-096)",2,0.109756097560976,82,0.043661101718959,0.0272320657491722,0.0986950527699916,0,0.268292682926829,0.462987384875873,0.271131416399216,0.150158117010837
19003,"Davies Reef (18-096)",2,0.154545454545455,110,0.0412434755745447,0.0261857123392253,0.0934882013783198,0,0.290909090909091,0.401943278159597,0.266125372961644,0.143682688783324
19004,"Davies Reef (18-096)",2,0,100,0.043661101718959,0.0272320657491723,0.0986950527699916,0,0.290249999999999,0.517535531850946,0.324230171298867,0.165914465577948
19120,"Davies Reef (18-096)",2,0.00416666666666667,240,0.0431197701549725,0.0268392850771986,0.0975180760269164,0,0.254166666666667,0.462226352049074,0.277136068648525,0.136081493840639
19121,"Davies Reef (18-096)",2,0.0256410256410256,156,0.0431197701549725,0.0268392850771986,0.0975180760269164,0,0.301442307692307,0.414385484805093,0.268704602231844,0.144122358988569
19122,"Davies Reef (18-096)",2,0.0595238095238095,84,0.0405708562635751,0.0257918116806237,0.0916388573623782,0,0.273809523809524,0.455737524487682,0.266056325355604,0.148670285548631
19123,"Davies Reef (18-096)",2,0.05,140,0.0405708562635751,0.0257918116806237,0.0916388573623782,0,0.271428571428571,0.45900998614409,0.275556014882231,0.13811347265348
19124,"Davies Reef (18-096)",2,0.02,150,0.0431197701549725,0.0268392850771986,0.0975180760269164,0,0.246666666666667,0.473024715050502,0.28469738199919,0.139939102357419
19125,"Davies Reef (18-096)",2,0.036231884057971,138,0.0431197701549725,0.0268392850771986,0.0975180760269165,0,0.297282608695651,0.46221225211396,0.273531476328324,0.131855954409353
19126,"Davies Reef (18-096)",2,0.0545454545454545,165,0.0405708562635751,0.0257918116806237,0.0916388573623782,0,0.260606060606061,0.415622865478809,0.268358456256387,0.131116312793307
19127,"Davies Reef (18-096)",2,0.0227272727272727,220,0.0430864525651904,0.0268082364470907,0.0973913125141907,0,0.282045454545453,0.445659345517479,0.290388212669364,0.1455676531879
19128,"Davies Reef (18-096)",2,0.03,100,0.0405271373626757,0.025767660657456,0.0915020137783113,0,0.28,0.498365956321936,0.302684911024874,0.149356703764711
19129,"Davies Reef (18-096)",2,0.0833333333333333,300,0.0362357340575447,0.0222849856402238,0.0809304293878387,0,0.27,0.431931821351607,0.252131690310725,0.119675248983431
19130,"Davies Reef (18-096)",2,0.0404040404040404,99,0.0430864525651903,0.0268082364470907,0.0973913125141906,0,0.303030303030303,0.503466638420166,0.309795885626591,0.155341438211447
19131,"Davies Reef (18-096)",2,0.037037037037037,54,0.0405271373626757,0.025767660657456,0.0915020137783112,0,0.259259259259259,0.357731394650075,0.248872657097188,0.140636046851338
19132,"Davies Reef (18-096)",2,0.0185185185185185,162,0.0405271373626757,0.025767660657456,0.0915020137783112,0,0.234722222222221,0.420305200323976,0.269998225400275,0.140245872788661
19133,"Davies Reef (18-096)",2,0.0727272727272727,165,0.0430864525651903,0.0268082364470907,0.0973913125141906,0,0.272878787878787,0.437221563745617,0.288598537368757,0.143975144198289
19134,"Davies Reef (18-096)",2,0.106666666666667,75,0.0405271373626757,0.025767660657456,0.0915020137783112,0,0.293333333333333,0.423852111074438,0.308503335713819,0.150367472204206
19135,"Davies Reef (18-096)",2,0.0888888888888889,225,0.0362357340575447,0.0222849856402238,0.0809304293878388,0,0.213444444444444,0.396376373300342,0.243722034471691,0.113427102400732
19136,"Davies Reef (18-096)",2,0.0476190476190476,84,0.0430864525651903,0.0268082364470907,0.0973913125141906,0,0.321428571428571,0.464766028270429,0.271984357212769,0.151024759553565
19137,"Davies Reef (18-096)",2,0,60,0.0405271373626757,0.025767660657456,0.0915020137783112,0,0.25,0.372868933606734,0.261139417920067,0.148724428343328
19138,"Davies Reef (18-096)",2,0.0727272727272727,220,0.0405271373626757,0.025767660657456,0.0915020137783113,0,0.286363636363636,0.42536230774418,0.271207778829456,0.13422392522764
19139,"Davies Reef (18-096)",2,0.046875,320,0.040640415144644,0.0258021921963435,0.0917841852869498,0,0.293906249999999,0.425479485117092,0.268569007764409,0.134697415243204
19140,"Davies Reef (18-096)",2,0.0416666666666667,240,0.040640415144644,0.0258021921963435,0.0917841852869498,0,0.2875,0.445754541233507,0.267663622666932,0.133302077516606
19141,"Davies Reef (18-096)",2,0.0541666666666667,240,0.040561532447785,0.0257604097783575,0.0916502150563916,0,0.2875,0.462302459022741,0.278085386568729,0.137285351726353
19142,"Davies Reef (18-096)",2,0.05,200,0.040561532447785,0.0257604097783575,0.0916502150563916,0,0.255124999999999,0.466564359151648,0.280686802107261,0.138603935310163
19143,"Davies Reef (18-096)",2,0.0765765765765766,222,0.040640415144644,0.0258021921963435,0.0917841852869498,0,0.283783783783784,0.438805201750186,0.285548561654174,0.144126557825168
19144,"Davies Reef (18-096)",2,0.117948717948718,195,0.040640415144644,0.0258021921963435,0.0917841852869498,0,0.287179487179487,0.456104221031748,0.271711408766332,0.133638901242814
19145,"Davies Reef (18-096)",2,0.054421768707483,147,0.040561532447785,0.0257604097783575,0.0916502150563916,0,0.27891156462585,0.472875328981699,0.283619895177695,0.139649084264233
19146,"Davies Reef (18-096)",2,0.0546448087431694,183,0.040561532447785,0.0257604097783575,0.0916502150563917,0,0.229781420765026,0.447423414787767,0.263195663741793,0.135842391508017
19147,"Lynchs Reef (18-091)",2,0.0576923076923077,156,0.0286149597573698,0.0180425560525,0.0650026349709319,0,0.16025641025641,0.310064055868274,0.180237091940485,0.0832830205767319
19148,"Lynchs Reef (18-091)",2,0.00666666666666667,150,0.0396143516032925,0.0250523086657417,0.0898581428090625,0,0.28,0.462857603832681,0.277210875618433,0.136650184309965
19149,"Lynchs Reef (18-091)",2,0.0277777777777778,72,0.0396143516032925,0.0250523086657417,0.0898581428090626,0,0.277777777777778,0.408458470854678,0.294620067558009,0.141540645177436
19150,"Lynchs Reef (18-091)",2,0,90,0.039601826853775,0.0250502362908033,0.0898226462113251,0,0.23361111111111,0.46170499326823,0.268331687321442,0.123733170305416
19151,"Lynchs Reef (18-091)",2,0.018018018018018,111,0.039601826853775,0.0250502362908033,0.0898226462113251,0,0.225450450450449,0.389075607205117,0.252343630728123,0.132983883264165
19152,"Lynchs Reef (18-091)",2,0.1,200,0.0286149597573698,0.0180425560525,0.0650026349709319,0,0.195124999999999,0.376931674045394,0.205665339077691,0.0918926506903456
19153,"Lynchs Reef (18-091)",2,0.0357142857142857,196,0.0396143516032925,0.0250523086657417,0.0898581428090625,0,0.255229591836734,0.445452412979634,0.260289559279785,0.123462748049044
19154,"Lynchs Reef (18-091)",2,0.00980392156862745,102,0.0396143516032925,0.0250523086657417,0.0898581428090625,0,0.274509803921569,0.376382100696686,0.243809153377366,0.127936741877862
19155,"Lynchs Reef (18-091)",2,0.0208333333333333,96,0.039601826853775,0.0250502362908033,0.0898226462113251,0,0.239583333333333,0.478753830072441,0.282546278277955,0.133722979941591
19156,"Lynchs Reef (18-091)",2,0.111111111111111,144,0.039601826853775,0.0250502362908033,0.0898226462113251,0,0.298611111111111,0.451960161593636,0.265968743824196,0.129446669342829
19157,"Lynchs Reef (18-091)",2,0.05,180,0.0395536859170748,0.0250170084360666,0.0897059365469098,0,0.272222222222222,0.428156202877525,0.248782041382839,0.128649094758128
19158,"Lynchs Reef (18-091)",2,0.131313131313131,99,0.0395536859170748,0.0250170084360666,0.0897059365469098,0,0.242424242424242,0.48275160156364,0.289704026438188,0.14069927869827
19159,"Lynchs Reef (18-091)",2,0.0617283950617284,81,0.0193972837478815,0.0124887390706173,0.0458413438550405,0,0.123456790123457,0.285301854910834,0.130157632465391,0.0588002125674041
19160,"Lynchs Reef (18-091)",2,0.111111111111111,180,0.0193972837478815,0.0124887390706173,0.0458413438550405,0,0.133333333333333,0.270786025804247,0.125628211407855,0.0515709828495126
19161,"Lynchs Reef (18-091)",2,0.062015503875969,129,0.0193972837478815,0.0124887390706173,0.0458413438550404,0,0.124031007751938,0.270448978372043,0.124414587822185,0.0523659729109171
19162,"Lynchs Reef (18-091)",2,0.291666666666667,168,0.0395536859170748,0.0250170084360666,0.0897059365469098,0,0.297767857142856,0.418111495008215,0.271106676773858,0.132758356553185
19163,"Lynchs Reef (18-091)",2,0.0166666666666667,120,0.0395536859170748,0.0250170084360666,0.0897059365469097,0,0.275208333333332,0.412315115232253,0.273828301208571,0.131888475936324
19164,"Lynchs Reef (18-091)",2,0.0666666666666667,60,0.0395683905348193,0.025019077959732,0.0897413870701753,0,0.250416666666664,0.376386872686037,0.265104483768391,0.152731063852656
19165,"Lynchs Reef (18-091)",2,0.0777777777777778,180,0.0395683905348193,0.025019077959732,0.0897413870701754,0,0.261111111111111,0.431469987213763,0.25006642975323,0.128396425870212
19166,"Lynchs Reef (18-091)",2,0.105691056910569,123,0.0395683905348193,0.025019077959732,0.0897413870701753,0,0.252032520325203,0.400865222482151,0.264286955084773,0.125131039209232
19167,"Davies Reef (18-096)",2,0.0125,240,0.0360913806669962,0.0221514516474331,0.0805919621887301,0,0.2125,0.415902835137843,0.241535896237489,0.11502994672919
19168,"Davies Reef (18-096)",2,0.0533333333333333,300,0.0360913806669962,0.0221514516474331,0.0805919621887301,0,0.256833333333332,0.425946318339135,0.250108760122311,0.121378658183088
19169,"Davies Reef (18-096)",2,0.0833333333333333,180,0.0360913806669962,0.0221514516474331,0.0805919621887301,0,0.233333333333333,0.408675830070294,0.231094302765872,0.117038021677214
19170,"Davies Reef (18-096)",2,0.0611111111111111,180,0.0360913806669962,0.0221514516474331,0.0805919621887301,0,0.22236111111111,0.413105827872028,0.233487127622475,0.114479889776702
19448,"Green Island Reef (16-049)",4,0.0025,400,0.0475608745033335,0.0252271725901443,0.158878076630526,0,0.357624999999999,0.409134740944745,0.253929095746848,0.138570859947842
19449,"Green Island Reef (16-049)",4,0.005,400,0.0475608745033335,0.0252271725901443,0.158878076630526,0,0.3825625,0.415791774066027,0.262167175687796,0.144938117674373
19450,"Green Island Reef (16-049)",4,0,400,0.0475608745033335,0.0252271725901443,0.158878076630526,0,0.3450625,0.422695072084609,0.265551693780721,0.145018741654472
19451,"Green Island Reef (16-049)",4,0,400,0.0475608745033335,0.0252271725901443,0.158878076630526,0,0.3575625,0.43248600653619,0.268391183334738,0.144892670049207
19619,"Batt Reef (16-029)",4,0,300,0.0548512890293618,0.0294245369617111,0.183600062304088,0,0.43,0.45702611623197,0.29310757292679,0.164867089236363
19620,"Batt Reef (16-029)",4,0.0566666666666667,300,0.0411570040953409,0.0217790268801248,0.136303676078409,0,0.293416666666666,0.385669929728405,0.231165510725802,0.119754909411549
19621,"Batt Reef (16-029)",4,0.0133333333333333,300,0.0411570040953409,0.0217790268801248,0.136303676078409,0,0.316833333333332,0.386324675895047,0.235143188398989,0.126221301101585
19622,"Batt Reef (16-029)",4,0.0888888888888889,270,0.0411570040953409,0.0217790268801248,0.136303676078409,0,0.248333333333332,0.364152686346515,0.230413687823694,0.119602476872621
19623,"Batt Reef (16-029)",4,0.1,270,0.0411570040953409,0.0217790268801248,0.136303676078409,0,0.337222222222221,0.360558447106129,0.22985376413007,0.122472511564786
19632,"Davies Reef (18-096)",2,0.0317460317460317,189,0.0438676945205124,0.0269956270200585,0.100149598761024,0,0.307010582010581,0.468541710593707,0.284369799202154,0.142755153179739
19633,"Davies Reef (18-096)",2,0,153,0.0478195740025994,0.0298040927509285,0.106046948750947,0,0.352941176470588,0.439572854988077,0.290178033324318,0.15934899146713
19634,"Davies Reef (18-096)",2,0.00833333333333333,240,0.0438676945205124,0.0269956270200585,0.100149598761024,0,0.287604166666666,0.47064025095835,0.286251951650987,0.143747671725081
19635,"Davies Reef (18-096)",2,0.00925925925925926,216,0.0478195740025994,0.0298040927509285,0.106046948750947,0,0.296296296296296,0.463220033240321,0.305765856279038,0.154718193230225
19636,"Davies Reef (18-096)",2,0.054726368159204,201,0.0435621818512973,0.0268989864345094,0.0995138411143923,0,0.308457711442786,0.42775607672783,0.275228236442179,0.147299315575696
19637,"Davies Reef (18-096)",2,0.0769230769230769,156,0.0472922793061803,0.0294518428955531,0.104755685583283,0,0.346314102564102,0.443529444106075,0.294406154597064,0.161694877494006
19638,"Davies Reef (18-096)",2,0.0666666666666667,180,0.0474459420254141,0.0295973925496987,0.105141709244967,0,0.283333333333333,0.477640426285354,0.289830689279183,0.15501965312554
19639,"Davies Reef (18-096)",2,0.0612244897959184,147,0.0474459420254141,0.0295973925496987,0.105141709244967,0,0.333673469387753,0.516151796309797,0.325167728613097,0.168018404825714
19640,"Davies Reef (18-096)",2,0.037037037037037,270,0.0435621818512973,0.0268989864345094,0.0995138411143924,0,0.259537037037036,0.445348590188113,0.285795384109383,0.142952229360139
19641,"Davies Reef (18-096)",2,0.0484848484848485,165,0.0472922793061803,0.0294518428955531,0.104755685583283,0,0.309242424242423,0.456134453546959,0.305813502944264,0.155656756508445
19642,"Davies Reef (18-096)",2,0.0261437908496732,153,0.0474459420254141,0.0295973925496987,0.105141709244967,0,0.353104575163398,0.432519115872445,0.28250514165458,0.15176256576095
19643,"Davies Reef (18-096)",2,0.0212765957446809,141,0.0474459420254141,0.0295973925496987,0.105141709244967,0,0.29095744680851,0.49031387719128,0.300995807151057,0.151474416844434
19775,"Davies Reef (18-096)",2,0.0905172413793103,232,0.0433245635133495,0.0273410191905857,0.0973069852090077,0,0.293211206896551,0.452903419487432,0.272078646984575,0.142195850554836
19776,"Davies Reef (18-096)",2,0.0431034482758621,232,0.0433245635133495,0.0273410191905857,0.0973069852090077,0,0.271767241379309,0.456077285117184,0.273927903885511,0.145149250922668
19777,"Davies Reef (18-096)",2,0.029535864978903,237,0.0432410475265299,0.027296615062398,0.0970185920635087,0,0.312236286919831,0.468768413714606,0.284144536580282,0.150017541663099
19778,"Davies Reef (18-096)",2,0.0159574468085106,188,0.0432410475265299,0.027296615062398,0.0970185920635086,0,0.276595744680851,0.466308656264492,0.28217386213658,0.140092695506915
19779,"Davies Reef (18-096)",2,0.0326086956521739,276,0.0432410475265299,0.0272966150623979,0.0970185920635086,0,0.264492753623188,0.454232091388633,0.270651046132611,0.138613620669623
19780,"Davies Reef (18-096)",2,0,164,0.0432410475265299,0.027296615062398,0.0970185920635087,0,0.298932926829267,0.434641929592515,0.286942625865112,0.143993189685085
19781,"Davies Reef (18-096)",2,0.0208333333333333,144,0.045853388523579,0.0286331174732375,0.103447459165322,0,0.326388888888889,0.488261093200356,0.297977183000726,0.149434232765514
19782,"Davies Reef (18-096)",2,0.0514705882352941,136,0.045853388523579,0.0286331174732375,0.103447459165322,0,0.338419117647058,0.479759151765533,0.29040470965843,0.158967188268385
19783,"Davies Reef (18-096)",2,0.0318181818181818,220,0.045853388523579,0.0286331174732375,0.103447459165322,0,0.295568181818181,0.457532657351741,0.301657064771121,0.156338426127749
19784,"Davies Reef (18-096)",2,0.0108695652173913,92,0.045853388523579,0.0286331174732375,0.103447459165322,0,0.304347826086957,0.499535838063284,0.304519265174839,0.1515552991794
19785,"Lynchs Reef (18-091)",2,0.0780141843971631,141,0.027179581011814,0.0170227996342759,0.061806239316755,0,0.156028368794326,0.365461569622314,0.195341527439622,0.0830215325301268
19786,"Lynchs Reef (18-091)",2,0.00709219858156028,141,0.0375363952990306,0.0237159839372544,0.0856022729210344,0,0.269680851063829,0.440604313524411,0.255454716551247,0.122531649336354
19787,"Lynchs Reef (18-091)",2,0.0555555555555556,180,0.027179581011814,0.0170227996342759,0.061806239316755,0,0.177916666666666,0.336227678572508,0.172966780291217,0.0791735923321305
19788,"Lynchs Reef (18-091)",2,0.016304347826087,184,0.0375363952990306,0.0237159839372544,0.0856022729210344,0,0.25,0.423105627473353,0.24116032951421,0.121096232811428
19793,"Banfield Reef (North) (18-105a)",3,0.117647058823529,204,0.0410311346681544,0.0231768423463269,0.116878464728014,0,0.28921568627451,0.337208515537912,0.215846747794784,0.11962237216041
19794,"Banfield Reef (North) (18-105a)",3,0.1953125,128,0.0410311346681544,0.0231768423463269,0.116878464728014,0,0.28125,0.358804770368976,0.2089017588017,0.116497510476869
19795,"Banfield Reef (North) (18-105a)",3,0.0416666666666667,96,0.0403200215373417,0.0227699813740259,0.114674136553106,0,0.281510416666665,0.406610080962644,0.242895422744209,0.124946510477208
19798,"Banfield Reef (North) (18-105a)",3,0.108974358974359,156,0.0410311346681544,0.0231768423463269,0.116878464728014,0,0.307692307692308,0.351818325290797,0.228389523551694,0.125058503884562
19799,"Banfield Reef (North) (18-105a)",3,0.12,75,0.0410311346681544,0.0231768423463269,0.116878464728014,0,0.306666666666667,0.358578878345957,0.26091493916069,0.133471803249776
19800,"Banfield Reef (North) (18-105a)",3,0.0380952380952381,105,0.0403200215373417,0.0227699813740259,0.114674136553106,0,0.333333333333333,0.321049418601646,0.212621842515046,0.120744110641883
19803,"Davies Reef (18-096)",2,0.0641025641025641,156,0.0479445525194145,0.0300264892976126,0.110181278953676,0,0.33974358974359,0.45208137442338,0.300500701668306,0.165110105651116
19804,"Davies Reef (18-096)",2,0.0416666666666667,192,0.0484264383314524,0.0301381403259969,0.111702195454248,0,0.333463541666666,0.500937320042419,0.311628388676093,0.159098034367532
19805,"Davies Reef (18-096)",2,0,114,0.0479445525194145,0.0300264892976126,0.110181278953676,0,0.324780701754385,0.456115409273795,0.315124906763961,0.161471099159658
19806,"Davies Reef (18-096)",2,0.102564102564103,117,0.0484264383314524,0.0301381403259969,0.111702195454248,0,0.333547008547007,0.456664947191852,0.314995530139425,0.159366255975961
19873,"Batt Reef (16-029)",4,0.0171428571428571,350,0.0395502464087218,0.0207019551470456,0.131374477126302,0,0.325714285714286,0.373870614588404,0.223961019432801,0.117460798334123
19874,"Batt Reef (16-029)",4,0.00571428571428571,350,0.0395502464087218,0.0207019551470456,0.131374477126302,0,0.288642857142857,0.368065462573411,0.219744716060332,0.114687676755493
19875,"Batt Reef (16-029)",4,0.015,400,0.0395502464087218,0.0207019551470456,0.131374477126302,0,0.265124999999999,0.376477196471894,0.225895854546296,0.117262056687462
19876,"Batt Reef (16-029)",4,0.01,400,0.0395502464087218,0.0207019551470456,0.131374477126302,0,0.3125,0.373719164743292,0.226208262184121,0.119172257424118
19905,"Green Island Reef (16-049)",4,0.00857142857142857,350,0.0482652286473777,0.0257665289595196,0.15943748588015,0,0.391571428571428,0.433815610452006,0.275398877504322,0.152082013413532
19906,"Green Island Reef (16-049)",4,0.00857142857142857,350,0.0482652286473777,0.0257665289595196,0.15943748588015,0,0.397142857142857,0.420997804284746,0.264804943775034,0.1466345348897
19907,"Green Island Reef (16-049)",4,0.0142857142857143,350,0.047831149174528,0.0255912244813414,0.157811907165606,0,0.354428571428571,0.407269172714689,0.252120089055665,0.136031095579971
19908,"Green Island Reef (16-049)",4,0.0142857142857143,350,0.047831149174528,0.0255912244813414,0.157811907165606,0,0.311571428571428,0.397105678721793,0.244162891770083,0.133268880494295
19909,"Davies Reef (18-096)",2,0.0595238095238095,168,0.0422194313161478,0.026797037379121,0.0949092063573438,0,0.30952380952381,0.450832096084227,0.301672464743301,0.154056079388057
19910,"Davies Reef (18-096)",2,0.0425531914893617,188,0.0422194313161478,0.026797037379121,0.0949092063573438,0,0.282047872340425,0.45867084032744,0.273992678722367,0.134947751810424
19911,"Davies Reef (18-096)",2,0.01875,160,0.0477109328611769,0.0295296904382949,0.110152539505588,0,0.306406249999999,0.454875157125172,0.304107907686848,0.168322025044551
19912,"Davies Reef (18-096)",2,0,200,0.0471684707890572,0.0294090111549664,0.108548050522071,0,0.365124999999999,0.506046133567167,0.318328221356614,0.167179003971547
19913,"Davies Reef (18-096)",2,0.035,200,0.0477109328611769,0.0295296904382949,0.110152539505588,0,0.305,0.50905079560452,0.319640977683288,0.166035880721732
19914,"Davies Reef (18-096)",2,0.0797872340425532,188,0.0471684707890572,0.0294090111549664,0.108548050522071,0,0.324468085106383,0.482144962817847,0.298259760803989,0.152641270203546
19915,"Davies Reef (18-096)",2,0.0178571428571429,224,0.0427207970193301,0.0269077514706022,0.0978307788159636,0,0.294754464285714,0.446587671227323,0.290685228202834,0.145824913966116
19916,"Davies Reef (18-096)",2,0.037037037037037,216,0.0427207970193301,0.0269077514706023,0.0978307788159636,0,0.296412037037036,0.427203597796689,0.273951613202873,0.135925466681928
19947,"Batt Reef (16-029)",4,0.06,150,0.0453537002326065,0.0241430002650324,0.149426034874566,0,0.34,0.424575150184713,0.258215052020123,0.135920128022779
19948,"Batt Reef (16-029)",4,0.0266666666666667,150,0.0453537002326065,0.0241430002650324,0.149426034874566,0,0.360166666666666,0.416504401738967,0.251726642398942,0.132015035575037
19949,"Batt Reef (16-029)",4,0.00740740740740741,135,0.0453537002326065,0.0241430002650324,0.149426034874566,0,0.303703703703704,0.409611720580625,0.246366458861265,0.140603939425749
19950,"Batt Reef (16-029)",4,0,135,0.0453537002326065,0.0241430002650324,0.149426034874566,0,0.348333333333332,0.409066550393028,0.248209461426263,0.144435464988349
19951,"Batt Reef (16-029)",4,0.045,200,0.0415585487067097,0.021906513596759,0.137094490275244,0,0.315124999999999,0.403202489185038,0.240252984663044,0.123712271594829
19952,"Batt Reef (16-029)",4,0.065,200,0.0415585487067097,0.021906513596759,0.137094490275244,0,0.305,0.390527155077561,0.23378745851534,0.122249839937725
19953,"Batt Reef (16-029)",4,0.0166666666666667,180,0.0415585487067097,0.021906513596759,0.137094490275244,0,0.272222222222222,0.368368940125546,0.215129772783366,0.117394876187531
19954,"Batt Reef (16-029)",4,0.0166666666666667,180,0.0415585487067097,0.021906513596759,0.137094490275244,0,0.33361111111111,0.368300835972031,0.213113188918101,0.115577218248389
20189,"Elford Reef (16-073)",4,0,300,0.0233642285672937,0.0120206159199674,0.0794960934109077,0,0.160166666666666,0.270227629039649,0.142246748177121,0.0652558302673063
20190,"Elford Reef (16-073)",4,0,300,0.0233642285672937,0.0120206159199674,0.0794960934109077,0,0.19,0.266595565626279,0.144067620119903,0.0701825804806146
20191,"Elford Reef (16-073)",4,0,300,0.0233642285672937,0.0120206159199674,0.0794960934109077,0,0.143416666666666,0.266391703814244,0.140331397373559,0.0644872783648662
20488,"Elford Reef (16-073)",4,0,400,0.0263529466417218,0.0136012417042685,0.0900081535799307,0,0.2175,0.29379245809041,0.165303724382051,0.0826285422606547
20489,"Elford Reef (16-073)",4,0,400,0.0263529466417218,0.0136012417042685,0.0900081535799307,0,0.1650625,0.284947504931242,0.152875867476685,0.0689140794853615
20496,"Eyrie Reef (14-118)",4,0.0533333333333333,150,0.0366507045947732,0.0191394119431039,0.120817867603361,0,0.260166666666666,0.38746640187298,0.226497734594979,0.115209719766379
20497,"Eyrie Reef (14-118)",4,0.0333333333333333,150,0.0366507045947732,0.0191394119431039,0.120817867603361,0,0.260333333333332,0.389793879573632,0.231277316118184,0.118656673263325
20498,"Eyrie Reef (14-118)",4,0.140740740740741,135,0.0366507045947732,0.0191394119431039,0.120817867603362,0,0.266851851851851,0.360806047433477,0.206546376439687,0.112905210667852
20499,"Eyrie Reef (14-118)",4,0.140740740740741,135,0.0366507045947732,0.0191394119431039,0.120817867603362,0,0.251851851851852,0.349831556063685,0.196129346820855,0.105708060846816
20504,"Eyrie Reef (14-118)",4,0.02,300,0.0363257262258025,0.0192274050827736,0.121898096175899,0,0.283416666666666,0.355306540270004,0.206884847931783,0.103233183348185
20505,"Eyrie Reef (14-118)",4,0.00666666666666667,300,0.0360505828381819,0.0190905617236327,0.120940407305993,0,0.260083333333333,0.356034620907185,0.206606794284285,0.104752468154818
20506,"Eyrie Reef (14-118)",4,0.0222222222222222,135,0.0363257262258025,0.0192274050827736,0.121898096175899,0,0.274259259259258,0.374130566764358,0.217219294832618,0.120090439586768
20507,"Eyrie Reef (14-118)",4,0.037037037037037,135,0.0363257262258025,0.0192274050827736,0.121898096175899,0,0.251851851851852,0.355605209975105,0.198703852014795,0.104972658217299
20508,"Eyrie Reef (14-118)",4,0.0518518518518519,135,0.0360505828381819,0.0190905617236328,0.120940407305993,0,0.288888888888889,0.362899574875189,0.204837951459117,0.111606532666212
20509,"Eyrie Reef (14-118)",4,0.0296296296296296,135,0.0360505828381819,0.0190905617236328,0.120940407305993,0,0.229814814814814,0.352401753372575,0.19512282655773,0.101254427898798
20510,"Lizard Island Reef (Lagoon) (14-116d)",4,0.0233333333333333,300,0.0542900694025369,0.0291851084544271,0.179838592011073,0,0.37675,0.446192428737853,0.283196338655191,0.156665778360605
20511,"Lizard Island Reef (North West) (14-116a)",3,0.00666666666666667,300,0.0423581922983763,0.0236867790061625,0.120834067656672,0,0.376666666666667,0.387611549052553,0.241981991949026,0.132674742436063
20512,"Lizard Island Reef (Lagoon) (14-116d)",4,0.0633333333333333,300,0.0652508678068015,0.0347766221162791,0.215417394381689,0,0.563416666666666,0.489361787719342,0.322593288407776,0.186664880824214
20513,"Lizard Island Reef (North West) (14-116a)",3,0,285,0.0424890121899105,0.02376173133054,0.121243864483377,0,0.263245614035087,0.381554705846449,0.228871375991568,0.123486964161453
20514,"Lizard Island Reef (North West) (14-116a)",3,0.0421052631578947,285,0.0401198431149686,0.0221390501929248,0.112031222973344,0,0.266754385964912,0.351003689992132,0.207753055558151,0.111099280755327
20751,"Lizard Island Reef (Lagoon) (14-116d)",4,0.00888888888888889,450,0.0646436737985978,0.0343492772897865,0.213431986925062,0,0.515555555555556,0.491357330770418,0.324228035850309,0.188677762411104
20752,"Lizard Island Reef (Lagoon) (14-116d)",4,0.00888888888888889,450,0.0646436737985978,0.0343492772897865,0.213431986925062,0,0.528888888888889,0.487177281326317,0.324375700574164,0.189508271333746
20753,"Lizard Island Reef (North West) (14-116a)",3,0.00444444444444444,450,0.040063493077957,0.0220324808512285,0.111734421663763,0,0.266722222222222,0.356367531085315,0.217131159311702,0.116076714728335
20754,"Lizard Island Reef (North West) (14-116a)",3,0.00444444444444444,450,0.040063493077957,0.0220324808512285,0.111734421663763,0,0.320055555555555,0.369263871644196,0.224769627155017,0.120601567297895
20757,"Eyrie Reef (14-118)",4,0.025,480,0.0550193693416106,0.0293265474077334,0.179984548421681,0,0.387656249999999,0.452048447129038,0.290114268499862,0.163693824669333
20758,"Eyrie Reef (14-118)",4,0.0333333333333333,480,0.0550193693416106,0.0293265474077334,0.179984548421681,0,0.339947916666665,0.429940639331963,0.274924866251327,0.156255359855462
20759,"Eyrie Reef (14-118)",4,0.0354166666666667,480,0.057728297759596,0.0306889685660131,0.187375060756999,0,0.408489583333332,0.443916035326961,0.284368362862595,0.163269261805133
20760,"Eyrie Reef (14-118)",4,0.0125,480,0.057728297759596,0.0306889685660131,0.187375060756999,0,0.356302083333333,0.445876877879965,0.282296494654066,0.155372739597221
20761,"Eyrie Reef (14-118)",4,0.0208333333333333,480,0.0444304944890068,0.0234184618768277,0.146016368153609,0,0.32921875,0.386007233329431,0.233255233043865,0.125587371394118
20762,"Eyrie Reef (14-118)",4,0.0145833333333333,480,0.0444304944890068,0.0234184618768277,0.146016368153609,0,0.375104166666666,0.388176609490362,0.238001710347674,0.13023124095636
20763,"Eyrie Reef (14-118)",4,0.0208333333333333,480,0.0483994129103621,0.0256420424552101,0.160469357122473,0,0.375156249999999,0.419002237182926,0.262292884262326,0.146564439999826
20764,"Eyrie Reef (14-118)",4,0.0125,480,0.0483994129103621,0.0256420424552101,0.160469357122473,0,0.362604166666666,0.411885794436084,0.259201075201085,0.144330497812227
20766,"Eyrie Reef (14-118)",4,0.00208333333333333,480,0.0355808400758012,0.0187897009187253,0.118900283618309,0,0.235624999999999,0.34108920395598,0.199005853493964,0.103962702617873
20767,"Eyrie Reef (14-118)",4,0.00833333333333333,480,0.0355808400758012,0.0187897009187253,0.118900283618309,0,0.229166666666667,0.330970049831835,0.192655131558684,0.0978315697770556
20945,"Davies Reef (18-096)",2,0.087719298245614,171,0.0430939143183724,0.0264358753932056,0.0998969832739711,0,0.280701754385965,0.435046426478263,0.285253169515856,0.141383870637588
20946,"Davies Reef (18-096)",2,0.0166666666666667,180,0.0420270044093314,0.0260381674450905,0.0964432229155832,0,0.233472222222221,0.435427118155044,0.252983917577398,0.129968892125151
20947,"Davies Reef (18-096)",2,0.0666666666666667,180,0.0430939143183724,0.0264358753932056,0.0998969832739711,0,0.244722222222221,0.450403528350128,0.266315927124719,0.139804562097874
20948,"Davies Reef (18-096)",2,0.0166666666666667,240,0.0420270044093314,0.0260381674450905,0.0964432229155832,0,0.254270833333333,0.443217128909085,0.259971809881369,0.124390313955514
20949,"Davies Reef (18-096)",2,0.00416666666666667,240,0.0383298904189448,0.0241010657781687,0.0867975983070359,0,0.254374999999999,0.43413632058619,0.256658447131524,0.126157141388997
20950,"Davies Reef (18-096)",2,0.0875,240,0.0382116119860818,0.0240156620933616,0.0864912786372854,0,0.250104166666666,0.434186086049322,0.25352538452452,0.121402388231273
20951,"Davies Reef (18-096)",2,0.0583333333333333,240,0.0383298904189448,0.0241010657781687,0.0867975983070359,0,0.229270833333333,0.434233880581901,0.257957216647038,0.125282249332946
20952,"Davies Reef (18-096)",2,0.0958333333333333,240,0.0382116119860818,0.0240156620933616,0.0864912786372854,0,0.241874999999999,0.420618685453375,0.24303116969333,0.117263761553543
21107,"Davies Reef (18-096)",2,0.0665024630541872,406,0.0410683472041214,0.026098221801561,0.092785226326743,0,0.266009852216749,0.418804754873702,0.261066269216956,0.134935403892422
21108,"Davies Reef (18-096)",2,0.0456730769230769,416,0.0379838930864542,0.0238484293622978,0.0864036622202285,0,0.233233173076923,0.406694669842655,0.248592408905022,0.120849502838547
21184,"Bowden Reef (19-019)",1,0.0172413793103448,58,0.0598238350135182,0.0315341881530825,0.171712946645993,0,0.414224137931032,0.392036951354521,0.287809581963847,0.179882213039581
21214,"Lynchs Reef (18-091)",2,0.0888888888888889,180,0.0182571597121016,0.0115366318316015,0.042698414635245,0,0.127777777777778,0.250001472709201,0.113484779495245,0.0465073846206448
21215,"Lynchs Reef (18-091)",2,0.0681818181818182,220,0.0182571597121016,0.0115366318316015,0.042698414635245,0,0.131818181818182,0.229182676532239,0.117906343462338,0.0450284747692307
21216,"Lynchs Reef (18-091)",2,0.0817307692307692,208,0.0182404133169676,0.0115233899413433,0.0426617084323768,0,0.115384615384615,0.228444688987308,0.117169824915516,0.0487261650162211
21217,"Lynchs Reef (18-091)",2,0.0490196078431373,204,0.0182404133169676,0.0115233899413433,0.0426617084323768,0,0.12267156862745,0.231827973047797,0.119816998428263,0.0494668069305528
21218,"Lynchs Reef (18-091)",2,0.0232558139534884,129,0.0191183094161482,0.0122929443405897,0.0452267985472213,0,0.147286821705426,0.275090918555788,0.128196629080253,0.0557244716050942
21219,"Lynchs Reef (18-091)",2,0.0681818181818182,220,0.0191183094161482,0.0122929443405898,0.0452267985472213,0,0.113636363636364,0.254053284295352,0.134449105436612,0.0527694398732155
21220,"Lynchs Reef (18-091)",2,0.0462962962962963,108,0.0191183094161482,0.0122929443405898,0.0452267985472213,0,0.12962962962963,0.221105631831934,0.119504820517159,0.0504486106392119
21221,"Lynchs Reef (18-091)",2,0.0196078431372549,51,0.0390126805170714,0.0246596190380188,0.088120442174105,0,0.254901960784314,0.329810334481272,0.223091470582459,0.121161576301433
21222,"Lynchs Reef (18-091)",2,0.0541666666666667,240,0.0390126805170714,0.0246596190380188,0.0881204421741051,0,0.254374999999999,0.427486917768751,0.248493460127516,0.119393186222064
21223,"Lynchs Reef (18-091)",2,0.0666666666666667,240,0.0390126805170714,0.0246596190380188,0.0881204421741051,0,0.254166666666667,0.438928820505511,0.257326923163504,0.123756233867815
21224,"Lynchs Reef (18-091)",2,0.0267857142857143,112,0.0390126805170714,0.0246596190380187,0.088120442174105,0,0.241071428571429,0.389776822012952,0.254840754801438,0.135511163938464
21225,"Lynchs Reef (18-091)",2,0.0147058823529412,204,0.0390126805170714,0.0246596190380188,0.088120442174105,0,0.250122549019607,0.399160428136114,0.248580528301171,0.125745295719546
21227,"Banfield Reef (North) (18-105a)",3,0.254237288135593,59,0.0616834295661816,0.0329575295920411,0.17835074556466,0,0.440677966101695,0.409104235343863,0.307081393179438,0.198726028711616
21228,"Banfield Reef (North) (18-105a)",3,0.169491525423729,59,0.0616834295661816,0.0329575295920411,0.17835074556466,0,0.458474576271182,0.379014750889535,0.281440481639274,0.180992440734031
21229,"Banfield Reef (North) (18-105a)",3,0.254237288135593,59,0.0616834295661816,0.0329575295920411,0.17835074556466,0,0.440677966101695,0.388090813182196,0.288128228325117,0.185137328314907
21230,"Banfield Reef (North) (18-105a)",3,0.131578947368421,38,0.0616834295661816,0.0329575295920411,0.17835074556466,0,0.474342105263154,0.481836961208951,0.29409907854349,0.15118200478049
21231,"Banfield Reef (North) (18-105a)",3,0.157894736842105,38,0.0616834295661816,0.0329575295920411,0.17835074556466,0,0.421052631578947,0.493017101585912,0.30439197463325,0.159083333372688
21232,"Banfield Reef (North) (18-105a)",3,0.157894736842105,38,0.0616834295661816,0.0329575295920411,0.17835074556466,0,0.5,0.487076831873731,0.300797621873729,0.158582000077229
21233,"Banfield Reef (North) (18-105a)",3,0.35,60,0.0616834295661816,0.0329575295920411,0.17835074556466,0,0.483749999999998,0.395162343907584,0.294970031243885,0.189330516989728
21234,"Banfield Reef (North) (18-105a)",3,0.1,60,0.0616834295661816,0.0329575295920411,0.17835074556466,0,0.450416666666664,0.389218895025357,0.289834862787004,0.186662362292569
21235,"Banfield Reef (North) (18-105a)",3,0.15,60,0.0616834295661816,0.0329575295920411,0.17835074556466,0,0.417083333333331,0.391373358726725,0.291972855253341,0.187524515990427
21236,"Banfield Reef (North) (18-105a)",3,0.05,60,0.0616834295661816,0.0329575295920411,0.17835074556466,0,0.533749999999998,0.400871149860709,0.299553957162939,0.192749282442121
21237,"Banfield Reef (North) (18-105a)",3,0.315789473684211,38,0.0616834295661816,0.0329575295920411,0.17835074556466,0,0.447368421052632,0.499745989732019,0.311531800003522,0.165106224245526
21238,"Banfield Reef (North) (18-105a)",3,0.0789473684210526,38,0.0616834295661816,0.0329575295920411,0.17835074556466,0,0.552631578947368,0.506215997436993,0.320314590974146,0.17257693416951
21239,"Banfield Reef (North) (18-105a)",3,0.105263157894737,38,0.0616834295661816,0.0329575295920411,0.17835074556466,0,0.473684210526316,0.487147462970902,0.300873913613059,0.159161513760279
21240,"Banfield Reef (North) (18-105a)",3,0.0263157894736842,38,0.0616834295661816,0.0329575295920411,0.17835074556466,0,0.553289473684207,0.495616461074175,0.307981934400702,0.163483098082818
21241,"Darley Reef (19-043)",3,0,60,0.0245919650876305,0.0129129301311289,0.069130557916642,0,0.183749999999998,0.222611366351575,0.144197185692381,0.0770968131802254
21242,"Darley Reef (19-043)",3,0,60,0.0245919650876305,0.0129129301311289,0.069130557916642,0,0.183333333333333,0.23349115346916,0.153853986363431,0.0839723521873645
21243,"Darley Reef (19-043)",3,0,60,0.0245919650876305,0.0129129301311289,0.069130557916642,0,0.216666666666667,0.229745269656649,0.152583656189555,0.0861691834654292
21244,"Darley Reef (19-043)",3,0,60,0.0245919650876305,0.0129129301311289,0.069130557916642,0,0.2,0.232718286362694,0.152576453283777,0.0829740537142057
21245,"Darley Reef (19-043)",3,0,10,0.0245919650876305,0.0129129301311289,0.0691305579166421,0,0.3,0.154105290413686,0.154105290413686,0.154105290413686
21246,"Darley Reef (19-043)",3,0,10,0.0245919650876305,0.0129129301311289,0.0691305579166421,0,0.2,0.148012350869813,0.148012350869813,0.148012350869813
21247,"Darley Reef (19-043)",3,0,10,0.0245919650876305,0.0129129301311289,0.0691305579166421,0,0.2,0.145003154031716,0.145003154031716,0.145003154031716
21248,"Darley Reef (19-043)",3,0,10,0.0245919650876305,0.0129129301311289,0.0691305579166421,0,0.2,0.152701206875742,0.152701206875742,0.152701206875742
21249,"Darley Reef (19-043)",3,0,54,0.0245919650876305,0.0129129301311289,0.0691305579166421,0,0.185185185185185,0.213165643162991,0.135472964467028,0.0705581790065987
21250,"Darley Reef (19-043)",3,0,54,0.0245919650876305,0.0129129301311289,0.0691305579166421,0,0.166666666666667,0.21660021049114,0.138397678898116,0.0718994863284191
21251,"Darley Reef (19-043)",3,0,54,0.0245919650876305,0.0129129301311289,0.0691305579166421,0,0.203703703703704,0.211750349632075,0.136242997666896,0.0726434837735594
21252,"Darley Reef (19-043)",3,0,16,0.0245919650876305,0.0129129301311289,0.0691305579166421,0,0.1875,0.203023924629723,0.203023924629723,0.0782315078199092
21253,"Darley Reef (19-043)",3,0,16,0.0245919650876305,0.0129129301311289,0.0691305579166421,0,0.189062499999991,0.208666522829434,0.208666522829434,0.0792419399733291
21254,"Darley Reef (19-043)",3,0,16,0.0245919650876305,0.0129129301311289,0.0691305579166421,0,0.1875,0.207986473133154,0.207986473133154,0.0790179889592153
21255,"Darley Reef (19-043)",3,0,58,0.0427530099398752,0.0232537289137769,0.121304894968566,0,0.310775862068963,0.315577748295217,0.222392374825741,0.13329655076142
21256,"Darley Reef (19-043)",3,0,58,0.0427530099398752,0.0232537289137769,0.121304894968566,0,0.362068965517241,0.316625778291591,0.224753483939671,0.135413451115538
21257,"Darley Reef (19-043)",3,0,58,0.0427530099398752,0.0232537289137769,0.121304894968566,0,0.327586206896552,0.319320711830145,0.225924505568026,0.135897062346723
21258,"Darley Reef (19-043)",3,0,11,0.0427530099398752,0.0232537289137769,0.121304894968566,0,0.363636363636364,0.229890453187066,0.229890453187066,0.229890453187066
21259,"Darley Reef (19-043)",3,0.0172413793103448,58,0.0427530099398752,0.0232537289137769,0.121304894968566,0,0.310775862068963,0.308413550335882,0.215320306488956,0.127045950851632
21260,"Darley Reef (19-043)",3,0,11,0.0427530099398752,0.0232537289137769,0.121304894968566,0,0.454545454545455,0.228594333037308,0.228594333037308,0.228594333037308
21261,"Darley Reef (19-043)",3,0,11,0.0427530099398752,0.0232537289137769,0.121304894968566,0,0.363636363636364,0.224571489840378,0.224571489840378,0.224571489840378
21262,"Darley Reef (19-043)",3,0,11,0.0427530099398752,0.0232537289137769,0.121304894968566,0,0.454545454545455,0.23244193197643,0.23244193197643,0.23244193197643
21263,"Darley Reef (19-043)",3,0.0833333333333333,60,0.0427530099398752,0.0232537289137769,0.121304894968566,0,0.367083333333331,0.323933013917429,0.230004898760348,0.139727684937033
21264,"Darley Reef (19-043)",3,0.0333333333333333,60,0.0427530099398752,0.0232537289137769,0.121304894968566,0,0.300416666666664,0.334267225980806,0.238608159550393,0.144629510752523
21265,"Darley Reef (19-043)",3,0.0333333333333333,60,0.0427530099398752,0.0232537289137769,0.121304894968566,0,0.267083333333331,0.325986827657967,0.232952580037782,0.141983737891751
21266,"Darley Reef (19-043)",3,0,9,0.0427530099398752,0.0232537289137769,0.121304894968566,0,0.333333333333333,0.193600038546198,0.193600038546198,0.193600038546198
21267,"Darley Reef (19-043)",3,0,9,0.0427530099398752,0.0232537289137769,0.121304894968566,0,0.333333333333333,0.197984833226362,0.197984833226362,0.197984833226362
21268,"Darley Reef (19-043)",3,0,9,0.0427530099398752,0.0232537289137769,0.121304894968566,0,0.333333333333333,0.199963024164098,0.199963024164098,0.199963024164098
21269,"Darley Reef (19-043)",3,0,45,0.0564095159201189,0.0302917192079249,0.162419946260675,0,0.37833333333333,0.50300155382465,0.314573495408792,0.166842038075208
21270,"Darley Reef (19-043)",3,0,45,0.0564095159201189,0.0302917192079249,0.162419946260675,0,0.4,0.511501872498307,0.32379075000988,0.173349631646997
21271,"Darley Reef (19-043)",3,0,45,0.0564095159201189,0.0302917192079249,0.162419946260675,0,0.422777777777775,0.514364813804016,0.326960718084951,0.176681694001865
21272,"Darley Reef (19-043)",3,0,42,0.056409515920119,0.0302917192079249,0.162419946260675,0,0.452380952380952,0.498748384853452,0.312598977606575,0.166873137344259
21273,"Darley Reef (19-043)",3,0,42,0.056409515920119,0.0302917192079249,0.162419946260675,0,0.380952380952381,0.492507669807604,0.306714097382595,0.16295395809421
21274,"Darley Reef (19-043)",3,0,42,0.056409515920119,0.0302917192079249,0.162419946260675,0,0.404761904761905,0.497660584359438,0.308577063633427,0.161421019053344
21275,"Darley Reef (19-043)",3,0,42,0.056409515920119,0.0302917192079249,0.162419946260675,0,0.381547619047616,0.494437701578471,0.303736885744639,0.156515224418302
21276,"Darley Reef (19-043)",3,0.0166666666666667,60,0.036113033647187,0.0198002409828226,0.100486916694458,0,0.3,0.305198586170459,0.214419887250901,0.127837460661258
21277,"Darley Reef (19-043)",3,0,60,0.036113033647187,0.0198002409828226,0.100486916694458,0,0.266666666666667,0.288662608381525,0.196443094284749,0.111268210853379
21278,"Darley Reef (19-043)",3,0.0166666666666667,60,0.036113033647187,0.0198002409828226,0.100486916694458,0,0.217083333333331,0.293146036225416,0.201906611502854,0.116408612445291
21279,"Darley Reef (19-043)",3,0,18,0.036113033647187,0.0198002409828226,0.100486916694458,0,0.277777777777778,0.278935041465393,0.278935041465393,0.125419328792021
21280,"Darley Reef (19-043)",3,0.0555555555555556,18,0.036113033647187,0.0198002409828226,0.100486916694458,0,0.277777777777778,0.270017563773168,0.270017563773168,0.121438896909465
21281,"Darley Reef (19-043)",3,0,18,0.036113033647187,0.0198002409828226,0.100486916694458,0,0.279166666666659,0.273825465158061,0.273825465158061,0.121164048786532
21282,"Darley Reef (19-043)",3,0.0185185185185185,54,0.036113033647187,0.0198002409828226,0.100486916694458,0,0.25972222222222,0.276703701345519,0.187838538461326,0.106372777362081
21283,"Darley Reef (19-043)",3,0.0925925925925926,54,0.036113033647187,0.0198002409828226,0.100486916694458,0,0.277777777777778,0.272829731579942,0.184799841187466,0.104635989627593
21284,"Darley Reef (19-043)",3,0.0555555555555556,54,0.036113033647187,0.0198002409828226,0.100486916694458,0,0.277777777777778,0.278479620280422,0.19080365141093,0.109881547009358
21285,"Darley Reef (19-043)",3,0.0185185185185185,54,0.036113033647187,0.0198002409828226,0.100486916694458,0,0.259259259259259,0.268623773938872,0.179622004752942,0.0989860906302675
21286,"Darley Reef (19-043)",3,0,19,0.036113033647187,0.0198002409828226,0.100486916694458,0,0.421052631578947,0.286447261969027,0.286447261969027,0.133061885760977
21287,"Darley Reef (19-043)",3,0.0526315789473684,19,0.036113033647187,0.0198002409828226,0.100486916694458,0,0.263157894736842,0.284961363151114,0.284961363151114,0.12951744415551
21288,"Darley Reef (19-043)",3,0,19,0.036113033647187,0.0198002409828226,0.100486916694458,0,0.315789473684211,0.273238563100178,0.273238563100178,0.122821315435747
21289,"Darley Reef (19-043)",3,0,19,0.036113033647187,0.0198002409828226,0.100486916694458,0,0.315789473684211,0.283578711791783,0.283578711791783,0.129061299355606
21290,"Davies Reef (18-096)",2,0.166666666666667,60,0.0529916216518925,0.0311991218539866,0.119573423623243,0,0.316666666666667,0.4232514702343,0.306594271749676,0.182586762220188
21291,"Davies Reef (18-096)",2,0.0666666666666667,60,0.0529916216518925,0.0311991218539866,0.119573423623243,0,0.316666666666667,0.433791782519525,0.319554648197257,0.196403876071531
21292,"Davies Reef (18-096)",2,0.333333333333333,60,0.0529916216518925,0.0311991218539866,0.119573423623243,0,0.3,0.43647764339848,0.319320806911348,0.192395339000597
21293,"Davies Reef (18-096)",2,0,15,0.0529916216518925,0.0311991218539866,0.119573423623243,0,0.4,0.357759240000691,0.357759240000691,0.166354524576456
21294,"Davies Reef (18-096)",2,0,15,0.0529916216518925,0.0311991218539866,0.119573423623243,0,0.466666666666667,0.352434473688289,0.352434473688289,0.165259681698774
21295,"Davies Reef (18-096)",2,0.192982456140351,57,0.0529916216518925,0.0311991218539866,0.119573423623243,0,0.316228070175436,0.424037698237582,0.308785698909742,0.185283408868317
21296,"Davies Reef (18-096)",2,0.0701754385964912,57,0.0529916216518925,0.0311991218539866,0.119573423623243,0,0.385964912280702,0.422164123506276,0.307769422780998,0.185447544378837
21297,"Davies Reef (18-096)",2,0.0526315789473684,57,0.0529916216518925,0.0311991218539866,0.119573423623243,0,0.333333333333333,0.424767722481162,0.31021382965209,0.187934853314468
21298,"Davies Reef (18-096)",2,0.105263157894737,57,0.0529916216518925,0.0311991218539866,0.119573423623243,0,0.333333333333333,0.418365789647083,0.303573535477743,0.182041318696344
21299,"Davies Reef (18-096)",2,0.153846153846154,13,0.0529916216518925,0.0311991218539866,0.119573423623243,0,0.384615384615385,0.324314236553282,0.324314236553282,0.144372990621411
21300,"Davies Reef (18-096)",2,0,13,0.0529916216518925,0.0311991218539866,0.119573423623243,0,0.384615384615385,0.320148337828182,0.320148337828182,0.139970083600106
21301,"Davies Reef (18-096)",2,0,13,0.0529916216518925,0.0311991218539866,0.119573423623243,0,0.384615384615385,0.324326800233582,0.324326800233582,0.142372842589163
21302,"Davies Reef (18-096)",2,0,13,0.0529916216518925,0.0311991218539866,0.119573423623243,0,0.461538461538462,0.332027260880512,0.332027260880512,0.14961853475025
21303,"Davies Reef (18-096)",2,0,15,0.0529916216518925,0.0311991218539866,0.119573423623243,0,0.4,0.353432089982614,0.353432089982614,0.162931729842418
21304,"Davies Reef (18-096)",2,0.0175438596491228,57,0.0212186601092371,0.0123916166569825,0.0492544872104879,0,0.157894736842105,0.23082667607159,0.141018292844744,0.0674298669083555
21305,"Davies Reef (18-096)",2,0,57,0.0212186601092371,0.0123916166569825,0.0492544872104879,0,0.140350877192982,0.224020282313078,0.134905664803152,0.0622679601436602
21306,"Davies Reef (18-096)",2,0,57,0.0212186601092371,0.0123916166569825,0.0492544872104879,0,0.157894736842105,0.228033877864325,0.139187034231826,0.0666858266758042
21307,"Davies Reef (18-096)",2,0,17,0.0212186601092371,0.0123916166569825,0.0492544872104879,0,0.176470588235294,0.225816919370411,0.225816919370411,0.0787921288609043
21308,"Davies Reef (18-096)",2,0,17,0.0212186601092371,0.0123916166569825,0.0492544872104879,0,0.235294117647059,0.223243671633126,0.223243671633126,0.0776935486930887
21309,"Davies Reef (18-096)",2,0,17,0.0212186601092371,0.0123916166569825,0.0492544872104879,0,0.176470588235294,0.223011712019614,0.223011712019614,0.078502634104769
21310,"Davies Reef (18-096)",2,0.0677966101694915,59,0.0212186601092371,0.0123916166569825,0.0492544872104879,0,0.152542372881356,0.237508690754331,0.146997954455485,0.0719243292452303
21311,"Davies Reef (18-096)",2,0,59,0.0212186601092371,0.0123916166569825,0.0492544872104879,0,0.135593220338983,0.234166782905961,0.144001288571638,0.0696982996436757
21312,"Davies Reef (18-096)",2,0,59,0.0212186601092371,0.0123916166569825,0.0492544872104879,0,0.135593220338983,0.234334109813555,0.14322033947334,0.0678008598578098
21313,"Davies Reef (18-096)",2,0.0338983050847458,59,0.0212186601092371,0.0123916166569825,0.0492544872104879,0,0.152542372881356,0.238789733922522,0.148195211533703,0.0729606175030473
21314,"Davies Reef (18-096)",2,0,21,0.0212186601092371,0.0123916166569825,0.0492544872104879,0,0.142857142857143,0.25179282692523,0.25179282692523,0.0946628714936743
21315,"Davies Reef (18-096)",2,0,21,0.0212186601092371,0.0123916166569825,0.0492544872104879,0,0.19047619047619,0.251756086312963,0.251756086312963,0.0928334790383431
21316,"Davies Reef (18-096)",2,0.0476190476190476,21,0.0212186601092371,0.0123916166569825,0.0492544872104879,0,0.19047619047619,0.251524567256966,0.251524567256966,0.0945567388209883
21317,"Davies Reef (18-096)",2,0,21,0.0212186601092371,0.0123916166569825,0.0492544872104879,0,0.142857142857143,0.252407887246751,0.252407887246751,0.0945855116666239
21318,"Faith Reef (19-044)",4,0.0166666666666667,60,0.0702701284004464,0.0374953018386769,0.236083107863596,0,0.5,0.434825941871533,0.329706567714524,0.215400459813051
21319,"Faith Reef (19-044)",4,0.0333333333333333,60,0.0702701284004464,0.0374953018386769,0.236083107863596,0,0.533749999999998,0.421884331065448,0.320860530419477,0.212246708733724
21320,"Faith Reef (19-044)",4,0.0166666666666667,60,0.0702701284004464,0.0374953018386769,0.236083107863596,0,0.616666666666667,0.433843935870573,0.329424162022441,0.217031422243505
21321,"Faith Reef (19-044)",4,0,31,0.0702701284004464,0.0374953018386769,0.236083107863597,0,0.548387096774194,0.4960758328791,0.308440296400088,0.216585373479986
21322,"Faith Reef (19-044)",4,0.0645161290322581,31,0.0702701284004464,0.0374953018386769,0.236083107863597,0,0.645161290322581,0.493699385506817,0.301748964042687,0.208507187198971
21323,"Faith Reef (19-044)",4,0.032258064516129,31,0.0702701284004464,0.0374953018386769,0.236083107863597,0,0.451612903225806,0.481671550165608,0.288463654501808,0.196044653602133
21324,"Faith Reef (19-044)",4,0,60,0.0702701284004464,0.0374953018386769,0.236083107863596,0,0.55,0.439810237133216,0.334569617053601,0.220286666174345
21325,"Faith Reef (19-044)",4,0.0333333333333333,60,0.0702701284004464,0.0374953018386769,0.236083107863596,0,0.667083333333331,0.438107435537709,0.332783693707252,0.218607176019192
21326,"Faith Reef (19-044)",4,0.0666666666666667,60,0.0702701284004464,0.0374953018386769,0.236083107863596,0,0.617083333333331,0.43203656603547,0.327366036552244,0.215617991897876
21327,"Faith Reef (19-044)",4,0.0333333333333333,30,0.0702701284004464,0.0374953018386769,0.236083107863597,0,0.633333333333333,0.495161752498847,0.303400187379624,0.209182410437977
21328,"Faith Reef (19-044)",4,0.0333333333333333,30,0.0702701284004464,0.0374953018386769,0.236083107863597,0,0.633333333333333,0.483001450132558,0.291689064204094,0.201369025559752
21329,"Faith Reef (19-044)",4,0,30,0.0702701284004464,0.0374953018386769,0.236083107863597,0,0.500833333333329,0.488220209598299,0.298115894063665,0.205587196433789
21330,"Lynchs Reef (18-091)",2,0.0535714285714286,56,0.0577812707168639,0.0344364330728991,0.127222763841523,0,0.411160714285712,0.442854077646007,0.325084875708026,0.197070862954254
21331,"Lynchs Reef (18-091)",2,0.0714285714285714,56,0.0577812707168639,0.0344364330728991,0.127222763841523,0,0.375,0.431678489286618,0.316057789800192,0.191727898456611
21332,"Lynchs Reef (18-091)",2,0.107142857142857,56,0.0577812707168639,0.0344364330728991,0.127222763841523,0,0.33973214285714,0.436071224448422,0.319775975030465,0.194371773813311
21333,"Lynchs Reef (18-091)",2,0.0892857142857143,56,0.0577812707168639,0.0344364330728991,0.127222763841523,0,0.446428571428571,0.442498365641274,0.326848592985948,0.201644422748258
21334,"Lynchs Reef (18-091)",2,0.415094339622642,53,0.0577812707168639,0.0344364330728991,0.127222763841522,0,0.433962264150943,0.427234016039272,0.312967030913774,0.191099675115218
21335,"Lynchs Reef (18-091)",2,0.132075471698113,53,0.0577812707168639,0.0344364330728991,0.127222763841522,0,0.358962264150941,0.417759219003006,0.302219999419462,0.179696782587885
21336,"Lynchs Reef (18-091)",2,0.169811320754717,53,0.0577812707168639,0.0344364330728991,0.127222763841522,0,0.339622641509434,0.413649680247254,0.297689396577283,0.175430823492152
21337,"Lynchs Reef (18-091)",2,0.0166666666666667,60,0.0415572223200252,0.0249034181878311,0.0954322345452944,0,0.3,0.390356136383881,0.276243154650566,0.159772694043087
21338,"Lynchs Reef (18-091)",2,0.0833333333333333,60,0.0415572223200252,0.0249034181878311,0.0954322345452944,0,0.267083333333331,0.377896108331949,0.263456578024271,0.148440249399703
21339,"Lynchs Reef (18-091)",2,0.0833333333333333,60,0.0415572223200252,0.0249034181878311,0.0954322345452944,0,0.3,0.372437747583094,0.260947850659815,0.149667670323489
21340,"Lynchs Reef (18-091)",2,0.05,60,0.0415572223200252,0.0249034181878311,0.0954322345452944,0,0.250416666666664,0.376917138368023,0.264585719701778,0.150835850007662
21341,"Lynchs Reef (18-091)",2,0.708860759493671,79,0.0415572223200252,0.0249034181878311,0.0954322345452945,0,0.278481012658228,0.444955114448471,0.255103133961201,0.139002178184029
21342,"Lynchs Reef (18-091)",2,0.177215189873418,79,0.0415572223200252,0.0249034181878311,0.0954322345452945,0,0.291139240506329,0.447094230064003,0.254073395713689,0.136042134354753
21343,"Lynchs Reef (18-091)",2,0.139240506329114,79,0.0415572223200252,0.0249034181878311,0.0954322345452945,0,0.278797468354429,0.439215514758544,0.24819760345688,0.133454989115949
21344,"Prawn Reef (19-024)",1,0,39,0.0415975805348329,0.0221676572403215,0.125157566071455,0,0.333974358974355,0.432272220148424,0.248077475984834,0.119677659441965
21345,"Prawn Reef (19-024)",1,0,39,0.0415975805348329,0.0221676572403215,0.125157566071455,0,0.307692307692308,0.426727373285165,0.242247768844654,0.115479725864934
21346,"Prawn Reef (19-024)",1,0,39,0.0415975805348329,0.0221676572403215,0.125157566071455,0,0.333333333333333,0.430484681118698,0.244133135935437,0.115054246745328
21347,"Prawn Reef (19-024)",1,0,44,0.0415975805348329,0.0221676572403215,0.125157566071455,0,0.386363636363636,0.455085135907572,0.269642084875644,0.13625046083193
21348,"Prawn Reef (19-024)",1,0,44,0.0415975805348329,0.0221676572403215,0.125157566071455,0,0.295454545454545,0.451125712933544,0.265022489313446,0.131603575758708
21349,"Prawn Reef (19-024)",1,0.0227272727272727,44,0.0415975805348329,0.0221676572403215,0.125157566071455,0,0.318749999999997,0.457623011953324,0.27127395780265,0.136029295172107
21350,"Prawn Reef (19-024)",1,0,44,0.0415975805348329,0.0221676572403215,0.125157566071455,0,0.318181818181818,0.460462458199736,0.271693123568753,0.134381474648858
21371,"Prawn Reef (19-024)",1,0,51,0.0642381091039,0.0344470600020098,0.189558070552482,0,0.431862745098037,0.369906239323529,0.268926753242905,0.16608948830303
21372,"Prawn Reef (19-024)",1,0,51,0.0642381091039,0.0344470600020098,0.189558070552482,0,0.431372549019608,0.375131957114527,0.275278881535314,0.173401875164363
21373,"Prawn Reef (19-024)",1,0.0392156862745098,51,0.0642381091039,0.0344470600020098,0.189558070552482,0,0.509803921568627,0.394312987038962,0.293618330128689,0.187810453406802
21378,"Shrimp Reef (18-118)",2,0,58,0.0324203828738307,0.0197390850785617,0.0752545464785244,0,0.241379310344828,0.31924451295298,0.214674955159761,0.116948463751362
21379,"Shrimp Reef (18-118)",2,0,58,0.0324203828738307,0.0197390850785617,0.0752545464785244,0,0.206896551724138,0.315916134971094,0.210655930522791,0.112786546683926
21380,"Shrimp Reef (18-118)",2,0,58,0.0324203828738307,0.0197390850785617,0.0752545464785244,0,0.224137931034483,0.318015744628968,0.213748918190521,0.115870916495588
21381,"Shrimp Reef (18-118)",2,0.0689655172413793,58,0.0324203828738307,0.0197390850785617,0.0752545464785244,0,0.224137931034483,0.314451052448087,0.209328437245477,0.111392842269947
21382,"Shrimp Reef (18-118)",2,0,20,0.0324203828738307,0.0197390850785617,0.0752545464785245,0,0.25,0.322665353064028,0.322665353064028,0.142713072698051
21383,"Shrimp Reef (18-118)",2,0,20,0.0324203828738307,0.0197390850785617,0.0752545464785245,0,0.25,0.315370393685679,0.315370393685679,0.136916621729949
21384,"Shrimp Reef (18-118)",2,0,20,0.0324203828738307,0.0197390850785617,0.0752545464785245,0,0.25,0.315811874476532,0.315811874476532,0.135189914305612
21385,"Shrimp Reef (18-118)",2,0,20,0.0324203828738307,0.0197390850785617,0.0752545464785245,0,0.25,0.32435323179041,0.32435323179041,0.143556993503394
21386,"Shrimp Reef (18-118)",2,0,41,0.0324203828738308,0.0197390850785617,0.0752545464785245,0,0.219512195121951,0.455459132914678,0.248759553546238,0.103558996820583
21387,"Shrimp Reef (18-118)",2,0,41,0.0324203828738308,0.0197390850785617,0.0752545464785245,0,0.219512195121951,0.458522862926295,0.251628072295377,0.105493517018915
21388,"Shrimp Reef (18-118)",2,0,41,0.0324203828738308,0.0197390850785617,0.0752545464785245,0,0.219512195121951,0.452300953318741,0.248011085428229,0.104463218933148
21389,"Shrimp Reef (18-118)",2,0,41,0.0324203828738308,0.0197390850785617,0.0752545464785245,0,0.24390243902439,0.456457476528363,0.251024650075696,0.106252709683489
21390,"Shrimp Reef (18-118)",2,0,21,0.0324203828738308,0.0197390850785617,0.0752545464785245,0,0.238095238095238,0.322729337940853,0.322729337940853,0.141784336470197
21391,"Shrimp Reef (18-118)",2,0,21,0.0324203828738308,0.0197390850785617,0.0752545464785245,0,0.238095238095238,0.316043226506825,0.316043226506825,0.137081664075204
21392,"Shrimp Reef (18-118)",2,0,21,0.0324203828738308,0.0197390850785617,0.0752545464785245,0,0.239285714285708,0.322350805646786,0.322350805646786,0.14139493269698
21393,"Shrimp Reef (18-118)",2,0,21,0.0324203828738308,0.0197390850785617,0.0752545464785245,0,0.239285714285708,0.319877167239792,0.319877167239792,0.140321501150432
21409,"Banfield Reef (North) (18-105a)",3,0.135,200,0.0617752129007624,0.0340247953494315,0.174260460527919,0,0.405124999999999,0.472940879456946,0.309727913979801,0.178437617431597
21410,"Banfield Reef (North) (18-105a)",3,0.120689655172414,116,0.0617752129007624,0.0340247953494315,0.17426046052792,0,0.483189655172411,0.432328486833059,0.307292905987948,0.171399601023578
21411,"Banfield Reef (North) (18-105a)",3,0.0706521739130435,184,0.0617752129007625,0.0340247953494315,0.17426046052792,0,0.451358695652172,0.460687456497518,0.299215431989222,0.180479401625853
21412,"Banfield Reef (North) (18-105a)",3,0.172413793103448,116,0.0617752129007624,0.0340247953494315,0.17426046052792,0,0.482758620689655,0.443020488260623,0.320648295843432,0.18351038540486
21413,"Banfield Reef (North) (18-105a)",3,0.0292207792207792,308,0.0617752129007624,0.0340247953494315,0.174260460527919,0,0.418831168831169,0.43625858423795,0.300090178713591,0.181607746041309
21414,"Banfield Reef (North) (18-105a)",3,0.107638888888889,288,0.0617867077665574,0.0340357103937437,0.174318244791424,0,0.403124999999998,0.457938347248468,0.299167768108096,0.170113741737328
21415,"Banfield Reef (North) (18-105a)",3,0.212765957446809,141,0.0610901923295638,0.033750159506905,0.172570415459067,0,0.489539007092198,0.457533794230289,0.292457587892071,0.164238139161421
21416,"Banfield Reef (North) (18-105a)",3,0.206140350877193,228,0.0610901923295638,0.033750159506905,0.172570415459067,0,0.482565789473684,0.441080815633801,0.282263184951005,0.166134829467235
21431,"Banfield Reef (North) (18-105a)",3,0.0576923076923077,104,0.0569694970311067,0.0310763448853129,0.160248713546867,0,0.394230769230769,0.382716076680453,0.264035789817428,0.157507130293244
21432,"Banfield Reef (North) (18-105a)",3,0.193548387096774,124,0.0569694970311068,0.031076344885313,0.160248713546867,0,0.41149193548387,0.42732000107891,0.304104477229545,0.169118911275633
21433,"Davies Reef (18-096)",2,0.021505376344086,93,0.0445363392151963,0.0274137221089881,0.10210005954848,0,0.268817204301075,0.50000696914772,0.302928013850324,0.148466118203104
21434,"Davies Reef (18-096)",2,0.183333333333333,120,0.0445363392151963,0.0274137221089881,0.10210005954848,0,0.291666666666667,0.438189258294851,0.297296623105046,0.146175066502823
21435,"Davies Reef (18-096)",2,0.19047619047619,126,0.0446343824383824,0.0274400446929594,0.102515761327415,0,0.325396825396825,0.449160333928173,0.26270985827326,0.139307462547867
21436,"Davies Reef (18-096)",2,0.0909090909090909,66,0.0446343824383824,0.0274400446929594,0.102515761327415,0,0.348484848484849,0.419661856154009,0.304695347282121,0.14933615706644
21437,"Davies Reef (18-096)",2,0.1,240,0.0446343824383824,0.0274400446929594,0.102515761327415,0,0.275,0.458358927336682,0.274053508215823,0.134957730476715
21438,"Davies Reef (18-096)",2,0.543478260869565,92,0.0446343824383824,0.0274400446929594,0.102515761327415,0,0.282608695652174,0.498603068963835,0.300983389690236,0.14706067713059
21439,"Davies Reef (18-096)",2,0.0541666666666667,240,0.0399941724695801,0.0254125832477222,0.0906941198915995,0,0.279166666666667,0.446600319397593,0.263694610125733,0.128651239806277
21441,"Davies Reef (18-096)",2,0.025,200,0.0399941724695801,0.0254125832477222,0.0906941198915995,0,0.23,0.457763732196537,0.274583087548504,0.135576263194672
21442,"Davies Reef (18-096)",2,0.0466101694915254,236,0.0399941724695802,0.0254125832477223,0.0906941198915995,0,0.300953389830508,0.44379448864357,0.264144594001837,0.139000355539577
21443,"Davies Reef (18-096)",2,0.0443548387096774,248,0.0399941724695802,0.0254125832477223,0.0906941198915995,0,0.274193548387097,0.453329694252457,0.271116063673178,0.132549100891555
21444,"Davies Reef (18-096)",2,0.0380952380952381,105,0.0401822167039875,0.0255139122919493,0.0911320313451207,0,0.266666666666667,0.374498719671783,0.241455565220332,0.126781854214499
21445,"Davies Reef (18-096)",2,0.0285714285714286,105,0.0401822167039875,0.0255139122919493,0.0911320313451207,0,0.276190476190476,0.381122443879638,0.245028548944164,0.127401646575202
21578,"Eyrie Reef (14-118)",4,0.0421052631578947,380,0.0401113671003164,0.0209659953594759,0.134163466232081,0,0.281578947368421,0.358665054176316,0.213621200461934,0.114323323308407
21579,"Eyrie Reef (14-118)",4,0.110526315789474,380,0.0401113671003164,0.0209659953594759,0.134163466232081,0,0.236907894736842,0.358060733280483,0.20854160952659,0.109148987193174
21594,"Lizard Island Reef (North West) (14-116a)",3,0.005,400,0.0390006447439773,0.0213820802442689,0.1073250381981,0,0.275,0.373647484482574,0.227456485850881,0.120238505936327
21595,"Lizard Island Reef (North West) (14-116a)",3,0.0025,400,0.0390006447439773,0.0213820802442689,0.1073250381981,0,0.2725,0.352308296048935,0.211344200478236,0.109995918733929
21596,"Lizard Island Reef (North East) (14-116b)",4,0.02,400,0.0512028976840831,0.0273561621116418,0.168951511146164,0,0.38,0.432924495741217,0.270511226039138,0.149836818904715
21597,"Lizard Island Reef (North East) (14-116b)",4,0.0075,400,0.0512028976840831,0.0273561621116418,0.168951511146164,0,0.330124999999999,0.448655583359285,0.28901642685549,0.162697571649724
21613,"Davies Reef (18-096)",2,0.0666666666666667,180,0.0485093853540757,0.0301574394301435,0.107725276877566,0,0.316666666666667,0.472595244899692,0.286402439346166,0.152925495017811
21614,"Davies Reef (18-096)",2,0.065,200,0.0485093853540757,0.0301574394301435,0.107725276877566,0,0.325124999999999,0.514247187384701,0.326190869186717,0.171469151539987
21713,"Lizard Island Reef (Lagoon) (14-116d)",4,0.024,250,0.0620385515437839,0.0328432723882904,0.204027056468758,0,0.4601,0.478510292855233,0.313852378553133,0.180460350976529
21714,"Lizard Island Reef (Lagoon) (14-116d)",4,0.016,250,0.0243019153921717,0.0125514513197212,0.0817165306609696,0,0.18,0.280721308974397,0.151212983327237,0.0701728255640057
21715,"Lizard Island Reef (Lagoon) (14-116d)",4,0.00789473684210526,380,0.0244192429963951,0.0126197610440865,0.0821219043393869,0,0.155328947368421,0.266868403025303,0.139333326334567,0.0641631421003225
21716,"Lizard Island Reef (Lagoon) (14-116d)",4,0.0552631578947368,380,0.0244192429963951,0.0126197610440865,0.0821219043393869,0,0.202631578947368,0.254121299998604,0.134927574310343,0.0669800613132619
21717,"Lizard Island Reef (Lagoon) (14-116d)",4,0.0184210526315789,380,0.0253672748026062,0.0131133281725233,0.0854739050039277,0,0.173684210526316,0.267394057850489,0.143155633599781,0.0684604070763644
21718,"Lizard Island Reef (Lagoon) (14-116d)",4,0.0184210526315789,380,0.0253672748026062,0.0131133281725233,0.0854739050039277,0,0.158026315789473,0.262095508308489,0.140223852204975,0.0675521428440464
21721,"North Direction Reef (14-143)",3,0.0394736842105263,380,0.0475268511766884,0.0268075294917306,0.1358499448045,0,0.397499999999999,0.403768054589379,0.252470048496721,0.14154943052713
21722,"North Direction Reef (14-143)",3,0.0157894736842105,380,0.0449705245927343,0.0253996187333915,0.128884657856387,0,0.300131578947368,0.3888145630771,0.242456605109219,0.135512806014921
21723,"North Direction Reef (14-143)",3,0.00526315789473684,380,0.0436896626462873,0.0246804112126763,0.125303920548195,0,0.329013157894737,0.371371329908443,0.226564586829873,0.124032923841703
21734,"Lizard Island Reef (Lagoon) (14-116d)",4,0.0142857142857143,350,0.0246057428056303,0.0127140945225788,0.082743542119269,0,0.194357142857142,0.28164482057167,0.154902479471888,0.075057323517969
21735,"Lizard Island Reef (Lagoon) (14-116d)",4,0.0428571428571429,350,0.0239935190184264,0.0123263117734995,0.0805375637662635,0,0.180071428571428,0.266037674788736,0.14267352415889,0.0671987473083962
21736,"Lizard Island Reef (Lagoon) (14-116d)",4,0.0296296296296296,135,0.0239935190184264,0.0123263117734995,0.0805375637662635,0,0.17037037037037,0.287310881176382,0.151620254967116,0.076696127772232
21737,"Lizard Island Reef (Lagoon) (14-116d)",4,0.103703703703704,135,0.0239935190184264,0.0123263117734995,0.0805375637662635,0,0.207407407407407,0.281467490813662,0.146733651366068,0.0743074180163092
21738,"Lizard Island Reef (Lagoon) (14-116d)",4,0,180,0.0246057428056303,0.0127140945225788,0.082743542119269,0,0.166666666666667,0.277984183946569,0.149311352868896,0.075423555020859
21739,"Lizard Island Reef (Lagoon) (14-116d)",4,0.0166666666666667,180,0.0246057428056303,0.0127140945225788,0.082743542119269,0,0.183333333333333,0.27934915828492,0.147720124903095,0.0723617422278216
21740,"Lizard Island Reef (Lagoon) (14-116d)",4,0.0105263157894737,380,0.0252938541986735,0.0130683877241836,0.085176121526079,0,0.221118421052631,0.278748940248968,0.154952526375376,0.0786990386863613
21741,"Lizard Island Reef (Lagoon) (14-116d)",4,0.00526315789473684,380,0.0252938541986735,0.0130683877241836,0.085176121526079,0,0.200065789473684,0.270549980025647,0.14753547479814,0.0721109703736525
21742,"Lizard Island Reef (Lagoon) (14-116d)",4,0.0368421052631579,380,0.0248160996575172,0.0128090079904233,0.0833597484333007,0,0.207894736842105,0.267473210082019,0.146433170427248,0.073677792768713
21743,"Lizard Island Reef (Lagoon) (14-116d)",4,0.0263157894736842,380,0.0248160996575172,0.0128090079904233,0.0833597484333007,0,0.184210526315789,0.261678562383483,0.142292416324847,0.0713519774793408
21786,"Lizard Island Reef (North West) (14-116a)",3,0.00444444444444444,225,0.042506518751012,0.0238513378994628,0.120117578460718,0,0.306777777777777,0.367022109826615,0.238382989188734,0.127394866535709
21787,"Lizard Island Reef (North West) (14-116a)",3,0,225,0.0401246001235275,0.0222384026284212,0.11122123286009,0,0.306666666666667,0.362506481914385,0.236379375167073,0.126052550610562
21826,"Eyrie Reef (14-118)",4,0.00298507462686567,335,0.0550467741449458,0.0295232928859497,0.180873179152284,0,0.385373134328357,0.434496046268621,0.274849383784521,0.156950736206423
21827,"Eyrie Reef (14-118)",4,0.0208955223880597,335,0.0550467741449458,0.0295232928859497,0.180873179152284,0,0.474701492537313,0.44359627029665,0.282478024487207,0.162137257033211
21828,"Eyrie Reef (14-118)",4,0,335,0.0423557470738175,0.0223813833441029,0.140327517984464,0,0.325671641791043,0.384337975932675,0.232196823790448,0.127765591038777
21829,"Eyrie Reef (14-118)",4,0,335,0.0423557470738175,0.0223813833441029,0.140327517984464,0,0.31044776119403,0.38170830887667,0.225994833314571,0.12011029211543
21830,"Lizard Island Reef (Lagoon) (14-116d)",4,0.0142857142857143,350,0.0243346517224872,0.0125626414393039,0.0816830610568408,0,0.174285714285714,0.278157857779293,0.155256037481087,0.0761586373097673
21831,"Lizard Island Reef (Lagoon) (14-116d)",4,0.0142857142857143,350,0.0243346517224872,0.0125626414393039,0.0816830610568408,0,0.171428571428571,0.273445322949616,0.14703919679547,0.0693736519733338
21832,"Lizard Island Reef (Lagoon) (14-116d)",4,0.00857142857142857,350,0.0250310620564193,0.0128963404728293,0.0838753088217718,0,0.217142857142857,0.282733247439994,0.155427275287862,0.0759199915480089
21833,"Lizard Island Reef (Lagoon) (14-116d)",4,0.0285714285714286,350,0.0250310620564193,0.0128963404728293,0.0838753088217718,0,0.174357142857142,0.271925052722999,0.151990230191423,0.0752951283519337
21836,"Eyrie Reef (14-118)",4,0.0149253731343284,335,0.0397515133530856,0.0207900433102749,0.132470531458917,0,0.256791044776119,0.365736080404357,0.216907860157053,0.116136083643152
21837,"Eyrie Reef (14-118)",4,0.0208955223880597,335,0.0397515133530856,0.0207900433102749,0.132470531458917,0,0.241940298507462,0.361243347616328,0.214106849845517,0.114199457518577
21842,"Eyrie Reef (14-118)",4,0,350,0.0323186221814574,0.0169141181867142,0.106568317746442,0,0.231642857142856,0.324759715599748,0.186156596099793,0.0917623128234736
21843,"Eyrie Reef (14-118)",4,0,350,0.0323186221814574,0.0169141181867142,0.106568317746442,0,0.222857142857143,0.322380545449497,0.185937903216002,0.0942874545626475
21850,"Eyrie Reef (14-118)",4,0.0776119402985075,335,0.0343508059038541,0.0179253075629934,0.112262708926474,0,0.277611940298507,0.325991006887029,0.185684205638355,0.0969002595891949
21851,"Eyrie Reef (14-118)",4,0.0865671641791045,335,0.0343508059038541,0.0179253075629934,0.112262708926474,0,0.241940298507462,0.335966597777986,0.193419316952145,0.101028965683259
21930,"Lizard Island Reef (Lagoon) (14-116d)",4,0.0242424242424242,330,0.024997559414137,0.01289058114726,0.083698993565446,0,0.187878787878788,0.261922062317432,0.142774527902954,0.0712560888823644
21931,"Lizard Island Reef (Lagoon) (14-116d)",4,0.00606060606060606,330,0.024997559414137,0.01289058114726,0.083698993565446,0,0.178787878787879,0.272416088297131,0.148377615870578,0.073707004269523
21932,"Lizard Island Reef (Lagoon) (14-116d)",4,0.0121212121212121,330,0.0252170659809907,0.0130528916868646,0.0845678349199338,0,0.175833333333333,0.270794750571858,0.146630984483824,0.071647377773
21933,"Lizard Island Reef (Lagoon) (14-116d)",4,0.0212121212121212,330,0.0252170659809907,0.0130528916868646,0.0845678349199338,0,0.194015151515151,0.266820916625853,0.146915199624565,0.0754745825529742
21956,"Davies Reef (18-096)",2,0.0204081632653061,196,0.044067608067066,0.0277102633583862,0.099168070757053,0,0.30127551020408,0.4667635117135,0.28389043468268,0.143345207576285
21957,"Davies Reef (18-096)",2,0.0681818181818182,176,0.0494991393857369,0.030866902053861,0.113387740211335,0,0.3125,0.476536003259185,0.288846577785805,0.155299297489654
21958,"Davies Reef (18-096)",2,0.016304347826087,184,0.049499139385737,0.030866902053861,0.113387740211335,0,0.299048913043478,0.498776026071572,0.312913215675294,0.173966933742559
21959,"Davies Reef (18-096)",2,0.0288461538461538,208,0.044067608067066,0.0277102633583862,0.0991680707570531,0,0.307692307692308,0.444154202367425,0.287337209368248,0.15291364267559
21960,"Davies Reef (18-096)",2,0.0520833333333333,192,0.049499139385737,0.030866902053861,0.113387740211335,0,0.333723958333331,0.497598270602975,0.31080705390728,0.161602287779583
21961,"Davies Reef (18-096)",2,0.0652173913043478,184,0.049499139385737,0.030866902053861,0.113387740211335,0,0.315217391304348,0.485752085826267,0.301463471817577,0.166842297722522
22064,"Davies Reef (18-096)",2,0.016304347826087,184,0.0475272845372171,0.0296516027525463,0.109448591800927,0,0.369565217391304,0.482362745496842,0.298241078111094,0.166138894491766
22065,"Davies Reef (18-096)",2,0.025,240,0.0446636750583744,0.0280404421157707,0.101332135853607,0,0.258333333333333,0.473461637478899,0.290168872729598,0.147653476542886
22066,"Davies Reef (18-096)",2,0.0406976744186047,172,0.0475272845372171,0.0296516027525462,0.109448591800927,0,0.284883720930233,0.4560380062514,0.30703228817542,0.157829634733123
22067,"Davies Reef (18-096)",2,0,60,0.0446636750583744,0.0280404421157707,0.101332135853607,0,0.333749999999998,0.395733070731231,0.283200679377207,0.166825035077642
22068,"Davies Reef (18-096)",2,0.00641025641025641,156,0.0475272845372171,0.0296516027525462,0.109448591800927,0,0.307692307692308,0.433428776632867,0.284833475306262,0.154420896798073
22069,"Davies Reef (18-096)",2,0.0277777777777778,180,0.0446636750583745,0.0280404421157707,0.101332135853607,0,0.27236111111111,0.445118706313082,0.263553813022271,0.139610914167211
22070,"Davies Reef (18-096)",2,0.024390243902439,123,0.0475272845372171,0.0296516027525462,0.109448591800927,0,0.366260162601624,0.461833554192044,0.321833543122838,0.166592356235043
22071,"Davies Reef (18-096)",2,0,45,0.0446636750583745,0.0280404421157707,0.101332135853607,0,0.289444444444441,0.538047903549685,0.329977800141668,0.159284523201349
22072,"Davies Reef (18-096)",2,0.0222222222222222,180,0.0445716374628808,0.0279641410533773,0.101161336819786,0,0.3,0.461507293159458,0.277966153988542,0.149522339034549
22073,"Davies Reef (18-096)",2,0.00952380952380952,105,0.0445716374628808,0.0279641410533773,0.101161336819786,0,0.28595238095238,0.421136524533563,0.281053869063112,0.152402817117842
22074,"Davies Reef (18-096)",2,0.00555555555555556,180,0.0445716374628808,0.0279641410533773,0.101161336819786,0,0.339027777777777,0.46565263319445,0.280561143589053,0.149693898192416
22075,"Davies Reef (18-096)",2,0,90,0.0445716374628808,0.0279641410533773,0.101161336819786,0,0.255555555555556,0.486100646557943,0.290385010337622,0.13936377128704
22174,"Eyrie Reef (14-118)",4,0.0132075471698113,530,0.0342023132840381,0.0178725866064336,0.111769558034038,0,0.247216981132075,0.331135925801278,0.193886296795857,0.102195669935591
22175,"Eyrie Reef (14-118)",4,0.0264150943396226,530,0.0342023132840381,0.0178725866064336,0.111769558034038,0,0.205754716981132,0.317841370182377,0.179587054739882,0.0884171006396239
22240,"Lizard Island Reef (Lagoon) (14-116d)",4,0.004,250,0.0236477585620738,0.0121509182855715,0.0791680416469446,0,0.172099999999999,0.281971874070166,0.151331485608663,0.0694035884916442
22241,"Lizard Island Reef (Lagoon) (14-116d)",4,0.0133333333333333,225,0.0236477585620738,0.0121509182855715,0.0791680416469446,0,0.200111111111111,0.250295589275144,0.148674805095034,0.0731190381849619
22242,"Lizard Island Reef (Lagoon) (14-116d)",4,0,225,0.0236477585620738,0.0121509182855715,0.0791680416469446,0,0.16,0.244023164869021,0.140407382411606,0.0647214424861927
22245,"Eyrie Reef (14-118)",4,0.008,250,0.0392671332164572,0.0205717460513872,0.130304429785553,0,0.3,0.376967277845212,0.224882617576768,0.117036651802627
22294,"Davies Reef (18-096)",2,0,135,0.0461618043222568,0.0286645812445985,0.106024059596287,0,0.296296296296296,0.475237870042681,0.287154810003237,0.156519214343889
22295,"Davies Reef (18-096)",2,0,90,0.0468074428574349,0.0288494493264705,0.108226345864765,0,0.3,0.502411178690673,0.306915947983262,0.152799951618087
22350,"Lizard Island Reef (Lagoon) (14-116d)",4,0.056,250,0.0236477585620738,0.0121509182855715,0.0791680416469446,0,0.176099999999999,0.286004314311897,0.153888563498298,0.0723146226411656
22402,"Eyrie Reef (14-118)",4,0,380,0.0418208195565916,0.0220749758053403,0.138717500146433,0,0.355394736842105,0.369567587791273,0.22163169947833,0.121275004737036
22403,"Eyrie Reef (14-118)",4,0.0105263157894737,380,0.0455732971048319,0.0243879699660664,0.15111707517961,0,0.405723684210524,0.410856813705536,0.25914131056366,0.147278092772481
22404,"Lizard Island Reef (Lagoon) (14-116d)",4,0,80,0.0242306009641629,0.0124964937904144,0.0813335068483801,0,0.1875,0.27923618994189,0.139313038034852,0.071383714776573
22405,"Lizard Island Reef (Lagoon) (14-116d)",4,0.0125,400,0.02422421113468,0.0124914443526837,0.0813073665469857,0,0.2200625,0.261984016454284,0.142288668892296,0.0701468244091293
22406,"Lizard Island Reef (Lagoon) (14-116d)",4,0.0075,400,0.02422421113468,0.0124914443526837,0.0813073665469857,0,0.1650625,0.260906794735383,0.138614195244649,0.0645406127510182
22407,"Lizard Island Reef (Lagoon) (14-116d)",4,0.025,400,0.0235746416521784,0.0121017180779636,0.0789339904136555,0,0.1575625,0.261759033044548,0.139936423662334,0.0650455086105208
22408,"Lizard Island Reef (Lagoon) (14-116d)",4,0.0225,400,0.0235746416521784,0.0121017180779636,0.0789339904136555,0,0.175124999999999,0.266350062555346,0.146580517196348,0.0714349021349401
22409,"Eyrie Reef (14-118)",4,0.00222222222222222,450,0.0461826666094735,0.0248942241656887,0.151401563170859,0,0.337999999999999,0.412371458746736,0.259726929097309,0.143602593862679
22410,"Eyrie Reef (14-118)",4,0.00222222222222222,450,0.0461826666094735,0.0248942241656887,0.151401563170859,0,0.280055555555555,0.391564986699183,0.240483160147727,0.129305485592143
22411,"Eyrie Reef (14-118)",4,0,450,0.0360836933184312,0.0191088286369146,0.121594475520872,0,0.206722222222222,0.356165150682298,0.206938745052493,0.101709047696649
22412,"Eyrie Reef (14-118)",4,0,450,0.0360836933184312,0.0191088286369146,0.121594475520872,0,0.251222222222222,0.363953061751721,0.216820601954371,0.111978941326023
22413,"Eyrie Reef (14-118)",4,0,450,0.031916729718931,0.016617810935311,0.105116504128367,0,0.2045,0.329946561346941,0.189362155385222,0.0935430268609177
22414,"Eyrie Reef (14-118)",4,0,450,0.031916729718931,0.016617810935311,0.105116504128367,0,0.266722222222222,0.3268895999032,0.192325647654796,0.0994629760122607
22415,"Eyrie Reef (14-118)",4,0,450,0.033599390624898,0.0176883133059777,0.111777626658515,0,0.228999999999999,0.341315358734931,0.197750915194498,0.0998549704056383
22416,"Eyrie Reef (14-118)",4,0,450,0.033599390624898,0.0176883133059777,0.111777626658515,0,0.246944444444443,0.339206483518837,0.195678711953836,0.0976611679527588
22502,"Davies Reef (18-096)",2,0.00625,160,0.0406932333658957,0.0258183559863841,0.0920796468136322,0,0.275156249999999,0.410249603187963,0.263089907009584,0.138658271328706
22503,"Davies Reef (18-096)",2,0.0166666666666667,120,0.0406932333658957,0.0258183559863841,0.0920796468136322,0,0.275,0.429518717436085,0.290164542463944,0.142189288813559
22514,"Davies Reef (18-096)",2,0.025,160,0.040682664692942,0.0258481728746774,0.0919937792736479,0,0.250156249999999,0.40990694019215,0.264813983507095,0.139688242986
22515,"Davies Reef (18-096)",2,0.0296296296296296,135,0.040682664692942,0.0258481728746774,0.0919937792736479,0,0.244444444444444,0.45689435409529,0.268671887988053,0.142137018128885
22516,"Davies Reef (18-096)",2,0.00775193798449612,129,0.0424340714234625,0.0265769275696699,0.0958386437129039,0,0.255813953488372,0.445502827102954,0.258302135605821,0.134762689377702
22517,"Davies Reef (18-096)",2,0.0170454545454545,176,0.040682664692942,0.0258481728746774,0.0919937792736479,0,0.244318181818182,0.422779441395338,0.244731506264568,0.125695632355185
22518,"Davies Reef (18-096)",2,0.0333333333333333,180,0.040682664692942,0.0258481728746774,0.0919937792736479,0,0.316666666666667,0.445768827347638,0.262481488939466,0.137199419031186
22519,"Davies Reef (18-096)",2,0.0185185185185185,216,0.0424340714234625,0.02657692756967,0.095838643712904,0,0.264004629629629,0.417298543270244,0.262358369246269,0.12648127188593
22520,"Davies Reef (18-096)",2,0.00543478260869565,184,0.0413565619273164,0.0261295013460264,0.093155034339886,0,0.260869565217391,0.441571523032181,0.260809401319662,0.136949839143887
22521,"Davies Reef (18-096)",2,0.00555555555555556,180,0.0451582743650084,0.0280286152207848,0.103581372817072,0,0.338888888888889,0.464810771138044,0.280637667135267,0.14991264049697
22522,"Davies Reef (18-096)",2,0.03125,224,0.0424027167739526,0.0265369566367507,0.0957401177499171,0,0.308258928571427,0.451258796737478,0.296140900280734,0.152844272721478
22523,"Davies Reef (18-096)",2,0.0238095238095238,168,0.0406303279496494,0.0258216650915665,0.0918508748156445,0,0.262202380952379,0.432156533073225,0.281900217470385,0.13878373802314
22524,"Davies Reef (18-096)",2,0.00595238095238095,168,0.0413565619273164,0.0261295013460264,0.093155034339886,0,0.286011904761903,0.431612162197955,0.282078384870069,0.137985594068806
22525,"Davies Reef (18-096)",2,0.015,200,0.0413565619273164,0.0261295013460264,0.093155034339886,0,0.260124999999999,0.465879618993848,0.280385766290845,0.136884880522594
22526,"Davies Reef (18-096)",2,0.00862068965517241,116,0.0424027167739526,0.0265369566367507,0.0957401177499171,0,0.267456896551723,0.422887635028484,0.282253950966245,0.135542218651506
22527,"Davies Reef (18-096)",2,0,120,0.0406303279496494,0.0258216650915665,0.0918508748156445,0,0.283333333333333,0.421370562414349,0.283602294132516,0.139304692771303
22528,"Davies Reef (18-096)",2,0.0304878048780488,164,0.04449795191123,0.0276664144596413,0.101720027930922,0,0.23780487804878,0.44189658156252,0.289954094844985,0.141141793951911
22529,"Davies Reef (18-096)",2,0.0792682926829268,164,0.04449795191123,0.0276664144596413,0.101720027930922,0,0.304878048780488,0.442901410447437,0.292594690252549,0.147187489105488
22530,"Davies Reef (18-096)",2,0.0106382978723404,188,0.04449795191123,0.0276664144596413,0.101720027930922,0,0.324468085106383,0.467773650726202,0.283886911384222,0.14360542933968
22531,"Davies Reef (18-096)",2,0,144,0.0430550143599505,0.0267777446356142,0.0972713745575448,0,0.271006944444444,0.479257887658624,0.289726433177906,0.145206172300372
22532,"Davies Reef (18-096)",2,0.0576923076923077,156,0.04449795191123,0.0276664144596413,0.101720027930922,0,0.327083333333332,0.423327645634276,0.276196526527365,0.149129280189754
22533,"Davies Reef (18-096)",2,0.0104166666666667,192,0.0430550143599505,0.0267777446356142,0.0972713745575448,0,0.270963541666666,0.464056535749316,0.27968879983996,0.138585512446315
22534,"Davies Reef (18-096)",2,0.0378787878787879,132,0.0428764958739492,0.0266685832388053,0.0968190672377739,0,0.257575757575758,0.455690542353796,0.268630276627903,0.142429033883443
22535,"Davies Reef (18-096)",2,0.0301204819277108,166,0.0428764958739492,0.0266685832388053,0.0968190672377739,0,0.28328313253012,0.425797610650849,0.277217980935409,0.135474739778724
22536,"Davies Reef (18-096)",2,0.0141843971631206,141,0.0404885801775798,0.0257455156176034,0.0914345974910901,0,0.262588652482269,0.471526039549418,0.281457824844896,0.135101587222792
22537,"Davies Reef (18-096)",2,0.05,180,0.0428764958739492,0.0266685832388053,0.0968190672377739,0,0.266805555555555,0.454902488074025,0.271486992409245,0.142784621113466
22538,"Davies Reef (18-096)",2,0.00625,160,0.0428764958739492,0.0266685832388052,0.0968190672377739,0,0.3,0.414239872331465,0.267437492517191,0.142102005984325
22539,"Davies Reef (18-096)",2,0.0222222222222222,180,0.0404885801775798,0.0257455156176034,0.0914345974910901,0,0.239027777777777,0.438672420451392,0.256602039192217,0.13254125094652
23264,"Davies Reef (18-096)",2,0.00416666666666667,240,0.0420449901033568,0.0260466867122317,0.0964845479757546,0,0.275,0.450846042436608,0.270242152403456,0.134139037702551
23265,"Davies Reef (18-096)",2,0.0174418604651163,172,0.0420449901033568,0.0260466867122317,0.0964845479757546,0,0.221075581395348,0.432312717724992,0.280786659034526,0.134719405156628
23266,"Davies Reef (18-096)",2,0.0948275862068965,232,0.0383446091974973,0.0241256488024912,0.0868426523475081,0,0.267241379310345,0.42307987266113,0.245839452765936,0.124240887886382
23267,"Davies Reef (18-096)",2,0.0148148148148148,135,0.0420449901033568,0.0260466867122317,0.0964845479757546,0,0.281481481481481,0.459315321513634,0.274481196265219,0.14970947050104
23268,"Davies Reef (18-096)",2,0.0256410256410256,156,0.0420449901033568,0.0260466867122317,0.0964845479757546,0,0.275801282051281,0.408707551709719,0.261329755230945,0.136336344603022
23269,"Davies Reef (18-096)",2,0.0518518518518519,135,0.0383446091974973,0.0241256488024912,0.0868426523475081,0,0.244444444444444,0.436188955951712,0.251274364729056,0.130663204805945
23270,"Davies Reef (18-096)",2,0.0928571428571429,280,0.0382116119860818,0.0240156620933616,0.0864912786372854,0,0.228571428571429,0.410811620121313,0.235066268066697,0.115594550308719
23271,"Davies Reef (18-096)",2,0.0666666666666667,240,0.0383298904189448,0.0241010657781687,0.0867975983070359,0,0.229270833333333,0.434110319346046,0.257376823315955,0.124907125271927
23272,"Davies Reef (18-096)",2,0.0238095238095238,168,0.0420188671472017,0.0260227643269734,0.096437738695673,0,0.303720238095237,0.430426562368784,0.285807305302137,0.147081427199485
23273,"Davies Reef (18-096)",2,0.0535714285714286,280,0.0382116119860818,0.0240156620933616,0.0864912786372854,0,0.278571428571429,0.429538834384663,0.249077561080247,0.124074310916387
23274,"Davies Reef (18-096)",2,0.00892857142857143,224,0.0420188671472017,0.0260227643269734,0.096437738695673,0,0.245647321428571,0.435148776990262,0.279516931557774,0.13833162074105
23275,"Davies Reef (18-096)",2,0.0583333333333333,240,0.0403879066995498,0.0250238442964662,0.0923319931485742,0,0.275,0.44764161162058,0.267531072143859,0.131412132842727
23438,"Davies Reef (18-096)",2,0.025,120,0.0351141126671062,0.0216548794598191,0.0795794212620467,0,0.241874999999999,0.378482198835352,0.245204461685122,0.114472479965937
23439,"Davies Reef (18-096)",2,0.108333333333333,120,0.0351141126671062,0.0216548794598191,0.0795794212620467,0,0.233333333333333,0.374532047706804,0.241957506237522,0.111663175966843
23440,"Davies Reef (18-096)",2,0.0492957746478873,284,0.0350962788346043,0.0216434866804975,0.0795282516217504,0,0.264084507042254,0.403685207505598,0.23038500685358,0.114906128745058
23441,"Davies Reef (18-096)",2,0.075,200,0.037946637907362,0.0238034417465226,0.0859355302699701,0,0.230124999999999,0.450439752397008,0.26704654814719,0.129450524311624
23442,"Davies Reef (18-096)",2,0.0614035087719298,228,0.0380727236957229,0.023861048891803,0.0862398826506937,0,0.276535087719297,0.428015583845275,0.247056821650599,0.124534629668305
23443,"Davies Reef (18-096)",2,0.0607142857142857,280,0.0350962788346043,0.0216434866804975,0.0795282516217503,0,0.253571428571429,0.401489451478447,0.227507273285535,0.110209088356615
23444,"Davies Reef (18-096)",2,0.05,220,0.0379466379073621,0.0238034417465226,0.0859355302699702,0,0.227386363636363,0.398927789036869,0.250845124146784,0.120102928508054
23445,"Davies Reef (18-096)",2,0.0526315789473684,228,0.0380727236957229,0.023861048891803,0.0862398826506937,0,0.228070175438596,0.41930616531374,0.240046259251015,0.11827901642854
23460,"Davies Reef (18-096)",2,0.0304054054054054,296,0.0379228430243516,0.0237890090332275,0.0858947869423023,0,0.253462837837837,0.438230383983991,0.258142678080459,0.124972342810577
23461,"Davies Reef (18-096)",2,0.220238095238095,168,0.0417190960835802,0.0257673865643364,0.0959387097415178,0,0.273958333333333,0.428441795960411,0.280930228121923,0.14010983311813
23462,"Davies Reef (18-096)",2,0.104166666666667,192,0.0417190960835802,0.0257673865643364,0.0959387097415178,0,0.281380208333333,0.453785168169555,0.274546895676442,0.139917149784907
23463,"Davies Reef (18-096)",2,0.037037037037037,108,0.0380514109307614,0.0238465810133176,0.0861989950958258,0,0.240740740740741,0.381959692499009,0.247264019137038,0.128414878883416
23464,"Davies Reef (18-096)",2,0.125,176,0.0417190960835802,0.0257673865643364,0.0959387097415177,0,0.278551136363636,0.438467690554682,0.257301313220555,0.134294728201386
23465,"Davies Reef (18-096)",2,0.106666666666667,150,0.0417190960835802,0.0257673865643364,0.0959387097415178,0,0.253333333333333,0.479364768624796,0.288994026332759,0.142078428667266
23466,"Davies Reef (18-096)",2,0.05,240,0.0380514109307614,0.0238465810133176,0.0861989950958257,0,0.254270833333333,0.42346182717515,0.248784356176369,0.122635238043482
23467,"Davies Reef (18-096)",2,0.0777027027027027,296,0.0379228430243516,0.0237890090332275,0.0858947869423023,0,0.239864864864865,0.425317595671595,0.248663314868027,0.119088261811223
24221,"Davies Reef (18-096)",2,0.0691489361702128,188,0.051791454602816,0.0319962555161576,0.117016610272644,0,0.335239361702127,0.501658722166292,0.314268740961209,0.163510281280813
24222,"Davies Reef (18-096)",2,0.025,200,0.0517914546028159,0.0319962555161576,0.117016610272644,0,0.345249999999999,0.523991765276467,0.335520743210712,0.17914744449973
24223,"Davies Reef (18-096)",2,0.04,200,0.0478195740025994,0.0298040927509284,0.106046948750947,0,0.375124999999999,0.512885199858942,0.323880710791724,0.169621676394295
24224,"Davies Reef (18-096)",2,0.0208333333333333,192,0.0478195740025994,0.0298040927509285,0.106046948750947,0,0.307291666666667,0.49152031937552,0.305342128562606,0.156784504596249
24225,"Davies Reef (18-096)",2,0.0334928229665072,209,0.051791454602816,0.0319962555161576,0.117016610272644,0,0.373205741626794,0.46308127127612,0.307575070608967,0.171237578808376
24226,"Davies Reef (18-096)",2,0.0660377358490566,212,0.051791454602816,0.0319962555161576,0.117016610272644,0,0.363207547169811,0.478462891380046,0.321165236375805,0.180488010442522
24227,"Davies Reef (18-096)",2,0.0129310344827586,232,0.0478195740025994,0.0298040927509285,0.106046948750947,0,0.323275862068966,0.480275169893126,0.295424872265236,0.158951818026417
24228,"Davies Reef (18-096)",2,0.005,200,0.0478195740025994,0.0298040927509284,0.106046948750947,0,0.345,0.504738988097986,0.315711993067402,0.162839767960493
24431,"Davies Reef (18-096)",2,0.00709219858156028,141,0.0408282024779137,0.0254722950747833,0.0933682500837474,0,0.283865248226949,0.452491503402222,0.265904218005032,0.127595459307386
24432,"Davies Reef (18-096)",2,0.05,180,0.0443565772237193,0.0278511893491477,0.0995281275292594,0,0.28361111111111,0.453148596370628,0.26994566978978,0.142406107651988
24433,"Davies Reef (18-096)",2,0,129,0.0443565772237193,0.0278511893491477,0.0995281275292594,0,0.341279069767441,0.46544260571717,0.277129615081501,0.14904847019414
24434,"Davies Reef (18-096)",2,0.0277777777777778,180,0.0408282024779137,0.0254722950747833,0.0933682500837474,0,0.239027777777777,0.435496123372053,0.253926232186678,0.131282553616138
24435,"Davies Reef (18-096)",2,0.0416666666666667,240,0.0443565772237193,0.0278511893491477,0.0995281275292594,0,0.308333333333333,0.46442491013647,0.279642078930097,0.138087569665752
24436,"Davies Reef (18-096)",2,0.00454545454545455,220,0.0443565772237193,0.0278511893491477,0.0995281275292594,0,0.259090909090909,0.442784968523909,0.286062594086729,0.142348988313478
24437,"Davies Reef (18-096)",2,0.16,150,0.0482626357231257,0.0299397138298104,0.109115441740251,0,0.34,0.510831535581491,0.32148301130987,0.168694949142905
24438,"Davies Reef (18-096)",2,0.0388888888888889,180,0.0482626357231257,0.0299397138298104,0.109115441740251,0,0.327777777777778,0.473556247086125,0.287975948012901,0.155687904129337
24439,"Davies Reef (18-096)",2,0.015625,192,0.0482626357231257,0.0299397138298104,0.109115441740251,0,0.333333333333333,0.502646131401304,0.313889398727204,0.162696703733663
24440,"Davies Reef (18-096)",2,0.0904255319148936,188,0.0482626357231257,0.0299397138298104,0.109115441740251,0,0.313962765957446,0.481699383809631,0.297006559463986,0.151324182912721
24441,"Davies Reef (18-096)",2,0.0388888888888889,180,0.0436788126845142,0.0275325865522691,0.0982317570733291,0,0.289166666666665,0.4516609381106,0.269318887516414,0.141811622963677
24442,"Davies Reef (18-096)",2,0.00833333333333333,240,0.0436788126845141,0.0275325865522691,0.0982317570733291,0,0.291666666666667,0.465599221975437,0.28151932618868,0.140611879421031
24531,"Lizard Island Reef (Lagoon) (14-116d)",4,0.025,400,0.0464660197031718,0.0244022115595052,0.156308751945861,0,0.355,0.407808618190273,0.251408587834875,0.134050084188354
24532,"Lizard Island Reef (Lagoon) (14-116d)",4,0.0275,400,0.0464660197031718,0.0244022115595052,0.156308751945861,0,0.300249999999999,0.411121411498708,0.256140008622164,0.139290615884127
24533,"Lizard Island Reef (Lagoon) (14-116d)",4,0.105263157894737,380,0.0650178371228698,0.0345983342252535,0.214964081721906,0,0.526315789473684,0.475253229392045,0.313491202644291,0.187088395833963
24534,"Lizard Island Reef (Lagoon) (14-116d)",4,0.068421052631579,380,0.0650178371228698,0.0345983342252535,0.214964081721906,0,0.452763157894736,0.477281784680359,0.315071300024328,0.186971766924324
24535,"Lizard Island Reef (Lagoon) (14-116d)",4,0.0105263157894737,380,0.0601460817600359,0.0320760177015551,0.200187083106307,0,0.494999999999999,0.457895639685191,0.296707539496945,0.17297402144798
24536,"Lizard Island Reef (Lagoon) (14-116d)",4,0.0763157894736842,380,0.0601460817600359,0.0320760177015551,0.200187083106307,0,0.405394736842105,0.45226993703159,0.293536346342954,0.173873166483545
24623,"Davies Reef (18-096)",2,0.015,200,0.0461809035812001,0.0289157069521113,0.104889499147832,0,0.240124999999999,0.493210592464831,0.30577215282855,0.156217530157183
24624,"Davies Reef (18-096)",2,0.01,200,0.0461809035812001,0.0289157069521113,0.104889499147832,0,0.310124999999999,0.491053851307313,0.302038308632352,0.154237366436842
24625,"Davies Reef (18-096)",2,0.0545454545454545,220,0.0472777508549661,0.0294488829186291,0.108923885630612,0,0.309204545454545,0.463073790748779,0.30387098078951,0.152683724554984
24626,"Davies Reef (18-096)",2,0,200,0.0477109328611769,0.0295296904382949,0.110152539505588,0,0.335,0.503684694616831,0.316814352043025,0.164561668219053
24627,"Davies Reef (18-096)",2,0.00909090909090909,220,0.0461809035812001,0.0289157069521113,0.104889499147832,0,0.286477272727272,0.457455657998684,0.300030275399666,0.154852421701063
24628,"Davies Reef (18-096)",2,0.0111111111111111,180,0.0461809035812001,0.0289157069521113,0.104889499147832,0,0.289027777777777,0.467561670411273,0.281415807784123,0.147683519342468
24629,"Davies Reef (18-096)",2,0.00833333333333333,240,0.047277750854966,0.0294488829186291,0.108923885630612,0,0.3,0.481878581575818,0.29475990808761,0.147627646690432
24630,"Davies Reef (18-096)",2,0.03,200,0.0477109328611769,0.0295296904382949,0.110152539505588,0,0.340249999999999,0.503441821181456,0.314408069195082,0.161407777997406
24771,"Davies Reef (18-096)",2,0.00909090909090909,220,0.043336885960907,0.0271715424983935,0.0980769286010202,0,0.25,0.433758286668955,0.277909798545365,0.136510020554535
24772,"Davies Reef (18-096)",2,0.02,200,0.0451127846112141,0.0281247629356745,0.103040156182644,0,0.315,0.478855975379413,0.29174062631024,0.147955656663769
24773,"Davies Reef (18-096)",2,0.00714285714285714,140,0.0462391275337036,0.0285710966143307,0.106469832057235,0,0.292857142857143,0.476683422321289,0.287765047603318,0.141773586065952
24775,"Davies Reef (18-096)",2,0.0272727272727273,220,0.0449957429325281,0.0280850858553751,0.102691283869126,0,0.277272727272727,0.462348645471079,0.304272378703689,0.155678729779679
24776,"Davies Reef (18-096)",2,0.0333333333333333,180,0.0459270833202024,0.028443189626758,0.10539345008066,0,0.294444444444444,0.476707678556793,0.290628114473865,0.155987732836589
24777,"Davies Reef (18-096)",2,0.0125,160,0.0462391275337036,0.0285710966143307,0.106469832057235,0,0.3125,0.438943217711594,0.287285081083569,0.154132131030611
24862,"Lizard Island Reef (North West) (14-116a)",3,0.07,300,0.0594039562792464,0.0325072704373417,0.168071737895684,0,0.400083333333333,0.451373707467888,0.293986330336815,0.167077089662714
24863,"Lizard Island Reef (North West) (14-116a)",3,0,300,0.0594039562792464,0.0325072704373417,0.168071737895684,0,0.42675,0.466736102546209,0.307312598998409,0.176426569384847
24864,"Lizard Island Reef (North West) (14-116a)",3,0.00666666666666667,300,0.0593627718782692,0.0324605320515075,0.167918994466156,0,0.410166666666666,0.461379986452317,0.3017075089403,0.173133703584961
24865,"Lizard Island Reef (North West) (14-116a)",3,0.00666666666666667,300,0.0593627718782692,0.0324605320515075,0.167918994466156,0,0.477083333333331,0.462939149996554,0.302136213239131,0.172573115030633
24866,"Lizard Island Reef (Lagoon) (14-116d)",4,0.0466666666666667,300,0.0621024427773747,0.0330847655602055,0.205729419837464,0,0.39675,0.485929944497855,0.319698186564567,0.181135445458322
24867,"Lizard Island Reef (Lagoon) (14-116d)",4,0.0166666666666667,300,0.0621024427773747,0.0330847655602055,0.205729419837464,0,0.45675,0.475549793855584,0.311885214733399,0.179702378952011
24868,"Lizard Island Reef (Lagoon) (14-116d)",4,0,300,0.0576119174307102,0.0307944260987109,0.190345955964703,0,0.450166666666666,0.467065381317258,0.303373853393244,0.171092746906503
24869,"Lizard Island Reef (Lagoon) (14-116d)",4,0.0466666666666667,300,0.0576119174307102,0.0307944260987109,0.190345955964703,0,0.403583333333332,0.457154434115266,0.295001714800791,0.164373860122612
24870,"Lizard Island Reef (Lagoon) (14-116d)",4,0.0366666666666667,300,0.0520068534764201,0.0279627619451973,0.172557093908958,0,0.34675,0.447044777672259,0.28690506951217,0.159837267993976
24871,"Lizard Island Reef (Lagoon) (14-116d)",4,0.0266666666666667,300,0.0520068534764201,0.0279627619451973,0.172557093908958,0,0.393333333333333,0.441435977215555,0.282026878030486,0.156023832209558
24872,"Lizard Island Reef (Lagoon) (14-116d)",4,0.00666666666666667,300,0.0473431324538734,0.0249680265038716,0.156647586480301,0,0.396666666666667,0.41366048171363,0.257735153087927,0.141988947389993
24873,"Lizard Island Reef (Lagoon) (14-116d)",4,0.01,300,0.0473431324538734,0.0249680265038716,0.156647586480301,0,0.35,0.421998405579283,0.264916781982193,0.143873464017893
24928,"Davies Reef (18-096)",2,0.00833333333333333,240,0.039336944145231,0.024878088852146,0.0890495637816255,0,0.266874999999999,0.453133389984161,0.272420902738448,0.135628373210848
24929,"Davies Reef (18-096)",2,0.00862068965517241,232,0.0422779650676932,0.0264229291660413,0.0954528158920147,0,0.280172413793103,0.452902003404204,0.269930553046766,0.140720652872238
24930,"Davies Reef (18-096)",2,0.00416666666666667,240,0.044031744614266,0.0274794993385578,0.100699012153922,0,0.270833333333333,0.465356217748822,0.281344967567554,0.139065468852311
24931,"Davies Reef (18-096)",2,0.00833333333333333,240,0.0443512060619095,0.0275803374737152,0.101329296230727,0,0.287604166666666,0.471105506684446,0.286150935575705,0.143302326276638
24932,"Davies Reef (18-096)",2,0.0166666666666667,240,0.039336944145231,0.024878088852146,0.0890495637816255,0,0.220833333333333,0.436453859360509,0.254320085007569,0.120146476791787
24933,"Davies Reef (18-096)",2,0.00531914893617021,188,0.0422779650676932,0.0264229291660413,0.0954528158920147,0,0.31941489361702,0.451324312208135,0.265727716459193,0.128149791753813
24934,"Davies Reef (18-096)",2,0,200,0.044031744614266,0.0274794993385578,0.100699012153922,0,0.295,0.49402350658952,0.304099890030907,0.152441897440063
24935,"Davies Reef (18-096)",2,0,240,0.0443512060619095,0.0275803374737152,0.101329296230727,0,0.279270833333333,0.45891430117513,0.278053965791774,0.138058316179215
24937,"Davies Reef (18-096)",2,0.02,200,0.0397770035067859,0.0250851280695166,0.0897703475541405,0,0.265124999999999,0.464461138662921,0.278666161592195,0.135506188830881
24941,"Davies Reef (18-096)",2,0.0303030303030303,165,0.0397770035067859,0.0250851280695166,0.0897703475541406,0,0.254545454545455,0.419235790792722,0.268901880919306,0.129576970642993
25160,"Davies Reef (18-096)",2,0.0141509433962264,212,0.0367258469055338,0.0228070725790775,0.0834010681208332,0,0.202948113207547,0.395811076115166,0.243495848665884,0.120908472196686
25161,"Davies Reef (18-096)",2,0.0166666666666667,240,0.0367258469055338,0.0228070725790775,0.0834010681208332,0,0.225,0.419918930092094,0.240888907262628,0.112097387806299
25162,"Davies Reef (18-096)",2,0,200,0.0405190926441431,0.0254189741169637,0.0920545695510682,0,0.295124999999999,0.469012650882247,0.282551428892914,0.139482669433312
25163,"Davies Reef (18-096)",2,0.00833333333333333,240,0.0367258469055338,0.0228070725790775,0.0834010681208332,0,0.2,0.42700026209277,0.245610845386018,0.114252550396854
25304,"Lizard Island Reef (North West) (14-116a)",3,0.00888888888888889,450,0.0519625616294546,0.0282887795638082,0.146075036006451,0,0.395555555555556,0.423054152866313,0.275401948403228,0.15876083384559
25305,"Lizard Island Reef (North West) (14-116a)",3,0.0111111111111111,450,0.0519625616294546,0.0282887795638082,0.146075036006451,0,0.340166666666666,0.420554408264213,0.264375372749528,0.143763456101725
25306,"Lizard Island Reef (North West) (14-116a)",3,0.0155555555555556,450,0.050530141381838,0.0272826106217891,0.142443564036106,0,0.395611111111111,0.410692708754228,0.261036816032957,0.147457620930876
25307,"Lizard Island Reef (North West) (14-116a)",3,0.00888888888888889,450,0.050530141381838,0.0272826106217891,0.142443564036106,0,0.3845,0.418802439941337,0.269241556383275,0.151318873235624
25732,"Lizard Island Reef (Lagoon) (14-116d)",4,0.0578947368421053,380,0.0588273314348099,0.0312638008069563,0.19375164104068,0,0.355526315789472,0.452214087313784,0.291674184644679,0.169243128719125
25733,"Lizard Island Reef (Lagoon) (14-116d)",4,0.0131578947368421,380,0.0588273314348099,0.0312638008069563,0.19375164104068,0,0.410592105263158,0.449709321342787,0.288955677448447,0.168769263482737
25734,"Lizard Island Reef (Lagoon) (14-116d)",4,0.0575,400,0.0454509001835798,0.0240048688676586,0.149819206972059,0,0.332749999999999,0.41713104242143,0.262150617521883,0.143903357508978
25735,"Lizard Island Reef (Lagoon) (14-116d)",4,0.02,400,0.0454509001835798,0.0240048688676586,0.149819206972059,0,0.332624999999999,0.403071861887882,0.249085595932824,0.134273961585194
25736,"Lizard Island Reef (Lagoon) (14-116d)",4,0.0236842105263158,380,0.0541806856841408,0.0289578353968261,0.179462259699495,0,0.442105263157895,0.438785605588563,0.280520124981743,0.160408225136939
25737,"Lizard Island Reef (Lagoon) (14-116d)",4,0.0473684210526316,380,0.0541806856841408,0.0289578353968261,0.179462259699495,0,0.394868421052631,0.435959264577036,0.275654391896085,0.156242113149511
25925,"Davies Reef (18-096)",2,0.0136363636363636,220,0.0418896338716388,0.0266337482627002,0.094412767993388,0,0.241249999999998,0.433448618331112,0.278499778510189,0.137534820325394
25926,"Davies Reef (18-096)",2,0.032258064516129,217,0.0418896338716388,0.0266337482627002,0.0944127679933879,0,0.331912442396313,0.42946469485305,0.275731979432275,0.138059083649834
25927,"Davies Reef (18-096)",2,0.0125,240,0.0420200873172917,0.0266963465421811,0.0948277855626887,0,0.254270833333333,0.455364617428234,0.271904181947104,0.133082827304835
25928,"Davies Reef (18-096)",2,0.02,150,0.0418896338716388,0.0266337482627002,0.0944127679933879,0,0.286833333333332,0.473530696348313,0.283475598859986,0.139414798407593
25929,"Davies Reef (18-096)",2,0.0363636363636364,220,0.0418896338716388,0.0266337482627002,0.094412767993388,0,0.222727272727273,0.441326786364133,0.283220752242249,0.137247330390404
25930,"Davies Reef (18-096)",2,0.0541666666666667,240,0.0418896338716388,0.0266337482627002,0.0944127679933879,0,0.25,0.457609069266594,0.274619439422969,0.13429934193918
25931,"Davies Reef (18-096)",2,0.0208333333333333,240,0.0420200873172917,0.0266963465421811,0.0948277855626887,0,0.254270833333333,0.445369529371341,0.258460045446675,0.119727154016019
25932,"Davies Reef (18-096)",2,0.0227272727272727,220,0.0420200873172917,0.0266963465421811,0.0948277855626887,0,0.250113636363636,0.4310497371136,0.27804431384826,0.140451118028909
25933,"Davies Reef (18-096)",2,0.0343137254901961,204,0.045692720518805,0.0286149942197545,0.103804574563151,0,0.308946078431372,0.439683555566389,0.284965225129116,0.152527576966325
25934,"Davies Reef (18-096)",2,0.0291666666666667,240,0.0456927205188051,0.0286149942197545,0.103804574563151,0,0.295937499999999,0.480585278122428,0.296891818301881,0.152046153154634
25936,"Davies Reef (18-096)",2,0.0291666666666667,240,0.0456927205188051,0.0286149942197545,0.103804574563151,0,0.233333333333333,0.47186328938112,0.285727552172085,0.141013530666525
25937,"Davies Reef (18-096)",2,0.0263157894736842,228,0.0456927205188051,0.0286149942197545,0.103804574563151,0,0.293859649122807,0.464318124216776,0.280024979279857,0.14749084969351
26331,"U/N Reef (21-067)",2,0.0787037037037037,216,0.0425191060011922,0.0269631904646202,0.0962121849863018,0,0.301041666666666,0.432239556271619,0.277858931643249,0.138988346769729
26332,"U/N Reef (21-067)",2,0.127659574468085,188,0.0243120619257032,0.0155957692327716,0.0566483371265804,0,0.154255319148936,0.320904793682196,0.159936248406549,0.0645560190995454
26333,"U/N Reef (21-067)",2,0.145454545454545,220,0.0138789221412251,0.0084850777602772,0.0325675316206715,0,0.1,0.192375642763192,0.096537932361047,0.0358488134034765
26334,"U/N Reef (21-067)",2,0.193965517241379,232,0.0377963662586343,0.0234503415744792,0.085673942651167,0,0.254418103448275,0.422077804856394,0.242532899837519,0.121160423453446
26335,"U/N Reef (21-069)",5,0,208,0.026473875900385,0.0163533630604361,0.0542202819177897,0,0.158774038461538,0.304520321144102,0.167072791793568,0.0723578704996455
26336,"U/N Reef (21-069)",5,0,192,0.0243595662155934,0.0147114733591989,0.0503029422629283,0,0.177083333333333,0.340835285682587,0.171891329313351,0.0686856669577053
26337,"U/N Reef (21-069)",5,0,156,0.0231269480950438,0.014078127395229,0.0475657517847038,0,0.154006410256409,0.276164762306093,0.150351949368429,0.0643692648597772
26342,"U/N Reef (21-069)",5,0,152,0.0243595662155934,0.0147114733591989,0.0503029422629283,0,0.171052631578947,0.279404138173443,0.153422962583337,0.0664241403315896
26356,"U/N Reef (11-049)",1,0,360,0.0771345545233988,0.040926698679754,0.224665897966871,0,0.580555555555556,0.493325025165902,0.345004521648257,0.210607908463485
26357,"U/N Reef (11-049)",1,0.0583333333333333,360,0.0738589070362517,0.0392397124164669,0.214408045637371,0,0.511180555555555,0.48153222971097,0.334384181420664,0.204206255880825
26358,"U/N Reef (11-049)",1,0.0647058823529412,340,0.0738589070362518,0.0392397124164669,0.214408045637371,0,0.523676470588235,0.5176566949769,0.355561478558576,0.214200475740385
26359,"U/N Reef (11-049)",1,0.01875,320,0.0771345545233988,0.040926698679754,0.224665897966871,0,0.606328125,0.501177974452148,0.355352408217765,0.21565491129391
26360,"U/N Reef (11-049)",1,0.04375,320,0.0738589070362517,0.0392397124164669,0.214408045637371,0,0.643984374999999,0.499174701937559,0.357981786271174,0.218992817065318
26371,"Banfield Reef (North) (18-105a)",3,0.0848214285714286,224,0.0542827268435314,0.0292000418023737,0.160265591904934,0,0.343861607142857,0.412832693401363,0.277835457704609,0.152731692409181
26372,"Banfield Reef (North) (18-105a)",3,0.141666666666667,240,0.0542827268435315,0.0292000418023737,0.160265591904934,0,0.375,0.431904749656645,0.273530833229553,0.150839505694474
26373,"Banfield Reef (North) (18-105a)",3,0.122727272727273,220,0.0542827268435315,0.0292000418023737,0.160265591904934,0,0.381931818181818,0.414474718167594,0.279769196878387,0.154269620733709
26374,"Banfield Reef (North) (18-105a)",3,0.258620689655172,232,0.0542827268435315,0.0292000418023737,0.160265591904934,0,0.405280172413792,0.432212421030348,0.274859017493021,0.158943065235315
26375,"Banfield Reef (North) (18-105a)",3,0.0958333333333333,240,0.0323301272647877,0.0177521830330878,0.0904210276463161,0,0.220833333333333,0.321978721002818,0.187686085713666,0.0973323441191794
26376,"Banfield Reef (North) (18-105a)",3,0.0708333333333333,240,0.0323301272647877,0.0177521830330878,0.0904210276463161,0,0.241666666666667,0.327521458738483,0.188215902117244,0.0938724665200054
26377,"Banfield Reef (North) (18-105a)",3,0.0561224489795918,196,0.0281162743407979,0.0153626374534691,0.0804301479956881,0,0.239795918367347,0.311524864531203,0.173531866641761,0.0844161941764177
26378,"Banfield Reef (North) (18-105a)",3,0.035,200,0.0281162743407979,0.0153626374534691,0.0804301479956881,0,0.19,0.307597866639457,0.172257910525691,0.0853763859269295
26379,"Banfield Reef (North) (18-105a)",3,0.0416666666666667,240,0.0323301272647877,0.0177521830330878,0.0904210276463161,0,0.233645833333332,0.319614057110206,0.182240161648464,0.0903945089299177
26380,"Banfield Reef (North) (18-105a)",3,0.125,200,0.0323301272647877,0.0177521830330878,0.0904210276463161,0,0.250124999999999,0.338068383682183,0.191949256791466,0.0944455105337617
26381,"Banfield Reef (North) (18-105a)",3,0.0454545454545455,220,0.0281162743407979,0.0153626374534691,0.0804301479956881,0,0.231931818181818,0.268117239171918,0.158906929123098,0.0762599710013488
26382,"Banfield Reef (North) (18-105a)",3,0.045,200,0.0281162743407979,0.0153626374534691,0.0804301479956881,0,0.225,0.311854229024894,0.173531726612823,0.0838951934123385
26393,"(Big) Broadhurst Reef (No 1) (18-100a)",2,0,220,0.0236468617418977,0.0145760036164745,0.0549768271230868,0,0.15465909090909,0.29357706726991,0.162963203862596,0.0668347779634023
26394,"(Big) Broadhurst Reef (No 1) (18-100a)",2,0.0125,240,0.0252307528291766,0.0157879919352139,0.0580789175677942,0,0.158333333333333,0.329724291278448,0.170858657673709,0.0714429687849925
26395,"(Big) Broadhurst Reef (No 1) (18-100a)",2,0.00490196078431373,204,0.0236468617418977,0.0145760036164745,0.0549768271230868,0,0.16188725490196,0.282265410798515,0.158551580556178,0.0731046858574673
26396,"(Big) Broadhurst Reef (No 1) (18-100a)",2,0,240,0.0252307528291766,0.0157879919352139,0.0580789175677942,0,0.183333333333333,0.338384016803367,0.176344179691383,0.0755842916046128
26481,"U/N Reef (21-460)",5,0,609,0.027457494297649,0.0169577357601469,0.0563649754948237,0,0.155993431855501,0.335399312873675,0.181842330005626,0.0796033542760216
26482,"U/N Reef (21-460)",5,0,392,0.0292217256643543,0.0179466107837362,0.0600367716949702,0,0.188775510204082,0.358791683251251,0.18834111301493,0.0792919607218322
26483,"U/N Reef (21-460)",5,0,580,0.0311784355227526,0.019092858838405,0.0641320100334753,0,0.20176724137931,0.383605144558483,0.210106069555129,0.0941490555938123
26484,"U/N Reef (21-460)",5,0,555,0.0292723358245294,0.0179792158886837,0.0601384897529076,0,0.171171171171171,0.346264355215727,0.190729677831099,0.0834880198941713
26485,"U/N Reef (21-460)",5,0.00175438596491228,570,0.027516619821168,0.0170151987322705,0.0560883180537916,0,0.154385964912281,0.347666209749863,0.191670489915908,0.0819684358205175
26486,"U/N Reef (21-460)",5,0,470,0.028230308353296,0.017458424547877,0.0575107348131358,0,0.176648936170212,0.346715544120531,0.194004426084222,0.0851291361673293
26487,"U/N Reef (21-460)",5,0,420,0.0214136266441491,0.0131329510575634,0.0444130235887523,0,0.138095238095238,0.276057440105856,0.142875141332331,0.0564445235789563
26488,"U/N Reef (21-466)",5,0,545,0.024359460663546,0.014861725944095,0.0506357318332334,0,0.141330275229358,0.317797550678001,0.160825991485686,0.0662183598022113
26489,"U/N Reef (21-466)",5,0,288,0.0250290365188837,0.0153086388917988,0.0518583108498045,0,0.152777777777778,0.329667921357621,0.167500075300183,0.0670899485264941
26501,"U/N Reef (11-049)",1,0.0111111111111111,180,0.0734704780370752,0.0389577833889164,0.213467223909074,0,0.561111111111111,0.512131596293662,0.346696280444306,0.2157985750527
26508,"Banfield Reef (North) (18-105a)",3,0,45,0.0321153457837684,0.0181048905350987,0.0919059933701333,0,0.266666666666667,0.405781696852752,0.222579509058926,0.10153733296429
26509,"Banfield Reef (North) (18-105a)",3,0.0333333333333333,240,0.0321153457837684,0.0181048905350987,0.0919059933701333,0,0.266770833333333,0.334162089059191,0.19530310377288,0.100074500618097
26510,"Banfield Reef (North) (18-105a)",3,0.0172413793103448,232,0.0321153457837684,0.0181048905350987,0.0919059933701333,0,0.224245689655172,0.319649442541144,0.180869733749856,0.0937102279509594
26511,"Banfield Reef (North) (18-105a)",3,0.00555555555555556,180,0.0321153457837684,0.0181048905350988,0.0919059933701334,0,0.266805555555555,0.315841362476237,0.177074414298221,0.0937370542314408
26512,"Banfield Reef (North) (18-105a)",3,0.0833333333333333,240,0.0321153457837684,0.0181048905350987,0.0919059933701333,0,0.233541666666666,0.32647519568523,0.188134333981075,0.0937278512815188
26513,"Banfield Reef (North) (18-105a)",3,0.0863636363636364,220,0.0321153457837685,0.0181048905350988,0.0919059933701334,0,0.218181818181818,0.298370499973332,0.181866767925924,0.0883816705513729
26514,"Banfield Reef (North) (18-105a)",3,0,196,0.0274862405669932,0.0153837106437227,0.0774656975861497,0,0.209183673469388,0.301400995778118,0.169386037175029,0.0845199562881853
26515,"Banfield Reef (North) (18-105a)",3,0.120535714285714,224,0.0274862405669932,0.0153837106437227,0.0774656975861498,0,0.259040178571428,0.28329336805665,0.174365273244468,0.0882567686987471
26516,"Banfield Reef (North) (18-105a)",3,0.0916666666666667,240,0.0549197848252768,0.0299258352134505,0.155363557715984,0,0.358437499999999,0.442141732866292,0.281526486723675,0.156420780347439
26517,"Banfield Reef (North) (18-105a)",3,0.113636363636364,220,0.0549197848252768,0.0299258352134505,0.155363557715984,0,0.495795454545453,0.420944610183317,0.28730090470294,0.163397604219203
26518,"Banfield Reef (North) (18-105a)",3,0.104166666666667,192,0.0549197848252768,0.0299258352134505,0.155363557715984,0,0.390625,0.441608000251067,0.280537423250519,0.155800683369648
26519,"Banfield Reef (North) (18-105a)",3,0.0272727272727273,220,0.0274862405669932,0.0153837106437227,0.0774656975861498,0,0.186363636363636,0.270393906112001,0.16082648338838,0.0766777857807358
26520,"Banfield Reef (North) (18-105a)",3,0.0727272727272727,220,0.0274862405669932,0.0153837106437227,0.0774656975861498,0,0.190909090909091,0.276052674228479,0.165684824593151,0.0806209105780672
26521,"Banfield Reef (North) (18-105a)",3,0.125,240,0.0549197848252768,0.0299258352134505,0.155363557715984,0,0.400208333333332,0.440698744571064,0.282547600707463,0.156768062401082
26522,"Banfield Reef (North) (18-105a)",3,0.14,150,0.0549197848252768,0.0299258352134504,0.155363557715984,0,0.373333333333333,0.448754271808969,0.282592474369582,0.155215597111241
26523,"Banfield Reef (North) (18-105a)",3,0.228448275862069,232,0.0549197848252768,0.0299258352134505,0.155363557715984,0,0.344827586206897,0.428283579841664,0.274434586210722,0.162365740413811
26667,"U/N Reef (21-466)",5,0,570,0.0206040769694741,0.0126967505763254,0.0419658136462929,0,0.14390350877193,0.270873304407218,0.136546885300898,0.0532881169584819
26668,"U/N Reef (21-466)",5,0,295,0.0206040769694741,0.0126967505763254,0.0419658136462929,0,0.125508474576271,0.300858052199515,0.145477447754709,0.0545805137130263
26669,"U/N Reef (21-466)",5,0,498,0.0272512094671927,0.0172990420453731,0.0554144900484084,0,0.182730923694779,0.360778683205686,0.191121265420095,0.0809562718387253
26670,"U/N Reef (21-466)",5,0.00170357751277683,587,0.0270626184780086,0.017175304063942,0.0551565221283918,0,0.166993185689949,0.334877169379643,0.174693683085639,0.0769527320856532
26671,"U/N Reef (21-466)",5,0,430,0.0223587037016557,0.0137770425659958,0.04574847798882,0,0.165116279069767,0.292859001634714,0.144232961841661,0.0611614765670271
26672,"U/N Reef (21-466)",5,0.00366300366300366,546,0.0223518664207466,0.0137756365891459,0.0457412620665588,0,0.126373626373626,0.290365802293705,0.142362059286614,0.0568357578871962
26673,"U/N Reef (21-466)",5,0,455,0.0201210741555752,0.0123875163155062,0.0409644633165611,0,0.12967032967033,0.262882683237049,0.131803800929605,0.0524325510902717
26674,"U/N Reef (21-466)",5,0.00588235294117647,510,0.0310210778560185,0.0195519619758362,0.0631727765767509,0,0.194215686274509,0.366450947214046,0.208375770075767,0.096072310847634
26675,"U/N Reef (21-466)",5,0,567,0.0212851956878507,0.0131313407095841,0.0435829853451657,0,0.12173721340388,0.270230858828047,0.13520474008926,0.0513311266542135
26676,"U/N Reef (21-466)",5,0,485,0.026397689839758,0.0167443811027365,0.0535397012375822,0,0.169175257731958,0.328227152959476,0.168535435084749,0.072603508006118
26677,"U/N Reef (21-466)",5,0,565,0.0265704047716507,0.0168606932935569,0.0540409274528032,0,0.15929203539823,0.328480734154053,0.177512250220974,0.0743722101586486
26678,"U/N Reef (21-466)",5,0,440,0.0331873051616013,0.0206123653310372,0.067086124576417,0,0.177272727272727,0.390965448053674,0.215411776055269,0.0957430451705664
26679,"U/N Reef (21-466)",5,0,430,0.0297483308861011,0.0187620617755717,0.0606952235671416,0,0.195406976744186,0.355747826380012,0.188662390476474,0.0842449793676304
26944,"Batt Reef (16-029)",4,0.0257142857142857,350,0.0508048589033961,0.0269502723276789,0.172251149201031,0,0.368714285714285,0.428900255169673,0.273457762319462,0.153243132505407
26945,"Batt Reef (16-029)",4,0.0142857142857143,350,0.0508048589033961,0.0269502723276789,0.172251149201031,0,0.317142857142857,0.427894631268075,0.270330073681369,0.148252791167544
26946,"Batt Reef (16-029)",4,0.0457142857142857,350,0.0544716540694853,0.0288167612611802,0.18192766471218,0,0.454285714285714,0.460943552240234,0.297700059251014,0.167496065091975
26947,"Batt Reef (16-029)",4,0.0457142857142857,350,0.0544716540694853,0.0288167612611802,0.18192766471218,0,0.403142857142856,0.457894112521058,0.295745230953697,0.166221152495928
27089,"Batt Reef (16-029)",4,0.04,400,0.0510220535596819,0.0269935090414497,0.170359901807299,0,0.397624999999999,0.421219689995564,0.265108348526208,0.14467456831736
27090,"Batt Reef (16-029)",4,0.0525,400,0.0510220535596819,0.0269935090414497,0.170359901807299,0,0.377687499999999,0.420435985403815,0.26949788184548,0.152070023755873
27244,"Batt Reef (16-029)",4,0.0244444444444444,450,0.0491355895575752,0.0260029152478692,0.162723414742664,0,0.415611111111111,0.419419992955989,0.266526293538056,0.149219867164995
27245,"Batt Reef (16-029)",4,0.0355555555555556,450,0.0491355895575752,0.0260029152478692,0.162723414742664,0,0.384555555555555,0.421121300742815,0.266153804903468,0.147276343269092
27246,"Batt Reef (16-029)",4,0.0177777777777778,450,0.0543549072653489,0.0291077421184915,0.180746479509098,0,0.377944444444444,0.427582824328389,0.266946975541062,0.146129524384165
27247,"Batt Reef (16-029)",4,0.0844444444444444,450,0.0543549072653489,0.0291077421184915,0.180746479509098,0,0.404722222222221,0.449743163224036,0.29104812073691,0.166145870105109
27459,"(Big) Broadhurst Reef (No 1) (18-100a)",2,0,240,0.0285815239498363,0.0181369697636747,0.0656361430088146,0,0.204374999999999,0.359971246300085,0.193846453324308,0.0858372378295177
27460,"(Big) Broadhurst Reef (No 1) (18-100a)",2,0.00416666666666667,240,0.0306624504883492,0.0192047266059515,0.0710776451066434,0,0.204687499999997,0.390032891752096,0.218078684307925,0.100293280683435
27461,"(Big) Broadhurst Reef (No 1) (18-100a)",2,0,200,0.0285815239498363,0.0181369697636747,0.0656361430088146,0,0.2,0.386295318724212,0.21236129876287,0.0952993767166419
27462,"(Big) Broadhurst Reef (No 1) (18-100a)",2,0.0192307692307692,208,0.0306624504883492,0.0192047266059515,0.0710776451066434,0,0.197115384615385,0.345419633621088,0.202845369890205,0.0955193720169062
27463,"(Big) Broadhurst Reef (No 1) (18-100a)",2,0.005,200,0.0307421375815502,0.0192314716261301,0.0712526693658739,0,0.205124999999999,0.386281850109666,0.212170863340873,0.0957749640779403
27465,"(Big) Broadhurst Reef (No 1) (18-100a)",2,0.00454545454545455,220,0.0307421375815502,0.0192314716261301,0.0712526693658739,0,0.204545454545455,0.365622596659541,0.219523820766524,0.0990184005133825
27469,"(Big) Broadhurst Reef (No 1) (18-100a)",2,0,240,0.0144378385106745,0.00885622651463408,0.0342096292917252,0,0.0958333333333333,0.211325803752761,0.0920672385989128,0.0315793846290362
27472,"(Big) Broadhurst Reef (No 1) (18-100a)",2,0,220,0.0144378385106745,0.00885622651463408,0.0342096292917252,0,0.0818181818181818,0.184743013192645,0.0874867740516216,0.0295822808065502
27473,"Banfield Reef (North) (18-105a)",3,0.12,200,0.0637828118213211,0.0342678073870214,0.18512772008285,0,0.445,0.477463541003384,0.31311881682895,0.17936396423373
27474,"Banfield Reef (North) (18-105a)",3,0.108333333333333,240,0.0559002000850036,0.0300241945905988,0.163834265919148,0,0.358437499999999,0.443651967510499,0.282598708548364,0.155458619386959
27475,"Banfield Reef (North) (18-105a)",3,0.108333333333333,240,0.0559002000850036,0.0300241945905988,0.163834265919148,0,0.371041666666665,0.436966650621745,0.280293149405376,0.157672806925675
27476,"Banfield Reef (North) (18-105a)",3,0.125,240,0.0637828118213211,0.0342678073870214,0.18512772008285,0,0.433749999999998,0.461545236791398,0.302532647664326,0.17562767109709
27477,"Banfield Reef (North) (18-105a)",3,0.1,240,0.0559002000850036,0.0300241945905988,0.163834265919148,0,0.470937499999999,0.446236122020813,0.289199521773292,0.162486734427763
27478,"Banfield Reef (North) (18-105a)",3,0.26219512195122,164,0.0559002000850037,0.0300241945905988,0.163834265919148,0,0.408689024390243,0.407683030238516,0.278634494957211,0.153102607574881
27479,"Judith Wright Reef (18-101)",5,0.108333333333333,240,0.0393962755528987,0.0243268896711508,0.0788864577450841,0,0.266770833333333,0.453595096549017,0.268210936234551,0.129940990886529
27480,"Judith Wright Reef (18-101)",5,0.0590909090909091,220,0.0393962755528987,0.0243268896711508,0.0788864577450842,0,0.236363636363636,0.41651068790639,0.256938518972053,0.118607715508392
27481,"Judith Wright Reef (18-101)",5,0.06,200,0.0389622830879218,0.0241291341302105,0.0779867650055755,0,0.285,0.477281834522784,0.286711562256552,0.138445072322593
27482,"Judith Wright Reef (18-101)",5,0.105555555555556,180,0.0393962755528987,0.0243268896711508,0.0788864577450841,0,0.227916666666666,0.435388836742904,0.247975203158203,0.123538319680753
27483,"Judith Wright Reef (18-101)",5,0.162280701754386,228,0.0393962755528987,0.0243268896711508,0.0788864577450842,0,0.219407894736841,0.436130879733402,0.249314502585811,0.12295518225854
27484,"Judith Wright Reef (18-101)",5,0.025,200,0.0389622830879218,0.0241291341302105,0.0779867650055755,0,0.235,0.467737236836357,0.276159387727298,0.130860190013131
27485,"Banfield Reef (North) (18-105a)",3,0.075,240,0.0561533032072812,0.0305979585367944,0.162489777983287,0,0.371041666666665,0.440727173367619,0.282797326298423,0.160409351191979
27486,"Banfield Reef (North) (18-105a)",3,0.1,180,0.0608406360706597,0.033231226906528,0.173680838020544,0,0.467222222222219,0.457351130158141,0.29503220669511,0.177406858454826
27487,"Banfield Reef (North) (18-105a)",3,0.116666666666667,180,0.0608406360706597,0.033231226906528,0.173680838020544,0,0.416805555555555,0.464317525768837,0.302351301086263,0.182781056700388
27488,"Banfield Reef (North) (18-105a)",3,0.177884615384615,208,0.0648797695248067,0.0353727813515327,0.186184571699968,0,0.485817307692306,0.438328943197631,0.304300042117488,0.185167687915229
27489,"Banfield Reef (North) (18-105a)",3,0.32,200,0.0648797695248066,0.0353727813515327,0.186184571699968,0,0.530249999999999,0.489092481434939,0.325614860010671,0.189435426572911
27490,"Banfield Reef (North) (18-105a)",3,0.00892857142857143,224,0.0561533032072812,0.0305979585367944,0.162489777983287,0,0.508928571428571,0.433127568851731,0.298415524842394,0.169695678375625
27491,"Banfield Reef (North) (18-105a)",3,0.132978723404255,188,0.0608406360706597,0.033231226906528,0.173680838020544,0,0.521409574468084,0.466531213114204,0.307870056545758,0.179288212787549
27492,"Banfield Reef (North) (18-105a)",3,0.185185185185185,162,0.0608406360706596,0.033231226906528,0.173680838020544,0,0.481635802469135,0.42394034608597,0.298588680355235,0.185799465558502
27493,"Banfield Reef (North) (18-105a)",3,0.15625,192,0.0648797695248067,0.0353727813515327,0.186184571699968,0,0.442838541666666,0.463958218843875,0.305331969359262,0.17759122515193
27494,"Banfield Reef (North) (18-105a)",3,0.210227272727273,176,0.0648797695248066,0.0353727813515327,0.186184571699968,0,0.426278409090908,0.454461565228572,0.291401700087693,0.173973793795576
27495,"Davies Reef (18-096)",2,0,184,0.0525052376138611,0.032372284703593,0.116533470038537,0,0.347826086956522,0.50011004054933,0.31278855399946,0.173009950206952
27496,"Davies Reef (18-096)",2,0.01,200,0.0525052376138611,0.032372284703593,0.116533470038537,0,0.37,0.532773516089984,0.343414954767608,0.184627088067839
27497,"Davies Reef (18-096)",2,0,186,0.0525052376138611,0.032372284703593,0.116533470038537,0,0.397983870967741,0.522341253673406,0.332003063431241,0.188576285100979
27498,"Davies Reef (18-096)",2,0.0136363636363636,220,0.0525052376138611,0.032372284703593,0.116533470038537,0,0.331931818181818,0.48919509134271,0.331242318056439,0.17604423922412
27499,"Davies Reef (18-096)",2,0.00625,160,0.0546436568973848,0.0334831429126792,0.122235735666977,0,0.306406249999999,0.481849901674299,0.328961062300764,0.18653127543567
27500,"Davies Reef (18-096)",2,0.015,200,0.0546436568973848,0.0334831429126792,0.122235735666977,0,0.330124999999999,0.544413318400488,0.357615933028381,0.195049735120084
27501,"Davies Reef (18-096)",2,0.015,200,0.0492436074951734,0.0304596353898587,0.110116171826864,0,0.310124999999999,0.504525650295933,0.318963328594387,0.167487904329576
27502,"Davies Reef (18-096)",2,0.0416666666666667,240,0.0492436074951734,0.0304596353898587,0.110116171826864,0,0.346249999999998,0.491876862829052,0.305055523506202,0.157216662074404
27503,"Davies Reef (18-096)",2,0.00543478260869565,184,0.0546436568973848,0.0334831429126793,0.122235735666977,0,0.299048913043478,0.510448198757003,0.321856825351338,0.178408861517395
27504,"Davies Reef (18-096)",2,0.01,200,0.0546436568973848,0.0334831429126792,0.122235735666977,0,0.44,0.545195180754156,0.356886633011146,0.194883429311909
27505,"Davies Reef (18-096)",2,0.0178571428571429,224,0.0492436074951734,0.0304596353898587,0.110116171826864,0,0.299107142857143,0.483346947605523,0.326246381677582,0.173454224537713
27506,"Davies Reef (18-096)",2,0.0136363636363636,220,0.0542731813939026,0.0332246744707399,0.121572890969851,0,0.318295454545454,0.503661364620782,0.345855899442774,0.188009229606965
27507,"Davies Reef (18-096)",2,0.0272727272727273,220,0.0492436074951735,0.0304596353898587,0.110116171826864,0,0.300340909090907,0.469964136768633,0.31186716008844,0.160646738088685
27508,"Davies Reef (18-096)",2,0.025,200,0.0542731813939025,0.0332246744707398,0.121572890969851,0,0.335,0.539693980452642,0.35310370400953,0.19231882188422
27509,"Davies Reef (18-096)",2,0.0416666666666667,240,0.0500852328267079,0.031071815008392,0.111763596324225,0,0.308437499999999,0.504601615236304,0.318053420725298,0.166372451762666
27510,"Davies Reef (18-096)",2,0.0375,240,0.0500852328267079,0.031071815008392,0.111763596324225,0,0.3375,0.507530644956619,0.321761852408691,0.168702851335438
27511,"Davies Reef (18-096)",2,0.0141509433962264,212,0.0542731813939025,0.0332246744707399,0.121572890969851,0,0.344339622641509,0.488296515130663,0.326239957983286,0.179688547711064
27512,"Davies Reef (18-096)",2,0.0178571428571429,224,0.0542731813939025,0.0332246744707399,0.121572890969851,0,0.330357142857143,0.504351095894044,0.345629090045913,0.186015052924417
27513,"Davies Reef (18-096)",2,0.0291666666666667,240,0.0500852328267079,0.031071815008392,0.111763596324225,0,0.325104166666666,0.489515455804958,0.303629419611142,0.155750221337957
27514,"Davies Reef (18-096)",2,0.0416666666666667,240,0.0500852328267079,0.031071815008392,0.111763596324225,0,0.350520833333331,0.513157052792461,0.323200666769078,0.167290339096111
27515,"Davies Reef (18-096)",2,0.01,200,0.0494069702948925,0.0306280461955016,0.110317295795205,0,0.345124999999999,0.516697672093408,0.331715809105754,0.176909028232693
27516,"Davies Reef (18-096)",2,0.05,200,0.0494069702948925,0.0306280461955016,0.110317295795205,0,0.29,0.512580682355877,0.323903871754919,0.168321833733099
27517,"Davies Reef (18-096)",2,0.0409090909090909,220,0.0494069702948925,0.0306280461955016,0.110317295795205,0,0.272727272727273,0.466589709635162,0.311077106124955,0.162251942269747
27518,"Davies Reef (18-096)",2,0.02,200,0.0494069702948925,0.0306280461955016,0.110317295795205,0,0.335,0.506886516523244,0.317660857955739,0.163668367305997
27584,"U/N Reef (20-386)",3,0.00606060606060606,165,0.040078706953696,0.0217486870247612,0.115662704058016,0,0.291060606060605,0.336743357027028,0.217770922521034,0.112219863429331
27585,"U/N Reef (20-386)",3,0.0156862745098039,255,0.0209128535717978,0.0110513129879273,0.059334114678176,0,0.149019607843137,0.221231454731423,0.126779801447563,0.0628797142959478
27586,"U/N Reef (20-386)",3,0.088135593220339,295,0.0468063645540302,0.025783222729023,0.137486903970893,0,0.342372881355932,0.404912860474794,0.253889963430799,0.138842404558366
27587,"U/N Reef (20-386)",3,0.0481481481481481,270,0.0484470446900453,0.0266511686834415,0.140525708325903,0,0.355648148148148,0.39158147947056,0.254007389572853,0.136357728404622
27588,"U/N Reef (20-386)",3,0.015,200,0.0549546586334734,0.0298309479227426,0.160372928022049,0,0.37,0.455079742830142,0.292934505806152,0.164920659910891
27589,"U/N Reef (20-386)",3,0.0352422907488987,454,0.0219610577110331,0.0116708692046646,0.0626083866852997,0,0.18953744493392,0.227572536791252,0.127728923423584,0.0621529067434157
27590,"U/N Reef (20-386)",3,0.0918032786885246,305,0.0425732789034868,0.0234983126389751,0.121727239103258,0,0.278770491803278,0.351186579653127,0.222765722232309,0.1218799256762
27591,"U/N Reef (20-386)",3,0.0651162790697674,215,0.0442301048064886,0.0244156976441003,0.125261135963001,0,0.321162790697673,0.378481857983938,0.249241481884059,0.135114164026391
27592,"U/N Reef (20-386)",3,0.00446428571428571,224,0.0591437218976543,0.0320421785924647,0.169449483984079,0,0.446651785714284,0.442696113500153,0.307402639542403,0.176557948362192
27593,"U/N Reef (20-386)",3,0.118918918918919,555,0.061924904837724,0.0338118342484624,0.176583001024679,0,0.427072072072072,0.427670276543762,0.28246714006896,0.163451235913651
27594,"U/N Reef (20-386)",3,0.158620689655172,290,0.0555180926302139,0.0302875262656982,0.160446056955439,0,0.456206896551719,0.438477910763568,0.280005025698875,0.156814262871939
27595,"U/N Reef (20-386)",3,0.025,240,0.0466807619791131,0.0259273152065283,0.134355906765253,0,0.375729166666663,0.409530389282583,0.255709896678786,0.139983563133163
27596,"U/N Reef (20-386)",3,0.0428571428571429,70,0.0426476541315588,0.0236285512008949,0.1220881587599,0,0.314642857142855,0.351273156654962,0.254023187247639,0.129741265730891
27597,"U/N Reef (20-386)",3,0.00851063829787234,235,0.0579092635499663,0.0315433915643881,0.166956272735578,0,0.387765957446806,0.451610983581213,0.292189083861381,0.172970011620116
27598,"U/N Reef (20-386)",3,0.0263157894736842,76,0.0469017775473731,0.0260917031827998,0.135091086683504,0,0.342105263157895,0.396677153434349,0.23509205831328,0.139307801731952
27599,"U/N Reef (20-386)",3,0.0603174603174603,315,0.0496595099836726,0.0273096589993984,0.143266384477382,0,0.377857142857142,0.410514973131567,0.27329520459897,0.15194847889806
27600,"U/N Reef (21-057)",5,0.00892857142857143,336,0.0307953963666434,0.0188325944969173,0.0632721491605475,0,0.181547619047619,0.391266324217536,0.216890968033281,0.100728766357394
27601,"U/N Reef (21-057)",5,0.0185185185185185,270,0.0303839638808605,0.0186222661430297,0.0624846144577134,0,0.2,0.377434935979607,0.22388286159448,0.100124671231423
27602,"U/N Reef (21-057)",5,0.0245614035087719,570,0.0281587790984482,0.0174093388796106,0.057842957488717,0,0.173728070175438,0.347397098908377,0.192241007370066,0.0824732245623994
27603,"U/N Reef (21-057)",5,0.0168539325842697,534,0.0259290218207945,0.0158887937924686,0.0539202071472555,0,0.164840823970037,0.338034821440078,0.176207134306963,0.0773674410547803
27606,"Bushy-Redbill Reef (20-310)",2,0.297734627831715,309,0.0616307082282295,0.0364441441123814,0.136125803228471,0,0.427346278317151,0.525601208986089,0.359713628847046,0.20616678306337
27607,"Bushy-Redbill Reef (20-310)",2,0.281159420289855,345,0.055798932769498,0.0331860887308262,0.126681988897088,0,0.385579710144927,0.522965246836229,0.338318361816128,0.181951185645571
27608,"Bushy-Redbill Reef (20-310)",2,0.202816901408451,355,0.0558370446421705,0.0339089832848685,0.123463724453388,0,0.360774647887323,0.491729406456845,0.324120888675304,0.177741371142479
27609,"Bushy-Redbill Reef (20-310)",2,0.196,250,0.0551062243315748,0.0334182789564129,0.122042274528454,0,0.3961,0.531439069934538,0.345228850314526,0.187446655187052
27654,"Batt Reef (16-029)",4,0.12,450,0.0638379529856906,0.033889884700568,0.210669761190742,0,0.471277777777777,0.471324470683913,0.307728094723337,0.174979985398273
27655,"Batt Reef (16-029)",4,0.0955555555555556,450,0.0638379529856906,0.033889884700568,0.210669761190742,0,0.537833333333333,0.467382340052048,0.308504911806592,0.179888058248517
27656,"Batt Reef (16-029)",4,0.0755555555555556,450,0.0470280811525201,0.0248697803026439,0.15528559135593,0,0.360277777777776,0.413991898944964,0.259618644335563,0.141201987246497
27657,"Batt Reef (16-029)",4,0.02,450,0.0519208299709442,0.027731375525412,0.172119027702392,0,0.406777777777777,0.435108891963293,0.275480933531215,0.15190164882736
27658,"Batt Reef (16-029)",4,0.0517241379310345,406,0.0519208299709442,0.027731375525412,0.172119027702392,0,0.384667487684727,0.418050071440465,0.272812469393073,0.153654712450776
27659,"Batt Reef (16-029)",4,0.0511111111111111,450,0.0590858588161716,0.0314652654619543,0.194770774427829,0,0.44461111111111,0.458737331545455,0.298925334042086,0.169942436304699
27684,"Batt Reef (16-029)",4,0.0511627906976744,430,0.0633766891818293,0.0336540009107636,0.209087883324382,0,0.418662790697674,0.462566068647384,0.298787467799194,0.173210440330214
27685,"Batt Reef (16-029)",4,0.0395348837209302,430,0.0633766891818293,0.0336540009107636,0.209087883324382,0,0.512616279069762,0.454262211500625,0.29708410679774,0.176017828001026
27686,"Batt Reef (16-029)",4,0.0418604651162791,430,0.0587377201092381,0.0312632181860345,0.193692517482978,0,0.367441860465116,0.446673887839624,0.28558211938784,0.164019477357798
27687,"Batt Reef (16-029)",4,0.0302325581395349,430,0.0587377201092381,0.0312632181860345,0.193692517482978,0,0.44656976744186,0.457713662425024,0.297174928540761,0.173025363411898
27736,"Banfield Reef (North) (18-105a)",3,0.0318181818181818,220,0.0640446691115704,0.0353500051722972,0.182612512921635,0,0.436363636363636,0.448362388174911,0.310104612124562,0.177532852965166
27737,"Banfield Reef (North) (18-105a)",3,0.0406976744186047,172,0.0589636035317782,0.0322681731450608,0.167981505406169,0,0.60537790697674,0.444388675974096,0.315588522747057,0.185034520825783
27738,"Banfield Reef (North) (18-105a)",3,0.0708333333333333,240,0.0640446691115704,0.0353500051722972,0.182612512921635,0,0.491979166666665,0.468038001000645,0.30767050827742,0.177264521501226
27739,"Banfield Reef (North) (18-105a)",3,0.04,200,0.0589636035317782,0.0322681731450608,0.167981505406169,0,0.525,0.479928827056917,0.317065638356925,0.183544990974599
27740,"Davies Reef (18-096)",2,0.0277777777777778,180,0.0461875603551767,0.0289229427222428,0.102866607184956,0,0.305555555555556,0.470305553309185,0.281311805140704,0.147824000523835
27741,"Davies Reef (18-096)",2,0.015,200,0.0461875603551767,0.0289229427222428,0.102866607184956,0,0.3,0.491716115646489,0.301217539459866,0.151948099562347
27742,"Davies Reef (18-096)",2,0.025,200,0.0461875603551767,0.0289229427222428,0.102866607184956,0,0.355374999999998,0.501363213928165,0.316934714260765,0.167506912165688
27743,"Davies Reef (18-096)",2,0.00454545454545455,220,0.0461875603551767,0.0289229427222428,0.102866607184957,0,0.31840909090909,0.452964401047244,0.296475676672278,0.150856791476277
27744,"Davies Reef (18-096)",2,0.015,200,0.0461875603551767,0.0289229427222428,0.102866607184956,0,0.255124999999999,0.496464329968874,0.307963406734901,0.15715714939171
27745,"Davies Reef (18-096)",2,0.02,200,0.0461875603551767,0.0289229427222428,0.102866607184956,0,0.300124999999999,0.500791303108167,0.313512900021314,0.162493607675161
27748,"Davies Reef (18-096)",2,0.0245098039215686,204,0.0477284978048318,0.0297820352775827,0.107271815535627,0,0.372549019607843,0.450350119781052,0.29594927578124,0.162460785148423
27749,"Davies Reef (18-096)",2,0.01,200,0.0477284978048318,0.0297820352775827,0.107271815535627,0,0.325,0.503736406065687,0.318410500732291,0.16765498195087
27780,"Judith Wright Reef (18-101)",5,0.158333333333333,240,0.0344236534872798,0.0220455742067063,0.0702009530608471,0,0.2,0.419022557906934,0.235380635005592,0.107512182231325
27781,"Judith Wright Reef (18-101)",5,0.0666666666666667,240,0.0344236534872798,0.0220455742067063,0.0702009530608471,0,0.1875,0.413437249514721,0.231703654663144,0.103272086386356
27782,"Judith Wright Reef (18-101)",5,0.138888888888889,36,0.0344236534872798,0.0220455742067063,0.0702009530608471,0,0.222222222222222,0.45005640892781,0.241572222977087,0.146882450500072
27783,"Judith Wright Reef (18-101)",5,0.00609756097560976,164,0.0340029532105299,0.0217617383775815,0.0693232371534039,0,0.213414634146341,0.3642623503748,0.220813986293778,0.0979195319407624
27784,"Judith Wright Reef (18-101)",5,0,220,0.0457568689543886,0.0294110506712573,0.0909646886520761,0,0.318181818181818,0.473739019611884,0.311525266516284,0.15724297548941
27785,"Judith Wright Reef (18-101)",5,0.0909090909090909,220,0.0344236534872798,0.0220455742067064,0.0702009530608472,0,0.227386363636363,0.397168134196036,0.239890382956905,0.107713633126897
27786,"Judith Wright Reef (18-101)",5,0.05,220,0.0344236534872798,0.0220455742067064,0.0702009530608472,0,0.195454545454545,0.403253245064363,0.244945594223763,0.110881225429894
27787,"Judith Wright Reef (18-101)",5,0.0892857142857143,56,0.0344236534872798,0.0220455742067063,0.0702009530608472,0,0.232142857142857,0.325664081781286,0.216258617999261,0.11394821024314
27788,"Judith Wright Reef (18-101)",5,0.0304878048780488,164,0.0340029532105299,0.0217617383775815,0.0693232371534039,0,0.195121951219512,0.390571301621546,0.241194617322885,0.107320923339742
27789,"Judith Wright Reef (18-101)",5,0,220,0.0457568689543886,0.0294110506712573,0.0909646886520761,0,0.272727272727273,0.47034542331061,0.307384858056535,0.153074578683991
27790,"Banfield Reef (North) (18-105a)",3,0.156862745098039,204,0.0649312351759967,0.0358501631181844,0.185265198854801,0,0.465808823529411,0.43234072377418,0.298816068784022,0.181135318115253
27791,"Banfield Reef (North) (18-105a)",3,0.173469387755102,196,0.0649312351759966,0.0358501631181844,0.185265198854801,0,0.443877551020408,0.483916041791092,0.316317141952367,0.180823256441013
27792,"Banfield Reef (North) (18-105a)",3,0.258333333333333,240,0.0649312351759967,0.0358501631181844,0.185265198854801,0,0.517083333333331,0.487604909251183,0.324146620251564,0.189251966546935
27793,"Banfield Reef (North) (18-105a)",3,0.108333333333333,240,0.0635773098335131,0.0351097063890584,0.180786719845417,0,0.516874999999999,0.477427893354587,0.316673021177139,0.184881312127609
27794,"Banfield Reef (North) (18-105a)",3,0.163157894736842,190,0.0649312351759967,0.0358501631181844,0.185265198854801,0,0.421184210526315,0.469631529828369,0.305539228171378,0.171862645718934
27795,"Banfield Reef (North) (18-105a)",3,0.195,200,0.0649312351759966,0.0358501631181844,0.185265198854801,0,0.440374999999998,0.480540769089083,0.318176780918306,0.183811472149116
27796,"Banfield Reef (North) (18-105a)",3,0.2125,240,0.0649312351759967,0.0358501631181844,0.185265198854801,0,0.483333333333333,0.478617872680719,0.318032252977838,0.185966354131591
27797,"Banfield Reef (North) (18-105a)",3,0.2,200,0.0635773098335131,0.0351097063890584,0.180786719845417,0,0.42,0.481962431076801,0.318164173940386,0.183715525184558
27798,"Banfield Reef (North) (18-105a)",3,0.0333333333333333,240,0.0609111580324258,0.0334568857376611,0.172975957946534,0,0.458437499999999,0.455709267331071,0.297259817369361,0.16923817382581
27799,"Banfield Reef (North) (18-105a)",3,0.13,200,0.0609111580324258,0.0334568857376611,0.172975957946534,0,0.44,0.469085537276296,0.304746179716226,0.172242542781623
27800,"Banfield Reef (North) (18-105a)",3,0.179166666666667,240,0.0563880373887862,0.0309599041837809,0.15970107298247,0,0.370937499999999,0.440666547569873,0.279319822403732,0.15465545493407
27801,"Banfield Reef (North) (18-105a)",3,0.209090909090909,220,0.0563880373887863,0.0309599041837809,0.15970107298247,0,0.331818181818182,0.425618982987153,0.287172767246518,0.157012823063995
27802,"Banfield Reef (North) (18-105a)",3,0.0545454545454545,220,0.0609111580324259,0.0334568857376611,0.172975957946534,0,0.422840909090908,0.445340015246369,0.309938149018562,0.17712999413514
27803,"Banfield Reef (North) (18-105a)",3,0.127358490566038,212,0.0609111580324258,0.0334568857376611,0.172975957946534,0,0.452830188679245,0.432539726946032,0.297849011729825,0.175972075033417
27804,"Banfield Reef (North) (18-105a)",3,0.25,196,0.0563880373887862,0.0309599041837809,0.159701072982469,0,0.489923469387754,0.461799009904417,0.304051050308865,0.176776032731768
27805,"Banfield Reef (North) (18-105a)",3,0.138888888888889,180,0.0563880373887863,0.0309599041837809,0.15970107298247,0,0.394583333333333,0.431335877256031,0.269311658190343,0.155693134338852
27806,"Banfield Reef (North) (18-105a)",3,0.0454545454545455,220,0.060929772878023,0.0334594991510388,0.172975293291142,0,0.450113636363636,0.439088413519134,0.300866010868968,0.171389339415667
27807,"Banfield Reef (North) (18-105a)",3,0.075,240,0.0564124374188193,0.0309743230163923,0.159651968121347,0,0.375104166666666,0.430536783345457,0.272646260643271,0.151246965778593
27808,"Banfield Reef (North) (18-105a)",3,0.0136363636363636,220,0.060929772878023,0.0334594991510388,0.172975293291142,0,0.436477272727272,0.431415526126286,0.298043346144564,0.17146697900561
27809,"Banfield Reef (North) (18-105a)",3,0.075,200,0.0564124374188193,0.0309743230163923,0.159651968121347,0,0.425124999999999,0.457686033611362,0.296197670793747,0.167098416850739
27944,"Bowden Reef (19-019)",1,0.00510204081632653,196,0.0379636244913255,0.0204506679527983,0.11236058320775,0,0.250127551020407,0.377480759028509,0.226844615673618,0.118676196326055
27945,"Bowden Reef (19-019)",1,0.0106382978723404,188,0.0379636244913256,0.0204506679527983,0.11236058320775,0,0.335505319148934,0.361889912041371,0.214279016725209,0.112705536694806
27946,"Bowden Reef (19-019)",1,0.00454545454545455,220,0.0379636244913256,0.0204506679527983,0.11236058320775,0,0.241022727272727,0.351342542764922,0.22638372687227,0.118015250080127
27947,"Bowden Reef (19-019)",1,0,180,0.0379636244913256,0.0204506679527983,0.11236058320775,0,0.261527777777776,0.364943012441511,0.213061708738051,0.114979968013624
27948,"Bowden Reef (19-019)",1,0.05,240,0.0339381714628677,0.0181115147514447,0.100146914604893,0,0.241770833333333,0.337397823577484,0.198019396113049,0.102970330410062
27949,"Bowden Reef (19-019)",1,0.0708333333333333,240,0.0351330850427529,0.0188064462595273,0.10426105447656,0,0.295833333333333,0.350979103995762,0.20897990716148,0.110538683950064
27950,"Bowden Reef (19-019)",1,0.0958333333333333,240,0.0339381714628677,0.0181115147514447,0.100146914604893,0,0.225,0.332694998247525,0.186279550146102,0.090253968557676
27951,"Bowden Reef (19-019)",1,0.0458333333333333,240,0.0351330850427529,0.0188064462595273,0.10426105447656,0,0.258437499999999,0.35481753521778,0.209030097920396,0.108060999109986
27952,"Bowden Reef (19-019)",1,0.01,200,0.0443057071167033,0.0235702602872485,0.130038377727836,0,0.320124999999999,0.414177518511721,0.255682202951931,0.135979966402573
27953,"Bowden Reef (19-019)",1,0.0125,240,0.0415232393400995,0.0220472387582124,0.122126591417005,0,0.341666666666667,0.377996432597381,0.230233838994236,0.123775465455287
27954,"Bowden Reef (19-019)",1,0.0185185185185185,216,0.0443057071167034,0.0235702602872486,0.130038377727836,0,0.301041666666666,0.367151473728344,0.241168034734148,0.131600588588807
27955,"Bowden Reef (19-019)",1,0,240,0.0415232393400995,0.0220472387582124,0.122126591417005,0,0.320937499999999,0.374032766024687,0.226122388332213,0.119223071484064
27957,"Batt Reef (16-029)",4,0.025,160,0.0500941129367744,0.0268403437658567,0.165072347182895,0,0.375,0.395116117203836,0.264834024031939,0.152326657699896
27958,"Batt Reef (16-029)",4,0.08125,160,0.0500941129367744,0.0268403437658567,0.165072347182895,0,0.368906249999999,0.398751810690856,0.266662813334822,0.152577089530461
27959,"Batt Reef (16-029)",4,0.125,200,0.0629652984106798,0.0334018004288702,0.207436832561033,0,0.400374999999998,0.491982758676376,0.32416273314953,0.186853709398513
27960,"Batt Reef (16-029)",4,0.11,200,0.0629652984106798,0.0334018004288702,0.207436832561033,0,0.490124999999999,0.4922006653983,0.322127812100323,0.185184208669499
27961,"Batt Reef (16-029)",4,0.0133333333333333,150,0.0539185117061276,0.0288261053087267,0.175187584772111,0,0.433833333333331,0.468844998552509,0.298531707217574,0.164657840164381
27962,"Batt Reef (16-029)",4,0.173333333333333,150,0.0539185117061276,0.0288261053087267,0.175187584772111,0,0.413666666666665,0.45579482233704,0.288365732492471,0.159074698270207
28006,"Batt Reef (16-029)",4,0.0733333333333333,300,0.046069375506607,0.0243790414249493,0.152255875460026,0,0.386916666666665,0.426462706538433,0.26529919925236,0.145242308253294
28007,"Batt Reef (16-029)",4,0.0666666666666667,300,0.046069375506607,0.0243790414249493,0.152255875460026,0,0.296666666666667,0.407116599423372,0.248134152543717,0.129920274635557
28067,"Bushy-Redbill Reef (20-310)",2,0.2375,320,0.0424807083024873,0.0264792229041259,0.0970993649007401,0,0.262578125,0.434442858832174,0.27096346063992,0.132206447313139
28105,"Batt Reef (16-029)",4,0.025,160,0.0606015829070094,0.0321521321872152,0.199833500976791,0,0.469062499999998,0.430344004041299,0.296293978469997,0.176632358154533
28106,"Batt Reef (16-029)",4,0,160,0.0606015829070094,0.0321521321872152,0.199833500976791,0,0.475468749999997,0.426527848737548,0.293684134772503,0.175080131284343
28153,"Bowden Reef (19-019)",1,0.0166666666666667,180,0.0335451020296732,0.0178925657867979,0.0994345771685904,0,0.233333333333333,0.336673551558615,0.191492949110272,0.101328509265176
28154,"Bowden Reef (19-019)",1,0.0454545454545455,220,0.0347153321807356,0.0186039659269179,0.103037560496875,0,0.259204545454545,0.315435397147541,0.196513277179823,0.098830901083051
28155,"Bowden Reef (19-019)",1,0,200,0.034302609664337,0.018372818107545,0.10199572266835,0,0.310124999999999,0.365940379288117,0.216560683232331,0.112803313143117
28156,"Bowden Reef (19-019)",1,0.05,180,0.0335451020296732,0.0178925657867979,0.0994345771685904,0,0.261111111111111,0.331094101349714,0.190490078979815,0.103078148311773
28157,"Bowden Reef (19-019)",1,0.0416666666666667,240,0.0347153321807356,0.0186039659269179,0.103037560496875,0,0.25,0.351317437190615,0.205742741538342,0.104672130018899
28158,"Bowden Reef (19-019)",1,0.0333333333333333,240,0.034302609664337,0.0183728181075451,0.10199572266835,0,0.246041666666666,0.333312780750175,0.192199383969814,0.0973737434150706
28159,"Bowden Reef (19-019)",1,0.00416666666666667,240,0.0484373113240834,0.0258984418354917,0.140954189954707,0,0.391874999999999,0.396901443796673,0.245629287947,0.134822780135762
28160,"Bowden Reef (19-019)",1,0.00480769230769231,208,0.0543047123571152,0.0289808085852493,0.160139703422205,0,0.409374999999996,0.406441859880788,0.273338177226495,0.160903805314031
28161,"Bowden Reef (19-019)",1,0,240,0.0341222693456497,0.0182702113031928,0.101528865327867,0,0.245833333333333,0.333174798604126,0.191007821488126,0.0944926173503132
28162,"Bowden Reef (19-019)",1,0.0129310344827586,232,0.0332762936415571,0.0177549953859846,0.0989012328020994,0,0.228663793103447,0.33145743193406,0.189969192109842,0.0994522994998756
28163,"Bowden Reef (19-019)",1,0.00833333333333333,240,0.0484373113240834,0.0258984418354917,0.140954189954707,0,0.325,0.424499170534242,0.264614973204079,0.143083192139971
28164,"Bowden Reef (19-019)",1,0.00555555555555556,180,0.0543047123571152,0.0289808085852493,0.160139703422205,0,0.388888888888889,0.433995179532761,0.272149809881876,0.158667587633639
28165,"Bowden Reef (19-019)",1,0,240,0.0341222693456497,0.0182702113031928,0.101528865327867,0,0.258333333333333,0.343522327404502,0.198573352784519,0.0987229509642892
28166,"Bowden Reef (19-019)",1,0,240,0.0332762936415571,0.0177549953859846,0.0989012328020994,0,0.304270833333333,0.339409101312924,0.19587057071537,0.0989714711998455
28177,"Banfield Reef (North) (18-105a)",3,0.0333333333333333,240,0.0639829267196065,0.0352267182282858,0.181065642506525,0,0.520833333333333,0.478944611331027,0.316181545260276,0.182815299814274
28178,"Banfield Reef (North) (18-105a)",3,0.05,200,0.0639829267196065,0.0352267182282858,0.181065642506525,0,0.430374999999998,0.474444444460309,0.309880518341619,0.176880531266184
28179,"Banfield Reef (North) (18-105a)",3,0.0458333333333333,240,0.0608272554289523,0.0334088177203815,0.172792255401861,0,0.417083333333331,0.448062424673454,0.290970488343738,0.167544817336224
28180,"Banfield Reef (North) (18-105a)",3,0.078125,192,0.0608272554289523,0.0334088177203815,0.172792255401861,0,0.453255208333333,0.474721436003903,0.310571809576738,0.176714005197198
28181,"Banfield Reef (North) (18-105a)",3,0.0476190476190476,210,0.0639829267196065,0.0352267182282858,0.181065642506525,0,0.548095238095236,0.467101020751558,0.329834109040013,0.20407251930038
28182,"Banfield Reef (North) (18-105a)",3,0.055,200,0.0639829267196065,0.0352267182282858,0.181065642506525,0,0.360124999999999,0.483185143298784,0.31975055529042,0.185684599946881
28183,"Banfield Reef (North) (18-105a)",3,0.0918367346938776,196,0.0608272554289522,0.0334088177203814,0.172792255401861,0,0.479846938775509,0.476676830024515,0.314342098499361,0.18201172616039
28184,"Banfield Reef (North) (18-105a)",3,0.0769230769230769,208,0.0608272554289523,0.0334088177203815,0.172792255401861,0,0.437620192307692,0.43563599477393,0.302688549801477,0.182590946095029
28185,"Banfield Reef (North) (18-105a)",3,0.01,200,0.0646725894285535,0.0356986235765825,0.183925241237327,0,0.540249999999999,0.496457575155324,0.332351517278715,0.195662398916947
28186,"Banfield Reef (North) (18-105a)",3,0.105,200,0.0646725894285535,0.0356986235765825,0.183925241237327,0,0.53,0.48448184128654,0.32105971189709,0.187944341317398
28187,"Banfield Reef (North) (18-105a)",3,0.2,220,0.0646725894285535,0.0356986235765825,0.183925241237327,0,0.486590909090908,0.454980831887866,0.316035796278521,0.179731130419995
28188,"Banfield Reef (North) (18-105a)",3,0.208333333333333,240,0.0646725894285535,0.0356986235765825,0.183925241237327,0,0.483541666666666,0.483253978550147,0.324907451194728,0.191775195543725
28189,"Banfield Reef (North) (18-105a)",3,0.07,200,0.0635721834054763,0.0349911696814224,0.179443266385156,0,0.550374999999998,0.478679322925973,0.317369687469827,0.187036462148948
28190,"Banfield Reef (North) (18-105a)",3,0.025,200,0.0646725894285535,0.0356986235765825,0.183925241237327,0,0.490249999999999,0.486510973795139,0.32198707666766,0.187815322255631
28191,"Banfield Reef (North) (18-105a)",3,0.14622641509434,212,0.0646725894285535,0.0356986235765825,0.183925241237327,0,0.5,0.450132758530777,0.313550380085502,0.189869117724564
28192,"Banfield Reef (North) (18-105a)",3,0.185,200,0.0646725894285535,0.0356986235765825,0.183925241237327,0,0.680124999999999,0.487954077944523,0.324615116580156,0.193410226280893
28193,"Banfield Reef (North) (18-105a)",3,0.116666666666667,240,0.0646725894285535,0.0356986235765825,0.183925241237327,0,0.471249999999998,0.476989132774261,0.319469174915039,0.187879376453699
28194,"Banfield Reef (North) (18-105a)",3,0.075,240,0.0635721834054763,0.0349911696814224,0.179443266385156,0,0.454687499999997,0.470622122711214,0.310387612789387,0.178643764112072
28303,"Banfield Reef (North) (18-105a)",3,0.165,200,0.056504744503649,0.0308719443517744,0.158788661731598,0,0.420249999999999,0.454881483394865,0.29598022625233,0.168656728466793
28304,"Banfield Reef (North) (18-105a)",3,0.0535714285714286,224,0.0609363211539987,0.033447849388582,0.171824680378249,0,0.464285714285714,0.441181086482526,0.305694271048771,0.175698997645829
28305,"Banfield Reef (North) (18-105a)",3,0.165,200,0.0635591084643455,0.0351373036044274,0.179955227063829,0,0.561374999999993,0.490255122338964,0.328198771219531,0.19342230441701
28306,"Banfield Reef (North) (18-105a)",3,0.0888888888888889,180,0.064767712031136,0.0358679277111435,0.183898174360391,0,0.52236111111111,0.45861861932809,0.301667382188533,0.184420224777879
28307,"Banfield Reef (North) (18-105a)",3,0.0862068965517241,232,0.056504744503649,0.0308719443517745,0.158788661731598,0,0.375,0.434009952071602,0.279287188781998,0.1643945837154
28308,"Banfield Reef (North) (18-105a)",3,0.0235849056603774,212,0.0609363211539987,0.033447849388582,0.171824680378249,0,0.519221698113206,0.435915355028015,0.29820536924495,0.175386832218268
28309,"Banfield Reef (North) (18-105a)",3,0.0272727272727273,220,0.0635591084643455,0.0351373036044274,0.17995522706383,0,0.481931818181818,0.442258693887689,0.308395275121894,0.178983808408288
28310,"Banfield Reef (North) (18-105a)",3,0.25,212,0.064767712031136,0.0358679277111435,0.183898174360391,0,0.401061320754716,0.431521977587713,0.294511596814613,0.175927318762918
28313,"Banfield Reef (North) (18-105a)",3,0.0541666666666667,240,0.0640366758747921,0.035506242234066,0.181703076819354,0,0.541874999999999,0.469183791543303,0.308502454130525,0.177922715814515
28314,"Banfield Reef (North) (18-105a)",3,0.173611111111111,144,0.0640366758747921,0.035506242234066,0.181703076819354,0,0.402777777777778,0.478179487489077,0.309868026038998,0.17393707709128
28317,"Banfield Reef (North) (18-105a)",3,0.127450980392157,204,0.0640366758747921,0.035506242234066,0.181703076819354,0,0.490196078431373,0.438293814122241,0.301403866798395,0.179730347060396
28318,"Banfield Reef (North) (18-105a)",3,0.0954545454545455,220,0.0640366758747921,0.035506242234066,0.181703076819354,0,0.436477272727272,0.455596083405811,0.319228898357125,0.185213097267
28319,"Bowden Reef (19-019)",1,0.075,240,0.0341383556190377,0.0182600582757771,0.101105688198907,0,0.287708333333332,0.337401605501435,0.196418617099078,0.100458811664476
28320,"Bowden Reef (19-019)",1,0,200,0.034265330300552,0.0183203005882674,0.101391452543041,0,0.28,0.361279672474067,0.212828157328891,0.110386097451905
28321,"Bowden Reef (19-019)",1,0.00833333333333333,240,0.0346287875488722,0.018509247393927,0.102365128855897,0,0.287604166666666,0.343451996658768,0.199053292777641,0.102003850613092
28322,"Bowden Reef (19-019)",1,0.01,200,0.0357262276090475,0.0190341315446148,0.106117068705644,0,0.225124999999999,0.36164383354923,0.210059004472231,0.106002944778611
28323,"Bowden Reef (19-019)",1,0.0166666666666667,180,0.0341383556190377,0.0182600582757771,0.101105688198907,0,0.289027777777777,0.339522314497308,0.195372655213629,0.104044046525418
28324,"Bowden Reef (19-019)",1,0,144,0.034265330300552,0.0183203005882674,0.101391452543041,0,0.256944444444444,0.361675968795758,0.204442363239079,0.0990397863550868
28325,"Bowden Reef (19-019)",1,0.00595238095238095,168,0.0346287875488722,0.018509247393927,0.102365128855897,0,0.279910714285713,0.339356717857244,0.224753612386084,0.121653528125824
28326,"Bowden Reef (19-019)",1,0.0121212121212121,165,0.0357262276090475,0.0190341315446148,0.106117068705644,0,0.339393939393939,0.327934500471756,0.210109063173858,0.107356067584167
28327,"Bowden Reef (19-019)",1,0,128,0.0461485129364884,0.0248305741675741,0.137081046509621,0,0.383007812499999,0.399467640886725,0.239466327005387,0.137227264797513
28328,"Bowden Reef (19-019)",1,0.00806451612903226,124,0.0461485129364884,0.0248305741675741,0.137081046509621,0,0.282258064516129,0.382100346769996,0.262508189039283,0.139985831830941
28329,"Judith Wright Reef (18-101)",5,0.120833333333333,240,0.0328201400378656,0.0208331155749637,0.066750504555936,0,0.225,0.394315315916389,0.216726627062064,0.0959438892819535
28330,"Judith Wright Reef (18-101)",5,0.00454545454545455,220,0.0328201400378657,0.0208331155749637,0.0667505045559361,0,0.2,0.378359925887698,0.225345297097224,0.0998145055500483
28331,"Judith Wright Reef (18-101)",5,0.05,200,0.0271504616021108,0.0171492294247875,0.053246125533059,0,0.165124999999999,0.377222086382982,0.202005023471826,0.0870413766314596
28332,"Judith Wright Reef (18-101)",5,0.0166666666666667,240,0.0366759012908554,0.023038716994542,0.074502043433296,0,0.2375,0.445549376412414,0.258454413259264,0.121447293317375
28333,"Judith Wright Reef (18-101)",5,0.0784313725490196,153,0.0328201400378656,0.0208331155749637,0.066750504555936,0,0.183169934640522,0.342812945739488,0.199050938712967,0.091152872210434
28334,"Judith Wright Reef (18-101)",5,0.0208333333333333,240,0.0328201400378656,0.0208331155749637,0.066750504555936,0,0.208333333333333,0.40557019292549,0.226295340399832,0.101428031569128
28335,"Judith Wright Reef (18-101)",5,0.0217391304347826,138,0.0271504616021109,0.0171492294247875,0.053246125533059,0,0.166666666666667,0.362647840800499,0.183355449441776,0.0728753050894436
28336,"Judith Wright Reef (18-101)",5,0.00555555555555556,180,0.0366759012908554,0.023038716994542,0.074502043433296,0,0.222222222222222,0.436692044279216,0.246279201165868,0.118348013945665
28343,"Banfield Reef (North) (18-105a)",3,0.0333333333333333,240,0.0565571480865918,0.030921830825839,0.159019263813233,0,0.508333333333333,0.460111646305812,0.300499428793248,0.172313695866457
28346,"Banfield Reef (North) (18-105a)",3,0.115,200,0.0565571480865918,0.030921830825839,0.159019263813233,0,0.435124999999999,0.461534239366699,0.299681281710468,0.17001643586404
28371,"Lizard Island Reef (North West) (14-116a)",3,0.0275,400,0.0228670727276021,0.0125863971037322,0.0659371892986274,0,0.1750625,0.251114240437489,0.138231933652344,0.0701528858417971
28372,"Lizard Island Reef (Lagoon) (14-116d)",4,0.0775,400,0.0426170314575841,0.0228021582799707,0.142698738440682,0,0.362999999999997,0.385311589884312,0.233441812607835,0.123657981071052
28373,"Lizard Island Reef (Lagoon) (14-116d)",4,0.04,400,0.0486832337716613,0.0261035709794479,0.162746320351362,0,0.365,0.417414896288903,0.261079786327234,0.141380074279327
28374,"Lizard Island Reef (Lagoon) (14-116d)",4,0.025,400,0.0486832337716613,0.0261035709794479,0.162746320351362,0,0.3850625,0.412631585252515,0.260070862350536,0.145047036387922
28375,"Lizard Island Reef (Lagoon) (14-116d)",4,0.0298507462686567,335,0.0623647940661115,0.0333043348042246,0.207019734326462,0,0.406268656716416,0.465131772340416,0.303674807587099,0.179412499855764
28376,"Lizard Island Reef (Lagoon) (14-116d)",4,0.0417910447761194,335,0.0623647940661115,0.0333043348042246,0.207019734326462,0,0.414925373134328,0.478034008972283,0.315794677822076,0.189399757658276
28377,"Lizard Island Reef (Lagoon) (14-116d)",4,0.0507462686567164,335,0.0652257821664826,0.0347707939295416,0.215933997610528,0,0.418208955223879,0.464678956212936,0.303541559770799,0.180011565365048
28378,"Lizard Island Reef (Lagoon) (14-116d)",4,0.0805970149253731,335,0.0652257821664826,0.0347707939295416,0.215933997610528,0,0.439104477611939,0.475866429627236,0.314229668358623,0.188993626969436
28379,"Lizard Island Reef (North West) (14-116a)",3,0.00285714285714286,350,0.0246544548289464,0.0135667561826646,0.0710945597209953,0,0.191428571428571,0.271917863127817,0.150609101417194,0.0735920894746288
28380,"Lizard Island Reef (North West) (14-116a)",3,0.00285714285714286,350,0.0246544548289464,0.0135667561826646,0.0710945597209953,0,0.162928571428571,0.25944284347352,0.139896239291273,0.0656704871207957
28381,"Lizard Island Reef (North West) (14-116a)",3,0,350,0.0229145662976381,0.0126375525982099,0.0662826923181524,0,0.148642857142857,0.257057892373457,0.137245807280162,0.0636239863839008
28382,"Lizard Island Reef (North West) (14-116a)",3,0.0114285714285714,350,0.0229145662976381,0.0126375525982099,0.0662826923181524,0,0.16,0.25570346596428,0.136684827674371,0.0649596395130084
28383,"Lizard Island Reef (Lagoon) (14-116d)",4,0.0184210526315789,380,0.0491218503086206,0.0260315329734333,0.164032782918662,0,0.365855263157894,0.413236401774743,0.25957403718995,0.147029738828772
28384,"Lizard Island Reef (Lagoon) (14-116d)",4,0.0552631578947368,380,0.0491218503086206,0.0260315329734333,0.164032782918662,0,0.334276315789473,0.410744201955818,0.256629683169275,0.144000251553686
28385,"Lizard Island Reef (Lagoon) (14-116d)",4,0.0184210526315789,380,0.0318846651775283,0.0166680625021954,0.107680165734705,0,0.236907894736842,0.319871184671405,0.180800658325348,0.092740452036298
28386,"Lizard Island Reef (Lagoon) (14-116d)",4,0.0184210526315789,380,0.0324868816931773,0.0171179361539292,0.109822552680613,0,0.250131578947368,0.328362834393315,0.188359084805521,0.0970548202055118
28452,"Green Island Reef (16-049)",4,0.034,500,0.0250241686598003,0.0129819317312466,0.0855603131574417,0,0.186249999999999,0.27423717046493,0.150740590822824,0.0721116508007697
28453,"Green Island Reef (16-049)",4,0.03,500,0.0250241686598003,0.0129819317312466,0.0855603131574417,0,0.18805,0.270009124111372,0.14497841047021,0.0681843546946889
28454,"Green Island Reef (16-049)",4,0.02,500,0.0233303160736166,0.0119938226587438,0.0794325656127484,0,0.162,0.259299536113008,0.136845452657916,0.0618551127945932
28455,"Green Island Reef (16-049)",4,0.014,500,0.0233303160736166,0.0119938226587438,0.0794325656127484,0,0.20405,0.254416260547351,0.138580300720458,0.0679704138748026
28456,"Batt Reef (16-029)",4,0.016,500,0.0454723977557153,0.0240459654965629,0.150192774414368,0,0.3421,0.398421661710273,0.244381595614684,0.12986069403708
28457,"Batt Reef (16-029)",4,0.03,500,0.0454723977557153,0.0240459654965629,0.150192774414368,0,0.33005,0.410477567894809,0.257291996056689,0.139339331255016
28458,"Batt Reef (16-029)",4,0.11,500,0.061768909350145,0.0327035487731534,0.202939278081359,0,0.498199999999999,0.469318795612414,0.313586447323734,0.184060809704005
28459,"Batt Reef (16-029)",4,0.06,450,0.061768909350145,0.0327035487731534,0.202939278081359,0,0.507277777777774,0.475172085025527,0.317072425189296,0.185758645974298
28543,"Banfield Reef (North) (18-105a)",3,0.10625,160,0.064158763782564,0.0356473124493682,0.181427333167658,0,0.49375,0.440053744074992,0.310272590428556,0.191577488332506
28544,"Banfield Reef (North) (18-105a)",3,0.286363636363636,220,0.0593442553401565,0.032634777696754,0.167354426301493,0,0.431931818181818,0.432503270591291,0.294676897479107,0.164744017830116
28546,"Banfield Reef (North) (18-105a)",3,0.0588235294117647,204,0.0567481432923132,0.0309674299417449,0.159651092812325,0,0.377818627450978,0.410226712877977,0.276827460739398,0.162138035977582
28547,"Banfield Reef (North) (18-105a)",3,0.0855263157894737,152,0.0641587637825641,0.0356473124493682,0.181427333167658,0,0.414638157894736,0.41911997944366,0.292386357874755,0.177682762998999
28549,"Banfield Reef (North) (18-105a)",3,0.145833333333333,240,0.0593442553401564,0.0326347776967539,0.167354426301493,0,0.341874999999999,0.441169368080452,0.278638895331842,0.151905982872913
28550,"Banfield Reef (North) (18-105a)",3,0.0818181818181818,220,0.0567481432923133,0.0309674299417449,0.159651092812325,0,0.35465909090909,0.416080963384176,0.278646052270831,0.152372725999975
28551,"Banfield Reef (North) (18-105a)",3,0.0848214285714286,224,0.0566468113017748,0.0309146133902162,0.159307455396698,0,0.468861607142857,0.419821273200278,0.286785469070209,0.162690885708037
28552,"Banfield Reef (North) (18-105a)",3,0.0613207547169811,212,0.0566468113017748,0.0309146133902162,0.159307455396698,0,0.363797169811317,0.41257681242967,0.279066060906718,0.163233745369465
28553,"Banfield Reef (North) (18-105a)",3,0.0543478260869565,184,0.0635900219504217,0.0352192706865163,0.179812646037992,0,0.429755434782606,0.468117467913092,0.30603934658149,0.183570160666725
28554,"Banfield Reef (North) (18-105a)",3,0.170833333333333,240,0.0647966003067811,0.036045781138002,0.183574029936428,0,0.500104166666666,0.467780684993699,0.30440681145251,0.172814440711113
28555,"Banfield Reef (North) (18-105a)",3,0.0333333333333333,240,0.0566468113017748,0.0309146133902162,0.159307455396698,0,0.404166666666667,0.450614673999493,0.290929513694494,0.164500538133527
28556,"Banfield Reef (North) (18-105a)",3,0.0480349344978166,229,0.0566468113017749,0.0309146133902162,0.159307455396698,0,0.42390829694323,0.434277243378758,0.275397580631658,0.159580537572177
28557,"Banfield Reef (North) (18-105a)",3,0.0446428571428571,224,0.0635900219504217,0.0352192706865163,0.179812646037991,0,0.459933035714285,0.45157428315885,0.316194360655201,0.184952824780278
28558,"Banfield Reef (North) (18-105a)",3,0.0791666666666667,240,0.0647966003067811,0.036045781138002,0.183574029936428,0,0.404166666666667,0.475664762724271,0.316378501381564,0.184668061323843
28591,"Banfield Reef (North) (18-105a)",3,0.0727272727272727,220,0.0594204102348752,0.0326856267279432,0.167659305430355,0,0.418181818181818,0.441399123088803,0.304941854360692,0.17399579292014
28592,"Banfield Reef (North) (18-105a)",3,0.045,200,0.0594204102348751,0.0326856267279432,0.167659305430354,0,0.495249999999999,0.469120985147052,0.308887436567459,0.178683729472284
28593,"Banfield Reef (North) (18-105a)",3,0.0541666666666667,240,0.0567831185600166,0.031051069239361,0.159752132337077,0,0.425208333333332,0.439782404028156,0.283866947385636,0.16114382134334
28594,"Banfield Reef (North) (18-105a)",3,0.0318181818181818,220,0.0567831185600166,0.031051069239361,0.159752132337077,0,0.445568181818181,0.434421634906941,0.299579591690948,0.170718856042498
28595,"Banfield Reef (North) (18-105a)",3,0.0208333333333333,240,0.0594204102348751,0.0326856267279432,0.167659305430355,0,0.391770833333333,0.453847757295029,0.291328898322693,0.163689467946587
28596,"Banfield Reef (North) (18-105a)",3,0.0408163265306122,196,0.0594204102348751,0.0326856267279432,0.167659305430354,0,0.474489795918367,0.465495068142818,0.307301416930865,0.179325200177945
28597,"Banfield Reef (North) (18-105a)",3,0.0409090909090909,220,0.0567831185600166,0.031051069239361,0.159752132337077,0,0.400340909090907,0.424510004460153,0.293706666174247,0.169032790923024
28598,"Banfield Reef (North) (18-105a)",3,0.035,200,0.0567831185600166,0.031051069239361,0.159752132337077,0,0.43,0.450855132341625,0.29058133096489,0.164970254213548
28599,"Banfield Reef (North) (18-105a)",3,0.0611111111111111,180,0.0641982062775417,0.0356455430448122,0.181532520666257,0,0.466805555555555,0.460887826026236,0.297557278122615,0.17800995590427
28600,"Banfield Reef (North) (18-105a)",3,0.025,240,0.0648447550532258,0.0361012511001353,0.183559283307844,0,0.450104166666666,0.486460540287757,0.323982502030795,0.188601838911332
28601,"Banfield Reef (North) (18-105a)",3,0.115,200,0.0648447550532258,0.0361012511001353,0.183559283307844,0,0.420374999999998,0.486984580977257,0.322671029976598,0.188474146840264
28602,"Banfield Reef (North) (18-105a)",3,0.0909090909090909,88,0.0648447550532258,0.0361012511001354,0.183559283307844,0,0.568465909090908,0.491114554092364,0.313644881256681,0.173173749899246
28603,"Banfield Reef (North) (18-105a)",3,0.06,200,0.0641982062775417,0.0356455430448122,0.181532520666257,0,0.450124999999999,0.479166524553132,0.315044412340027,0.181848634810026
28604,"Banfield Reef (North) (18-105a)",3,0.05,240,0.0648447550532258,0.0361012511001353,0.183559283307844,0,0.387604166666666,0.472480133956886,0.310580713726311,0.178903046535146
28605,"Banfield Reef (North) (18-105a)",3,0.0863636363636364,220,0.0648447550532259,0.0361012511001354,0.183559283307844,0,0.459204545454545,0.439849731233337,0.302605932650886,0.172180875588091
28606,"Banfield Reef (North) (18-105a)",3,0.00735294117647059,136,0.0648447550532258,0.0361012511001354,0.183559283307844,0,0.486029411764702,0.479611598528798,0.3140559231817,0.193317949813741
28607,"Banfield Reef (North) (18-105a)",3,0.0181818181818182,220,0.0566536038292862,0.0309745921978645,0.159405548136041,0,0.340909090909091,0.41358895810686,0.279710239397844,0.156210409932502
28608,"Banfield Reef (North) (18-105a)",3,0.0227272727272727,220,0.0566536038292862,0.0309745921978645,0.159405548136041,0,0.372727272727273,0.420121035131194,0.284693735982322,0.157137240718404
28609,"Banfield Reef (North) (18-105a)",3,0.0541666666666667,240,0.0566536038292862,0.0309745921978645,0.159405548136041,0,0.529270833333333,0.449630571110446,0.29193844948636,0.166477259819262
28610,"Banfield Reef (North) (18-105a)",3,0.035,200,0.0566536038292862,0.0309745921978645,0.159405548136041,0,0.460499999999997,0.458193481830591,0.294068228371244,0.163536383558155
28742,"Batt Reef (16-029)",4,0.0326086956521739,184,0.0611752664804034,0.032418239611582,0.200821494756049,0,0.46195652173913,0.476690124244156,0.31194088909045,0.189238934439288
28743,"Batt Reef (16-029)",4,0.0423280423280423,189,0.0498671886907922,0.0266646866338633,0.164429074696601,0,0.338624338624339,0.436278283567174,0.272821891399656,0.148099850596895
28744,"Batt Reef (16-029)",4,0.0628019323671498,207,0.0522785019805506,0.028029945796812,0.171173744677074,0,0.391304347826087,0.407708811334841,0.267502362491774,0.150434264895573
28750,"Batt Reef (16-029)",4,0.0147058823529412,340,0.0523103918945828,0.0280523603424608,0.171301283582227,0,0.38845588235294,0.415898360375563,0.259237806631324,0.143406164327651
28756,"Batt Reef (16-029)",4,0.00546448087431694,183,0.0611752664804034,0.032418239611582,0.200821494756049,0,0.420901639344262,0.469081923783649,0.304918228904801,0.184309863989936
28757,"Batt Reef (16-029)",4,0.0666666666666667,150,0.0498671886907922,0.0266646866338633,0.164429074696601,0,0.333666666666665,0.448636024420247,0.281147045254909,0.154174773228079
28758,"Batt Reef (16-029)",4,0.0673076923076923,104,0.0554391865364939,0.0296637713317048,0.182476686324399,0,0.413461538461538,0.378621051899781,0.258375425002823,0.152141938033934
28759,"Batt Reef (16-029)",4,0.0666666666666667,30,0.0522890653252169,0.0280384778971027,0.171215990754971,0,0.4,0.439036822680524,0.24972066827113,0.164397243603314
28760,"Batt Reef (16-029)",4,0.0133333333333333,75,0.0449522142518634,0.0237981967245197,0.14866444580707,0,0.32,0.397309412513231,0.293782514275258,0.154923083138147
28767,"Batt Reef (16-029)",4,0,65,0.0611752664804033,0.032418239611582,0.200821494756049,0,0.492307692307692,0.428367946042752,0.32398071515746,0.17928082162953
28770,"Batt Reef (16-029)",4,0,75,0.0498671886907922,0.0266646866338633,0.164429074696601,0,0.346666666666667,0.402120205542258,0.298566823279415,0.158440896528189
28771,"Batt Reef (16-029)",4,0,52,0.055439186536494,0.0296637713317048,0.182476686324399,0,0.347115384615379,0.353015305527018,0.253158115636641,0.154267421648898
28772,"Batt Reef (16-029)",4,0,15,0.0522890653252169,0.0280384778971027,0.171215990754971,0,0.466666666666667,0.312907377724,0.312907377724,0.149941185197568
28889,"Banfield Reef (North) (18-105a)",3,0.0869565217391304,184,0.064202339233238,0.0356590372618591,0.181422157410513,0,0.479076086956517,0.46660069553336,0.306975516798243,0.186902962924488
28890,"Banfield Reef (North) (18-105a)",3,0.0727272727272727,220,0.0648998337267659,0.0360599164205732,0.18343445644658,0,0.436477272727272,0.463266981247412,0.326931889952801,0.193448338467287
28891,"Banfield Reef (North) (18-105a)",3,0.0520833333333333,192,0.0648998337267658,0.0360599164205732,0.18343445644658,0,0.516145833333331,0.473526295127611,0.310267672821309,0.179731030465019
28892,"Banfield Reef (North) (18-105a)",3,0.0277777777777778,180,0.064202339233238,0.0356590372618591,0.181422157410513,0,0.48361111111111,0.458710763943757,0.293632867373131,0.174293802023577
28893,"Banfield Reef (North) (18-105a)",3,0.127272727272727,220,0.0648998337267659,0.0360599164205732,0.18343445644658,0,0.46840909090909,0.458249075448037,0.322329439498064,0.188296077346883
28894,"Banfield Reef (North) (18-105a)",3,0.0708333333333333,240,0.0648998337267658,0.0360599164205732,0.18343445644658,0,0.483749999999998,0.475206671504768,0.314625188860805,0.184844577286376
28895,"Banfield Reef (North) (18-105a)",3,0.00416666666666667,240,0.0594378569036198,0.0326804560161064,0.168039007663612,0,0.408541666666666,0.451754053023682,0.292575313747408,0.16515669479971
28896,"Banfield Reef (North) (18-105a)",3,0.025,160,0.0594378569036198,0.0326804560161064,0.168039007663612,0,0.400156249999999,0.409444049872192,0.279472921612316,0.164313194456129
28897,"Judith Wright Reef (18-101)",5,0.0708333333333333,240,0.0323215709807644,0.020415541872488,0.0653412211607864,0,0.183333333333333,0.389283270565088,0.209988226216116,0.0905461475286266
28898,"Judith Wright Reef (18-101)",5,0,164,0.0323215709807644,0.020415541872488,0.0653412211607864,0,0.201219512195122,0.371176330003942,0.225124984342552,0.0981602973554221
28899,"Banfield Reef (North) (18-105a)",3,0.0133928571428571,224,0.0594378569036198,0.0326804560161064,0.168039007663612,0,0.451004464285714,0.433048708193737,0.300829400983416,0.174600341907578
28900,"Banfield Reef (North) (18-105a)",3,0.087962962962963,216,0.0594378569036198,0.0326804560161064,0.168039007663612,0,0.384374999999999,0.433965992936752,0.298521700761899,0.16903672003314
28901,"Judith Wright Reef (18-101)",5,0.075,240,0.0323215709807644,0.020415541872488,0.0653412211607864,0,0.229166666666667,0.397487580631762,0.216828293284764,0.0962480748411865
28902,"Judith Wright Reef (18-101)",5,0.0517241379310345,232,0.0323215709807644,0.020415541872488,0.0653412211607864,0,0.172521551724137,0.38129575946422,0.202087923337155,0.0909680882798131
28945,"Banfield Reef (North) (18-105a)",3,0.05625,160,0.0642437124077271,0.0357008503683131,0.181500413257293,0,0.507187499999995,0.442082181547886,0.310477198779762,0.190455500407606
28946,"Banfield Reef (North) (18-105a)",3,0.0324074074074074,216,0.0642437124077272,0.0357008503683131,0.181500413257293,0,0.495601851851851,0.454172542409803,0.317259663382667,0.183866018181723
28947,"Banfield Reef (North) (18-105a)",3,0.086734693877551,196,0.0649663626301928,0.0361325805074071,0.183260494848991,0,0.454209183673469,0.48039809579083,0.317601616711143,0.184670561226881
28948,"Banfield Reef (North) (18-105a)",3,0.0875,240,0.0649663626301929,0.0361325805074071,0.183260494848991,0,0.4125,0.473021683968917,0.311270526048573,0.17892031180796
28949,"Banfield Reef (North) (18-105a)",3,0.0138888888888889,144,0.0642437124077272,0.0357008503683131,0.181500413257293,0,0.451736111111109,0.495447114923482,0.326115850911261,0.186639971581942
28950,"Banfield Reef (North) (18-105a)",3,0.0425531914893617,188,0.0642437124077272,0.0357008503683131,0.181500413257293,0,0.580452127659571,0.467295363227856,0.308389832064113,0.180258761870784
28951,"Banfield Reef (North) (18-105a)",3,0.0681818181818182,220,0.0649663626301929,0.0361325805074071,0.183260494848992,0,0.409318181818181,0.447766532573164,0.310625922414384,0.176603760703391
28952,"Banfield Reef (North) (18-105a)",3,0.0338983050847458,236,0.0649663626301929,0.0361325805074071,0.183260494848991,0,0.453389830508475,0.474066420232132,0.309983762561497,0.186064946249369
28953,"Judith Wright Reef (18-101)",5,0.0708333333333333,240,0.0322102846296759,0.0202842550488838,0.0649965428249111,0,0.183333333333333,0.402073573086284,0.22108875672298,0.0972604725493576
28956,"Judith Wright Reef (18-101)",5,0.0283018867924528,212,0.0322102846296759,0.0202842550488838,0.064996542824911,0,0.198231132075471,0.35604038716661,0.207429426921131,0.096511222012849
29074,"Bowden Reef (19-019)",1,0.025,240,0.0333141673098983,0.0177269398831455,0.0988593401113387,0,0.246041666666666,0.330361543180039,0.189052781809907,0.093969998751563
29075,"Bowden Reef (19-019)",1,0.0350877192982456,228,0.0388108032126406,0.0208525498581498,0.113613722619035,0,0.280811403508771,0.361266999379436,0.211470121403786,0.11317116509082
29076,"Bowden Reef (19-019)",1,0,176,0.0338881690958574,0.0180228368010096,0.100550412046514,0,0.238636363636364,0.317892268671075,0.179712288045568,0.096693875997509
29077,"Bowden Reef (19-019)",1,0.0583333333333333,240,0.0333141673098983,0.0177269398831455,0.0988593401113387,0,0.279270833333333,0.33890298219643,0.197416519064136,0.101545636489871
29078,"Bowden Reef (19-019)",1,0.00454545454545455,220,0.0527453779679095,0.028220514066652,0.152020415495719,0,0.477272727272727,0.415282049671078,0.281917152304257,0.158290910607168
29079,"Bowden Reef (19-019)",1,0,240,0.035207749407928,0.0187671890513806,0.103320533875038,0,0.196041666666666,0.337460429160374,0.191617063272608,0.0924035509032579
29098,"Davies Reef (18-096)",2,0.0375,240,0.0364416660412997,0.0225884896626912,0.0838457729785178,0,0.212708333333332,0.412769085342505,0.237596107174149,0.111300728365842
29099,"Davies Reef (18-096)",2,0.0318181818181818,220,0.0359114834704274,0.0224074836591776,0.0826943915992127,0,0.236363636363636,0.386514858632951,0.236910894336145,0.109907592541033
29100,"Davies Reef (18-096)",2,0.0144230769230769,208,0.0364416660412997,0.0225884896626912,0.0838457729785178,0,0.264423076923077,0.383619503716641,0.236571717557443,0.119746949536428
29101,"Davies Reef (18-096)",2,0.00416666666666667,240,0.0359114834704274,0.0224074836591776,0.0826943915992126,0,0.2375,0.407459175101253,0.234265641183707,0.110570524344083
29104,"Davies Reef (18-096)",2,0.0181818181818182,220,0.0388816835250004,0.0245628551084934,0.0880763234033397,0,0.263863636363635,0.418588741751104,0.266823709093106,0.131397407970082
29105,"Davies Reef (18-096)",2,0.0277777777777778,180,0.042119675514366,0.0261336282104566,0.0962314402198696,0,0.266805555555555,0.432286009692059,0.248913639559428,0.126413208903208
29108,"Davies Reef (18-096)",2,0.0227272727272727,220,0.0388816835250004,0.0245628551084934,0.0880763234033397,0,0.286477272727272,0.427360885050842,0.27301983956356,0.13490529763271
29109,"Davies Reef (18-096)",2,0.0333333333333333,180,0.042119675514366,0.0261336282104566,0.0962314402198696,0,0.328055555555554,0.437568675902512,0.257172637432462,0.13489521407341
29110,"Davies Reef (18-096)",2,0.005,200,0.0375102592667836,0.0237026611276037,0.085375160610216,0,0.225,0.443966333346041,0.260017037391129,0.123925819624783
29111,"Davies Reef (18-096)",2,0.05,240,0.0375102592667836,0.0237026611276037,0.085375160610216,0,0.2125,0.412041711590647,0.235974802478904,0.110298286872697
29112,"Davies Reef (18-096)",2,0.0458333333333333,240,0.0375102592667836,0.0237026611276037,0.085375160610216,0,0.275,0.432994630015739,0.256439475440037,0.125591031936012
29113,"Davies Reef (18-096)",2,0.0181818181818182,220,0.0375102592667836,0.0237026611276037,0.085375160610216,0,0.254545454545455,0.415229271087121,0.259804020757567,0.123392121072325
29163,"U/N Reef (21-250a)",1,0,255,0.0471231446837845,0.0252562003131263,0.138026639762183,0,0.372549019607843,0.385080631263413,0.251834356594277,0.144010667813466
29164,"U/N Reef (21-250a)",1,0.0235294117647059,255,0.058729784511153,0.0308600642734256,0.170691343807414,0,0.407843137254902,0.427043361443841,0.289245319962501,0.169788956010754
29165,"U/N Reef (21-250a)",1,0.0133333333333333,225,0.0625340758310739,0.0331328933017432,0.182867489673243,0,0.497777777777778,0.446338664821287,0.308822257088228,0.179491462252384
29166,"U/N Reef (21-250a)",1,0.0163265306122449,245,0.0629665552320051,0.0334072750520915,0.18429637013385,0,0.444897959183673,0.476281327454788,0.313071381110494,0.179530770069018
29169,"U/N Reef (21-250a)",1,0.0212765957446809,235,0.0429008903857849,0.0230142752955503,0.125949347795493,0,0.357553191489361,0.382905157316318,0.232567330731854,0.132046122402356
29170,"U/N Reef (21-250a)",1,0.0114503816793893,262,0.0479464769293754,0.025761645166759,0.141041068075646,0,0.347423664122137,0.376594982814978,0.244015059498969,0.138118215249537
29171,"U/N Reef (21-250a)",1,0.025,240,0.0703053362153352,0.0374403086130932,0.205428973182628,0,0.454270833333333,0.502992728988277,0.336726072184975,0.198379675254699
29172,"U/N Reef (21-250a)",1,0.0464285714285714,280,0.0568964834511234,0.0306016616402707,0.169634912309595,0,0.425089285714285,0.433860495220023,0.275091643200249,0.159667463628848
29261,"Lizard Island Reef (North West) (14-116a)",3,0.04,250,0.0210363975847311,0.0114813953009787,0.059734201782017,0,0.168,0.255219464100385,0.134993081840278,0.0615561809203936
29262,"Lizard Island Reef (North West) (14-116a)",3,0.00888888888888889,450,0.0210363975847311,0.0114813953009787,0.059734201782017,0,0.155555555555556,0.238424690410102,0.125569077459633,0.0586759164825986
29263,"Lizard Island Reef (North East) (14-116b)",4,0.0133333333333333,450,0.0406330194181218,0.0218404208742566,0.138487816133668,0,0.302277777777777,0.387118031425703,0.237676141123203,0.125956987317338
29264,"Lizard Island Reef (North East) (14-116b)",4,0.00888888888888889,225,0.0406330194181218,0.0218404208742566,0.138487816133668,0,0.280222222222221,0.374286536639437,0.240415947648285,0.123315953412232
29265,"Lizard Island Reef (North West) (14-116a)",3,0.0288888888888889,450,0.0228837182259782,0.0126781201481387,0.0662256002574459,0,0.182277777777777,0.254681666073898,0.140068483174876,0.0680339154394463
29266,"Lizard Island Reef (North West) (14-116a)",3,0.0177777777777778,450,0.0228837182259782,0.0126781201481387,0.0662256002574459,0,0.153333333333333,0.25524796811619,0.139730424188502,0.0666565187772924
29267,"Lizard Island Reef (North West) (14-116a)",3,0.0355555555555556,450,0.0247295993657276,0.0136988587848332,0.0707679105902313,0,0.186722222222222,0.279455220971574,0.153244952824903,0.0716860128940545
29268,"Lizard Island Reef (North West) (14-116a)",3,0.0244444444444444,450,0.0247295993657276,0.0136988587848332,0.0707679105902313,0,0.177833333333333,0.25690557379051,0.141444852577848,0.0693041502748335
29366,"John Brewer Reef (18-075)",1,0,168,0.0564415329102833,0.0297332716379858,0.161928716827106,0,0.369047619047619,0.417178562600285,0.282926006276025,0.153726639306419
29370,"John Brewer Reef (18-075)",1,0,156,0.0564415329102833,0.0297332716379859,0.161928716827106,0,0.436057692307691,0.416693197700202,0.289415805039126,0.175184162733089
29389,"Banfield Reef (North) (18-105a)",3,0.0818181818181818,220,0.0650500324678601,0.0360380168358094,0.183660693162497,0,0.536477272727272,0.467185722997001,0.328388499288166,0.191584111292481
29390,"Banfield Reef (North) (18-105a)",3,0.112903225806452,186,0.0650500324678601,0.0360380168358094,0.183660693162497,0,0.494758064516128,0.476835387569331,0.313387648455436,0.192199194008441
29391,"Banfield Reef (North) (18-105a)",3,0.0732758620689655,232,0.0650500324678601,0.0360380168358093,0.183660693162497,0,0.487068965517241,0.47021790776155,0.309024297038551,0.186810807867261
29392,"Banfield Reef (North) (18-105a)",3,0.0817307692307692,208,0.0650500324678601,0.0360380168358093,0.183660693162497,0,0.471514423076921,0.438325238464641,0.302396552494942,0.181747848482045
29393,"Banfield Reef (North) (18-105a)",3,0.0166666666666667,240,0.0650500324678601,0.0360380168358093,0.183660693162497,0,0.454479166666665,0.473481315661803,0.312979414825127,0.181244165851846
29394,"Banfield Reef (North) (18-105a)",3,0.0175438596491228,228,0.0650500324678601,0.0360380168358093,0.183660693162497,0,0.517653508771929,0.473833781959903,0.314554062459081,0.192180097209901
29513,"Vicki Harriott Reef (15-070)",3,0.0223880597014925,268,0.0426699274857027,0.023485021176886,0.121353917613544,0,0.324626865671642,0.355188445599748,0.227974904750004,0.121601158366387
29514,"Vicki Harriott Reef (15-070)",3,0.0974576271186441,236,0.0445598265491021,0.0247601895610493,0.128786232224025,0,0.444915254237288,0.392548356717661,0.241983718774968,0.138417234861003
29515,"Vicki Harriott Reef (15-070)",3,0.0407407407407407,270,0.0539693843302419,0.0294256616798048,0.155660858706733,0,0.474074074074074,0.427301557400602,0.290221124269842,0.1650630663727
29516,"Vicki Harriott Reef (15-070)",3,0.0285714285714286,210,0.0544456027528538,0.0296336986062151,0.156297345863374,0,0.362023809523809,0.400380391006842,0.26972099467324,0.157083793642938
29517,"Vicki Harriott Reef (15-070)",3,0.040983606557377,244,0.0358392525632063,0.0202325790965147,0.101403339738927,0,0.24200819672131,0.347974082002365,0.203300394265721,0.103388132511321
29518,"Vicki Harriott Reef (15-070)",3,0.041025641025641,195,0.031910622628802,0.0178725184149578,0.0908369133635656,0,0.215641025641024,0.324147574050541,0.185707417100546,0.0940877878725135
29519,"Vicki Harriott Reef (15-070)",3,0.0416666666666667,192,0.0498243394129429,0.027835813878544,0.14155838375831,0,0.354166666666667,0.420004231377301,0.259380844673391,0.1382862226968
29520,"Vicki Harriott Reef (15-070)",3,0.0476190476190476,315,0.0332765037739445,0.0187540909868541,0.0943651868709893,0,0.23206349206349,0.310940698559996,0.190518874508269,0.0952516951463551
29521,"Vicki Harriott Reef (15-070)",3,0.080188679245283,212,0.0470873184643053,0.0262030230231599,0.134950059427598,0,0.35377358490566,0.382793659820711,0.254349707044409,0.145692849306429
29522,"Vicki Harriott Reef (15-070)",3,0.1,260,0.0537493734891146,0.0300798241756595,0.151813528761548,0,0.411538461538462,0.403379605942846,0.268190185635085,0.153895092512609
29523,"Vicki Harriott Reef (15-070)",3,0.0388888888888889,180,0.0537493734891147,0.0300798241756595,0.151813528761548,0,0.372222222222222,0.419740500191037,0.262142511335188,0.15215696060433
29524,"Vicki Harriott Reef (15-070)",3,0.0489130434782609,184,0.0346456548268174,0.0195585520093152,0.0982243535395084,0,0.244836956521738,0.331514727324961,0.19111892413519,0.102871944868013
29525,"Vicki Harriott Reef (15-070)",3,0.0357142857142857,252,0.0347040975026113,0.0195997221062286,0.0983930875013419,0,0.246130952380952,0.312415569107136,0.191937126021139,0.100459234029479
29526,"Vicki Harriott Reef (15-070)",3,0.00641025641025641,156,0.0580038095603145,0.0313886182322848,0.166861813989406,0,0.429647435897435,0.411821007133206,0.279524827506876,0.16347802257263
29527,"Vicki Harriott Reef (15-070)",3,0.0166666666666667,180,0.0490186325662174,0.0273658306672722,0.139826974195408,0,0.350138888888888,0.405947795820258,0.249475652843921,0.143017497738118
29555,"Banfield Reef (North) (18-105a)",3,0.0740740740740741,216,0.0637140690208857,0.0353393776362341,0.180227301298467,0,0.528124999999998,0.450092469961621,0.313906339694149,0.182855178913017
29556,"Banfield Reef (North) (18-105a)",3,0.0590909090909091,220,0.0650451467925469,0.0360283337936347,0.183735354020899,0,0.5,0.449765687831359,0.312180160137864,0.179416370732147
29557,"Banfield Reef (North) (18-105a)",3,0.109090909090909,220,0.0650451467925469,0.0360283337936347,0.183735354020899,0,0.45465909090909,0.452464807806474,0.317961271845175,0.1871834095279
29558,"Banfield Reef (North) (18-105a)",3,0.0614035087719298,228,0.0637140690208857,0.0353393776362341,0.180227301298467,0,0.473903508771929,0.461669867087507,0.298603879531108,0.176545497067536
29559,"Banfield Reef (North) (18-105a)",3,0.0583333333333333,240,0.0650451467925469,0.0360283337936346,0.183735354020899,0,0.591874999999999,0.470462269105438,0.312828127628009,0.183257927640198
29560,"Banfield Reef (North) (18-105a)",3,0.0958333333333333,240,0.0650451467925469,0.0360283337936346,0.183735354020899,0,0.437604166666666,0.475840409838411,0.311920715192815,0.177769977603452
29561,"Banfield Reef (North) (18-105a)",3,0.0344827586206897,232,0.0611943819098334,0.0337179222107033,0.173573563269031,0,0.392349137931034,0.458226373757234,0.296383981930164,0.174007373846421
29562,"Banfield Reef (North) (18-105a)",3,0.0288461538461538,208,0.0611943819098334,0.0337179222107033,0.173573563269031,0,0.447235576923076,0.426293051321584,0.291744362000738,0.173492111633033
29563,"Banfield Reef (North) (18-105a)",3,0.0458333333333333,240,0.0642221767969814,0.0355881658756751,0.181717073732221,0,0.433437499999999,0.474408304701075,0.313091051154349,0.181244326727872
29564,"Banfield Reef (North) (18-105a)",3,0.05,240,0.0567258996077007,0.0306759275371686,0.159940314392709,0,0.416874999999999,0.440185897307419,0.284836772684595,0.16133925425718
29565,"Banfield Reef (North) (18-105a)",3,0.0611111111111111,180,0.0611943819098334,0.0337179222107033,0.173573563269031,0,0.433472222222221,0.451119845346352,0.288417281483047,0.171708888338183
29566,"Banfield Reef (North) (18-105a)",3,0.0277777777777778,180,0.0611943819098334,0.0337179222107033,0.173573563269031,0,0.350416666666664,0.427862688004779,0.265622515549452,0.153785172027084
29567,"Banfield Reef (North) (18-105a)",3,0.05,240,0.0642221767969814,0.0355881658756751,0.181717073732221,0,0.471354166666664,0.473318240144717,0.311762923876797,0.180649660086085
29568,"Banfield Reef (North) (18-105a)",3,0.108333333333333,240,0.0567258996077007,0.0306759275371686,0.159940314392709,0,0.404374999999999,0.446540770623177,0.284681035020112,0.155980405250727
29635,"Lizard Island Reef (Lagoon) (14-116d)",4,0.00666666666666667,450,0.0455746960721563,0.024627582964077,0.150460824452556,0,0.333388888888889,0.403745792706422,0.250079315790063,0.133836898471219
29636,"Lizard Island Reef (Lagoon) (14-116d)",4,0.00666666666666667,450,0.0455746960721563,0.024627582964077,0.150460824452556,0,0.344444444444444,0.403369870169591,0.248815422574459,0.135127923284295
29637,"Lizard Island Reef (Lagoon) (14-116d)",4,0.0288888888888889,450,0.0425884312390785,0.0230882659383047,0.141502956825332,0,0.286666666666667,0.397019333844814,0.243109691884638,0.127987097047714
29638,"Lizard Island Reef (Lagoon) (14-116d)",4,0.0333333333333333,450,0.0425884312390785,0.0230882659383047,0.141502956825332,0,0.297888888888888,0.379684187197468,0.231950897263272,0.124355425567796
29689,"Lizard Island Reef (North West) (14-116a)",3,0.00697674418604651,430,0.0216646729475852,0.0119151804005237,0.062156355561076,0,0.13953488372093,0.22867724423095,0.117616806107473,0.0537646455657524
29690,"Lizard Island Reef (North West) (14-116a)",3,0.00232558139534884,430,0.0216646729475852,0.0119151804005237,0.062156355561076,0,0.162790697674419,0.239408005900465,0.125132025156557,0.0584256924757139
29691,"Lizard Island Reef (North West) (14-116a)",3,0,250,0.0247990946458006,0.0137407671375203,0.0714695519162884,0,0.172099999999999,0.278632037868802,0.152777599066645,0.072901098818635
29692,"Lizard Island Reef (North West) (14-116a)",3,0.0166666666666667,180,0.0229834052471469,0.0126876424086427,0.0661305847143921,0,0.161111111111111,0.260641080949512,0.136021110459017,0.0663175922313414
29693,"Lizard Island Reef (North West) (14-116a)",3,0,430,0.0229834052471469,0.0126876424086427,0.0661305847143921,0,0.169825581395349,0.239772911377609,0.128801726312874,0.0625292308708238
29722,"Vicki Harriott Reef (15-070)",3,0.00628930817610063,318,0.045904498483885,0.0254155865190622,0.131478450559692,0,0.361635220125786,0.389648999964027,0.252856999590358,0.137002586039969
29723,"Vicki Harriott Reef (15-070)",3,0.0234042553191489,470,0.0345329131067277,0.0195763527567339,0.0974625372073822,0,0.238297872340426,0.330835250935679,0.201251473238563,0.100577606256714
29724,"Vicki Harriott Reef (15-070)",3,0.02,400,0.0473938644865451,0.0261879536404394,0.134832143573612,0,0.2925625,0.408032496899913,0.255057118251981,0.137546830423156
29725,"Vicki Harriott Reef (15-070)",3,0.05,480,0.04490112423593,0.0247597828618799,0.128258554185715,0,0.358489583333332,0.378403202601442,0.234207078243557,0.131421048804342
29743,"Vicki Harriott Reef (15-070)",3,0.0166666666666667,180,0.0497927294278989,0.0275154343597563,0.140085909855573,0,0.322777777777775,0.40529650350601,0.250792116229074,0.143727639983716
29744,"Vicki Harriott Reef (15-070)",3,0.04,150,0.0501416637783491,0.0277107887207139,0.141112863069566,0,0.346833333333332,0.426554870468392,0.265602491109176,0.145679404003046
29745,"Vicki Harriott Reef (15-070)",3,0.06,200,0.0358230198546249,0.0202293532278833,0.101132016596512,0,0.225,0.353898820828601,0.203784908600862,0.101803424097408
29746,"Vicki Harriott Reef (15-070)",3,0.02,200,0.0332916246669487,0.0188265368380766,0.0931344117223202,0,0.280124999999999,0.339777522465048,0.198008467937382,0.103495197492905
29769,"U/N Reef (20-386)",3,0.0099009900990099,505,0.0473842369619911,0.0262040809850565,0.133660234133723,0,0.336930693069305,0.381407173772879,0.244707625277148,0.136432811610817
29770,"U/N Reef (20-386)",3,0.0197530864197531,405,0.0489030560955613,0.0270807869130657,0.138677081458782,0,0.380617283950615,0.389572282153126,0.254116808897129,0.145282215110991
29771,"U/N Reef (20-386)",3,0.00434782608695652,230,0.0410310138050858,0.0231836976432172,0.117239153056717,0,0.278260869565217,0.364860497644478,0.216086165092042,0.117012798331405
29772,"U/N Reef (20-386)",3,0,330,0.0492867041792628,0.0273942800470672,0.139686459736692,0,0.360833333333332,0.404279017951095,0.250635874779882,0.141179682551024
29844,"Eyrie Reef (14-118)",4,0.0842105263157895,380,0.0454505928556652,0.0240725597128475,0.150515213937432,0,0.350065789473684,0.383319796551554,0.231645811160786,0.126070123448131
29845,"Eyrie Reef (14-118)",4,0.0789473684210526,380,0.0454505928556652,0.0240725597128475,0.150515213937432,0,0.326447368421052,0.383654013761988,0.232786784668411,0.127418396262569
29846,"Eyrie Reef (14-118)",4,0.184615384615385,260,0.0480094658274397,0.0256022873149786,0.158695278373888,0,0.32701923076923,0.395693568341083,0.260047733851445,0.145987814518101
29847,"Eyrie Reef (14-118)",4,0.0615384615384615,260,0.0480094658274397,0.0256022873149786,0.158695278373888,0,0.403846153846154,0.385472158855724,0.253551489825839,0.14621093999032
29854,"U/N Reef (15-043)",2,0,120,0.0404057559913105,0.0256256367660819,0.0925878316702222,0,0.241874999999999,0.411776617278888,0.272949521906902,0.129699814078833
29855,"U/N Reef (15-043)",2,0,120,0.0404057559913105,0.0256256367660819,0.0925878316702222,0,0.241874999999999,0.42014420322406,0.278873404275424,0.131490380676062
29881,"Lizard Island Reef (Lagoon) (14-116d)",4,0.0482758620689655,435,0.0581562486046416,0.0309378143144036,0.191036489765242,0,0.379367816091954,0.454866978556432,0.295779377411355,0.172102942422369
29882,"Lizard Island Reef (Lagoon) (14-116d)",4,0.105747126436782,435,0.0581562486046416,0.0309378143144036,0.191036489765242,0,0.402758620689653,0.455581663453259,0.293646330105506,0.168193802861554
29883,"Lizard Island Reef (Lagoon) (14-116d)",4,0.0413793103448276,435,0.0554385789507358,0.0294724489766915,0.182646133535653,0,0.471264367816092,0.443779143766136,0.287593592046502,0.169077979299932
29884,"Lizard Island Reef (Lagoon) (14-116d)",4,0.0436781609195402,435,0.0554385789507358,0.0294724489766915,0.182646133535653,0,0.379367816091954,0.453625503626212,0.295784569857562,0.172068204911603
29971,"Vicki Harriott Reef (15-070)",3,0.0325581395348837,430,0.0451313807718287,0.0248295238538039,0.126027391981799,0,0.36767441860465,0.383157671065955,0.237917940627053,0.134020540666724
29972,"Vicki Harriott Reef (15-070)",3,0.0348837209302326,430,0.0538291427560694,0.0303129241672011,0.152889060032616,0,0.384127906976742,0.430936597430849,0.279526107357051,0.162734090173925
29973,"Vicki Harriott Reef (15-070)",3,0.0197530864197531,405,0.0357891013516863,0.0202105154053648,0.100867855978677,0,0.306296296296296,0.323774854558469,0.200624757436111,0.107454155881897
30261,"Vicki Harriott Reef (15-070)",3,0.0369393139841689,379,0.0460229367272058,0.0254536158148473,0.128833023531564,0,0.329881266490765,0.372396213641424,0.224576199191243,0.123616527961774
30273,"Vicki Harriott Reef (15-070)",3,0.0175,400,0.0559182884349107,0.0304947522257385,0.157008005753713,0,0.377687499999999,0.431250917641188,0.273717920550935,0.149616052206499
30441,"Lady Musgrave Reef (23-082a)",3,0.00555555555555556,180,0.0492456217678861,0.0268150142574706,0.138565512206969,0,0.355833333333332,0.399300058639624,0.244514215121247,0.140391210526458
30442,"Lady Musgrave Reef (23-082a)",3,0.00980392156862745,204,0.0492983152912279,0.0268357516178381,0.138678698364729,0,0.343137254901961,0.38403385404479,0.251859720075175,0.141018645944004
30444,"Lady Musgrave Reef (23-082a)",3,0.00531914893617021,188,0.0583256220294495,0.0320433786333263,0.164962241005264,0,0.48936170212766,0.461258656375468,0.29988662472851,0.172495623459966
30445,"Lady Musgrave Reef (23-082a)",3,0.0101010101010101,198,0.0582436702500401,0.0320005271214455,0.164734538713793,0,0.515404040404039,0.458826658680249,0.29497038414681,0.165359556254049
30446,"Lady Musgrave Reef (23-082a)",3,0,246,0.0531318109835892,0.0290032858286966,0.149010396288071,0,0.414939024390242,0.446057459591481,0.288223762071626,0.164509599815596
30447,"Lady Musgrave Reef (23-082a)",3,0.136861313868613,548,0.0633575675534391,0.0348785678355263,0.179962706360962,0,0.45647810218978,0.445940234901326,0.292174803101113,0.168719861940346
30448,"Lady Musgrave Reef (23-082a)",3,0.19047619047619,567,0.0633575675534391,0.0348785678355263,0.179962706360961,0,0.451587301587301,0.445486913099861,0.300837991407308,0.175282356306627
30449,"Lady Musgrave Reef (23-082a)",3,0.0493562231759657,466,0.0586387853218617,0.0321607801663033,0.165949627819767,0,0.454935622317597,0.439692018170891,0.298993023722808,0.17496242471652
30450,"Lady Musgrave Reef (23-082a)",3,0.072463768115942,276,0.0678437606922636,0.0373773845198789,0.19273187964901,0,0.442210144927535,0.466158665826034,0.309618425109015,0.18672120670974
30451,"Lady Musgrave Reef (23-082a)",3,0.0819327731092437,476,0.0678437606922637,0.0373773845198789,0.192731879649011,0,0.563655462184871,0.4716698667356,0.315538578704607,0.191158564738039
30452,"Lady Musgrave Reef (23-082a)",3,0.0975609756097561,41,0.0633360827780906,0.0348820255906524,0.179827291716598,0,0.609756097560976,0.523524203925092,0.337199145192269,0.185990289855777
30453,"Lady Musgrave Reef (23-082a)",3,0.0461847389558233,498,0.0534983317003854,0.0291924783085231,0.15006679151627,0,0.383534136546185,0.441994967215395,0.284149857549453,0.158285014432645
30454,"Lady Musgrave Reef (23-082a)",3,0.0029585798816568,338,0.0594164820686235,0.0325299877362829,0.168054585178359,0,0.375813609467455,0.446730427180016,0.290825296427652,0.16472405700296
30455,"Lady Musgrave Reef (23-082a)",3,0.0741525423728814,472,0.0578972964118583,0.0317673170220298,0.163468873118862,0,0.398516949152541,0.428480383640797,0.287855934088011,0.16526339559953
30456,"Lady Musgrave Reef (23-082a)",3,0.0206185567010309,388,0.0534258473179282,0.0291412006594253,0.149623864853139,0,0.38930412371134,0.420840448990373,0.268887039016931,0.151387155802841
30457,"Lady Musgrave Reef (23-082a)",3,0.035230352303523,369,0.0505482889240615,0.0274568329776513,0.141679166109113,0,0.403997289972899,0.393808843617426,0.25953697577524,0.145625461811254
30458,"Lady Musgrave Reef (23-082a)",3,0.0209205020920502,478,0.0578964245063637,0.0317364545772382,0.163298688774224,0,0.368200836820084,0.43417559335217,0.281278658954037,0.162066058542328
30459,"Lady Musgrave Reef (23-082a)",3,0.00206611570247934,484,0.0507447806566834,0.0275685477074492,0.142172930389125,0,0.425619834710744,0.397015107656048,0.253398411711152,0.146666524267748
30460,"Fitzroy Reef (23-077)",1,0.0214285714285714,560,0.0618096842767744,0.032929260367811,0.180899746299847,0,0.475535714285711,0.456474809974075,0.306629429721687,0.179494934627566
30461,"Fitzroy Reef (23-077)",1,0.00909090909090909,220,0.0508111527038671,0.0270231004477291,0.148071228423786,0,0.359204545454545,0.397474812788424,0.264285175783909,0.144145306479338
30462,"Fitzroy Reef (23-077)",1,0.0188679245283019,212,0.0615938430531968,0.0325810847529913,0.178840876220739,0,0.448349056603772,0.442482067705293,0.305000752076977,0.181977907039342
30463,"Fitzroy Reef (23-077)",1,0.0520325203252033,615,0.0671751746423461,0.0357209672305689,0.194849863157073,0,0.481504065040649,0.470276827031891,0.316740697783397,0.182054974133974
30464,"Fitzroy Reef (23-077)",1,0.0646950092421442,541,0.0688614125236181,0.0366874177980667,0.200674799858354,0,0.460443622920517,0.491507747421853,0.329401613907866,0.191806644067119
30465,"Fitzroy Reef (23-077)",1,0.0167910447761194,536,0.0513038827012865,0.0273512023231204,0.149787086528865,0,0.373600746268654,0.411014997294565,0.262640737250753,0.150930271224688
