"cull_id","Reef","fold","observed_cpue","predicted_cpue","prob_002","prob_004","prob_008"
"10249","(Big) Broadhurst Reef (No 1) (18-100a)",1,0.00625,0.0406474193463766,0.34678890224105,0.240001459777631,0.123945743999421
"10250","(Big) Broadhurst Reef (No 1) (18-100a)",1,0,0.0406474193463766,0.34901964736257,0.22067049137226,0.12086364970502
"11187","(Big) Broadhurst Reef (No 1) (18-100a)",1,0.00714285714285714,0.0414917704574971,0.374832279182201,0.229342345718821,0.117416541379406
"11188","(Big) Broadhurst Reef (No 1) (18-100a)",1,0.0107142857142857,0.0414917704574971,0.366547987904433,0.218555415927187,0.114763528803699
"11189","(Big) Broadhurst Reef (No 1) (18-100a)",1,0.025,0.0471048019650001,0.405673696795417,0.242080409616648,0.125154969470764
"11190","(Big) Broadhurst Reef (No 1) (18-100a)",1,0.0285714285714286,0.0471048019650001,0.420462991058904,0.256281830011545,0.13095162601471
"14801","(Big) Broadhurst Reef (No 1) (18-100a)",1,0.00298507462686567,0.023898854256025,0.261228543181,0.134215005728679,0.0645064872700744
"14802","(Big) Broadhurst Reef (No 1) (18-100a)",1,0,0.023898854256025,0.271187600122631,0.143017659946496,0.0626186326068946
"14803","(Big) Broadhurst Reef (No 1) (18-100a)",1,0.00597014925373134,0.023898854256025,0.273019170381053,0.138744733436996,0.0677666055780706
"14804","(Big) Broadhurst Reef (No 1) (18-100a)",1,0,0.023898854256025,0.268701599070813,0.135825277054138,0.0709806053075264
"14805","(Big) Broadhurst Reef (No 1) (18-100a)",1,0,0.0284912352777179,0.306929718551747,0.160628964551022,0.0822116046929283
"14806","(Big) Broadhurst Reef (No 1) (18-100a)",1,0,0.0284912352777179,0.30510709262221,0.161643029449966,0.0760589283366913
"14807","(Big) Broadhurst Reef (No 1) (18-100a)",1,0.00606060606060606,0.0284912352777179,0.292339735711702,0.15464954492212,0.0808608758743534
"14808","(Big) Broadhurst Reef (No 1) (18-100a)",1,0.00909090909090909,0.0284912352777179,0.307276544133278,0.163335355183928,0.0746304974852866
"14809","(Big) Broadhurst Reef (No 1) (18-100a)",1,0,0.029470356315935,0.312260436780696,0.192031242758247,0.0836512338268441
"14810","(Big) Broadhurst Reef (No 1) (18-100a)",1,0,0.029470356315935,0.301017027676243,0.182957434055449,0.084625045532265
"14811","(Big) Broadhurst Reef (No 1) (18-100a)",1,0,0.029470356315935,0.314369214034905,0.17540559123477,0.0819166805877641
"14812","(Big) Broadhurst Reef (No 1) (18-100a)",1,0.00888888888888889,0.029470356315935,0.301226127872046,0.18885982350774,0.0859754492447386
"14813","(Big) Broadhurst Reef (No 1) (18-100a)",1,0.0166666666666667,0.0305429373637653,0.332693616314331,0.182428614464153,0.0827697380019194
"14814","(Big) Broadhurst Reef (No 1) (18-100a)",1,0,0.0305429373637653,0.314722514286949,0.194430040734714,0.0914010755425513
"14815","(Big) Broadhurst Reef (No 1) (18-100a)",1,0.0133333333333333,0.0305429373637653,0.323399152029762,0.186071989562312,0.0842157495605154
"14816","(Big) Broadhurst Reef (No 1) (18-100a)",1,0,0.0305429373637653,0.322044179845285,0.189730609148517,0.0774608765930652
"15121","(Big) Broadhurst Reef (No 1) (18-100a)",1,0.005,0.0300232792584206,0.33667515970069,0.183161491309477,0.0892884954311221
"15122","(Big) Broadhurst Reef (No 1) (18-100a)",1,0.0157894736842105,0.0354909206919012,0.369667060662854,0.210542298725829,0.0902105171229883
"15123","(Big) Broadhurst Reef (No 1) (18-100a)",1,0.0105263157894737,0.0354909206919012,0.352448736651575,0.209975993202219,0.102714274343507
"15339","(Big) Broadhurst Reef (No 1) (18-100a)",1,0.00909090909090909,0.0445886491783413,0.388886209126262,0.244973614228845,0.125464491238948
"15340","(Big) Broadhurst Reef (No 1) (18-100a)",1,0.0136363636363636,0.0503432724450604,0.412465689274787,0.274393453697408,0.150587344449378
"15341","(Big) Broadhurst Reef (No 1) (18-100a)",1,0.0277777777777778,0.0562121146737303,0.412410798649987,0.290618678320558,0.163639924141221
"15342","(Big) Broadhurst Reef (No 1) (18-100a)",1,0.0129533678756477,0.0421801725465062,0.383542116306317,0.235077572166094,0.126017449714122
"15343","(Big) Broadhurst Reef (No 1) (18-100a)",1,0.0103448275862069,0.0561374423462791,0.453040888995763,0.28566059837374,0.147517157970047
"15344","(Big) Broadhurst Reef (No 1) (18-100a)",1,0.0452961672473868,0.0480530042219481,0.407641654213007,0.26686489734367,0.137557399567327
"15345","(Big) Broadhurst Reef (No 1) (18-100a)",1,0.00526315789473684,0.0431020187385313,0.384651127625316,0.234533174581359,0.119745741729465
"15346","(Big) Broadhurst Reef (No 1) (18-100a)",1,0.00471698113207547,0.054824279732549,0.427141643273792,0.294289856431452,0.162542436933847
"15347","(Big) Broadhurst Reef (No 1) (18-100a)",1,0.0192307692307692,0.055787953429463,0.434770570794443,0.289769676926705,0.1630987259383
"15348","(Big) Broadhurst Reef (No 1) (18-100a)",1,0.0186567164179104,0.0496150041075266,0.410693797530673,0.26978905713318,0.149791350160854
"15349","(Big) Broadhurst Reef (No 1) (18-100a)",1,0,0.0418202934308605,0.382657790378307,0.234250309633024,0.122410704336927
"16260","(Big) Broadhurst Reef (No 1) (18-100a)",1,0,0.0544782358643062,0.46208379798349,0.286830776912377,0.156355846220118
"16261","(Big) Broadhurst Reef (No 1) (18-100a)",1,0.00789473684210526,0.0426423866290108,0.388649948452587,0.232199233926755,0.120837926604585
"16262","(Big) Broadhurst Reef (No 1) (18-100a)",1,0.0093984962406015,0.0458304230820465,0.415452607062931,0.245896273264447,0.128746768482872
"16263","(Big) Broadhurst Reef (No 1) (18-100a)",1,0.00721153846153846,0.0525133410133259,0.4259213780203,0.280289835046163,0.151657737001328
"16264","(Big) Broadhurst Reef (No 1) (18-100a)",1,0,0.0537608786203965,0.45101756753394,0.282403507869912,0.157332234289412
"16265","(Big) Broadhurst Reef (No 1) (18-100a)",1,0.0230263157894737,0.0441901944125948,0.367562177421114,0.237375387788144,0.126181831214189
"16266","(Big) Broadhurst Reef (No 1) (18-100a)",1,0.0507246376811594,0.0476370042855149,0.407094862562858,0.250795624887773,0.13936542619572
"16267","(Big) Broadhurst Reef (No 1) (18-100a)",1,0.0801526717557252,0.0552588774592091,0.428474218459869,0.284050402802463,0.159577423870277
"16268","(Big) Broadhurst Reef (No 1) (18-100a)",1,0.0844155844155844,0.0498909972982544,0.403121573228572,0.260012101497655,0.13858162218517
"16269","(Big) Broadhurst Reef (No 1) (18-100a)",1,0.0277777777777778,0.0428134300619099,0.371057867834512,0.22504963266048,0.120447205478669
"16270","(Big) Broadhurst Reef (No 1) (18-100a)",1,0.0203252032520325,0.0465830702141294,0.415026609040726,0.265127778098254,0.130884895172485
"16271","(Big) Broadhurst Reef (No 1) (18-100a)",1,0.0254237288135593,0.050764103906569,0.423793851656951,0.268466272544023,0.153319607436254
"16272","(Big) Broadhurst Reef (No 1) (18-100a)",1,0.0327868852459016,0.0425057482789956,0.392166822903505,0.231555922087397,0.122481943645751
"16273","(Big) Broadhurst Reef (No 1) (18-100a)",1,0.0210727969348659,0.0433134883257995,0.379965133158316,0.238430428050961,0.12508424594272
"16274","(Big) Broadhurst Reef (No 1) (18-100a)",1,0.0468227424749164,0.050924763946428,0.439015600964969,0.274244821539829,0.148468319012382
"16275","(Big) Broadhurst Reef (No 1) (18-100a)",1,0.0303030303030303,0.052925353668243,0.411427162088181,0.288996246664081,0.150430984403892
"16276","(Big) Broadhurst Reef (No 1) (18-100a)",1,0.0646900269541779,0.0519944481887058,0.425546012144572,0.285860201937085,0.153564915532313
"16277","(Big) Broadhurst Reef (No 1) (18-100a)",1,0.0576923076923077,0.0491417620607873,0.400367103308431,0.270701136126777,0.15128401331476
"16278","(Big) Broadhurst Reef (No 1) (18-100a)",1,0.038135593220339,0.0621183712733741,0.472185069475417,0.297916597267281,0.178984785158561
"16279","(Big) Broadhurst Reef (No 1) (18-100a)",1,0.0314685314685315,0.0552397616384648,0.454430429021516,0.295857395870244,0.163782327573733
"16280","(Big) Broadhurst Reef (No 1) (18-100a)",1,0.0327868852459016,0.0464216855485804,0.421839035700664,0.265130365771723,0.139027675984766
"16281","(Big) Broadhurst Reef (No 1) (18-100a)",1,0.0632911392405063,0.0494671219277796,0.418634447404547,0.269132512127092,0.141750820348181
"16282","(Big) Broadhurst Reef (No 1) (18-100a)",1,0.016025641025641,0.0466792905250179,0.394313938545994,0.240519873972954,0.139810037325898
"16283","(Big) Broadhurst Reef (No 1) (18-100a)",1,0.0655737704918033,0.0596398306008948,0.489375775353168,0.302012151916756,0.183596198510017
"16284","(Big) Broadhurst Reef (No 1) (18-100a)",1,0.0172413793103448,0.0509265320208591,0.433663110839865,0.267057233223345,0.13954198151049
"16285","(Big) Broadhurst Reef (No 1) (18-100a)",1,0.0365853658536585,0.0641755426103063,0.476435999073125,0.315037323189802,0.177378848996761
"16286","(Big) Broadhurst Reef (No 1) (18-100a)",1,0.00423728813559322,0.0558475354145084,0.453005243841829,0.291277837696899,0.179355446188339
"16287","(Big) Broadhurst Reef (No 1) (18-100a)",1,0.0113207547169811,0.061745662399832,0.459719583775537,0.310351356452741,0.168581095694021
"16288","(Big) Broadhurst Reef (No 1) (18-100a)",1,0.0247252747252747,0.0577115728330645,0.427644983898883,0.282903181997055,0.158944741625773
"16289","(Big) Broadhurst Reef (No 1) (18-100a)",1,0.0384615384615385,0.0531455173171496,0.427687674771021,0.277525982246093,0.156088380793583
"16290","(Big) Broadhurst Reef (No 1) (18-100a)",1,0.0422077922077922,0.0526711828401533,0.432008908454611,0.283017482301495,0.152599928075943
"16291","(Big) Broadhurst Reef (No 1) (18-100a)",1,0.0122950819672131,0.0487458216880617,0.430249097238317,0.275855192436496,0.143805464419477
"16292","(Big) Broadhurst Reef (No 1) (18-100a)",1,0.0256410256410256,0.0543158410977946,0.406372247715898,0.286501516152114,0.165985529808209
"21184","(Big) Broadhurst Reef (No 1) (18-100a)",1,0.0172413793103448,0.0552019391814695,0.380825245022873,0.279892430463272,0.172690562251953
"21344","(Big) Broadhurst Reef (No 1) (18-100a)",1,0,0.0388282765824609,0.429607775052076,0.242459257653068,0.110627184253177
"21345","(Big) Broadhurst Reef (No 1) (18-100a)",1,0,0.0388282765824609,0.424909725189554,0.23916414327127,0.105054864029288
"21346","(Big) Broadhurst Reef (No 1) (18-100a)",1,0,0.0388282765824609,0.431511835228364,0.245713911733931,0.113799666346069
"21347","(Big) Broadhurst Reef (No 1) (18-100a)",1,0,0.0388282765824609,0.449674359855353,0.263495837657254,0.121264396665987
"21348","(Big) Broadhurst Reef (No 1) (18-100a)",1,0,0.0388282765824609,0.45416118561881,0.258196209704608,0.116365079956659
"21349","(Big) Broadhurst Reef (No 1) (18-100a)",1,0.0227272727272727,0.0388282765824609,0.442743781697545,0.262581461055432,0.12035085827514
"21350","(Big) Broadhurst Reef (No 1) (18-100a)",1,0,0.0388282765824609,0.43881323173059,0.253225104231114,0.121274341339808
"21371","(Big) Broadhurst Reef (No 1) (18-100a)",1,0,0.0601694215647347,0.378989027391798,0.270148134805875,0.166934953141901
"21372","(Big) Broadhurst Reef (No 1) (18-100a)",1,0,0.0601694215647347,0.383412406572682,0.271367866895108,0.166682728142569
"21373","(Big) Broadhurst Reef (No 1) (18-100a)",1,0.0392156862745098,0.0601694215647347,0.378958067726959,0.264436001236906,0.163835851743242
"26356","(Big) Broadhurst Reef (No 1) (18-100a)",1,0,0.0716875179980667,0.492254981589264,0.337969113360442,0.213700256107447
"26357","(Big) Broadhurst Reef (No 1) (18-100a)",1,0.0583333333333333,0.0685232304983027,0.470480681174272,0.331902401583899,0.189914877611383
"26358","(Big) Broadhurst Reef (No 1) (18-100a)",1,0.0647058823529412,0.0685232304983027,0.507066674416577,0.33227593654576,0.196053531170341
"26359","(Big) Broadhurst Reef (No 1) (18-100a)",1,0.01875,0.0716875179980667,0.498115323138311,0.354173765413407,0.204902104040888
"26360","(Big) Broadhurst Reef (No 1) (18-100a)",1,0.04375,0.0685232304983027,0.4849489877988,0.348879172454095,0.1958399790961
"26501","(Big) Broadhurst Reef (No 1) (18-100a)",1,0.0111111111111111,0.0681375632870361,0.493254813937766,0.316239589010064,0.206253197927155
"27944","(Big) Broadhurst Reef (No 1) (18-100a)",1,0.00510204081632653,0.0352781887511793,0.368906546071653,0.20777729229437,0.101081656546132
"27945","(Big) Broadhurst Reef (No 1) (18-100a)",1,0.0106382978723404,0.0352781887511793,0.348105273206919,0.207819018510707,0.0984365565315614
"27946","(Big) Broadhurst Reef (No 1) (18-100a)",1,0.00454545454545455,0.0352781887511793,0.333975970499412,0.203277887442723,0.0983149155819055
"27947","(Big) Broadhurst Reef (No 1) (18-100a)",1,0,0.0352781887511793,0.354789208437609,0.199735027925956,0.10009587036815
"27948","(Big) Broadhurst Reef (No 1) (18-100a)",1,0.05,0.0314796244369307,0.328113013461078,0.180777117868464,0.0903180647185293
"27949","(Big) Broadhurst Reef (No 1) (18-100a)",1,0.0708333333333333,0.0326045034092179,0.339329016226421,0.193847598156253,0.094505969677112
"27950","(Big) Broadhurst Reef (No 1) (18-100a)",1,0.0958333333333333,0.0314796244369307,0.333714334717111,0.180266031927588,0.0817883558578821
"27951","(Big) Broadhurst Reef (No 1) (18-100a)",1,0.0458333333333333,0.0326045034092179,0.339095868158219,0.191022674643705,0.0876692590974701
"27952","(Big) Broadhurst Reef (No 1) (18-100a)",1,0.01,0.0410903633311298,0.392529610860442,0.250882212274904,0.120945632445964
"27953","(Big) Broadhurst Reef (No 1) (18-100a)",1,0.0125,0.0385281897906703,0.367464258786083,0.224762031946265,0.103873795110034
"27954","(Big) Broadhurst Reef (No 1) (18-100a)",1,0.0185185185185185,0.0410903633311298,0.382302906769557,0.222173236305281,0.121306006273291
"27955","(Big) Broadhurst Reef (No 1) (18-100a)",1,0,0.0385281897906703,0.365911652400581,0.213244145530046,0.110979399472356
"28153","(Big) Broadhurst Reef (No 1) (18-100a)",1,0.0166666666666667,0.0311500070202838,0.330627790327709,0.175548562027936,0.0857110746498956
"28154","(Big) Broadhurst Reef (No 1) (18-100a)",1,0.0454545454545455,0.0322631075896353,0.32262877399563,0.187331995518307,0.0912014931867561
"28155","(Big) Broadhurst Reef (No 1) (18-100a)",1,0,0.0318752540869915,0.344202548472591,0.199794439177791,0.0972666120379304
"28156","(Big) Broadhurst Reef (No 1) (18-100a)",1,0.05,0.0311500070202838,0.323978923511712,0.184263160822009,0.0885146634727857
"28157","(Big) Broadhurst Reef (No 1) (18-100a)",1,0.0416666666666667,0.0322631075896352,0.337042103946888,0.184401331277023,0.0879934689355433
"28158","(Big) Broadhurst Reef (No 1) (18-100a)",1,0.0333333333333333,0.0318752540869915,0.341795981222042,0.186186180779611,0.0871471464341263
"28159","(Big) Broadhurst Reef (No 1) (18-100a)",1,0.00416666666666667,0.0449223199041488,0.402041224315307,0.256286145378606,0.13059798896549
"28160","(Big) Broadhurst Reef (No 1) (18-100a)",1,0.00480769230769231,0.0505114195964748,0.398869282059387,0.259846051618669,0.156661863042643
"28161","(Big) Broadhurst Reef (No 1) (18-100a)",1,0,0.0317120981398141,0.31929766639641,0.188048659169597,0.0840467847311041
"28162","(Big) Broadhurst Reef (No 1) (18-100a)",1,0.0129310344827586,0.0309158606809805,0.324099139297567,0.177650375383491,0.0897085487745165
"28163","(Big) Broadhurst Reef (No 1) (18-100a)",1,0.00833333333333333,0.0449223199041488,0.395840729914487,0.241988181057762,0.128320481763219
"28164","(Big) Broadhurst Reef (No 1) (18-100a)",1,0.00555555555555556,0.0505114195964748,0.433328647164129,0.261161340775032,0.151585885312914
"28165","(Big) Broadhurst Reef (No 1) (18-100a)",1,0,0.0317120981398141,0.333082591375291,0.189668124679279,0.0903295623302246
"28166","(Big) Broadhurst Reef (No 1) (18-100a)",1,0,0.0309158606809805,0.332183763918317,0.17275592703547,0.0872699889689132
"28319","(Big) Broadhurst Reef (No 1) (18-100a)",1,0.075,0.0317255297124036,0.325974196522183,0.187772911574825,0.088959159876062
"28320","(Big) Broadhurst Reef (No 1) (18-100a)",1,0,0.0318338245546516,0.346012727853125,0.196580863984295,0.0965835018033893
"28321","(Big) Broadhurst Reef (No 1) (18-100a)",1,0.00833333333333333,0.0321558157690358,0.337567296340532,0.182114758969744,0.0917837053464453
"28322","(Big) Broadhurst Reef (No 1) (18-100a)",1,0.01,0.0330931454021717,0.363286693813458,0.202176520930315,0.096407597596745
"28323","(Big) Broadhurst Reef (No 1) (18-100a)",1,0.0166666666666667,0.0317255297124036,0.323899533835635,0.179300149530067,0.0907609514328661
"28324","(Big) Broadhurst Reef (No 1) (18-100a)",1,0,0.0318338245546516,0.355421710833092,0.205463047529603,0.0888125979445144
"28325","(Big) Broadhurst Reef (No 1) (18-100a)",1,0.00595238095238095,0.0321558157690358,0.303830073401061,0.192344962739802,0.0837060638515942
"28326","(Big) Broadhurst Reef (No 1) (18-100a)",1,0.0121212121212121,0.0330931454021717,0.310208542407963,0.206448325247886,0.0910801683654208
"28327","(Big) Broadhurst Reef (No 1) (18-100a)",1,0,0.0430935442245137,0.386976083736971,0.22651936122152,0.126588665522915
"28328","(Big) Broadhurst Reef (No 1) (18-100a)",1,0.00806451612903226,0.0430935442245137,0.396312714924564,0.257525624221734,0.140010850176973
"29074","(Big) Broadhurst Reef (No 1) (18-100a)",1,0.025,0.0308868042777468,0.318867731759918,0.179576943051182,0.0795321942381005
"29075","(Big) Broadhurst Reef (No 1) (18-100a)",1,0.0350877192982456,0.0361202860091497,0.349903219083217,0.201631789562246,0.102244120102048
"29076","(Big) Broadhurst Reef (No 1) (18-100a)",1,0,0.0313811152853018,0.324635266486663,0.18311267505373,0.0844477055326927
"29077","(Big) Broadhurst Reef (No 1) (18-100a)",1,0.0583333333333333,0.0308868042777468,0.313291536595787,0.182413172800091,0.0825182321097985
"29078","(Big) Broadhurst Reef (No 1) (18-100a)",1,0.00454545454545455,0.048751671490444,0.413240546531182,0.266619520888306,0.14105942548732
"29079","(Big) Broadhurst Reef (No 1) (18-100a)",1,0,0.0325685308340147,0.33175357185707,0.191102292251978,0.0866806289160354
"29163","(Big) Broadhurst Reef (No 1) (18-100a)",1,0,0.0438495004600384,0.36928576880939,0.237403916801574,0.124996445570974
"29164","(Big) Broadhurst Reef (No 1) (18-100a)",1,0.0235294117647059,0.0540451028307638,0.421743903869527,0.271797359596481,0.156630097733346
"29165","(Big) Broadhurst Reef (No 1) (18-100a)",1,0.0133333333333333,0.0577422360943578,0.456347325266909,0.327411552883836,0.172340773953831
"29166","(Big) Broadhurst Reef (No 1) (18-100a)",1,0.0163265306122449,0.058205153285965,0.467134500345976,0.299429554863646,0.16577813352201
"29169","(Big) Broadhurst Reef (No 1) (18-100a)",1,0.0212765957446809,0.0397566122858797,0.383042867064723,0.216071865004069,0.119054708776971
"29170","(Big) Broadhurst Reef (No 1) (18-100a)",1,0.0114503816793893,0.0446909716007056,0.382709316483701,0.254440719109273,0.136126253982007
"29171","(Big) Broadhurst Reef (No 1) (18-100a)",1,0.025,0.0651290838397203,0.49799292114898,0.318067975194526,0.177402110112907
"29172","(Big) Broadhurst Reef (No 1) (18-100a)",1,0.0464285714285714,0.0530691535654897,0.439771816249808,0.282885208092532,0.155257937813473
"29366","(Big) Broadhurst Reef (No 1) (18-100a)",1,0,0.0519716193235927,0.402259484017584,0.28691073385279,0.148736620592214
"29370","(Big) Broadhurst Reef (No 1) (18-100a)",1,0,0.0519716193235928,0.397383288407967,0.265256726151075,0.151495943168466
"30460","(Big) Broadhurst Reef (No 1) (18-100a)",1,0.0214285714285714,0.0574686449367343,0.439479435338714,0.284665718279236,0.168938058100886
"30461","(Big) Broadhurst Reef (No 1) (18-100a)",1,0.00909090909090909,0.0470684002820827,0.396410228218979,0.262969304287988,0.142768685644543
"30462","(Big) Broadhurst Reef (No 1) (18-100a)",1,0.0188679245283019,0.0567954953881938,0.432490052645721,0.311397793282097,0.157050579650768
"30463","(Big) Broadhurst Reef (No 1) (18-100a)",1,0.0520325203252033,0.0621457828057679,0.464398775948222,0.319278899122345,0.170814960166006
"30464","(Big) Broadhurst Reef (No 1) (18-100a)",1,0.0646950092421442,0.063722238791965,0.467754712092122,0.317840004650485,0.185158812560012
"30465","(Big) Broadhurst Reef (No 1) (18-100a)",1,0.0167910447761194,0.0475995296757777,0.407839051315712,0.260970132394059,0.137106717780667
"6195","(Big) Broadhurst Reef (No 1) (18-100a)",1,0.0238095238095238,0.0596027150261503,0.4553198007548,0.303762708050812,0.165792899246548
"6196","(Big) Broadhurst Reef (No 1) (18-100a)",1,0,0.0548348384006188,0.406161231028453,0.409885525069842,0.212570070022058
"6197","(Big) Broadhurst Reef (No 1) (18-100a)",1,0.145454545454545,0.0596027150261503,0.453522304561991,0.315522851703286,0.170065845275257
"6198","(Big) Broadhurst Reef (No 1) (18-100a)",1,0.121428571428571,0.0596027150261502,0.483039299433084,0.304148936804474,0.171381386056777
"6199","(Big) Broadhurst Reef (No 1) (18-100a)",1,0.1,0.0548348384006188,0.400433359503334,0.286899381010939,0.172711925098852
"6200","(Big) Broadhurst Reef (No 1) (18-100a)",1,0.0511363636363636,0.0596027150261502,0.473754350987086,0.303208551233257,0.170649180484662
"6201","(Big) Broadhurst Reef (No 1) (18-100a)",1,0,0.0596027150261503,0.408760575872388,0.419887265161666,0.229047169808489
"6202","(Big) Broadhurst Reef (No 1) (18-100a)",1,0.365,0.0596027150261502,0.480046187116085,0.324957778998847,0.178346725202759
"6203","(Big) Broadhurst Reef (No 1) (18-100a)",1,0.154929577464789,0.0596027150261503,0.476401970625373,0.309353502263194,0.168996287780848
"6204","(Big) Broadhurst Reef (No 1) (18-100a)",1,0.0833333333333333,0.0548348384006188,0.484839867848409,0.284193525669899,0.184112621049087
"6205","(Big) Broadhurst Reef (No 1) (18-100a)",1,0.161764705882353,0.0589369198153089,0.449893687630897,0.297266187740877,0.166156307051681
"6206","(Big) Broadhurst Reef (No 1) (18-100a)",1,0.133333333333333,0.0542223030022167,0.427864976398296,0.303938918520211,0.163976347916574
"6207","(Big) Broadhurst Reef (No 1) (18-100a)",1,0.1,0.0534380753846818,0.448743202926143,0.272143681664023,0.148660877622525
"6208","(Big) Broadhurst Reef (No 1) (18-100a)",1,0.025,0.0542223030022167,0.438560105217495,0.287751039634975,0.165989270350227
"6209","(Big) Broadhurst Reef (No 1) (18-100a)",1,0,0.0534380753846818,0.445334729421836,0.264212099624261,0.148252388554669
"6210","(Big) Broadhurst Reef (No 1) (18-100a)",1,0.0192307692307692,0.0569028510268581,0.439186977052651,0.28898560461745,0.167072530602922
"6211","(Big) Broadhurst Reef (No 1) (18-100a)",1,0,0.0534380753846818,0.43278534526999,0.258403526929861,0.147779339443604
"6212","(Big) Broadhurst Reef (No 1) (18-100a)",1,0.00471698113207547,0.0569028510268582,0.437915793325162,0.297908018360208,0.172439875005571
"6213","(Big) Broadhurst Reef (No 1) (18-100a)",1,0.065,0.0589369198153089,0.496717897038483,0.318826852083254,0.176939954564379
"6214","(Big) Broadhurst Reef (No 1) (18-100a)",1,0.0357142857142857,0.0542223030022167,0.406956302680391,0.282483753916582,0.165355116434871
"6215","(Big) Broadhurst Reef (No 1) (18-100a)",1,0.0138888888888889,0.0534380753846818,0.417138118586061,0.317245028811213,0.166944734914575
"6216","(Big) Broadhurst Reef (No 1) (18-100a)",1,0.00806451612903226,0.0542223030022168,0.425338660830689,0.310363610611054,0.165619055728211
"6217","(Big) Broadhurst Reef (No 1) (18-100a)",1,0.0106382978723404,0.0559471157964173,0.461361299260495,0.297127460484558,0.141389205960166
"6218","(Big) Broadhurst Reef (No 1) (18-100a)",1,0.0174418604651163,0.0559471157964173,0.436250974341954,0.296481527685775,0.164134970633583
"6219","(Big) Broadhurst Reef (No 1) (18-100a)",1,0.0691489361702128,0.0559471157964173,0.45667880375926,0.285741406345273,0.158271269068602
"6220","(Big) Broadhurst Reef (No 1) (18-100a)",1,0.0178571428571429,0.0559471157964173,0.423726524400885,0.299242600501242,0.154355354576711
"6221","(Big) Broadhurst Reef (No 1) (18-100a)",1,0.16,0.0555722899781253,0.492233653968828,0.30512620636052,0.160917871273252
"6222","(Big) Broadhurst Reef (No 1) (18-100a)",1,0.0803571428571429,0.052954421287234,0.416408100337565,0.275964104143115,0.17226646618211
"6223","(Big) Broadhurst Reef (No 1) (18-100a)",1,0.0326086956521739,0.0521885312872772,0.475857219533516,0.282801966064342,0.159336584679121
"6224","(Big) Broadhurst Reef (No 1) (18-100a)",1,0.0288461538461538,0.0521885312872771,0.407760380356973,0.267547259281414,0.154864192794132
"6225","(Big) Broadhurst Reef (No 1) (18-100a)",1,0.141509433962264,0.0555722899781253,0.418287267823254,0.286411845992701,0.161257133611993
"6226","(Big) Broadhurst Reef (No 1) (18-100a)",1,0.09,0.0529544212872341,0.49611992142114,0.30786139314654,0.157373130749158
"6227","(Big) Broadhurst Reef (No 1) (18-100a)",1,0.0625,0.0521885312872771,0.399890736279822,0.271831734466766,0.16714077274898
"6228","(Big) Broadhurst Reef (No 1) (18-100a)",1,0.0566037735849057,0.0521885312872771,0.41133709920625,0.278506670304075,0.168084948901962
"6345","(Big) Broadhurst Reef (No 1) (18-100a)",1,0.025,0.0548292174499987,0.466605832114198,0.307784665602533,0.171204815926155
"6346","(Big) Broadhurst Reef (No 1) (18-100a)",1,0.116279069767442,0.044944000861236,0.386461173480383,0.27668053812603,0.129742860019909
"6347","(Big) Broadhurst Reef (No 1) (18-100a)",1,0.153846153846154,0.044944000861236,0.384556425352076,0.241650437007384,0.134528343138413
"6348","(Big) Broadhurst Reef (No 1) (18-100a)",1,0.03,0.0548292174499987,0.480619848534622,0.307872085767302,0.165857001954068
"6349","(Big) Broadhurst Reef (No 1) (18-100a)",1,0.0714285714285714,0.044944000861236,0.381778122577331,0.252668320491406,0.129111638715452
"6350","(Big) Broadhurst Reef (No 1) (18-100a)",1,0.1,0.044944000861236,0.418092431240408,0.260522060161256,0.138059467446863
"6351","(Big) Broadhurst Reef (No 1) (18-100a)",1,0.245,0.0547009634948837,0.453598018557161,0.306906951762824,0.16248896681662
"6352","(Big) Broadhurst Reef (No 1) (18-100a)",1,0.085,0.0468744634486401,0.438774058639797,0.27766748941331,0.146872225854598
"6353","(Big) Broadhurst Reef (No 1) (18-100a)",1,0.170454545454545,0.0468744634486401,0.404712253120993,0.232744378400404,0.133426423351769
"6354","(Big) Broadhurst Reef (No 1) (18-100a)",1,0.0961538461538462,0.0547009634948837,0.410172927883996,0.28044501098238,0.155406778181962
"6355","(Big) Broadhurst Reef (No 1) (18-100a)",1,0.108695652173913,0.0547009634948837,0.453043896463164,0.282345544921591,0.161707790511137
"6356","(Big) Broadhurst Reef (No 1) (18-100a)",1,0.0585106382978723,0.0468744634486401,0.409800639830242,0.255350852902295,0.133035275291886
"6357","(Big) Broadhurst Reef (No 1) (18-100a)",1,0.0769230769230769,0.0466695885115255,0.394279007132682,0.251432357850505,0.137276341659859
"6358","(Big) Broadhurst Reef (No 1) (18-100a)",1,0.0597826086956522,0.0466695885115256,0.419202008886188,0.243424396000464,0.139487216462551
"6359","(Big) Broadhurst Reef (No 1) (18-100a)",1,0.05,0.0446428920076281,0.394078147617741,0.242907106268544,0.133034900646757
"6360","(Big) Broadhurst Reef (No 1) (18-100a)",1,0.138888888888889,0.0446428920076281,0.403810512180197,0.234331081372648,0.131123119332241
"6361","(Big) Broadhurst Reef (No 1) (18-100a)",1,0.0235849056603774,0.0466695885115255,0.380817007347548,0.25514183999829,0.139987100498039
"6362","(Big) Broadhurst Reef (No 1) (18-100a)",1,0.0511363636363636,0.0466695885115255,0.398918040170504,0.244022143809609,0.139227068011078
"6363","(Big) Broadhurst Reef (No 1) (18-100a)",1,0.0364583333333333,0.0446428920076281,0.419248449597117,0.240089336018474,0.124563399583047
"6364","(Big) Broadhurst Reef (No 1) (18-100a)",1,0.0406976744186047,0.0446428920076281,0.393383176960915,0.244185460520088,0.132481048279095
"6365","(Big) Broadhurst Reef (No 1) (18-100a)",1,0.0343137254901961,0.0468744634486401,0.386409800019789,0.260006729040128,0.135464569339947
"6366","(Big) Broadhurst Reef (No 1) (18-100a)",1,0.11046511627907,0.0547009634948837,0.430110678244154,0.302062073348811,0.154183589623412
"6472","(Big) Broadhurst Reef (No 1) (18-100a)",1,0.0930232558139535,0.0534372153910412,0.432420239280512,0.309956851064162,0.159297464805416
"6473","(Big) Broadhurst Reef (No 1) (18-100a)",1,0.22,0.0534372153910412,0.485479341239929,0.314373372679429,0.173601869565183
"6474","(Big) Broadhurst Reef (No 1) (18-100a)",1,0.0294117647058824,0.0534372153910412,0.455325936559009,0.289828040060498,0.170535780960864
"6475","(Big) Broadhurst Reef (No 1) (18-100a)",1,0,0.049162543505966,0.332317628322364,0.230014910407251,0.134639067418761
"6476","(Big) Broadhurst Reef (No 1) (18-100a)",1,0.103260869565217,0.049162543505966,0.428750762271608,0.26419429511633,0.143891406960464
"6477","(Big) Broadhurst Reef (No 1) (18-100a)",1,0.2,0.049162543505966,0.475449947806355,0.285330128026668,0.140573068312212
"6478","(Big) Broadhurst Reef (No 1) (18-100a)",1,0,0.0534372153910412,0.446079140279103,0.269957080512794,0.158757761545983
"6479","(Big) Broadhurst Reef (No 1) (18-100a)",1,0.0294117647058824,0.049162543505966,0.396795214053349,0.292589390055391,0.145303902310861
"6480","(Big) Broadhurst Reef (No 1) (18-100a)",1,0.0531914893617021,0.049162543505966,0.425759404809271,0.260853586167768,0.134764832794569
"6481","(Big) Broadhurst Reef (No 1) (18-100a)",1,0.0833333333333333,0.049162543505966,0.518614488124032,0.31301218479573,0.173599703606821
"6482","(Big) Broadhurst Reef (No 1) (18-100a)",1,0.0526315789473684,0.0534372153910412,0.410488137352764,0.261145205172404,0.147868697033773
"6483","(Big) Broadhurst Reef (No 1) (18-100a)",1,0.12,0.0534372153910412,0.460958602864629,0.30224467357339,0.165469800881439
"6484","(Big) Broadhurst Reef (No 1) (18-100a)",1,0.05,0.0533614861551392,0.454972995795147,0.264446189714366,0.169201518677243
"6485","(Big) Broadhurst Reef (No 1) (18-100a)",1,0.0434782608695652,0.0490928721762109,0.450691850295411,0.274903277235053,0.143512587871401
"6486","(Big) Broadhurst Reef (No 1) (18-100a)",1,0.0106382978723404,0.0356545759447918,0.366656977692625,0.213340942598559,0.0977729809221681
"6487","(Big) Broadhurst Reef (No 1) (18-100a)",1,0,0.0368357742217651,0.357605787679804,0.202870817225015,0.10143972779535
"6488","(Big) Broadhurst Reef (No 1) (18-100a)",1,0,0.0368357742217651,0.378547172646053,0.196400507075465,0.124424962474
"6489","(Big) Broadhurst Reef (No 1) (18-100a)",1,0,0.0356545759447917,0.359965110944734,0.201308875187985,0.101364526070375
"6490","(Big) Broadhurst Reef (No 1) (18-100a)",1,0.1,0.0533614861551392,0.4483311707762,0.271614106199902,0.153236637521731
"6491","(Big) Broadhurst Reef (No 1) (18-100a)",1,0.0961538461538462,0.0490928721762109,0.377373814027249,0.258954328295793,0.14487351090829
"6492","(Big) Broadhurst Reef (No 1) (18-100a)",1,0.0769230769230769,0.0356545759447918,0.329874854921456,0.198550149628619,0.106849464626382
"6493","(Big) Broadhurst Reef (No 1) (18-100a)",1,0.0576923076923077,0.0368357742217651,0.355429218164497,0.200349346695928,0.107842340499539
"6494","(Big) Broadhurst Reef (No 1) (18-100a)",1,0.0833333333333333,0.0368357742217651,0.335153389308859,0.324660357549156,0.153165878482815
"6495","(Big) Broadhurst Reef (No 1) (18-100a)",1,0.174242424242424,0.0356545759447918,0.364782798439419,0.201665619643557,0.0940262004330873
"6496","(Big) Broadhurst Reef (No 1) (18-100a)",1,0.078125,0.0367850013263301,0.376612294872605,0.21679121090372,0.104524386991299
"6497","(Big) Broadhurst Reef (No 1) (18-100a)",1,0,0.0367850013263301,0.425061298814801,0.237078536760064,0.109877721852415
"6498","(Big) Broadhurst Reef (No 1) (18-100a)",1,0,0.0366349248360698,0.401261125613027,0.22878306334464,0.114380443108963
"6499","(Big) Broadhurst Reef (No 1) (18-100a)",1,0.0625,0.0456636080514804,0.416632455391514,0.255218978476904,0.128713295778782
"6500","(Big) Broadhurst Reef (No 1) (18-100a)",1,0.0581395348837209,0.0456636080514804,0.394604406400276,0.251333996105786,0.141034285746773
"6501","(Big) Broadhurst Reef (No 1) (18-100a)",1,0.08,0.0367850013263301,0.381514218612716,0.220006216553419,0.109518494190698
"6502","(Big) Broadhurst Reef (No 1) (18-100a)",1,0.16,0.0367850013263301,0.410871757806677,0.230838487783115,0.114859629861289
"6503","(Big) Broadhurst Reef (No 1) (18-100a)",1,0.117647058823529,0.0366349248360698,0.373149297958099,0.202308002565997,0.116010144227519
"6504","(Big) Broadhurst Reef (No 1) (18-100a)",1,0.114130434782609,0.0456636080514804,0.402663369455409,0.247882770412076,0.136190738075633
"6505","(Big) Broadhurst Reef (No 1) (18-100a)",1,0.0568181818181818,0.0456636080514804,0.396260919094524,0.232012755990828,0.126738593799709
"6597","(Big) Broadhurst Reef (No 1) (18-100a)",1,0.0196078431372549,0.0505748853489186,0.388018261574444,0.261922592411906,0.148477372271442
"6598","(Big) Broadhurst Reef (No 1) (18-100a)",1,0.0392156862745098,0.0505748853489186,0.406325296731782,0.244575089463528,0.13726254712062
"6599","(Big) Broadhurst Reef (No 1) (18-100a)",1,0.0284090909090909,0.0448449140823204,0.394775945830991,0.239182202061714,0.130202259828657
"6600","(Big) Broadhurst Reef (No 1) (18-100a)",1,0.0222222222222222,0.0448449140823204,0.398942585633654,0.230556917194266,0.13032793150497
"6601","(Big) Broadhurst Reef (No 1) (18-100a)",1,0.0954545454545455,0.0505264114638435,0.418607134519918,0.28655236523059,0.155370691080719
"6602","(Big) Broadhurst Reef (No 1) (18-100a)",1,0.0432692307692308,0.0448449140823204,0.373614809674609,0.232384535511227,0.127142539345643
"6603","(Big) Broadhurst Reef (No 1) (18-100a)",1,0.0511363636363636,0.0448449140823204,0.392561380756861,0.236855484542052,0.12127776154165
"6604","(Big) Broadhurst Reef (No 1) (18-100a)",1,0.053921568627451,0.0448449140823204,0.367447857853848,0.24692488706435,0.132513338672476
"6605","(Big) Broadhurst Reef (No 1) (18-100a)",1,0.0954545454545455,0.0505264114638435,0.417858241279494,0.27230287095566,0.14809226533504
"6606","(Big) Broadhurst Reef (No 1) (18-100a)",1,0.0588235294117647,0.0448449140823204,0.377544297204208,0.24618446758224,0.130187509956182
"6607","(Big) Broadhurst Reef (No 1) (18-100a)",1,0.0330188679245283,0.0522350513426451,0.425224770522045,0.267558043969135,0.156680615783036
"6608","(Big) Broadhurst Reef (No 1) (18-100a)",1,0.0943396226415094,0.0522350513426451,0.414269945916584,0.265513038543961,0.15320903138027
"6609","(Big) Broadhurst Reef (No 1) (18-100a)",1,0.025,0.0522350513426451,0.46037096504188,0.290898739635516,0.153985137675825
"6610","(Big) Broadhurst Reef (No 1) (18-100a)",1,0.08,0.0522350513426451,0.467119043078774,0.281744069846779,0.150281064428785
"6611","(Big) Broadhurst Reef (No 1) (18-100a)",1,0.0613207547169811,0.0522350513426451,0.40952766531579,0.287369332740464,0.153309613345833
"6612","(Big) Broadhurst Reef (No 1) (18-100a)",1,0.05,0.0522350513426451,0.453354060788095,0.28421596848118,0.162062132706188
"6736","(Big) Broadhurst Reef (No 1) (18-100a)",1,0.00490196078431373,0.0587876954711221,0.436523275480914,0.278923385878281,0.170058855293268
"6737","(Big) Broadhurst Reef (No 1) (18-100a)",1,0.0304878048780488,0.0441279084668419,0.387131193875224,0.242833376076063,0.132416478424007
"6738","(Big) Broadhurst Reef (No 1) (18-100a)",1,0.065,0.0441279084668419,0.427893759966227,0.255076668699038,0.135797080193258
"6739","(Big) Broadhurst Reef (No 1) (18-100a)",1,0.01,0.0587876954711221,0.497150096715212,0.308207204447075,0.169607490765749
"6740","(Big) Broadhurst Reef (No 1) (18-100a)",1,0.08,0.0441279084668419,0.41740903358817,0.259983123657717,0.123211347656954
"6741","(Big) Broadhurst Reef (No 1) (18-100a)",1,0.07,0.0441279084668419,0.417645789456479,0.256326628734441,0.143217389820975
"6742","(Big) Broadhurst Reef (No 1) (18-100a)",1,0.0235849056603774,0.0355235560840819,0.333560408256008,0.205077687410608,0.11360204309533
"6743","(Big) Broadhurst Reef (No 1) (18-100a)",1,0.04375,0.0355235560840819,0.3171301315025,0.195534809757767,0.103352404352149
"6744","(Big) Broadhurst Reef (No 1) (18-100a)",1,0.00490196078431373,0.0355235560840819,0.326602242114853,0.196425504026355,0.0945299046310836
"6745","(Big) Broadhurst Reef (No 1) (18-100a)",1,0.015,0.0355235560840819,0.379241421482054,0.218313367919177,0.10868289992955
"6746","(Big) Broadhurst Reef (No 1) (18-100a)",1,0,0.0606550473341282,0.487189843722677,0.315249887544816,0.169618350136093
"6747","(Big) Broadhurst Reef (No 1) (18-100a)",1,0,0.0606550473341282,0.496049174598331,0.318858307022299,0.16996314996693
"6748","(Big) Broadhurst Reef (No 1) (18-100a)",1,0.00595238095238095,0.0606550473341282,0.445987561829338,0.308174047752235,0.177067639893852
"6749","(Big) Broadhurst Reef (No 1) (18-100a)",1,0,0.0606550473341282,0.504691009948814,0.306521491897864,0.183015992804586
"6784","(Big) Broadhurst Reef (No 1) (18-100a)",1,0.0277777777777778,0.0342283396050464,0.364479933427503,0.202079693672423,0.0984516328185668
"6785","(Big) Broadhurst Reef (No 1) (18-100a)",1,0,0.0342283396050464,0.338833263928054,0.180702284865861,0.100318683120198
"6786","(Big) Broadhurst Reef (No 1) (18-100a)",1,0.309090909090909,0.0584446331242077,0.446034783894077,0.30681951322951,0.169179338510195
"6787","(Big) Broadhurst Reef (No 1) (18-100a)",1,0.0444444444444444,0.0603424040580732,0.473501477655378,0.302039172770544,0.180855787818364
"6788","(Big) Broadhurst Reef (No 1) (18-100a)",1,0.0697674418604651,0.043870394990225,0.373163334276268,0.265047447805709,0.129061269956925
"6789","(Big) Broadhurst Reef (No 1) (18-100a)",1,0.0245098039215686,0.043870394990225,0.364904140449095,0.230620779635459,0.123725955124274
"6790","(Big) Broadhurst Reef (No 1) (18-100a)",1,0.0860215053763441,0.0584446331242077,0.467432122252372,0.291427599393151,0.172605096182752
"6791","(Big) Broadhurst Reef (No 1) (18-100a)",1,0,0.0603424040580732,0.434528419550521,0.313237298550409,0.178340486984829
"6792","(Big) Broadhurst Reef (No 1) (18-100a)",1,0.0388888888888889,0.043870394990225,0.378470928505142,0.237741015000864,0.117029357979469
"6793","(Big) Broadhurst Reef (No 1) (18-100a)",1,0.025,0.043870394990225,0.417909399887272,0.251528509797175,0.138887909382526
"6794","(Big) Broadhurst Reef (No 1) (18-100a)",1,0.0490196078431373,0.0351747982603467,0.315745969196589,0.203533753472445,0.0941661205141971
"6795","(Big) Broadhurst Reef (No 1) (18-100a)",1,0.0984848484848485,0.0351747982603467,0.35204611666784,0.196401280430113,0.10751553198099
"6796","(Big) Broadhurst Reef (No 1) (18-100a)",1,0.075,0.0344330481016076,0.351690584400342,0.197614125887075,0.108400644391724
"6797","(Big) Broadhurst Reef (No 1) (18-100a)",1,0.0441176470588235,0.0470712493467424,0.389252125956672,0.251222964494603,0.142200088761513
"6798","(Big) Broadhurst Reef (No 1) (18-100a)",1,0.0613207547169811,0.0470712493467424,0.382245002374064,0.265295877429533,0.140909483858834
"6799","(Big) Broadhurst Reef (No 1) (18-100a)",1,0.00471698113207547,0.0351747982603467,0.317238670791528,0.202120125532368,0.104923591699992
"6800","(Big) Broadhurst Reef (No 1) (18-100a)",1,0.143939393939394,0.0351747982603467,0.358156218799584,0.192742576112093,0.106758353608504
"6801","(Big) Broadhurst Reef (No 1) (18-100a)",1,0.05,0.0344330481016076,0.354710403043995,0.192677479391845,0.0969042439362757
"6802","(Big) Broadhurst Reef (No 1) (18-100a)",1,0.07,0.0470712493467424,0.435850534791332,0.263820573589128,0.148830086864649
"6803","(Big) Broadhurst Reef (No 1) (18-100a)",1,0.03,0.0470712493467424,0.431381415894886,0.278620246774655,0.138766065043624
"6804","(Big) Broadhurst Reef (No 1) (18-100a)",1,0.0185185185185185,0.0493685027081226,0.403850012079211,0.270029549173144,0.13735568884801
"6805","(Big) Broadhurst Reef (No 1) (18-100a)",1,0.0263157894736842,0.0493685027081226,0.422420089429282,0.249468975342422,0.145578871485966
"6806","(Big) Broadhurst Reef (No 1) (18-100a)",1,0.254901960784314,0.034412294638529,0.31032596833527,0.20164065302489,0.094468674208956
"6807","(Big) Broadhurst Reef (No 1) (18-100a)",1,0.0803571428571429,0.034412294638529,0.346287259863258,0.199508575853321,0.0988952060617625
"6808","(Big) Broadhurst Reef (No 1) (18-100a)",1,0.00526315789473684,0.0493685027081226,0.42416669669451,0.257995150154212,0.141073857707875
"6809","(Big) Broadhurst Reef (No 1) (18-100a)",1,0.07,0.0493685027081226,0.454172522395319,0.282470724182102,0.149170101595913
"6810","(Big) Broadhurst Reef (No 1) (18-100a)",1,0.0637254901960784,0.034412294638529,0.31757547927646,0.184549038732066,0.0991043753532864
"6811","(Big) Broadhurst Reef (No 1) (18-100a)",1,0.065,0.0344122946385289,0.374961651558918,0.199328620141493,0.103262194108596
"6812","(Big) Broadhurst Reef (No 1) (18-100a)",1,0.13,0.0343917990716993,0.371681745444316,0.211289647145086,0.105191918333334
"6813","(Big) Broadhurst Reef (No 1) (18-100a)",1,0.0666666666666667,0.0351326606516987,0.350293655485592,0.194182392226547,0.109093391320883
"6814","(Big) Broadhurst Reef (No 1) (18-100a)",1,0.0772727272727273,0.0493390993958134,0.413578398136576,0.264987208560819,0.147318988909746
"6815","(Big) Broadhurst Reef (No 1) (18-100a)",1,0.0471698113207547,0.0493390993958133,0.405953173308417,0.274041308427862,0.147356735090386
"6816","(Big) Broadhurst Reef (No 1) (18-100a)",1,0.0943396226415094,0.0343917990716993,0.334675008212796,0.193954370483279,0.102151310188956
"6817","(Big) Broadhurst Reef (No 1) (18-100a)",1,0.0277777777777778,0.0351326606516987,0.351327396905193,0.188787706214013,0.100334930953859
"6928","(Big) Broadhurst Reef (No 1) (18-100a)",1,0.0372340425531915,0.043500948420162,0.397813626540787,0.237405710159123,0.12260211729567
"6929","(Big) Broadhurst Reef (No 1) (18-100a)",1,0.0116279069767442,0.043500948420162,0.371965363571904,0.252024177123293,0.129875332001103
"6930","(Big) Broadhurst Reef (No 1) (18-100a)",1,0,0.043500948420162,0.380776129920895,0.2475738448594,0.126228973493198
"6931","(Big) Broadhurst Reef (No 1) (18-100a)",1,0.0444444444444444,0.043500948420162,0.384347723467132,0.246077913592871,0.13126051847003
"6932","(Big) Broadhurst Reef (No 1) (18-100a)",1,0.055,0.0434784934177338,0.423511416391572,0.246286208284182,0.127238444229381
"6933","(Big) Broadhurst Reef (No 1) (18-100a)",1,0.03,0.0507379777021213,0.454337136096433,0.300535502360091,0.16004007427788
"6934","(Big) Broadhurst Reef (No 1) (18-100a)",1,0.025,0.0507379777021213,0.458595993181101,0.276506474420084,0.156709711014674
"6935","(Big) Broadhurst Reef (No 1) (18-100a)",1,0.0590909090909091,0.0507379777021213,0.413298327585346,0.277191141360388,0.147154763739444
"6936","(Big) Broadhurst Reef (No 1) (18-100a)",1,0.01,0.0434784934177338,0.405720573507136,0.245352004550774,0.134849234745086
"6937","(Big) Broadhurst Reef (No 1) (18-100a)",1,0.05,0.0507379777021213,0.459865632693599,0.274758005729594,0.142439983402276
"6938","(Big) Broadhurst Reef (No 1) (18-100a)",1,0.0181818181818182,0.0507379777021213,0.419586025979293,0.287367387911764,0.149292753387991
"6939","(Big) Broadhurst Reef (No 1) (18-100a)",1,0.035,0.0507379777021213,0.446512113116743,0.282495136187598,0.155245727666489
"6940","(Big) Broadhurst Reef (No 1) (18-100a)",1,0.0357142857142857,0.0415691241113496,0.363023220970608,0.229956392755932,0.122235874598461
"6941","(Big) Broadhurst Reef (No 1) (18-100a)",1,0.105769230769231,0.0415691241113497,0.374414290134509,0.227971588436837,0.122369783640945
"6942","(Big) Broadhurst Reef (No 1) (18-100a)",1,0.0636363636363636,0.0415691241113497,0.3788980303732,0.233726158354601,0.133941504049094
"6943","(Big) Broadhurst Reef (No 1) (18-100a)",1,0.116071428571429,0.0415691241113496,0.379021685432857,0.234677653231406,0.124372404157812
"6944","(Big) Broadhurst Reef (No 1) (18-100a)",1,0.0625,0.0415691241113496,0.360925411137492,0.229238323049335,0.131103992938336
"6945","(Big) Broadhurst Reef (No 1) (18-100a)",1,0.06,0.0415691241113496,0.40780582264775,0.240211759424987,0.118760079044777
"6946","(Big) Broadhurst Reef (No 1) (18-100a)",1,0.0545454545454545,0.0415691241113497,0.372275899078579,0.241362432549149,0.121180444939856
"6947","(Big) Broadhurst Reef (No 1) (18-100a)",1,0.235,0.0415691241113496,0.416194936568593,0.252012199318842,0.119126062854714
"6948","(Big) Broadhurst Reef (No 1) (18-100a)",1,0,0.043434296647387,0.343769788482409,0.244529225310239,0.128011706291392
"6949","(Big) Broadhurst Reef (No 1) (18-100a)",1,0.0175438596491228,0.0489370799110016,0.388673978476889,0.261762767187487,0.148926872561935
"6950","(Big) Broadhurst Reef (No 1) (18-100a)",1,0,0.0489370799110016,0.406147804252883,0.258601294571564,0.142380875568121
"6951","(Big) Broadhurst Reef (No 1) (18-100a)",1,0.0240384615384615,0.0489370799110016,0.397748609212933,0.261739839444658,0.138904480959936
"6952","(Big) Broadhurst Reef (No 1) (18-100a)",1,0.0785714285714286,0.0489370799110016,0.444228740174847,0.271187587819155,0.15052063272843
"6953","(Big) Broadhurst Reef (No 1) (18-100a)",1,0.0166666666666667,0.043434296647387,0.343681074445775,0.229307654291358,0.137622219711999
"6954","(Big) Broadhurst Reef (No 1) (18-100a)",1,0.00694444444444444,0.0489370799110016,0.444272594543616,0.270103703727881,0.151023627101792
"6955","(Big) Broadhurst Reef (No 1) (18-100a)",1,0.0121951219512195,0.0489370799110016,0.401576675082113,0.266585396542445,0.131505335277255
"6956","(Big) Broadhurst Reef (No 1) (18-100a)",1,0.0231481481481481,0.0489370799110016,0.40759018700063,0.270459494392609,0.138563672864831
"6957","(Big) Broadhurst Reef (No 1) (18-100a)",1,0.113636363636364,0.0489370799110016,0.422402432390866,0.262103664922329,0.143509377687884
"7089","(Big) Broadhurst Reef (No 1) (18-100a)",1,0,0.0576399079873424,0.433748021849926,0.300199248888834,0.165541088836177
"7090","(Big) Broadhurst Reef (No 1) (18-100a)",1,0,0.0576399079873425,0.442363748125898,0.293488237128512,0.170115408472955
"7091","(Big) Broadhurst Reef (No 1) (18-100a)",1,0.0144230769230769,0.0464299133616543,0.394711686731898,0.249377234547305,0.129980449844135
"7092","(Big) Broadhurst Reef (No 1) (18-100a)",1,0.0406976744186047,0.0464299133616543,0.411720633094693,0.257958049366622,0.136044534004646
"7093","(Big) Broadhurst Reef (No 1) (18-100a)",1,0.08,0.0576131703412571,0.475065367031095,0.310516763406732,0.169465856806351
"7094","(Big) Broadhurst Reef (No 1) (18-100a)",1,0.01875,0.0576131703412571,0.430272164835709,0.294196326944634,0.169807376653157
"7095","(Big) Broadhurst Reef (No 1) (18-100a)",1,0.0283018867924528,0.0464299133616543,0.392549616096269,0.255077765424292,0.132546145755279
"7096","(Big) Broadhurst Reef (No 1) (18-100a)",1,0.0166666666666667,0.0464299133616543,0.417874233829305,0.251781732084095,0.125845092159335
"7097","(Big) Broadhurst Reef (No 1) (18-100a)",1,0.14,0.0576131703412571,0.483949532789043,0.310648050361765,0.164236346922159
"7098","(Big) Broadhurst Reef (No 1) (18-100a)",1,0.005,0.0576131703412571,0.485473071831381,0.325055604227867,0.171419399535466
"7099","(Big) Broadhurst Reef (No 1) (18-100a)",1,0.0327102803738318,0.044665369653437,0.381667947831153,0.246682439823093,0.127111729774696
"7100","(Big) Broadhurst Reef (No 1) (18-100a)",1,0.0542986425339367,0.044665369653437,0.396322846575802,0.256944984332339,0.129901551050458
"7101","(Big) Broadhurst Reef (No 1) (18-100a)",1,0.015,0.0446450254824415,0.421059892610307,0.25300807750436,0.144427735400622
"7102","(Big) Broadhurst Reef (No 1) (18-100a)",1,0.155,0.0446450254824415,0.424077957218211,0.25847844751874,0.134348103025107
"7103","(Big) Broadhurst Reef (No 1) (18-100a)",1,0.137755102040816,0.0446450254824415,0.421567350633484,0.235901440495585,0.141535848596207
"7104","(Big) Broadhurst Reef (No 1) (18-100a)",1,0.150943396226415,0.0446450254824415,0.367834172409193,0.241424969882884,0.139214608968287
"7229","(Big) Broadhurst Reef (No 1) (18-100a)",1,0,0.0572172890274519,0.461728130166219,0.298666172729889,0.17150447151035
"7230","(Big) Broadhurst Reef (No 1) (18-100a)",1,0.00531914893617021,0.0572172890274519,0.454036517398488,0.29883842570833,0.158843235598884
"7231","(Big) Broadhurst Reef (No 1) (18-100a)",1,0,0.0572172890274518,0.486793823276886,0.305172119716387,0.186194896892377
"7232","(Big) Broadhurst Reef (No 1) (18-100a)",1,0,0.0572172890274518,0.481459800644042,0.308702962942229,0.173781680365673
"7233","(Big) Broadhurst Reef (No 1) (18-100a)",1,0.025,0.0443610575262255,0.429058002917425,0.254574426887923,0.139047493033135
"7234","(Big) Broadhurst Reef (No 1) (18-100a)",1,0.0660377358490566,0.0443610575262255,0.38867636081849,0.252781007792573,0.129349378644276
"7235","(Big) Broadhurst Reef (No 1) (18-100a)",1,0.0454545454545455,0.0443610575262255,0.382912546783896,0.246164959585893,0.13717538247863
"7236","(Big) Broadhurst Reef (No 1) (18-100a)",1,0.0754716981132075,0.0443610575262255,0.389787618524885,0.24280101239744,0.130819369868263
"7237","(Big) Broadhurst Reef (No 1) (18-100a)",1,0.0204081632653061,0.0443610575262255,0.42467995255009,0.250518316156405,0.138128947050337
"7238","(Big) Broadhurst Reef (No 1) (18-100a)",1,0.045,0.0337035835087661,0.347373785986874,0.201169481331209,0.0949364066908629
"7239","(Big) Broadhurst Reef (No 1) (18-100a)",1,0.095,0.0337035835087661,0.360314880348287,0.205013254945884,0.101347095802422
"7240","(Big) Broadhurst Reef (No 1) (18-100a)",1,0.216346153846154,0.0337035835087661,0.318711514303849,0.194531479264604,0.101332342458893
"7241","(Big) Broadhurst Reef (No 1) (18-100a)",1,0.268181818181818,0.0337035835087661,0.331134465100681,0.206671457173436,0.0963047053454527
"7242","(Big) Broadhurst Reef (No 1) (18-100a)",1,0.035,0.0337035835087661,0.347154047047768,0.202231931728648,0.103085049877284
"7243","(Big) Broadhurst Reef (No 1) (18-100a)",1,0.0377358490566038,0.0337035835087661,0.319891543386645,0.200732102406227,0.0989756291432974
"7244","(Big) Broadhurst Reef (No 1) (18-100a)",1,0.0875,0.0337035835087661,0.343723522269277,0.200769853972467,0.0851151370404638
"7245","(Big) Broadhurst Reef (No 1) (18-100a)",1,0.0377358490566038,0.0329120426081762,0.314097084343849,0.183574912513374,0.0917744527936589
"7246","(Big) Broadhurst Reef (No 1) (18-100a)",1,0.0441176470588235,0.0329120426081762,0.305372204687412,0.193762228425808,0.0931639322836909
"7247","(Big) Broadhurst Reef (No 1) (18-100a)",1,0.183035714285714,0.0410349602719394,0.384437547151857,0.224783033297073,0.125623222861274
"7248","(Big) Broadhurst Reef (No 1) (18-100a)",1,0.0584795321637427,0.0329120426081763,0.321326402120818,0.204439719102702,0.0981638582803057
"7249","(Big) Broadhurst Reef (No 1) (18-100a)",1,0.108333333333333,0.0410349602719394,0.38939748663067,0.217858349215649,0.120584383607973
"7250","(Big) Broadhurst Reef (No 1) (18-100a)",1,0.0240384615384615,0.0410349602719394,0.348107532292858,0.218721836786954,0.114889312090889
"7251","(Big) Broadhurst Reef (No 1) (18-100a)",1,0.0490196078431373,0.0410349602719394,0.346069770691509,0.227298174801073,0.118163318964823
"7252","(Big) Broadhurst Reef (No 1) (18-100a)",1,0.105555555555556,0.0571943420202842,0.453452590971921,0.285936093024527,0.154653664267906
"7253","(Big) Broadhurst Reef (No 1) (18-100a)",1,0.015,0.0571943420202842,0.475456758516146,0.295844112246524,0.174156805972786
"7254","(Big) Broadhurst Reef (No 1) (18-100a)",1,0.015625,0.0443610575262255,0.411422370339028,0.254756672767972,0.125977930564505
"7255","(Big) Broadhurst Reef (No 1) (18-100a)",1,0.00925925925925926,0.0337035835087661,0.315730594188369,0.200071540158135,0.0906933698048263
"7256","(Big) Broadhurst Reef (No 1) (18-100a)",1,0.0784313725490196,0.0329120426081762,0.306033327319707,0.180143947348366,0.0929498913699523
"7257","(Big) Broadhurst Reef (No 1) (18-100a)",1,0.0416666666666667,0.0410188873321722,0.391778840152095,0.235596404760349,0.116161617961848
"7258","(Big) Broadhurst Reef (No 1) (18-100a)",1,0.0288461538461538,0.0344025478515809,0.317218660165187,0.200905448471557,0.0981469635943729
"7259","(Big) Broadhurst Reef (No 1) (18-100a)",1,0.05,0.0344025478515809,0.368374251817386,0.209820411204445,0.105577212819594
"7260","(Big) Broadhurst Reef (No 1) (18-100a)",1,0.0424528301886792,0.0410188873321722,0.37090257096412,0.22536287884438,0.115123283361722
"7261","(Big) Broadhurst Reef (No 1) (18-100a)",1,0.110576923076923,0.0344025478515809,0.329390714316356,0.184824694536196,0.0987516485235923
"7262","(Big) Broadhurst Reef (No 1) (18-100a)",1,0.125,0.0344025478515809,0.3559433781944,0.195745839447259,0.103267935091863
"7398","(Big) Broadhurst Reef (No 1) (18-100a)",1,0.0722222222222222,0.0341888177410193,0.33793464761907,0.188045806623961,0.094982190408837
"7399","(Big) Broadhurst Reef (No 1) (18-100a)",1,0.0808823529411765,0.0341888177410193,0.356446772548482,0.20361651084834,0.105669738254637
"7400","(Big) Broadhurst Reef (No 1) (18-100a)",1,0.0833333333333333,0.0334678594913429,0.319180596211057,0.223309339744067,0.105941829567627
"7401","(Big) Broadhurst Reef (No 1) (18-100a)",1,0.120192307692308,0.0334678594913429,0.315588787434903,0.189043923813222,0.0993769162936592
"7402","(Big) Broadhurst Reef (No 1) (18-100a)",1,0.0388888888888889,0.0334678594913429,0.332947587061355,0.187331475517772,0.0981358932207875
"7403","(Big) Broadhurst Reef (No 1) (18-100a)",1,0.0372340425531915,0.0341888177410193,0.349282515362578,0.200239257265558,0.089088640952142
"7404","(Big) Broadhurst Reef (No 1) (18-100a)",1,0.0661764705882353,0.0341888177410193,0.350739666288016,0.195367759679118,0.103358656216081
"7405","(Big) Broadhurst Reef (No 1) (18-100a)",1,0.16304347826087,0.0334678594913429,0.363714730005152,0.217978669185905,0.0975830552823469
"7406","(Big) Broadhurst Reef (No 1) (18-100a)",1,0.0490196078431373,0.0334678594913429,0.301309163897888,0.178991000850271,0.102486554897201
"7407","(Big) Broadhurst Reef (No 1) (18-100a)",1,0.0476190476190476,0.0334678594913429,0.312179452572636,0.19794860293418,0.0956118113233235
"7408","(Big) Broadhurst Reef (No 1) (18-100a)",1,0.055,0.0326835282745462,0.363983963246778,0.198022143877853,0.0955811151256758
"7409","(Big) Broadhurst Reef (No 1) (18-100a)",1,0.05,0.0326835282745462,0.306837427858163,0.187382301420711,0.0955058015949963
"7410","(Big) Broadhurst Reef (No 1) (18-100a)",1,0.322727272727273,0.040750047034748,0.369373142887169,0.226829222907718,0.13280178011258
"7411","(Big) Broadhurst Reef (No 1) (18-100a)",1,0.24375,0.040750047034748,0.355588330691395,0.234265890609956,0.129789504443348
"7412","(Big) Broadhurst Reef (No 1) (18-100a)",1,0.138297872340426,0.0326835282745462,0.346508876871316,0.183837176698517,0.0934520993741632
"7413","(Big) Broadhurst Reef (No 1) (18-100a)",1,0.089041095890411,0.0326835282745462,0.354853621969414,0.197114645669642,0.0941701645929869
"7414","(Big) Broadhurst Reef (No 1) (18-100a)",1,0.1375,0.040750047034748,0.393246766539352,0.222933925289336,0.105518060773064
"7415","(Big) Broadhurst Reef (No 1) (18-100a)",1,0.110294117647059,0.040750047034748,0.383444388647927,0.224507714090492,0.117912940451455
"7416","(Big) Broadhurst Reef (No 1) (18-100a)",1,0.05625,0.0407361413957352,0.348494103418357,0.227892949910817,0.129708778287871
"7417","(Big) Broadhurst Reef (No 1) (18-100a)",1,0.0444444444444444,0.0440031184065501,0.403306959579549,0.23506936124806,0.125861818235484
"7418","(Big) Broadhurst Reef (No 1) (18-100a)",1,0,0.045720474758711,0.420918167913986,0.260859240896149,0.145872626659111
"7419","(Big) Broadhurst Reef (No 1) (18-100a)",1,0.0743243243243243,0.0407361413957352,0.416088966919836,0.245938748144091,0.122709250327366
"7420","(Big) Broadhurst Reef (No 1) (18-100a)",1,0.0904255319148936,0.0440031184065501,0.407651382526011,0.244736864497977,0.125520730940128
"7421","(Big) Broadhurst Reef (No 1) (18-100a)",1,0.0153061224489796,0.045720474758711,0.434553076948977,0.252452395892002,0.13352083908667
"7422","(Big) Broadhurst Reef (No 1) (18-100a)",1,0.025,0.0439882037816595,0.378064894092075,0.262392427583475,0.134819230103769
"7423","(Big) Broadhurst Reef (No 1) (18-100a)",1,0.0486111111111111,0.0457049780449431,0.435430043728876,0.259957536322167,0.133782825857263
"7424","(Big) Broadhurst Reef (No 1) (18-100a)",1,0.0333333333333333,0.0439882037816595,0.383617671821768,0.265575402743778,0.132391598493708
"7425","(Big) Broadhurst Reef (No 1) (18-100a)",1,0,0.0457049780449431,0.429131383269051,0.256104023387364,0.126584455680288
"7567","(Big) Broadhurst Reef (No 1) (18-100a)",1,0.00490196078431373,0.0340423250359744,0.308274786842164,0.192077969467848,0.100595325366735
"7568","(Big) Broadhurst Reef (No 1) (18-100a)",1,0.0196078431372549,0.0340423250359744,0.304953086325873,0.193172968004649,0.10549224149293
"7569","(Big) Broadhurst Reef (No 1) (18-100a)",1,0.0196078431372549,0.0340423250359744,0.312822834821692,0.18783594703918,0.0930874777696883
"7570","(Big) Broadhurst Reef (No 1) (18-100a)",1,0.122448979591837,0.0340423250359744,0.366077657179587,0.203981100236908,0.0995842003864592
"7571","(Big) Broadhurst Reef (No 1) (18-100a)",1,0.0550847457627119,0.0333139396674334,0.337889192059062,0.189248295618934,0.096997476993738
"7572","(Big) Broadhurst Reef (No 1) (18-100a)",1,0.0301724137931034,0.0333139396674333,0.316439310542252,0.188840269485873,0.0952237757985197
"7573","(Big) Broadhurst Reef (No 1) (18-100a)",1,0.149122807017544,0.0325443969340167,0.319205433030713,0.166507810355694,0.0899624358299782
"7574","(Big) Broadhurst Reef (No 1) (18-100a)",1,0.053921568627451,0.0333139396674333,0.310644417169214,0.182671515713167,0.0960826272808752
"7575","(Big) Broadhurst Reef (No 1) (18-100a)",1,0.0991379310344828,0.0333139396674333,0.338226296145385,0.194816514330823,0.0919952135139816
"7576","(Big) Broadhurst Reef (No 1) (18-100a)",1,0.0344827586206897,0.0333139396674333,0.332177333267093,0.185998822064672,0.0990354055722751
"7577","(Big) Broadhurst Reef (No 1) (18-100a)",1,0.0474137931034483,0.0325443969340167,0.319065392895411,0.179592944606945,0.0915032282547028
"7578","(Big) Broadhurst Reef (No 1) (18-100a)",1,0.0561224489795918,0.0333139396674333,0.359911169368319,0.198693290240159,0.0935639386578445
"7579","(Big) Broadhurst Reef (No 1) (18-100a)",1,0.0772727272727273,0.0325341907876449,0.331460900997638,0.197710287712332,0.103005175653925
"7580","(Big) Broadhurst Reef (No 1) (18-100a)",1,0.0590909090909091,0.0325341907876449,0.313013783159303,0.190712342507807,0.0908068454497699
"7581","(Big) Broadhurst Reef (No 1) (18-100a)",1,0.03,0.0405638520326613,0.403345012802164,0.2461681380511,0.116255986598148
"7582","(Big) Broadhurst Reef (No 1) (18-100a)",1,0.147058823529412,0.0405638520326613,0.347625867575824,0.222453176576243,0.122012292508332
"7583","(Big) Broadhurst Reef (No 1) (18-100a)",1,0.0666666666666667,0.0325341907876449,0.341686869398081,0.191042008505944,0.0944336359540331
"7584","(Big) Broadhurst Reef (No 1) (18-100a)",1,0.0666666666666667,0.0325341907876449,0.311556574349505,0.180852486481919,0.0907501389889698
"7585","(Big) Broadhurst Reef (No 1) (18-100a)",1,0.0872093023255814,0.0405638520326613,0.361333623297723,0.236663574184385,0.117529919168681
"7586","(Big) Broadhurst Reef (No 1) (18-100a)",1,0.0735294117647059,0.0405638520326613,0.350285830092265,0.219906959170908,0.118312245908443
"7587","(Big) Broadhurst Reef (No 1) (18-100a)",1,0.0581395348837209,0.040551209686764,0.372490755396126,0.240587800142717,0.117542419563384
"7588","(Big) Broadhurst Reef (No 1) (18-100a)",1,0.0294117647058824,0.0438033554538458,0.413444336088276,0.240995446052543,0.140803888768874
"7589","(Big) Broadhurst Reef (No 1) (18-100a)",1,0.0625,0.0400774694680204,0.378255958642865,0.224987463256391,0.110581560329499
"7590","(Big) Broadhurst Reef (No 1) (18-100a)",1,0.164634146341463,0.040551209686764,0.350677484370268,0.238846144091744,0.116384785284394
"7591","(Big) Broadhurst Reef (No 1) (18-100a)",1,0.0428571428571429,0.0438033554538458,0.408769563030033,0.25421063443152,0.130657403369742
"7592","(Big) Broadhurst Reef (No 1) (18-100a)",1,0.12719298245614,0.0400774694680205,0.382405261041404,0.221578350356645,0.112466007575945
"10270","Banfield Reef (North) (18-105a)",2,0.116666666666667,0.0450246130321321,0.497171815770062,0.294834440491882,0.141885186468715
"10271","Banfield Reef (North) (18-105a)",2,0.1,0.0450246130321321,0.486240517909265,0.283696729517436,0.144452950071718
"10272","Banfield Reef (North) (18-105a)",2,0.0583333333333333,0.0449345199172948,0.474163845098328,0.292671934644854,0.138418806967536
"10273","Banfield Reef (North) (18-105a)",2,0.0458333333333333,0.0449345199172948,0.49354966500996,0.296936246549494,0.138382241509727
"10274","Banfield Reef (North) (18-105a)",2,0.0708333333333333,0.0433284889283244,0.473024100838579,0.267150127507353,0.134017584961816
"10275","Banfield Reef (North) (18-105a)",2,0.179166666666667,0.0411295105630512,0.469094060649983,0.271810223730038,0.121196699837266
"10276","Banfield Reef (North) (18-105a)",2,0.325471698113208,0.0380706616924316,0.400081495634368,0.247820162582189,0.12245952329236
"10277","Banfield Reef (North) (18-105a)",2,0.595833333333333,0.0411295105630512,0.459204213461623,0.263397451648075,0.128208991096112
"10428","Banfield Reef (North) (18-105a)",2,0.2,0.036168293681263,0.423844538998383,0.247553661874451,0.106531932251845
"10429","Banfield Reef (North) (18-105a)",2,0.345833333333333,0.036168293681263,0.433681745029907,0.236309787280916,0.107273867636404
"10642","Banfield Reef (North) (18-105a)",2,0.06875,0.040428517797872,0.434560709068918,0.27908876175724,0.130216703358299
"10643","Banfield Reef (North) (18-105a)",2,0.078125,0.0383767168194292,0.43707827578323,0.256485195244817,0.119546699929918
"10644","Banfield Reef (North) (18-105a)",2,0.11875,0.0355225963766089,0.406091817055885,0.248729971491019,0.109164020108522
"10645","Banfield Reef (North) (18-105a)",2,0.284375,0.0383767168194292,0.422781120778295,0.265541623132582,0.130919482026658
"10799","Banfield Reef (North) (18-105a)",2,0.175,0.0350944814181191,0.408516591541213,0.235596189743736,0.108780607876378
"10800","Banfield Reef (North) (18-105a)",2,0.327102803738318,0.0379142042723749,0.40252322443145,0.249499294878951,0.110988500512906
"10801","Banfield Reef (North) (18-105a)",2,0.119047619047619,0.0380307395852644,0.414758042272376,0.247583100083923,0.127354741415083
"10802","Banfield Reef (North) (18-105a)",2,0.125,0.0380307395852644,0.448288689131648,0.256260322109358,0.11789408998735
"10803","Banfield Reef (North) (18-105a)",2,0.0291666666666667,0.0413646790520687,0.459991330508369,0.274726775550507,0.125589078306609
"10804","Banfield Reef (North) (18-105a)",2,0.0416666666666667,0.041281909372796,0.460191432150054,0.287982695962592,0.129520792516495
"10805","Banfield Reef (North) (18-105a)",2,0.0555555555555556,0.0399038335188111,0.430507896029266,0.262697937082221,0.12944087968441
"10806","Banfield Reef (North) (18-105a)",2,0.075,0.0399038335188111,0.452085341394176,0.271521325568652,0.12172088404001
"10900","Banfield Reef (North) (18-105a)",2,0.0892857142857143,0.0347817245729983,0.403939239276369,0.228306821566654,0.101962785516384
"10901","Banfield Reef (North) (18-105a)",2,0.271428571428571,0.0375763184728324,0.423773366927751,0.23879093618041,0.117251248206625
"10902","Banfield Reef (North) (18-105a)",2,0.114285714285714,0.0395853263661236,0.450155045696927,0.26096599083081,0.123083810835803
"10903","Banfield Reef (North) (18-105a)",2,0.0571428571428571,0.0375763184728324,0.417922707129373,0.234120459148416,0.118614645922276
"11026","Banfield Reef (North) (18-105a)",2,0.14375,0.0404083747725843,0.411709163773609,0.25745033083708,0.132934406230015
"11027","Banfield Reef (North) (18-105a)",2,0.075,0.0404083747725843,0.452810997485941,0.267979978492225,0.133503896839363
"11028","Banfield Reef (North) (18-105a)",2,0.145833333333333,0.037191102338183,0.427474694228406,0.257078237180133,0.106497563627635
"11029","Banfield Reef (North) (18-105a)",2,0.129166666666667,0.037191102338183,0.445014532244853,0.251767520362153,0.110745300229583
"11030","Banfield Reef (North) (18-105a)",2,0.116666666666667,0.0342947637052184,0.40415083854008,0.228473083143284,0.107589900552529
"11031","Banfield Reef (North) (18-105a)",2,0.183333333333333,0.0370502319467574,0.449561238457077,0.256798124699874,0.115413594596634
"11032","Banfield Reef (North) (18-105a)",2,0.0416666666666667,0.0390311127635708,0.447697906260024,0.263921082691082,0.130455902640424
"11033","Banfield Reef (North) (18-105a)",2,0.0625,0.0370502319467574,0.43849094119668,0.241580783604363,0.11384224209269
"14148","Banfield Reef (North) (18-105a)",2,0.0467532467532468,0.0302208625100781,0.369180182760652,0.199350245337009,0.0836906659541519
"14149","Banfield Reef (North) (18-105a)",2,0.0285714285714286,0.0302208625100781,0.377495928483557,0.212360631075947,0.079381272471358
"14150","Banfield Reef (North) (18-105a)",2,0.0181818181818182,0.0297613574410617,0.3665400098341,0.195245537367009,0.085531511973195
"14151","Banfield Reef (North) (18-105a)",2,0.025974025974026,0.0297613574410617,0.362056162859229,0.193577602070964,0.0855541378773866
"14156","Banfield Reef (North) (18-105a)",2,0.0815789473684211,0.0483086352537631,0.490625000643738,0.296348000563182,0.160945519842528
"14157","Banfield Reef (North) (18-105a)",2,0.0736842105263158,0.0483086352537631,0.497206591524637,0.297220932925361,0.159233176312376
"14158","Banfield Reef (North) (18-105a)",2,0.1,0.0474556785133603,0.477462314152706,0.298961243101533,0.152507670820923
"14159","Banfield Reef (North) (18-105a)",2,0.0578947368421053,0.0474556785133603,0.485657511185103,0.297237014434886,0.147263816041206
"14233","Banfield Reef (North) (18-105a)",2,0.253333333333333,0.0382599156103834,0.471373425964332,0.271265839973736,0.12931667293828
"14234","Banfield Reef (North) (18-105a)",2,0.24,0.0382599156103834,0.469740566997402,0.272051996897891,0.12399753222673
"14235","Banfield Reef (North) (18-105a)",2,0.233333333333333,0.0413339703930479,0.486844932648071,0.287290555332026,0.131587758008847
"14236","Banfield Reef (North) (18-105a)",2,0.246666666666667,0.0413339703930479,0.494244195863042,0.283863211102008,0.12925546193429
"14237","Banfield Reef (North) (18-105a)",2,0.146666666666667,0.0377325531275435,0.469345837112639,0.268179218594901,0.12947873904102
"14238","Banfield Reef (North) (18-105a)",2,0.126666666666667,0.0377325531275435,0.462683463363624,0.274039311580354,0.123614784445721
"14239","Banfield Reef (North) (18-105a)",2,0.0933333333333333,0.0383221816834547,0.46149759569745,0.287072994862246,0.130444996771358
"14240","Banfield Reef (North) (18-105a)",2,0.108527131782946,0.0383221816834547,0.422064938441131,0.245932558707765,0.119020065178737
"14241","Banfield Reef (North) (18-105a)",2,0.0266666666666667,0.0365261733520878,0.457888810960434,0.261318859185442,0.119997248857063
"14379","Banfield Reef (North) (18-105a)",2,0.0518518518518519,0.0392348055316105,0.450324503396669,0.250317942988353,0.127628679350187
"14380","Banfield Reef (North) (18-105a)",2,0.212121212121212,0.0359064730847131,0.438607158359466,0.232554173720517,0.139102979269636
"14381","Banfield Reef (North) (18-105a)",2,0.158469945355191,0.0359064730847131,0.433188570328665,0.238172788078792,0.115664569968122
"14382","Banfield Reef (North) (18-105a)",2,0.140243902439024,0.0363168680471523,0.398279542717432,0.251152726775199,0.11881634022598
"14383","Banfield Reef (North) (18-105a)",2,0.0465116279069767,0.0392348055316105,0.454667580589699,0.254849489667778,0.133719135601583
"14384","Banfield Reef (North) (18-105a)",2,0.0666666666666667,0.0359064730847131,0.415518102813676,0.219354439977357,0.121313161435485
"14385","Banfield Reef (North) (18-105a)",2,0.203389830508475,0.0359064730847131,0.390724110716509,0.252284693589178,0.112337167722206
"14386","Banfield Reef (North) (18-105a)",2,0.112068965517241,0.0359064730847131,0.386686302024278,0.248011435829491,0.104653719136438
"14387","Banfield Reef (North) (18-105a)",2,0.163793103448276,0.0363168680471523,0.39604314143782,0.248222168200273,0.114274302173752
"14388","Banfield Reef (North) (18-105a)",2,0.121951219512195,0.0359064730847131,0.395462590765221,0.241097008406615,0.109693463528043
"14389","Banfield Reef (North) (18-105a)",2,0.23728813559322,0.0362664909319999,0.408245247952668,0.225651489256177,0.104526672547461
"14390","Banfield Reef (North) (18-105a)",2,0.192982456140351,0.0391803807856858,0.429298690837105,0.273343316662122,0.132460281318584
"14391","Banfield Reef (North) (18-105a)",2,0.0246913580246914,0.0364169802043876,0.401852227624302,0.243126865269704,0.122353064026008
"14392","Banfield Reef (North) (18-105a)",2,0.0256410256410256,0.0364169802043876,0.383774947613741,0.244682357381332,0.11419648175562
"14393","Banfield Reef (North) (18-105a)",2,0.0833333333333333,0.0362664909319999,0.382899618034578,0.260178569362216,0.119996915645264
"14394","Banfield Reef (North) (18-105a)",2,0.114035087719298,0.0391803807856858,0.411399846799236,0.277546910445265,0.115718954305647
"14395","Banfield Reef (North) (18-105a)",2,0,0.0364169802043876,0.387292092126764,0.247776999157299,0.125214050784942
"14396","Banfield Reef (North) (18-105a)",2,0.02,0.0364169802043876,0.478783797685685,0.282282580420829,0.118114659493006
"14397","Banfield Reef (North) (18-105a)",2,0,0.0351684410250662,0.425205067665946,0.224600100173527,0.109475134764965
"14398","Banfield Reef (North) (18-105a)",2,0.0147058823529412,0.0351684410250662,0.420211586249187,0.235584066149396,0.110020325419909
"14783","Banfield Reef (North) (18-105a)",2,0.0388888888888889,0.0379501699402473,0.437343037332116,0.248784729985889,0.122880623851187
"14784","Banfield Reef (North) (18-105a)",2,0.211640211640212,0.0379501699402473,0.445492887026029,0.245311865593029,0.121649716688246
"14785","Banfield Reef (North) (18-105a)",2,0.174863387978142,0.034730814567742,0.400287132301021,0.228688243204588,0.106875206344054
"14786","Banfield Reef (North) (18-105a)",2,0.0862068965517241,0.0347308145677419,0.406581829238151,0.253377308611572,0.106715153111361
"14787","Banfield Reef (North) (18-105a)",2,0.0437158469945355,0.0379501699402474,0.437492695061142,0.245749159735827,0.11861788449784
"14788","Banfield Reef (North) (18-105a)",2,0.182291666666667,0.0379501699402473,0.448459268531124,0.265295188846573,0.114873687713793
"14789","Banfield Reef (North) (18-105a)",2,0.225806451612903,0.0347308145677419,0.420589634428289,0.229541224778697,0.117034853958308
"14790","Banfield Reef (North) (18-105a)",2,0.0833333333333333,0.0347308145677419,0.411916207387606,0.22292688267851,0.112399978728901
"14791","Banfield Reef (North) (18-105a)",2,0.122222222222222,0.0379142042723749,0.438959363027976,0.238306855533312,0.117230656303588
"14792","Banfield Reef (North) (18-105a)",2,0.122222222222222,0.0379142042723749,0.4239994050712,0.246808413770571,0.118445710193757
"14793","Banfield Reef (North) (18-105a)",2,0.0847457627118644,0.0346978999077115,0.406310969463073,0.211985821784125,0.104156071168771
"14794","Banfield Reef (North) (18-105a)",2,0.0833333333333333,0.0346978999077115,0.403697096358245,0.218021430005414,0.111421344713073
"14795","Banfield Reef (North) (18-105a)",2,0.147540983606557,0.037914204272375,0.428836801997337,0.245865522667895,0.119142846511183
"14796","Banfield Reef (North) (18-105a)",2,0.107344632768362,0.0346978999077115,0.400738626237222,0.216414348387265,0.0992348298596911
"14797","Banfield Reef (North) (18-105a)",2,0.0222222222222222,0.0346978999077115,0.425961411830893,0.237852779354304,0.109165376311479
"14798","Banfield Reef (North) (18-105a)",2,0.138888888888889,0.0379142042723749,0.439134563357925,0.248094964459868,0.119574062177359
"14864","Banfield Reef (North) (18-105a)",2,0.0945945945945946,0.0352300823105683,0.396383601121002,0.241498799086617,0.10993775775708
"14865","Banfield Reef (North) (18-105a)",2,0.26,0.0352300823105683,0.439437995462816,0.247665638527771,0.112661767716246
"14866","Banfield Reef (North) (18-105a)",2,0.064,0.0352300823105683,0.44000994253977,0.249776249350542,0.111323874139174
"14867","Banfield Reef (North) (18-105a)",2,0.252,0.0380607002377828,0.441223761734097,0.26324862694667,0.121620675830887
"14946","Banfield Reef (North) (18-105a)",2,0.0458333333333333,0.0383287055830716,0.431746976593162,0.252386064621991,0.113536895721245
"14947","Banfield Reef (North) (18-105a)",2,0.259259259259259,0.041632915636859,0.36930392454456,0.254608389107163,0.134645265680035
"14948","Banfield Reef (North) (18-105a)",2,0.0340136054421769,0.0383287055830716,0.467326763951173,0.27219785587893,0.122378334288754
"14949","Banfield Reef (North) (18-105a)",2,0.103174603174603,0.041632915636859,0.444731443348667,0.254052814068471,0.134936338433042
"14950","Banfield Reef (North) (18-105a)",2,0.0151515151515152,0.041632915636859,0.456999655538465,0.265986029289201,0.134527033402623
"14951","Banfield Reef (North) (18-105a)",2,0.0238095238095238,0.041632915636859,0.439347381451197,0.283340911928436,0.135426609950202
"14952","Banfield Reef (North) (18-105a)",2,0.0163934426229508,0.034838330066483,0.406574792058031,0.233017366578313,0.110597391767953
"14953","Banfield Reef (North) (18-105a)",2,0.0296296296296296,0.034838330066483,0.425422383214061,0.242431101008984,0.106296176825686
"14958","Banfield Reef (North) (18-105a)",2,0.0708333333333333,0.0374206335231048,0.432059255453746,0.244383793341866,0.120049105939507
"14959","Banfield Reef (North) (18-105a)",2,0.05,0.0342461993172806,0.41880918520005,0.231121487852813,0.105781546836143
"14960","Banfield Reef (North) (18-105a)",2,0.0590717299578059,0.0342461993172806,0.40689173792721,0.223141913864072,0.105625981654912
"14961","Banfield Reef (North) (18-105a)",2,0.0666666666666667,0.0346376180915318,0.411493877835315,0.227334954880205,0.112674841624444
"14962","Banfield Reef (North) (18-105a)",2,0.149038461538462,0.037390445990373,0.396712309128129,0.244464468268941,0.119102270088753
"14963","Banfield Reef (North) (18-105a)",2,0.075,0.0346096756402303,0.466977660837868,0.253644290321246,0.10238825327018
"14964","Banfield Reef (North) (18-105a)",2,0.0595238095238095,0.0346096756402303,0.373375197503544,0.221276518627803,0.10270674583649
"14965","Banfield Reef (North) (18-105a)",2,0.0431034482758621,0.0342185726267225,0.419075479179656,0.215052406230588,0.111120735937612
"14966","Banfield Reef (North) (18-105a)",2,0.114406779661017,0.0395669536638451,0.438833117876382,0.261232221055972,0.125918004915784
"14967","Banfield Reef (North) (18-105a)",2,0.0714285714285714,0.037390445990373,0.402794903630131,0.25245617814866,0.114618134185507
"14968","Banfield Reef (North) (18-105a)",2,0.152777777777778,0.0346096756402303,0.388160058254898,0.272145366971304,0.119893490715036
"14969","Banfield Reef (North) (18-105a)",2,0.0833333333333333,0.0346096756402303,0.416145546191044,0.235718933023498,0.103732160977873
"14970","Banfield Reef (North) (18-105a)",2,0.0972222222222222,0.0342185726267225,0.394198273479413,0.235188939076852,0.104142964043654
"14971","Banfield Reef (North) (18-105a)",2,0.109090909090909,0.0395669536638451,0.432585626420714,0.269875794450178,0.123279448613603
"14972","Banfield Reef (North) (18-105a)",2,0.0277777777777778,0.0355763695040092,0.410634704215723,0.227961553956723,0.117282064433541
"14973","Banfield Reef (North) (18-105a)",2,0.05,0.0355763695040092,0.478779222534707,0.262525746195946,0.113519459464292
"14974","Banfield Reef (North) (18-105a)",2,0.0135135135135135,0.037010217018638,0.463288296518525,0.260295794686618,0.123473253610866
"14975","Banfield Reef (North) (18-105a)",2,0.0625,0.0355763695040092,0.406138183276346,0.221126168387778,0.1124893460421
"14976","Banfield Reef (North) (18-105a)",2,0.05,0.0355763695040092,0.474280672150957,0.264658083419925,0.106599508784947
"14977","Banfield Reef (North) (18-105a)",2,0.0197368421052632,0.037010217018638,0.379526571730805,0.242203392871891,0.114353093315095
"14978","Banfield Reef (North) (18-105a)",2,0.0212765957446809,0.0355763695040092,0.434460889447141,0.2386366001316,0.10688960087577
"14979","Banfield Reef (North) (18-105a)",2,0.0333333333333333,0.0355763695040092,0.407794019913855,0.213462275482324,0.126746287128945
"14980","Banfield Reef (North) (18-105a)",2,0.0526315789473684,0.037010217018638,0.387767177623538,0.247727428189137,0.117567779813662
"14981","Banfield Reef (North) (18-105a)",2,0.0148148148148148,0.0355763695040092,0.432595675815666,0.232365180904231,0.112322938927959
"14982","Banfield Reef (North) (18-105a)",2,0.0333333333333333,0.0355763695040092,0.426061639103375,0.208000188013789,0.115058000704415
"14983","Banfield Reef (North) (18-105a)",2,0.0256410256410256,0.037010217018638,0.397292665785013,0.257978390965594,0.11159704747989
"14988","Banfield Reef (North) (18-105a)",2,0.0166666666666667,0.0226806735287813,0.318212485922476,0.152861275000911,0.0557066051978049
"14989","Banfield Reef (North) (18-105a)",2,0.0116959064327485,0.0226806735287813,0.294295422656201,0.15771310244646,0.0577407023189253
"14990","Banfield Reef (North) (18-105a)",2,0.0246913580246914,0.0362683298120674,0.395399635980378,0.240367519938616,0.121382085453101
"14991","Banfield Reef (North) (18-105a)",2,0.0621468926553672,0.0362683298120674,0.427686612897301,0.230698280633761,0.112730119195001
"14995","Banfield Reef (North) (18-105a)",2,0.0170454545454545,0.036208444593489,0.405036845832697,0.234292649054627,0.103996894701649
"14996","Banfield Reef (North) (18-105a)",2,0.0130718954248366,0.036208444593489,0.378258313951511,0.225358821983501,0.109906169321004
"14997","Banfield Reef (North) (18-105a)",2,0.0232558139534884,0.036208444593489,0.425588421687485,0.229683880228553,0.117348884303789
"14998","Banfield Reef (North) (18-105a)",2,0.0432098765432099,0.036208444593489,0.406614963616549,0.246735736953635,0.109989885437715
"14999","Banfield Reef (North) (18-105a)",2,0.00740740740740741,0.036208444593489,0.419499584306557,0.241823836661595,0.114674483931781
"15193","Banfield Reef (North) (18-105a)",2,0.0541666666666667,0.0376700628101667,0.446407597231168,0.252709636894604,0.111988794413159
"15194","Banfield Reef (North) (18-105a)",2,0.0416666666666667,0.0376700628101667,0.452583772520433,0.250241032897859,0.116393506373165
"15195","Banfield Reef (North) (18-105a)",2,0.2,0.0337408516308823,0.335167538389647,0.232465339224365,0.125012292507295
"15196","Banfield Reef (North) (18-105a)",2,0.120689655172414,0.0337408516308824,0.400999176629243,0.22282091065343,0.105870646711735
"15197","Banfield Reef (North) (18-105a)",2,0.135869565217391,0.0341264945066127,0.42140576838765,0.225223736732977,0.107433580223387
"15198","Banfield Reef (North) (18-105a)",2,0.0625,0.0337179008543812,0.392185197959253,0.213220072518248,0.0988668378020237
"15199","Banfield Reef (North) (18-105a)",2,0.0972222222222222,0.0337179008543812,0.389354513834608,0.220829263063127,0.0952426634351453
"15200","Banfield Reef (North) (18-105a)",2,0.05625,0.0337179008543812,0.367792420583175,0.22666481322818,0.111064671880512
"15201","Banfield Reef (North) (18-105a)",2,0.115740740740741,0.0337179008543812,0.380869135502295,0.228970030102124,0.101082375176997
"15397","Banfield Reef (North) (18-105a)",2,0.0178571428571429,0.0374469674412793,0.390865253969805,0.25568999028327,0.126737668719757
"15398","Banfield Reef (North) (18-105a)",2,0.0572916666666667,0.0339243853962787,0.416923820092092,0.232892544201542,0.104088666191727
"15399","Banfield Reef (North) (18-105a)",2,0.032258064516129,0.0335410264333747,0.425239395873145,0.232377381857302,0.104862644505958
"15400","Banfield Reef (North) (18-105a)",2,0.025,0.0335410264333747,0.369855033966156,0.222865024489121,0.097823764020185
"15402","Banfield Reef (North) (18-105a)",2,0.0572916666666667,0.0325274271341191,0.412437874119143,0.221269695872013,0.093595699043262
"15403","Banfield Reef (North) (18-105a)",2,0.080188679245283,0.0335197153914658,0.375415070932948,0.225810655762182,0.100496270552179
"15404","Banfield Reef (North) (18-105a)",2,0.05,0.0366268085355061,0.448269075381772,0.244990849327619,0.111899390863735
"15405","Banfield Reef (North) (18-105a)",2,0.1,0.0366268085355062,0.479326944802008,0.279714765171491,0.137837251748985
"15406","Banfield Reef (North) (18-105a)",2,0.089622641509434,0.0387588646723291,0.410839522991831,0.260601570316663,0.127959776083368
"15446","Banfield Reef (North) (18-105a)",2,0.0490196078431373,0.0337565773196553,0.346262053888244,0.204878292944417,0.0997628623542339
"15447","Banfield Reef (North) (18-105a)",2,0.0648148148148148,0.0337565773196553,0.360796361270335,0.225435066747371,0.110384212014474
"15448","Banfield Reef (North) (18-105a)",2,0.0652173913043478,0.0385916627633531,0.460875584805226,0.269027409609857,0.130537761909004
"15449","Banfield Reef (North) (18-105a)",2,0.0113636363636364,0.0385916627633531,0.452858810552427,0.260193967611198,0.116740715014546
"15450","Banfield Reef (North) (18-105a)",2,0.0763888888888889,0.0337565773196553,0.413240369025929,0.238797828181619,0.10279257933766
"15451","Banfield Reef (North) (18-105a)",2,0.115384615384615,0.0337565773196553,0.363054633444184,0.226933525216958,0.0978583700503406
"15452","Banfield Reef (North) (18-105a)",2,0.0486111111111111,0.0385916627633531,0.465173324337187,0.257368142846085,0.122518481073982
"15453","Banfield Reef (North) (18-105a)",2,0.0486111111111111,0.0385916627633531,0.450210558435927,0.26010405459864,0.126545171922334
"15454","Banfield Reef (North) (18-105a)",2,0.00666666666666667,0.0333550826993427,0.432034462924517,0.254851945391138,0.110976498385832
"15455","Banfield Reef (North) (18-105a)",2,0.1,0.0333550826993427,0.350280049512985,0.234193273710822,0.118395527232492
"15456","Banfield Reef (North) (18-105a)",2,0.0555555555555556,0.0323676680838292,0.420448566939281,0.231531986665981,0.103125280103517
"15457","Banfield Reef (North) (18-105a)",2,0.0465116279069767,0.0364469152988645,0.423266580418112,0.230528024839973,0.113098377575814
"15458","Banfield Reef (North) (18-105a)",2,0.0444444444444444,0.0364469152988645,0.419693475162841,0.23714936098919,0.11664627464316
"15459","Banfield Reef (North) (18-105a)",2,0.0612244897959184,0.0333550826993427,0.450274401685964,0.259994035566718,0.106347852423609
"15460","Banfield Reef (North) (18-105a)",2,0.15,0.0333550826993427,0.471364927438952,0.256831394384116,0.0999112870178447
"15461","Banfield Reef (North) (18-105a)",2,0.037037037037037,0.0323676680838292,0.318881440593562,0.194634726046892,0.103570964885886
"15462","Banfield Reef (North) (18-105a)",2,0.0340909090909091,0.0364469152988645,0.443316403336516,0.247256097363455,0.110443408825841
"15463","Banfield Reef (North) (18-105a)",2,0.0862068965517241,0.0364469152988645,0.39417436319751,0.251907023448334,0.11370517741557
"15464","Banfield Reef (North) (18-105a)",2,0,0.0333352003217538,0.452763152182068,0.255565480390941,0.10592486402161
"15465","Banfield Reef (North) (18-105a)",2,0.0208333333333333,0.0333352003217538,0.442422557897228,0.256718946085853,0.105134624537926
"15466","Banfield Reef (North) (18-105a)",2,0.0465116279069767,0.0333352003217538,0.402819270557438,0.215045270069505,0.100169600656757
"15467","Banfield Reef (North) (18-105a)",2,0.0612244897959184,0.0333352003217538,0.42621454878563,0.242688028183566,0.102489725661922
"15679","Banfield Reef (North) (18-105a)",2,0.0576923076923077,0.0408044811719522,0.422816810538375,0.270086792691435,0.130189126413413
"15680","Banfield Reef (North) (18-105a)",2,0.0512820512820513,0.0408044811719522,0.399667653475542,0.257192058440555,0.126310258895739
"15681","Banfield Reef (North) (18-105a)",2,0.160714285714286,0.0408044811719522,0.410924972116256,0.271966087860949,0.139974077490033
"15682","Banfield Reef (North) (18-105a)",2,0.00961538461538462,0.0408044811719522,0.398147162173943,0.257057096978227,0.127634000631657
"15684","Banfield Reef (North) (18-105a)",2,0.025,0.0330358133206739,0.383100496727311,0.230982483319547,0.097387182660478
"15685","Banfield Reef (North) (18-105a)",2,0.0333333333333333,0.0330358133206739,0.371335862763114,0.233374464727645,0.107472357278577
"15686","Banfield Reef (North) (18-105a)",2,0.1,0.033035813320674,0.409575583181414,0.194026921783782,0.111309807887251
"15687","Banfield Reef (North) (18-105a)",2,0.0166666666666667,0.0320578500758443,0.324321068590892,0.213384528606457,0.110925401217905
"15688","Banfield Reef (North) (18-105a)",2,0,0.033035813320674,0.468216168355025,0.243061598374452,0.104391910171681
"15689","Banfield Reef (North) (18-105a)",2,0.0806451612903226,0.033035813320674,0.399326643091263,0.226357127089378,0.0977241810874146
"15690","Banfield Reef (North) (18-105a)",2,0.0555555555555556,0.033035813320674,0.394212400289448,0.215900426429035,0.0998554173744006
"15691","Banfield Reef (North) (18-105a)",2,0.0641025641025641,0.033035813320674,0.397202651839673,0.206988036590312,0.101593142028964
"15692","Banfield Reef (North) (18-105a)",2,0.0423728813559322,0.0320578500758443,0.359155712789721,0.228988842441493,0.0940152309230854
"15693","Banfield Reef (North) (18-105a)",2,0,0.0320578500758443,0.423715449020988,0.222360064954152,0.0921990863630294
"15694","Banfield Reef (North) (18-105a)",2,0.0111111111111111,0.0320578500758443,0.424735313815655,0.230724893782253,0.099613029444506
"15695","Banfield Reef (North) (18-105a)",2,0.0208333333333333,0.033035813320674,0.503868492716807,0.288778305154047,0.132223434871441
"15696","Banfield Reef (North) (18-105a)",2,0.0614035087719298,0.0330181808109549,0.369982035139399,0.228909913856445,0.0912821167801595
"15697","Banfield Reef (North) (18-105a)",2,0.112068965517241,0.0333955638817386,0.377131646179361,0.220061668790716,0.101696233043002
"15698","Banfield Reef (North) (18-105a)",2,0.0402298850574713,0.0330181808109549,0.389155870829921,0.232855435712646,0.108923878383154
"15699","Banfield Reef (North) (18-105a)",2,0.0804597701149425,0.0333955638817387,0.386567781488049,0.246021443005416,0.107405436193154
"15823","Banfield Reef (North) (18-105a)",2,0.0583333333333333,0.0332570350712909,0.396730645912929,0.230015588147702,0.0944059115447697
"15824","Banfield Reef (North) (18-105a)",2,0.0560344827586207,0.0332570350712909,0.402824486378817,0.229204431237862,0.0959875125570162
"15825","Banfield Reef (North) (18-105a)",2,0.140350877192982,0.0332402157742265,0.39712762252872,0.214616043004489,0.100471425528792
"15826","Banfield Reef (North) (18-105a)",2,0.087719298245614,0.0359109546571379,0.41217820590504,0.226286226197907,0.107302347473191
"15827","Banfield Reef (North) (18-105a)",2,0.0444444444444444,0.0328645881984558,0.376570538518055,0.207926940979042,0.105177432713911
"15828","Banfield Reef (North) (18-105a)",2,0.0147058823529412,0.0328645881984558,0.361840180206574,0.202130522845644,0.101487014458137
"15829","Banfield Reef (North) (18-105a)",2,0.0517241379310345,0.0332402157742265,0.407089564793042,0.212464067247645,0.103865873664552
"15830","Banfield Reef (North) (18-105a)",2,0.00925925925925926,0.0359109546571379,0.40200041676133,0.239895733336785,0.113353808153664
"15831","Banfield Reef (North) (18-105a)",2,0.0388888888888889,0.0328645881984558,0.398080090997859,0.21691445463685,0.102152453581494
"15832","Banfield Reef (North) (18-105a)",2,0.015625,0.0328645881984558,0.420036351402944,0.217551353077977,0.101306739916152
"16300","Banfield Reef (North) (18-105a)",2,0.0363636363636364,0.036208444593489,0.404774514921568,0.247278153697347,0.115514973830506
"16301","Banfield Reef (North) (18-105a)",2,0.0219298245614035,0.036208444593489,0.40841247568972,0.23869995278041,0.11371791733675
"16302","Banfield Reef (North) (18-105a)",2,0.0333333333333333,0.0346376180915318,0.403869280137214,0.22447452229485,0.105995094336445
"16303","Banfield Reef (North) (18-105a)",2,0.0614754098360656,0.0374206335231048,0.440338013632838,0.24649317828845,0.113085560104205
"16304","Banfield Reef (North) (18-105a)",2,0.0573770491803279,0.0342461993172806,0.42549161665087,0.24248712046671,0.0992174562252213
"16305","Banfield Reef (North) (18-105a)",2,0.0570175438596491,0.0342461993172806,0.39579559160404,0.228861367089404,0.104305060943072
"16306","Banfield Reef (North) (18-105a)",2,0.0714285714285714,0.036208444593489,0.401811615691586,0.252203067478472,0.11710561271792
"16307","Banfield Reef (North) (18-105a)",2,0.0625,0.0325481073026332,0.409365681359602,0.215786629949962,0.0984921211142924
"16994","Banfield Reef (North) (18-105a)",2,0.00892857142857143,0.045573930597635,0.462177019990942,0.302691437628455,0.142571862871266
"16995","Banfield Reef (North) (18-105a)",2,0.00416666666666667,0.0459402543248469,0.486089359496521,0.299703083649543,0.144128650907032
"16996","Banfield Reef (North) (18-105a)",2,0.00625,0.047369914406024,0.48184618373081,0.302815779516708,0.151350470563282
"16998","Banfield Reef (North) (18-105a)",2,0.00746268656716418,0.0466526853928371,0.47145320151657,0.292953522923147,0.151407521185763
"16999","Banfield Reef (North) (18-105a)",2,0.05,0.0387915522129728,0.40823056780008,0.250033706872219,0.127585825342804
"17000","Banfield Reef (North) (18-105a)",2,0.0614035087719298,0.0419083221980823,0.444937457604938,0.271088939686756,0.128089961830331
"17001","Banfield Reef (North) (18-105a)",2,0.0465116279069767,0.0349920943824721,0.399681709914814,0.231379152183388,0.110600238665449
"17002","Banfield Reef (North) (18-105a)",2,0.0329457364341085,0.0443478166312311,0.459065005638757,0.286802128706031,0.147303937445056
"17003","Banfield Reef (North) (18-105a)",2,0.0199203187250996,0.0442175748391496,0.450099971309782,0.285999824429248,0.136214661708028
"17004","Banfield Reef (North) (18-105a)",2,0,0.0342664561195555,0.405711932884903,0.216720315828124,0.101839209952989
"17005","Banfield Reef (North) (18-105a)",2,0.0358974358974359,0.0472077991753434,0.483004595994236,0.310714404843824,0.144793127905214
"17006","Banfield Reef (North) (18-105a)",2,0.0365384615384615,0.0471447537034161,0.479537984017036,0.300711032015758,0.144209966573346
"17007","Banfield Reef (North) (18-105a)",2,0.0111940298507463,0.0338564956237109,0.401984133807987,0.220837982627696,0.102935277405489
"17034","Banfield Reef (North) (18-105a)",2,0.0204918032786885,0.0470446928414767,0.506381750585103,0.310423351918561,0.149949391223306
"17035","Banfield Reef (North) (18-105a)",2,0.0579710144927536,0.0474912093316005,0.479744350971212,0.291979995665935,0.160904101428132
"17036","Banfield Reef (North) (18-105a)",2,0.0113636363636364,0.0465613345299176,0.473280883670757,0.292678536007922,0.137325330374163
"17037","Banfield Reef (North) (18-105a)",2,0.0570175438596491,0.0467217822961252,0.484784651156799,0.277738925055304,0.149314644792249
"17211","Banfield Reef (North) (18-105a)",2,0.0175438596491228,0.0339565168837106,0.380670630219177,0.229854198271034,0.106253268890938
"17213","Banfield Reef (North) (18-105a)",2,0.0427698574338086,0.0406680616122249,0.460250425313735,0.261824097371967,0.128632406828806
"17214","Banfield Reef (North) (18-105a)",2,0.0218446601941748,0.0452012504268136,0.459258205196617,0.281944917557688,0.137985395099974
"17344","Banfield Reef (North) (18-105a)",2,0.0072202166064982,0.0451083234674495,0.452430623608649,0.283794733240417,0.138746598448255
"17791","Banfield Reef (North) (18-105a)",2,0.0925925925925926,0.036026991581254,0.414255238428337,0.243160945400892,0.109297938592618
"17792","Banfield Reef (North) (18-105a)",2,0.0962962962962963,0.0389216384723546,0.423977915204776,0.263610391053093,0.119238743383166
"18443","Banfield Reef (North) (18-105a)",2,0.071875,0.0385740211986726,0.418119686144401,0.249255161206849,0.115066924043437
"18444","Banfield Reef (North) (18-105a)",2,0.114130434782609,0.0385740211986726,0.439181376300725,0.250395402195242,0.121260620221469
"18445","Banfield Reef (North) (18-105a)",2,0.147435897435897,0.0434384333763239,0.447762362120857,0.29410254796088,0.132221543838867
"18447","Banfield Reef (North) (18-105a)",2,0.103703703703704,0.021121438705247,0.303912152843707,0.137114878033522,0.0547885123038597
"18448","Banfield Reef (North) (18-105a)",2,0.105555555555556,0.021121438705247,0.292524741365994,0.13191232203657,0.0527484728122351
"18449","Banfield Reef (North) (18-105a)",2,0.0508474576271186,0.0432817182784718,0.460899160247772,0.274566144492251,0.134610532453589
"18450","Banfield Reef (North) (18-105a)",2,0.0777777777777778,0.0432817182784718,0.458706245507859,0.266361451088777,0.143894159363045
"18451","Banfield Reef (North) (18-105a)",2,0.105555555555556,0.021121438705247,0.289074476744493,0.134403016696452,0.0532667251178058
"18452","Banfield Reef (North) (18-105a)",2,0.0350877192982456,0.021121438705247,0.270859080852784,0.142551520645979,0.0569885447373818
"18453","Banfield Reef (North) (18-105a)",2,0.127777777777778,0.0432817182784718,0.458351422310029,0.276082647540821,0.141623229299295
"18454","Banfield Reef (North) (18-105a)",2,0.049645390070922,0.0432817182784719,0.48497707786083,0.284518858921953,0.132563889666057
"18455","Banfield Reef (North) (18-105a)",2,0.0757575757575758,0.0430400579859776,0.418984684026978,0.296285555613467,0.130456201226692
"18456","Banfield Reef (North) (18-105a)",2,0.0175438596491228,0.0430551639345055,0.443371637795134,0.285374886701609,0.130682331291025
"18457","Banfield Reef (North) (18-105a)",2,0.116666666666667,0.0430551639345055,0.468812000278134,0.26388526964684,0.13378220760404
"18458","Banfield Reef (North) (18-105a)",2,0.0833333333333333,0.0430551639345055,0.478615724042537,0.28550681680978,0.135984652272603
"18459","Banfield Reef (North) (18-105a)",2,0.105555555555556,0.0430551639345055,0.45957160224171,0.275167470022514,0.13572979313777
"18460","Banfield Reef (North) (18-105a)",2,0.0303030303030303,0.0430400579859776,0.418635705339283,0.310226809500053,0.141820808046265
"18461","Banfield Reef (North) (18-105a)",2,0.0952380952380952,0.0430551639345054,0.411306264077046,0.262638195369024,0.136476121198563
"18462","Banfield Reef (North) (18-105a)",2,0.0722222222222222,0.0430551639345055,0.466907910104178,0.267759296976896,0.138333733511012
"18463","Banfield Reef (North) (18-105a)",2,0.111111111111111,0.0430551639345055,0.461637496981155,0.263850980766132,0.129194315975198
"18464","Banfield Reef (North) (18-105a)",2,0.0166666666666667,0.0430551639345055,0.455951296560617,0.275407454027202,0.129124620803553
"18529","Banfield Reef (North) (18-105a)",2,0.106995884773663,0.0434384333763239,0.468189776367497,0.282379203037804,0.133276037847334
"18737","Banfield Reef (North) (18-105a)",2,0.0833333333333333,0.0405817303338838,0.460567784831842,0.2794322659604,0.125331897255861
"18738","Banfield Reef (North) (18-105a)",2,0.0256410256410256,0.0405817303338838,0.446647617220041,0.239666627179918,0.127384194377184
"18739","Banfield Reef (North) (18-105a)",2,0.0375,0.0405817303338838,0.455727641655009,0.258721828764856,0.125312333968744
"18740","Banfield Reef (North) (18-105a)",2,0.0178571428571429,0.0405817303338838,0.373531272233934,0.251831836501448,0.138947667967339
"18741","Banfield Reef (North) (18-105a)",2,0.0666666666666667,0.0359700484578923,0.42522611729876,0.231824623826314,0.109143244661024
"18742","Banfield Reef (North) (18-105a)",2,0,0.0359700484578923,0.351137803463104,0.243325270218125,0.131169951681921
"18743","Banfield Reef (North) (18-105a)",2,0.0722222222222222,0.0405060842745393,0.456705652401612,0.259695716934069,0.12951439571283
"18744","Banfield Reef (North) (18-105a)",2,0.0402298850574713,0.0405060842745393,0.440120775133648,0.277297109160575,0.125652651071815
"18745","Banfield Reef (North) (18-105a)",2,0.096969696969697,0.0359700484578923,0.392963801919019,0.252166558131246,0.114451990636334
"18746","Banfield Reef (North) (18-105a)",2,0.075,0.0359700484578923,0.432746949142246,0.248094623556747,0.100230230350201
"18747","Banfield Reef (North) (18-105a)",2,0.0222222222222222,0.0359700484578923,0.446586878450397,0.254984048513074,0.107091414152215
"18748","Banfield Reef (North) (18-105a)",2,0.0994152046783626,0.0359700484578923,0.39159611639207,0.247131270905507,0.116159680825267
"18749","Banfield Reef (North) (18-105a)",2,0.106382978723404,0.0359700484578923,0.444154013472274,0.248863965387785,0.109323832857496
"18750","Banfield Reef (North) (18-105a)",2,0.116666666666667,0.0359700484578923,0.403378662542522,0.253622476014258,0.11668531118076
"18947","Banfield Reef (North) (18-105a)",2,0.0882352941176471,0.039714837996369,0.386183833117479,0.238299405656737,0.122680491263524
"18948","Banfield Reef (North) (18-105a)",2,0.0729166666666667,0.039714837996369,0.477406493586054,0.288244185572564,0.139747060390047
"18949","Banfield Reef (North) (18-105a)",2,0.0326086956521739,0.039714837996369,0.481628723457185,0.286776933931931,0.126212886729133
"18950","Banfield Reef (North) (18-105a)",2,0.0625,0.0395602099730739,0.441745035641346,0.241293223727798,0.123403941830527
"18951","Banfield Reef (North) (18-105a)",2,0.08,0.0397148379963691,0.509055541797588,0.293036333345601,0.138750981171022
"18952","Banfield Reef (North) (18-105a)",2,0.0272108843537415,0.039714837996369,0.465357949697338,0.272200310579136,0.125818323312756
"18953","Banfield Reef (North) (18-105a)",2,0.125786163522013,0.0395602099730739,0.413419292007696,0.261186029216601,0.131579094611332
"18954","Banfield Reef (North) (18-105a)",2,0.0740740740740741,0.039714837996369,0.396242488046577,0.246729396011663,0.134727506571509
"18955","Banfield Reef (North) (18-105a)",2,0.105263157894737,0.0395443198004742,0.402806375625778,0.265993063638738,0.123577174126636
"18956","Banfield Reef (North) (18-105a)",2,0.108333333333333,0.0395443198004741,0.426854105923061,0.282396952393107,0.126745450506107
"18957","Banfield Reef (North) (18-105a)",2,0.0277777777777778,0.0393903556824824,0.482171645690911,0.270619221251638,0.161550402711008
"18958","Banfield Reef (North) (18-105a)",2,0,0.0416904536110086,0.371279177275175,0.254944986692094,0.143573874277619
"18959","Banfield Reef (North) (18-105a)",2,0.0571428571428571,0.0416904536110086,0.424706127182723,0.309577492737649,0.144363751431602
"18960","Banfield Reef (North) (18-105a)",2,0.16,0.0393903556824824,0.540199096770482,0.33315514123055,0.156889344414727
"18961","Banfield Reef (North) (18-105a)",2,0.0747126436781609,0.0395443198004742,0.424871261688177,0.271956190928418,0.130011498365594
"18962","Banfield Reef (North) (18-105a)",2,0.0483870967741935,0.0395443198004742,0.451957932085768,0.259123963015286,0.123397797174896
"18963","Banfield Reef (North) (18-105a)",2,0,0.0393903556824823,0.377136434848005,0.268515134919774,0.143054902087319
"18964","Banfield Reef (North) (18-105a)",2,0.0583333333333333,0.0416904536110086,0.440476137325728,0.296496370778808,0.138818799522556
"18965","Banfield Reef (North) (18-105a)",2,0.0277777777777778,0.0416904536110086,0.416386770683193,0.265518415960769,0.134377121956127
"18966","Banfield Reef (North) (18-105a)",2,0.0196078431372549,0.0393903556824823,0.330903560139681,0.220107597827381,0.127470089208584
"18967","Banfield Reef (North) (18-105a)",2,0.0465116279069767,0.0188404361525301,0.293461963035816,0.128393239333075,0.0551195218758157
"18968","Banfield Reef (North) (18-105a)",2,0.116666666666667,0.0386075239086233,0.366463065393821,0.254990200996781,0.136574837099301
"18969","Banfield Reef (North) (18-105a)",2,0.1,0.0386075239086233,0.455489572466593,0.261808040201743,0.116209129810127
"18970","Banfield Reef (North) (18-105a)",2,0.164383561643836,0.0386075239086233,0.460993256699558,0.276079951800291,0.120478837015606
"18971","Banfield Reef (North) (18-105a)",2,0.1,0.0386075239086233,0.433147975632461,0.222258348793018,0.12749918517964
"18972","Banfield Reef (North) (18-105a)",2,0.157894736842105,0.0188404361525302,0.27112834172004,0.10394243588804,0.0444726089499596
"18973","Banfield Reef (North) (18-105a)",2,0.0232558139534884,0.0188404361525301,0.298494914659043,0.137235685749992,0.0523507607477058
"18974","Banfield Reef (North) (18-105a)",2,0.172413793103448,0.0386075239086233,0.369732427912504,0.238662512912182,0.132024382063378
"18975","Banfield Reef (North) (18-105a)",2,0.106060606060606,0.0386075239086233,0.441022804515804,0.255230399779153,0.119599999709127
"18976","Banfield Reef (North) (18-105a)",2,0.207142857142857,0.0386075239086233,0.454738758507269,0.273395966505192,0.119193783046277
"18977","Banfield Reef (North) (18-105a)",2,0.15,0.0188404361525301,0.276012354662293,0.131183444526817,0.0424673048027051
"18978","Banfield Reef (North) (18-105a)",2,0,0.0386075239086233,0.434984417820487,0.217536582453986,0.135727870782445
"18979","Banfield Reef (North) (18-105a)",2,0.15962441314554,0.038548286166984,0.417081536545092,0.266245914152115,0.113796652317491
"18980","Banfield Reef (North) (18-105a)",2,0.0469483568075117,0.038548286166984,0.410430244620239,0.254157213558789,0.118118117119619
"18981","Banfield Reef (North) (18-105a)",2,0.0272108843537415,0.0385618156196363,0.454826363570074,0.27878200740107,0.132734854758012
"18982","Banfield Reef (North) (18-105a)",2,0.151515151515152,0.0278121204751566,0.319336847925048,0.202888015361555,0.0838105912302497
"18983","Banfield Reef (North) (18-105a)",2,0.113475177304965,0.0385618156196363,0.463259837448394,0.264914013211161,0.124486141814686
"18984","Banfield Reef (North) (18-105a)",2,0.107142857142857,0.038548286166984,0.450195443700043,0.25600784181538,0.121059209660611
"18985","Banfield Reef (North) (18-105a)",2,0.107142857142857,0.038548286166984,0.445636946882914,0.271035817978678,0.118868597559254
"18986","Banfield Reef (North) (18-105a)",2,0.0319148936170213,0.0385618156196363,0.484798348439472,0.28390680425236,0.123953899351664
"18987","Banfield Reef (North) (18-105a)",2,0.08,0.0278121204751566,0.472280727717777,0.258117540653944,0.105050148111504
"18988","Banfield Reef (North) (18-105a)",2,0.0673076923076923,0.0385618156196363,0.366707925451528,0.237592824952293,0.129407255516565
"18989","Banfield Reef (North) (18-105a)",2,0.151162790697674,0.041519895601963,0.470160808703951,0.277541266851527,0.148427556841116
"18990","Banfield Reef (North) (18-105a)",2,0.0952380952380952,0.034972324784976,0.400374117637937,0.220024620246582,0.10890492481279
"18991","Banfield Reef (North) (18-105a)",2,0.0555555555555556,0.0392292075044489,0.465747665043765,0.272714478799784,0.121921431122877
"18992","Banfield Reef (North) (18-105a)",2,0.0652173913043478,0.0393298247866272,0.469669578494758,0.278080960994574,0.121387366658066
"18993","Banfield Reef (North) (18-105a)",2,0.0465116279069767,0.041519895601963,0.477591164702691,0.267801963024407,0.144624666528188
"18994","Banfield Reef (North) (18-105a)",2,0.06,0.0392292075044489,0.541547470201412,0.336236200115943,0.160846658324326
"18995","Banfield Reef (North) (18-105a)",2,0.0737704918032787,0.034972324784976,0.401448417610826,0.249776755890272,0.11538398241777
"18996","Banfield Reef (North) (18-105a)",2,0.0545454545454545,0.0392292075044489,0.389902612126834,0.258921885026279,0.128452815548781
"18997","Banfield Reef (North) (18-105a)",2,0.0106382978723404,0.0393298247866272,0.474901650609515,0.280128945523053,0.134078709825702
"18998","Banfield Reef (North) (18-105a)",2,0.037037037037037,0.0392292075044489,0.354903301464887,0.244191180257113,0.128468095739924
"18999","Banfield Reef (North) (18-105a)",2,0.0862068965517241,0.0414649373576974,0.430290438977556,0.282538655834712,0.133438569221473
"19000","Banfield Reef (North) (18-105a)",2,0.118181818181818,0.0392777654525126,0.402038957384366,0.262492405689625,0.131133892674168
"19001","Banfield Reef (North) (18-105a)",2,0,0.0414649373576974,0.506681239000907,0.308779714228607,0.146517028646146
"19002","Banfield Reef (North) (18-105a)",2,0.109756097560976,0.0414649373576974,0.455990614265504,0.260511411603332,0.133489983589394
"19003","Banfield Reef (North) (18-105a)",2,0.154545454545455,0.0392777654525126,0.411102273004393,0.256449132398074,0.133527262387863
"19004","Banfield Reef (North) (18-105a)",2,0,0.0414649373576974,0.510614664011222,0.3018223712639,0.154567137855209
"19120","Banfield Reef (North) (18-105a)",2,0.00416666666666667,0.0409141008170936,0.449682826460722,0.25924863517933,0.121099878965987
"19121","Banfield Reef (North) (18-105a)",2,0.0256410256410256,0.0409141008170936,0.413800467669973,0.258054039437452,0.136168366450378
"19122","Banfield Reef (North) (18-105a)",2,0.0595238095238095,0.0386568349351972,0.454967352766995,0.250016128436577,0.131389168217533
"19123","Banfield Reef (North) (18-105a)",2,0.05,0.0386568349351972,0.452348013290629,0.260307163381359,0.130521667255758
"19124","Banfield Reef (North) (18-105a)",2,0.02,0.0409141008170935,0.482835846275672,0.280619091348447,0.143323431850277
"19125","Banfield Reef (North) (18-105a)",2,0.036231884057971,0.0409141008170936,0.483009603532385,0.266596141544381,0.119957334242532
"19126","Banfield Reef (North) (18-105a)",2,0.0545454545454545,0.0386568349351972,0.416392041381401,0.266582916357484,0.122103964023506
"19127","Banfield Reef (North) (18-105a)",2,0.0227272727272727,0.0408683255041181,0.427889511101515,0.267248139174748,0.129581248477284
"19128","Banfield Reef (North) (18-105a)",2,0.03,0.0386135850853299,0.494582703971999,0.290850118648105,0.130429017384263
"19129","Banfield Reef (North) (18-105a)",2,0.0833333333333333,0.0344235054598875,0.41076931925205,0.237643924232398,0.107666965439571
"19130","Banfield Reef (North) (18-105a)",2,0.0404040404040404,0.0408683255041181,0.50507246858492,0.304452424581476,0.137952368724622
"19131","Banfield Reef (North) (18-105a)",2,0.037037037037037,0.0386135850853298,0.34208210088868,0.228018409146699,0.132692793962102
"19132","Banfield Reef (North) (18-105a)",2,0.0185185185185185,0.0386135850853298,0.408564303934422,0.256578541274301,0.13080475731186
"19133","Banfield Reef (North) (18-105a)",2,0.0727272727272727,0.0408683255041181,0.423331344321474,0.264324260397902,0.125018925146539
"19134","Banfield Reef (North) (18-105a)",2,0.106666666666667,0.0386135850853298,0.421642682950179,0.309537027595349,0.146865182515136
"19135","Banfield Reef (North) (18-105a)",2,0.0888888888888889,0.0344235054598875,0.389971828537092,0.242271678511954,0.116028638367782
"19136","Banfield Reef (North) (18-105a)",2,0.0476190476190476,0.0408683255041181,0.464354305120965,0.260992127830001,0.144088940253299
"19137","Banfield Reef (North) (18-105a)",2,0,0.0386135850853298,0.366665804408276,0.259868374818593,0.140492000691618
"19138","Banfield Reef (North) (18-105a)",2,0.0727272727272727,0.0386135850853299,0.417734972365873,0.262179551467224,0.12429593535431
"19139","Banfield Reef (North) (18-105a)",2,0.046875,0.03872169493531,0.42178246216475,0.253280483031332,0.120219672482721
"19140","Banfield Reef (North) (18-105a)",2,0.0416666666666667,0.03872169493531,0.454132112846111,0.256513156046292,0.121705114706595
"19141","Banfield Reef (North) (18-105a)",2,0.0541666666666667,0.0386698625764061,0.439172923072158,0.259876561172596,0.115090024842257
"19142","Banfield Reef (North) (18-105a)",2,0.05,0.0386698625764061,0.452352115258044,0.275104090995912,0.127182829030331
"19143","Banfield Reef (North) (18-105a)",2,0.0765765765765766,0.03872169493531,0.426241692246413,0.259902081503166,0.115288635246793
"19144","Banfield Reef (North) (18-105a)",2,0.117948717948718,0.03872169493531,0.451207043106608,0.274281173330581,0.123396328062582
"19145","Banfield Reef (North) (18-105a)",2,0.054421768707483,0.0386698625764061,0.462305400885191,0.259117913904415,0.127867023218252
"19146","Banfield Reef (North) (18-105a)",2,0.0546448087431694,0.0386698625764061,0.444578232394384,0.232092368678585,0.128036111530267
"19147","Banfield Reef (North) (18-105a)",2,0.0576923076923077,0.0272215215156231,0.31288206560658,0.178893264545624,0.0845373101171656
"19148","Banfield Reef (North) (18-105a)",2,0.00666666666666667,0.0377429435669632,0.453322223131691,0.265349179707718,0.11892630419867
"19149","Banfield Reef (North) (18-105a)",2,0.0277777777777778,0.0377429435669632,0.404433373062242,0.294556764256329,0.132548308889569
"19150","Banfield Reef (North) (18-105a)",2,0,0.0377297014164124,0.456657505639274,0.256500634066788,0.117738312986531
"19151","Banfield Reef (North) (18-105a)",2,0.018018018018018,0.0377297014164124,0.395589083252291,0.255272628826771,0.12534244908523
"19152","Banfield Reef (North) (18-105a)",2,0.1,0.0272215215156231,0.378335023279292,0.200681348544031,0.0845340540693691
"19153","Banfield Reef (North) (18-105a)",2,0.0357142857142857,0.0377429435669632,0.454259019701824,0.251551077128251,0.128352312555354
"19154","Banfield Reef (North) (18-105a)",2,0.00980392156862745,0.0377429435669632,0.374377883903733,0.225562713436382,0.113116597858951
"19155","Banfield Reef (North) (18-105a)",2,0.0208333333333333,0.0377297014164124,0.476184197852449,0.278906826146646,0.13597410686566
"19156","Banfield Reef (North) (18-105a)",2,0.111111111111111,0.0377297014164124,0.448278972263486,0.259164532097514,0.126348013722775
"19157","Banfield Reef (North) (18-105a)",2,0.05,0.037685192861918,0.426684462393712,0.237009973591124,0.119953408711043
"19158","Banfield Reef (North) (18-105a)",2,0.131313131313131,0.0376851928619179,0.481351315988186,0.291257192324064,0.123824498994093
"19159","Banfield Reef (North) (18-105a)",2,0.0617283950617284,0.0183903394501859,0.272552713561829,0.115018199512966,0.0456469779525162
"19160","Banfield Reef (North) (18-105a)",2,0.111111111111111,0.0183903394501859,0.257503209909212,0.111270724621992,0.0425779423240041
"19161","Banfield Reef (North) (18-105a)",2,0.062015503875969,0.0183903394501859,0.259745380968843,0.110384405491751,0.0452759834602053
"19162","Banfield Reef (North) (18-105a)",2,0.291666666666667,0.0376851928619179,0.425364733013836,0.255625514835673,0.115922842931857
"19163","Banfield Reef (North) (18-105a)",2,0.0166666666666667,0.0376851928619179,0.430132323232909,0.27412227457165,0.127773385658601
"19164","Banfield Reef (North) (18-105a)",2,0.0666666666666667,0.0376984193911159,0.372431896020997,0.255590063117083,0.134398955242424
"19165","Banfield Reef (North) (18-105a)",2,0.0777777777777778,0.0376984193911159,0.437327312358494,0.241067282842177,0.117726084259651
"19166","Banfield Reef (North) (18-105a)",2,0.105691056910569,0.0376984193911159,0.416701607879928,0.269714540045725,0.124891077611101
"19167","Banfield Reef (North) (18-105a)",2,0.0125,0.0342744764355406,0.404431235176093,0.233718392516159,0.0945670711881015
"19168","Banfield Reef (North) (18-105a)",2,0.0533333333333333,0.0342744764355406,0.413351410900196,0.239020469253856,0.108088089836803
"19169","Banfield Reef (North) (18-105a)",2,0.0833333333333333,0.0342744764355406,0.414292998487003,0.222277010941809,0.107479364237831
"19170","Banfield Reef (North) (18-105a)",2,0.0611111111111111,0.0342744764355406,0.393797305776712,0.219443126345164,0.0978170357178467
"19632","Banfield Reef (North) (18-105a)",2,0.0317460317460317,0.0418777481986808,0.45911814531262,0.262072555820068,0.130822762021686
"19633","Banfield Reef (North) (18-105a)",2,0,0.0453815435306314,0.441162521497978,0.268779440832103,0.142941292662462
"19634","Banfield Reef (North) (18-105a)",2,0.00833333333333333,0.0418777481986808,0.464478634943896,0.274820198635969,0.133986764246267
"19635","Banfield Reef (North) (18-105a)",2,0.00925925925925926,0.0453815435306315,0.461452856855132,0.292269542449818,0.138616944219182
"19636","Banfield Reef (North) (18-105a)",2,0.054726368159204,0.0415879503798901,0.418667469927637,0.248728533842288,0.132787101345588
"19637","Banfield Reef (North) (18-105a)",2,0.0769230769230769,0.0449294014972528,0.445758019182556,0.272364250393283,0.144677495757253
"19638","Banfield Reef (North) (18-105a)",2,0.0666666666666667,0.0450674991301031,0.482095358019314,0.286037114351957,0.144509069699193
"19639","Banfield Reef (North) (18-105a)",2,0.0612244897959184,0.0450674991301031,0.498474223151275,0.300099448563713,0.158150628247764
"19640","Banfield Reef (North) (18-105a)",2,0.037037037037037,0.0415879503798901,0.434349586280245,0.282786136033566,0.136339275830811
"19641","Banfield Reef (North) (18-105a)",2,0.0484848484848485,0.0449294014972527,0.462298552694554,0.29142917331495,0.14609958403496
"19642","Banfield Reef (North) (18-105a)",2,0.0261437908496732,0.0450674991301031,0.423547968993981,0.271475519465868,0.147857664298313
"19643","Banfield Reef (North) (18-105a)",2,0.0212765957446809,0.0450674991301031,0.50057549833363,0.294803882628076,0.143397978398306
"19775","Banfield Reef (North) (18-105a)",2,0.0905172413793103,0.0413339703930479,0.457714280246232,0.266200037237301,0.129881246959398
"19776","Banfield Reef (North) (18-105a)",2,0.0431034482758621,0.0413339703930479,0.442102696659156,0.270678606581459,0.13321701443565
"19777","Banfield Reef (North) (18-105a)",2,0.029535864978903,0.0412301531447434,0.456306215387965,0.275391317268857,0.132749372637322
"19778","Banfield Reef (North) (18-105a)",2,0.0159574468085106,0.0412301531447434,0.464696646335416,0.273729026980807,0.12023682829851
"19779","Banfield Reef (North) (18-105a)",2,0.0326086956521739,0.0412301531447434,0.450075764948666,0.265423111079633,0.129367571513772
"19780","Banfield Reef (North) (18-105a)",2,0,0.0412301531447434,0.435020229621698,0.280082185588013,0.126035772787618
"19781","Banfield Reef (North) (18-105a)",2,0.0208333333333333,0.0435236701665413,0.498059324333825,0.29894744718203,0.143455209162464
"19782","Banfield Reef (North) (18-105a)",2,0.0514705882352941,0.0435236701665413,0.484458899923468,0.278050915161731,0.149435607459863
"19783","Banfield Reef (North) (18-105a)",2,0.0318181818181818,0.0435236701665413,0.456694862561291,0.290445165748272,0.13073998748009
"19784","Banfield Reef (North) (18-105a)",2,0.0108695652173913,0.0435236701665413,0.498828258617445,0.296179768207693,0.139775205741037
"19785","Banfield Reef (North) (18-105a)",2,0.0780141843971631,0.0258242584981522,0.365229900464657,0.185167132229312,0.0779927898572652
"19786","Banfield Reef (North) (18-105a)",2,0.00709219858156028,0.0358056227898589,0.443591024618021,0.25185535156173,0.109349980918572
"19787","Banfield Reef (North) (18-105a)",2,0.0555555555555556,0.0258242584981522,0.337780317887737,0.170669566777057,0.0707571975299284
"19788","Banfield Reef (North) (18-105a)",2,0.016304347826087,0.0358056227898589,0.424260223405541,0.22950015359486,0.117196274058884
"19803","Banfield Reef (North) (18-105a)",2,0.0641025641025641,0.0457115501863498,0.437613782145328,0.289034934738985,0.148074875368542
"19804","Banfield Reef (North) (18-105a)",2,0.0416666666666667,0.0461454133856719,0.481624323483243,0.291559396221411,0.151112181607098
"19805","Banfield Reef (North) (18-105a)",2,0,0.0457115501863498,0.457322446549452,0.298231039055376,0.157860807920474
"19806","Banfield Reef (North) (18-105a)",2,0.102564102564103,0.0461454133856719,0.457903915318802,0.313105417623565,0.145641465077178
"19909","Banfield Reef (North) (18-105a)",2,0.0595238095238095,0.0401890422537884,0.436031410192003,0.273470298667793,0.125593788986432
"19910","Banfield Reef (North) (18-105a)",2,0.0425531914893617,0.0401890422537884,0.458741604127702,0.267882055225752,0.119856212410096
"19911","Banfield Reef (North) (18-105a)",2,0.01875,0.0453215987676017,0.452063774704187,0.292422201587005,0.151186845057065
"19912","Banfield Reef (North) (18-105a)",2,0,0.0448954811451338,0.502618496309746,0.3152248727854,0.149690368905284
"19913","Banfield Reef (North) (18-105a)",2,0.035,0.0453215987676017,0.504080491014748,0.312266419516346,0.151350336360238
"19914","Banfield Reef (North) (18-105a)",2,0.0797872340425532,0.0448954811451338,0.489702464477668,0.285632887774425,0.141137793309482
"19915","Banfield Reef (North) (18-105a)",2,0.0178571428571429,0.0405962623077717,0.446461769209623,0.284546106094536,0.13266877041349
"19916","Banfield Reef (North) (18-105a)",2,0.037037037037037,0.0405962623077717,0.436745938172148,0.273611695973093,0.132107304497215
"20945","Banfield Reef (North) (18-105a)",2,0.087719298245614,0.0408037562853973,0.432090308236459,0.271841932384214,0.138411083772027
"20946","Banfield Reef (North) (18-105a)",2,0.0166666666666667,0.0397305191474452,0.442574214403638,0.251604620914842,0.120801530070194
"20947","Banfield Reef (North) (18-105a)",2,0.0666666666666667,0.0408037562853973,0.443298854613751,0.253980003065406,0.137145114983708
"20948","Banfield Reef (North) (18-105a)",2,0.0166666666666667,0.0397305191474452,0.450792344647911,0.260045273263638,0.116920380319229
"20949","Banfield Reef (North) (18-105a)",2,0.00416666666666667,0.0364727326687615,0.434001154831134,0.247649891617712,0.113051459732103
"20950","Banfield Reef (North) (18-105a)",2,0.0875,0.0363609714629622,0.429872339994274,0.235592787669417,0.109824646113899
"20951","Banfield Reef (North) (18-105a)",2,0.0583333333333333,0.0364727326687615,0.423553105112029,0.243852388222649,0.107213016608533
"20952","Banfield Reef (North) (18-105a)",2,0.0958333333333333,0.0363609714629622,0.435272858849555,0.247139123845819,0.105697578261803
"21107","Banfield Reef (North) (18-105a)",2,0.0665024630541872,0.0391268868800948,0.418453375696189,0.250360919412639,0.113877327466665
"21108","Banfield Reef (North) (18-105a)",2,0.0456730769230769,0.0362169754295181,0.415922249753495,0.237468293647031,0.108757392335507
"21214","Banfield Reef (North) (18-105a)",2,0.0888888888888889,0.0172241943198508,0.244941283151237,0.0973223230180284,0.0335940600332512
"21215","Banfield Reef (North) (18-105a)",2,0.0681818181818182,0.0172241943198508,0.232494498767993,0.115076544954601,0.0407778210328629
"21216","Banfield Reef (North) (18-105a)",2,0.0817307692307692,0.0172073177390134,0.207897912784908,0.109270351753337,0.0363208678129569
"21217","Banfield Reef (North) (18-105a)",2,0.0490196078431373,0.0172073177390134,0.214618945162212,0.0973838050064186,0.0398144873188219
"21218","Banfield Reef (North) (18-105a)",2,0.0232558139534884,0.0181159582470285,0.26299649301785,0.115564778363873,0.0412751153623949
"21219","Banfield Reef (North) (18-105a)",2,0.0681818181818182,0.0181159582470285,0.231895200709974,0.126102324716863,0.0390913899859581
"21220","Banfield Reef (North) (18-105a)",2,0.0462962962962963,0.0181159582470285,0.226884665848273,0.119355939440422,0.0463459397788043
"21221","Banfield Reef (North) (18-105a)",2,0.0196078431372549,0.0371229352381977,0.317476218412737,0.215559765016562,0.111330278700906
"21222","Banfield Reef (North) (18-105a)",2,0.0541666666666667,0.0371229352381977,0.43716258582965,0.243149892299939,0.109516477416164
"21223","Banfield Reef (North) (18-105a)",2,0.0666666666666667,0.0371229352381977,0.424892719563429,0.262137144638514,0.107823159650636
"21224","Banfield Reef (North) (18-105a)",2,0.0267857142857143,0.0371229352381977,0.383686739895234,0.261511631858593,0.118038808195282
"21225","Banfield Reef (North) (18-105a)",2,0.0147058823529412,0.0371229352381977,0.381733055388617,0.237424702737417,0.105120077390213
"21290","Banfield Reef (North) (18-105a)",2,0.166666666666667,0.0502348048293542,0.441917693198019,0.311148535757215,0.190610653037863
"21291","Banfield Reef (North) (18-105a)",2,0.0666666666666667,0.0502348048293542,0.430665115849019,0.311718925517035,0.179296776093266
"21292","Banfield Reef (North) (18-105a)",2,0.333333333333333,0.0502348048293542,0.431188287019642,0.313428724788166,0.186447529880665
"21293","Banfield Reef (North) (18-105a)",2,0,0.0502348048293542,0.343451027084561,0.342718783005313,0.154467465118412
"21294","Banfield Reef (North) (18-105a)",2,0,0.0502348048293542,0.347011534413322,0.348824212821556,0.152224024646724
"21295","Banfield Reef (North) (18-105a)",2,0.192982456140351,0.0502348048293543,0.434049895492521,0.302748665423132,0.173133765393326
"21296","Banfield Reef (North) (18-105a)",2,0.0701754385964912,0.0502348048293543,0.415019169038529,0.294827463253515,0.179087721676423
"21297","Banfield Reef (North) (18-105a)",2,0.0526315789473684,0.0502348048293543,0.420189902824705,0.301322108151479,0.174001996153631
"21298","Banfield Reef (North) (18-105a)",2,0.105263157894737,0.0502348048293543,0.417108804345075,0.299821439817516,0.169684125413462
"21299","Banfield Reef (North) (18-105a)",2,0.153846153846154,0.0502348048293542,0.312343161821864,0.32720813676006,0.139642710455095
"21300","Banfield Reef (North) (18-105a)",2,0,0.0502348048293542,0.315855156129244,0.321597704301772,0.12997824697443
"21301","Banfield Reef (North) (18-105a)",2,0,0.0502348048293542,0.315240216117496,0.317839560183349,0.133807901899515
"21302","Banfield Reef (North) (18-105a)",2,0,0.0502348048293542,0.316106315324081,0.316971023765242,0.128723901512161
"21303","Banfield Reef (North) (18-105a)",2,0,0.0502348048293542,0.3469280511161,0.344233216497974,0.150430164076772
"21304","Banfield Reef (North) (18-105a)",2,0.0175438596491228,0.0200031479713149,0.219428944490492,0.133081002471474,0.0609213932653069
"21305","Banfield Reef (North) (18-105a)",2,0,0.0200031479713149,0.222718566982215,0.135996990747403,0.0568089067349342
"21306","Banfield Reef (North) (18-105a)",2,0,0.0200031479713149,0.216035220875856,0.12857820188985,0.0537581161464391
"21307","Banfield Reef (North) (18-105a)",2,0,0.0200031479713149,0.213695737583925,0.216284087263293,0.068313309964179
"21308","Banfield Reef (North) (18-105a)",2,0,0.0200031479713149,0.206223975769398,0.209390715477222,0.0652910698232126
"21309","Banfield Reef (North) (18-105a)",2,0,0.0200031479713149,0.215373314144559,0.211276460126867,0.0673514861330912
"21310","Banfield Reef (North) (18-105a)",2,0.0677966101694915,0.0200031479713149,0.2370972298924,0.136069650595217,0.0588345043436287
"21311","Banfield Reef (North) (18-105a)",2,0,0.0200031479713149,0.222559965125026,0.131155912831351,0.0580288711056379
"21312","Banfield Reef (North) (18-105a)",2,0,0.0200031479713149,0.234627088976118,0.139830317897769,0.0587874280470047
"21313","Banfield Reef (North) (18-105a)",2,0.0338983050847458,0.0200031479713149,0.223567745018375,0.133009298547409,0.0593840281927737
"21314","Banfield Reef (North) (18-105a)",2,0,0.0200031479713149,0.250037512943625,0.24499789559736,0.0849504773805816
"21315","Banfield Reef (North) (18-105a)",2,0,0.0200031479713149,0.248651985659612,0.245214521671163,0.0803872210456022
"21316","Banfield Reef (North) (18-105a)",2,0.0476190476190476,0.0200031479713149,0.244539366114657,0.251684642568452,0.086228058735581
"21317","Banfield Reef (North) (18-105a)",2,0,0.0200031479713149,0.239941578666771,0.236136407694918,0.0791194769910598
"21330","Banfield Reef (North) (18-105a)",2,0.0535714285714286,0.0547440453322275,0.442815649175725,0.323752599537799,0.181682075737982
"21331","Banfield Reef (North) (18-105a)",2,0.0714285714285714,0.0547440453322275,0.441637305349518,0.310197853316158,0.187583062894169
"21332","Banfield Reef (North) (18-105a)",2,0.107142857142857,0.0547440453322275,0.434678301187346,0.316859750347924,0.194817918012542
"21333","Banfield Reef (North) (18-105a)",2,0.0892857142857143,0.0547440453322275,0.441547747573683,0.318546426812073,0.192390464843173
"21334","Banfield Reef (North) (18-105a)",2,0.415094339622642,0.0547440453322275,0.421333861703871,0.309839605065265,0.16617124551925
"21335","Banfield Reef (North) (18-105a)",2,0.132075471698113,0.0547440453322275,0.42748868473243,0.310061676020921,0.185059202888033
"21336","Banfield Reef (North) (18-105a)",2,0.169811320754717,0.0547440453322275,0.417515820522011,0.303343599917288,0.179580880862028
"21337","Banfield Reef (North) (18-105a)",2,0.0166666666666667,0.0394971640887471,0.377039880063802,0.260700131043279,0.143377895520067
"21338","Banfield Reef (North) (18-105a)",2,0.0833333333333333,0.0394971640887471,0.374186191633049,0.259619669785349,0.143562784211142
"21339","Banfield Reef (North) (18-105a)",2,0.0833333333333333,0.0394971640887471,0.374777978390079,0.261631546526182,0.144330933207863
"21340","Banfield Reef (North) (18-105a)",2,0.05,0.0394971640887471,0.373723915473785,0.266782988651559,0.143883788042868
"21341","Banfield Reef (North) (18-105a)",2,0.708860759493671,0.0394971640887471,0.439684831633864,0.245468268215114,0.119496927163393
"21342","Banfield Reef (North) (18-105a)",2,0.177215189873418,0.0394971640887471,0.446712939028678,0.239886639401069,0.127104861453742
"21343","Banfield Reef (North) (18-105a)",2,0.139240506329114,0.0394971640887471,0.435650195343137,0.245495169326827,0.124893219983755
"21378","Banfield Reef (North) (18-105a)",2,0,0.0308179280524206,0.31189013113305,0.200396668465604,0.105345529842608
"21379","Banfield Reef (North) (18-105a)",2,0,0.0308179280524206,0.320291533536193,0.205603674805503,0.10452849035718
"21380","Banfield Reef (North) (18-105a)",2,0,0.0308179280524206,0.312896582097911,0.201302130850467,0.105279974538359
"21381","Banfield Reef (North) (18-105a)",2,0.0689655172413793,0.0308179280524206,0.310244796356027,0.20357319166314,0.106910685772213
"21382","Banfield Reef (North) (18-105a)",2,0,0.0308179280524206,0.315604622173051,0.313559849576699,0.128639496069816
"21383","Banfield Reef (North) (18-105a)",2,0,0.0308179280524206,0.31442090036026,0.318293339403266,0.123656744215396
"21384","Banfield Reef (North) (18-105a)",2,0,0.0308179280524206,0.30751018895388,0.310332863618001,0.129710022108516
"21385","Banfield Reef (North) (18-105a)",2,0,0.0308179280524206,0.305144712077538,0.306729545563126,0.12338276605476
"21386","Banfield Reef (North) (18-105a)",2,0,0.0308179280524206,0.455142316778953,0.235834209526639,0.0935409694496724
"21387","Banfield Reef (North) (18-105a)",2,0,0.0308179280524206,0.451556975810071,0.229879485657654,0.0972145505812046
"21388","Banfield Reef (North) (18-105a)",2,0,0.0308179280524206,0.453604161756842,0.235510559353707,0.0882670051564111
"21389","Banfield Reef (North) (18-105a)",2,0,0.0308179280524206,0.446148067329444,0.243483022668538,0.0996512838499659
"21390","Banfield Reef (North) (18-105a)",2,0,0.0308179280524206,0.315043189849032,0.327469500723763,0.136821792694461
"21391","Banfield Reef (North) (18-105a)",2,0,0.0308179280524206,0.308757874454492,0.324430507869465,0.135204445405749
"21392","Banfield Reef (North) (18-105a)",2,0,0.0308179280524206,0.322320631992222,0.324748761893281,0.134315712220844
"21393","Banfield Reef (North) (18-105a)",2,0,0.0308179280524206,0.320058329421461,0.30980378041507,0.133790439850423
"21433","Banfield Reef (North) (18-105a)",2,0.021505376344086,0.0421213180048532,0.493526492272276,0.299551002000836,0.136092345057854
"21434","Banfield Reef (North) (18-105a)",2,0.183333333333333,0.0421213180048532,0.435511143377379,0.292795829337089,0.146009180824276
"21435","Banfield Reef (North) (18-105a)",2,0.19047619047619,0.0422399087571909,0.453662311168781,0.251953015342582,0.124055377290908
"21436","Banfield Reef (North) (18-105a)",2,0.0909090909090909,0.0422399087571909,0.418307746132937,0.294288161684647,0.13955418571973
"21437","Banfield Reef (North) (18-105a)",2,0.1,0.0422399087571909,0.468292001641641,0.279732946904541,0.133681723745083
"21438","Banfield Reef (North) (18-105a)",2,0.543478260869565,0.0422399087571909,0.499953331145719,0.297178777571266,0.1393589050251
"21439","Banfield Reef (North) (18-105a)",2,0.0541666666666667,0.0381006270300642,0.450423280645371,0.255259520289788,0.118576088173775
"21441","Banfield Reef (North) (18-105a)",2,0.025,0.0381006270300642,0.450924132978794,0.260471757026791,0.119091782291914
"21442","Banfield Reef (North) (18-105a)",2,0.0466101694915254,0.0381006270300643,0.443026343046671,0.246577519327093,0.12167385008857
"21443","Banfield Reef (North) (18-105a)",2,0.0443548387096774,0.0381006270300643,0.458471756871285,0.261446457446883,0.123647566452737
"21444","Banfield Reef (North) (18-105a)",2,0.0380952380952381,0.0382862349224227,0.377828327112927,0.241123940052224,0.117394950497824
"21445","Banfield Reef (North) (18-105a)",2,0.0285714285714286,0.0382862349224227,0.375319142730249,0.231761229393357,0.128863810246232
"21613","Banfield Reef (North) (18-105a)",2,0.0666666666666667,0.0459637915739045,0.484973236861054,0.287083819255658,0.154545889203678
"21614","Banfield Reef (North) (18-105a)",2,0.065,0.0459637915739045,0.50790564896034,0.313644905189067,0.155104918477302
"21956","Banfield Reef (North) (18-105a)",2,0.0204081632653061,0.0420361008403572,0.475160721812884,0.275224479416283,0.138196059198995
"21957","Banfield Reef (North) (18-105a)",2,0.0681818181818182,0.0471447537034161,0.480440785162434,0.294040916108247,0.146671751384678
"21958","Banfield Reef (North) (18-105a)",2,0.016304347826087,0.0471447537034161,0.494229543322894,0.29733410823498,0.151321501874482
"21959","Banfield Reef (North) (18-105a)",2,0.0288461538461538,0.0420361008403573,0.415979537885819,0.264536971156857,0.138884517442691
"21960","Banfield Reef (North) (18-105a)",2,0.0520833333333333,0.0471447537034161,0.497826583555952,0.318484271589683,0.156171326211178
"21961","Banfield Reef (North) (18-105a)",2,0.0652173913043478,0.0471447537034161,0.493857827687116,0.297840647285754,0.168172828197825
"22064","Banfield Reef (North) (18-105a)",2,0.016304347826087,0.0452435850111583,0.479506975188141,0.287300341378408,0.143600456159183
"22065","Banfield Reef (North) (18-105a)",2,0.025,0.042497762597668,0.463354733886028,0.271451336190533,0.138439492901497
"22066","Banfield Reef (North) (18-105a)",2,0.0406976744186047,0.0452435850111582,0.465909219017353,0.315407851923966,0.150654652822167
"22067","Banfield Reef (North) (18-105a)",2,0,0.0424977625976679,0.390482603158604,0.272619050754142,0.157557357499855
"22068","Banfield Reef (North) (18-105a)",2,0.00641025641025641,0.0452435850111583,0.436441708995842,0.287251921255487,0.150557847679334
"22069","Banfield Reef (North) (18-105a)",2,0.0277777777777778,0.042497762597668,0.453891331778815,0.272700164663424,0.144013218950763
"22070","Banfield Reef (North) (18-105a)",2,0.024390243902439,0.0452435850111582,0.454432892728187,0.313446309116691,0.157347213411567
"22071","Banfield Reef (North) (18-105a)",2,0,0.042497762597668,0.539299695982587,0.316534875113989,0.148254201494231
"22072","Banfield Reef (North) (18-105a)",2,0.0222222222222222,0.0424168054473967,0.456558485371479,0.269492659743771,0.137029431597837
"22073","Banfield Reef (North) (18-105a)",2,0.00952380952380952,0.0424168054473967,0.403486496778342,0.267811975739023,0.141407095806751
"22074","Banfield Reef (North) (18-105a)",2,0.00555555555555556,0.0424168054473967,0.461199178413207,0.274594491260349,0.127205989538711
"22075","Banfield Reef (North) (18-105a)",2,0,0.0424168054473967,0.49553535974698,0.285542749728375,0.139975858244086
"22294","Banfield Reef (North) (18-105a)",2,0,0.0437324609606404,0.478172967247048,0.281325526933688,0.138787260225276
"22295","Banfield Reef (North) (18-105a)",2,0,0.0444526590382248,0.495310415570843,0.294595554289533,0.147759039995475
"22502","Banfield Reef (North) (18-105a)",2,0.00625,0.0387761331075293,0.41305955995194,0.249674719967875,0.135824944798805
"22503","Banfield Reef (North) (18-105a)",2,0.0166666666666667,0.0387761331075293,0.417705424952953,0.279052827608333,0.138161550169792
"22514","Banfield Reef (North) (18-105a)",2,0.025,0.0387559185248856,0.406169059886386,0.250123347997548,0.125821692713292
"22515","Banfield Reef (North) (18-105a)",2,0.0296296296296296,0.0387559185248856,0.448147160619837,0.252469332782946,0.122338942952557
"22516","Banfield Reef (North) (18-105a)",2,0.00775193798449612,0.0403259894016791,0.447226935018995,0.255212954178259,0.135457000332646
"22517","Banfield Reef (North) (18-105a)",2,0.0170454545454545,0.0387559185248856,0.429278148038808,0.239357395245466,0.126249634727733
"22518","Banfield Reef (North) (18-105a)",2,0.0333333333333333,0.0387559185248856,0.4311419584964,0.250815387455215,0.12142895352313
"22519","Banfield Reef (North) (18-105a)",2,0.0185185185185185,0.0403259894016791,0.433970908843818,0.281162591590898,0.125684668495216
"22520","Banfield Reef (North) (18-105a)",2,0.00543478260869565,0.0393157280656484,0.446070017834959,0.260344452556086,0.130528165409875
"22521","Banfield Reef (North) (18-105a)",2,0.00555555555555556,0.0427466866726909,0.472573801466881,0.267195516477972,0.133570539942569
"22522","Banfield Reef (North) (18-105a)",2,0.03125,0.0402790562757574,0.432553258054275,0.265702460466457,0.117230431124604
"22523","Banfield Reef (North) (18-105a)",2,0.0238095238095238,0.0387108127151751,0.418943632333342,0.262137405668222,0.120859159310256
"22524","Banfield Reef (North) (18-105a)",2,0.00595238095238095,0.0393157280656483,0.416262611195368,0.261362405204788,0.119358192205882
"22525","Banfield Reef (North) (18-105a)",2,0.015,0.0393157280656483,0.467636778911995,0.274788701661853,0.12348943897045
"22526","Banfield Reef (North) (18-105a)",2,0.00862068965517241,0.0402790562757574,0.416888840228949,0.270778037293783,0.120773369774468
"22527","Banfield Reef (North) (18-105a)",2,0,0.0387108127151751,0.418488020335243,0.277589863538788,0.123721891334887
"22528","Banfield Reef (North) (18-105a)",2,0.0304878048780488,0.0421408562677024,0.431294924131902,0.2843404599302,0.135879499966676
"22529","Banfield Reef (North) (18-105a)",2,0.0792682926829268,0.0421408562677024,0.447498126039524,0.286343606815101,0.131113638417567
"22530","Banfield Reef (North) (18-105a)",2,0.0106382978723404,0.0421408562677024,0.471159961961309,0.276092703102674,0.126792376276963
"22531","Banfield Reef (North) (18-105a)",2,0,0.0408485787705192,0.474949794826702,0.285129702507744,0.12973397170459
"22532","Banfield Reef (North) (18-105a)",2,0.0576923076923077,0.0421408562677024,0.424135634011581,0.272344879365252,0.133356100399833
"22533","Banfield Reef (North) (18-105a)",2,0.0104166666666667,0.0408485787705192,0.467087723354606,0.277096701030883,0.133813154356589
"22534","Banfield Reef (North) (18-105a)",2,0.0378787878787879,0.0406999332163595,0.453817720763675,0.25046907284563,0.127585001363626
"22535","Banfield Reef (North) (18-105a)",2,0.0301204819277108,0.0406999332163595,0.430182432801612,0.277210914424314,0.131577945773414
"22536","Banfield Reef (North) (18-105a)",2,0.0141843971631206,0.0385793186457154,0.45972218436903,0.262342607488566,0.127977256020312
"22537","Banfield Reef (North) (18-105a)",2,0.05,0.0406999332163595,0.452916278955443,0.255779932341438,0.128962191335221
"22538","Banfield Reef (North) (18-105a)",2,0.00625,0.0406999332163595,0.412575500779048,0.269507658367419,0.136033295384898
"22539","Banfield Reef (North) (18-105a)",2,0.0222222222222222,0.0385793186457154,0.428100846405826,0.249899833424357,0.123367752353038
"23264","Banfield Reef (North) (18-105a)",2,0.00416666666666667,0.0397409544223189,0.447756707598128,0.276369363718651,0.124032504948838
"23265","Banfield Reef (North) (18-105a)",2,0.0174418604651163,0.0397409544223189,0.427901975588419,0.277596037966948,0.119706600020773
"23266","Banfield Reef (North) (18-105a)",2,0.0948275862068965,0.0364940467887725,0.423055489850032,0.229517395122706,0.11228439982909
"23267","Banfield Reef (North) (18-105a)",2,0.0148148148148148,0.039740954422319,0.450377327952679,0.268612040852493,0.136429004000563
"23268","Banfield Reef (North) (18-105a)",2,0.0256410256410256,0.039740954422319,0.411430057769223,0.251128389537846,0.130908783867257
"23269","Banfield Reef (North) (18-105a)",2,0.0518518518518519,0.0364940467887725,0.43577217824623,0.225108781430899,0.123652783707879
"23270","Banfield Reef (North) (18-105a)",2,0.0928571428571429,0.0363609714629622,0.419902352221341,0.223667305975191,0.112000027436246
"23271","Banfield Reef (North) (18-105a)",2,0.0666666666666667,0.0364727326687615,0.431566795312783,0.248591456415407,0.106941265856181
"23272","Banfield Reef (North) (18-105a)",2,0.0238095238095238,0.0397177439661914,0.421961083681265,0.275628125733526,0.133509183171449
"23273","Banfield Reef (North) (18-105a)",2,0.0535714285714286,0.0363609714629622,0.42889496353525,0.22932864052786,0.114528013728308
"23274","Banfield Reef (North) (18-105a)",2,0.00892857142857143,0.0397177439661914,0.435905239959639,0.266948673242426,0.131000604468341
"23275","Banfield Reef (North) (18-105a)",2,0.0583333333333333,0.0383050011509595,0.450972142088144,0.247510901511608,0.114011943741316
"23438","Banfield Reef (North) (18-105a)",2,0.025,0.0334313520052759,0.378372425355355,0.245552845880887,0.114124377671637
"23439","Banfield Reef (North) (18-105a)",2,0.108333333333333,0.0334313520052759,0.376410106653089,0.252357986747007,0.104214597227776
"23440","Banfield Reef (North) (18-105a)",2,0.0492957746478873,0.0334133979231745,0.398954118322875,0.225996900070644,0.0982364706602505
"23441","Banfield Reef (North) (18-105a)",2,0.075,0.0360980514058636,0.448621408086194,0.25911073522831,0.110518106147839
"23442","Banfield Reef (North) (18-105a)",2,0.0614035087719298,0.0362090044852177,0.405306921644809,0.2233870747903,0.104542461398192
"23443","Banfield Reef (North) (18-105a)",2,0.0607142857142857,0.0334133979231745,0.39820405950334,0.217325130259058,0.107886697847264
"23444","Banfield Reef (North) (18-105a)",2,0.05,0.0360980514058636,0.409937273475607,0.24135049919975,0.107080789014133
"23445","Banfield Reef (North) (18-105a)",2,0.0526315789473684,0.0362090044852177,0.404123976957217,0.230001468626058,0.109944441816399
"23460","Banfield Reef (North) (18-105a)",2,0.0304054054054054,0.0360787844595325,0.430550824567831,0.236422850278098,0.109169189123595
"23461","Banfield Reef (North) (18-105a)",2,0.220238095238095,0.0394416282709804,0.426045144035753,0.269661052877498,0.122714487361185
"23462","Banfield Reef (North) (18-105a)",2,0.104166666666667,0.0394416282709804,0.455328300631233,0.266087269784842,0.11607766908672
"23463","Banfield Reef (North) (18-105a)",2,0.037037037037037,0.036189678318875,0.377393923951796,0.237492734634385,0.116759114744137
"23464","Banfield Reef (North) (18-105a)",2,0.125,0.0394416282709804,0.437466185762277,0.244766527918814,0.116684958198915
"23465","Banfield Reef (North) (18-105a)",2,0.106666666666667,0.0394416282709804,0.475636471521576,0.285348101684147,0.127680135824448
"23466","Banfield Reef (North) (18-105a)",2,0.05,0.036189678318875,0.429530145553401,0.251289023697503,0.114578184899051
"23467","Banfield Reef (North) (18-105a)",2,0.0777027027027027,0.0360787844595325,0.42484337072951,0.24644330387673,0.111023862046758
"24221","Banfield Reef (North) (18-105a)",2,0.0691489361702128,0.0494594606375635,0.516254330877411,0.321171626543368,0.161518377553944
"24222","Banfield Reef (North) (18-105a)",2,0.025,0.0494594606375635,0.523316280617575,0.339074827733242,0.163443705496969
"24223","Banfield Reef (North) (18-105a)",2,0.04,0.0453815435306314,0.498402627534229,0.310678291897373,0.155432589692079
"24224","Banfield Reef (North) (18-105a)",2,0.0208333333333333,0.0453815435306314,0.496055599166217,0.294805691735481,0.146278862219888
"24225","Banfield Reef (North) (18-105a)",2,0.0334928229665072,0.0494594606375635,0.472038100873625,0.307126441285307,0.157975968688829
"24226","Banfield Reef (North) (18-105a)",2,0.0660377358490566,0.0494594606375635,0.47073332719092,0.308251191387193,0.163328666078445
"24227","Banfield Reef (North) (18-105a)",2,0.0129310344827586,0.0453815435306314,0.482528625214931,0.284005298196739,0.149683554922381
"24228","Banfield Reef (North) (18-105a)",2,0.005,0.0453815435306314,0.498514226662024,0.301890090298306,0.157978843183384
"24431","Banfield Reef (North) (18-105a)",2,0.00709219858156028,0.03903278582147,0.465160461610336,0.265325605829238,0.117309403492439
"24432","Banfield Reef (North) (18-105a)",2,0.05,0.0422985510222504,0.450830226632249,0.263893503684777,0.135615607491369
"24433","Banfield Reef (North) (18-105a)",2,0,0.0422985510222504,0.461530606336736,0.275540812122994,0.136342440518919
"24434","Banfield Reef (North) (18-105a)",2,0.0277777777777778,0.03903278582147,0.437869245165563,0.246970055847003,0.125820554707248
"24435","Banfield Reef (North) (18-105a)",2,0.0416666666666667,0.0422985510222504,0.465626881647201,0.279960102533585,0.133885685403826
"24436","Banfield Reef (North) (18-105a)",2,0.00454545454545455,0.0422985510222504,0.458708954312055,0.289701890862239,0.133113333103077
"24437","Banfield Reef (North) (18-105a)",2,0.16,0.0459542162559959,0.522067514613539,0.318846847209655,0.14263151052688
"24438","Banfield Reef (North) (18-105a)",2,0.0388888888888889,0.0459542162559959,0.484537174048752,0.287751029278568,0.150844048226019
"24439","Banfield Reef (North) (18-105a)",2,0.015625,0.0459542162559959,0.484870095495292,0.293788420554552,0.147260315660137
"24440","Banfield Reef (North) (18-105a)",2,0.0904255319148936,0.0459542162559959,0.491755045230551,0.307885685903073,0.135200500291051
"24441","Banfield Reef (North) (18-105a)",2,0.0388888888888889,0.0416665472953424,0.4431142919693,0.27380549851039,0.131079320170519
"24442","Banfield Reef (North) (18-105a)",2,0.00833333333333333,0.0416665472953424,0.449641280676926,0.268830208173909,0.129088989240693
"24623","Banfield Reef (North) (18-105a)",2,0.015,0.043854822400743,0.489183118990361,0.305881833669424,0.145150755812211
"24624","Banfield Reef (North) (18-105a)",2,0.01,0.043854822400743,0.495208318920827,0.297876919273407,0.150372651637147
"24625","Banfield Reef (North) (18-105a)",2,0.0545454545454545,0.0449909707799733,0.471242270444955,0.298345348412869,0.134534391481642
"24626","Banfield Reef (North) (18-105a)",2,0,0.0453215987676017,0.499120268501986,0.307362218706904,0.160059711194934
"24627","Banfield Reef (North) (18-105a)",2,0.00909090909090909,0.043854822400743,0.464315728808114,0.298097536123201,0.143148731810147
"24628","Banfield Reef (North) (18-105a)",2,0.0111111111111111,0.043854822400743,0.46622318740076,0.281281377759932,0.144476282119102
"24629","Banfield Reef (North) (18-105a)",2,0.00833333333333333,0.0449909707799733,0.485865010892051,0.286687221888558,0.140664482594389
"24630","Banfield Reef (North) (18-105a)",2,0.03,0.0453215987676017,0.495201420015458,0.304506145756391,0.150756636310641
"24771","Banfield Reef (North) (18-105a)",2,0.00909090909090909,0.0412751494447685,0.436616435690515,0.286997211815491,0.132288946740256
"24772","Banfield Reef (North) (18-105a)",2,0.02,0.0427861976921131,0.492264034565593,0.29923690462863,0.147909248972566
"24773","Banfield Reef (North) (18-105a)",2,0.00714285714285714,0.0438487143818312,0.484090038039475,0.294331676557475,0.135084442473334
"24775","Banfield Reef (North) (18-105a)",2,0.0272727272727273,0.0427005835899024,0.45370430275978,0.285660307028517,0.13898175199234
"24776","Banfield Reef (North) (18-105a)",2,0.0333333333333333,0.0434833379363124,0.469751805467742,0.266722478976187,0.134704742995713
"24777","Banfield Reef (North) (18-105a)",2,0.0125,0.0438487143818312,0.432298175681048,0.273975047886044,0.14689618434823
"24928","Banfield Reef (North) (18-105a)",2,0.00833333333333333,0.037437250330949,0.442058337657847,0.248911606876918,0.116545133986866
"24929","Banfield Reef (North) (18-105a)",2,0.00862068965517241,0.0401422351487336,0.460850508352636,0.266765805550545,0.126129877791471
"24930","Banfield Reef (North) (18-105a)",2,0.00416666666666667,0.041760102426989,0.457945141007613,0.269860156728332,0.128459013894663
"24931","Banfield Reef (North) (18-105a)",2,0.00833333333333333,0.0420117547614693,0.470661001384754,0.271019701990034,0.126682654526441
"24932","Banfield Reef (North) (18-105a)",2,0.0166666666666667,0.037437250330949,0.431945279644699,0.243626655014462,0.113862670524235
"24933","Banfield Reef (North) (18-105a)",2,0.00531914893617021,0.0401422351487336,0.455662470266736,0.260399577619099,0.131277962386211
"24934","Banfield Reef (North) (18-105a)",2,0,0.041760102426989,0.494749258297025,0.28713231294364,0.136621636864565
"24935","Banfield Reef (North) (18-105a)",2,0,0.0420117547614693,0.477129320322286,0.275104884362709,0.128360311181209
"24937","Banfield Reef (North) (18-105a)",2,0.02,0.037848716567878,0.463244505316073,0.26480537295524,0.114093821163033
"24941","Banfield Reef (North) (18-105a)",2,0.0303030303030303,0.037848716567878,0.405886593220363,0.253997370710346,0.118157069062934
"25160","Banfield Reef (North) (18-105a)",2,0.0141509433962264,0.034902650642013,0.387382211334845,0.233995261029563,0.108169133953245
"25161","Banfield Reef (North) (18-105a)",2,0.0166666666666667,0.034902650642013,0.417990242415761,0.238467705332158,0.109121610162414
"25162","Banfield Reef (North) (18-105a)",2,0,0.0385268121128342,0.461516602770027,0.261914269590929,0.127475599157974
"25163","Banfield Reef (North) (18-105a)",2,0.00833333333333333,0.034902650642013,0.409456569913622,0.235028959906221,0.0969048849494955
"25925","Banfield Reef (North) (18-105a)",2,0.0136363636363636,0.039905285699707,0.437980801885787,0.267962098501011,0.125492273569137
"25926","Banfield Reef (North) (18-105a)",2,0.032258064516129,0.039905285699707,0.41730941723502,0.264035503503294,0.124512772452052
"25927","Banfield Reef (North) (18-105a)",2,0.0125,0.0400279214738282,0.452014319592423,0.271544831125787,0.122855783430045
"25928","Banfield Reef (North) (18-105a)",2,0.02,0.039905285699707,0.473786988298066,0.283041882049631,0.139142255128576
"25929","Banfield Reef (North) (18-105a)",2,0.0363636363636364,0.039905285699707,0.430008359938578,0.277104813214323,0.126783922355472
"25930","Banfield Reef (North) (18-105a)",2,0.0541666666666667,0.039905285699707,0.45083095684642,0.266486335957627,0.121546846465581
"25931","Banfield Reef (North) (18-105a)",2,0.0208333333333333,0.0400279214738282,0.46407788203519,0.26927619978459,0.127259988091832
"25932","Banfield Reef (North) (18-105a)",2,0.0227272727272727,0.0400279214738282,0.426687511266242,0.272223926619176,0.124938855614222
"25933","Banfield Reef (North) (18-105a)",2,0.0343137254901961,0.0434174024517768,0.434410264215346,0.260834470896767,0.141724220879544
"25934","Banfield Reef (North) (18-105a)",2,0.0291666666666667,0.0434174024517768,0.471305601069928,0.284687377701018,0.131461622546809
"25936","Banfield Reef (North) (18-105a)",2,0.0291666666666667,0.0434174024517768,0.47101822210551,0.290146268107926,0.132839788144399
"25937","Banfield Reef (North) (18-105a)",2,0.0263157894736842,0.0434174024517769,0.460157971004797,0.269328956741928,0.140729979813325
"26331","Banfield Reef (North) (18-105a)",2,0.0787037037037037,0.0404743344999908,0.438672820713975,0.269392390428419,0.122347039719541
"26332","Banfield Reef (North) (18-105a)",2,0.127659574468085,0.0231025888966736,0.304378968652452,0.154734113743676,0.0561256014139666
"26333","Banfield Reef (North) (18-105a)",2,0.145454545454545,0.0130071522820112,0.170798365398543,0.079410599360338,0.0220482884701569
"26334","Banfield Reef (North) (18-105a)",2,0.193965517241379,0.0360964496017105,0.409358502874197,0.243690936654769,0.107508103344456
"26393","Banfield Reef (North) (18-105a)",2,0,0.0224465247378317,0.291071892703449,0.154537401967194,0.0629979227698812
"26394","Banfield Reef (North) (18-105a)",2,0.0125,0.0239261211927791,0.319287417202333,0.162038774634263,0.0659978147121294
"26395","Banfield Reef (North) (18-105a)",2,0.00490196078431373,0.0224465247378317,0.273890463080057,0.146221425500869,0.0582164009773172
"26396","Banfield Reef (North) (18-105a)",2,0,0.0239261211927791,0.328315704179785,0.159404316525869,0.0625646789645292
"27459","Banfield Reef (North) (18-105a)",2,0,0.0271768903909434,0.354238913659558,0.184054671451349,0.0749160173601293
"27460","Banfield Reef (North) (18-105a)",2,0.00416666666666667,0.0290503824450518,0.363204672200148,0.202048031956832,0.0853244592847757
"27461","Banfield Reef (North) (18-105a)",2,0,0.0271768903909434,0.373750702740727,0.203274665124888,0.0775606661461535
"27462","Banfield Reef (North) (18-105a)",2,0.0192307692307692,0.0290503824450518,0.335765775958818,0.196149425859971,0.085455768104232
"27463","Banfield Reef (North) (18-105a)",2,0.005,0.0291205030104068,0.387902989058587,0.207061882278739,0.0891077000037637
"27465","Banfield Reef (North) (18-105a)",2,0.00454545454545455,0.0291205030104068,0.338829111034852,0.197460539256685,0.0887722350363858
"27469","Banfield Reef (North) (18-105a)",2,0,0.0135674359577836,0.192690430627257,0.0767357328784697,0.0254394323785202
"27472","Banfield Reef (North) (18-105a)",2,0,0.0135674359577836,0.180395155775377,0.0853318502328582,0.0265061836831223
"27495","Banfield Reef (North) (18-105a)",2,0,0.0498739085732135,0.502965680609348,0.312373764585822,0.162086606750537
"27496","Banfield Reef (North) (18-105a)",2,0.01,0.0498739085732135,0.531474169276974,0.332376564533205,0.17468432751755
"27497","Banfield Reef (North) (18-105a)",2,0,0.0498739085732135,0.52033822611129,0.307872422581066,0.165997723984758
"27498","Banfield Reef (North) (18-105a)",2,0.0136363636363636,0.0498739085732135,0.490791096732283,0.320191607436612,0.167492354533074
"27499","Banfield Reef (North) (18-105a)",2,0.00625,0.0521120720154958,0.480509308398507,0.31933971500261,0.173226860225392
"27500","Banfield Reef (North) (18-105a)",2,0.015,0.0521120720154958,0.547836009920589,0.34254663846232,0.179558652783214
"27501","Banfield Reef (North) (18-105a)",2,0.015,0.0467675547195922,0.50904939515426,0.311791385110725,0.161283883001386
"27502","Banfield Reef (North) (18-105a)",2,0.0416666666666667,0.0467675547195922,0.496799217942293,0.29965605965837,0.154618195302612
"27503","Banfield Reef (North) (18-105a)",2,0.00543478260869565,0.0521120720154958,0.516002834628131,0.322382870037563,0.177069292011004
"27504","Banfield Reef (North) (18-105a)",2,0.01,0.0521120720154958,0.536235019165508,0.34650210795959,0.16994463435173
"27505","Banfield Reef (North) (18-105a)",2,0.0178571428571429,0.0467675547195922,0.474412798427731,0.308317606744033,0.160568843695301
"27506","Banfield Reef (North) (18-105a)",2,0.0136363636363636,0.0518271566413869,0.497579952178,0.327715795874095,0.169857328404765
"27507","Banfield Reef (North) (18-105a)",2,0.0272727272727273,0.0467675547195922,0.478766359568908,0.304356658747795,0.152483047833828
"27508","Banfield Reef (North) (18-105a)",2,0.025,0.0518271566413868,0.533264858077665,0.347234429005438,0.171221713253187
"27509","Banfield Reef (North) (18-105a)",2,0.0416666666666667,0.0475540237372434,0.502169692827396,0.307431892509455,0.149016477251995
"27510","Banfield Reef (North) (18-105a)",2,0.0375,0.0475540237372434,0.496656698739039,0.302459113979902,0.150171123477715
"27511","Banfield Reef (North) (18-105a)",2,0.0141509433962264,0.0518271566413868,0.486951276623858,0.325590973739893,0.16994237497502
"27512","Banfield Reef (North) (18-105a)",2,0.0178571428571429,0.0518271566413868,0.512472557591886,0.333950620920237,0.169908320710094
"27513","Banfield Reef (North) (18-105a)",2,0.0291666666666667,0.0475540237372434,0.503851632550497,0.29855677166819,0.144916721944629
"27514","Banfield Reef (North) (18-105a)",2,0.0416666666666667,0.0475540237372434,0.491799196859238,0.299551753474722,0.14914581233941
"27515","Banfield Reef (North) (18-105a)",2,0.01,0.0468622702133268,0.50783425271009,0.318110190745713,0.157774187423724
"27516","Banfield Reef (North) (18-105a)",2,0.05,0.0468622702133268,0.504252805618771,0.301095635177379,0.159904414595412
"27517","Banfield Reef (North) (18-105a)",2,0.0409090909090909,0.0468622702133268,0.473844665170528,0.315576052074286,0.156417408429286
"27518","Banfield Reef (North) (18-105a)",2,0.02,0.0468622702133268,0.514809453415867,0.321751232948373,0.157175248007511
"27606","Banfield Reef (North) (18-105a)",2,0.297734627831715,0.0588083584718636,0.543580602650672,0.335772767063484,0.194955694086512
"27607","Banfield Reef (North) (18-105a)",2,0.281159420289855,0.0527329941722815,0.51845277450237,0.334482264965181,0.171288680379884
"27608","Banfield Reef (North) (18-105a)",2,0.202816901408451,0.053213654028709,0.486311124743727,0.322731438643476,0.165584447545561
"27609","Banfield Reef (North) (18-105a)",2,0.196,0.0523763085427458,0.529897647482188,0.34615762684337,0.184752690613931
"27740","Banfield Reef (North) (18-105a)",2,0.0277777777777778,0.0439655344626782,0.470084584994686,0.279768881147412,0.14785766033899
"27741","Banfield Reef (North) (18-105a)",2,0.015,0.0439655344626781,0.492230942532666,0.306135692522182,0.148708796061116
"27742","Banfield Reef (North) (18-105a)",2,0.025,0.0439655344626781,0.495689020531435,0.301296815981991,0.163481090066023
"27743","Banfield Reef (North) (18-105a)",2,0.00454545454545455,0.0439655344626782,0.454544070156461,0.29472262525183,0.148283767482326
"27744","Banfield Reef (North) (18-105a)",2,0.015,0.0439655344626781,0.494271262964392,0.295103984215073,0.152027386343219
"27745","Banfield Reef (North) (18-105a)",2,0.02,0.0439655344626781,0.497640619230557,0.292142433558755,0.145021762794088
"27748","Banfield Reef (North) (18-105a)",2,0.0245098039215686,0.045339985902893,0.443623901432593,0.282638128308927,0.13798209608581
"27749","Banfield Reef (North) (18-105a)",2,0.01,0.045339985902893,0.504172937798827,0.304982343186332,0.15491961896704
"28067","Banfield Reef (North) (18-105a)",2,0.2375,0.0405715678894741,0.427236001609868,0.277290146523076,0.124806704328662
"29098","Banfield Reef (North) (18-105a)",2,0.0375,0.0344050267204633,0.402760081220225,0.229036859950941,0.107766004724061
"29099","Banfield Reef (North) (18-105a)",2,0.0318181818181818,0.0339715355225376,0.382300801203742,0.23373772732728,0.109235148388975
"29100","Banfield Reef (North) (18-105a)",2,0.0144230769230769,0.0344050267204633,0.377874031889652,0.217987059694815,0.1088020229635
"29101","Banfield Reef (North) (18-105a)",2,0.00416666666666667,0.0339715355225376,0.403902932136193,0.222407367144552,0.092424272379318
"29104","Banfield Reef (North) (18-105a)",2,0.0181818181818182,0.0370108633012295,0.408719764916319,0.262072633469716,0.11483435756492
"29105","Banfield Reef (North) (18-105a)",2,0.0277777777777778,0.0398806569456587,0.442238088607177,0.252060550724433,0.122895598085498
"29108","Banfield Reef (North) (18-105a)",2,0.0227272727272727,0.0370108633012295,0.407208097689945,0.262519840023421,0.115647865347148
"29109","Banfield Reef (North) (18-105a)",2,0.0333333333333333,0.0398806569456587,0.447503305877367,0.250938249055764,0.127451953982059
"29110","Banfield Reef (North) (18-105a)",2,0.005,0.0357669661416653,0.442602846189596,0.2555848491866,0.109357159549379
"29111","Banfield Reef (North) (18-105a)",2,0.05,0.0357669661416653,0.43822367961458,0.238840990819648,0.115769334602773
"29112","Banfield Reef (North) (18-105a)",2,0.0458333333333333,0.0357669661416653,0.434605706393004,0.249050480327727,0.108395562465463
"29113","Banfield Reef (North) (18-105a)",2,0.0181818181818182,0.0357669661416654,0.402212719323179,0.238492039814465,0.109853228336631
"29854","Banfield Reef (North) (18-105a)",2,0,0.0384026729280595,0.419509814832701,0.269480644051346,0.123328508387255
"29855","Banfield Reef (North) (18-105a)",2,0,0.0384026729280595,0.4180779936579,0.270096950544722,0.122546395714921
"3194","Banfield Reef (North) (18-105a)",2,0,0.0370842580046795,0.434915026630384,0.24943122031926,0.111284273769998
"3195","Banfield Reef (North) (18-105a)",2,0.0125,0.0370842580046795,0.43853555335588,0.250474268224661,0.120179690597587
"3198","Banfield Reef (North) (18-105a)",2,0.0708333333333333,0.0341968213436451,0.416536557243173,0.222330906628263,0.0991492080067051
"3199","Banfield Reef (North) (18-105a)",2,0.0791666666666667,0.0360251453199421,0.426360953119337,0.238847286095318,0.115176657586244
"3202","Banfield Reef (North) (18-105a)",2,0.0291666666666667,0.0317190190255668,0.402445396151045,0.211369195579023,0.0897933949383827
"3203","Banfield Reef (North) (18-105a)",2,0.0125,0.0317190190255668,0.390829018795237,0.214681861789134,0.0944168432187225
"3204","Banfield Reef (North) (18-105a)",2,0.00416666666666667,0.0415793112135963,0.467397309002626,0.26971841745278,0.130693070650999
"3205","Banfield Reef (North) (18-105a)",2,0.025,0.0427528984605937,0.467631159053515,0.281016290885867,0.134538346317479
"3206","Banfield Reef (North) (18-105a)",2,0.170833333333333,0.0384532095280825,0.428581790852133,0.264413822068842,0.123227941016749
"3207","Banfield Reef (North) (18-105a)",2,0.191666666666667,0.0384532095280825,0.447658427995381,0.258301186660013,0.117736466339495
"3208","Banfield Reef (North) (18-105a)",2,0.15,0.0384532095280825,0.446238635168277,0.253095945442561,0.11753108999228
"3209","Banfield Reef (North) (18-105a)",2,0.220833333333333,0.0384532095280825,0.429743327168318,0.261896923875845,0.112024643892679
"3210","Banfield Reef (North) (18-105a)",2,0.025,0.0427528984605937,0.48558768605282,0.284154950611813,0.146579141905254
"3211","Banfield Reef (North) (18-105a)",2,0.0125,0.0415793112135963,0.469930932515649,0.262585708889761,0.130766311135521
"3212","Banfield Reef (North) (18-105a)",2,0.0125,0.0317190190255668,0.39513699040519,0.212907342039568,0.0919381730625424
"3213","Banfield Reef (North) (18-105a)",2,0.0375,0.0317190190255668,0.390056741137422,0.207270618835102,0.0894881528262804
"3216","Banfield Reef (North) (18-105a)",2,0.0833333333333333,0.0360251453199421,0.434262603125421,0.234576710243697,0.103674786615856
"3217","Banfield Reef (North) (18-105a)",2,0.0916666666666667,0.0341968213436451,0.414234284169843,0.226389217643104,0.10201576033597
"3220","Banfield Reef (North) (18-105a)",2,0.00416666666666667,0.0370842580046795,0.428005499636358,0.237241349587448,0.112843860310683
"3362","Banfield Reef (North) (18-105a)",2,0.1,0.0311834687715313,0.385709618958411,0.213097322594228,0.0917353208290483
"3363","Banfield Reef (North) (18-105a)",2,0.0975,0.0311834687715313,0.385177868032206,0.220138038443759,0.0968111322983407
"3364","Banfield Reef (North) (18-105a)",2,0.0525,0.036821161473926,0.42798612602465,0.240074928109396,0.11500367805741
"3369","Banfield Reef (North) (18-105a)",2,0.00357142857142857,0.0375422766015464,0.423989635115663,0.250617677036491,0.113598226174136
"3372","Banfield Reef (North) (18-105a)",2,0.055,0.0338376746838374,0.412909626368203,0.234016358357505,0.10183557120585
"3373","Banfield Reef (North) (18-105a)",2,0.0678391959798995,0.0338376746838374,0.410148052971031,0.237743939774873,0.0998657437775472
"3374","Banfield Reef (North) (18-105a)",2,0.0321428571428571,0.0356791947732695,0.414997204838848,0.230489401746206,0.11087323592617
"3375","Banfield Reef (North) (18-105a)",2,0.0714285714285714,0.0356791947732695,0.415997278099518,0.231895657175193,0.110832539380006
"3376","Banfield Reef (North) (18-105a)",2,0.139285714285714,0.0379598486804185,0.425586414765316,0.250375664254112,0.118304346717028
"3377","Banfield Reef (North) (18-105a)",2,0.142857142857143,0.0379598486804185,0.424072724755069,0.239215772377531,0.10652392828775
"3378","Banfield Reef (North) (18-105a)",2,0.0714285714285714,0.0379598486804185,0.434065630309402,0.243610795042645,0.115024469342599
"3379","Banfield Reef (North) (18-105a)",2,0.167857142857143,0.0379598486804185,0.425907921260331,0.235515291332674,0.115699909389657
"3380","Banfield Reef (North) (18-105a)",2,0.0428571428571429,0.0356791947732695,0.406941411429134,0.223596317594214,0.115313670384947
"3381","Banfield Reef (North) (18-105a)",2,0.025,0.0356791947732695,0.409726863009602,0.231533755351987,0.106476484358024
"3382","Banfield Reef (North) (18-105a)",2,0.0944444444444444,0.0338376746838375,0.383163376723433,0.223681890406202,0.104335166799074
"3383","Banfield Reef (North) (18-105a)",2,0.085,0.0338376746838374,0.415599225833814,0.215284124245025,0.0984078639189441
"3386","Banfield Reef (North) (18-105a)",2,0.0107142857142857,0.0375422766015464,0.433322241257518,0.237360564478045,0.122664687812309
"3391","Banfield Reef (North) (18-105a)",2,0.0444444444444444,0.036821161473926,0.398513300520037,0.245615267797622,0.113354035475214
"3392","Banfield Reef (North) (18-105a)",2,0.1075,0.0311834687715313,0.401529886074285,0.21062059204682,0.0916056021340137
"3393","Banfield Reef (North) (18-105a)",2,0.08,0.0311834687715313,0.392131075558142,0.217708154264347,0.0963407742768453
"3470","Banfield Reef (North) (18-105a)",2,0.0527777777777778,0.0333369323268467,0.380096225358771,0.226988363473324,0.0988540844881549
"3471","Banfield Reef (North) (18-105a)",2,0.00833333333333333,0.0351192825651004,0.390141507231045,0.230100037500648,0.110390697593936
"3472","Banfield Reef (North) (18-105a)",2,0.138888888888889,0.0373584043691568,0.406751822121957,0.246540325921479,0.11260278201149
"3473","Banfield Reef (North) (18-105a)",2,0.0305555555555556,0.0308812221171314,0.370548555357265,0.213704620046011,0.0921096830846429
"3478","Banfield Reef (North) (18-105a)",2,0.00833333333333333,0.0365179542549242,0.403790070284942,0.232508677993723,0.113975149607763
"3489","Banfield Reef (North) (18-105a)",2,0.0138888888888889,0.0365179542549242,0.410211498047543,0.241930361041975,0.118828776861139
"3494","Banfield Reef (North) (18-105a)",2,0.0555555555555556,0.0308812221171314,0.348044929226524,0.197222132977163,0.0916649747425714
"3495","Banfield Reef (North) (18-105a)",2,0.113888888888889,0.0373584043691568,0.408651264702605,0.2506718543892,0.119942871689358
"3496","Banfield Reef (North) (18-105a)",2,0.0194444444444444,0.0351192825651004,0.389164018720403,0.219739089563992,0.101206335832754
"3497","Banfield Reef (North) (18-105a)",2,0.0388888888888889,0.0333369323268467,0.370013735307972,0.222561767327133,0.107207828372717
"3716","Banfield Reef (North) (18-105a)",2,0.05625,0.0305284714613654,0.366359671885066,0.210641844153111,0.0892028121775122
"3725","Banfield Reef (North) (18-105a)",2,0.015625,0.038559848389556,0.42225971087482,0.247395411653041,0.121495954222052
"3726","Banfield Reef (North) (18-105a)",2,0.04375,0.038559848389556,0.415272471831184,0.2524426180971,0.122768773510705
"3727","Banfield Reef (North) (18-105a)",2,0.059375,0.0331178915134986,0.38265494972099,0.213705158362769,0.104708021175996
"3728","Banfield Reef (North) (18-105a)",2,0.06875,0.0331178915134986,0.372844619087484,0.218982517367025,0.0927598281373386
"3729","Banfield Reef (North) (18-105a)",2,0.109375,0.037110856265278,0.407418395072862,0.255113202938683,0.105179575276498
"3730","Banfield Reef (North) (18-105a)",2,0.134375,0.037110856265278,0.422477601012793,0.247367884018196,0.117078331353313
"3731","Banfield Reef (North) (18-105a)",2,0.03125,0.037110856265278,0.408812040949971,0.251550855650787,0.117289621766234
"3732","Banfield Reef (North) (18-105a)",2,0.059375,0.037110856265278,0.411846644243442,0.249173450486761,0.108134749765517
"3733","Banfield Reef (North) (18-105a)",2,0.065625,0.0331178915134986,0.372449108220245,0.229950079813159,0.096564833798476
"3734","Banfield Reef (North) (18-105a)",2,0.08125,0.0331178915134986,0.387645348484531,0.229019289972217,0.102186553345828
"3735","Banfield Reef (North) (18-105a)",2,0.040625,0.038559848389556,0.418229975311673,0.254850950829065,0.123678419455341
"3736","Banfield Reef (North) (18-105a)",2,0.0125,0.038559848389556,0.423918505638845,0.263423493995027,0.121538380190049
"3745","Banfield Reef (North) (18-105a)",2,0.084375,0.0305284714613654,0.363117029097691,0.208638176938077,0.0882247878800185
"3807","Banfield Reef (North) (18-105a)",2,0.0392857142857143,0.0367162133584968,0.426700888546555,0.222697561291897,0.110763578267778
"3808","Banfield Reef (North) (18-105a)",2,0.0464285714285714,0.0367162133584968,0.416828303797501,0.240315879357189,0.109172869015114
"3809","Banfield Reef (North) (18-105a)",2,0.05,0.0303695295453826,0.361372667349689,0.199858152603132,0.0883113032459632
"3810","Banfield Reef (North) (18-105a)",2,0.0392857142857143,0.0303695295453826,0.365354825876366,0.200342758202066,0.084243936787133
"3811","Banfield Reef (North) (18-105a)",2,0.0428571428571429,0.0328304780806966,0.391080386179402,0.2104678207761,0.0939566801914391
"3812","Banfield Reef (North) (18-105a)",2,0.0357142857142857,0.0328304780806966,0.391311409327413,0.210900000111091,0.101918197594309
"3813","Banfield Reef (North) (18-105a)",2,0.0428571428571429,0.0328304780806966,0.393707155127943,0.208396328698513,0.103238081323761
"3814","Banfield Reef (North) (18-105a)",2,0.0428571428571429,0.0328304780806966,0.393135978411232,0.207964044140579,0.0930740743743296
"3815","Banfield Reef (North) (18-105a)",2,0.0357142857142857,0.0303695295453826,0.378404181582766,0.193540406120422,0.0926755120437334
"3816","Banfield Reef (North) (18-105a)",2,0.0535714285714286,0.0303695295453826,0.370255957039911,0.200263314070582,0.0858406590525674
"3817","Banfield Reef (North) (18-105a)",2,0.0535714285714286,0.0367162133584968,0.422504510804486,0.238426608598147,0.116578381774352
"3818","Banfield Reef (North) (18-105a)",2,0.0535714285714286,0.0367162133584968,0.421907026536571,0.236714133457989,0.106608327539218
"4170","Banfield Reef (North) (18-105a)",2,0.090625,0.0300126229913641,0.364952503845308,0.199664213861976,0.086627834765122
"4171","Banfield Reef (North) (18-105a)",2,0.178125,0.0300126229913641,0.364511142131681,0.205029252006131,0.0887064837237349
"4182","Banfield Reef (North) (18-105a)",2,0.0458333333333333,0.0364305669642631,0.423191995525343,0.250436196065647,0.108449167980286
"4183","Banfield Reef (North) (18-105a)",2,0.0833333333333333,0.0364305669642631,0.410833701214048,0.24075726860699,0.112059844536602
"4184","Banfield Reef (North) (18-105a)",2,0.034375,0.0325525905987695,0.383787269272465,0.218921527403713,0.0921393335116576
"4185","Banfield Reef (North) (18-105a)",2,0.015625,0.0325525905987695,0.387751327937249,0.225578666545599,0.0896689172597118
"4186","Banfield Reef (North) (18-105a)",2,0.01875,0.0325525905987695,0.375203890089364,0.216262388924368,0.0992348050551506
"4187","Banfield Reef (North) (18-105a)",2,0.059375,0.0325525905987695,0.37226929495344,0.224566871544203,0.097845637870769
"4188","Banfield Reef (North) (18-105a)",2,0.075,0.0364305669642631,0.422643808825827,0.228938886799664,0.110437858445879
"4189","Banfield Reef (North) (18-105a)",2,0.0375,0.0364305669642631,0.435175120133572,0.248423958289494,0.106862373419284
"4200","Banfield Reef (North) (18-105a)",2,0.1625,0.0300126229913641,0.353518910862866,0.210848853210791,0.0795360727439561
"4201","Banfield Reef (North) (18-105a)",2,0.1375,0.0300126229913641,0.362271145717036,0.198533577702036,0.0871883125362874
"4269","Banfield Reef (North) (18-105a)",2,0.103125,0.0297910376800978,0.352493946232853,0.196184160525803,0.0924234759454361
"4270","Banfield Reef (North) (18-105a)",2,0.128125,0.0297910376800978,0.350640339841512,0.200220057476178,0.0875378175411206
"4277","Banfield Reef (North) (18-105a)",2,0.01875,0.0401944934846293,0.445092317665034,0.276399176219198,0.127874689923337
"4278","Banfield Reef (North) (18-105a)",2,0.00625,0.0390911356620817,0.425332955980252,0.259289681189177,0.120983878932301
"4279","Banfield Reef (North) (18-105a)",2,0.01875,0.0375962539655143,0.419734409725496,0.257863863015546,0.115105672209451
"4280","Banfield Reef (North) (18-105a)",2,0.04375,0.0366970886079287,0.405799316309346,0.255853466508805,0.115051870785462
"4281","Banfield Reef (North) (18-105a)",2,0.059375,0.0361514096303674,0.407349517905391,0.247873272957911,0.105727585506812
"4282","Banfield Reef (North) (18-105a)",2,0.046875,0.0361514096303674,0.4076580996239,0.254695755610985,0.109701903487556
"4283","Banfield Reef (North) (18-105a)",2,0.053125,0.0361514096303674,0.405186214634691,0.24689189866081,0.110224473984933
"4284","Banfield Reef (North) (18-105a)",2,0.075,0.0361514096303674,0.412423981877797,0.250174233451022,0.111940058699054
"4285","Banfield Reef (North) (18-105a)",2,0.040625,0.0366970886079287,0.413421622661887,0.244297029930009,0.11963322302454
"4286","Banfield Reef (North) (18-105a)",2,0.01875,0.0375962539655143,0.413555754138997,0.248332524858132,0.122067750016362
"4287","Banfield Reef (North) (18-105a)",2,0.03125,0.0390911356620817,0.433758272957548,0.255965153541175,0.112217902154519
"4288","Banfield Reef (North) (18-105a)",2,0.021875,0.0401944934846293,0.422908066777454,0.271952091020689,0.123692295879148
"4293","Banfield Reef (North) (18-105a)",2,0.1125,0.0297910376800978,0.35973429785149,0.207587131395143,0.0864215837913476
"4294","Banfield Reef (North) (18-105a)",2,0.13125,0.0297910376800978,0.356089131213659,0.204391065054977,0.0876997600596729
"4427","Banfield Reef (North) (18-105a)",2,0.11875,0.0296162623919905,0.339637224304174,0.194721746684058,0.0807952919227793
"4428","Banfield Reef (North) (18-105a)",2,0.11875,0.0296162623919905,0.36048968026452,0.193718679002073,0.0818400147940654
"4429","Banfield Reef (North) (18-105a)",2,0.167857142857143,0.0320110424762041,0.383070587831819,0.207178855335365,0.0949136886422953
"4430","Banfield Reef (North) (18-105a)",2,0.182142857142857,0.0320110424762041,0.389514462926346,0.219462292856651,0.0970739800000302
"4435","Banfield Reef (North) (18-105a)",2,0.009375,0.035914336854359,0.397035749072916,0.244899960594103,0.116993311844286
"4436","Banfield Reef (North) (18-105a)",2,0.096875,0.035914336854359,0.403861351836825,0.244584295859565,0.110344483736373
"4437","Banfield Reef (North) (18-105a)",2,0.01875,0.035914336854359,0.40347350148474,0.249707227173262,0.114831739584738
"4438","Banfield Reef (North) (18-105a)",2,0.065625,0.035914336854359,0.400284114156278,0.238253873582657,0.107517615478808
"4443","Banfield Reef (North) (18-105a)",2,0.0785714285714286,0.0320110424762041,0.388813884494796,0.214215800583917,0.0894175159486648
"4444","Banfield Reef (North) (18-105a)",2,0.128571428571429,0.0320110424762041,0.382875435076273,0.209618147192193,0.0894674874187905
"4445","Banfield Reef (North) (18-105a)",2,0.140625,0.0296162623919905,0.356216282675718,0.194855795804539,0.0921704496794075
"4446","Banfield Reef (North) (18-105a)",2,0.19375,0.0296162623919905,0.35510131704059,0.204861309531381,0.0796413422125466
"7191","Banfield Reef (North) (18-105a)",2,0.0466666666666667,0.0402069486178018,0.463193898244801,0.266579099168705,0.13059165032567
"7192","Banfield Reef (North) (18-105a)",2,0.27,0.0369316660234525,0.447771126262382,0.252173014640419,0.123131969402783
"7322","Banfield Reef (North) (18-105a)",2,0.140625,0.036580896752355,0.406467766005559,0.248614223627321,0.110471180330729
"9896","Banfield Reef (North) (18-105a)",2,0.1,0.0499429793355738,0.510382486451796,0.314443238143622,0.157004252944883
"9897","Banfield Reef (North) (18-105a)",2,0.104166666666667,0.0499429793355738,0.510725645402498,0.310952050279354,0.158174832360673
"9898","Banfield Reef (North) (18-105a)",2,0.320833333333333,0.0474083067962686,0.506164108794342,0.313886983250045,0.152583663646026
"9899","Banfield Reef (North) (18-105a)",2,0.529166666666667,0.0474083067962686,0.505234497805295,0.3028025260572,0.15418242775246
"9900","Banfield Reef (North) (18-105a)",2,0.0531400966183575,0.051175060513479,0.473159555085474,0.312631732942662,0.160111501058005
"9901","Banfield Reef (North) (18-105a)",2,0.075,0.051175060513479,0.513712464734433,0.317141166388858,0.163451096614687
"9902","Banfield Reef (North) (18-105a)",2,0.105990783410138,0.0510726605083894,0.492750922514201,0.331187636565444,0.169797644756416
"9903","Banfield Reef (North) (18-105a)",2,0.129166666666667,0.0510726605083894,0.516606236994135,0.333758671314619,0.16539606789131
"11795","(Big) Broadhurst Reef (No 1) (18-100a)",3,0.00357142857142857,0.0568231128586019,0.425587153308361,0.293312610356566,0.155160929503543
"11796","(Big) Broadhurst Reef (No 1) (18-100a)",3,0.0357142857142857,0.0527529757786322,0.435472550204185,0.269478886720019,0.153425219368989
"11797","(Big) Broadhurst Reef (No 1) (18-100a)",3,0.0571428571428571,0.0606153839838966,0.451574188649572,0.287160818277973,0.17550936579238
"11798","(Big) Broadhurst Reef (No 1) (18-100a)",3,0.0321428571428571,0.0526045601542527,0.423880800122702,0.259188883620278,0.153911982652824
"12081","(Big) Broadhurst Reef (No 1) (18-100a)",3,0,0.0268817803975749,0.274645674457578,0.142536073428089,0.0787242315938695
"12082","(Big) Broadhurst Reef (No 1) (18-100a)",3,0.0107142857142857,0.0268817803975749,0.287137622237834,0.143623320584043,0.0743279790010285
"12086","(Big) Broadhurst Reef (No 1) (18-100a)",3,0.0178571428571429,0.0606305386672229,0.458819656313794,0.294228499899579,0.173246309026817
"12721","(Big) Broadhurst Reef (No 1) (18-100a)",3,0,0.0261457218207941,0.283641821898161,0.158366835125498,0.067017780211369
"12722","(Big) Broadhurst Reef (No 1) (18-100a)",3,0.00666666666666667,0.026922173736165,0.290832835671898,0.162131231774138,0.0721485923007762
"12789","(Big) Broadhurst Reef (No 1) (18-100a)",3,0.0155555555555556,0.0607187387100574,0.460127992530921,0.301448448620117,0.172836251720585
"15477","(Big) Broadhurst Reef (No 1) (18-100a)",3,0.0245614035087719,0.0362707904151751,0.359817595072313,0.196906723246647,0.0963613737830344
"15478","(Big) Broadhurst Reef (No 1) (18-100a)",3,0.0491228070175439,0.0335490639287089,0.325540582683903,0.18763582965322,0.0929783640865784
"18533","(Big) Broadhurst Reef (No 1) (18-100a)",3,0.129508196721311,0.0587890739988685,0.442355415424629,0.28294054166935,0.170180532899526
"18534","(Big) Broadhurst Reef (No 1) (18-100a)",3,0.0924956369982548,0.0582518931712463,0.440492684385266,0.293866960469289,0.156744227148738
"19793","(Big) Broadhurst Reef (No 1) (18-100a)",3,0.117647058823529,0.039624822985833,0.322615681713221,0.208337205151864,0.118032735923543
"19794","(Big) Broadhurst Reef (No 1) (18-100a)",3,0.1953125,0.039624822985833,0.365569214159905,0.216519630848603,0.113009060719752
"19795","(Big) Broadhurst Reef (No 1) (18-100a)",3,0.0416666666666667,0.038876609514002,0.409332848842463,0.238156511959105,0.114037971242037
"19798","(Big) Broadhurst Reef (No 1) (18-100a)",3,0.108974358974359,0.0396248229858331,0.3281708348272,0.211841245639252,0.106294700934979
"19799","(Big) Broadhurst Reef (No 1) (18-100a)",3,0.12,0.039624822985833,0.356915612172867,0.255089978525238,0.123388977067365
"19800","(Big) Broadhurst Reef (No 1) (18-100a)",3,0.0380952380952381,0.038876609514002,0.323863909855198,0.196114462845924,0.111234258258736
"20511","(Big) Broadhurst Reef (No 1) (18-100a)",3,0.00666666666666667,0.0406443204679202,0.387735789322592,0.230122510588851,0.121163503382891
"20513","(Big) Broadhurst Reef (No 1) (18-100a)",3,0,0.0407610737704297,0.370628080002002,0.210858216280187,0.114205411579334
"20514","(Big) Broadhurst Reef (No 1) (18-100a)",3,0.0421052631578947,0.0383395824226505,0.361383610483204,0.213084155214202,0.10573171265429
"20753","(Big) Broadhurst Reef (No 1) (18-100a)",3,0.00444444444444444,0.0383586412484412,0.352821501028647,0.212335036173667,0.11018033056768
"20754","(Big) Broadhurst Reef (No 1) (18-100a)",3,0.00444444444444444,0.0383586412484412,0.367144114877582,0.216764947947557,0.102867835697927
"21227","(Big) Broadhurst Reef (No 1) (18-100a)",3,0.254237288135593,0.0584041825417713,0.376247466965291,0.283992242442174,0.184291451163205
"21228","(Big) Broadhurst Reef (No 1) (18-100a)",3,0.169491525423729,0.0584041825417713,0.394046199851109,0.28818836320485,0.184313074840643
"21229","(Big) Broadhurst Reef (No 1) (18-100a)",3,0.254237288135593,0.0584041825417713,0.387415874667245,0.281525578372864,0.178256469550826
"21230","(Big) Broadhurst Reef (No 1) (18-100a)",3,0.131578947368421,0.0584041825417713,0.492997947406386,0.305941144408146,0.157839467693713
"21231","(Big) Broadhurst Reef (No 1) (18-100a)",3,0.157894736842105,0.0584041825417713,0.500101203076349,0.298445901480446,0.157141541054556
"21232","(Big) Broadhurst Reef (No 1) (18-100a)",3,0.157894736842105,0.0584041825417713,0.497721965499492,0.303074595431298,0.158907877852019
"21233","(Big) Broadhurst Reef (No 1) (18-100a)",3,0.35,0.0584041825417713,0.39902708563856,0.290428852436878,0.180453161706753
"21234","(Big) Broadhurst Reef (No 1) (18-100a)",3,0.1,0.0584041825417713,0.386206744043755,0.287597488767453,0.184113552760468
"21235","(Big) Broadhurst Reef (No 1) (18-100a)",3,0.15,0.0584041825417713,0.394949869405431,0.285677637745558,0.179620032374868
"21236","(Big) Broadhurst Reef (No 1) (18-100a)",3,0.05,0.0584041825417713,0.39261967221989,0.279908629600583,0.181401881316741
"21237","(Big) Broadhurst Reef (No 1) (18-100a)",3,0.315789473684211,0.0584041825417713,0.502281957176821,0.298082738353773,0.158687465017035
"21238","(Big) Broadhurst Reef (No 1) (18-100a)",3,0.0789473684210526,0.0584041825417713,0.491128847393006,0.308174684243446,0.157570338014087
"21239","(Big) Broadhurst Reef (No 1) (18-100a)",3,0.105263157894737,0.0584041825417713,0.508240383208667,0.302133517436054,0.153689116838561
"21240","(Big) Broadhurst Reef (No 1) (18-100a)",3,0.0263157894736842,0.0584041825417713,0.491981842284275,0.311995351697185,0.156290627056033
"21241","(Big) Broadhurst Reef (No 1) (18-100a)",3,0,0.0233249795436622,0.226268112558776,0.138609745518196,0.0766609067045975
"21242","(Big) Broadhurst Reef (No 1) (18-100a)",3,0,0.0233249795436622,0.214495505414496,0.14690830832383,0.0695234846000263
"21243","(Big) Broadhurst Reef (No 1) (18-100a)",3,0,0.0233249795436622,0.212615830049471,0.14129859504963,0.0660511644457649
"21244","(Big) Broadhurst Reef (No 1) (18-100a)",3,0,0.0233249795436622,0.210282414718587,0.142561744426288,0.0745593271152179
"21245","(Big) Broadhurst Reef (No 1) (18-100a)",3,0,0.0233249795436622,0.134990573608221,0.140054342944238,0.146035062023285
"21246","(Big) Broadhurst Reef (No 1) (18-100a)",3,0,0.0233249795436622,0.13796442211594,0.14225642651046,0.140506597856327
"21247","(Big) Broadhurst Reef (No 1) (18-100a)",3,0,0.0233249795436622,0.144358835151968,0.142302702570868,0.14508386319752
"21248","(Big) Broadhurst Reef (No 1) (18-100a)",3,0,0.0233249795436622,0.143793192191608,0.144898927294719,0.151301319042064
"21249","(Big) Broadhurst Reef (No 1) (18-100a)",3,0,0.0233249795436622,0.202467467697159,0.125302380259151,0.0628337688698497
"21250","(Big) Broadhurst Reef (No 1) (18-100a)",3,0,0.0233249795436622,0.199487423016912,0.128299763017983,0.0672331009090456
"21251","(Big) Broadhurst Reef (No 1) (18-100a)",3,0,0.0233249795436622,0.204783607440807,0.126149266503487,0.0619211239301502
"21252","(Big) Broadhurst Reef (No 1) (18-100a)",3,0,0.0233249795436622,0.19313848378298,0.199564182393265,0.0707141004740032
"21253","(Big) Broadhurst Reef (No 1) (18-100a)",3,0,0.0233249795436622,0.19465230298606,0.196898083526794,0.0752900782905061
"21254","(Big) Broadhurst Reef (No 1) (18-100a)",3,0,0.0233249795436622,0.193971780805852,0.195180529239703,0.0737885672054734
"21255","(Big) Broadhurst Reef (No 1) (18-100a)",3,0,0.0407095883476082,0.309383694175817,0.208805157272536,0.124305631874862
"21256","(Big) Broadhurst Reef (No 1) (18-100a)",3,0,0.0407095883476082,0.307339080709413,0.226815463798528,0.123647543665227
"21257","(Big) Broadhurst Reef (No 1) (18-100a)",3,0,0.0407095883476082,0.307693436271162,0.218361496924426,0.125534439671099
"21258","(Big) Broadhurst Reef (No 1) (18-100a)",3,0,0.0407095883476082,0.220842495145889,0.213918805641722,0.214932161086815
"21259","(Big) Broadhurst Reef (No 1) (18-100a)",3,0.0172413793103448,0.0407095883476082,0.311190564534053,0.214019425090622,0.120644604782114
"21260","(Big) Broadhurst Reef (No 1) (18-100a)",3,0,0.0407095883476082,0.225323940908757,0.222560214899676,0.215985323127964
"21261","(Big) Broadhurst Reef (No 1) (18-100a)",3,0,0.0407095883476082,0.216877579522008,0.222970459703377,0.216086233235491
"21262","(Big) Broadhurst Reef (No 1) (18-100a)",3,0,0.0407095883476082,0.224454603458718,0.218509520657846,0.230271289132804
"21263","(Big) Broadhurst Reef (No 1) (18-100a)",3,0.0833333333333333,0.0407095883476082,0.316392268350597,0.219099070869111,0.135726193846981
"21264","(Big) Broadhurst Reef (No 1) (18-100a)",3,0.0333333333333333,0.0407095883476082,0.317289089929565,0.225197484344274,0.125927526432351
"21265","(Big) Broadhurst Reef (No 1) (18-100a)",3,0.0333333333333333,0.0407095883476082,0.31572215878292,0.226773788336431,0.139192248830527
"21266","(Big) Broadhurst Reef (No 1) (18-100a)",3,0,0.0407095883476082,0.19609441958924,0.190657806112562,0.198901420155542
"21267","(Big) Broadhurst Reef (No 1) (18-100a)",3,0,0.0407095883476082,0.198270363350988,0.188946376119882,0.198992664035427
"21268","(Big) Broadhurst Reef (No 1) (18-100a)",3,0,0.0407095883476082,0.195567366336407,0.192804374765424,0.19302112652562
"21269","(Big) Broadhurst Reef (No 1) (18-100a)",3,0,0.0535443111941172,0.50460484068017,0.319844483667688,0.16567332366132
"21270","(Big) Broadhurst Reef (No 1) (18-100a)",3,0,0.0535443111941172,0.512460647035222,0.32059689565,0.169299067804747
"21271","(Big) Broadhurst Reef (No 1) (18-100a)",3,0,0.0535443111941172,0.50251879830159,0.324984460005295,0.170413256246843
"21272","(Big) Broadhurst Reef (No 1) (18-100a)",3,0,0.0535443111941173,0.489969946140935,0.314342357243206,0.150138722329093
"21273","(Big) Broadhurst Reef (No 1) (18-100a)",3,0,0.0535443111941173,0.494334383314151,0.305212741877139,0.16253638479504
"21274","(Big) Broadhurst Reef (No 1) (18-100a)",3,0,0.0535443111941173,0.489112787558966,0.294844880954375,0.154172271626106
"21275","(Big) Broadhurst Reef (No 1) (18-100a)",3,0,0.0535443111941173,0.495811670143413,0.297030865644665,0.15192278078104
"21276","(Big) Broadhurst Reef (No 1) (18-100a)",3,0.0166666666666667,0.0344292372020899,0.294687787786653,0.199309190310154,0.118744755253181
"21277","(Big) Broadhurst Reef (No 1) (18-100a)",3,0,0.0344292372020899,0.287463464994257,0.199681826571154,0.113118633627761
"21278","(Big) Broadhurst Reef (No 1) (18-100a)",3,0.0166666666666667,0.0344292372020899,0.29822420710548,0.196927382721596,0.107222003764816
"21279","(Big) Broadhurst Reef (No 1) (18-100a)",3,0,0.0344292372020899,0.272606083544985,0.266392154492514,0.111675179991873
"21280","(Big) Broadhurst Reef (No 1) (18-100a)",3,0.0555555555555556,0.0344292372020899,0.267534360301334,0.26651078912395,0.109937421439993
"21281","(Big) Broadhurst Reef (No 1) (18-100a)",3,0,0.0344292372020899,0.266049666355017,0.269031713089635,0.115231245796368
"21282","(Big) Broadhurst Reef (No 1) (18-100a)",3,0.0185185185185185,0.0344292372020899,0.264006639480917,0.174161156010262,0.103811027752365
"21283","(Big) Broadhurst Reef (No 1) (18-100a)",3,0.0925925925925926,0.0344292372020899,0.274257215576061,0.177710760663773,0.110978576671001
"21284","(Big) Broadhurst Reef (No 1) (18-100a)",3,0.0555555555555556,0.0344292372020899,0.261844164987422,0.176549270332986,0.0921411680371142
"21285","(Big) Broadhurst Reef (No 1) (18-100a)",3,0.0185185185185185,0.0344292372020899,0.269715619264577,0.178129388065407,0.10539760202849
"21286","(Big) Broadhurst Reef (No 1) (18-100a)",3,0,0.0344292372020899,0.267863709371217,0.277403036586545,0.118737151962504
"21287","(Big) Broadhurst Reef (No 1) (18-100a)",3,0.0526315789473684,0.0344292372020899,0.267475112669127,0.282020871069854,0.125210454500365
"21288","(Big) Broadhurst Reef (No 1) (18-100a)",3,0,0.0344292372020899,0.273803311840022,0.280087488633272,0.122633753077738
"21289","(Big) Broadhurst Reef (No 1) (18-100a)",3,0,0.0344292372020899,0.275975026173933,0.279837978152012,0.108862738168591
"21409","(Big) Broadhurst Reef (No 1) (18-100a)",3,0.135,0.0589968265108306,0.478135081662604,0.314053790335914,0.17419846816446
"21410","(Big) Broadhurst Reef (No 1) (18-100a)",3,0.120689655172414,0.0589968265108306,0.436089005743451,0.308624033533794,0.167998610873991
"21411","(Big) Broadhurst Reef (No 1) (18-100a)",3,0.0706521739130435,0.0589968265108306,0.445401328394024,0.29904159287748,0.169449855618606
"21412","(Big) Broadhurst Reef (No 1) (18-100a)",3,0.172413793103448,0.0589968265108306,0.425960354576671,0.303031373404335,0.167551576200134
"21413","(Big) Broadhurst Reef (No 1) (18-100a)",3,0.0292207792207792,0.0589968265108306,0.43548178920931,0.285185736805872,0.170978085748622
"21414","(Big) Broadhurst Reef (No 1) (18-100a)",3,0.107638888888889,0.0589983946577904,0.465991246856282,0.291846048119251,0.15685419471633
"21415","(Big) Broadhurst Reef (No 1) (18-100a)",3,0.212765957446809,0.058462355454482,0.460790357549525,0.29299342643351,0.160260674305382
"21416","(Big) Broadhurst Reef (No 1) (18-100a)",3,0.206140350877193,0.058462355454482,0.457369937284815,0.271644174846292,0.166199791037401
"21431","(Big) Broadhurst Reef (No 1) (18-100a)",3,0.0576923076923077,0.0542741170257704,0.375726961520268,0.260698274253366,0.149399342950846
"21432","(Big) Broadhurst Reef (No 1) (18-100a)",3,0.193548387096774,0.0542741170257704,0.421070916999125,0.304476470096337,0.160795668478613
"21594","(Big) Broadhurst Reef (No 1) (18-100a)",3,0.005,0.0372572536060204,0.353178409095326,0.220618199912444,0.106014254297417
"21595","(Big) Broadhurst Reef (No 1) (18-100a)",3,0.0025,0.0372572536060204,0.345009123369284,0.207897821546434,0.10401981009494
"21721","(Big) Broadhurst Reef (No 1) (18-100a)",3,0.0394736842105263,0.0458907590516588,0.389206164937399,0.23921237054795,0.126779642508232
"21722","(Big) Broadhurst Reef (No 1) (18-100a)",3,0.0157894736842105,0.0435069815507276,0.368325421589424,0.229434661081459,0.12213378413894
"21723","(Big) Broadhurst Reef (No 1) (18-100a)",3,0.00526315789473684,0.0422522136598387,0.369791532361914,0.22760364290825,0.123224344756
"21786","(Big) Broadhurst Reef (No 1) (18-100a)",3,0.00444444444444444,0.0408558208968426,0.36364588659124,0.236905447903069,0.11918932409751
"21787","(Big) Broadhurst Reef (No 1) (18-100a)",3,0,0.0384287009106197,0.353831951254991,0.233262038354406,0.111517234348758
"24862","(Big) Broadhurst Reef (No 1) (18-100a)",3,0.07,0.0567700838461406,0.463778292383767,0.305225370159971,0.162507587072837
"24863","(Big) Broadhurst Reef (No 1) (18-100a)",3,0,0.0567700838461406,0.450694678226843,0.30515826969835,0.158546888550877
"24864","(Big) Broadhurst Reef (No 1) (18-100a)",3,0.00666666666666667,0.0567210877359182,0.459140594723033,0.291534441631519,0.155061283888007
"24865","(Big) Broadhurst Reef (No 1) (18-100a)",3,0.00666666666666667,0.0567210877359182,0.447024457095231,0.281270002004411,0.167624366405584
"25304","(Big) Broadhurst Reef (No 1) (18-100a)",3,0.00888888888888889,0.0496109276844171,0.427293818491772,0.271062441986407,0.143815693109407
"25305","(Big) Broadhurst Reef (No 1) (18-100a)",3,0.0111111111111111,0.0496109276844171,0.43077585569132,0.262289957931812,0.146798178640506
"25306","(Big) Broadhurst Reef (No 1) (18-100a)",3,0.0155555555555556,0.048103982337842,0.403232186280034,0.260678955464517,0.138020965396102
"25307","(Big) Broadhurst Reef (No 1) (18-100a)",3,0.00888888888888889,0.048103982337842,0.417625175394164,0.255854623697519,0.140782014515025
"26371","(Big) Broadhurst Reef (No 1) (18-100a)",3,0.0848214285714286,0.0520177019473615,0.431353888561036,0.283196051782518,0.153438009848648
"26372","(Big) Broadhurst Reef (No 1) (18-100a)",3,0.141666666666667,0.0520177019473615,0.421815694625637,0.271604673297393,0.146938595256695
"26373","(Big) Broadhurst Reef (No 1) (18-100a)",3,0.122727272727273,0.0520177019473616,0.42080517171392,0.278179665639712,0.141118244789127
"26374","(Big) Broadhurst Reef (No 1) (18-100a)",3,0.258620689655172,0.0520177019473615,0.414676270454829,0.270129150576304,0.143200760242191
"26375","(Big) Broadhurst Reef (No 1) (18-100a)",3,0.0958333333333333,0.0308451090843328,0.311000768451934,0.167795457301107,0.0858880885520974
"26376","(Big) Broadhurst Reef (No 1) (18-100a)",3,0.0708333333333333,0.0308451090843328,0.298471307640552,0.173588755318064,0.0855266024691027
"26377","(Big) Broadhurst Reef (No 1) (18-100a)",3,0.0561224489795918,0.026909777331566,0.30922969358416,0.161422036480143,0.0722422093468489
"26378","(Big) Broadhurst Reef (No 1) (18-100a)",3,0.035,0.026909777331566,0.309623124881947,0.16539825240564,0.0753447465426113
"26379","(Big) Broadhurst Reef (No 1) (18-100a)",3,0.0416666666666667,0.0308451090843328,0.312980820823778,0.17907555257461,0.0908418257192763
"26380","(Big) Broadhurst Reef (No 1) (18-100a)",3,0.125,0.0308451090843328,0.329035274641278,0.184173828559285,0.0914426380813059
"26381","(Big) Broadhurst Reef (No 1) (18-100a)",3,0.0454545454545455,0.026909777331566,0.264581556831948,0.166058724585014,0.080511650547571
"26382","(Big) Broadhurst Reef (No 1) (18-100a)",3,0.045,0.026909777331566,0.310153592175136,0.156187268727404,0.0799938025849182
"26508","(Big) Broadhurst Reef (No 1) (18-100a)",3,0,0.0310136533065724,0.402990169457385,0.223795348984272,0.0972611282289994
"26509","(Big) Broadhurst Reef (No 1) (18-100a)",3,0.0333333333333333,0.0310136533065724,0.312719227440746,0.176248886899474,0.0791477668782709
"26510","(Big) Broadhurst Reef (No 1) (18-100a)",3,0.0172413793103448,0.0310136533065725,0.310003809413391,0.176134814662438,0.0876551155551788
"26511","(Big) Broadhurst Reef (No 1) (18-100a)",3,0.00555555555555556,0.0310136533065725,0.308896454669431,0.174064747734349,0.0902509385069779
"26512","(Big) Broadhurst Reef (No 1) (18-100a)",3,0.0833333333333333,0.0310136533065724,0.311680880823919,0.173186248838285,0.0873113337645673
"26513","(Big) Broadhurst Reef (No 1) (18-100a)",3,0.0863636363636364,0.0310136533065725,0.300291811665689,0.170354371263905,0.0884359286038005
"26514","(Big) Broadhurst Reef (No 1) (18-100a)",3,0,0.0265226851198976,0.292193113222034,0.161403570464346,0.0722566539656936
"26515","(Big) Broadhurst Reef (No 1) (18-100a)",3,0.120535714285714,0.0265226851198976,0.265964955819831,0.164978059863892,0.0788961226395552
"26516","(Big) Broadhurst Reef (No 1) (18-100a)",3,0.0916666666666667,0.052389681342154,0.437460096874244,0.271613839132451,0.141755419328208
"26517","(Big) Broadhurst Reef (No 1) (18-100a)",3,0.113636363636364,0.0523896813421541,0.423131417790271,0.27506797695422,0.153413101448638
"26518","(Big) Broadhurst Reef (No 1) (18-100a)",3,0.104166666666667,0.052389681342154,0.438396913732552,0.274568843889542,0.156643541169158
"26519","(Big) Broadhurst Reef (No 1) (18-100a)",3,0.0272727272727273,0.0265226851198976,0.277464154108565,0.154684629382907,0.0750250261608777
"26520","(Big) Broadhurst Reef (No 1) (18-100a)",3,0.0727272727272727,0.0265226851198976,0.274425960675967,0.155532683199677,0.0740391104501514
"26521","(Big) Broadhurst Reef (No 1) (18-100a)",3,0.125,0.052389681342154,0.438083625648489,0.267189363572905,0.143891097246778
"26522","(Big) Broadhurst Reef (No 1) (18-100a)",3,0.14,0.052389681342154,0.45433028883139,0.295139568388523,0.153438623801899
"26523","(Big) Broadhurst Reef (No 1) (18-100a)",3,0.228448275862069,0.052389681342154,0.443827596774702,0.26506339219561,0.15217380284816
"27473","(Big) Broadhurst Reef (No 1) (18-100a)",3,0.12,0.0603438343395648,0.474098305626411,0.316439366637092,0.165230203376096
"27474","(Big) Broadhurst Reef (No 1) (18-100a)",3,0.108333333333333,0.0534566539414872,0.428661010769648,0.272748499858487,0.14383729823615
"27475","(Big) Broadhurst Reef (No 1) (18-100a)",3,0.108333333333333,0.0534566539414872,0.434079325384107,0.277943464859567,0.155484195491485
"27476","(Big) Broadhurst Reef (No 1) (18-100a)",3,0.125,0.0603438343395648,0.464715241536611,0.298746543630594,0.166852709509767
"27477","(Big) Broadhurst Reef (No 1) (18-100a)",3,0.1,0.0534566539414872,0.444042889951869,0.266096280602372,0.154310619147308
"27478","(Big) Broadhurst Reef (No 1) (18-100a)",3,0.26219512195122,0.0534566539414872,0.407855436153777,0.280333229688941,0.146089622997261
"27485","(Big) Broadhurst Reef (No 1) (18-100a)",3,0.075,0.0535902833293114,0.420595787591964,0.286513551875373,0.147597490311639
"27486","(Big) Broadhurst Reef (No 1) (18-100a)",3,0.1,0.0578836892166633,0.442811504511754,0.273473518005457,0.165935932075763
"27487","(Big) Broadhurst Reef (No 1) (18-100a)",3,0.116666666666667,0.0578836892166633,0.448290493037899,0.27697436947196,0.168893807286132
"27488","(Big) Broadhurst Reef (No 1) (18-100a)",3,0.177884615384615,0.0617504391720043,0.426275751131156,0.289964545290182,0.176842331312993
"27489","(Big) Broadhurst Reef (No 1) (18-100a)",3,0.32,0.0617504391720042,0.482924233353036,0.315454999924529,0.185209058049629
"27490","(Big) Broadhurst Reef (No 1) (18-100a)",3,0.00892857142857143,0.0535902833293114,0.430401429214715,0.274916500569176,0.159975513473326
"27491","(Big) Broadhurst Reef (No 1) (18-100a)",3,0.132978723404255,0.0578836892166633,0.441020485017113,0.290222119544242,0.160174306525488
"27492","(Big) Broadhurst Reef (No 1) (18-100a)",3,0.185185185185185,0.0578836892166633,0.413916019889307,0.292556014513924,0.160846519309271
"27493","(Big) Broadhurst Reef (No 1) (18-100a)",3,0.15625,0.0617504391720043,0.487024510921732,0.314086423390539,0.169776493714065
"27494","(Big) Broadhurst Reef (No 1) (18-100a)",3,0.210227272727273,0.0617504391720042,0.457006665576351,0.291483886570298,0.166059402304128
"27584","(Big) Broadhurst Reef (No 1) (18-100a)",3,0.00606060606060606,0.038342389114491,0.349939209224771,0.211729912571762,0.107832387066737
"27585","(Big) Broadhurst Reef (No 1) (18-100a)",3,0.0156862745098039,0.0199415963093637,0.204379313968363,0.108369236910272,0.0442960812416869
"27586","(Big) Broadhurst Reef (No 1) (18-100a)",3,0.088135593220339,0.044942252250288,0.402269328104641,0.243830748231283,0.133757007814328
"27587","(Big) Broadhurst Reef (No 1) (18-100a)",3,0.0481481481481481,0.0464980888710883,0.380122587043483,0.2489575981035,0.139281529745522
"27588","(Big) Broadhurst Reef (No 1) (18-100a)",3,0.015,0.0525207848399897,0.447997920746544,0.281964954005958,0.154019742425983
"27589","(Big) Broadhurst Reef (No 1) (18-100a)",3,0.0352422907488987,0.0208858177003929,0.213313027307397,0.116287475401726,0.0533775631258779
"27590","(Big) Broadhurst Reef (No 1) (18-100a)",3,0.0918032786885246,0.0406949855608485,0.347879130130239,0.213249989815171,0.106731856675299
"27591","(Big) Broadhurst Reef (No 1) (18-100a)",3,0.0651162790697674,0.0422058958563122,0.360802260792476,0.226033111500658,0.117672562283764
"27592","(Big) Broadhurst Reef (No 1) (18-100a)",3,0.00446428571428571,0.0562175096494823,0.425409261388429,0.286427937293641,0.153814171201019
"27593","(Big) Broadhurst Reef (No 1) (18-100a)",3,0.118918918918919,0.0589561417027849,0.434350811962134,0.291163859177799,0.167457140905829
"27594","(Big) Broadhurst Reef (No 1) (18-100a)",3,0.158620689655172,0.0529432979351404,0.439670531535269,0.26315867468168,0.150019623648049
"27595","(Big) Broadhurst Reef (No 1) (18-100a)",3,0.025,0.0447584064374618,0.393959859218629,0.232004876979541,0.120737822736204
"27596","(Big) Broadhurst Reef (No 1) (18-100a)",3,0.0428571428571429,0.040732500823463,0.351034900284143,0.261406619681863,0.132963344863431
"27597","(Big) Broadhurst Reef (No 1) (18-100a)",3,0.00851063829787234,0.0552137043535628,0.439286500883114,0.277901898448763,0.150578996850802
"27598","(Big) Broadhurst Reef (No 1) (18-100a)",3,0.0263157894736842,0.0449836829172958,0.395339971610249,0.223829307570598,0.121479941874551
"27599","(Big) Broadhurst Reef (No 1) (18-100a)",3,0.0603174603174603,0.0474820532591694,0.381595571282727,0.258255556669538,0.136768247190981
"27736","(Big) Broadhurst Reef (No 1) (18-100a)",3,0.0318181818181818,0.0612189395451728,0.441542573871002,0.29476444851771,0.188539285622114
"27737","(Big) Broadhurst Reef (No 1) (18-100a)",3,0.0406976744186047,0.0562389891791382,0.442189749164276,0.302872772425889,0.162426994183515
"27738","(Big) Broadhurst Reef (No 1) (18-100a)",3,0.0708333333333333,0.0612189395451728,0.470399032445732,0.304355260686683,0.165212195005588
"27739","(Big) Broadhurst Reef (No 1) (18-100a)",3,0.04,0.0562389891791382,0.468630764504817,0.29534001131571,0.16604076875065
"27790","(Big) Broadhurst Reef (No 1) (18-100a)",3,0.156862745098039,0.0620486958113901,0.431984608597254,0.29639120706707,0.164574694032212
"27791","(Big) Broadhurst Reef (No 1) (18-100a)",3,0.173469387755102,0.0620486958113901,0.472072428383607,0.308968759879814,0.178017041042585
"27792","(Big) Broadhurst Reef (No 1) (18-100a)",3,0.258333333333333,0.0620486958113901,0.458870551954788,0.304811867941265,0.167954851991627
"27793","(Big) Broadhurst Reef (No 1) (18-100a)",3,0.108333333333333,0.0607868713825457,0.460296863865443,0.306095100725165,0.175738359058011
"27794","(Big) Broadhurst Reef (No 1) (18-100a)",3,0.163157894736842,0.0620486958113901,0.470933518778541,0.292971337144979,0.16626852336815
"27795","(Big) Broadhurst Reef (No 1) (18-100a)",3,0.195,0.0620486958113901,0.476442219594629,0.315062701921072,0.185081763654069
"27796","(Big) Broadhurst Reef (No 1) (18-100a)",3,0.2125,0.0620486958113901,0.474362578182084,0.301688645184359,0.177875794277093
"27797","(Big) Broadhurst Reef (No 1) (18-100a)",3,0.2,0.0607868713825457,0.482263103740069,0.307806965488529,0.173217169770602
"27798","(Big) Broadhurst Reef (No 1) (18-100a)",3,0.0333333333333333,0.0581684537112766,0.46385258558135,0.291128692409301,0.158369768467352
"27799","(Big) Broadhurst Reef (No 1) (18-100a)",3,0.13,0.0581684537112766,0.461945633769628,0.312970447997613,0.173176427332292
"27800","(Big) Broadhurst Reef (No 1) (18-100a)",3,0.179166666666667,0.0538539259919504,0.446305478382963,0.27727463420171,0.157367842775542
"27801","(Big) Broadhurst Reef (No 1) (18-100a)",3,0.209090909090909,0.0538539259919505,0.43558054750533,0.281499552171029,0.149575176565644
"27802","(Big) Broadhurst Reef (No 1) (18-100a)",3,0.0545454545454545,0.0581684537112766,0.442183007122863,0.310950050084641,0.160996991020034
"27803","(Big) Broadhurst Reef (No 1) (18-100a)",3,0.127358490566038,0.0581684537112766,0.424868152330386,0.286873412144118,0.156239116917729
"27804","(Big) Broadhurst Reef (No 1) (18-100a)",3,0.25,0.0538539259919504,0.45456504783957,0.272996294389384,0.16033139340434
"27805","(Big) Broadhurst Reef (No 1) (18-100a)",3,0.138888888888889,0.0538539259919504,0.434666111393333,0.271681716275302,0.15103797934085
"27806","(Big) Broadhurst Reef (No 1) (18-100a)",3,0.0454545454545455,0.058173442846956,0.423117113350111,0.301239018090402,0.16762349516546
"27807","(Big) Broadhurst Reef (No 1) (18-100a)",3,0.075,0.0538585450685547,0.434739986093892,0.281348419053894,0.148073101406294
"27808","(Big) Broadhurst Reef (No 1) (18-100a)",3,0.0136363636363636,0.058173442846956,0.437566839735371,0.303108931536276,0.17049418421575
"27809","(Big) Broadhurst Reef (No 1) (18-100a)",3,0.075,0.0538585450685547,0.459601468620976,0.277029015416413,0.159549598937793
"28177","(Big) Broadhurst Reef (No 1) (18-100a)",3,0.0333333333333333,0.0613959456585168,0.469397720143375,0.3058842404782,0.175652416465062
"28178","(Big) Broadhurst Reef (No 1) (18-100a)",3,0.05,0.0613959456585168,0.483920164619727,0.312807582063655,0.173564817780431
"28179","(Big) Broadhurst Reef (No 1) (18-100a)",3,0.0458333333333333,0.0582723100591912,0.456522928726052,0.288771617015456,0.166437157706563
"28180","(Big) Broadhurst Reef (No 1) (18-100a)",3,0.078125,0.0582723100591913,0.457867481533685,0.28822850461961,0.171968661693628
"28181","(Big) Broadhurst Reef (No 1) (18-100a)",3,0.0476190476190476,0.0613959456585168,0.432996890821523,0.302812318421618,0.184526225512617
"28182","(Big) Broadhurst Reef (No 1) (18-100a)",3,0.055,0.0613959456585168,0.48005288336706,0.321039860309894,0.17932682842432
"28183","(Big) Broadhurst Reef (No 1) (18-100a)",3,0.0918367346938776,0.0582723100591912,0.464511384725078,0.300211447348269,0.157786655027109
"28184","(Big) Broadhurst Reef (No 1) (18-100a)",3,0.0769230769230769,0.0582723100591912,0.416189294210239,0.283760593522972,0.176682348943937
"28185","(Big) Broadhurst Reef (No 1) (18-100a)",3,0.01,0.0621674777237978,0.476026590702782,0.314486063740546,0.18609815235093
"28186","(Big) Broadhurst Reef (No 1) (18-100a)",3,0.105,0.0621674777237978,0.498347400520202,0.324940120591202,0.177084723393776
"28187","(Big) Broadhurst Reef (No 1) (18-100a)",3,0.2,0.0621674777237978,0.451670482744703,0.3256234862134,0.173967284825339
"28188","(Big) Broadhurst Reef (No 1) (18-100a)",3,0.208333333333333,0.0621674777237978,0.471154929137861,0.318293108182701,0.176560515877648
"28189","(Big) Broadhurst Reef (No 1) (18-100a)",3,0.07,0.0609032377418653,0.464788587538321,0.300940816688376,0.182544346610846
"28190","(Big) Broadhurst Reef (No 1) (18-100a)",3,0.025,0.0621674777237978,0.484718497818173,0.319562709944026,0.17862167089334
"28191","(Big) Broadhurst Reef (No 1) (18-100a)",3,0.14622641509434,0.0621674777237978,0.450672758822067,0.308860592631563,0.187455983153861
"28192","(Big) Broadhurst Reef (No 1) (18-100a)",3,0.185,0.0621674777237978,0.483846214571943,0.309361299278966,0.188559989744592
"28193","(Big) Broadhurst Reef (No 1) (18-100a)",3,0.116666666666667,0.0621674777237978,0.467292302560856,0.312234436237562,0.18967149984938
"28194","(Big) Broadhurst Reef (No 1) (18-100a)",3,0.075,0.0609032377418653,0.461784986757151,0.302790934329558,0.168867694286493
"28303","(Big) Broadhurst Reef (No 1) (18-100a)",3,0.165,0.0539735082779984,0.462038873828163,0.280958785512399,0.149004167966198
"28304","(Big) Broadhurst Reef (No 1) (18-100a)",3,0.0535714285714286,0.0582976163775548,0.448272479785471,0.291232532998829,0.167539756769439
"28305","(Big) Broadhurst Reef (No 1) (18-100a)",3,0.165,0.0609272784977843,0.495288320584954,0.323505109236725,0.178924177157416
"28306","(Big) Broadhurst Reef (No 1) (18-100a)",3,0.0888888888888889,0.0621920175219017,0.464864986681844,0.287913938616002,0.170103560440126
"28307","(Big) Broadhurst Reef (No 1) (18-100a)",3,0.0862068965517241,0.0539735082779984,0.430103889409866,0.272188241881331,0.16192092701594
"28308","(Big) Broadhurst Reef (No 1) (18-100a)",3,0.0235849056603774,0.0582976163775548,0.43804531035157,0.282240203406029,0.167099046521163
"28309","(Big) Broadhurst Reef (No 1) (18-100a)",3,0.0272727272727273,0.0609272784977843,0.436675835146277,0.310580032816077,0.171610430375272
"28310","(Big) Broadhurst Reef (No 1) (18-100a)",3,0.25,0.0621920175219017,0.43976733483157,0.312170858655733,0.176961091396114
"28313","(Big) Broadhurst Reef (No 1) (18-100a)",3,0.0541666666666667,0.0614959571280728,0.464247870681898,0.300605116618267,0.16352964045008
"28314","(Big) Broadhurst Reef (No 1) (18-100a)",3,0.173611111111111,0.0614959571280728,0.482959323656673,0.303149138356909,0.172720224798451
"28317","(Big) Broadhurst Reef (No 1) (18-100a)",3,0.127450980392157,0.0614959571280728,0.431029459162777,0.298045525584491,0.180071603172183
"28318","(Big) Broadhurst Reef (No 1) (18-100a)",3,0.0954545454545455,0.0614959571280729,0.437787016753986,0.311277311817518,0.173077225549565
"28343","(Big) Broadhurst Reef (No 1) (18-100a)",3,0.0333333333333333,0.0539853615865932,0.441125389544161,0.278555408407267,0.147235543487759
"28346","(Big) Broadhurst Reef (No 1) (18-100a)",3,0.115,0.0539853615865932,0.453501867985399,0.291095414013094,0.15959112918358
"28371","(Big) Broadhurst Reef (No 1) (18-100a)",3,0.0275,0.0220522421232562,0.246547235611037,0.136154886844229,0.052538076984215
"28379","(Big) Broadhurst Reef (No 1) (18-100a)",3,0.00285714285714286,0.0238274688473324,0.274682669347474,0.132952479448635,0.0659999067183979
"28380","(Big) Broadhurst Reef (No 1) (18-100a)",3,0.00285714285714286,0.0238274688473324,0.266430365254994,0.155108287046122,0.0727671698726695
"28381","(Big) Broadhurst Reef (No 1) (18-100a)",3,0,0.0221207502323442,0.252330579158889,0.138437813778085,0.0598456645696438
"28382","(Big) Broadhurst Reef (No 1) (18-100a)",3,0.0114285714285714,0.0221207502323442,0.249267473177505,0.130697291761779,0.0611660889881596
"28543","(Big) Broadhurst Reef (No 1) (18-100a)",3,0.10625,0.0615230969335332,0.427101136282003,0.302479568215429,0.174164453551725
"28544","(Big) Broadhurst Reef (No 1) (18-100a)",3,0.286363636363636,0.0566867434887829,0.416967256107591,0.28767013282018,0.164690125614974
"28546","(Big) Broadhurst Reef (No 1) (18-100a)",3,0.0588235294117647,0.0541044444192725,0.406614922420957,0.273695429541637,0.148469359716903
"28547","(Big) Broadhurst Reef (No 1) (18-100a)",3,0.0855263157894737,0.0615230969335333,0.42857796053197,0.289696839098952,0.157551745721562
"28549","(Big) Broadhurst Reef (No 1) (18-100a)",3,0.145833333333333,0.0566867434887829,0.450148874534476,0.276678693401361,0.159564360912763
"28550","(Big) Broadhurst Reef (No 1) (18-100a)",3,0.0818181818181818,0.0541044444192725,0.429851630900399,0.279480811602815,0.153740725859395
"28551","(Big) Broadhurst Reef (No 1) (18-100a)",3,0.0848214285714286,0.0540005292269798,0.420308799982996,0.291727340871387,0.157435671316815
"28552","(Big) Broadhurst Reef (No 1) (18-100a)",3,0.0613207547169811,0.0540005292269798,0.422340164553481,0.270750885400235,0.146569339011241
"28553","(Big) Broadhurst Reef (No 1) (18-100a)",3,0.0543478260869565,0.0609577807374272,0.456458723585878,0.294657626452505,0.187360182279876
"28554","(Big) Broadhurst Reef (No 1) (18-100a)",3,0.170833333333333,0.0622231529323304,0.462156212088985,0.304368550130609,0.171939295972874
"28555","(Big) Broadhurst Reef (No 1) (18-100a)",3,0.0333333333333333,0.0540005292269798,0.441765361178301,0.269146261754751,0.149194847798155
"28556","(Big) Broadhurst Reef (No 1) (18-100a)",3,0.0480349344978166,0.0540005292269799,0.422484138044496,0.270332715689837,0.153341011368248
"28557","(Big) Broadhurst Reef (No 1) (18-100a)",3,0.0446428571428571,0.0609577807374272,0.452397917616712,0.308112711375105,0.173429131752526
"28558","(Big) Broadhurst Reef (No 1) (18-100a)",3,0.0791666666666667,0.0622231529323304,0.465731298141301,0.313239974540565,0.175310080602167
"28591","(Big) Broadhurst Reef (No 1) (18-100a)",3,0.0727272727272727,0.056698332117584,0.429783449787034,0.292811773281409,0.159518080522645
"28592","(Big) Broadhurst Reef (No 1) (18-100a)",3,0.045,0.056698332117584,0.473565097521045,0.296358288216748,0.159217902399478
"28593","(Big) Broadhurst Reef (No 1) (18-100a)",3,0.0541666666666667,0.0541155051414851,0.444556054839325,0.286176566515199,0.152210862846462
"28594","(Big) Broadhurst Reef (No 1) (18-100a)",3,0.0318181818181818,0.0541155051414851,0.402476343415709,0.283062870476936,0.150990826895371
"28595","(Big) Broadhurst Reef (No 1) (18-100a)",3,0.0208333333333333,0.056698332117584,0.452244892800111,0.295445379127628,0.168467266013645
"28596","(Big) Broadhurst Reef (No 1) (18-100a)",3,0.0408163265306122,0.056698332117584,0.4535900008834,0.290542528178687,0.164844807929336
"28597","(Big) Broadhurst Reef (No 1) (18-100a)",3,0.0409090909090909,0.0541155051414851,0.413382706025748,0.276714822043873,0.153364954795777
"28598","(Big) Broadhurst Reef (No 1) (18-100a)",3,0.035,0.0541155051414851,0.448848089820746,0.278858653707129,0.167025268896481
"28599","(Big) Broadhurst Reef (No 1) (18-100a)",3,0.0611111111111111,0.0615341624600951,0.46073399540425,0.291933712222149,0.175087928000459
"28600","(Big) Broadhurst Reef (No 1) (18-100a)",3,0.025,0.0622326902139258,0.476802726994644,0.306755628290882,0.166832590901738
"28601","(Big) Broadhurst Reef (No 1) (18-100a)",3,0.115,0.0622326902139258,0.487064751619402,0.325322426957702,0.179238422259195
"28602","(Big) Broadhurst Reef (No 1) (18-100a)",3,0.0909090909090909,0.0622326902139259,0.483697982454544,0.310773408830193,0.172689463182072
"28603","(Big) Broadhurst Reef (No 1) (18-100a)",3,0.06,0.061534162460095,0.471928501071516,0.319923835627919,0.176849976273078
"28604","(Big) Broadhurst Reef (No 1) (18-100a)",3,0.05,0.0622326902139258,0.473332459042399,0.295634763654805,0.174805835419354
"28605","(Big) Broadhurst Reef (No 1) (18-100a)",3,0.0863636363636364,0.0622326902139259,0.463947152304132,0.306057221756959,0.181170240435449
"28606","(Big) Broadhurst Reef (No 1) (18-100a)",3,0.00735294117647059,0.0622326902139259,0.47720322323164,0.308504951717667,0.183558160933505
"28607","(Big) Broadhurst Reef (No 1) (18-100a)",3,0.0181818181818182,0.0540114458695169,0.422600066959123,0.283279440117646,0.151462129333268
"28608","(Big) Broadhurst Reef (No 1) (18-100a)",3,0.0227272727272727,0.0540114458695169,0.412752404929638,0.27711476418937,0.145894620799834
"28609","(Big) Broadhurst Reef (No 1) (18-100a)",3,0.0541666666666667,0.0540114458695169,0.437506783870959,0.274944955305108,0.15373127572893
"28610","(Big) Broadhurst Reef (No 1) (18-100a)",3,0.035,0.0540114458695169,0.447202867775369,0.29095787040369,0.151767520720218
"28889","(Big) Broadhurst Reef (No 1) (18-100a)",3,0.0869565217391304,0.0615499580152557,0.470577307902942,0.303481764349388,0.178986923372478
"28890","(Big) Broadhurst Reef (No 1) (18-100a)",3,0.0727272727272727,0.0622486650781601,0.441102864084781,0.303129467896638,0.18468564775508
"28891","(Big) Broadhurst Reef (No 1) (18-100a)",3,0.0520833333333333,0.0622486650781601,0.480485196146319,0.30453469656296,0.174317118053473
"28892","(Big) Broadhurst Reef (No 1) (18-100a)",3,0.0277777777777778,0.0615499580152557,0.455171208741119,0.300707307119973,0.172486550679521
"28893","(Big) Broadhurst Reef (No 1) (18-100a)",3,0.127272727272727,0.0622486650781601,0.458379520065053,0.317441770917515,0.180704330642416
"28894","(Big) Broadhurst Reef (No 1) (18-100a)",3,0.0708333333333333,0.0622486650781601,0.457760747241021,0.295917339070264,0.169396410361436
"28895","(Big) Broadhurst Reef (No 1) (18-100a)",3,0.00416666666666667,0.056712738248958,0.456836728131335,0.294828380223014,0.151634198407329
"28896","(Big) Broadhurst Reef (No 1) (18-100a)",3,0.025,0.0567127382489579,0.409573181767373,0.289704136159662,0.169032041755852
"28899","(Big) Broadhurst Reef (No 1) (18-100a)",3,0.0133928571428571,0.0567127382489579,0.435296494661031,0.301843328475118,0.159484103060263
"28900","(Big) Broadhurst Reef (No 1) (18-100a)",3,0.087962962962963,0.056712738248958,0.416623800167485,0.287556961837059,0.151445276752983
"28945","(Big) Broadhurst Reef (No 1) (18-100a)",3,0.05625,0.061560421752288,0.433713987464549,0.293698095622433,0.17361876141451
"28946","(Big) Broadhurst Reef (No 1) (18-100a)",3,0.0324074074074074,0.061560421752288,0.446467680723659,0.304898465409609,0.163972104336772
"28947","(Big) Broadhurst Reef (No 1) (18-100a)",3,0.086734693877551,0.0622592475981649,0.473439386701199,0.314336144843611,0.17649539814481
"28948","(Big) Broadhurst Reef (No 1) (18-100a)",3,0.0875,0.0622592475981649,0.467921098282098,0.302738542502129,0.172990691476265
"28949","(Big) Broadhurst Reef (No 1) (18-100a)",3,0.0138888888888889,0.061560421752288,0.47502446627397,0.314102672260017,0.174149230398859
"28950","(Big) Broadhurst Reef (No 1) (18-100a)",3,0.0425531914893617,0.061560421752288,0.46833178363977,0.321641854079893,0.170109999173293
"28951","(Big) Broadhurst Reef (No 1) (18-100a)",3,0.0681818181818182,0.0622592475981649,0.446547416503491,0.308612379726584,0.182520603459114
"28952","(Big) Broadhurst Reef (No 1) (18-100a)",3,0.0338983050847458,0.0622592475981649,0.465454649581372,0.308912460438007,0.171667095353246
"29261","(Big) Broadhurst Reef (No 1) (18-100a)",3,0.04,0.0202463233623473,0.235120173759428,0.128493678396455,0.0483939009976526
"29262","(Big) Broadhurst Reef (No 1) (18-100a)",3,0.00888888888888889,0.0202463233623473,0.232218318489613,0.120972725110318,0.0540181665279576
"29265","(Big) Broadhurst Reef (No 1) (18-100a)",3,0.0288888888888889,0.0221375351550623,0.241680678079209,0.134030748835871,0.0579900349321813
"29266","(Big) Broadhurst Reef (No 1) (18-100a)",3,0.0177777777777778,0.0221375351550623,0.247412123484656,0.134987272461113,0.0633511105160022
"29267","(Big) Broadhurst Reef (No 1) (18-100a)",3,0.0355555555555556,0.0239334814117044,0.267350209031586,0.141544034750037,0.0620926985790011
"29268","(Big) Broadhurst Reef (No 1) (18-100a)",3,0.0244444444444444,0.0239334814117044,0.259850200894517,0.132693547883758,0.0597316773956915
"29389","(Big) Broadhurst Reef (No 1) (18-100a)",3,0.0818181818181818,0.0623187528102662,0.450773478526517,0.319652631706499,0.17526322808083
"29390","(Big) Broadhurst Reef (No 1) (18-100a)",3,0.112903225806452,0.0623187528102662,0.475594316162667,0.311416655632275,0.18380839929772
"29391","(Big) Broadhurst Reef (No 1) (18-100a)",3,0.0732758620689655,0.0623187528102662,0.463251061591437,0.295239641201197,0.178424259487683
"29392","(Big) Broadhurst Reef (No 1) (18-100a)",3,0.0817307692307692,0.0623187528102662,0.441839490537891,0.299601846780613,0.179886824055712
"29393","(Big) Broadhurst Reef (No 1) (18-100a)",3,0.0166666666666667,0.0623187528102662,0.455116199369322,0.29561564690912,0.173586324951872
"29394","(Big) Broadhurst Reef (No 1) (18-100a)",3,0.0175438596491228,0.0623187528102662,0.455928845628291,0.290446743283492,0.164744748463879
"29513","(Big) Broadhurst Reef (No 1) (18-100a)",3,0.0223880597014925,0.0409470136656419,0.348059881237693,0.230050248277905,0.113014870549804
"29514","(Big) Broadhurst Reef (No 1) (18-100a)",3,0.0974576271186441,0.0428075654626857,0.386121610350571,0.228384673681091,0.123416384856202
"29515","(Big) Broadhurst Reef (No 1) (18-100a)",3,0.0407407407407407,0.0514824471641038,0.408209979375403,0.268152702211463,0.151440251612186
"29516","(Big) Broadhurst Reef (No 1) (18-100a)",3,0.0285714285714286,0.0518670621284273,0.39193888193685,0.253757809487178,0.148708475989306
"29517","(Big) Broadhurst Reef (No 1) (18-100a)",3,0.040983606557377,0.0343489477731457,0.338710472414114,0.182706119350989,0.0999914081456431
"29518","(Big) Broadhurst Reef (No 1) (18-100a)",3,0.041025641025641,0.0307051115111767,0.336821733438736,0.180158567688438,0.0860196136883759
"29519","(Big) Broadhurst Reef (No 1) (18-100a)",3,0.0416666666666667,0.0477980777763556,0.418369289761414,0.24774229485488,0.129631676163612
"29520","(Big) Broadhurst Reef (No 1) (18-100a)",3,0.0476190476190476,0.0319660484492226,0.301099584865491,0.177755636062648,0.0888453638077525
"29521","(Big) Broadhurst Reef (No 1) (18-100a)",3,0.080188679245283,0.0451870306594311,0.36441366887548,0.243500215886175,0.132372880468527
"29522","(Big) Broadhurst Reef (No 1) (18-100a)",3,0.1,0.0514449550959307,0.409561516719327,0.271513797601403,0.158854401787545
"29523","(Big) Broadhurst Reef (No 1) (18-100a)",3,0.0388888888888889,0.0514449550959308,0.414599983100479,0.250078723915748,0.142635461104199
"29524","(Big) Broadhurst Reef (No 1) (18-100a)",3,0.0489130434782609,0.0332185999872432,0.334669403530088,0.177748059084486,0.0947053556696042
"29525","(Big) Broadhurst Reef (No 1) (18-100a)",3,0.0357142857142857,0.0332773129752895,0.297835803929933,0.176636910132261,0.0915377632408404
"29526","(Big) Broadhurst Reef (No 1) (18-100a)",3,0.00641025641025641,0.0551950671822257,0.399071078302691,0.265244473787153,0.157014135929456
"29527","(Big) Broadhurst Reef (No 1) (18-100a)",3,0.0166666666666667,0.0470885126019858,0.40122000214458,0.241677394742264,0.130903193188368
"29555","(Big) Broadhurst Reef (No 1) (18-100a)",3,0.0740740740740741,0.0610617192811006,0.45332361966053,0.298295624400221,0.163410958795548
"29556","(Big) Broadhurst Reef (No 1) (18-100a)",3,0.0590909090909091,0.0623292490503372,0.452615773939295,0.314674223999205,0.189606821324454
"29557","(Big) Broadhurst Reef (No 1) (18-100a)",3,0.109090909090909,0.0623292490503372,0.448540020390857,0.310286904444435,0.171686426756273
"29558","(Big) Broadhurst Reef (No 1) (18-100a)",3,0.0614035087719298,0.0610617192811006,0.467053009039487,0.288483880153527,0.16456926748552
"29559","(Big) Broadhurst Reef (No 1) (18-100a)",3,0.0583333333333333,0.0623292490503371,0.462959310976537,0.309734637321964,0.176199245784728
"29560","(Big) Broadhurst Reef (No 1) (18-100a)",3,0.0958333333333333,0.0623292490503371,0.470788174792435,0.298882146528884,0.178194056158437
"29561","(Big) Broadhurst Reef (No 1) (18-100a)",3,0.0344827586206897,0.0584269821560501,0.451223489555575,0.286381503465289,0.167225237588002
"29562","(Big) Broadhurst Reef (No 1) (18-100a)",3,0.0288461538461538,0.0584269821560501,0.416414301564446,0.290310319477411,0.1703930054899
"29563","(Big) Broadhurst Reef (No 1) (18-100a)",3,0.0458333333333333,0.0615589088162154,0.465212600090907,0.296862921996506,0.166023679484266
"29564","(Big) Broadhurst Reef (No 1) (18-100a)",3,0.05,0.0540932786108245,0.440155888632988,0.273190153741828,0.146276762466238
"29565","(Big) Broadhurst Reef (No 1) (18-100a)",3,0.0611111111111111,0.0584269821560502,0.459205045027368,0.281421515152655,0.167635327865609
"29566","(Big) Broadhurst Reef (No 1) (18-100a)",3,0.0277777777777778,0.0584269821560502,0.447122331756187,0.28795039094278,0.167469964804364
"29567","(Big) Broadhurst Reef (No 1) (18-100a)",3,0.05,0.0615589088162154,0.469351682759199,0.284522564364969,0.17486459096815
"29568","(Big) Broadhurst Reef (No 1) (18-100a)",3,0.108333333333333,0.0540932786108245,0.430016607372399,0.27261062081731,0.157423576052611
"29689","(Big) Broadhurst Reef (No 1) (18-100a)",3,0.00697674418604651,0.0209044771635347,0.249432685431857,0.112684627253882,0.0558111803747868
"29690","(Big) Broadhurst Reef (No 1) (18-100a)",3,0.00232558139534884,0.0209044771635347,0.233918874222206,0.115418829837301,0.0538694050764956
"29691","(Big) Broadhurst Reef (No 1) (18-100a)",3,0,0.0239395292415557,0.275130542499051,0.148555195406673,0.0578031807582909
"29692","(Big) Broadhurst Reef (No 1) (18-100a)",3,0.0166666666666667,0.022224783942657,0.243747176669314,0.123393377913046,0.0550918492727603
"29693","(Big) Broadhurst Reef (No 1) (18-100a)",3,0,0.022224783942657,0.238324707724221,0.120483172853531,0.0619062004494496
"29722","(Big) Broadhurst Reef (No 1) (18-100a)",3,0.00628930817610063,0.0440228066503773,0.377152503314204,0.236949823411639,0.120815448027135
"29723","(Big) Broadhurst Reef (No 1) (18-100a)",3,0.0234042553191489,0.0332284918429077,0.304609995775916,0.198857396514579,0.0891066399411701
"29724","(Big) Broadhurst Reef (No 1) (18-100a)",3,0.02,0.0452999878836378,0.403950548478754,0.250387293954071,0.123533811574765
"29725","(Big) Broadhurst Reef (No 1) (18-100a)",3,0.05,0.0429296108291355,0.376098708607357,0.231412692623213,0.119386380770705
"29743","(Big) Broadhurst Reef (No 1) (18-100a)",3,0.0166666666666667,0.0476464803812934,0.413940740592118,0.24818568223502,0.135507759357049
"29744","(Big) Broadhurst Reef (No 1) (18-100a)",3,0.04,0.0479408248315152,0.447709389963162,0.281754197625281,0.154879084429057
"29745","(Big) Broadhurst Reef (No 1) (18-100a)",3,0.06,0.0344515295373202,0.354381171132903,0.21309315397892,0.100352301808219
"29746","(Big) Broadhurst Reef (No 1) (18-100a)",3,0.02,0.0320615137794931,0.342129979896514,0.191150455008943,0.093663063038566
"29769","(Big) Broadhurst Reef (No 1) (18-100a)",3,0.0099009900990099,0.0454064594809174,0.38901539197745,0.22616349588004,0.123230415230651
"29770","(Big) Broadhurst Reef (No 1) (18-100a)",3,0.0197530864197531,0.0469783662934168,0.378932452119731,0.237013750965977,0.138329515383174
"29771","(Big) Broadhurst Reef (No 1) (18-100a)",3,0.00434782608695652,0.0396316584546288,0.357007425737596,0.203526891920471,0.116196577826114
"29772","(Big) Broadhurst Reef (No 1) (18-100a)",3,0,0.0473435621499664,0.397217888251048,0.258173927137216,0.138753511779222
"29971","(Big) Broadhurst Reef (No 1) (18-100a)",3,0.0325581395348837,0.0430103371473702,0.379462287997504,0.229633480590443,0.122345992441947
"29972","(Big) Broadhurst Reef (No 1) (18-100a)",3,0.0348837209302326,0.0516705363872946,0.42033256256837,0.257699973644067,0.157652834802054
"29973","(Big) Broadhurst Reef (No 1) (18-100a)",3,0.0197530864197531,0.0344995646797249,0.323398642909836,0.193205830478268,0.0972978910809903
"30261","(Big) Broadhurst Reef (No 1) (18-100a)",3,0.0369393139841689,0.0440389193310474,0.365961805748018,0.225065249031309,0.130949117048089
"30273","(Big) Broadhurst Reef (No 1) (18-100a)",3,0.0175,0.0532996084701236,0.442680643492612,0.282424335798359,0.158094157800933
"30441","(Big) Broadhurst Reef (No 1) (18-100a)",3,0.00555555555555556,0.04713656232315,0.397949335195324,0.255239549801839,0.141686598603082
"30442","(Big) Broadhurst Reef (No 1) (18-100a)",3,0.00980392156862745,0.0471779332578438,0.37025742219633,0.242862361712463,0.136156313720708
"30444","(Big) Broadhurst Reef (No 1) (18-100a)",3,0.00531914893617021,0.0557721919746776,0.43185241115625,0.277857838006247,0.153320390346665
"30445","(Big) Broadhurst Reef (No 1) (18-100a)",3,0.0101010101010101,0.0556990811949386,0.461548027343037,0.302415315030482,0.155013164507997
"30446","(Big) Broadhurst Reef (No 1) (18-100a)",3,0,0.0506250910649724,0.414309633310311,0.28068395544535,0.146401724178111
"30447","(Big) Broadhurst Reef (No 1) (18-100a)",3,0.136861313868613,0.0606769253998027,0.461913486674765,0.30827180911241,0.167954088647824
"30448","(Big) Broadhurst Reef (No 1) (18-100a)",3,0.19047619047619,0.0606769253998027,0.453512939971764,0.309530434392743,0.16832747080873
"30449","(Big) Broadhurst Reef (No 1) (18-100a)",3,0.0493562231759657,0.0561027695727171,0.423197120124198,0.28807732175416,0.15558656006198
"30450","(Big) Broadhurst Reef (No 1) (18-100a)",3,0.072463768115942,0.064891490190009,0.467031972872022,0.307120034898171,0.184106611042215
"30451","(Big) Broadhurst Reef (No 1) (18-100a)",3,0.0819327731092437,0.064891490190009,0.476343676976959,0.308405793096538,0.17823721329429
"30452","(Big) Broadhurst Reef (No 1) (18-100a)",3,0.0975609756097561,0.0606803303933688,0.517943959799854,0.319826988596453,0.16717732851558
"30453","(Big) Broadhurst Reef (No 1) (18-100a)",3,0.0461847389558233,0.051186939613415,0.414371241089312,0.268970350581802,0.144874713432345
"30454","(Big) Broadhurst Reef (No 1) (18-100a)",3,0.0029585798816568,0.0568177002085426,0.446359444842073,0.275255255628998,0.154067602580598
"30455","(Big) Broadhurst Reef (No 1) (18-100a)",3,0.0741525423728814,0.0553443522855346,0.443280943684203,0.276690719984578,0.150716516896371
"30456","(Big) Broadhurst Reef (No 1) (18-100a)",3,0.0206185567010309,0.0510236842461094,0.429769594855772,0.259523684465013,0.151546651629457
"30457","(Big) Broadhurst Reef (No 1) (18-100a)",3,0.035230352303523,0.0482409185017065,0.391673830874369,0.247751449518372,0.13274599296148
"30458","(Big) Broadhurst Reef (No 1) (18-100a)",3,0.0209205020920502,0.0553018120907245,0.417134455964563,0.284905359240366,0.153170607633653
"30459","(Big) Broadhurst Reef (No 1) (18-100a)",3,0.00206611570247934,0.0484281365473039,0.389069975954117,0.259249615038399,0.136163460733832
"3750","(Big) Broadhurst Reef (No 1) (18-100a)",3,0.0125,0.0291228137620312,0.292014601418006,0.159719069333493,0.0743070462427939
"3751","(Big) Broadhurst Reef (No 1) (18-100a)",3,0.01875,0.0291201121628887,0.283222489828665,0.161660404234139,0.0871494536412472
"3752","(Big) Broadhurst Reef (No 1) (18-100a)",3,0,0.0308483187367105,0.295995429739464,0.180796515078459,0.0892918813171729
"3753","(Big) Broadhurst Reef (No 1) (18-100a)",3,0.00625,0.0251781882083075,0.268814261151644,0.149720730648146,0.068686129086235
"3754","(Big) Broadhurst Reef (No 1) (18-100a)",3,0,0.0244229009390525,0.256177744908389,0.146174445390343,0.064719029680396
"3759","(Big) Broadhurst Reef (No 1) (18-100a)",3,0.00625,0.0244229009390525,0.25757063308123,0.144031108845593,0.0680251478284405
"3760","(Big) Broadhurst Reef (No 1) (18-100a)",3,0.015625,0.0291201121628887,0.280383185815961,0.172776380710711,0.0811565540528285
"3761","(Big) Broadhurst Reef (No 1) (18-100a)",3,0.015625,0.0291228137620312,0.280211294152944,0.170203322675139,0.0826449110243147
"3766","(Big) Broadhurst Reef (No 1) (18-100a)",3,0,0.0287231282707859,0.279390064148043,0.161160266159333,0.0789294652461886
"3967","(Big) Broadhurst Reef (No 1) (18-100a)",3,0.00625,0.0267334757987396,0.275849808690238,0.163309304011597,0.073159362891147
"7824","(Big) Broadhurst Reef (No 1) (18-100a)",3,0.0158730158730159,0.0365456271295346,0.319617162734517,0.205177549480017,0.0988927964073799
"7825","(Big) Broadhurst Reef (No 1) (18-100a)",3,0.008,0.0360474138940887,0.356600780341323,0.208322198668107,0.106709539839074
"7826","(Big) Broadhurst Reef (No 1) (18-100a)",3,0.00784313725490196,0.0316015842705549,0.296723897375658,0.177052326323761,0.0884956706890016
"7828","(Big) Broadhurst Reef (No 1) (18-100a)",3,0.00392156862745098,0.0336917620237568,0.306143286444317,0.180723304255771,0.0879053499515869
"7829","(Big) Broadhurst Reef (No 1) (18-100a)",3,0.00714285714285714,0.0336917620237568,0.319548405129482,0.186968964922414,0.0958053202278666
"11170","(Big) Broadhurst Reef (No 1) (18-100a)",4,0.0678571428571429,0.0408629035771029,0.387836881288416,0.222612376901704,0.112014913749358
"11171","(Big) Broadhurst Reef (No 1) (18-100a)",4,0.00714285714285714,0.0258638057622994,0.279542064840199,0.148119749493281,0.0637184193404853
"11372","(Big) Broadhurst Reef (No 1) (18-100a)",4,0.119444444444444,0.0462189852690841,0.402922226406621,0.250835091716386,0.129580966551326
"11373","(Big) Broadhurst Reef (No 1) (18-100a)",4,0.113496932515337,0.0462189852690841,0.41344023527539,0.254149267572819,0.13754580204194
"11374","(Big) Broadhurst Reef (No 1) (18-100a)",4,0.0361111111111111,0.0529584759435504,0.426267037968304,0.269729176274449,0.166345458281846
"11375","(Big) Broadhurst Reef (No 1) (18-100a)",4,0.0305555555555556,0.0529584759435504,0.436425001090528,0.284619269401621,0.151539373788947
"11599","(Big) Broadhurst Reef (No 1) (18-100a)",4,0.267857142857143,0.0419685781532203,0.38511594279816,0.225606130440399,0.120557782103701
"11600","(Big) Broadhurst Reef (No 1) (18-100a)",4,0.250980392156863,0.0419685781532203,0.382789723087504,0.227957580432231,0.119138938892085
"11601","(Big) Broadhurst Reef (No 1) (18-100a)",4,0.0642857142857143,0.0419685781532203,0.377691789063134,0.229395373789162,0.125151867028828
"11602","(Big) Broadhurst Reef (No 1) (18-100a)",4,0.0714285714285714,0.0419685781532203,0.390516657440492,0.225798739428133,0.123563010330913
"11605","(Big) Broadhurst Reef (No 1) (18-100a)",4,0.116666666666667,0.0392201580030697,0.375408803092013,0.218332848421304,0.109928662540919
"11606","(Big) Broadhurst Reef (No 1) (18-100a)",4,0.142201834862385,0.0392201580030697,0.357626228678807,0.232010589007604,0.111171687718777
"11777","(Big) Broadhurst Reef (No 1) (18-100a)",4,0.0285714285714286,0.0458713322360751,0.406422890161425,0.257428566724852,0.12419539436637
"11778","(Big) Broadhurst Reef (No 1) (18-100a)",4,0.0339622641509434,0.0458713322360751,0.39760280622878,0.246447296499417,0.137431467069713
"11791","(Big) Broadhurst Reef (No 1) (18-100a)",4,0.00357142857142857,0.0235807183094561,0.263699058027725,0.126306803427849,0.0624984240219168
"12083","(Big) Broadhurst Reef (No 1) (18-100a)",4,0.0321428571428571,0.0243514561367602,0.266928392466568,0.140314612588379,0.0604214513515939
"12085","(Big) Broadhurst Reef (No 1) (18-100a)",4,0.00714285714285714,0.0466843118841225,0.41511643009577,0.249613853605403,0.146958086333885
"12094","(Big) Broadhurst Reef (No 1) (18-100a)",4,0.135714285714286,0.0292109644640559,0.308446647253009,0.157854274424727,0.0740999093970565
"12095","(Big) Broadhurst Reef (No 1) (18-100a)",4,0.108949416342412,0.0292109644640559,0.294681039873327,0.162480019318141,0.0847839222748326
"12096","(Big) Broadhurst Reef (No 1) (18-100a)",4,0.121428571428571,0.0291889580987324,0.304280858662627,0.174490337586771,0.0833215416310881
"12097","(Big) Broadhurst Reef (No 1) (18-100a)",4,0.0905660377358491,0.0291889580987324,0.300958412996539,0.172488163054601,0.0809346195366374
"12098","(Big) Broadhurst Reef (No 1) (18-100a)",4,0.185714285714286,0.0290157082884397,0.309369678528757,0.162617587856912,0.0780072067108606
"12099","(Big) Broadhurst Reef (No 1) (18-100a)",4,0.192156862745098,0.0290157082884397,0.290010434450156,0.163725856977625,0.0799857085581033
"12235","(Big) Broadhurst Reef (No 1) (18-100a)",4,0.0464285714285714,0.0289976283976541,0.300993969802203,0.165245418663468,0.083303854269861
"12236","(Big) Broadhurst Reef (No 1) (18-100a)",4,0.0392857142857143,0.0289976283976541,0.313215076495722,0.167080595684486,0.0777805539998762
"12237","(Big) Broadhurst Reef (No 1) (18-100a)",4,0.0607142857142857,0.0288057504923863,0.310960802813584,0.17023626684213,0.0793129171327863
"12238","(Big) Broadhurst Reef (No 1) (18-100a)",4,0.0714285714285714,0.0288057504923863,0.298493889752938,0.166788504002889,0.0824994415805332
"12239","(Big) Broadhurst Reef (No 1) (18-100a)",4,0.0535714285714286,0.0289777466662702,0.312125096849203,0.170478042641909,0.0827359894404752
"12240","(Big) Broadhurst Reef (No 1) (18-100a)",4,0.0464285714285714,0.0289777466662702,0.295713001364679,0.175343091753965,0.0773382059309582
"12241","(Big) Broadhurst Reef (No 1) (18-100a)",4,0.0107142857142857,0.0343134756309915,0.340179503372833,0.192149396447895,0.102127145225133
"12242","(Big) Broadhurst Reef (No 1) (18-100a)",4,0.0607142857142857,0.0438526387550288,0.392101046409171,0.234858950195793,0.130528488035131
"12243","(Big) Broadhurst Reef (No 1) (18-100a)",4,0.025,0.0438526387550288,0.393105846041403,0.234682357540001,0.117826487393687
"12244","(Big) Broadhurst Reef (No 1) (18-100a)",4,0.0142857142857143,0.036644975509772,0.362421222533739,0.206865124258299,0.101047050756505
"12245","(Big) Broadhurst Reef (No 1) (18-100a)",4,0.0142857142857143,0.036644975509772,0.356724064154467,0.200371995483164,0.107621173838405
"12246","(Big) Broadhurst Reef (No 1) (18-100a)",4,0.0142857142857143,0.0334702153345101,0.331735160525119,0.190263617121345,0.0963675874456111
"12247","(Big) Broadhurst Reef (No 1) (18-100a)",4,0.025,0.0334702153345101,0.3430564102733,0.187093903697074,0.0879292385581253
"12595","(Big) Broadhurst Reef (No 1) (18-100a)",4,0.05,0.0284447354935749,0.284334060768455,0.174529061887373,0.0863438831690091
"12596","(Big) Broadhurst Reef (No 1) (18-100a)",4,0.0555555555555556,0.0284381433586926,0.296308188637983,0.170571687840559,0.082481064948605
"12605","(Big) Broadhurst Reef (No 1) (18-100a)",4,0.0833333333333333,0.0282515991601347,0.291758783683637,0.163080093312246,0.0756535407924634
"12606","(Big) Broadhurst Reef (No 1) (18-100a)",4,0.0305555555555556,0.043028389180006,0.374669198693589,0.233795409605412,0.125110503911286
"14591","(Big) Broadhurst Reef (No 1) (18-100a)",4,0,0.0284878749758396,0.310136960661788,0.18703248724243,0.0765565889953757
"14592","(Big) Broadhurst Reef (No 1) (18-100a)",4,0,0.0284878749758396,0.309116765514597,0.171667489396641,0.0756119184998533
"14593","(Big) Broadhurst Reef (No 1) (18-100a)",4,0.00666666666666667,0.045052731792107,0.420877650967992,0.244749867648373,0.133854750952358
"14594","(Big) Broadhurst Reef (No 1) (18-100a)",4,0.01,0.045052731792107,0.410252455953442,0.255854147908604,0.128545685781116
"14595","(Big) Broadhurst Reef (No 1) (18-100a)",4,0,0.0450527317921071,0.384083955907966,0.252596821155512,0.134617463201624
"14596","(Big) Broadhurst Reef (No 1) (18-100a)",4,0,0.0450527317921071,0.388987868054309,0.259027569447463,0.126538879623871
"14863","(Big) Broadhurst Reef (No 1) (18-100a)",4,0,0.0239706164139515,0.246044998103659,0.139289298297236,0.0704767142981587
"15094","(Big) Broadhurst Reef (No 1) (18-100a)",4,0,0.023801721448465,0.301942557671151,0.155732832291208,0.0707640596581557
"15095","(Big) Broadhurst Reef (No 1) (18-100a)",4,0,0.023801721448465,0.297614010167671,0.160583731276229,0.0687446144842062
"15096","(Big) Broadhurst Reef (No 1) (18-100a)",4,0,0.0272269245245804,0.338718220119493,0.177951475793953,0.0846906767985705
"15097","(Big) Broadhurst Reef (No 1) (18-100a)",4,0,0.0272269245245804,0.336545501924028,0.176551149531809,0.0823623849417751
"15295","(Big) Broadhurst Reef (No 1) (18-100a)",4,0.00416666666666667,0.0396458850452238,0.401895327360242,0.225703576680944,0.114826334592963
"15296","(Big) Broadhurst Reef (No 1) (18-100a)",4,0.025,0.0424111668412917,0.406566401214149,0.250351097682617,0.118519947854024
"15297","(Big) Broadhurst Reef (No 1) (18-100a)",4,0.0416666666666667,0.0464663707648829,0.431076291833409,0.252852416250402,0.13266096156842
"15476","(Big) Broadhurst Reef (No 1) (18-100a)",4,0.0733333333333333,0.0480093325652747,0.438805279169575,0.257875460257401,0.152846125143789
"15479","(Big) Broadhurst Reef (No 1) (18-100a)",4,0.0596491228070175,0.0397889485283641,0.391185305506873,0.224269008925285,0.125725267508831
"15480","(Big) Broadhurst Reef (No 1) (18-100a)",4,0.0666666666666667,0.0408491545811917,0.392983599591744,0.239731061762401,0.123486330774548
"15728","(Big) Broadhurst Reef (No 1) (18-100a)",4,0.00917431192660551,0.0195821706649928,0.216345845906461,0.117026600749296,0.0472697440883038
"15729","(Big) Broadhurst Reef (No 1) (18-100a)",4,0.00526315789473684,0.0201223465595916,0.243889861099709,0.122427607806313,0.0545286224926245
"15730","(Big) Broadhurst Reef (No 1) (18-100a)",4,0.0315789473684211,0.0203531544338814,0.264516035700308,0.12563767671627,0.0492178469343882
"15731","(Big) Broadhurst Reef (No 1) (18-100a)",4,0,0.0202915815472351,0.252762128789095,0.122174752517668,0.0482005274470546
"15736","(Big) Broadhurst Reef (No 1) (18-100a)",4,0,0.028116645650522,0.298603814249755,0.157675279418643,0.0700736276169781
"15737","(Big) Broadhurst Reef (No 1) (18-100a)",4,0,0.028116645650522,0.293797138371341,0.160543576413534,0.0811331352463889
"15738","(Big) Broadhurst Reef (No 1) (18-100a)",4,0.0045045045045045,0.0235267412977964,0.257520721518793,0.134108459557589,0.0618324332900669
"15739","(Big) Broadhurst Reef (No 1) (18-100a)",4,0.00416666666666667,0.0235267412977964,0.271076289959651,0.137574783370663,0.0604729546736893
"15750","(Big) Broadhurst Reef (No 1) (18-100a)",4,0.008,0.0460098440282968,0.426267521392037,0.259656404374809,0.140306246088071
"15751","(Big) Broadhurst Reef (No 1) (18-100a)",4,0.005,0.0460098440282968,0.441640523597631,0.269547494943969,0.142621230357515
"15890","(Big) Broadhurst Reef (No 1) (18-100a)",4,0,0.0321866859031364,0.314941738276859,0.177046400399654,0.0941904092937524
"15891","(Big) Broadhurst Reef (No 1) (18-100a)",4,0,0.032120545727138,0.320589219167383,0.180304396685944,0.0875457417435129
"15892","(Big) Broadhurst Reef (No 1) (18-100a)",4,0,0.032120545727138,0.335176576417952,0.178034677897285,0.0914143447523742
"15893","(Big) Broadhurst Reef (No 1) (18-100a)",4,0,0.0296972900559287,0.300771841395574,0.166572213433114,0.077644292799778
"15894","(Big) Broadhurst Reef (No 1) (18-100a)",4,0,0.0296972900559287,0.319131568254727,0.17146741064744,0.087679189317149
"15895","(Big) Broadhurst Reef (No 1) (18-100a)",4,0,0.027651337004287,0.294147328139367,0.155368842065811,0.071962354710777
"15896","(Big) Broadhurst Reef (No 1) (18-100a)",4,0,0.027651337004287,0.300442693752808,0.172806511495506,0.072424862143564
"15897","(Big) Broadhurst Reef (No 1) (18-100a)",4,0.0025974025974026,0.0274543768620587,0.295878096572899,0.162630686499993,0.0733224025278644
"15898","(Big) Broadhurst Reef (No 1) (18-100a)",4,0,0.0274543768620587,0.29738914538164,0.157325077399124,0.0761805599857994
"15901","(Big) Broadhurst Reef (No 1) (18-100a)",4,0,0.0259739104116743,0.282498787052059,0.147979452458043,0.0743403339696121
"15902","(Big) Broadhurst Reef (No 1) (18-100a)",4,0.00512820512820513,0.0259739104116743,0.29281292081573,0.151925934941183,0.0705658938290678
"15911","(Big) Broadhurst Reef (No 1) (18-100a)",4,0.0275862068965517,0.0244842566135149,0.266956790978336,0.14012499242779,0.065702739239177
"15912","(Big) Broadhurst Reef (No 1) (18-100a)",4,0.0344827586206897,0.0244842566135149,0.279002099408251,0.136526192549885,0.0588078169597039
"15913","(Big) Broadhurst Reef (No 1) (18-100a)",4,0.0275862068965517,0.0244899322133617,0.268729523985896,0.144665811564101,0.0592867789488703
"15914","(Big) Broadhurst Reef (No 1) (18-100a)",4,0.0137931034482759,0.0244899322133617,0.272528347513597,0.136654823953536,0.0629361275576633
"15917","(Big) Broadhurst Reef (No 1) (18-100a)",4,0.0348837209302326,0.0243236485186177,0.277168087160077,0.133436175974497,0.0661731891718617
"15918","(Big) Broadhurst Reef (No 1) (18-100a)",4,0.0236842105263158,0.0243236485186177,0.270615629570362,0.133525624645957,0.0676275946826514
"15925","(Big) Broadhurst Reef (No 1) (18-100a)",4,0.04375,0.0299282444865312,0.299696174470308,0.17132531658216,0.0839103116283146
"15926","(Big) Broadhurst Reef (No 1) (18-100a)",4,0.0479166666666667,0.0299282444865312,0.303643004176123,0.159954658588864,0.0819962517281874
"15927","(Big) Broadhurst Reef (No 1) (18-100a)",4,0.0105263157894737,0.0319643876150021,0.330633630576725,0.185534127584538,0.0954508286212988
"15928","(Big) Broadhurst Reef (No 1) (18-100a)",4,0.00263157894736842,0.0319643876150021,0.33883347209815,0.179123485065679,0.084801117211678
"15929","(Big) Broadhurst Reef (No 1) (18-100a)",4,0.0105263157894737,0.034996315070877,0.357019529977842,0.197360019813528,0.0986027130360939
"15930","(Big) Broadhurst Reef (No 1) (18-100a)",4,0.00263157894736842,0.034996315070877,0.34785503403028,0.190629342158126,0.0981824858017984
"15931","(Big) Broadhurst Reef (No 1) (18-100a)",4,0.00697674418604651,0.0398545218661414,0.370618952950972,0.21976399490089,0.109740214957947
"15932","(Big) Broadhurst Reef (No 1) (18-100a)",4,0.0232558139534884,0.0398545218661414,0.37928746071655,0.216422602872886,0.11021696410441
"15933","(Big) Broadhurst Reef (No 1) (18-100a)",4,0.0232558139534884,0.0418359317365744,0.391794850721908,0.230438801796318,0.117762767191035
"15934","(Big) Broadhurst Reef (No 1) (18-100a)",4,0.00697674418604651,0.0418359317365744,0.388906619262946,0.227946877654917,0.12120694384592
"15947","(Big) Broadhurst Reef (No 1) (18-100a)",4,0.0225,0.0469837215742108,0.429261205798278,0.263696333566249,0.138331110244343
"15948","(Big) Broadhurst Reef (No 1) (18-100a)",4,0.01,0.0469837215742108,0.415659221889944,0.261476530540657,0.138557236718571
"15949","(Big) Broadhurst Reef (No 1) (18-100a)",4,0.0315789473684211,0.0478543790237091,0.417443515610849,0.247452369985335,0.139676455278399
"15950","(Big) Broadhurst Reef (No 1) (18-100a)",4,0.0236842105263158,0.0389389474816284,0.365033713320993,0.207624036749373,0.114842549311594
"16242","(Big) Broadhurst Reef (No 1) (18-100a)",4,0,0.0293358578362512,0.315394435809606,0.183803872209398,0.080294231297189
"16243","(Big) Broadhurst Reef (No 1) (18-100a)",4,0,0.0293358578362512,0.312997237130546,0.175184526942058,0.0783409562704189
"16244","(Big) Broadhurst Reef (No 1) (18-100a)",4,0,0.0365554670375889,0.377253038302378,0.215622181613023,0.104437008643602
"16245","(Big) Broadhurst Reef (No 1) (18-100a)",4,0.0025,0.0365554670375889,0.371299459388196,0.214612505050605,0.110043291122525
"16246","(Big) Broadhurst Reef (No 1) (18-100a)",4,0,0.0394870395786749,0.376719685313086,0.223611144837601,0.120376559833385
"16247","(Big) Broadhurst Reef (No 1) (18-100a)",4,0.00779220779220779,0.0394870395786749,0.369781445613457,0.217196319123983,0.115744808109023
"16248","(Big) Broadhurst Reef (No 1) (18-100a)",4,0.0207792207792208,0.0414501796770093,0.388047271289061,0.222527739439532,0.128720448545693
"16249","(Big) Broadhurst Reef (No 1) (18-100a)",4,0.012987012987013,0.0414501796770093,0.39012173418625,0.225845664443566,0.12170721705427
"16256","(Big) Broadhurst Reef (No 1) (18-100a)",4,0.0252873563218391,0.0295872633642553,0.311364532686416,0.166302588919321,0.0789417225299667
"16257","(Big) Broadhurst Reef (No 1) (18-100a)",4,0.0358208955223881,0.0295872633642553,0.309666333938055,0.176106386328905,0.0825052249785358
"16769","(Big) Broadhurst Reef (No 1) (18-100a)",4,0.00298507462686567,0.0291730554742997,0.293933025321728,0.160711364533441,0.0824040057499116
"16770","(Big) Broadhurst Reef (No 1) (18-100a)",4,0.0149253731343284,0.0291730554742997,0.315670645523577,0.16386761134304,0.0788881686026225
"17087","(Big) Broadhurst Reef (No 1) (18-100a)",4,0.0103896103896104,0.0309591400338053,0.30707878861804,0.169766610369535,0.0842044516525591
"17088","(Big) Broadhurst Reef (No 1) (18-100a)",4,0.012987012987013,0.0309591400338053,0.319773667378744,0.182604016544965,0.0822930309225272
"17089","(Big) Broadhurst Reef (No 1) (18-100a)",4,0,0.0338957164453213,0.337265916517678,0.194531338215006,0.0957056342751566
"17090","(Big) Broadhurst Reef (No 1) (18-100a)",4,0.0181818181818182,0.0338957164453213,0.335546490594866,0.190549686257032,0.0970169219355755
"17091","(Big) Broadhurst Reef (No 1) (18-100a)",4,0.0025974025974026,0.0289599962681421,0.318712609523757,0.165212192436147,0.0793949995865599
"17092","(Big) Broadhurst Reef (No 1) (18-100a)",4,0.0103896103896104,0.0289599962681421,0.310069650919273,0.167790113872836,0.0775000053235675
"18536","(Big) Broadhurst Reef (No 1) (18-100a)",4,0.026530612244898,0.042309745288891,0.397394700038453,0.236177834546906,0.118930748591222
"19448","(Big) Broadhurst Reef (No 1) (18-100a)",4,0.0025,0.0451401385575233,0.416121077166145,0.254353202778672,0.135822430539915
"19449","(Big) Broadhurst Reef (No 1) (18-100a)",4,0.005,0.0451401385575233,0.418387968284073,0.263154368713217,0.133266282885467
"19450","(Big) Broadhurst Reef (No 1) (18-100a)",4,0,0.0451401385575233,0.416731515716132,0.253359807061859,0.140991163637228
"19451","(Big) Broadhurst Reef (No 1) (18-100a)",4,0,0.0451401385575233,0.410515578846546,0.246138588206652,0.132470836048304
"19619","(Big) Broadhurst Reef (No 1) (18-100a)",4,0,0.0523730897865791,0.453520294910936,0.288763485986455,0.165734805368232
"19620","(Big) Broadhurst Reef (No 1) (18-100a)",4,0.0566666666666667,0.038888480700185,0.392604262375419,0.227080463816049,0.120167851009661
"19621","(Big) Broadhurst Reef (No 1) (18-100a)",4,0.0133333333333333,0.038888480700185,0.386391208973616,0.230136363896233,0.111768167822395
"19622","(Big) Broadhurst Reef (No 1) (18-100a)",4,0.0888888888888889,0.038888480700185,0.355529483604082,0.221640099719881,0.123184817666563
"19623","(Big) Broadhurst Reef (No 1) (18-100a)",4,0.1,0.038888480700185,0.360479581640463,0.226745611500871,0.104251513969783
"19873","(Big) Broadhurst Reef (No 1) (18-100a)",4,0.0171428571428571,0.0371690747600864,0.377232942431201,0.222244994110708,0.113176324348639
"19874","(Big) Broadhurst Reef (No 1) (18-100a)",4,0.00571428571428571,0.0371690747600864,0.355510444578507,0.22120718465175,0.11621075099436
"19875","(Big) Broadhurst Reef (No 1) (18-100a)",4,0.015,0.0371690747600864,0.376586613957765,0.210909391580151,0.111621734433716
"19876","(Big) Broadhurst Reef (No 1) (18-100a)",4,0.01,0.0371690747600864,0.388593780665163,0.226385770057995,0.10938768105801
"19905","(Big) Broadhurst Reef (No 1) (18-100a)",4,0.00857142857142857,0.0457133553346523,0.418493713463598,0.25916677891082,0.124704664889702
"19906","(Big) Broadhurst Reef (No 1) (18-100a)",4,0.00857142857142857,0.0457133553346523,0.428277371058014,0.25706632542042,0.132516314707916
"19907","(Big) Broadhurst Reef (No 1) (18-100a)",4,0.0142857142857143,0.0453299097414219,0.418731209164385,0.244465307795681,0.127085865369675
"19908","(Big) Broadhurst Reef (No 1) (18-100a)",4,0.0142857142857143,0.0453299097414219,0.412226510786627,0.24952095123546,0.142989775094384
"19947","(Big) Broadhurst Reef (No 1) (18-100a)",4,0.06,0.0428373763591554,0.429919212918627,0.265520545353951,0.137955396265221
"19948","(Big) Broadhurst Reef (No 1) (18-100a)",4,0.0266666666666667,0.0428373763591554,0.419829387806715,0.250942081976069,0.136533167479269
"19949","(Big) Broadhurst Reef (No 1) (18-100a)",4,0.00740740740740741,0.0428373763591555,0.404829886082529,0.221622712337987,0.127878707529278
"19950","(Big) Broadhurst Reef (No 1) (18-100a)",4,0,0.0428373763591555,0.403042678124828,0.249467226719612,0.132860147820544
"19951","(Big) Broadhurst Reef (No 1) (18-100a)",4,0.045,0.0390988813179356,0.393103856824815,0.231561367393994,0.116095809602919
"19952","(Big) Broadhurst Reef (No 1) (18-100a)",4,0.065,0.0390988813179356,0.404515986187378,0.235072485895195,0.113597424773336
"19953","(Big) Broadhurst Reef (No 1) (18-100a)",4,0.0166666666666667,0.0390988813179356,0.378277093343983,0.216683005695322,0.111940370995395
"19954","(Big) Broadhurst Reef (No 1) (18-100a)",4,0.0166666666666667,0.0390988813179356,0.375092319795798,0.208260898520388,0.109743567072782
"20189","(Big) Broadhurst Reef (No 1) (18-100a)",4,0,0.0220900936418647,0.25490819569101,0.136615587866319,0.0584380143839241
"20190","(Big) Broadhurst Reef (No 1) (18-100a)",4,0,0.0220900936418647,0.259794175515261,0.130282548463797,0.0607017778447971
"20191","(Big) Broadhurst Reef (No 1) (18-100a)",4,0,0.0220900936418647,0.267353784204231,0.144943903751008,0.0567213306722821
"20488","(Big) Broadhurst Reef (No 1) (18-100a)",4,0,0.0250694244997478,0.275363708794664,0.14225189116756,0.0676351105596073
"20489","(Big) Broadhurst Reef (No 1) (18-100a)",4,0,0.0250694244997478,0.290261616816289,0.14666531369155,0.067212401987004
"20496","(Big) Broadhurst Reef (No 1) (18-100a)",4,0.0533333333333333,0.0343943830004731,0.38546420573909,0.22335447698894,0.1045021464432
"20497","(Big) Broadhurst Reef (No 1) (18-100a)",4,0.0333333333333333,0.0343943830004731,0.389045740299515,0.226185448270875,0.102107933862297
"20498","(Big) Broadhurst Reef (No 1) (18-100a)",4,0.140740740740741,0.0343943830004731,0.356474860120691,0.204691635062153,0.0982655658951357
"20499","(Big) Broadhurst Reef (No 1) (18-100a)",4,0.140740740740741,0.0343943830004731,0.35343403921567,0.192074762260651,0.109380087776161
"20504","(Big) Broadhurst Reef (No 1) (18-100a)",4,0.02,0.0343853040457322,0.351368299097309,0.210711186308214,0.101074956812337
"20505","(Big) Broadhurst Reef (No 1) (18-100a)",4,0.00666666666666667,0.0341403779369383,0.370443714157881,0.205639795902542,0.0932648842504711
"20506","(Big) Broadhurst Reef (No 1) (18-100a)",4,0.0222222222222222,0.0343853040457322,0.358623461314323,0.197367092947902,0.102393480532972
"20507","(Big) Broadhurst Reef (No 1) (18-100a)",4,0.037037037037037,0.0343853040457322,0.35649383694035,0.196816759805255,0.100772200409911
"20508","(Big) Broadhurst Reef (No 1) (18-100a)",4,0.0518518518518519,0.0341403779369383,0.357010282933451,0.191009019261905,0.0993013139136163
"20509","(Big) Broadhurst Reef (No 1) (18-100a)",4,0.0296296296296296,0.0341403779369383,0.363258626429766,0.193426888314071,0.0978770856519758
"20510","(Big) Broadhurst Reef (No 1) (18-100a)",4,0.0233333333333333,0.051491785608347,0.447809895827486,0.288045646839548,0.151240277600192
"20512","(Big) Broadhurst Reef (No 1) (18-100a)",4,0.0633333333333333,0.0620567867673557,0.496437881404908,0.316998315934601,0.182983017325501
"20751","(Big) Broadhurst Reef (No 1) (18-100a)",4,0.00888888888888889,0.0613490877217996,0.500638574305791,0.309134082878659,0.177525690448369
"20752","(Big) Broadhurst Reef (No 1) (18-100a)",4,0.00888888888888889,0.0613490877217996,0.484615323420898,0.313673674183824,0.177021686603302
"20757","(Big) Broadhurst Reef (No 1) (18-100a)",4,0.025,0.0522047389346605,0.442940930227481,0.275999447230872,0.153189690583956
"20758","(Big) Broadhurst Reef (No 1) (18-100a)",4,0.0333333333333333,0.0522047389346605,0.438394832245186,0.271927534875147,0.152745146658612
"20759","(Big) Broadhurst Reef (No 1) (18-100a)",4,0.0354166666666667,0.0548001529595968,0.442973007631405,0.280101388193594,0.157657758572586
"20760","(Big) Broadhurst Reef (No 1) (18-100a)",4,0.0125,0.0548001529595968,0.451664309512919,0.290222143426093,0.166561702147981
"20761","(Big) Broadhurst Reef (No 1) (18-100a)",4,0.0208333333333333,0.0418070024843843,0.385155827534305,0.245712579279688,0.119480782542076
"20762","(Big) Broadhurst Reef (No 1) (18-100a)",4,0.0145833333333333,0.0418070024843843,0.381371529068144,0.227570111822923,0.115766821491897
"20763","(Big) Broadhurst Reef (No 1) (18-100a)",4,0.0208333333333333,0.0457725343821624,0.401365179791459,0.245156698769116,0.13615441678086
"20764","(Big) Broadhurst Reef (No 1) (18-100a)",4,0.0125,0.0457725343821624,0.417207219843345,0.252833368432218,0.138200040624844
"20766","(Big) Broadhurst Reef (No 1) (18-100a)",4,0.00208333333333333,0.0336007985972775,0.341352728787543,0.190495997922031,0.088734449396321
"20767","(Big) Broadhurst Reef (No 1) (18-100a)",4,0.00833333333333333,0.0336007985972775,0.352642815683079,0.188889296361078,0.103189390445023
"21318","(Big) Broadhurst Reef (No 1) (18-100a)",4,0.0166666666666667,0.0673514331871357,0.431001390318864,0.325237945605641,0.207578093314386
"21319","(Big) Broadhurst Reef (No 1) (18-100a)",4,0.0333333333333333,0.0673514331871357,0.443095038828484,0.33386054391837,0.20940974100893
"21320","(Big) Broadhurst Reef (No 1) (18-100a)",4,0.0166666666666667,0.0673514331871357,0.44043412973754,0.327800891511424,0.211538346910539
"21321","(Big) Broadhurst Reef (No 1) (18-100a)",4,0,0.0673514331871357,0.492011640055542,0.30395707808309,0.204418783310834
"21322","(Big) Broadhurst Reef (No 1) (18-100a)",4,0.0645161290322581,0.0673514331871357,0.487455624890564,0.302749752527759,0.198290241204028
"21323","(Big) Broadhurst Reef (No 1) (18-100a)",4,0.032258064516129,0.0673514331871357,0.493295809124218,0.308131273513595,0.210058566654621
"21324","(Big) Broadhurst Reef (No 1) (18-100a)",4,0,0.0673514331871357,0.451413447743785,0.315042665045484,0.210682437953543
"21325","(Big) Broadhurst Reef (No 1) (18-100a)",4,0.0333333333333333,0.0673514331871357,0.428650805611486,0.342491963349275,0.209549934618901
"21326","(Big) Broadhurst Reef (No 1) (18-100a)",4,0.0666666666666667,0.0673514331871357,0.429439876824923,0.33206422349722,0.213037496309991
"21327","(Big) Broadhurst Reef (No 1) (18-100a)",4,0.0333333333333333,0.0673514331871357,0.489143959407496,0.29677434129784,0.191061558579083
"21328","(Big) Broadhurst Reef (No 1) (18-100a)",4,0.0333333333333333,0.0673514331871357,0.487710524899255,0.302375686603345,0.200348019896139
"21329","(Big) Broadhurst Reef (No 1) (18-100a)",4,0,0.0673514331871357,0.499879074044295,0.287938697623723,0.202272489986013
"21578","(Big) Broadhurst Reef (No 1) (18-100a)",4,0.0421052631578947,0.0377745266434202,0.367011403404087,0.206313541290081,0.111543516893474
"21579","(Big) Broadhurst Reef (No 1) (18-100a)",4,0.110526315789474,0.0377745266434202,0.35362008417406,0.20097218321802,0.104818549443431
"21596","(Big) Broadhurst Reef (No 1) (18-100a)",4,0.02,0.0488359776803534,0.442708357602171,0.253198582254152,0.13542385437199
"21597","(Big) Broadhurst Reef (No 1) (18-100a)",4,0.0075,0.0488359776803534,0.428268654595351,0.261836020010258,0.143284973342998
"21713","(Big) Broadhurst Reef (No 1) (18-100a)",4,0.024,0.0588191448616844,0.486696400922795,0.29537324949092,0.176786540140426
"21714","(Big) Broadhurst Reef (No 1) (18-100a)",4,0.016,0.0229837971949595,0.263733466008894,0.148632924432352,0.0680872353276167
"21715","(Big) Broadhurst Reef (No 1) (18-100a)",4,0.00789473684210526,0.0230942081645995,0.252240029432826,0.125901976070688,0.0621734835540305
"21716","(Big) Broadhurst Reef (No 1) (18-100a)",4,0.0552631578947368,0.0230942081645995,0.254646007385791,0.13425941576209,0.0621299848759747
"21717","(Big) Broadhurst Reef (No 1) (18-100a)",4,0.0184210526315789,0.0240034668956589,0.270799923920161,0.13508369776179,0.0663756449327712
"21718","(Big) Broadhurst Reef (No 1) (18-100a)",4,0.0184210526315789,0.0240034668956589,0.274252532290944,0.132013317468499,0.0713598796333356
"21734","(Big) Broadhurst Reef (No 1) (18-100a)",4,0.0142857142857143,0.0232624055813641,0.26924054381628,0.140119185503821,0.0620098209514132
"21735","(Big) Broadhurst Reef (No 1) (18-100a)",4,0.0428571428571429,0.0226653088450725,0.270162502629199,0.136988254322038,0.0598632886768641
"21736","(Big) Broadhurst Reef (No 1) (18-100a)",4,0.0296296296296296,0.0226653088450725,0.279691769551928,0.139807994771751,0.0615227216538506
"21737","(Big) Broadhurst Reef (No 1) (18-100a)",4,0.103703703703704,0.0226653088450725,0.273801485929706,0.131620969213755,0.0591487364880434
"21738","(Big) Broadhurst Reef (No 1) (18-100a)",4,0,0.0232624055813641,0.268715086625415,0.132937547848843,0.0646071210211209
"21739","(Big) Broadhurst Reef (No 1) (18-100a)",4,0.0166666666666667,0.0232624055813641,0.261269763181332,0.133832772864028,0.0611113886916229
"21740","(Big) Broadhurst Reef (No 1) (18-100a)",4,0.0105263157894737,0.0239208522293117,0.266565563155235,0.142601979234668,0.0664157214319803
"21741","(Big) Broadhurst Reef (No 1) (18-100a)",4,0.00526315789473684,0.0239208522293117,0.262057967018166,0.131531095250334,0.0597012416957628
"21742","(Big) Broadhurst Reef (No 1) (18-100a)",4,0.0368421052631579,0.0234297946956091,0.264458809168983,0.135846729771721,0.0526700462272644
"21743","(Big) Broadhurst Reef (No 1) (18-100a)",4,0.0263157894736842,0.0234297946956091,0.266066624191106,0.132916343500886,0.0578474714666132
"21826","(Big) Broadhurst Reef (No 1) (18-100a)",4,0.00298507462686567,0.0523846100853147,0.43454935552958,0.258957069041891,0.150402534495706
"21827","(Big) Broadhurst Reef (No 1) (18-100a)",4,0.0208955223880597,0.0523846100853147,0.436844582463489,0.2639036094786,0.151190690759597
"21828","(Big) Broadhurst Reef (No 1) (18-100a)",4,0,0.0400000323233375,0.387692713922684,0.229220627677641,0.117485444213851
"21829","(Big) Broadhurst Reef (No 1) (18-100a)",4,0,0.0400000323233375,0.383456911190497,0.223747572564087,0.114830635354961
"21830","(Big) Broadhurst Reef (No 1) (18-100a)",4,0.0142857142857143,0.0229834454401138,0.271275919625655,0.137680934091534,0.0557911631631935
"21831","(Big) Broadhurst Reef (No 1) (18-100a)",4,0.0142857142857143,0.0229834454401138,0.266234375143525,0.132826369847682,0.0588642376126758
"21832","(Big) Broadhurst Reef (No 1) (18-100a)",4,0.00857142857142857,0.0236174457975804,0.276415444706916,0.13371121379417,0.0673993944534099
"21833","(Big) Broadhurst Reef (No 1) (18-100a)",4,0.0285714285714286,0.0236174457975804,0.279967291936224,0.14016134220757,0.068303922635249
"21836","(Big) Broadhurst Reef (No 1) (18-100a)",4,0.0149253731343284,0.0374008745765371,0.369752705952089,0.22024362205154,0.110883761122986
"21837","(Big) Broadhurst Reef (No 1) (18-100a)",4,0.0208955223880597,0.0374008745765371,0.359731105612751,0.204159501021063,0.10545761509169
"21842","(Big) Broadhurst Reef (No 1) (18-100a)",4,0,0.0303864288701992,0.319506714607711,0.176336269464909,0.0873320054864127
"21843","(Big) Broadhurst Reef (No 1) (18-100a)",4,0,0.0303864288701992,0.334194798462094,0.180222160676292,0.0870987841443651
"21850","(Big) Broadhurst Reef (No 1) (18-100a)",4,0.0776119402985075,0.0322656962450894,0.332230106345861,0.181323013362786,0.0835788403959215
"21851","(Big) Broadhurst Reef (No 1) (18-100a)",4,0.0865671641791045,0.0322656962450894,0.332911055549447,0.178914575137388,0.0919059722198537
"21930","(Big) Broadhurst Reef (No 1) (18-100a)",4,0.0242424242424242,0.0235906297411094,0.261370712670661,0.136509321982613,0.0595766773837357
"21931","(Big) Broadhurst Reef (No 1) (18-100a)",4,0.00606060606060606,0.0235906297411094,0.256566048194661,0.125806971906776,0.0657651754959733
"21932","(Big) Broadhurst Reef (No 1) (18-100a)",4,0.0121212121212121,0.0238612196093227,0.254436001053133,0.132463315284421,0.0622111971777254
"21933","(Big) Broadhurst Reef (No 1) (18-100a)",4,0.0212121212121212,0.0238612196093227,0.264270417189302,0.136767988482947,0.0636242717168594
"22174","(Big) Broadhurst Reef (No 1) (18-100a)",4,0.0132075471698113,0.0321069686660401,0.318528706942034,0.176160477707104,0.0873112779564542
"22175","(Big) Broadhurst Reef (No 1) (18-100a)",4,0.0264150943396226,0.0321069686660401,0.319791641330032,0.182000926270315,0.0889838092994412
"22240","(Big) Broadhurst Reef (No 1) (18-100a)",4,0.004,0.0223165723879269,0.273143627952403,0.131337781299062,0.0628657046160772
"22241","(Big) Broadhurst Reef (No 1) (18-100a)",4,0.0133333333333333,0.022316572387927,0.253500890815372,0.134865001634213,0.0629339232250513
"22242","(Big) Broadhurst Reef (No 1) (18-100a)",4,0,0.022316572387927,0.253119068147549,0.143272231320389,0.0659878105056665
"22245","(Big) Broadhurst Reef (No 1) (18-100a)",4,0.008,0.0369966595372588,0.372179487033844,0.215523819255005,0.102113405637955
"22350","(Big) Broadhurst Reef (No 1) (18-100a)",4,0.056,0.0223165723879269,0.261777238715021,0.145836050643364,0.0612478334105335
"22402","(Big) Broadhurst Reef (No 1) (18-100a)",4,0,0.0394897437121917,0.385678897491016,0.220718789379952,0.113649008219047
"22403","(Big) Broadhurst Reef (No 1) (18-100a)",4,0.0105263157894737,0.0432354759823842,0.395759625628333,0.244240111798892,0.123879080880513
"22404","(Big) Broadhurst Reef (No 1) (18-100a)",4,0,0.0229038576948279,0.285802832082386,0.128288373528182,0.0630678344669355
"22405","(Big) Broadhurst Reef (No 1) (18-100a)",4,0.0125,0.0228970528103056,0.255617699041421,0.133046923075183,0.0614596679470853
"22406","(Big) Broadhurst Reef (No 1) (18-100a)",4,0.0075,0.0228970528103056,0.275033007972013,0.140396304349183,0.0570361681994417
"22407","(Big) Broadhurst Reef (No 1) (18-100a)",4,0.025,0.0222555758129329,0.246680533141255,0.141335882495128,0.0562604334924807
"22408","(Big) Broadhurst Reef (No 1) (18-100a)",4,0.0225,0.0222555758129329,0.252049074312067,0.137142300568827,0.0641028293971336
"22409","(Big) Broadhurst Reef (No 1) (18-100a)",4,0.00222222222222222,0.044019370042651,0.415569476018256,0.238533854630462,0.140798268031937
"22410","(Big) Broadhurst Reef (No 1) (18-100a)",4,0.00222222222222222,0.044019370042651,0.415940974962392,0.243463121979199,0.127430843209457
"22411","(Big) Broadhurst Reef (No 1) (18-100a)",4,0,0.0342451098437864,0.352717915053806,0.194032437340515,0.102037011370994
"22412","(Big) Broadhurst Reef (No 1) (18-100a)",4,0,0.0342451098437864,0.353017276639843,0.200995077372993,0.0993913319524889
"22413","(Big) Broadhurst Reef (No 1) (18-100a)",4,0,0.0299997397153243,0.319452107603766,0.1811656750732,0.0877257653399565
"22414","(Big) Broadhurst Reef (No 1) (18-100a)",4,0,0.0299997397153243,0.319178470157375,0.180370753273388,0.0851230918746717
"22415","(Big) Broadhurst Reef (No 1) (18-100a)",4,0,0.0317194791478618,0.323669137472589,0.189153440312458,0.0955198407392441
"22416","(Big) Broadhurst Reef (No 1) (18-100a)",4,0,0.0317194791478618,0.346767426225719,0.18018033377102,0.0896820629320369
"24531","(Big) Broadhurst Reef (No 1) (18-100a)",4,0.025,0.0439044672456907,0.420193854782198,0.250809282406644,0.130105318352439
"24532","(Big) Broadhurst Reef (No 1) (18-100a)",4,0.0275,0.0439044672456907,0.40656807651597,0.249002059540226,0.13352632628253
"24533","(Big) Broadhurst Reef (No 1) (18-100a)",4,0.105263157894737,0.0617930438806639,0.479992391159085,0.298028111408059,0.177907251216751
"24534","(Big) Broadhurst Reef (No 1) (18-100a)",4,0.068421052631579,0.0617930438806639,0.460470619206992,0.305186986806126,0.17490754948274
"24535","(Big) Broadhurst Reef (No 1) (18-100a)",4,0.0105263157894737,0.0571089181314002,0.447720293640803,0.300266765084106,0.154427280071648
"24536","(Big) Broadhurst Reef (No 1) (18-100a)",4,0.0763157894736842,0.0571089181314002,0.458156260388395,0.272389635986142,0.160212774531256
"24866","(Big) Broadhurst Reef (No 1) (18-100a)",4,0.0466666666666667,0.059159759225103,0.47386801266365,0.32939166205254,0.174184568318257
"24867","(Big) Broadhurst Reef (No 1) (18-100a)",4,0.0166666666666667,0.059159759225103,0.484503506648031,0.309651769938672,0.175165716090264
"24868","(Big) Broadhurst Reef (No 1) (18-100a)",4,0,0.0546752455306213,0.470526757994096,0.298465843906665,0.169366632628662
"24869","(Big) Broadhurst Reef (No 1) (18-100a)",4,0.0466666666666667,0.0546752455306213,0.47202752391581,0.290645065960715,0.15836151268245
"24870","(Big) Broadhurst Reef (No 1) (18-100a)",4,0.0366666666666667,0.0492083285247844,0.43653017963319,0.2819028019092,0.144219911116481
"24871","(Big) Broadhurst Reef (No 1) (18-100a)",4,0.0266666666666667,0.0492083285247844,0.446936750864675,0.273708190782584,0.147452602877798
"24872","(Big) Broadhurst Reef (No 1) (18-100a)",4,0.00666666666666667,0.0445598224132421,0.407948700311956,0.24598263041527,0.132332292484345
"24873","(Big) Broadhurst Reef (No 1) (18-100a)",4,0.01,0.0445598224132421,0.415633358503096,0.271561243023819,0.127770552130736
"25732","(Big) Broadhurst Reef (No 1) (18-100a)",4,0.0578947368421053,0.0557249485916574,0.469858154013085,0.288442342027631,0.164217803663108
"25733","(Big) Broadhurst Reef (No 1) (18-100a)",4,0.0131578947368421,0.0557249485916574,0.463969960154324,0.277207062142622,0.170574877039338
"25734","(Big) Broadhurst Reef (No 1) (18-100a)",4,0.0575,0.042841313032375,0.406391939682477,0.245785732823026,0.122690241315127
"25735","(Big) Broadhurst Reef (No 1) (18-100a)",4,0.02,0.042841313032375,0.408257303095468,0.234936147853179,0.130368672279598
"25736","(Big) Broadhurst Reef (No 1) (18-100a)",4,0.0236842105263158,0.0514787605126982,0.444696559717137,0.271943947421594,0.149678467147425
"25737","(Big) Broadhurst Reef (No 1) (18-100a)",4,0.0473684210526316,0.0514787605126982,0.430156126886352,0.265218058682844,0.149999348629685
"26944","(Big) Broadhurst Reef (No 1) (18-100a)",4,0.0257142857142857,0.0482851035750656,0.420665093565442,0.273726695649453,0.145268404978553
"26945","(Big) Broadhurst Reef (No 1) (18-100a)",4,0.0142857142857143,0.0482851035750656,0.434869790349275,0.262090456091848,0.148000638249396
"26946","(Big) Broadhurst Reef (No 1) (18-100a)",4,0.0457142857142857,0.0516388717342092,0.452612338762327,0.290814959892284,0.15579809706475
"26947","(Big) Broadhurst Reef (No 1) (18-100a)",4,0.0457142857142857,0.0516388717342092,0.4522659631333,0.279108611121431,0.157489829676459
"27089","(Big) Broadhurst Reef (No 1) (18-100a)",4,0.04,0.0483550724139402,0.437717159688848,0.277325021609123,0.139080624686916
"27090","(Big) Broadhurst Reef (No 1) (18-100a)",4,0.0525,0.0483550724139402,0.43068932643385,0.263881646122007,0.143242991682686
"27244","(Big) Broadhurst Reef (No 1) (18-100a)",4,0.0244444444444444,0.0463805172124789,0.429215249826981,0.254500040918382,0.134644147585053
"27245","(Big) Broadhurst Reef (No 1) (18-100a)",4,0.0355555555555556,0.0463805172124789,0.417044438655297,0.258723161037517,0.144275651668829
"27246","(Big) Broadhurst Reef (No 1) (18-100a)",4,0.0177777777777778,0.0515257895393316,0.441655683440268,0.288845716075036,0.156169141909817
"27247","(Big) Broadhurst Reef (No 1) (18-100a)",4,0.0844444444444444,0.0515257895393316,0.446110289473338,0.28086261208589,0.146265482904238
"27654","(Big) Broadhurst Reef (No 1) (18-100a)",4,0.12,0.0605311730442765,0.481433398527987,0.314674575263022,0.169106948305325
"27655","(Big) Broadhurst Reef (No 1) (18-100a)",4,0.0955555555555556,0.0605311730442765,0.494056874058312,0.312773378612876,0.183886988620956
"27656","(Big) Broadhurst Reef (No 1) (18-100a)",4,0.0755555555555556,0.0443116027712426,0.406282206952676,0.241595101832677,0.129597151951843
"27657","(Big) Broadhurst Reef (No 1) (18-100a)",4,0.02,0.0492273578598043,0.427021217093762,0.275585793255675,0.141783457331004
"27658","(Big) Broadhurst Reef (No 1) (18-100a)",4,0.0517241379310345,0.0492273578598043,0.416606968946412,0.2672847566682,0.135964373256089
"27659","(Big) Broadhurst Reef (No 1) (18-100a)",4,0.0511111111111111,0.0559735910615401,0.46305646098649,0.298242241629708,0.166722837776521
"27684","(Big) Broadhurst Reef (No 1) (18-100a)",4,0.0511627906976744,0.0601249735974444,0.475413000020048,0.300028470765537,0.16498482469582
"27685","(Big) Broadhurst Reef (No 1) (18-100a)",4,0.0395348837209302,0.0601249735974444,0.469286478285933,0.3023477365457,0.164156688722467
"27686","(Big) Broadhurst Reef (No 1) (18-100a)",4,0.0418604651162791,0.0556376631231234,0.438112820807107,0.295418009078983,0.167423577955215
"27687","(Big) Broadhurst Reef (No 1) (18-100a)",4,0.0302325581395349,0.0556376631231234,0.444633745623596,0.287649052768661,0.159984364632406
"27957","(Big) Broadhurst Reef (No 1) (18-100a)",4,0.025,0.0474876061066965,0.403660947488762,0.263375705844387,0.148287754265822
"27958","(Big) Broadhurst Reef (No 1) (18-100a)",4,0.08125,0.0474876061066965,0.383635200974077,0.264988612133047,0.139662726449013
"27959","(Big) Broadhurst Reef (No 1) (18-100a)",4,0.125,0.0597006583971599,0.49963085363307,0.330143675767806,0.174523934964927
"27960","(Big) Broadhurst Reef (No 1) (18-100a)",4,0.11,0.0597006583971599,0.488510134566058,0.309839379588929,0.169679299888673
"27961","(Big) Broadhurst Reef (No 1) (18-100a)",4,0.0133333333333333,0.0510683684637105,0.456694124631196,0.300191159859915,0.151680989820132
"27962","(Big) Broadhurst Reef (No 1) (18-100a)",4,0.173333333333333,0.0510683684637105,0.463150178291715,0.289851106303365,0.166197433990411
"28006","(Big) Broadhurst Reef (No 1) (18-100a)",4,0.0733333333333333,0.0434628271603221,0.409176661851323,0.250940247952731,0.133854733702314
"28007","(Big) Broadhurst Reef (No 1) (18-100a)",4,0.0666666666666667,0.0434628271603221,0.422882991833725,0.247192932572348,0.129990266470445
"28105","(Big) Broadhurst Reef (No 1) (18-100a)",4,0.025,0.0574214705305245,0.43230539733145,0.293778804945261,0.165785992839388
"28106","(Big) Broadhurst Reef (No 1) (18-100a)",4,0,0.0574214705305245,0.440753920127839,0.296367712404719,0.16536299207161
"28372","(Big) Broadhurst Reef (No 1) (18-100a)",4,0.0775,0.0404543994615053,0.385360202092161,0.238240555048716,0.125439715030882
"28373","(Big) Broadhurst Reef (No 1) (18-100a)",4,0.04,0.0463861219140896,0.433809527954932,0.255006397776505,0.145783241665039
"28374","(Big) Broadhurst Reef (No 1) (18-100a)",4,0.025,0.0463861219140896,0.425712987093354,0.254945055634171,0.126415615449989
"28375","(Big) Broadhurst Reef (No 1) (18-100a)",4,0.0298507462686567,0.0592080166838679,0.478374971030161,0.30542134636474,0.173444806466062
"28376","(Big) Broadhurst Reef (No 1) (18-100a)",4,0.0417910447761194,0.0592080166838679,0.468914561647033,0.302064038918707,0.175828473247001
"28377","(Big) Broadhurst Reef (No 1) (18-100a)",4,0.0507462686567164,0.0619898322582332,0.480587117109633,0.313430503163338,0.181770879375846
"28378","(Big) Broadhurst Reef (No 1) (18-100a)",4,0.0805970149253731,0.0619898322582332,0.479959944508881,0.312626834830283,0.186811611683195
"28383","(Big) Broadhurst Reef (No 1) (18-100a)",4,0.0184210526315789,0.046465583528974,0.398453486047792,0.264989216775514,0.133306385339717
"28384","(Big) Broadhurst Reef (No 1) (18-100a)",4,0.0552631578947368,0.046465583528974,0.417314065165962,0.251376241788455,0.137607625434899
"28385","(Big) Broadhurst Reef (No 1) (18-100a)",4,0.0184210526315789,0.0302048935417749,0.303031199339677,0.168001152569923,0.0811938727025902
"28386","(Big) Broadhurst Reef (No 1) (18-100a)",4,0.0184210526315789,0.030867885852855,0.3310366315551,0.177719911219223,0.0887137525678187
"28452","(Big) Broadhurst Reef (No 1) (18-100a)",4,0.034,0.0237785684640118,0.274185025334616,0.147742217863163,0.0625708637196481
"28453","(Big) Broadhurst Reef (No 1) (18-100a)",4,0.03,0.0237785684640118,0.269421579515591,0.146344412985487,0.0633803556051454
"28454","(Big) Broadhurst Reef (No 1) (18-100a)",4,0.02,0.0220649132365234,0.262713773597097,0.132089901958968,0.057058023004289
"28455","(Big) Broadhurst Reef (No 1) (18-100a)",4,0.014,0.0220649132365234,0.253157947399856,0.138068716419784,0.0585534528591621
"28456","(Big) Broadhurst Reef (No 1) (18-100a)",4,0.016,0.0428867199014413,0.406100092357416,0.244493373495318,0.129988369462045
"28457","(Big) Broadhurst Reef (No 1) (18-100a)",4,0.03,0.0428867199014413,0.397199882909383,0.239318664310494,0.12257694672619
"28458","(Big) Broadhurst Reef (No 1) (18-100a)",4,0.11,0.0585429443664371,0.47306815693366,0.3126408270222,0.16233087809469
"28459","(Big) Broadhurst Reef (No 1) (18-100a)",4,0.06,0.0585429443664371,0.482203464447997,0.302749634648268,0.169538201007387
"28742","(Big) Broadhurst Reef (No 1) (18-100a)",4,0.0326086956521739,0.0579968522931051,0.481717149578866,0.299243269178784,0.172119490056487
"28743","(Big) Broadhurst Reef (No 1) (18-100a)",4,0.0423280423280423,0.0471850188972589,0.415578176197675,0.262167388964378,0.136221789607769
"28744","(Big) Broadhurst Reef (No 1) (18-100a)",4,0.0628019323671498,0.0495795814194838,0.404331925008838,0.266006973568594,0.152544674492881
"28750","(Big) Broadhurst Reef (No 1) (18-100a)",4,0.0147058823529412,0.0496267404277464,0.427347978719799,0.269957015145387,0.137714160993981
"28756","(Big) Broadhurst Reef (No 1) (18-100a)",4,0.00546448087431694,0.0579968522931051,0.467198223713055,0.291497364812176,0.16120778850846
"28757","(Big) Broadhurst Reef (No 1) (18-100a)",4,0.0666666666666667,0.0471850188972588,0.453142184990345,0.268194109520621,0.136262965216899
"28758","(Big) Broadhurst Reef (No 1) (18-100a)",4,0.0673076923076923,0.0526901188872776,0.404337895557683,0.275397511846004,0.155913719706032
"28759","(Big) Broadhurst Reef (No 1) (18-100a)",4,0.0666666666666667,0.0495952013292615,0.426678003491684,0.233566618272842,0.149846082256899
"28760","(Big) Broadhurst Reef (No 1) (18-100a)",4,0.0133333333333333,0.0424598312383732,0.392206292424226,0.286980798824176,0.154400295062262
"28767","(Big) Broadhurst Reef (No 1) (18-100a)",4,0,0.057996852293105,0.412904283890408,0.31002257808299,0.161628402195298
"28770","(Big) Broadhurst Reef (No 1) (18-100a)",4,0,0.0471850188972588,0.4181232850564,0.310109337801769,0.152947761821622
"28771","(Big) Broadhurst Reef (No 1) (18-100a)",4,0,0.0526901188872777,0.351117514672096,0.257915280965781,0.148613865368145
"28772","(Big) Broadhurst Reef (No 1) (18-100a)",4,0,0.0495952013292615,0.323112951937696,0.300708649539141,0.132688216099653
"29263","(Big) Broadhurst Reef (No 1) (18-100a)",4,0.0133333333333333,0.0388834879012517,0.391608782760568,0.222436245565517,0.114881374232516
"29264","(Big) Broadhurst Reef (No 1) (18-100a)",4,0.00888888888888889,0.0388834879012517,0.371374494764232,0.234550804435835,0.115482657407387
"29635","(Big) Broadhurst Reef (No 1) (18-100a)",4,0.00666666666666667,0.0435162246085977,0.411462219278379,0.238743949798965,0.130867472084872
"29636","(Big) Broadhurst Reef (No 1) (18-100a)",4,0.00666666666666667,0.0435162246085977,0.406323525845233,0.240626034398883,0.130780663354288
"29637","(Big) Broadhurst Reef (No 1) (18-100a)",4,0.0288888888888889,0.0405540512413511,0.382462797523163,0.228715072080164,0.106187047383281
"29638","(Big) Broadhurst Reef (No 1) (18-100a)",4,0.0333333333333333,0.0405540512413511,0.397146576875553,0.228295037253275,0.122104081912828
"29844","(Big) Broadhurst Reef (No 1) (18-100a)",4,0.0842105263157895,0.042921974452992,0.39235621770099,0.219418182940669,0.127981969408713
"29845","(Big) Broadhurst Reef (No 1) (18-100a)",4,0.0789473684210526,0.042921974452992,0.377061999017413,0.224646118541467,0.124559283697347
"29846","(Big) Broadhurst Reef (No 1) (18-100a)",4,0.184615384615385,0.0453793560448883,0.385027057942211,0.2473090439493,0.132686541724158
"29847","(Big) Broadhurst Reef (No 1) (18-100a)",4,0.0615384615384615,0.0453793560448883,0.389721090288637,0.244906148148562,0.134487652504737
"29881","(Big) Broadhurst Reef (No 1) (18-100a)",4,0.0482758620689655,0.0550296397466052,0.446890318667728,0.285940770303417,0.17131045249329
"29882","(Big) Broadhurst Reef (No 1) (18-100a)",4,0.105747126436782,0.0550296397466052,0.450087206060963,0.291634102440476,0.169897982642184
"29883","(Big) Broadhurst Reef (No 1) (18-100a)",4,0.0413793103448276,0.0525601652647076,0.445648318821437,0.280938954229206,0.167721911689212
"29884","(Big) Broadhurst Reef (No 1) (18-100a)",4,0.0436781609195402,0.0525601652647076,0.443194675029066,0.263033124839392,0.159121458179433
"3749","(Big) Broadhurst Reef (No 1) (18-100a)",4,0,0.0221055041423299,0.272011952003021,0.142080496374143,0.0596591157740303
"3755","(Big) Broadhurst Reef (No 1) (18-100a)",4,0.003125,0.0238327238378432,0.256504355957957,0.142698432179445,0.0646805039104347
"3756","(Big) Broadhurst Reef (No 1) (18-100a)",4,0,0.0274468432325022,0.289597294055692,0.168670334622434,0.0703406387697618
"3757","(Big) Broadhurst Reef (No 1) (18-100a)",4,0.003125,0.0274468432325022,0.292158207956674,0.169269327654518,0.0720274895819461
"3758","(Big) Broadhurst Reef (No 1) (18-100a)",4,0.003125,0.0238327238378432,0.256053044223689,0.146252179370002,0.06181828742675
"3762","(Big) Broadhurst Reef (No 1) (18-100a)",4,0.009375,0.0304996388384855,0.305720960692423,0.18162557234216,0.0855266884725216
"3763","(Big) Broadhurst Reef (No 1) (18-100a)",4,0.00625,0.0238027459738724,0.260835524308616,0.148163044030006,0.0649081027673283
"3764","(Big) Broadhurst Reef (No 1) (18-100a)",4,0,0.0221055041423299,0.272829808884332,0.13526889539021,0.0634170435963048
"7820","(Big) Broadhurst Reef (No 1) (18-100a)",4,0.00378787878787879,0.0193948449548764,0.22143020751745,0.109556415348834,0.0484289652312842
"7821","(Big) Broadhurst Reef (No 1) (18-100a)",4,0,0.0193948449548764,0.236504176563914,0.118244604988642,0.0491801115208272
"7822","(Big) Broadhurst Reef (No 1) (18-100a)",4,0,0.0200224030048327,0.218963833490527,0.120972312734706,0.0465938943407564
"7823","(Big) Broadhurst Reef (No 1) (18-100a)",4,0.00357142857142857,0.0200224030048327,0.229786232062829,0.120112772369355,0.045080363369427
"7827","(Big) Broadhurst Reef (No 1) (18-100a)",4,0.00387596899224806,0.0352333180041407,0.339212323111826,0.208355320193561,0.0996699677975298
"7830","(Big) Broadhurst Reef (No 1) (18-100a)",4,0.00775193798449612,0.0257972754968869,0.256777096622535,0.138260384177616,0.0741016222467955
"10434","(Big) Broadhurst Reef (No 1) (18-100a)",5,0.0178571428571429,0.0325832766228832,0.400094977863692,0.219191205509208,0.10383411876945
"10435","(Big) Broadhurst Reef (No 1) (18-100a)",5,0,0.0325832766228832,0.404613606811135,0.214522415665862,0.095120408524517
"10436","(Big) Broadhurst Reef (No 1) (18-100a)",5,0.0142857142857143,0.0190308178798625,0.263953779173159,0.117552876935263,0.0428902497989148
"10437","(Big) Broadhurst Reef (No 1) (18-100a)",5,0.00714285714285714,0.0190308178798625,0.272968725108509,0.120000650722202,0.0438194730713491
"10442","(Big) Broadhurst Reef (No 1) (18-100a)",5,0.104166666666667,0.0425611149743691,0.475287914253272,0.298580788377547,0.131561898198177
"10443","(Big) Broadhurst Reef (No 1) (18-100a)",5,0.122727272727273,0.0425611149743691,0.47983548153424,0.299327917279188,0.139853437285178
"10444","(Big) Broadhurst Reef (No 1) (18-100a)",5,0.1,0.0460393658622019,0.510079309405133,0.309060625072224,0.141106701622675
"10445","(Big) Broadhurst Reef (No 1) (18-100a)",5,0.0590909090909091,0.0460393658622019,0.489023407073022,0.319732094447449,0.158154773809769
"10596","(Big) Broadhurst Reef (No 1) (18-100a)",5,0.0375,0.0423474631765453,0.496887848559006,0.29528529788917,0.135434335045495
"10597","(Big) Broadhurst Reef (No 1) (18-100a)",5,0.0318181818181818,0.0423474631765454,0.470178465917027,0.298272495726453,0.143121572802778
"11172","(Big) Broadhurst Reef (No 1) (18-100a)",5,0.0857142857142857,0.0446868349842439,0.497139884131623,0.294860842388521,0.146768079480614
"11173","(Big) Broadhurst Reef (No 1) (18-100a)",5,0.0821428571428571,0.0446868349842439,0.494889572240553,0.2835946402986,0.142324282993504
"11191","(Big) Broadhurst Reef (No 1) (18-100a)",5,0.025,0.0432917327528653,0.497006902480059,0.288679768830033,0.134864530077895
"11192","(Big) Broadhurst Reef (No 1) (18-100a)",5,0.0291666666666667,0.0432917327528653,0.490230074153475,0.301641225686896,0.143357565483112
"11193","(Big) Broadhurst Reef (No 1) (18-100a)",5,0.0291666666666667,0.0431431656892362,0.497166195755352,0.28781254135086,0.130637627636136
"11194","(Big) Broadhurst Reef (No 1) (18-100a)",5,0.0125,0.0431431656892362,0.492255303112054,0.296091001108931,0.139017785325232
"13847","(Big) Broadhurst Reef (No 1) (18-100a)",5,0,0.0395980436362261,0.477237898053436,0.280074726498326,0.119152308304627
"13848","(Big) Broadhurst Reef (No 1) (18-100a)",5,0,0.0438800434496251,0.487576846208354,0.300640473279253,0.138272230595043
"26335","(Big) Broadhurst Reef (No 1) (18-100a)",5,0,0.024756262628057,0.306105018937286,0.167814041637445,0.0651425238154921
"26336","(Big) Broadhurst Reef (No 1) (18-100a)",5,0,0.022701561626507,0.327591410105622,0.1536181899665,0.0521826113455405
"26337","(Big) Broadhurst Reef (No 1) (18-100a)",5,0,0.0215868265508913,0.280377719615715,0.135372755804681,0.0597393909151695
"26342","(Big) Broadhurst Reef (No 1) (18-100a)",5,0,0.022701561626507,0.284390461130599,0.141772851703931,0.0558101043751471
"26481","(Big) Broadhurst Reef (No 1) (18-100a)",5,0,0.025840423507079,0.327237385106507,0.169724211480072,0.0672305187005582
"26482","(Big) Broadhurst Reef (No 1) (18-100a)",5,0,0.0274558410451338,0.368105592057401,0.189376014949753,0.0773069711320013
"26483","(Big) Broadhurst Reef (No 1) (18-100a)",5,0,0.0293682109227698,0.380642407917668,0.189507966707595,0.0837979756406438
"26484","(Big) Broadhurst Reef (No 1) (18-100a)",5,0,0.0274995987529736,0.351168302529257,0.186954544120136,0.0755299534696476
"26485","(Big) Broadhurst Reef (No 1) (18-100a)",5,0.00175438596491228,0.0258416635700487,0.344148247520678,0.175559531961464,0.0716483806192062
"26486","(Big) Broadhurst Reef (No 1) (18-100a)",5,0,0.0264672270820867,0.347361334556552,0.181024664182063,0.0691768401936387
"26487","(Big) Broadhurst Reef (No 1) (18-100a)",5,0,0.0201533771246708,0.271028251077916,0.131037233939637,0.0470877740479904
"26488","(Big) Broadhurst Reef (No 1) (18-100a)",5,0,0.0229120321319935,0.316878855099711,0.15397057579807,0.0586130218015826
"26489","(Big) Broadhurst Reef (No 1) (18-100a)",5,0,0.0235603310163301,0.330404182216039,0.157407945914189,0.0606332657557397
"26667","(Big) Broadhurst Reef (No 1) (18-100a)",5,0,0.0192451200414468,0.2563481980674,0.118507218792636,0.0429780905422545
"26668","(Big) Broadhurst Reef (No 1) (18-100a)",5,0,0.0192451200414468,0.28059951032603,0.124299075868513,0.0461710970792212
"26669","(Big) Broadhurst Reef (No 1) (18-100a)",5,0,0.025537310610866,0.351946369373555,0.178958246389049,0.0704074512722841
"26670","(Big) Broadhurst Reef (No 1) (18-100a)",5,0.00170357751277683,0.0253728305357835,0.33605612726748,0.169138342087438,0.063333871194954
"26671","(Big) Broadhurst Reef (No 1) (18-100a)",5,0,0.020895933222578,0.291040675241192,0.12779707847238,0.0497987940604354
"26672","(Big) Broadhurst Reef (No 1) (18-100a)",5,0.00366300366300366,0.0208913749521125,0.286583878932614,0.139940322073814,0.0480528924202715
"26673","(Big) Broadhurst Reef (No 1) (18-100a)",5,0,0.0187838104885746,0.243322079232875,0.114741402266185,0.0448743858267626
"26674","(Big) Broadhurst Reef (No 1) (18-100a)",5,0.00588235294117647,0.0290923264347681,0.361255784743551,0.195787386095515,0.0818689049029034
"26675","(Big) Broadhurst Reef (No 1) (18-100a)",5,0,0.0198948798019605,0.265115698721726,0.128920627187201,0.0439714427604089
"26676","(Big) Broadhurst Reef (No 1) (18-100a)",5,0,0.0247447943676103,0.325072811514006,0.165688959105205,0.0649535782523377
"26677","(Big) Broadhurst Reef (No 1) (18-100a)",5,0,0.0249180707162238,0.322696196479642,0.17024686035165,0.0654748262314988
"26678","(Big) Broadhurst Reef (No 1) (18-100a)",5,0,0.0310351513869095,0.403672225985009,0.211742379085375,0.0916966712543782
"26679","(Big) Broadhurst Reef (No 1) (18-100a)",5,0,0.0278008946012676,0.355514043105676,0.176970046363683,0.0728217678507389
"27479","(Big) Broadhurst Reef (No 1) (18-100a)",5,0.108333333333333,0.0368255522416965,0.446194338187931,0.254643209969611,0.111945243811084
"27480","(Big) Broadhurst Reef (No 1) (18-100a)",5,0.0590909090909091,0.0368255522416965,0.426536683016298,0.274048511711176,0.122115025303073
"27481","(Big) Broadhurst Reef (No 1) (18-100a)",5,0.06,0.036435972921323,0.467657059665381,0.266432837645153,0.117033840958045
"27482","(Big) Broadhurst Reef (No 1) (18-100a)",5,0.105555555555556,0.0368255522416965,0.441880503201864,0.238037122152592,0.12204441485592
"27483","(Big) Broadhurst Reef (No 1) (18-100a)",5,0.162280701754386,0.0368255522416965,0.437184260421742,0.243757857856526,0.110332843006118
"27484","(Big) Broadhurst Reef (No 1) (18-100a)",5,0.025,0.036435972921323,0.463167193369361,0.277022506036191,0.114996268466344
"27600","(Big) Broadhurst Reef (No 1) (18-100a)",5,0.00892857142857143,0.0289398886474114,0.377832924730329,0.201811909464583,0.0828129109546268
"27601","(Big) Broadhurst Reef (No 1) (18-100a)",5,0.0185185185185185,0.0285802442322498,0.358810047235159,0.205964116175089,0.0801833464632683
"27602","(Big) Broadhurst Reef (No 1) (18-100a)",5,0.0245614035087719,0.0265109993934486,0.339513148756169,0.183268558793979,0.0682007920081636
"27603","(Big) Broadhurst Reef (No 1) (18-100a)",5,0.0168539325842697,0.0243795396628259,0.330020448165225,0.160977356057953,0.0580674027622697
"27780","(Big) Broadhurst Reef (No 1) (18-100a)",5,0.158333333333333,0.0322647980604087,0.42129599931961,0.217929392628392,0.0908021220531448
"27781","(Big) Broadhurst Reef (No 1) (18-100a)",5,0.0666666666666667,0.0322647980604087,0.417809728540993,0.229028338501962,0.0925677932328216
"27782","(Big) Broadhurst Reef (No 1) (18-100a)",5,0.138888888888889,0.0322647980604087,0.444979192958534,0.228983768632859,0.132640752814374
"27783","(Big) Broadhurst Reef (No 1) (18-100a)",5,0.00609756097560976,0.0319234671818421,0.373171432139025,0.232227379391334,0.088109555927081
"27784","(Big) Broadhurst Reef (No 1) (18-100a)",5,0,0.042922318097643,0.463372935435542,0.289194517414712,0.141488801352046
"27785","(Big) Broadhurst Reef (No 1) (18-100a)",5,0.0909090909090909,0.0322647980604087,0.406003099032244,0.238596506910548,0.0938043154323495
"27786","(Big) Broadhurst Reef (No 1) (18-100a)",5,0.05,0.0322647980604087,0.378129068577617,0.236435777611808,0.0949405334696276
"27787","(Big) Broadhurst Reef (No 1) (18-100a)",5,0.0892857142857143,0.0322647980604087,0.318392276581824,0.208694672396866,0.109870804577899
"27788","(Big) Broadhurst Reef (No 1) (18-100a)",5,0.0304878048780488,0.0319234671818421,0.385813482296945,0.224582918934033,0.0987676103794486
"27789","(Big) Broadhurst Reef (No 1) (18-100a)",5,0,0.042922318097643,0.470822659573762,0.301972185292996,0.144391043704481
"28329","(Big) Broadhurst Reef (No 1) (18-100a)",5,0.120833333333333,0.0307671165111396,0.403802357535054,0.208181636366934,0.0875889695825776
"28330","(Big) Broadhurst Reef (No 1) (18-100a)",5,0.00454545454545455,0.0307671165111397,0.374129482443775,0.226776971265649,0.0960431499109103
"28331","(Big) Broadhurst Reef (No 1) (18-100a)",5,0.05,0.0253847456517937,0.37191276139117,0.198735984877758,0.0703054258081805
"28332","(Big) Broadhurst Reef (No 1) (18-100a)",5,0.0166666666666667,0.0343317200719614,0.436029061229093,0.23834655037927,0.106165205932943
"28333","(Big) Broadhurst Reef (No 1) (18-100a)",5,0.0784313725490196,0.0307671165111396,0.352786397688471,0.206653051580046,0.0923133519031487
"28334","(Big) Broadhurst Reef (No 1) (18-100a)",5,0.0208333333333333,0.0307671165111396,0.38871703047894,0.209688620725176,0.0885717925142758
"28335","(Big) Broadhurst Reef (No 1) (18-100a)",5,0.0217391304347826,0.0253847456517938,0.364720391707542,0.169279936526613,0.0668636817303122
"28336","(Big) Broadhurst Reef (No 1) (18-100a)",5,0.00555555555555556,0.0343317200719614,0.426412948303713,0.227750271489962,0.107031494407291
"28897","(Big) Broadhurst Reef (No 1) (18-100a)",5,0.0708333333333333,0.0302881996542238,0.40354084538127,0.210525137256579,0.0885207411310039
"28898","(Big) Broadhurst Reef (No 1) (18-100a)",5,0,0.0302881996542238,0.370657852416249,0.219675894914847,0.0875681060409785
"28901","(Big) Broadhurst Reef (No 1) (18-100a)",5,0.075,0.0302881996542238,0.401023902744663,0.209223040087099,0.0918038366423622
"28902","(Big) Broadhurst Reef (No 1) (18-100a)",5,0.0517241379310345,0.0302881996542238,0.379014501711921,0.199689080522607,0.0911343625033072
"28953","(Big) Broadhurst Reef (No 1) (18-100a)",5,0.0708333333333333,0.0301928162905214,0.398903827620467,0.201242992005399,0.0830600148274569
"28956","(Big) Broadhurst Reef (No 1) (18-100a)",5,0.0283018867924528,0.0301928162905214,0.367274914175503,0.205390781296823,0.0920698477300832
"7161","(Big) Broadhurst Reef (No 1) (18-100a)",5,0.0321285140562249,0.0398223296581307,0.483696503853958,0.290050501218274,0.132021042113199
"7162","(Big) Broadhurst Reef (No 1) (18-100a)",5,0.0321428571428571,0.0398223296581307,0.457511085309726,0.268154381687076,0.117874591483241
"7163","(Big) Broadhurst Reef (No 1) (18-100a)",5,0.0313725490196078,0.0381598151101163,0.42754403944089,0.248382923429381,0.127431124096113
"7164","(Big) Broadhurst Reef (No 1) (18-100a)",5,0.0321428571428571,0.0381598151101163,0.453484174656739,0.248196292778217,0.120005449219818
"7165","(Big) Broadhurst Reef (No 1) (18-100a)",5,0.0237154150197628,0.0285770190640076,0.337369403587091,0.184648193211798,0.0858154300749001
"7166","(Big) Broadhurst Reef (No 1) (18-100a)",5,0.00714285714285714,0.0285770190640076,0.379894809828051,0.186029948930936,0.0786696774950501
"7167","(Big) Broadhurst Reef (No 1) (18-100a)",5,0.0337078651685393,0.0304291961594094,0.372634070383995,0.210088423175392,0.0884551106614978
"7168","(Big) Broadhurst Reef (No 1) (18-100a)",5,0.0214285714285714,0.0304291961594093,0.383067457809908,0.197932920776282,0.0832563787489042
"8731","(Big) Broadhurst Reef (No 1) (18-100a)",5,0.00357142857142857,0.0242413229179078,0.317711949356395,0.156122873679036,0.0683011334623505
"8732","(Big) Broadhurst Reef (No 1) (18-100a)",5,0,0.0242413229179078,0.328926010778934,0.157566734594075,0.061326247906655
"8733","(Big) Broadhurst Reef (No 1) (18-100a)",5,0.0571428571428571,0.0266128121501279,0.335833526905509,0.180410653814778,0.0723822670459669
"8734","(Big) Broadhurst Reef (No 1) (18-100a)",5,0.0214285714285714,0.0266128121501279,0.339358248839785,0.18224535224425,0.0716083164644838
"8735","(Big) Broadhurst Reef (No 1) (18-100a)",5,0.0107142857142857,0.0252176953758239,0.3430156335188,0.163857310666259,0.0604377373813966
"8736","(Big) Broadhurst Reef (No 1) (18-100a)",5,0,0.0252176953758239,0.334934394130373,0.156876036300586,0.0695218710798672
"8739","(Big) Broadhurst Reef (No 1) (18-100a)",5,0,0.0249254695711228,0.338178413861655,0.159783932771762,0.0630778622111817
"8740","(Big) Broadhurst Reef (No 1) (18-100a)",5,0,0.0249254695711228,0.342285716076321,0.171602986129355,0.0671090824899102
"8870","(Big) Broadhurst Reef (No 1) (18-100a)",5,0,0.0358953755482176,0.428735658123819,0.253814625953181,0.117646590457133
"8871","(Big) Broadhurst Reef (No 1) (18-100a)",5,0.015625,0.0358953755482176,0.425305045336969,0.257479162641664,0.109949780579629
"8874","(Big) Broadhurst Reef (No 1) (18-100a)",5,0.025,0.0370767460859847,0.421202499921826,0.258807451115838,0.119884283890889
"8875","(Big) Broadhurst Reef (No 1) (18-100a)",5,0.03125,0.0370767460859847,0.425407231847995,0.249525568454448,0.115910261706931
"8876","(Big) Broadhurst Reef (No 1) (18-100a)",5,0.0625,0.0418572087795378,0.455944473910161,0.290913228807098,0.136811566650805
"8877","(Big) Broadhurst Reef (No 1) (18-100a)",5,0.05625,0.0418572087795378,0.468138430537469,0.286525351142302,0.13959878547359
"8878","(Big) Broadhurst Reef (No 1) (18-100a)",5,0.01875,0.0346139565216011,0.411859598810258,0.242338268784683,0.105136314756585
"8879","(Big) Broadhurst Reef (No 1) (18-100a)",5,0.034375,0.0346139565216011,0.417472385194913,0.238772361723891,0.10736675089492
"8880","(Big) Broadhurst Reef (No 1) (18-100a)",5,0.0285714285714286,0.033008638181799,0.410199894502169,0.222824272238991,0.100605072432868
"8881","(Big) Broadhurst Reef (No 1) (18-100a)",5,0.0285714285714286,0.033008638181799,0.408645317382607,0.22064898043555,0.100895780056769
"8989","(Big) Broadhurst Reef (No 1) (18-100a)",5,0.0357142857142857,0.0258501850471438,0.343758918805257,0.173192172805794,0.0705168250720304
"8990","(Big) Broadhurst Reef (No 1) (18-100a)",5,0.0107142857142857,0.0258501850471438,0.344009842490321,0.176111081870878,0.0700742740507247
"8991","(Big) Broadhurst Reef (No 1) (18-100a)",5,0,0.0257509122574256,0.33796502763412,0.180640673839782,0.0680750693260344
"8992","(Big) Broadhurst Reef (No 1) (18-100a)",5,0.00714285714285714,0.0257509122574256,0.331269234131603,0.170548267176741,0.0694693426383957
"8993","(Big) Broadhurst Reef (No 1) (18-100a)",5,0,0.0328833965589165,0.407935580936406,0.219590566256572,0.0919303239355593
